[INFO] Scanning for projects...
[INFO] 
[INFO] ----------------------< com.iwamih31:AccountBook >----------------------
[INFO] Building AccountBook 0.0.1-SNAPSHOT
[INFO] --------------------------------[ jar ]---------------------------------
[INFO] 
[INFO] --- maven-clean-plugin:3.2.0:clean (default-clean) @ AccountBook ---
[INFO] 
[INFO] --- jacoco-maven-plugin:0.8.11:prepare-agent (default) @ AccountBook ---
[INFO] argLine set to -javaagent:/root/.m2/repository/org/jacoco/org.jacoco.agent/0.8.11/org.jacoco.agent-0.8.11-runtime.jar=destfile=/app/target/jacoco.exec
[INFO] 
[INFO] --- maven-resources-plugin:3.2.0:resources (default-resources) @ AccountBook ---
[INFO] Using 'UTF-8' encoding to copy filtered resources.
[INFO] Using 'UTF-8' encoding to copy filtered properties files.
[INFO] Copying 1 resource
[INFO] Copying 28 resources
[INFO] 
[INFO] --- maven-compiler-plugin:3.10.1:compile (default-compile) @ AccountBook ---
[INFO] Changes detected - recompiling the module!
[INFO] Compiling 21 source files to /app/target/classes
[INFO] 
[INFO] --- build-helper-maven-plugin:3.3.0:add-test-source (add-kex-test-source) @ AccountBook ---
[INFO] Test Source directory: /app/src/test/java/kex-tests added.
[INFO] 
[INFO] --- maven-resources-plugin:3.2.0:testResources (default-testResources) @ AccountBook ---
[INFO] Using 'UTF-8' encoding to copy filtered resources.
[INFO] Using 'UTF-8' encoding to copy filtered properties files.
[INFO] skip non existing resourceDirectory /app/src/test/resources
[INFO] 
[INFO] --- maven-compiler-plugin:3.10.1:testCompile (default-testCompile) @ AccountBook ---
[INFO] Changes detected - recompiling the module!
[INFO] Compiling 311 source files to /app/target/test-classes
[WARNING] /app/src/test/java/kex-tests/tests/com/iwamih31/ReflectionUtils.java:[9,16] sun.misc.Unsafe is internal proprietary API and may be removed in a future release
[WARNING] /app/src/test/java/kex-tests/tests/com/iwamih31/ReflectionUtils.java:[9,16] sun.misc.Unsafe is internal proprietary API and may be removed in a future release
[WARNING] /app/src/test/java/kex-tests/tests/com/iwamih31/ReflectionUtils.java:[9,16] sun.misc.Unsafe is internal proprietary API and may be removed in a future release
[WARNING] /app/src/test/java/kex-tests/tests/com/iwamih31/ReflectionUtils.java:[9,16] sun.misc.Unsafe is internal proprietary API and may be removed in a future release
[WARNING] /app/src/test/java/kex-tests/tests/com/iwamih31/ReflectionUtils.java:[9,16] sun.misc.Unsafe is internal proprietary API and may be removed in a future release
[WARNING] /app/src/test/java/kex-tests/tests/com/iwamih31/ReflectionUtils.java:[13,25] sun.misc.Unsafe is internal proprietary API and may be removed in a future release
[WARNING] /app/src/test/java/kex-tests/tests/com/iwamih31/ReflectionUtils.java:[13,25] sun.misc.Unsafe is internal proprietary API and may be removed in a future release
[WARNING] /app/src/test/java/kex-tests/tests/com/iwamih31/ReflectionUtils.java:[13,25] sun.misc.Unsafe is internal proprietary API and may be removed in a future release
[WARNING] /app/src/test/java/kex-tests/tests/com/iwamih31/ReflectionUtils.java:[13,25] sun.misc.Unsafe is internal proprietary API and may be removed in a future release
[WARNING] /app/src/test/java/kex-tests/tests/com/iwamih31/ReflectionUtils.java:[13,25] sun.misc.Unsafe is internal proprietary API and may be removed in a future release
[WARNING] /app/src/test/java/kex-tests/tests/com/iwamih31/ReflectionUtils.java:[17,31] sun.misc.Unsafe is internal proprietary API and may be removed in a future release
[WARNING] /app/src/test/java/kex-tests/tests/com/iwamih31/ReflectionUtils.java:[19,23] sun.misc.Unsafe is internal proprietary API and may be removed in a future release
[INFO] /app/src/test/java/kex-tests/tests/com/iwamih31/OptionData_times_104552665918.java: Some input files use or override a deprecated API.
[INFO] /app/src/test/java/kex-tests/tests/com/iwamih31/OptionData_times_104552665918.java: Recompile with -Xlint:deprecation for details.
[INFO] 
[INFO] --- maven-surefire-plugin:2.22.2:test (default-test) @ AccountBook ---
[INFO] 
[INFO] -------------------------------------------------------
[INFO]  T E S T S
[INFO] -------------------------------------------------------
05:24:27.606 [main] INFO org.evosuite.runtime.agent.AgentLoader - dynamically loading javaagent
05:24:27.618 [main] INFO org.evosuite.runtime.agent.AgentLoader - Using JavaAgent in /root/.m2/repository/org/evosuite/evosuite-standalone-runtime/1.1.0/evosuite-standalone-runtime-1.1.0.jar
05:24:27.625 [main] INFO org.evosuite.runtime.agent.AgentLoader - Classpath: /app/target/test-classes:/app/target/classes:/root/.m2/repository/junit/junit/4.13.2/junit-4.13.2.jar:/root/.m2/repository/org/hamcrest/hamcrest-core/2.2/hamcrest-core-2.2.jar:/root/.m2/repository/org/junit/vintage/junit-vintage-engine/5.10.0/junit-vintage-engine-5.10.0.jar:/root/.m2/repository/org/junit/platform/junit-platform-engine/1.8.2/junit-platform-engine-1.8.2.jar:/root/.m2/repository/org/opentest4j/opentest4j/1.2.0/opentest4j-1.2.0.jar:/root/.m2/repository/org/junit/platform/junit-platform-commons/1.8.2/junit-platform-commons-1.8.2.jar:/root/.m2/repository/org/apiguardian/apiguardian-api/1.1.2/apiguardian-api-1.1.2.jar:/root/.m2/repository/org/evosuite/evosuite-standalone-runtime/1.1.0/evosuite-standalone-runtime-1.1.0.jar:/root/.m2/repository/org/springframework/boot/spring-boot-starter-data-jpa/2.7.10/spring-boot-starter-data-jpa-2.7.10.jar:/root/.m2/repository/org/springframework/boot/spring-boot-starter-aop/2.7.10/spring-boot-starter-aop-2.7.10.jar:/root/.m2/repository/org/springframework/spring-aop/5.3.26/spring-aop-5.3.26.jar:/root/.m2/repository/org/aspectj/aspectjweaver/1.9.7/aspectjweaver-1.9.7.jar:/root/.m2/repository/jakarta/transaction/jakarta.transaction-api/1.3.3/jakarta.transaction-api-1.3.3.jar:/root/.m2/repository/jakarta/persistence/jakarta.persistence-api/2.2.3/jakarta.persistence-api-2.2.3.jar:/root/.m2/repository/org/hibernate/hibernate-core/5.6.15.Final/hibernate-core-5.6.15.Final.jar:/root/.m2/repository/org/jboss/logging/jboss-logging/3.4.3.Final/jboss-logging-3.4.3.Final.jar:/root/.m2/repository/net/bytebuddy/byte-buddy/1.12.23/byte-buddy-1.12.23.jar:/root/.m2/repository/antlr/antlr/2.7.7/antlr-2.7.7.jar:/root/.m2/repository/org/jboss/jandex/2.4.2.Final/jandex-2.4.2.Final.jar:/root/.m2/repository/com/fasterxml/classmate/1.5.1/classmate-1.5.1.jar:/root/.m2/repository/org/hibernate/common/hibernate-commons-annotations/5.1.2.Final/hibernate-commons-annotations-5.1.2.Final.jar:/root/.m2/repository/org/glassfish/jaxb/jaxb-runtime/2.3.8/jaxb-runtime-2.3.8.jar:/root/.m2/repository/org/glassfish/jaxb/txw2/2.3.8/txw2-2.3.8.jar:/root/.m2/repository/com/sun/istack/istack-commons-runtime/3.0.12/istack-commons-runtime-3.0.12.jar:/root/.m2/repository/com/sun/activation/jakarta.activation/1.2.2/jakarta.activation-1.2.2.jar:/root/.m2/repository/org/springframework/data/spring-data-jpa/2.7.10/spring-data-jpa-2.7.10.jar:/root/.m2/repository/org/springframework/data/spring-data-commons/2.7.10/spring-data-commons-2.7.10.jar:/root/.m2/repository/org/springframework/spring-orm/5.3.26/spring-orm-5.3.26.jar:/root/.m2/repository/org/springframework/spring-context/5.3.26/spring-context-5.3.26.jar:/root/.m2/repository/org/springframework/spring-tx/5.3.26/spring-tx-5.3.26.jar:/root/.m2/repository/org/springframework/spring-beans/5.3.26/spring-beans-5.3.26.jar:/root/.m2/repository/org/slf4j/slf4j-api/1.7.36/slf4j-api-1.7.36.jar:/root/.m2/repository/org/springframework/spring-aspects/5.3.26/spring-aspects-5.3.26.jar:/root/.m2/repository/org/springframework/boot/spring-boot-starter-jdbc/2.7.10/spring-boot-starter-jdbc-2.7.10.jar:/root/.m2/repository/org/springframework/boot/spring-boot-starter/2.7.10/spring-boot-starter-2.7.10.jar:/root/.m2/repository/org/springframework/boot/spring-boot-starter-logging/2.7.10/spring-boot-starter-logging-2.7.10.jar:/root/.m2/repository/ch/qos/logback/logback-classic/1.2.11/logback-classic-1.2.11.jar:/root/.m2/repository/ch/qos/logback/logback-core/1.2.11/logback-core-1.2.11.jar:/root/.m2/repository/org/apache/logging/log4j/log4j-to-slf4j/2.17.2/log4j-to-slf4j-2.17.2.jar:/root/.m2/repository/org/slf4j/jul-to-slf4j/1.7.36/jul-to-slf4j-1.7.36.jar:/root/.m2/repository/jakarta/annotation/jakarta.annotation-api/1.3.5/jakarta.annotation-api-1.3.5.jar:/root/.m2/repository/org/yaml/snakeyaml/1.30/snakeyaml-1.30.jar:/root/.m2/repository/com/zaxxer/HikariCP/4.0.3/HikariCP-4.0.3.jar:/root/.m2/repository/org/springframework/spring-jdbc/5.3.26/spring-jdbc-5.3.26.jar:/root/.m2/repository/org/springframework/boot/spring-boot-starter-thymeleaf/2.7.10/spring-boot-starter-thymeleaf-2.7.10.jar:/root/.m2/repository/org/thymeleaf/thymeleaf-spring5/3.0.15.RELEASE/thymeleaf-spring5-3.0.15.RELEASE.jar:/root/.m2/repository/org/thymeleaf/thymeleaf/3.0.15.RELEASE/thymeleaf-3.0.15.RELEASE.jar:/root/.m2/repository/org/attoparser/attoparser/2.0.5.RELEASE/attoparser-2.0.5.RELEASE.jar:/root/.m2/repository/org/unbescape/unbescape/1.1.6.RELEASE/unbescape-1.1.6.RELEASE.jar:/root/.m2/repository/org/thymeleaf/extras/thymeleaf-extras-java8time/3.0.4.RELEASE/thymeleaf-extras-java8time-3.0.4.RELEASE.jar:/root/.m2/repository/org/springframework/boot/spring-boot-starter-web/2.7.10/spring-boot-starter-web-2.7.10.jar:/root/.m2/repository/org/springframework/boot/spring-boot-starter-json/2.7.10/spring-boot-starter-json-2.7.10.jar:/root/.m2/repository/com/fasterxml/jackson/core/jackson-databind/2.13.5/jackson-databind-2.13.5.jar:/root/.m2/repository/com/fasterxml/jackson/core/jackson-annotations/2.13.5/jackson-annotations-2.13.5.jar:/root/.m2/repository/com/fasterxml/jackson/core/jackson-core/2.13.5/jackson-core-2.13.5.jar:/root/.m2/repository/com/fasterxml/jackson/datatype/jackson-datatype-jdk8/2.13.5/jackson-datatype-jdk8-2.13.5.jar:/root/.m2/repository/com/fasterxml/jackson/datatype/jackson-datatype-jsr310/2.13.5/jackson-datatype-jsr310-2.13.5.jar:/root/.m2/repository/com/fasterxml/jackson/module/jackson-module-parameter-names/2.13.5/jackson-module-parameter-names-2.13.5.jar:/root/.m2/repository/org/springframework/boot/spring-boot-starter-tomcat/2.7.10/spring-boot-starter-tomcat-2.7.10.jar:/root/.m2/repository/org/apache/tomcat/embed/tomcat-embed-core/9.0.73/tomcat-embed-core-9.0.73.jar:/root/.m2/repository/org/apache/tomcat/embed/tomcat-embed-el/9.0.73/tomcat-embed-el-9.0.73.jar:/root/.m2/repository/org/apache/tomcat/embed/tomcat-embed-websocket/9.0.73/tomcat-embed-websocket-9.0.73.jar:/root/.m2/repository/org/springframework/spring-web/5.3.26/spring-web-5.3.26.jar:/root/.m2/repository/org/springframework/spring-webmvc/5.3.26/spring-webmvc-5.3.26.jar:/root/.m2/repository/org/springframework/spring-expression/5.3.26/spring-expression-5.3.26.jar:/root/.m2/repository/org/springframework/boot/spring-boot-devtools/2.7.10/spring-boot-devtools-2.7.10.jar:/root/.m2/repository/org/springframework/boot/spring-boot/2.7.10/spring-boot-2.7.10.jar:/root/.m2/repository/org/springframework/boot/spring-boot-autoconfigure/2.7.10/spring-boot-autoconfigure-2.7.10.jar:/root/.m2/repository/com/h2database/h2/2.1.214/h2-2.1.214.jar:/root/.m2/repository/org/projectlombok/lombok/1.18.26/lombok-1.18.26.jar:/root/.m2/repository/org/springframework/boot/spring-boot-starter-test/2.7.10/spring-boot-starter-test-2.7.10.jar:/root/.m2/repository/org/springframework/boot/spring-boot-test/2.7.10/spring-boot-test-2.7.10.jar:/root/.m2/repository/org/springframework/boot/spring-boot-test-autoconfigure/2.7.10/spring-boot-test-autoconfigure-2.7.10.jar:/root/.m2/repository/com/jayway/jsonpath/json-path/2.7.0/json-path-2.7.0.jar:/root/.m2/repository/net/minidev/json-smart/2.4.10/json-smart-2.4.10.jar:/root/.m2/repository/net/minidev/accessors-smart/2.4.9/accessors-smart-2.4.9.jar:/root/.m2/repository/org/ow2/asm/asm/9.3/asm-9.3.jar:/root/.m2/repository/jakarta/xml/bind/jakarta.xml.bind-api/2.3.3/jakarta.xml.bind-api-2.3.3.jar:/root/.m2/repository/jakarta/activation/jakarta.activation-api/1.2.2/jakarta.activation-api-1.2.2.jar:/root/.m2/repository/org/assertj/assertj-core/3.22.0/assertj-core-3.22.0.jar:/root/.m2/repository/org/hamcrest/hamcrest/2.2/hamcrest-2.2.jar:/root/.m2/repository/org/junit/jupiter/junit-jupiter/5.8.2/junit-jupiter-5.8.2.jar:/root/.m2/repository/org/junit/jupiter/junit-jupiter-api/5.8.2/junit-jupiter-api-5.8.2.jar:/root/.m2/repository/org/junit/jupiter/junit-jupiter-params/5.8.2/junit-jupiter-params-5.8.2.jar:/root/.m2/repository/org/junit/jupiter/junit-jupiter-engine/5.8.2/junit-jupiter-engine-5.8.2.jar:/root/.m2/repository/org/mockito/mockito-core/4.5.1/mockito-core-4.5.1.jar:/root/.m2/repository/net/bytebuddy/byte-buddy-agent/1.12.23/byte-buddy-agent-1.12.23.jar:/root/.m2/repository/org/objenesis/objenesis/3.2/objenesis-3.2.jar:/root/.m2/repository/org/mockito/mockito-junit-jupiter/4.5.1/mockito-junit-jupiter-4.5.1.jar:/root/.m2/repository/org/skyscreamer/jsonassert/1.5.1/jsonassert-1.5.1.jar:/root/.m2/repository/com/vaadin/external/google/android-json/0.0.20131108.vaadin1/android-json-0.0.20131108.vaadin1.jar:/root/.m2/repository/org/springframework/spring-core/5.3.26/spring-core-5.3.26.jar:/root/.m2/repository/org/springframework/spring-jcl/5.3.26/spring-jcl-5.3.26.jar:/root/.m2/repository/org/springframework/spring-test/5.3.26/spring-test-5.3.26.jar:/root/.m2/repository/org/xmlunit/xmlunit-core/2.9.1/xmlunit-core-2.9.1.jar:/root/.m2/repository/org/springframework/boot/spring-boot-starter-actuator/2.7.10/spring-boot-starter-actuator-2.7.10.jar:/root/.m2/repository/org/springframework/boot/spring-boot-actuator-autoconfigure/2.7.10/spring-boot-actuator-autoconfigure-2.7.10.jar:/root/.m2/repository/org/springframework/boot/spring-boot-actuator/2.7.10/spring-boot-actuator-2.7.10.jar:/root/.m2/repository/io/micrometer/micrometer-core/1.9.9/micrometer-core-1.9.9.jar:/root/.m2/repository/org/hdrhistogram/HdrHistogram/2.1.12/HdrHistogram-2.1.12.jar:/root/.m2/repository/org/latencyutils/LatencyUtils/2.0.3/LatencyUtils-2.0.3.jar:/root/.m2/repository/org/apache/poi/poi-ooxml/5.2.3/poi-ooxml-5.2.3.jar:/root/.m2/repository/org/apache/poi/poi/5.2.3/poi-5.2.3.jar:/root/.m2/repository/commons-codec/commons-codec/1.15/commons-codec-1.15.jar:/root/.m2/repository/org/apache/commons/commons-math3/3.6.1/commons-math3-3.6.1.jar:/root/.m2/repository/com/zaxxer/SparseBitSet/1.2/SparseBitSet-1.2.jar:/root/.m2/repository/org/apache/poi/poi-ooxml-lite/5.2.3/poi-ooxml-lite-5.2.3.jar:/root/.m2/repository/org/apache/xmlbeans/xmlbeans/5.1.1/xmlbeans-5.1.1.jar:/root/.m2/repository/org/apache/commons/commons-compress/1.21/commons-compress-1.21.jar:/root/.m2/repository/commons-io/commons-io/2.11.0/commons-io-2.11.0.jar:/root/.m2/repository/com/github/virtuald/curvesapi/1.07/curvesapi-1.07.jar:/root/.m2/repository/org/apache/logging/log4j/log4j-api/2.17.2/log4j-api-2.17.2.jar:/root/.m2/repository/org/apache/commons/commons-collections4/4.4/commons-collections4-4.4.jar:
05:24:27.625 [main] INFO org.evosuite.runtime.agent.AgentLoader - Going to attach agent to process 78
05:24:27.861 [Attach Listener] INFO org.evosuite.runtime.agent.InstrumentingAgent - Executing agentmain of JavaAgent
05:24:28.085 [main] DEBUG org.evosuite.runtime.agent.TransformerForTests - Going to instrument: org.apache.poi.ss.usermodel.CellStyle
05:24:28.163 [main] DEBUG org.evosuite.runtime.agent.TransformerForTests - Going to instrument: org.apache.poi.ss.usermodel.Workbook
05:24:28.271 [main] DEBUG org.evosuite.runtime.agent.TransformerForTests - Going to instrument: org.springframework.web.servlet.mvc.support.RedirectAttributes
05:24:28.274 [main] DEBUG org.evosuite.runtime.agent.TransformerForTests - Going to instrument: org.springframework.ui.Model
[INFO] Running com.iwamih31.AccountBookController_init_6390764580
[INFO] Tests run: 1, Failures: 0, Errors: 0, Skipped: 0, Time elapsed: 0.022 s - in com.iwamih31.AccountBookController_init_6390764580
[INFO] Running com.iwamih31.MonthlyWorkSheet_setColumnWidth_2436410799
[INFO] Tests run: 1, Failures: 0, Errors: 0, Skipped: 0, Time elapsed: 0 s - in com.iwamih31.MonthlyWorkSheet_setColumnWidth_2436410799
[INFO] Running com.iwamih31.Action_init_207548202735
[INFO] Tests run: 1, Failures: 0, Errors: 0, Skipped: 0, Time elapsed: 0.001 s - in com.iwamih31.Action_init_207548202735
[INFO] Running com.iwamih31.Cash_setJyuu1_9190955419
[INFO] Tests run: 1, Failures: 0, Errors: 0, Skipped: 0, Time elapsed: 0 s - in com.iwamih31.Cash_setJyuu1_9190955419
[INFO] Running com.iwamih31.Set_getName_4909691658
[INFO] Tests run: 1, Failures: 0, Errors: 0, Skipped: 0, Time elapsed: 0.001 s - in com.iwamih31.Set_getName_4909691658
[INFO] Running com.iwamih31.Cash_init_190638226655
[INFO] Tests run: 1, Failures: 0, Errors: 0, Skipped: 0, Time elapsed: 0 s - in com.iwamih31.Cash_init_190638226655
[INFO] Running com.iwamih31.WorkSheet_init_58748610513
[INFO] Tests run: 1, Failures: 0, Errors: 0, Skipped: 0, Time elapsed: 0 s - in com.iwamih31.WorkSheet_init_58748610513
[INFO] Running com.iwamih31.OptionData_init_7079557160
[INFO] Tests run: 1, Failures: 0, Errors: 0, Skipped: 0, Time elapsed: 0.025 s - in com.iwamih31.OptionData_init_7079557160
[INFO] Running com.iwamih31.AccountBookService_init_10683700761
[INFO] Tests run: 1, Failures: 0, Errors: 0, Skipped: 0, Time elapsed: 0 s - in com.iwamih31.AccountBookService_init_10683700761
[INFO] Running com.iwamih31.State_setName_47227477416
[INFO] Tests run: 1, Failures: 0, Errors: 0, Skipped: 0, Time elapsed: 0 s - in com.iwamih31.State_setName_47227477416
[INFO] Running com.iwamih31.Cash_setHyaku5_48128408544
[INFO] Tests run: 1, Failures: 0, Errors: 0, Skipped: 0, Time elapsed: 0 s - in com.iwamih31.Cash_setHyaku5_48128408544
[INFO] Running com.iwamih31.Cash_getEn5_10588033949
[INFO] Tests run: 1, Failures: 0, Errors: 0, Skipped: 0, Time elapsed: 0 s - in com.iwamih31.Cash_getEn5_10588033949
[INFO] Running com.iwamih31.Action_getId_17200244420
[INFO] Tests run: 1, Failures: 0, Errors: 0, Skipped: 0, Time elapsed: 0 s - in com.iwamih31.Action_getId_17200244420
[INFO] Running com.iwamih31.Office_hashCode_207640279620
[INFO] Tests run: 1, Failures: 0, Errors: 0, Skipped: 0, Time elapsed: 0 s - in com.iwamih31.Office_hashCode_207640279620
[INFO] Running com.iwamih31.Office_equals_16277161216
[INFO] Tests run: 1, Failures: 0, Errors: 0, Skipped: 0, Time elapsed: 0 s - in com.iwamih31.Office_equals_16277161216
[INFO] Running com.iwamih31.Cash_getId_9690834910
[INFO] Tests run: 1, Failures: 0, Errors: 0, Skipped: 0, Time elapsed: 0 s - in com.iwamih31.Cash_getId_9690834910
[INFO] Running com.iwamih31.MainController_init_9758648650
[INFO] Tests run: 1, Failures: 0, Errors: 0, Skipped: 0, Time elapsed: 0 s - in com.iwamih31.MainController_init_9758648650
[INFO] Running com.iwamih31.Cash_getSen5_10362192531
[INFO] Tests run: 1, Failures: 0, Errors: 0, Skipped: 0, Time elapsed: 0 s - in com.iwamih31.Cash_getSen5_10362192531
[INFO] Running com.iwamih31.DailyWorkSheet_getColumnWidth_4090284618
[INFO] Tests run: 1, Failures: 0, Errors: 0, Skipped: 0, Time elapsed: 0.001 s - in com.iwamih31.DailyWorkSheet_getColumnWidth_4090284618
[INFO] Running com.iwamih31.Action_setDate_2541604817
[INFO] Tests run: 1, Failures: 0, Errors: 0, Skipped: 0, Time elapsed: 0 s - in com.iwamih31.Action_setDate_2541604817
[INFO] Running com.iwamih31.State_getId_4905284290
[INFO] Tests run: 1, Failures: 0, Errors: 0, Skipped: 0, Time elapsed: 0 s - in com.iwamih31.State_getId_4905284290
[INFO] Running com.iwamih31.Office_setId_19405410223
[INFO] Tests run: 1, Failures: 0, Errors: 0, Skipped: 0, Time elapsed: 0 s - in com.iwamih31.Office_setId_19405410223
[INFO] Running com.iwamih31.Cash_getHyaku5_6460994855
[INFO] Tests run: 1, Failures: 0, Errors: 0, Skipped: 0, Time elapsed: 0 s - in com.iwamih31.Cash_getHyaku5_6460994855
[INFO] Running com.iwamih31.Cash_getJyuu1_98991104836
[INFO] Tests run: 1, Failures: 0, Errors: 0, Skipped: 0, Time elapsed: 0 s - in com.iwamih31.Cash_getJyuu1_98991104836
[INFO] Running com.iwamih31.Action_getDate_14704574971
[INFO] Tests run: 1, Failures: 0, Errors: 0, Skipped: 0, Time elapsed: 0 s - in com.iwamih31.Action_getDate_14704574971
[INFO] Running com.iwamih31.Office_getId_133312043612
[INFO] Tests run: 1, Failures: 0, Errors: 0, Skipped: 0, Time elapsed: 0 s - in com.iwamih31.Office_getId_133312043612
[INFO] Running com.iwamih31.Cash_equals_36504724850
[INFO] Tests run: 1, Failures: 0, Errors: 0, Skipped: 0, Time elapsed: 0 s - in com.iwamih31.Cash_equals_36504724850
[INFO] Running com.iwamih31.MonthlyWorkSheet_fonts_497763102
[INFO] Tests run: 1, Failures: 0, Errors: 0, Skipped: 0, Time elapsed: 0 s - in com.iwamih31.MonthlyWorkSheet_fonts_497763102
[INFO] Running com.iwamih31.Office_hashCode_20764027968
[INFO] Tests run: 1, Failures: 0, Errors: 0, Skipped: 0, Time elapsed: 0 s - in com.iwamih31.Office_hashCode_20764027968
[INFO] Running com.iwamih31.DailyWorkSheet_fonts_10521366382
[INFO] Tests run: 1, Failures: 0, Errors: 0, Skipped: 0, Time elapsed: 0 s - in com.iwamih31.DailyWorkSheet_fonts_10521366382
[INFO] Running com.iwamih31.Set_setName_20841215632
[INFO] Tests run: 1, Failures: 0, Errors: 0, Skipped: 0, Time elapsed: 0 s - in com.iwamih31.Set_setName_20841215632
[INFO] Running com.iwamih31.Set_getValue_10955940783
[INFO] Tests run: 1, Failures: 0, Errors: 0, Skipped: 0, Time elapsed: 0 s - in com.iwamih31.Set_getValue_10955940783
[INFO] Running com.iwamih31.AccountBookApplication_init_3037080010
[INFO] Tests run: 1, Failures: 0, Errors: 0, Skipped: 0, Time elapsed: 0 s - in com.iwamih31.AccountBookApplication_init_3037080010
[INFO] Running com.iwamih31.AccountBookApplication_ESTest
05:24:28.814 [main] DEBUG org.evosuite.runtime.sandbox.MSecurityManager - Adding privileged thread: "Reference Handler"
05:24:28.814 [main] DEBUG org.evosuite.runtime.sandbox.MSecurityManager - Adding privileged thread: "Finalizer"
05:24:28.815 [main] DEBUG org.evosuite.runtime.sandbox.MSecurityManager - Adding privileged thread: "Signal Dispatcher"
05:24:28.815 [main] DEBUG org.evosuite.runtime.sandbox.MSecurityManager - Adding privileged thread: "process reaper"
05:24:28.815 [main] DEBUG org.evosuite.runtime.sandbox.MSecurityManager - Adding privileged thread: "Attach Listener"
05:24:28.815 [main] DEBUG org.evosuite.runtime.sandbox.MSecurityManager - Adding privileged thread: "Java2D Disposer"
05:24:28.815 [main] DEBUG org.evosuite.runtime.sandbox.MSecurityManager - Adding privileged thread: "main"
05:24:28.815 [main] DEBUG org.evosuite.runtime.sandbox.MSecurityManager - Adding privileged thread: "surefire-forkedjvm-command-thread"
05:24:28.815 [main] DEBUG org.evosuite.runtime.sandbox.MSecurityManager - Adding privileged thread: "surefire-forkedjvm-ping-30s"
05:24:28.815 [main] DEBUG org.evosuite.runtime.sandbox.MSecurityManager - Adding privileged thread: "Common-Cleaner"
05:24:28.826 [main] DEBUG org.evosuite.runtime.agent.TransformerForTests - Going to instrument: org.springframework.util.ReflectionUtils$FieldFilter
05:24:28.830 [main] DEBUG org.evosuite.runtime.agent.TransformerForTests - Going to instrument: org.springframework.boot.devtools.restart.Restarter$LeakSafeThread
05:24:28.831 [main] INFO org.evosuite.runtime.instrumentation.MethodCallReplacementClassAdapter - Adding mock interface to class org/springframework/boot/devtools/restart/Restarter$LeakSafeThread
05:24:28.836 [main] INFO org.evosuite.runtime.instrumentation.CreateClassResetClassAdapter - Creating brand-new static initializer in class org/springframework/boot/devtools/restart/Restarter$LeakSafeThread
05:24:28.839 [main] DEBUG org.evosuite.runtime.agent.TransformerForTests - Going to instrument: org.springframework.aop.support.AopUtils
05:24:28.841 [main] INFO org.evosuite.runtime.instrumentation.MethodCallReplacementClassAdapter - Adding mock interface to class org/springframework/aop/support/AopUtils
05:24:28.850 [main] INFO org.evosuite.runtime.instrumentation.CreateClassResetClassAdapter - Creating brand-new static initializer in class org/springframework/aop/support/AopUtils
05:24:28.851 [main] DEBUG org.evosuite.runtime.agent.TransformerForTests - Going to instrument: org.springframework.aop.AopInvocationException
05:24:28.851 [main] INFO org.evosuite.runtime.instrumentation.MethodCallReplacementClassAdapter - Adding mock interface to class org/springframework/aop/AopInvocationException
05:24:28.852 [main] INFO org.evosuite.runtime.instrumentation.CreateClassResetClassAdapter - Creating brand-new static initializer in class org/springframework/aop/AopInvocationException
05:24:28.853 [main] DEBUG org.evosuite.runtime.agent.TransformerForTests - Going to instrument: org.springframework.core.NestedRuntimeException
05:24:28.853 [main] INFO org.evosuite.runtime.instrumentation.MethodCallReplacementClassAdapter - Adding mock interface to class org/springframework/core/NestedRuntimeException
05:24:28.856 [main] INFO org.evosuite.runtime.instrumentation.CreateClassResetClassAdapter - Found static initializer in class org/springframework/core/NestedRuntimeException
05:24:28.858 [main] DEBUG org.evosuite.runtime.agent.TransformerForTests - Going to instrument: org.springframework.boot.context.event.ApplicationReadyEvent
05:24:28.859 [main] INFO org.evosuite.runtime.instrumentation.MethodCallReplacementClassAdapter - Adding mock interface to class org/springframework/boot/context/event/ApplicationReadyEvent
05:24:28.860 [main] INFO org.evosuite.runtime.instrumentation.CreateClassResetClassAdapter - Creating brand-new static initializer in class org/springframework/boot/context/event/ApplicationReadyEvent
05:24:28.860 [main] DEBUG org.evosuite.runtime.agent.TransformerForTests - Going to instrument: org.springframework.boot.context.event.SpringApplicationEvent
05:24:28.860 [main] INFO org.evosuite.runtime.instrumentation.MethodCallReplacementClassAdapter - Adding mock interface to class org/springframework/boot/context/event/SpringApplicationEvent
05:24:28.861 [main] INFO org.evosuite.runtime.instrumentation.CreateClassResetClassAdapter - Creating brand-new static initializer in class org/springframework/boot/context/event/SpringApplicationEvent
05:24:28.862 [main] DEBUG org.evosuite.runtime.agent.TransformerForTests - Going to instrument: org.springframework.context.ApplicationEvent
05:24:28.862 [main] INFO org.evosuite.runtime.instrumentation.MethodCallReplacementClassAdapter - Adding mock interface to class org/springframework/context/ApplicationEvent
05:24:28.863 [main] INFO org.evosuite.runtime.instrumentation.CreateClassResetClassAdapter - Creating brand-new static initializer in class org/springframework/context/ApplicationEvent
05:24:28.864 [main] DEBUG org.evosuite.runtime.agent.TransformerForTests - Going to instrument: org.springframework.cglib.core.ClassNameReader$EarlyExitException
05:24:28.864 [main] INFO org.evosuite.runtime.instrumentation.MethodCallReplacementClassAdapter - Adding mock interface to class org/springframework/cglib/core/ClassNameReader$EarlyExitException
05:24:28.869 [main] INFO org.evosuite.runtime.instrumentation.CreateClassResetClassAdapter - Creating brand-new static initializer in class org/springframework/cglib/core/ClassNameReader$EarlyExitException
05:24:28.870 [main] DEBUG org.evosuite.runtime.agent.TransformerForTests - Going to instrument: org.springframework.boot.SpringApplicationShutdownHook$ApplicationContextClosedListener
05:24:28.870 [main] INFO org.evosuite.runtime.instrumentation.MethodCallReplacementClassAdapter - Adding mock interface to class org/springframework/boot/SpringApplicationShutdownHook$ApplicationContextClosedListener
05:24:28.871 [main] INFO org.evosuite.runtime.instrumentation.CreateClassResetClassAdapter - Creating brand-new static initializer in class org/springframework/boot/SpringApplicationShutdownHook$ApplicationContextClosedListener
05:24:28.872 [main] DEBUG org.evosuite.runtime.agent.TransformerForTests - Going to instrument: org.springframework.context.ApplicationListener
05:24:28.874 [main] DEBUG org.evosuite.runtime.agent.TransformerForTests - Going to instrument: org.springframework.context.ApplicationContextException
05:24:28.875 [main] INFO org.evosuite.runtime.instrumentation.MethodCallReplacementClassAdapter - Adding mock interface to class org/springframework/context/ApplicationContextException
05:24:28.875 [main] INFO org.evosuite.runtime.instrumentation.CreateClassResetClassAdapter - Creating brand-new static initializer in class org/springframework/context/ApplicationContextException
05:24:28.876 [main] DEBUG org.evosuite.runtime.agent.TransformerForTests - Going to instrument: org.springframework.beans.FatalBeanException
05:24:28.877 [main] INFO org.evosuite.runtime.instrumentation.MethodCallReplacementClassAdapter - Adding mock interface to class org/springframework/beans/FatalBeanException
05:24:28.877 [main] INFO org.evosuite.runtime.instrumentation.CreateClassResetClassAdapter - Creating brand-new static initializer in class org/springframework/beans/FatalBeanException
05:24:28.878 [main] DEBUG org.evosuite.runtime.agent.TransformerForTests - Going to instrument: org.springframework.beans.BeansException
05:24:28.878 [main] INFO org.evosuite.runtime.instrumentation.MethodCallReplacementClassAdapter - Adding mock interface to class org/springframework/beans/BeansException
05:24:28.879 [main] INFO org.evosuite.runtime.instrumentation.CreateClassResetClassAdapter - Creating brand-new static initializer in class org/springframework/beans/BeansException
05:24:28.880 [main] DEBUG org.evosuite.runtime.agent.TransformerForTests - Going to instrument: org.springframework.core.NestedExceptionUtils
05:24:28.880 [main] INFO org.evosuite.runtime.instrumentation.MethodCallReplacementClassAdapter - Adding mock interface to class org/springframework/core/NestedExceptionUtils
05:24:28.881 [main] INFO org.evosuite.runtime.instrumentation.CreateClassResetClassAdapter - Creating brand-new static initializer in class org/springframework/core/NestedExceptionUtils
05:24:28.883 [main] DEBUG org.evosuite.runtime.agent.TransformerForTests - Going to instrument: org.springframework.boot.DefaultApplicationContextFactory
05:24:28.883 [main] INFO org.evosuite.runtime.instrumentation.MethodCallReplacementClassAdapter - Adding mock interface to class org/springframework/boot/DefaultApplicationContextFactory
05:24:28.886 [main] INFO org.evosuite.runtime.instrumentation.CreateClassResetClassAdapter - Creating brand-new static initializer in class org/springframework/boot/DefaultApplicationContextFactory
05:24:28.887 [main] DEBUG org.evosuite.runtime.agent.TransformerForTests - Going to instrument: org.springframework.boot.ApplicationContextFactory
05:24:28.889 [main] DEBUG org.evosuite.runtime.agent.TransformerForTests - Going to instrument: org.springframework.context.event.SimpleApplicationEventMulticaster
05:24:28.890 [main] INFO org.evosuite.runtime.instrumentation.MethodCallReplacementClassAdapter - Adding mock interface to class org/springframework/context/event/SimpleApplicationEventMulticaster
05:24:28.892 [main] INFO org.evosuite.runtime.instrumentation.CreateClassResetClassAdapter - Creating brand-new static initializer in class org/springframework/context/event/SimpleApplicationEventMulticaster
05:24:28.893 [main] DEBUG org.evosuite.runtime.agent.TransformerForTests - Going to instrument: org.springframework.context.event.AbstractApplicationEventMulticaster
05:24:28.895 [main] INFO org.evosuite.runtime.instrumentation.MethodCallReplacementClassAdapter - Adding mock interface to class org/springframework/context/event/AbstractApplicationEventMulticaster
05:24:28.907 [main] INFO org.evosuite.runtime.instrumentation.CreateClassResetClassAdapter - Creating brand-new static initializer in class org/springframework/context/event/AbstractApplicationEventMulticaster
05:24:28.908 [main] DEBUG org.evosuite.runtime.agent.TransformerForTests - Going to instrument: org.springframework.context.event.ApplicationEventMulticaster
05:24:28.909 [main] DEBUG org.evosuite.runtime.agent.TransformerForTests - Going to instrument: org.springframework.beans.factory.BeanClassLoaderAware
05:24:28.910 [main] DEBUG org.evosuite.runtime.agent.TransformerForTests - Going to instrument: org.springframework.beans.factory.Aware
05:24:28.911 [main] DEBUG org.evosuite.runtime.agent.TransformerForTests - Going to instrument: org.springframework.beans.factory.BeanFactoryAware
05:24:28.911 [main] DEBUG org.evosuite.runtime.agent.TransformerForTests - Going to instrument: org.springframework.beans.factory.NoSuchBeanDefinitionException
05:24:28.912 [main] INFO org.evosuite.runtime.instrumentation.MethodCallReplacementClassAdapter - Adding mock interface to class org/springframework/beans/factory/NoSuchBeanDefinitionException
05:24:28.913 [main] INFO org.evosuite.runtime.instrumentation.CreateClassResetClassAdapter - Creating brand-new static initializer in class org/springframework/beans/factory/NoSuchBeanDefinitionException
05:24:28.914 [main] DEBUG org.evosuite.runtime.agent.TransformerForTests - Going to instrument: org.springframework.context.event.GenericApplicationListener
05:24:28.915 [main] DEBUG org.evosuite.runtime.agent.TransformerForTests - Going to instrument: org.springframework.context.event.SmartApplicationListener
05:24:28.916 [main] DEBUG org.evosuite.runtime.agent.TransformerForTests - Going to instrument: org.springframework.core.Ordered
05:24:28.917 [main] DEBUG org.evosuite.runtime.agent.TransformerForTests - Going to instrument: org.springframework.boot.SpringApplicationShutdownHook$Handlers
05:24:28.918 [main] INFO org.evosuite.runtime.instrumentation.MethodCallReplacementClassAdapter - Adding mock interface to class org/springframework/boot/SpringApplicationShutdownHook$Handlers
05:24:28.918 [main] INFO org.evosuite.runtime.instrumentation.CreateClassResetClassAdapter - Creating brand-new static initializer in class org/springframework/boot/SpringApplicationShutdownHook$Handlers
05:24:28.919 [main] DEBUG org.evosuite.runtime.agent.TransformerForTests - Going to instrument: org.springframework.boot.SpringApplicationShutdownHandlers
05:24:28.921 [main] DEBUG org.evosuite.runtime.agent.TransformerForTests - Going to instrument: org.springframework.core.annotation.AnnotationTypeMapping
05:24:28.923 [main] INFO org.evosuite.runtime.instrumentation.MethodCallReplacementClassAdapter - Adding mock interface to class org/springframework/core/annotation/AnnotationTypeMapping
05:24:28.929 [main] INFO org.evosuite.runtime.instrumentation.CreateClassResetClassAdapter - Found static initializer in class org/springframework/core/annotation/AnnotationTypeMapping
05:24:28.930 [main] DEBUG org.evosuite.runtime.agent.TransformerForTests - Going to instrument: org.springframework.core.annotation.AnnotationConfigurationException
05:24:28.931 [main] INFO org.evosuite.runtime.instrumentation.MethodCallReplacementClassAdapter - Adding mock interface to class org/springframework/core/annotation/AnnotationConfigurationException
05:24:28.931 [main] INFO org.evosuite.runtime.instrumentation.CreateClassResetClassAdapter - Creating brand-new static initializer in class org/springframework/core/annotation/AnnotationConfigurationException
05:24:28.932 [main] DEBUG org.evosuite.runtime.agent.TransformerForTests - Going to instrument: org.springframework.core.annotation.AnnotationTypeMapping$MirrorSets$MirrorSet
05:24:28.933 [main] INFO org.evosuite.runtime.instrumentation.MethodCallReplacementClassAdapter - Adding mock interface to class org/springframework/core/annotation/AnnotationTypeMapping$MirrorSets$MirrorSet
05:24:28.934 [main] INFO org.evosuite.runtime.instrumentation.CreateClassResetClassAdapter - Creating brand-new static initializer in class org/springframework/core/annotation/AnnotationTypeMapping$MirrorSets$MirrorSet
05:24:28.935 [main] DEBUG org.evosuite.runtime.agent.TransformerForTests - Going to instrument: org.springframework.boot.context.event.ApplicationStartedEvent
05:24:28.935 [main] INFO org.evosuite.runtime.instrumentation.MethodCallReplacementClassAdapter - Adding mock interface to class org/springframework/boot/context/event/ApplicationStartedEvent
05:24:28.936 [main] INFO org.evosuite.runtime.instrumentation.CreateClassResetClassAdapter - Creating brand-new static initializer in class org/springframework/boot/context/event/ApplicationStartedEvent
05:24:28.937 [main] DEBUG org.evosuite.runtime.agent.TransformerForTests - Going to instrument: org.springframework.context.ApplicationEventPublisher
05:24:28.939 [main] DEBUG org.evosuite.runtime.agent.TransformerForTests - Going to instrument: org.springframework.boot.logging.logback.LogbackLoggingSystem
05:24:28.940 [main] INFO org.evosuite.runtime.instrumentation.MethodCallReplacementClassAdapter - Adding mock interface to class org/springframework/boot/logging/logback/LogbackLoggingSystem
05:24:28.948 [main] INFO org.evosuite.runtime.instrumentation.CreateClassResetClassAdapter - Found static initializer in class org/springframework/boot/logging/logback/LogbackLoggingSystem
05:24:28.950 [main] DEBUG org.evosuite.runtime.agent.TransformerForTests - Going to instrument: org.springframework.boot.logging.Slf4JLoggingSystem
05:24:28.950 [main] INFO org.evosuite.runtime.instrumentation.MethodCallReplacementClassAdapter - Adding mock interface to class org/springframework/boot/logging/Slf4JLoggingSystem
05:24:28.952 [main] INFO org.evosuite.runtime.instrumentation.CreateClassResetClassAdapter - Creating brand-new static initializer in class org/springframework/boot/logging/Slf4JLoggingSystem
05:24:28.952 [main] INFO org.evosuite.runtime.instrumentation.CreateClassResetClassAdapter - Adding bytecode for initializing field BRIDGE_HANDLER
05:24:28.953 [main] DEBUG org.evosuite.runtime.agent.TransformerForTests - Going to instrument: org.springframework.boot.logging.AbstractLoggingSystem
05:24:28.953 [main] INFO org.evosuite.runtime.instrumentation.MethodCallReplacementClassAdapter - Adding mock interface to class org/springframework/boot/logging/AbstractLoggingSystem
05:24:28.954 [main] INFO org.evosuite.runtime.instrumentation.CreateClassResetClassAdapter - Found static initializer in class org/springframework/boot/logging/AbstractLoggingSystem
05:24:28.955 [main] DEBUG org.evosuite.runtime.agent.TransformerForTests - Going to instrument: org.springframework.boot.logging.LoggingSystem
05:24:28.956 [main] INFO org.evosuite.runtime.instrumentation.MethodCallReplacementClassAdapter - Adding mock interface to class org/springframework/boot/logging/LoggingSystem
05:24:28.958 [main] INFO org.evosuite.runtime.instrumentation.CreateClassResetClassAdapter - Found static initializer in class org/springframework/boot/logging/LoggingSystem
05:24:28.972 [main] DEBUG org.evosuite.runtime.agent.TransformerForTests - Going to instrument: org.springframework.boot.logging.LoggingSystem$NoOpLoggingSystem
05:24:28.973 [main] INFO org.evosuite.runtime.instrumentation.MethodCallReplacementClassAdapter - Adding mock interface to class org/springframework/boot/logging/LoggingSystem$NoOpLoggingSystem
05:24:28.974 [main] INFO org.evosuite.runtime.instrumentation.CreateClassResetClassAdapter - Creating brand-new static initializer in class org/springframework/boot/logging/LoggingSystem$NoOpLoggingSystem
05:24:28.975 [main] DEBUG org.evosuite.runtime.agent.TransformerForTests - Going to instrument: org.springframework.core.env.Environment
05:24:28.978 [main] DEBUG org.evosuite.runtime.agent.TransformerForTests - Going to instrument: org.springframework.core.env.PropertyResolver
05:24:28.980 [main] DEBUG org.evosuite.runtime.agent.TransformerForTests - Going to instrument: org.springframework.boot.logging.logback.LogbackLoggingSystem$1
05:24:28.980 [main] INFO org.evosuite.runtime.instrumentation.MethodCallReplacementClassAdapter - Adding mock interface to class org/springframework/boot/logging/logback/LogbackLoggingSystem$1
05:24:28.981 [main] DEBUG org.evosuite.runtime.agent.TransformerForTests - Going to instrument: org.springframework.boot.logging.LoggingSystemProperties
05:24:28.982 [main] INFO org.evosuite.runtime.instrumentation.MethodCallReplacementClassAdapter - Adding mock interface to class org/springframework/boot/logging/LoggingSystemProperties
05:24:28.982 [main] INFO org.evosuite.runtime.instrumentation.CreateClassResetClassAdapter - Found static initializer in class org/springframework/boot/logging/LoggingSystemProperties
05:24:28.984 [main] DEBUG org.evosuite.runtime.agent.TransformerForTests - Going to instrument: org.springframework.boot.logging.logback.LogbackLoggingSystemProperties
05:24:28.984 [main] INFO org.evosuite.runtime.instrumentation.MethodCallReplacementClassAdapter - Adding mock interface to class org/springframework/boot/logging/logback/LogbackLoggingSystemProperties
05:24:28.987 [main] INFO org.evosuite.runtime.instrumentation.CreateClassResetClassAdapter - Creating brand-new static initializer in class org/springframework/boot/logging/logback/LogbackLoggingSystemProperties
05:24:28.987 [main] INFO org.evosuite.runtime.instrumentation.CreateClassResetClassAdapter - Adding bytecode for initializing field ROLLINGPOLICY_FILE_NAME_PATTERN
05:24:28.987 [main] INFO org.evosuite.runtime.instrumentation.CreateClassResetClassAdapter - Adding bytecode for initializing field ROLLINGPOLICY_CLEAN_HISTORY_ON_START
05:24:28.987 [main] INFO org.evosuite.runtime.instrumentation.CreateClassResetClassAdapter - Adding bytecode for initializing field ROLLINGPOLICY_MAX_FILE_SIZE
05:24:28.987 [main] INFO org.evosuite.runtime.instrumentation.CreateClassResetClassAdapter - Adding bytecode for initializing field ROLLINGPOLICY_TOTAL_SIZE_CAP
05:24:28.987 [main] INFO org.evosuite.runtime.instrumentation.CreateClassResetClassAdapter - Adding bytecode for initializing field ROLLINGPOLICY_MAX_HISTORY
05:24:28.988 [main] DEBUG org.evosuite.runtime.agent.TransformerForTests - Going to instrument: org.springframework.boot.logging.logback.LogbackConfigurator
05:24:28.989 [main] INFO org.evosuite.runtime.instrumentation.MethodCallReplacementClassAdapter - Adding mock interface to class org/springframework/boot/logging/logback/LogbackConfigurator
05:24:28.990 [main] INFO org.evosuite.runtime.instrumentation.CreateClassResetClassAdapter - Creating brand-new static initializer in class org/springframework/boot/logging/logback/LogbackConfigurator
05:24:28.991 [main] DEBUG org.evosuite.runtime.agent.TransformerForTests - Going to instrument: org.springframework.boot.logging.logback.DebugLogbackConfigurator
05:24:28.992 [main] INFO org.evosuite.runtime.instrumentation.MethodCallReplacementClassAdapter - Adding mock interface to class org/springframework/boot/logging/logback/DebugLogbackConfigurator
05:24:28.992 [main] INFO org.evosuite.runtime.instrumentation.CreateClassResetClassAdapter - Creating brand-new static initializer in class org/springframework/boot/logging/logback/DebugLogbackConfigurator
05:24:28.994 [main] DEBUG org.evosuite.runtime.agent.TransformerForTests - Going to instrument: org.springframework.boot.logging.logback.SpringBootJoranConfigurator
05:24:28.995 [main] INFO org.evosuite.runtime.instrumentation.MethodCallReplacementClassAdapter - Adding mock interface to class org/springframework/boot/logging/logback/SpringBootJoranConfigurator
05:24:28.995 [main] INFO org.evosuite.runtime.instrumentation.CreateClassResetClassAdapter - Creating brand-new static initializer in class org/springframework/boot/logging/logback/SpringBootJoranConfigurator
05:24:28.996 [main] DEBUG org.evosuite.runtime.agent.TransformerForTests - Going to instrument: org.springframework.boot.logging.LoggingSystemFactory
05:24:28.997 [main] DEBUG org.evosuite.runtime.agent.TransformerForTests - Going to instrument: org.springframework.boot.logging.DelegatingLoggingSystemFactory
05:24:28.997 [main] INFO org.evosuite.runtime.instrumentation.MethodCallReplacementClassAdapter - Adding mock interface to class org/springframework/boot/logging/DelegatingLoggingSystemFactory
05:24:28.998 [main] INFO org.evosuite.runtime.instrumentation.CreateClassResetClassAdapter - Creating brand-new static initializer in class org/springframework/boot/logging/DelegatingLoggingSystemFactory
05:24:28.999 [main] DEBUG org.evosuite.runtime.agent.TransformerForTests - Going to instrument: org.springframework.boot.logging.LoggerConfigurationComparator
05:24:28.999 [main] INFO org.evosuite.runtime.instrumentation.MethodCallReplacementClassAdapter - Adding mock interface to class org/springframework/boot/logging/LoggerConfigurationComparator
05:24:29.000 [main] INFO org.evosuite.runtime.instrumentation.CreateClassResetClassAdapter - Creating brand-new static initializer in class org/springframework/boot/logging/LoggerConfigurationComparator
05:24:29.001 [main] DEBUG org.evosuite.runtime.agent.TransformerForTests - Going to instrument: org.springframework.util.Assert
05:24:29.002 [main] INFO org.evosuite.runtime.instrumentation.MethodCallReplacementClassAdapter - Adding mock interface to class org/springframework/util/Assert
05:24:29.008 [main] INFO org.evosuite.runtime.instrumentation.CreateClassResetClassAdapter - Creating brand-new static initializer in class org/springframework/util/Assert
05:24:29.010 [main] DEBUG org.evosuite.runtime.agent.TransformerForTests - Going to instrument: org.springframework.core.SpringProperties
05:24:29.010 [main] INFO org.evosuite.runtime.instrumentation.MethodCallReplacementClassAdapter - Adding mock interface to class org/springframework/core/SpringProperties
05:24:29.011 [main] INFO org.evosuite.runtime.instrumentation.CreateClassResetClassAdapter - Found static initializer in class org/springframework/core/SpringProperties
05:24:29.013 [main] DEBUG org.evosuite.runtime.agent.TransformerForTests - Going to instrument: org.springframework.boot.logging.AbstractLoggingSystem$LogLevels
05:24:29.014 [main] INFO org.evosuite.runtime.instrumentation.MethodCallReplacementClassAdapter - Adding mock interface to class org/springframework/boot/logging/AbstractLoggingSystem$LogLevels
05:24:29.014 [main] INFO org.evosuite.runtime.instrumentation.CreateClassResetClassAdapter - Creating brand-new static initializer in class org/springframework/boot/logging/AbstractLoggingSystem$LogLevels
05:24:29.015 [main] DEBUG org.evosuite.runtime.agent.TransformerForTests - Going to instrument: org.springframework.boot.logging.LogLevel
05:24:29.015 [main] INFO org.evosuite.runtime.instrumentation.MethodCallReplacementClassAdapter - Adding mock interface to class org/springframework/boot/logging/LogLevel
05:24:29.015 [main] INFO org.evosuite.runtime.instrumentation.CreateClassResetClassAdapter - Found static initializer in class org/springframework/boot/logging/LogLevel
05:24:29.017 [main] DEBUG org.evosuite.runtime.agent.TransformerForTests - Going to instrument: org.springframework.core.io.Resource
05:24:29.017 [main] DEBUG org.evosuite.runtime.agent.TransformerForTests - Going to instrument: org.springframework.core.io.InputStreamSource
05:24:29.020 [main] DEBUG org.evosuite.runtime.agent.TransformerForTests - Going to instrument: org.springframework.util.ClassUtils
05:24:29.021 [main] INFO org.evosuite.runtime.instrumentation.MethodCallReplacementClassAdapter - Adding mock interface to class org/springframework/util/ClassUtils
05:24:29.029 [main] INFO org.evosuite.runtime.instrumentation.CreateClassResetClassAdapter - Found static initializer in class org/springframework/util/ClassUtils
05:24:29.032 [main] DEBUG org.evosuite.runtime.agent.TransformerForTests - Going to instrument: org.springframework.util.ConcurrentReferenceHashMap
05:24:29.032 [main] INFO org.evosuite.runtime.instrumentation.MethodCallReplacementClassAdapter - Adding mock interface to class org/springframework/util/ConcurrentReferenceHashMap
05:24:29.035 [main] INFO org.evosuite.runtime.instrumentation.CreateClassResetClassAdapter - Found static initializer in class org/springframework/util/ConcurrentReferenceHashMap
05:24:29.036 [main] DEBUG org.evosuite.runtime.agent.TransformerForTests - Going to instrument: org.springframework.util.ConcurrentReferenceHashMap$Task
05:24:29.036 [main] INFO org.evosuite.runtime.instrumentation.MethodCallReplacementClassAdapter - Adding mock interface to class org/springframework/util/ConcurrentReferenceHashMap$Task
05:24:29.037 [main] INFO org.evosuite.runtime.instrumentation.CreateClassResetClassAdapter - Creating brand-new static initializer in class org/springframework/util/ConcurrentReferenceHashMap$Task
05:24:29.038 [main] DEBUG org.evosuite.runtime.agent.TransformerForTests - Going to instrument: org.springframework.util.ConcurrentReferenceHashMap$2
05:24:29.038 [main] INFO org.evosuite.runtime.instrumentation.MethodCallReplacementClassAdapter - Adding mock interface to class org/springframework/util/ConcurrentReferenceHashMap$2
05:24:29.040 [main] DEBUG org.evosuite.runtime.agent.TransformerForTests - Going to instrument: org.springframework.util.ConcurrentReferenceHashMap$3
05:24:29.040 [main] INFO org.evosuite.runtime.instrumentation.MethodCallReplacementClassAdapter - Adding mock interface to class org/springframework/util/ConcurrentReferenceHashMap$3
05:24:29.042 [main] DEBUG org.evosuite.runtime.agent.TransformerForTests - Going to instrument: org.springframework.util.ConcurrentReferenceHashMap$1
05:24:29.042 [main] INFO org.evosuite.runtime.instrumentation.MethodCallReplacementClassAdapter - Adding mock interface to class org/springframework/util/ConcurrentReferenceHashMap$1
05:24:29.043 [main] DEBUG org.evosuite.runtime.agent.TransformerForTests - Going to instrument: org.springframework.util.ConcurrentReferenceHashMap$4
05:24:29.044 [main] INFO org.evosuite.runtime.instrumentation.MethodCallReplacementClassAdapter - Adding mock interface to class org/springframework/util/ConcurrentReferenceHashMap$4
05:24:29.045 [main] DEBUG org.evosuite.runtime.agent.TransformerForTests - Going to instrument: org.springframework.util.ConcurrentReferenceHashMap$5
05:24:29.045 [main] INFO org.evosuite.runtime.instrumentation.MethodCallReplacementClassAdapter - Adding mock interface to class org/springframework/util/ConcurrentReferenceHashMap$5
05:24:29.046 [main] DEBUG org.evosuite.runtime.agent.TransformerForTests - Going to instrument: org.springframework.util.ConcurrentReferenceHashMap$ReferenceType
05:24:29.046 [main] INFO org.evosuite.runtime.instrumentation.MethodCallReplacementClassAdapter - Adding mock interface to class org/springframework/util/ConcurrentReferenceHashMap$ReferenceType
05:24:29.047 [main] INFO org.evosuite.runtime.instrumentation.CreateClassResetClassAdapter - Found static initializer in class org/springframework/util/ConcurrentReferenceHashMap$ReferenceType
05:24:29.048 [main] DEBUG org.evosuite.runtime.agent.TransformerForTests - Going to instrument: org.springframework.util.ConcurrentReferenceHashMap$Segment
05:24:29.049 [main] INFO org.evosuite.runtime.instrumentation.MethodCallReplacementClassAdapter - Adding mock interface to class org/springframework/util/ConcurrentReferenceHashMap$Segment
05:24:29.050 [main] INFO org.evosuite.runtime.instrumentation.CreateClassResetClassAdapter - Creating brand-new static initializer in class org/springframework/util/ConcurrentReferenceHashMap$Segment
05:24:29.052 [main] DEBUG org.evosuite.runtime.agent.TransformerForTests - Going to instrument: org.springframework.util.ConcurrentReferenceHashMap$ReferenceManager
05:24:29.052 [main] INFO org.evosuite.runtime.instrumentation.MethodCallReplacementClassAdapter - Adding mock interface to class org/springframework/util/ConcurrentReferenceHashMap$ReferenceManager
05:24:29.052 [main] INFO org.evosuite.runtime.instrumentation.CreateClassResetClassAdapter - Creating brand-new static initializer in class org/springframework/util/ConcurrentReferenceHashMap$ReferenceManager
05:24:29.053 [main] DEBUG org.evosuite.runtime.agent.TransformerForTests - Going to instrument: org.springframework.util.ConcurrentReferenceHashMap$Reference
05:24:29.054 [main] DEBUG org.evosuite.runtime.agent.TransformerForTests - Going to instrument: org.springframework.boot.devtools.restart.RestartInitializer
05:24:29.057 [main] DEBUG org.evosuite.runtime.agent.TransformerForTests - Going to instrument: org.springframework.core.annotation.AnnotationUtils
05:24:29.058 [main] INFO org.evosuite.runtime.instrumentation.MethodCallReplacementClassAdapter - Adding mock interface to class org/springframework/core/annotation/AnnotationUtils
05:24:29.064 [main] INFO org.evosuite.runtime.instrumentation.CreateClassResetClassAdapter - Found static initializer in class org/springframework/core/annotation/AnnotationUtils
05:24:29.066 [main] DEBUG org.evosuite.runtime.agent.TransformerForTests - Going to instrument: org.springframework.core.annotation.AnnotationFilter
05:24:29.067 [main] DEBUG org.evosuite.runtime.agent.TransformerForTests - Going to instrument: org.springframework.core.annotation.PackagesAnnotationFilter
05:24:29.068 [main] INFO org.evosuite.runtime.instrumentation.MethodCallReplacementClassAdapter - Adding mock interface to class org/springframework/core/annotation/PackagesAnnotationFilter
05:24:29.068 [main] INFO org.evosuite.runtime.instrumentation.CreateClassResetClassAdapter - Creating brand-new static initializer in class org/springframework/core/annotation/PackagesAnnotationFilter
05:24:29.070 [main] DEBUG org.evosuite.runtime.agent.TransformerForTests - Going to instrument: org.springframework.util.StringUtils
05:24:29.071 [main] INFO org.evosuite.runtime.instrumentation.MethodCallReplacementClassAdapter - Adding mock interface to class org/springframework/util/StringUtils
05:24:29.080 [main] INFO org.evosuite.runtime.instrumentation.CreateClassResetClassAdapter - Found static initializer in class org/springframework/util/StringUtils
05:24:29.082 [main] DEBUG org.evosuite.runtime.agent.TransformerForTests - Going to instrument: org.springframework.core.annotation.AnnotationFilter$1
05:24:29.082 [main] INFO org.evosuite.runtime.instrumentation.MethodCallReplacementClassAdapter - Adding mock interface to class org/springframework/core/annotation/AnnotationFilter$1
05:24:29.084 [main] DEBUG org.evosuite.runtime.agent.TransformerForTests - Going to instrument: org.springframework.core.annotation.AnnotationFilter$2
05:24:29.084 [main] INFO org.evosuite.runtime.instrumentation.MethodCallReplacementClassAdapter - Adding mock interface to class org/springframework/core/annotation/AnnotationFilter$2
05:24:29.085 [main] DEBUG org.evosuite.runtime.agent.TransformerForTests - Going to instrument: org.springframework.core.PriorityOrdered
05:24:29.086 [main] DEBUG org.evosuite.runtime.agent.TransformerForTests - Going to instrument: org.springframework.core.metrics.ApplicationStartup
05:24:29.086 [main] DEBUG org.evosuite.runtime.agent.TransformerForTests - Going to instrument: org.springframework.core.metrics.DefaultApplicationStartup
05:24:29.087 [main] INFO org.evosuite.runtime.instrumentation.MethodCallReplacementClassAdapter - Adding mock interface to class org/springframework/core/metrics/DefaultApplicationStartup
05:24:29.087 [main] INFO org.evosuite.runtime.instrumentation.CreateClassResetClassAdapter - Found static initializer in class org/springframework/core/metrics/DefaultApplicationStartup
05:24:29.087 [main] DEBUG org.evosuite.runtime.agent.TransformerForTests - Going to instrument: org.springframework.core.metrics.StartupStep
05:24:29.088 [main] DEBUG org.evosuite.runtime.agent.TransformerForTests - Going to instrument: org.springframework.core.metrics.DefaultApplicationStartup$DefaultStartupStep
05:24:29.088 [main] INFO org.evosuite.runtime.instrumentation.MethodCallReplacementClassAdapter - Adding mock interface to class org/springframework/core/metrics/DefaultApplicationStartup$DefaultStartupStep
05:24:29.089 [main] INFO org.evosuite.runtime.instrumentation.CreateClassResetClassAdapter - Creating brand-new static initializer in class org/springframework/core/metrics/DefaultApplicationStartup$DefaultStartupStep
05:24:29.089 [main] DEBUG org.evosuite.runtime.agent.TransformerForTests - Going to instrument: org.springframework.core.metrics.StartupStep$Tags
05:24:29.090 [main] DEBUG org.evosuite.runtime.agent.TransformerForTests - Going to instrument: org.springframework.core.metrics.DefaultApplicationStartup$DefaultStartupStep$DefaultTags
05:24:29.090 [main] INFO org.evosuite.runtime.instrumentation.MethodCallReplacementClassAdapter - Adding mock interface to class org/springframework/core/metrics/DefaultApplicationStartup$DefaultStartupStep$DefaultTags
05:24:29.090 [main] INFO org.evosuite.runtime.instrumentation.CreateClassResetClassAdapter - Creating brand-new static initializer in class org/springframework/core/metrics/DefaultApplicationStartup$DefaultStartupStep$DefaultTags
05:24:29.091 [main] DEBUG org.evosuite.runtime.agent.TransformerForTests - Going to instrument: org.springframework.cglib.core.ClassNameReader
05:24:29.091 [main] INFO org.evosuite.runtime.instrumentation.MethodCallReplacementClassAdapter - Adding mock interface to class org/springframework/cglib/core/ClassNameReader
05:24:29.091 [main] INFO org.evosuite.runtime.instrumentation.CreateClassResetClassAdapter - Found static initializer in class org/springframework/cglib/core/ClassNameReader
05:24:29.093 [main] DEBUG org.evosuite.runtime.agent.TransformerForTests - Going to instrument: org.springframework.asm.ClassVisitor
05:24:29.093 [main] INFO org.evosuite.runtime.instrumentation.MethodCallReplacementClassAdapter - Adding mock interface to class org/springframework/asm/ClassVisitor
05:24:29.095 [main] INFO org.evosuite.runtime.instrumentation.CreateClassResetClassAdapter - Creating brand-new static initializer in class org/springframework/asm/ClassVisitor
05:24:29.096 [main] DEBUG org.evosuite.runtime.agent.TransformerForTests - Going to instrument: org.springframework.cglib.core.ClassNameReader$1
05:24:29.096 [main] INFO org.evosuite.runtime.instrumentation.MethodCallReplacementClassAdapter - Adding mock interface to class org/springframework/cglib/core/ClassNameReader$1
05:24:29.099 [main] DEBUG org.evosuite.runtime.agent.TransformerForTests - Going to instrument: org.springframework.context.support.AbstractApplicationContext
05:24:29.100 [main] INFO org.evosuite.runtime.instrumentation.MethodCallReplacementClassAdapter - Adding mock interface to class org/springframework/context/support/AbstractApplicationContext
05:24:29.113 [main] INFO org.evosuite.runtime.instrumentation.CreateClassResetClassAdapter - Found static initializer in class org/springframework/context/support/AbstractApplicationContext
05:24:29.114 [main] DEBUG org.evosuite.runtime.agent.TransformerForTests - Going to instrument: org.springframework.context.ConfigurableApplicationContext
05:24:29.115 [main] DEBUG org.evosuite.runtime.agent.TransformerForTests - Going to instrument: org.springframework.context.ApplicationContext
05:24:29.115 [main] DEBUG org.evosuite.runtime.agent.TransformerForTests - Going to instrument: org.springframework.core.env.EnvironmentCapable
05:24:29.116 [main] DEBUG org.evosuite.runtime.agent.TransformerForTests - Going to instrument: org.springframework.beans.factory.ListableBeanFactory
05:24:29.116 [main] DEBUG org.evosuite.runtime.agent.TransformerForTests - Going to instrument: org.springframework.beans.factory.BeanFactory
05:24:29.116 [main] DEBUG org.evosuite.runtime.agent.TransformerForTests - Going to instrument: org.springframework.beans.factory.HierarchicalBeanFactory
05:24:29.117 [main] DEBUG org.evosuite.runtime.agent.TransformerForTests - Going to instrument: org.springframework.context.MessageSource
05:24:29.117 [main] DEBUG org.evosuite.runtime.agent.TransformerForTests - Going to instrument: org.springframework.core.io.support.ResourcePatternResolver
05:24:29.118 [main] DEBUG org.evosuite.runtime.agent.TransformerForTests - Going to instrument: org.springframework.core.io.ResourceLoader
05:24:29.118 [main] DEBUG org.evosuite.runtime.agent.TransformerForTests - Going to instrument: org.springframework.context.Lifecycle
05:24:29.120 [main] DEBUG org.evosuite.runtime.agent.TransformerForTests - Going to instrument: org.springframework.core.io.DefaultResourceLoader
05:24:29.120 [main] INFO org.evosuite.runtime.instrumentation.MethodCallReplacementClassAdapter - Adding mock interface to class org/springframework/core/io/DefaultResourceLoader
05:24:29.123 [main] INFO org.evosuite.runtime.instrumentation.CreateClassResetClassAdapter - Creating brand-new static initializer in class org/springframework/core/io/DefaultResourceLoader
05:24:29.124 [main] DEBUG org.evosuite.runtime.agent.TransformerForTests - Going to instrument: org.springframework.core.io.UrlResource
05:24:29.125 [main] INFO org.evosuite.runtime.instrumentation.MethodCallReplacementClassAdapter - Adding mock interface to class org/springframework/core/io/UrlResource
05:24:29.127 [main] INFO org.evosuite.runtime.instrumentation.CreateClassResetClassAdapter - Creating brand-new static initializer in class org/springframework/core/io/UrlResource
05:24:29.128 [main] DEBUG org.evosuite.runtime.agent.TransformerForTests - Going to instrument: org.springframework.core.io.AbstractFileResolvingResource
05:24:29.129 [main] INFO org.evosuite.runtime.instrumentation.MethodCallReplacementClassAdapter - Adding mock interface to class org/springframework/core/io/AbstractFileResolvingResource
05:24:29.131 [main] INFO org.evosuite.runtime.instrumentation.CreateClassResetClassAdapter - Creating brand-new static initializer in class org/springframework/core/io/AbstractFileResolvingResource
05:24:29.132 [main] DEBUG org.evosuite.runtime.agent.TransformerForTests - Going to instrument: org.springframework.core.io.AbstractResource
05:24:29.132 [main] INFO org.evosuite.runtime.instrumentation.MethodCallReplacementClassAdapter - Adding mock interface to class org/springframework/core/io/AbstractResource
05:24:29.133 [main] INFO org.evosuite.runtime.instrumentation.CreateClassResetClassAdapter - Creating brand-new static initializer in class org/springframework/core/io/AbstractResource
05:24:29.134 [main] DEBUG org.evosuite.runtime.agent.TransformerForTests - Going to instrument: org.springframework.core.io.FileUrlResource
05:24:29.134 [main] INFO org.evosuite.runtime.instrumentation.MethodCallReplacementClassAdapter - Adding mock interface to class org/springframework/core/io/FileUrlResource
05:24:29.134 [main] INFO org.evosuite.runtime.instrumentation.CreateClassResetClassAdapter - Creating brand-new static initializer in class org/springframework/core/io/FileUrlResource
05:24:29.135 [main] DEBUG org.evosuite.runtime.agent.TransformerForTests - Going to instrument: org.springframework.core.io.WritableResource
05:24:29.136 [main] DEBUG org.evosuite.runtime.agent.TransformerForTests - Going to instrument: org.springframework.context.event.ContextStartedEvent
05:24:29.136 [main] INFO org.evosuite.runtime.instrumentation.MethodCallReplacementClassAdapter - Adding mock interface to class org/springframework/context/event/ContextStartedEvent
05:24:29.136 [main] INFO org.evosuite.runtime.instrumentation.CreateClassResetClassAdapter - Creating brand-new static initializer in class org/springframework/context/event/ContextStartedEvent
05:24:29.136 [main] DEBUG org.evosuite.runtime.agent.TransformerForTests - Going to instrument: org.springframework.context.event.ApplicationContextEvent
05:24:29.137 [main] INFO org.evosuite.runtime.instrumentation.MethodCallReplacementClassAdapter - Adding mock interface to class org/springframework/context/event/ApplicationContextEvent
05:24:29.137 [main] INFO org.evosuite.runtime.instrumentation.CreateClassResetClassAdapter - Creating brand-new static initializer in class org/springframework/context/event/ApplicationContextEvent
05:24:29.138 [main] DEBUG org.evosuite.runtime.agent.TransformerForTests - Going to instrument: org.springframework.context.event.ContextStoppedEvent
05:24:29.138 [main] INFO org.evosuite.runtime.instrumentation.MethodCallReplacementClassAdapter - Adding mock interface to class org/springframework/context/event/ContextStoppedEvent
05:24:29.138 [main] INFO org.evosuite.runtime.instrumentation.CreateClassResetClassAdapter - Creating brand-new static initializer in class org/springframework/context/event/ContextStoppedEvent
05:24:29.139 [main] DEBUG org.evosuite.runtime.agent.TransformerForTests - Going to instrument: org.springframework.context.support.AbstractApplicationContext$1
05:24:29.139 [main] INFO org.evosuite.runtime.instrumentation.MethodCallReplacementClassAdapter - Adding mock interface to class org/springframework/context/support/AbstractApplicationContext$1
05:24:29.140 [main] DEBUG org.evosuite.runtime.agent.TransformerForTests - Going to instrument: org.springframework.core.env.ConfigurableEnvironment
05:24:29.141 [main] DEBUG org.evosuite.runtime.agent.TransformerForTests - Going to instrument: org.springframework.core.env.ConfigurablePropertyResolver
05:24:29.142 [main] DEBUG org.evosuite.runtime.agent.TransformerForTests - Going to instrument: org.springframework.context.PayloadApplicationEvent
05:24:29.143 [main] INFO org.evosuite.runtime.instrumentation.MethodCallReplacementClassAdapter - Adding mock interface to class org/springframework/context/PayloadApplicationEvent
05:24:29.143 [main] INFO org.evosuite.runtime.instrumentation.CreateClassResetClassAdapter - Creating brand-new static initializer in class org/springframework/context/PayloadApplicationEvent
05:24:29.143 [main] DEBUG org.evosuite.runtime.agent.TransformerForTests - Going to instrument: org.springframework.core.ResolvableTypeProvider
05:24:29.144 [main] DEBUG org.evosuite.runtime.agent.TransformerForTests - Going to instrument: org.springframework.beans.factory.config.BeanExpressionResolver
05:24:29.144 [main] DEBUG org.evosuite.runtime.agent.TransformerForTests - Going to instrument: org.springframework.beans.PropertyEditorRegistrar
05:24:29.145 [main] DEBUG org.evosuite.runtime.agent.TransformerForTests - Going to instrument: org.springframework.beans.factory.config.BeanPostProcessor
05:24:29.145 [main] DEBUG org.evosuite.runtime.agent.TransformerForTests - Going to instrument: org.springframework.context.support.ContextTypeMatchClassLoader
05:24:29.146 [main] INFO org.evosuite.runtime.instrumentation.MethodCallReplacementClassAdapter - Adding mock interface to class org/springframework/context/support/ContextTypeMatchClassLoader
05:24:29.146 [main] INFO org.evosuite.runtime.instrumentation.CreateClassResetClassAdapter - Found static initializer in class org/springframework/context/support/ContextTypeMatchClassLoader
05:24:29.148 [main] DEBUG org.evosuite.runtime.agent.TransformerForTests - Going to instrument: org.springframework.core.SmartClassLoader
05:24:29.149 [main] DEBUG org.evosuite.runtime.agent.TransformerForTests - Going to instrument: org.springframework.core.DecoratingClassLoader
05:24:29.149 [main] INFO org.evosuite.runtime.instrumentation.MethodCallReplacementClassAdapter - Adding mock interface to class org/springframework/core/DecoratingClassLoader
05:24:29.149 [main] INFO org.evosuite.runtime.instrumentation.CreateClassResetClassAdapter - Found static initializer in class org/springframework/core/DecoratingClassLoader
05:24:29.150 [main] DEBUG org.evosuite.runtime.agent.TransformerForTests - Going to instrument: org.springframework.context.event.ContextRefreshedEvent
05:24:29.150 [main] INFO org.evosuite.runtime.instrumentation.MethodCallReplacementClassAdapter - Adding mock interface to class org/springframework/context/event/ContextRefreshedEvent
05:24:29.150 [main] INFO org.evosuite.runtime.instrumentation.CreateClassResetClassAdapter - Creating brand-new static initializer in class org/springframework/context/event/ContextRefreshedEvent
05:24:29.150 [main] DEBUG org.evosuite.runtime.agent.TransformerForTests - Going to instrument: org.springframework.context.LifecycleProcessor
05:24:29.151 [main] DEBUG org.evosuite.runtime.agent.TransformerForTests - Going to instrument: org.springframework.context.event.ContextClosedEvent
05:24:29.151 [main] INFO org.evosuite.runtime.instrumentation.MethodCallReplacementClassAdapter - Adding mock interface to class org/springframework/context/event/ContextClosedEvent
05:24:29.151 [main] INFO org.evosuite.runtime.instrumentation.CreateClassResetClassAdapter - Creating brand-new static initializer in class org/springframework/context/event/ContextClosedEvent
05:24:29.151 [main] DEBUG org.evosuite.runtime.agent.TransformerForTests - Going to instrument: org.springframework.beans.factory.config.AutowireCapableBeanFactory
05:24:29.153 [main] DEBUG org.evosuite.runtime.agent.TransformerForTests - Going to instrument: org.springframework.boot.SpringApplicationRunListeners
05:24:29.153 [main] INFO org.evosuite.runtime.instrumentation.MethodCallReplacementClassAdapter - Adding mock interface to class org/springframework/boot/SpringApplicationRunListeners
05:24:29.154 [main] INFO org.evosuite.runtime.instrumentation.CreateClassResetClassAdapter - Creating brand-new static initializer in class org/springframework/boot/SpringApplicationRunListeners
05:24:29.154 [main] DEBUG org.evosuite.runtime.agent.TransformerForTests - Going to instrument: org.springframework.beans.factory.support.BeanNameGenerator
05:24:29.155 [main] DEBUG org.evosuite.runtime.agent.TransformerForTests - Going to instrument: org.springframework.core.annotation.AnnotationAwareOrderComparator
05:24:29.155 [main] INFO org.evosuite.runtime.instrumentation.MethodCallReplacementClassAdapter - Adding mock interface to class org/springframework/core/annotation/AnnotationAwareOrderComparator
05:24:29.156 [main] INFO org.evosuite.runtime.instrumentation.CreateClassResetClassAdapter - Found static initializer in class org/springframework/core/annotation/AnnotationAwareOrderComparator
05:24:29.157 [main] DEBUG org.evosuite.runtime.agent.TransformerForTests - Going to instrument: org.springframework.core.OrderComparator
05:24:29.157 [main] INFO org.evosuite.runtime.instrumentation.MethodCallReplacementClassAdapter - Adding mock interface to class org/springframework/core/OrderComparator
05:24:29.158 [main] INFO org.evosuite.runtime.instrumentation.CreateClassResetClassAdapter - Found static initializer in class org/springframework/core/OrderComparator
05:24:29.159 [main] DEBUG org.evosuite.runtime.agent.TransformerForTests - Going to instrument: org.springframework.context.ApplicationContextAware
05:24:29.160 [main] DEBUG org.evosuite.runtime.agent.TransformerForTests - Going to instrument: org.springframework.boot.BootstrapRegistry
05:24:29.161 [main] DEBUG org.evosuite.runtime.agent.TransformerForTests - Going to instrument: org.springframework.core.env.CommandLinePropertySource
05:24:29.161 [main] INFO org.evosuite.runtime.instrumentation.MethodCallReplacementClassAdapter - Adding mock interface to class org/springframework/core/env/CommandLinePropertySource
05:24:29.161 [main] INFO org.evosuite.runtime.instrumentation.CreateClassResetClassAdapter - Creating brand-new static initializer in class org/springframework/core/env/CommandLinePropertySource
05:24:29.161 [main] INFO org.evosuite.runtime.instrumentation.CreateClassResetClassAdapter - Adding bytecode for initializing field COMMAND_LINE_PROPERTY_SOURCE_NAME
05:24:29.161 [main] INFO org.evosuite.runtime.instrumentation.CreateClassResetClassAdapter - Adding bytecode for initializing field DEFAULT_NON_OPTION_ARGS_PROPERTY_NAME
05:24:29.162 [main] DEBUG org.evosuite.runtime.agent.TransformerForTests - Going to instrument: org.springframework.core.env.EnumerablePropertySource
05:24:29.162 [main] INFO org.evosuite.runtime.instrumentation.MethodCallReplacementClassAdapter - Adding mock interface to class org/springframework/core/env/EnumerablePropertySource
05:24:29.162 [main] INFO org.evosuite.runtime.instrumentation.CreateClassResetClassAdapter - Creating brand-new static initializer in class org/springframework/core/env/EnumerablePropertySource
05:24:29.163 [main] DEBUG org.evosuite.runtime.agent.TransformerForTests - Going to instrument: org.springframework.core.env.PropertySource
05:24:29.163 [main] INFO org.evosuite.runtime.instrumentation.MethodCallReplacementClassAdapter - Adding mock interface to class org/springframework/core/env/PropertySource
05:24:29.163 [main] INFO org.evosuite.runtime.instrumentation.CreateClassResetClassAdapter - Creating brand-new static initializer in class org/springframework/core/env/PropertySource
05:24:29.164 [main] DEBUG org.evosuite.runtime.agent.TransformerForTests - Going to instrument: org.springframework.core.env.PropertySource$ComparisonPropertySource
05:24:29.164 [main] INFO org.evosuite.runtime.instrumentation.MethodCallReplacementClassAdapter - Adding mock interface to class org/springframework/core/env/PropertySource$ComparisonPropertySource
05:24:29.164 [main] INFO org.evosuite.runtime.instrumentation.CreateClassResetClassAdapter - Creating brand-new static initializer in class org/springframework/core/env/PropertySource$ComparisonPropertySource
05:24:29.164 [main] INFO org.evosuite.runtime.instrumentation.CreateClassResetClassAdapter - Adding bytecode for initializing field USAGE_ERROR
05:24:29.164 [main] DEBUG org.evosuite.runtime.agent.TransformerForTests - Going to instrument: org.springframework.core.env.PropertySource$StubPropertySource
05:24:29.164 [main] INFO org.evosuite.runtime.instrumentation.MethodCallReplacementClassAdapter - Adding mock interface to class org/springframework/core/env/PropertySource$StubPropertySource
05:24:29.165 [main] INFO org.evosuite.runtime.instrumentation.CreateClassResetClassAdapter - Creating brand-new static initializer in class org/springframework/core/env/PropertySource$StubPropertySource
05:24:29.165 [main] DEBUG org.evosuite.runtime.agent.TransformerForTests - Going to instrument: org.springframework.util.ConcurrentReferenceHashMap$Entry
05:24:29.165 [main] INFO org.evosuite.runtime.instrumentation.MethodCallReplacementClassAdapter - Adding mock interface to class org/springframework/util/ConcurrentReferenceHashMap$Entry
05:24:29.166 [main] INFO org.evosuite.runtime.instrumentation.CreateClassResetClassAdapter - Creating brand-new static initializer in class org/springframework/util/ConcurrentReferenceHashMap$Entry
05:24:29.166 [main] DEBUG org.evosuite.runtime.agent.TransformerForTests - Going to instrument: org.springframework.boot.ApplicationArguments
05:24:29.167 [main] DEBUG org.evosuite.runtime.agent.TransformerForTests - Going to instrument: org.springframework.boot.context.properties.bind.Bindable$BindRestriction
05:24:29.167 [main] INFO org.evosuite.runtime.instrumentation.MethodCallReplacementClassAdapter - Adding mock interface to class org/springframework/boot/context/properties/bind/Bindable$BindRestriction
05:24:29.167 [main] INFO org.evosuite.runtime.instrumentation.CreateClassResetClassAdapter - Found static initializer in class org/springframework/boot/context/properties/bind/Bindable$BindRestriction
05:24:29.169 [main] DEBUG org.evosuite.runtime.agent.TransformerForTests - Going to instrument: org.springframework.boot.context.config.DelegatingApplicationContextInitializer
05:24:29.169 [main] INFO org.evosuite.runtime.instrumentation.MethodCallReplacementClassAdapter - Adding mock interface to class org/springframework/boot/context/config/DelegatingApplicationContextInitializer
05:24:29.170 [main] INFO org.evosuite.runtime.instrumentation.CreateClassResetClassAdapter - Creating brand-new static initializer in class org/springframework/boot/context/config/DelegatingApplicationContextInitializer
05:24:29.170 [main] INFO org.evosuite.runtime.instrumentation.CreateClassResetClassAdapter - Adding bytecode for initializing field PROPERTY_NAME
05:24:29.170 [main] DEBUG org.evosuite.runtime.agent.TransformerForTests - Going to instrument: org.springframework.context.ApplicationContextInitializer
05:24:29.171 [main] DEBUG org.evosuite.runtime.agent.TransformerForTests - Going to instrument: org.springframework.util.ConcurrentReferenceHashMap$TaskOption
05:24:29.171 [main] INFO org.evosuite.runtime.instrumentation.MethodCallReplacementClassAdapter - Adding mock interface to class org/springframework/util/ConcurrentReferenceHashMap$TaskOption
05:24:29.172 [main] INFO org.evosuite.runtime.instrumentation.CreateClassResetClassAdapter - Found static initializer in class org/springframework/util/ConcurrentReferenceHashMap$TaskOption
05:24:29.174 [main] DEBUG org.evosuite.runtime.agent.TransformerForTests - Going to instrument: org.springframework.core.annotation.AnnotationsScanner
05:24:29.175 [main] INFO org.evosuite.runtime.instrumentation.MethodCallReplacementClassAdapter - Adding mock interface to class org/springframework/core/annotation/AnnotationsScanner
05:24:29.180 [main] INFO org.evosuite.runtime.instrumentation.CreateClassResetClassAdapter - Found static initializer in class org/springframework/core/annotation/AnnotationsScanner
05:24:29.182 [main] DEBUG org.evosuite.runtime.agent.TransformerForTests - Going to instrument: org.springframework.boot.devtools.restart.classloader.ClassLoaderFiles
05:24:29.183 [main] INFO org.evosuite.runtime.instrumentation.MethodCallReplacementClassAdapter - Adding mock interface to class org/springframework/boot/devtools/restart/classloader/ClassLoaderFiles
05:24:29.184 [main] INFO org.evosuite.runtime.instrumentation.CreateClassResetClassAdapter - Creating brand-new static initializer in class org/springframework/boot/devtools/restart/classloader/ClassLoaderFiles
05:24:29.184 [main] DEBUG org.evosuite.runtime.agent.TransformerForTests - Going to instrument: org.springframework.boot.devtools.restart.classloader.ClassLoaderFileRepository
05:24:29.185 [main] DEBUG org.evosuite.runtime.agent.TransformerForTests - Going to instrument: org.springframework.boot.BootstrapRegistryInitializer
05:24:29.186 [main] DEBUG org.evosuite.runtime.agent.TransformerForTests - Going to instrument: org.springframework.core.annotation.RepeatableContainers$NoRepeatableContainers
05:24:29.186 [main] INFO org.evosuite.runtime.instrumentation.MethodCallReplacementClassAdapter - Adding mock interface to class org/springframework/core/annotation/RepeatableContainers$NoRepeatableContainers
05:24:29.186 [main] INFO org.evosuite.runtime.instrumentation.CreateClassResetClassAdapter - Found static initializer in class org/springframework/core/annotation/RepeatableContainers$NoRepeatableContainers
05:24:29.187 [main] DEBUG org.evosuite.runtime.agent.TransformerForTests - Going to instrument: org.springframework.core.annotation.RepeatableContainers
05:24:29.187 [main] INFO org.evosuite.runtime.instrumentation.MethodCallReplacementClassAdapter - Adding mock interface to class org/springframework/core/annotation/RepeatableContainers
05:24:29.187 [main] INFO org.evosuite.runtime.instrumentation.CreateClassResetClassAdapter - Creating brand-new static initializer in class org/springframework/core/annotation/RepeatableContainers
05:24:29.188 [main] DEBUG org.evosuite.runtime.agent.TransformerForTests - Going to instrument: org.springframework.core.annotation.RepeatableContainers$ExplicitRepeatableContainer
05:24:29.188 [main] INFO org.evosuite.runtime.instrumentation.MethodCallReplacementClassAdapter - Adding mock interface to class org/springframework/core/annotation/RepeatableContainers$ExplicitRepeatableContainer
05:24:29.189 [main] INFO org.evosuite.runtime.instrumentation.CreateClassResetClassAdapter - Creating brand-new static initializer in class org/springframework/core/annotation/RepeatableContainers$ExplicitRepeatableContainer
05:24:29.190 [main] DEBUG org.evosuite.runtime.agent.TransformerForTests - Going to instrument: org.springframework.core.annotation.RepeatableContainers$StandardRepeatableContainers
05:24:29.190 [main] INFO org.evosuite.runtime.instrumentation.MethodCallReplacementClassAdapter - Adding mock interface to class org/springframework/core/annotation/RepeatableContainers$StandardRepeatableContainers
05:24:29.190 [main] INFO org.evosuite.runtime.instrumentation.CreateClassResetClassAdapter - Found static initializer in class org/springframework/core/annotation/RepeatableContainers$StandardRepeatableContainers
05:24:29.192 [main] DEBUG org.evosuite.runtime.agent.TransformerForTests - Going to instrument: org.springframework.boot.context.properties.source.ConfigurationPropertyName
05:24:29.193 [main] INFO org.evosuite.runtime.instrumentation.MethodCallReplacementClassAdapter - Adding mock interface to class org/springframework/boot/context/properties/source/ConfigurationPropertyName
05:24:29.196 [main] INFO org.evosuite.runtime.instrumentation.CreateClassResetClassAdapter - Found static initializer in class org/springframework/boot/context/properties/source/ConfigurationPropertyName
05:24:29.197 [main] DEBUG org.evosuite.runtime.agent.TransformerForTests - Going to instrument: org.springframework.boot.context.properties.source.InvalidConfigurationPropertyNameException
05:24:29.198 [main] INFO org.evosuite.runtime.instrumentation.MethodCallReplacementClassAdapter - Adding mock interface to class org/springframework/boot/context/properties/source/InvalidConfigurationPropertyNameException
05:24:29.198 [main] INFO org.evosuite.runtime.instrumentation.CreateClassResetClassAdapter - Creating brand-new static initializer in class org/springframework/boot/context/properties/source/InvalidConfigurationPropertyNameException
05:24:29.199 [main] DEBUG org.evosuite.runtime.agent.TransformerForTests - Going to instrument: org.springframework.boot.context.properties.source.ConfigurationPropertyName$Elements
05:24:29.200 [main] INFO org.evosuite.runtime.instrumentation.MethodCallReplacementClassAdapter - Adding mock interface to class org/springframework/boot/context/properties/source/ConfigurationPropertyName$Elements
05:24:29.201 [main] INFO org.evosuite.runtime.instrumentation.CreateClassResetClassAdapter - Found static initializer in class org/springframework/boot/context/properties/source/ConfigurationPropertyName$Elements
05:24:29.202 [main] DEBUG org.evosuite.runtime.agent.TransformerForTests - Going to instrument: org.springframework.boot.context.properties.source.ConfigurationPropertyName$ElementType
05:24:29.202 [main] INFO org.evosuite.runtime.instrumentation.MethodCallReplacementClassAdapter - Adding mock interface to class org/springframework/boot/context/properties/source/ConfigurationPropertyName$ElementType
05:24:29.202 [main] INFO org.evosuite.runtime.instrumentation.CreateClassResetClassAdapter - Found static initializer in class org/springframework/boot/context/properties/source/ConfigurationPropertyName$ElementType
05:24:29.204 [main] DEBUG org.evosuite.runtime.agent.TransformerForTests - Going to instrument: org.springframework.boot.autoconfigure.BackgroundPreinitializer
05:24:29.204 [main] INFO org.evosuite.runtime.instrumentation.MethodCallReplacementClassAdapter - Adding mock interface to class org/springframework/boot/autoconfigure/BackgroundPreinitializer
05:24:29.206 [main] INFO org.evosuite.runtime.instrumentation.CreateClassResetClassAdapter - Found static initializer in class org/springframework/boot/autoconfigure/BackgroundPreinitializer
05:24:29.207 [main] DEBUG org.evosuite.runtime.agent.TransformerForTests - Going to instrument: org.springframework.core.NativeDetector
05:24:29.207 [main] INFO org.evosuite.runtime.instrumentation.MethodCallReplacementClassAdapter - Adding mock interface to class org/springframework/core/NativeDetector
05:24:29.208 [main] INFO org.evosuite.runtime.instrumentation.CreateClassResetClassAdapter - Found static initializer in class org/springframework/core/NativeDetector
05:24:29.210 [main] DEBUG org.evosuite.runtime.agent.TransformerForTests - Going to instrument: org.springframework.boot.context.ContextIdApplicationContextInitializer
05:24:29.210 [main] INFO org.evosuite.runtime.instrumentation.MethodCallReplacementClassAdapter - Adding mock interface to class org/springframework/boot/context/ContextIdApplicationContextInitializer
05:24:29.210 [main] INFO org.evosuite.runtime.instrumentation.CreateClassResetClassAdapter - Creating brand-new static initializer in class org/springframework/boot/context/ContextIdApplicationContextInitializer
05:24:29.211 [main] DEBUG org.evosuite.runtime.agent.TransformerForTests - Going to instrument: org.springframework.context.event.AbstractApplicationEventMulticaster$DefaultListenerRetriever
05:24:29.211 [main] INFO org.evosuite.runtime.instrumentation.MethodCallReplacementClassAdapter - Adding mock interface to class org/springframework/context/event/AbstractApplicationEventMulticaster$DefaultListenerRetriever
05:24:29.213 [main] INFO org.evosuite.runtime.instrumentation.CreateClassResetClassAdapter - Creating brand-new static initializer in class org/springframework/context/event/AbstractApplicationEventMulticaster$DefaultListenerRetriever
05:24:29.213 [main] DEBUG org.evosuite.runtime.agent.TransformerForTests - Going to instrument: org.springframework.core.convert.ConversionService
05:24:29.214 [main] DEBUG org.evosuite.runtime.agent.TransformerForTests - Going to instrument: org.springframework.boot.autoconfigure.EnableAutoConfiguration
05:24:29.215 [main] DEBUG org.evosuite.runtime.agent.TransformerForTests - Going to instrument: org.springframework.util.ConcurrentReferenceHashMap$Entries
05:24:29.216 [main] DEBUG org.evosuite.runtime.agent.TransformerForTests - Going to instrument: org.springframework.core.DecoratingProxy
05:24:29.216 [main] DEBUG org.evosuite.runtime.agent.TransformerForTests - Going to instrument: org.springframework.context.annotation.ComponentScan
05:24:29.217 [main] DEBUG org.evosuite.runtime.agent.TransformerForTests - Going to instrument: org.springframework.core.annotation.MergedAnnotationSelectors$FirstDirectlyDeclared
05:24:29.217 [main] INFO org.evosuite.runtime.instrumentation.MethodCallReplacementClassAdapter - Adding mock interface to class org/springframework/core/annotation/MergedAnnotationSelectors$FirstDirectlyDeclared
05:24:29.218 [main] INFO org.evosuite.runtime.instrumentation.CreateClassResetClassAdapter - Creating brand-new static initializer in class org/springframework/core/annotation/MergedAnnotationSelectors$FirstDirectlyDeclared
05:24:29.218 [main] DEBUG org.evosuite.runtime.agent.TransformerForTests - Going to instrument: org.springframework.core.annotation.MergedAnnotationSelector
05:24:29.219 [main] DEBUG org.evosuite.runtime.agent.TransformerForTests - Going to instrument: org.springframework.boot.devtools.restart.MainMethod
05:24:29.219 [main] INFO org.evosuite.runtime.instrumentation.MethodCallReplacementClassAdapter - Adding mock interface to class org/springframework/boot/devtools/restart/MainMethod
05:24:29.221 [main] INFO org.evosuite.runtime.instrumentation.CreateClassResetClassAdapter - Creating brand-new static initializer in class org/springframework/boot/devtools/restart/MainMethod
05:24:29.222 [main] DEBUG org.evosuite.runtime.agent.TransformerForTests - Going to instrument: org.springframework.util.MultiValueMapAdapter
05:24:29.223 [main] INFO org.evosuite.runtime.instrumentation.MethodCallReplacementClassAdapter - Adding mock interface to class org/springframework/util/MultiValueMapAdapter
05:24:29.224 [main] INFO org.evosuite.runtime.instrumentation.CreateClassResetClassAdapter - Creating brand-new static initializer in class org/springframework/util/MultiValueMapAdapter
05:24:29.225 [main] DEBUG org.evosuite.runtime.agent.TransformerForTests - Going to instrument: org.springframework.util.MultiValueMap
05:24:29.226 [main] DEBUG org.evosuite.runtime.agent.TransformerForTests - Going to instrument: org.springframework.beans.factory.ObjectFactory
05:24:29.227 [main] DEBUG org.evosuite.runtime.agent.TransformerForTests - Going to instrument: org.springframework.core.ResolvableType$1
05:24:29.228 [main] INFO org.evosuite.runtime.instrumentation.MethodCallReplacementClassAdapter - Adding mock interface to class org/springframework/core/ResolvableType$1
05:24:29.230 [main] DEBUG org.evosuite.runtime.agent.TransformerForTests - Going to instrument: org.springframework.core.ResolvableType
05:24:29.231 [main] INFO org.evosuite.runtime.instrumentation.MethodCallReplacementClassAdapter - Adding mock interface to class org/springframework/core/ResolvableType
05:24:29.236 [main] INFO org.evosuite.runtime.instrumentation.CreateClassResetClassAdapter - Found static initializer in class org/springframework/core/ResolvableType
05:24:29.237 [main] DEBUG org.evosuite.runtime.agent.TransformerForTests - Going to instrument: org.springframework.core.ResolvableType$VariableResolver
05:24:29.238 [main] DEBUG org.evosuite.runtime.agent.TransformerForTests - Going to instrument: org.springframework.core.SerializableTypeWrapper$TypeProvider
05:24:29.240 [main] DEBUG org.evosuite.runtime.agent.TransformerForTests - Going to instrument: org.springframework.core.ResolvableType$EmptyType
05:24:29.240 [main] INFO org.evosuite.runtime.instrumentation.MethodCallReplacementClassAdapter - Adding mock interface to class org/springframework/core/ResolvableType$EmptyType
05:24:29.241 [main] INFO org.evosuite.runtime.instrumentation.CreateClassResetClassAdapter - Found static initializer in class org/springframework/core/ResolvableType$EmptyType
05:24:29.242 [main] DEBUG org.evosuite.runtime.agent.TransformerForTests - Going to instrument: org.springframework.boot.WebApplicationType
05:24:29.243 [main] INFO org.evosuite.runtime.instrumentation.MethodCallReplacementClassAdapter - Adding mock interface to class org/springframework/boot/WebApplicationType
05:24:29.243 [main] INFO org.evosuite.runtime.instrumentation.CreateClassResetClassAdapter - Found static initializer in class org/springframework/boot/WebApplicationType
05:24:29.244 [main] DEBUG org.evosuite.runtime.agent.TransformerForTests - Going to instrument: org.springframework.boot.devtools.restart.SilentExitExceptionHandler
05:24:29.244 [main] INFO org.evosuite.runtime.instrumentation.MethodCallReplacementClassAdapter - Adding mock interface to class org/springframework/boot/devtools/restart/SilentExitExceptionHandler
05:24:29.246 [main] INFO org.evosuite.runtime.instrumentation.CreateClassResetClassAdapter - Creating brand-new static initializer in class org/springframework/boot/devtools/restart/SilentExitExceptionHandler
05:24:29.246 [main] DEBUG org.evosuite.runtime.agent.TransformerForTests - Going to instrument: org.springframework.boot.devtools.restart.SilentExitExceptionHandler$SilentExitException
05:24:29.246 [main] INFO org.evosuite.runtime.instrumentation.MethodCallReplacementClassAdapter - Adding mock interface to class org/springframework/boot/devtools/restart/SilentExitExceptionHandler$SilentExitException
05:24:29.247 [main] INFO org.evosuite.runtime.instrumentation.CreateClassResetClassAdapter - Creating brand-new static initializer in class org/springframework/boot/devtools/restart/SilentExitExceptionHandler$SilentExitException
05:24:29.247 [main] DEBUG org.evosuite.runtime.agent.TransformerForTests - Going to instrument: org.springframework.boot.context.event.ApplicationPreparedEvent
05:24:29.247 [main] INFO org.evosuite.runtime.instrumentation.MethodCallReplacementClassAdapter - Adding mock interface to class org/springframework/boot/context/event/ApplicationPreparedEvent
05:24:29.247 [main] INFO org.evosuite.runtime.instrumentation.CreateClassResetClassAdapter - Creating brand-new static initializer in class org/springframework/boot/context/event/ApplicationPreparedEvent
05:24:29.249 [main] DEBUG org.evosuite.runtime.agent.TransformerForTests - Going to instrument: org.springframework.boot.devtools.restart.classloader.RestartClassLoader
05:24:29.249 [main] INFO org.evosuite.runtime.instrumentation.MethodCallReplacementClassAdapter - Adding mock interface to class org/springframework/boot/devtools/restart/classloader/RestartClassLoader
05:24:29.251 [main] INFO org.evosuite.runtime.instrumentation.CreateClassResetClassAdapter - Creating brand-new static initializer in class org/springframework/boot/devtools/restart/classloader/RestartClassLoader
05:24:29.253 [main] DEBUG org.evosuite.runtime.agent.TransformerForTests - Going to instrument: org.springframework.boot.devtools.restart.classloader.ClassLoaderFileURLStreamHandler
05:24:29.253 [main] INFO org.evosuite.runtime.instrumentation.MethodCallReplacementClassAdapter - Adding mock interface to class org/springframework/boot/devtools/restart/classloader/ClassLoaderFileURLStreamHandler
05:24:29.253 [main] INFO org.evosuite.runtime.instrumentation.CreateClassResetClassAdapter - Creating brand-new static initializer in class org/springframework/boot/devtools/restart/classloader/ClassLoaderFileURLStreamHandler
05:24:29.255 [main] DEBUG org.evosuite.runtime.agent.TransformerForTests - Going to instrument: org.springframework.boot.devtools.restart.FailureHandler
05:24:29.256 [main] DEBUG org.evosuite.runtime.agent.TransformerForTests - Going to instrument: org.springframework.boot.devtools.restart.FailureHandler$Outcome
05:24:29.256 [main] INFO org.evosuite.runtime.instrumentation.MethodCallReplacementClassAdapter - Adding mock interface to class org/springframework/boot/devtools/restart/FailureHandler$Outcome
05:24:29.256 [main] INFO org.evosuite.runtime.instrumentation.CreateClassResetClassAdapter - Found static initializer in class org/springframework/boot/devtools/restart/FailureHandler$Outcome
05:24:29.257 [main] DEBUG org.evosuite.runtime.agent.TransformerForTests - Going to instrument: org.springframework.core.annotation.MergedAnnotationSelectors
05:24:29.257 [main] INFO org.evosuite.runtime.instrumentation.MethodCallReplacementClassAdapter - Adding mock interface to class org/springframework/core/annotation/MergedAnnotationSelectors
05:24:29.257 [main] INFO org.evosuite.runtime.instrumentation.CreateClassResetClassAdapter - Found static initializer in class org/springframework/core/annotation/MergedAnnotationSelectors
05:24:29.258 [main] DEBUG org.evosuite.runtime.agent.TransformerForTests - Going to instrument: org.springframework.core.annotation.MergedAnnotationSelectors$Nearest
05:24:29.258 [main] INFO org.evosuite.runtime.instrumentation.MethodCallReplacementClassAdapter - Adding mock interface to class org/springframework/core/annotation/MergedAnnotationSelectors$Nearest
05:24:29.258 [main] INFO org.evosuite.runtime.instrumentation.CreateClassResetClassAdapter - Creating brand-new static initializer in class org/springframework/core/annotation/MergedAnnotationSelectors$Nearest
05:24:29.259 [main] DEBUG org.evosuite.runtime.agent.TransformerForTests - Going to instrument: org.springframework.core.env.SimpleCommandLinePropertySource
05:24:29.259 [main] INFO org.evosuite.runtime.instrumentation.MethodCallReplacementClassAdapter - Adding mock interface to class org/springframework/core/env/SimpleCommandLinePropertySource
05:24:29.259 [main] INFO org.evosuite.runtime.instrumentation.CreateClassResetClassAdapter - Creating brand-new static initializer in class org/springframework/core/env/SimpleCommandLinePropertySource
05:24:29.261 [main] DEBUG org.evosuite.runtime.agent.TransformerForTests - Going to instrument: org.springframework.boot.SpringApplication
05:24:29.262 [main] INFO org.evosuite.runtime.instrumentation.MethodCallReplacementClassAdapter - Adding mock interface to class org/springframework/boot/SpringApplication
05:24:29.271 [main] INFO org.evosuite.runtime.instrumentation.CreateClassResetClassAdapter - Found static initializer in class org/springframework/boot/SpringApplication
05:24:29.273 [main] DEBUG org.evosuite.runtime.agent.TransformerForTests - Going to instrument: org.springframework.boot.ConfigurableBootstrapContext
05:24:29.274 [main] DEBUG org.evosuite.runtime.agent.TransformerForTests - Going to instrument: org.springframework.boot.BootstrapContext
05:24:29.274 [main] DEBUG org.evosuite.runtime.agent.TransformerForTests - Going to instrument: org.springframework.boot.ExitCodeEvent
05:24:29.275 [main] INFO org.evosuite.runtime.instrumentation.MethodCallReplacementClassAdapter - Adding mock interface to class org/springframework/boot/ExitCodeEvent
05:24:29.275 [main] INFO org.evosuite.runtime.instrumentation.CreateClassResetClassAdapter - Creating brand-new static initializer in class org/springframework/boot/ExitCodeEvent
05:24:29.276 [main] DEBUG org.evosuite.runtime.agent.TransformerForTests - Going to instrument: org.springframework.beans.factory.config.BeanFactoryPostProcessor
05:24:29.276 [main] DEBUG org.evosuite.runtime.agent.TransformerForTests - Going to instrument: org.springframework.core.convert.support.ConfigurableConversionService
05:24:29.276 [main] DEBUG org.evosuite.runtime.agent.TransformerForTests - Going to instrument: org.springframework.core.convert.converter.ConverterRegistry
05:24:29.277 [main] DEBUG org.evosuite.runtime.agent.TransformerForTests - Going to instrument: org.springframework.core.env.CompositePropertySource
05:24:29.277 [main] INFO org.evosuite.runtime.instrumentation.MethodCallReplacementClassAdapter - Adding mock interface to class org/springframework/core/env/CompositePropertySource
05:24:29.278 [main] INFO org.evosuite.runtime.instrumentation.CreateClassResetClassAdapter - Creating brand-new static initializer in class org/springframework/core/env/CompositePropertySource
05:24:29.280 [main] DEBUG org.evosuite.runtime.agent.TransformerForTests - Going to instrument: org.apache.logging.log4j.spi.ExtendedLogger
05:24:29.281 [main] DEBUG org.evosuite.runtime.agent.TransformerForTests - Going to instrument: org.apache.logging.log4j.Logger
05:24:29.285 [main] DEBUG org.evosuite.runtime.agent.TransformerForTests - Going to instrument: org.apache.logging.slf4j.SLF4JProvider
05:24:29.285 [main] INFO org.evosuite.runtime.instrumentation.MethodCallReplacementClassAdapter - Adding mock interface to class org/apache/logging/slf4j/SLF4JProvider
05:24:29.285 [main] INFO org.evosuite.runtime.instrumentation.CreateClassResetClassAdapter - Creating brand-new static initializer in class org/apache/logging/slf4j/SLF4JProvider
05:24:29.286 [main] DEBUG org.evosuite.runtime.agent.TransformerForTests - Going to instrument: org.apache.logging.log4j.spi.Provider
05:24:29.286 [main] INFO org.evosuite.runtime.instrumentation.MethodCallReplacementClassAdapter - Adding mock interface to class org/apache/logging/log4j/spi/Provider
05:24:29.287 [main] INFO org.evosuite.runtime.instrumentation.CreateClassResetClassAdapter - Found static initializer in class org/apache/logging/log4j/spi/Provider
05:24:29.290 [main] DEBUG org.evosuite.runtime.agent.TransformerForTests - Going to instrument: org.springframework.boot.SpringApplicationShutdownHook
05:24:29.291 [main] INFO org.evosuite.runtime.instrumentation.MethodCallReplacementClassAdapter - Adding mock interface to class org/springframework/boot/SpringApplicationShutdownHook
05:24:29.293 [main] INFO org.evosuite.runtime.instrumentation.CreateClassResetClassAdapter - Found static initializer in class org/springframework/boot/SpringApplicationShutdownHook
05:24:29.295 [main] DEBUG org.evosuite.runtime.agent.TransformerForTests - Going to instrument: org.springframework.core.io.support.PropertiesLoaderUtils
05:24:29.295 [main] INFO org.evosuite.runtime.instrumentation.MethodCallReplacementClassAdapter - Adding mock interface to class org/springframework/core/io/support/PropertiesLoaderUtils
05:24:29.296 [main] INFO org.evosuite.runtime.instrumentation.CreateClassResetClassAdapter - Found static initializer in class org/springframework/core/io/support/PropertiesLoaderUtils
05:24:29.298 [main] DEBUG org.evosuite.runtime.agent.TransformerForTests - Going to instrument: org.springframework.util.PropertiesPersister
05:24:29.299 [main] DEBUG org.evosuite.runtime.agent.TransformerForTests - Going to instrument: org.springframework.boot.devtools.restart.Restarter
05:24:29.300 [main] INFO org.evosuite.runtime.instrumentation.MethodCallReplacementClassAdapter - Adding mock interface to class org/springframework/boot/devtools/restart/Restarter
05:24:29.303 [main] INFO org.evosuite.runtime.instrumentation.CreateClassResetClassAdapter - Found static initializer in class org/springframework/boot/devtools/restart/Restarter
05:24:29.305 [main] DEBUG org.evosuite.runtime.agent.TransformerForTests - Going to instrument: org.springframework.context.support.GenericApplicationContext
05:24:29.306 [main] INFO org.evosuite.runtime.instrumentation.MethodCallReplacementClassAdapter - Adding mock interface to class org/springframework/context/support/GenericApplicationContext
05:24:29.309 [main] INFO org.evosuite.runtime.instrumentation.CreateClassResetClassAdapter - Creating brand-new static initializer in class org/springframework/context/support/GenericApplicationContext
05:24:29.310 [main] DEBUG org.evosuite.runtime.agent.TransformerForTests - Going to instrument: org.springframework.beans.factory.support.BeanDefinitionRegistry
05:24:29.310 [main] DEBUG org.evosuite.runtime.agent.TransformerForTests - Going to instrument: org.springframework.core.AliasRegistry
05:24:29.311 [main] DEBUG org.evosuite.runtime.agent.TransformerForTests - Going to instrument: org.springframework.core.annotation.AnnotationsProcessor
05:24:29.312 [main] DEBUG org.evosuite.runtime.agent.TransformerForTests - Going to instrument: org.springframework.boot.logging.DeferredLogFactory
05:24:29.313 [main] DEBUG org.evosuite.runtime.agent.TransformerForTests - Going to instrument: org.springframework.core.annotation.AttributeMethods
05:24:29.313 [main] INFO org.evosuite.runtime.instrumentation.MethodCallReplacementClassAdapter - Adding mock interface to class org/springframework/core/annotation/AttributeMethods
05:24:29.315 [main] INFO org.evosuite.runtime.instrumentation.CreateClassResetClassAdapter - Found static initializer in class org/springframework/core/annotation/AttributeMethods
05:24:29.317 [main] DEBUG org.evosuite.runtime.agent.TransformerForTests - Going to instrument: org.springframework.boot.logging.logback.LogbackLoggingSystem$Factory
05:24:29.317 [main] INFO org.evosuite.runtime.instrumentation.MethodCallReplacementClassAdapter - Adding mock interface to class org/springframework/boot/logging/logback/LogbackLoggingSystem$Factory
05:24:29.317 [main] INFO org.evosuite.runtime.instrumentation.CreateClassResetClassAdapter - Found static initializer in class org/springframework/boot/logging/logback/LogbackLoggingSystem$Factory
05:24:29.319 [main] DEBUG org.evosuite.runtime.agent.TransformerForTests - Going to instrument: org.springframework.boot.context.properties.bind.Bindable
05:24:29.319 [main] INFO org.evosuite.runtime.instrumentation.MethodCallReplacementClassAdapter - Adding mock interface to class org/springframework/boot/context/properties/bind/Bindable
05:24:29.320 [main] INFO org.evosuite.runtime.instrumentation.CreateClassResetClassAdapter - Found static initializer in class org/springframework/boot/context/properties/bind/Bindable
05:24:29.321 [main] DEBUG org.evosuite.runtime.agent.TransformerForTests - Going to instrument: org.springframework.boot.web.context.ServerPortInfoApplicationContextInitializer
05:24:29.321 [main] INFO org.evosuite.runtime.instrumentation.MethodCallReplacementClassAdapter - Adding mock interface to class org/springframework/boot/web/context/ServerPortInfoApplicationContextInitializer
05:24:29.323 [main] INFO org.evosuite.runtime.instrumentation.CreateClassResetClassAdapter - Creating brand-new static initializer in class org/springframework/boot/web/context/ServerPortInfoApplicationContextInitializer
05:24:29.323 [main] DEBUG org.evosuite.runtime.agent.TransformerForTests - Going to instrument: org.springframework.core.env.MapPropertySource
05:24:29.323 [main] INFO org.evosuite.runtime.instrumentation.MethodCallReplacementClassAdapter - Adding mock interface to class org/springframework/core/env/MapPropertySource
05:24:29.323 [main] INFO org.evosuite.runtime.instrumentation.CreateClassResetClassAdapter - Creating brand-new static initializer in class org/springframework/core/env/MapPropertySource
05:24:29.324 [main] DEBUG org.evosuite.runtime.agent.TransformerForTests - Going to instrument: org.springframework.boot.env.EnvironmentPostProcessorApplicationListener
05:24:29.324 [main] INFO org.evosuite.runtime.instrumentation.MethodCallReplacementClassAdapter - Adding mock interface to class org/springframework/boot/env/EnvironmentPostProcessorApplicationListener
05:24:29.325 [main] INFO org.evosuite.runtime.instrumentation.CreateClassResetClassAdapter - Creating brand-new static initializer in class org/springframework/boot/env/EnvironmentPostProcessorApplicationListener
05:24:29.325 [main] INFO org.evosuite.runtime.instrumentation.CreateClassResetClassAdapter - Adding bytecode for initializing field DEFAULT_ORDER
05:24:29.326 [main] DEBUG org.evosuite.runtime.agent.TransformerForTests - Going to instrument: org.springframework.core.LocalVariableTableParameterNameDiscoverer
05:24:29.326 [main] INFO org.evosuite.runtime.instrumentation.MethodCallReplacementClassAdapter - Adding mock interface to class org/springframework/core/LocalVariableTableParameterNameDiscoverer
05:24:29.327 [main] INFO org.evosuite.runtime.instrumentation.CreateClassResetClassAdapter - Found static initializer in class org/springframework/core/LocalVariableTableParameterNameDiscoverer
05:24:29.328 [main] DEBUG org.evosuite.runtime.agent.TransformerForTests - Going to instrument: org.springframework.core.ParameterNameDiscoverer
05:24:29.328 [main] DEBUG org.evosuite.runtime.agent.TransformerForTests - Going to instrument: org.springframework.core.LocalVariableTableParameterNameDiscoverer$ParameterNameDiscoveringVisitor
05:24:29.328 [main] INFO org.evosuite.runtime.instrumentation.MethodCallReplacementClassAdapter - Adding mock interface to class org/springframework/core/LocalVariableTableParameterNameDiscoverer$ParameterNameDiscoveringVisitor
05:24:29.329 [main] INFO org.evosuite.runtime.instrumentation.CreateClassResetClassAdapter - Creating brand-new static initializer in class org/springframework/core/LocalVariableTableParameterNameDiscoverer$ParameterNameDiscoveringVisitor
05:24:29.329 [main] INFO org.evosuite.runtime.instrumentation.CreateClassResetClassAdapter - Adding bytecode for initializing field STATIC_CLASS_INIT
05:24:29.329 [main] DEBUG org.evosuite.runtime.agent.TransformerForTests - Going to instrument: org.springframework.boot.env.EnvironmentPostProcessorsFactory
05:24:29.330 [main] DEBUG org.evosuite.runtime.agent.TransformerForTests - Going to instrument: org.springframework.boot.ClearCachesApplicationListener
05:24:29.330 [main] INFO org.evosuite.runtime.instrumentation.MethodCallReplacementClassAdapter - Adding mock interface to class org/springframework/boot/ClearCachesApplicationListener
05:24:29.331 [main] INFO org.evosuite.runtime.instrumentation.CreateClassResetClassAdapter - Creating brand-new static initializer in class org/springframework/boot/ClearCachesApplicationListener
05:24:29.331 [main] DEBUG org.evosuite.runtime.agent.TransformerForTests - Going to instrument: org.springframework.boot.devtools.logger.DevToolsLogFactory$Listener
05:24:29.331 [main] INFO org.evosuite.runtime.instrumentation.MethodCallReplacementClassAdapter - Adding mock interface to class org/springframework/boot/devtools/logger/DevToolsLogFactory$Listener
05:24:29.332 [main] INFO org.evosuite.runtime.instrumentation.CreateClassResetClassAdapter - Creating brand-new static initializer in class org/springframework/boot/devtools/logger/DevToolsLogFactory$Listener
05:24:29.332 [main] DEBUG org.evosuite.runtime.agent.TransformerForTests - Going to instrument: org.springframework.boot.logging.log4j2.Log4J2LoggingSystem$Factory
05:24:29.332 [main] INFO org.evosuite.runtime.instrumentation.MethodCallReplacementClassAdapter - Adding mock interface to class org/springframework/boot/logging/log4j2/Log4J2LoggingSystem$Factory
05:24:29.333 [main] INFO org.evosuite.runtime.instrumentation.CreateClassResetClassAdapter - Found static initializer in class org/springframework/boot/logging/log4j2/Log4J2LoggingSystem$Factory
05:24:29.334 [main] DEBUG org.evosuite.runtime.agent.TransformerForTests - Going to instrument: org.springframework.boot.logging.log4j2.Log4J2LoggingSystem
05:24:29.334 [main] INFO org.evosuite.runtime.instrumentation.MethodCallReplacementClassAdapter - Adding mock interface to class org/springframework/boot/logging/log4j2/Log4J2LoggingSystem
05:24:29.337 [main] ERROR org.evosuite.runtime.instrumentation.RuntimeInstrumentation - Error while instrumenting class org/springframework/boot/logging/log4j2/Log4J2LoggingSystem: Class not found: org/apache/logging/log4j/core/config/composite/CompositeConfiguration: java.lang.NullPointerException: Class not found org/apache/logging/log4j/core/config/composite/CompositeConfiguration
java.lang.RuntimeException: Class not found: org/apache/logging/log4j/core/config/composite/CompositeConfiguration: java.lang.NullPointerException: Class not found org/apache/logging/log4j/core/config/composite/CompositeConfiguration
	at org.evosuite.runtime.util.ComputeClassWriter.getCommonSuperClass(ComputeClassWriter.java:56)
	at org.evosuite.shaded.org.objectweb.asm.SymbolTable.addMergedType(SymbolTable.java:1202)
	at org.evosuite.shaded.org.objectweb.asm.Frame.merge(Frame.java:1299)
	at org.evosuite.shaded.org.objectweb.asm.Frame.merge(Frame.java:1244)
	at org.evosuite.shaded.org.objectweb.asm.MethodWriter.computeAllFrames(MethodWriter.java:1610)
	at org.evosuite.shaded.org.objectweb.asm.MethodWriter.visitMaxs(MethodWriter.java:1546)
	at org.evosuite.shaded.org.objectweb.asm.MethodVisitor.visitMaxs(MethodVisitor.java:773)
	at org.evosuite.shaded.org.objectweb.asm.commons.LocalVariablesSorter.visitMaxs(LocalVariablesSorter.java:148)
	at org.evosuite.runtime.instrumentation.MethodCallReplacementMethodAdapter.visitMaxs(MethodCallReplacementMethodAdapter.java:155)
	at org.evosuite.shaded.org.objectweb.asm.MethodVisitor.visitMaxs(MethodVisitor.java:773)
	at org.evosuite.runtime.instrumentation.KillSwitchMethodAdapter.visitMaxs(KillSwitchMethodAdapter.java:43)
	at org.evosuite.shaded.org.objectweb.asm.MethodVisitor.visitMaxs(MethodVisitor.java:773)
	at org.evosuite.runtime.instrumentation.LoopCounterMethodAdapter.visitMaxs(LoopCounterMethodAdapter.java:48)
	at org.evosuite.shaded.org.objectweb.asm.tree.MethodNode.accept(MethodNode.java:769)
	at org.evosuite.shaded.org.objectweb.asm.commons.JSRInlinerAdapter.visitEnd(JSRInlinerAdapter.java:158)
	at org.evosuite.shaded.org.objectweb.asm.tree.MethodNode.accept(MethodNode.java:772)
	at org.evosuite.shaded.org.objectweb.asm.tree.MethodNode.accept(MethodNode.java:649)
	at org.evosuite.shaded.org.objectweb.asm.tree.ClassNode.accept(ClassNode.java:452)
	at org.evosuite.runtime.instrumentation.RuntimeInstrumentation.transformBytes(RuntimeInstrumentation.java:157)
	at org.evosuite.runtime.agent.TransformerForTests.transform(TransformerForTests.java:84)
	at java.instrument/java.lang.instrument.ClassFileTransformer.transform(ClassFileTransformer.java:246)
	at java.instrument/sun.instrument.TransformerManager.transform(TransformerManager.java:188)
	at java.instrument/sun.instrument.InstrumentationImpl.transform(InstrumentationImpl.java:563)
	at java.base/java.lang.ClassLoader.defineClass1(Native Method)
	at java.base/java.lang.ClassLoader.defineClass(ClassLoader.java:1017)
	at java.base/java.security.SecureClassLoader.defineClass(SecureClassLoader.java:174)
	at java.base/jdk.internal.loader.BuiltinClassLoader.defineClass(BuiltinClassLoader.java:800)
	at java.base/jdk.internal.loader.BuiltinClassLoader$4.run(BuiltinClassLoader.java:711)
	at java.base/jdk.internal.loader.BuiltinClassLoader$4.run(BuiltinClassLoader.java:706)
	at java.base/java.security.AccessController.doPrivileged(Native Method)
	at java.base/jdk.internal.loader.BuiltinClassLoader.findClassOnClassPathOrNull(BuiltinClassLoader.java:719)
	at java.base/jdk.internal.loader.BuiltinClassLoader.loadClassOrNull(BuiltinClassLoader.java:621)
	at java.base/jdk.internal.loader.BuiltinClassLoader.loadClass(BuiltinClassLoader.java:579)
	at java.base/jdk.internal.loader.ClassLoaders$AppClassLoader.loadClass(ClassLoaders.java:178)
	at java.base/java.lang.ClassLoader.loadClass(ClassLoader.java:522)
	at java.base/java.lang.Class.forName0(Native Method)
	at java.base/java.lang.Class.forName(Class.java:398)
	at org.evosuite.runtime.classhandling.ClassStateSupport.loadClasses(ClassStateSupport.java:164)
	at org.evosuite.runtime.classhandling.ClassStateSupport.initializeClasses(ClassStateSupport.java:65)
	at com.iwamih31.AccountBookApplication_ESTest_scaffolding.initializeClasses(AccountBookApplication_ESTest_scaffolding.java:79)
	at com.iwamih31.AccountBookApplication_ESTest_scaffolding.initEvoSuiteFramework(AccountBookApplication_ESTest_scaffolding.java:39)
	at java.base/jdk.internal.reflect.NativeMethodAccessorImpl.invoke0(Native Method)
	at java.base/jdk.internal.reflect.NativeMethodAccessorImpl.invoke(NativeMethodAccessorImpl.java:62)
	at java.base/jdk.internal.reflect.DelegatingMethodAccessorImpl.invoke(DelegatingMethodAccessorImpl.java:43)
	at java.base/java.lang.reflect.Method.invoke(Method.java:566)
	at org.junit.runners.model.FrameworkMethod$1.runReflectiveCall(FrameworkMethod.java:59)
	at org.junit.internal.runners.model.ReflectiveCallable.run(ReflectiveCallable.java:12)
	at org.junit.runners.model.FrameworkMethod.invokeExplosively(FrameworkMethod.java:56)
	at org.junit.internal.runners.statements.RunBefores.invokeMethod(RunBefores.java:33)
	at org.junit.internal.runners.statements.RunBefores.evaluate(RunBefores.java:24)
	at org.junit.internal.runners.statements.RunAfters.evaluate(RunAfters.java:27)
	at org.junit.runners.ParentRunner$3.evaluate(ParentRunner.java:306)
	at org.junit.runners.ParentRunner.run(ParentRunner.java:413)
	at org.junit.runner.JUnitCore.run(JUnitCore.java:137)
	at org.junit.runner.JUnitCore.run(JUnitCore.java:115)
	at org.junit.vintage.engine.execution.RunnerExecutor.execute(RunnerExecutor.java:42)
	at org.junit.vintage.engine.VintageTestEngine.executeAllChildren(VintageTestEngine.java:80)
	at org.junit.vintage.engine.VintageTestEngine.execute(VintageTestEngine.java:72)
	at org.junit.platform.launcher.core.DefaultLauncher.execute(DefaultLauncher.java:220)
	at org.junit.platform.launcher.core.DefaultLauncher.lambda$execute$6(DefaultLauncher.java:188)
	at org.junit.platform.launcher.core.DefaultLauncher.withInterceptedStreams(DefaultLauncher.java:202)
	at org.junit.platform.launcher.core.DefaultLauncher.execute(DefaultLauncher.java:181)
	at org.junit.platform.launcher.core.DefaultLauncher.execute(DefaultLauncher.java:128)
	at org.apache.maven.surefire.junitplatform.JUnitPlatformProvider.invokeAllTests(JUnitPlatformProvider.java:150)
	at org.apache.maven.surefire.junitplatform.JUnitPlatformProvider.invoke(JUnitPlatformProvider.java:124)
	at org.apache.maven.surefire.booter.ForkedBooter.invokeProviderInSameClassLoader(ForkedBooter.java:384)
	at org.apache.maven.surefire.booter.ForkedBooter.runSuitesInProcess(ForkedBooter.java:345)
	at org.apache.maven.surefire.booter.ForkedBooter.execute(ForkedBooter.java:126)
	at org.apache.maven.surefire.booter.ForkedBooter.main(ForkedBooter.java:418)
Caused by: java.lang.NullPointerException: Class not found org/apache/logging/log4j/core/config/composite/CompositeConfiguration
	at org.evosuite.runtime.util.ComputeClassWriter.typeInfo(ComputeClassWriter.java:189)
	at org.evosuite.runtime.util.ComputeClassWriter.getCommonSuperClass(ComputeClassWriter.java:53)
	... 68 common frames omitted
05:24:29.338 [main] DEBUG org.evosuite.runtime.agent.TransformerForTests - Going to instrument: org.springframework.boot.devtools.restart.classloader.ClassLoaderFile
05:24:29.339 [main] INFO org.evosuite.runtime.instrumentation.MethodCallReplacementClassAdapter - Adding mock interface to class org/springframework/boot/devtools/restart/classloader/ClassLoaderFile
05:24:29.340 [main] INFO org.evosuite.runtime.instrumentation.CreateClassResetClassAdapter - Creating brand-new static initializer in class org/springframework/boot/devtools/restart/classloader/ClassLoaderFile
05:24:29.341 [main] DEBUG org.evosuite.runtime.agent.TransformerForTests - Going to instrument: org.springframework.util.ConcurrentReferenceHashMap$SoftEntryReference
05:24:29.341 [main] INFO org.evosuite.runtime.instrumentation.MethodCallReplacementClassAdapter - Adding mock interface to class org/springframework/util/ConcurrentReferenceHashMap$SoftEntryReference
05:24:29.341 [main] INFO org.evosuite.runtime.instrumentation.CreateClassResetClassAdapter - Creating brand-new static initializer in class org/springframework/util/ConcurrentReferenceHashMap$SoftEntryReference
05:24:29.343 [main] DEBUG org.evosuite.runtime.agent.TransformerForTests - Going to instrument: org.springframework.beans.BeanUtils
05:24:29.344 [main] INFO org.evosuite.runtime.instrumentation.MethodCallReplacementClassAdapter - Adding mock interface to class org/springframework/beans/BeanUtils
05:24:29.347 [main] INFO org.evosuite.runtime.instrumentation.CreateClassResetClassAdapter - Found static initializer in class org/springframework/beans/BeanUtils
05:24:29.349 [main] DEBUG org.evosuite.runtime.agent.TransformerForTests - Going to instrument: org.springframework.beans.BeanInstantiationException
05:24:29.349 [main] INFO org.evosuite.runtime.instrumentation.MethodCallReplacementClassAdapter - Adding mock interface to class org/springframework/beans/BeanInstantiationException
05:24:29.350 [main] INFO org.evosuite.runtime.instrumentation.CreateClassResetClassAdapter - Creating brand-new static initializer in class org/springframework/beans/BeanInstantiationException
05:24:29.350 [main] DEBUG org.evosuite.runtime.agent.TransformerForTests - Going to instrument: org.springframework.core.DefaultParameterNameDiscoverer
05:24:29.351 [main] INFO org.evosuite.runtime.instrumentation.MethodCallReplacementClassAdapter - Adding mock interface to class org/springframework/core/DefaultParameterNameDiscoverer
05:24:29.351 [main] INFO org.evosuite.runtime.instrumentation.CreateClassResetClassAdapter - Creating brand-new static initializer in class org/springframework/core/DefaultParameterNameDiscoverer
05:24:29.351 [main] DEBUG org.evosuite.runtime.agent.TransformerForTests - Going to instrument: org.springframework.core.PrioritizedParameterNameDiscoverer
05:24:29.351 [main] INFO org.evosuite.runtime.instrumentation.MethodCallReplacementClassAdapter - Adding mock interface to class org/springframework/core/PrioritizedParameterNameDiscoverer
05:24:29.352 [main] INFO org.evosuite.runtime.instrumentation.CreateClassResetClassAdapter - Creating brand-new static initializer in class org/springframework/core/PrioritizedParameterNameDiscoverer
05:24:29.352 [main] DEBUG org.evosuite.runtime.agent.TransformerForTests - Going to instrument: org.springframework.core.KotlinDetector
05:24:29.352 [main] INFO org.evosuite.runtime.instrumentation.MethodCallReplacementClassAdapter - Adding mock interface to class org/springframework/core/KotlinDetector
05:24:29.352 [main] INFO org.evosuite.runtime.instrumentation.CreateClassResetClassAdapter - Found static initializer in class org/springframework/core/KotlinDetector
05:24:29.353 [main] DEBUG org.evosuite.runtime.agent.TransformerForTests - Going to instrument: org.springframework.core.StandardReflectionParameterNameDiscoverer
05:24:29.354 [main] INFO org.evosuite.runtime.instrumentation.MethodCallReplacementClassAdapter - Adding mock interface to class org/springframework/core/StandardReflectionParameterNameDiscoverer
05:24:29.354 [main] INFO org.evosuite.runtime.instrumentation.CreateClassResetClassAdapter - Creating brand-new static initializer in class org/springframework/core/StandardReflectionParameterNameDiscoverer
05:24:29.355 [main] DEBUG org.evosuite.runtime.agent.TransformerForTests - Going to instrument: org.springframework.core.NestedIOException
05:24:29.355 [main] INFO org.evosuite.runtime.instrumentation.MethodCallReplacementClassAdapter - Adding mock interface to class org/springframework/core/NestedIOException
05:24:29.355 [main] INFO org.evosuite.runtime.instrumentation.CreateClassResetClassAdapter - Found static initializer in class org/springframework/core/NestedIOException
05:24:29.356 [main] DEBUG org.evosuite.runtime.agent.TransformerForTests - Going to instrument: org.springframework.boot.autoconfigure.SharedMetadataReaderFactoryContextInitializer
05:24:29.356 [main] INFO org.evosuite.runtime.instrumentation.MethodCallReplacementClassAdapter - Adding mock interface to class org/springframework/boot/autoconfigure/SharedMetadataReaderFactoryContextInitializer
05:24:29.356 [main] INFO org.evosuite.runtime.instrumentation.CreateClassResetClassAdapter - Creating brand-new static initializer in class org/springframework/boot/autoconfigure/SharedMetadataReaderFactoryContextInitializer
05:24:29.356 [main] INFO org.evosuite.runtime.instrumentation.CreateClassResetClassAdapter - Adding bytecode for initializing field BEAN_NAME
05:24:29.357 [main] DEBUG org.evosuite.runtime.agent.TransformerForTests - Going to instrument: org.springframework.beans.factory.config.Scope
05:24:29.357 [main] DEBUG org.evosuite.runtime.agent.TransformerForTests - Going to instrument: org.springframework.boot.builder.ParentContextCloserApplicationListener
05:24:29.357 [main] INFO org.evosuite.runtime.instrumentation.MethodCallReplacementClassAdapter - Adding mock interface to class org/springframework/boot/builder/ParentContextCloserApplicationListener
05:24:29.358 [main] INFO org.evosuite.runtime.instrumentation.CreateClassResetClassAdapter - Creating brand-new static initializer in class org/springframework/boot/builder/ParentContextCloserApplicationListener
05:24:29.358 [main] DEBUG org.evosuite.runtime.agent.TransformerForTests - Going to instrument: org.springframework.aop.TargetClassAware
05:24:29.358 [main] DEBUG org.evosuite.runtime.agent.TransformerForTests - Going to instrument: org.springframework.context.event.AbstractApplicationEventMulticaster$ListenerCacheKey
05:24:29.359 [main] INFO org.evosuite.runtime.instrumentation.MethodCallReplacementClassAdapter - Adding mock interface to class org/springframework/context/event/AbstractApplicationEventMulticaster$ListenerCacheKey
05:24:29.359 [main] INFO org.evosuite.runtime.instrumentation.CreateClassResetClassAdapter - Creating brand-new static initializer in class org/springframework/context/event/AbstractApplicationEventMulticaster$ListenerCacheKey
05:24:29.359 [main] DEBUG org.evosuite.runtime.agent.TransformerForTests - Going to instrument: org.springframework.boot.logging.DeferredLog$Lines
05:24:29.359 [main] INFO org.evosuite.runtime.instrumentation.MethodCallReplacementClassAdapter - Adding mock interface to class org/springframework/boot/logging/DeferredLog$Lines
05:24:29.360 [main] INFO org.evosuite.runtime.instrumentation.CreateClassResetClassAdapter - Creating brand-new static initializer in class org/springframework/boot/logging/DeferredLog$Lines
05:24:29.360 [main] DEBUG org.evosuite.runtime.agent.TransformerForTests - Going to instrument: org.springframework.context.event.AbstractApplicationEventMulticaster$CachedListenerRetriever
05:24:29.360 [main] INFO org.evosuite.runtime.instrumentation.MethodCallReplacementClassAdapter - Adding mock interface to class org/springframework/context/event/AbstractApplicationEventMulticaster$CachedListenerRetriever
05:24:29.361 [main] INFO org.evosuite.runtime.instrumentation.CreateClassResetClassAdapter - Creating brand-new static initializer in class org/springframework/context/event/AbstractApplicationEventMulticaster$CachedListenerRetriever
05:24:29.361 [main] DEBUG org.evosuite.runtime.agent.TransformerForTests - Going to instrument: org.springframework.core.annotation.AliasFor
05:24:29.363 [main] DEBUG org.evosuite.runtime.agent.TransformerForTests - Going to instrument: org.springframework.asm.MethodVisitor
05:24:29.363 [main] INFO org.evosuite.runtime.instrumentation.MethodCallReplacementClassAdapter - Adding mock interface to class org/springframework/asm/MethodVisitor
05:24:29.365 [main] INFO org.evosuite.runtime.instrumentation.CreateClassResetClassAdapter - Creating brand-new static initializer in class org/springframework/asm/MethodVisitor
05:24:29.365 [main] INFO org.evosuite.runtime.instrumentation.CreateClassResetClassAdapter - Adding bytecode for initializing field REQUIRES_ASM5
05:24:29.365 [main] DEBUG org.evosuite.runtime.agent.TransformerForTests - Going to instrument: org.springframework.core.LocalVariableTableParameterNameDiscoverer$LocalVariableTableVisitor
05:24:29.366 [main] INFO org.evosuite.runtime.instrumentation.MethodCallReplacementClassAdapter - Adding mock interface to class org/springframework/core/LocalVariableTableParameterNameDiscoverer$LocalVariableTableVisitor
05:24:29.367 [main] INFO org.evosuite.runtime.instrumentation.CreateClassResetClassAdapter - Creating brand-new static initializer in class org/springframework/core/LocalVariableTableParameterNameDiscoverer$LocalVariableTableVisitor
05:24:29.367 [main] INFO org.evosuite.runtime.instrumentation.CreateClassResetClassAdapter - Adding bytecode for initializing field CONSTRUCTOR
05:24:29.368 [main] DEBUG org.evosuite.runtime.agent.TransformerForTests - Going to instrument: org.springframework.core.ResolvableType$DefaultVariableResolver
05:24:29.368 [main] INFO org.evosuite.runtime.instrumentation.MethodCallReplacementClassAdapter - Adding mock interface to class org/springframework/core/ResolvableType$DefaultVariableResolver
05:24:29.368 [main] INFO org.evosuite.runtime.instrumentation.CreateClassResetClassAdapter - Creating brand-new static initializer in class org/springframework/core/ResolvableType$DefaultVariableResolver
05:24:29.369 [main] DEBUG org.evosuite.runtime.agent.TransformerForTests - Going to instrument: org.springframework.boot.SpringApplicationRunListener
05:24:29.369 [main] DEBUG org.evosuite.runtime.agent.TransformerForTests - Going to instrument: org.springframework.core.annotation.MergedAnnotation
05:24:29.370 [main] DEBUG org.evosuite.runtime.agent.TransformerForTests - Going to instrument: org.springframework.core.annotation.MissingMergedAnnotation
05:24:29.371 [main] INFO org.evosuite.runtime.instrumentation.MethodCallReplacementClassAdapter - Adding mock interface to class org/springframework/core/annotation/MissingMergedAnnotation
05:24:29.371 [main] INFO org.evosuite.runtime.instrumentation.CreateClassResetClassAdapter - Found static initializer in class org/springframework/core/annotation/MissingMergedAnnotation
05:24:29.372 [main] DEBUG org.evosuite.runtime.agent.TransformerForTests - Going to instrument: org.springframework.core.annotation.AbstractMergedAnnotation
05:24:29.372 [main] INFO org.evosuite.runtime.instrumentation.MethodCallReplacementClassAdapter - Adding mock interface to class org/springframework/core/annotation/AbstractMergedAnnotation
05:24:29.374 [main] INFO org.evosuite.runtime.instrumentation.CreateClassResetClassAdapter - Creating brand-new static initializer in class org/springframework/core/annotation/AbstractMergedAnnotation
05:24:29.375 [main] DEBUG org.evosuite.runtime.agent.TransformerForTests - Going to instrument: org.springframework.beans.factory.config.ConfigurableListableBeanFactory
05:24:29.376 [main] DEBUG org.evosuite.runtime.agent.TransformerForTests - Going to instrument: org.springframework.beans.factory.config.ConfigurableBeanFactory
05:24:29.376 [main] DEBUG org.evosuite.runtime.agent.TransformerForTests - Going to instrument: org.springframework.beans.factory.config.SingletonBeanRegistry
05:24:29.377 [main] DEBUG org.evosuite.runtime.agent.TransformerForTests - Going to instrument: org.springframework.beans.factory.config.BeanDefinition
05:24:29.378 [main] DEBUG org.evosuite.runtime.agent.TransformerForTests - Going to instrument: org.springframework.core.AttributeAccessor
05:24:29.379 [main] DEBUG org.evosuite.runtime.agent.TransformerForTests - Going to instrument: org.springframework.beans.BeanMetadataElement
05:24:29.380 [main] DEBUG org.evosuite.runtime.agent.TransformerForTests - Going to instrument: org.springframework.core.SerializableTypeWrapper
05:24:29.380 [main] INFO org.evosuite.runtime.instrumentation.MethodCallReplacementClassAdapter - Adding mock interface to class org/springframework/core/SerializableTypeWrapper
05:24:29.381 [main] INFO org.evosuite.runtime.instrumentation.CreateClassResetClassAdapter - Found static initializer in class org/springframework/core/SerializableTypeWrapper
05:24:29.382 [main] DEBUG org.evosuite.runtime.agent.TransformerForTests - Going to instrument: org.springframework.core.ResolvableType$TypeVariablesVariableResolver
05:24:29.382 [main] INFO org.evosuite.runtime.instrumentation.MethodCallReplacementClassAdapter - Adding mock interface to class org/springframework/core/ResolvableType$TypeVariablesVariableResolver
05:24:29.382 [main] INFO org.evosuite.runtime.instrumentation.CreateClassResetClassAdapter - Creating brand-new static initializer in class org/springframework/core/ResolvableType$TypeVariablesVariableResolver
05:24:29.384 [main] DEBUG org.evosuite.runtime.agent.TransformerForTests - Going to instrument: org.springframework.util.ReflectionUtils
05:24:29.384 [main] INFO org.evosuite.runtime.instrumentation.MethodCallReplacementClassAdapter - Adding mock interface to class org/springframework/util/ReflectionUtils
05:24:29.388 [main] INFO org.evosuite.runtime.instrumentation.CreateClassResetClassAdapter - Found static initializer in class org/springframework/util/ReflectionUtils
05:24:29.390 [main] DEBUG org.evosuite.runtime.agent.TransformerForTests - Going to instrument: org.springframework.util.ReflectionUtils$MethodFilter
05:24:29.391 [main] DEBUG org.evosuite.runtime.agent.TransformerForTests - Going to instrument: org.springframework.core.OrderComparator$OrderSourceProvider
05:24:29.392 [main] DEBUG org.evosuite.runtime.agent.TransformerForTests - Going to instrument: org.springframework.core.annotation.MergedAnnotations$SearchStrategy
05:24:29.392 [main] INFO org.evosuite.runtime.instrumentation.MethodCallReplacementClassAdapter - Adding mock interface to class org/springframework/core/annotation/MergedAnnotations$SearchStrategy
05:24:29.392 [main] INFO org.evosuite.runtime.instrumentation.CreateClassResetClassAdapter - Found static initializer in class org/springframework/core/annotation/MergedAnnotations$SearchStrategy
05:24:29.393 [main] DEBUG org.evosuite.runtime.agent.TransformerForTests - Going to instrument: org.springframework.boot.autoconfigure.logging.ConditionEvaluationReportLoggingListener
05:24:29.393 [main] INFO org.evosuite.runtime.instrumentation.MethodCallReplacementClassAdapter - Adding mock interface to class org/springframework/boot/autoconfigure/logging/ConditionEvaluationReportLoggingListener
05:24:29.394 [main] INFO org.evosuite.runtime.instrumentation.CreateClassResetClassAdapter - Creating brand-new static initializer in class org/springframework/boot/autoconfigure/logging/ConditionEvaluationReportLoggingListener
05:24:29.395 [main] DEBUG org.evosuite.runtime.agent.TransformerForTests - Going to instrument: org.springframework.boot.devtools.restart.RestartScopeInitializer
05:24:29.395 [main] INFO org.evosuite.runtime.instrumentation.MethodCallReplacementClassAdapter - Adding mock interface to class org/springframework/boot/devtools/restart/RestartScopeInitializer
05:24:29.395 [main] INFO org.evosuite.runtime.instrumentation.CreateClassResetClassAdapter - Creating brand-new static initializer in class org/springframework/boot/devtools/restart/RestartScopeInitializer
05:24:29.396 [main] DEBUG org.evosuite.runtime.agent.TransformerForTests - Going to instrument: org.springframework.boot.logging.DeferredLogs
05:24:29.396 [main] INFO org.evosuite.runtime.instrumentation.MethodCallReplacementClassAdapter - Adding mock interface to class org/springframework/boot/logging/DeferredLogs
05:24:29.396 [main] INFO org.evosuite.runtime.instrumentation.CreateClassResetClassAdapter - Creating brand-new static initializer in class org/springframework/boot/logging/DeferredLogs
05:24:29.397 [main] DEBUG org.evosuite.runtime.agent.TransformerForTests - Going to instrument: org.springframework.util.ErrorHandler
05:24:29.397 [main] DEBUG org.evosuite.runtime.agent.TransformerForTests - Going to instrument: org.springframework.core.annotation.ValueExtractor
05:24:29.398 [main] DEBUG org.evosuite.runtime.agent.TransformerForTests - Going to instrument: org.springframework.aop.framework.AopProxyUtils
05:24:29.398 [main] INFO org.evosuite.runtime.instrumentation.MethodCallReplacementClassAdapter - Adding mock interface to class org/springframework/aop/framework/AopProxyUtils
05:24:29.399 [main] INFO org.evosuite.runtime.instrumentation.CreateClassResetClassAdapter - Found static initializer in class org/springframework/aop/framework/AopProxyUtils
05:24:29.400 [main] DEBUG org.evosuite.runtime.agent.TransformerForTests - Going to instrument: org.springframework.core.io.support.SpringFactoriesLoader
05:24:29.400 [main] INFO org.evosuite.runtime.instrumentation.MethodCallReplacementClassAdapter - Adding mock interface to class org/springframework/core/io/support/SpringFactoriesLoader
05:24:29.401 [main] INFO org.evosuite.runtime.instrumentation.CreateClassResetClassAdapter - Found static initializer in class org/springframework/core/io/support/SpringFactoriesLoader
05:24:29.402 [main] DEBUG org.evosuite.runtime.agent.TransformerForTests - Going to instrument: org.springframework.boot.context.event.ApplicationContextInitializedEvent
05:24:29.402 [main] INFO org.evosuite.runtime.instrumentation.MethodCallReplacementClassAdapter - Adding mock interface to class org/springframework/boot/context/event/ApplicationContextInitializedEvent
05:24:29.403 [main] INFO org.evosuite.runtime.instrumentation.CreateClassResetClassAdapter - Creating brand-new static initializer in class org/springframework/boot/context/event/ApplicationContextInitializedEvent
05:24:29.403 [main] DEBUG org.evosuite.runtime.agent.TransformerForTests - Going to instrument: org.springframework.boot.rsocket.context.RSocketPortInfoApplicationContextInitializer
05:24:29.403 [main] INFO org.evosuite.runtime.instrumentation.MethodCallReplacementClassAdapter - Adding mock interface to class org/springframework/boot/rsocket/context/RSocketPortInfoApplicationContextInitializer
05:24:29.404 [main] INFO org.evosuite.runtime.instrumentation.CreateClassResetClassAdapter - Creating brand-new static initializer in class org/springframework/boot/rsocket/context/RSocketPortInfoApplicationContextInitializer
05:24:29.404 [main] DEBUG org.evosuite.runtime.agent.TransformerForTests - Going to instrument: org.springframework.boot.context.properties.source.ConfigurationPropertyName$ElementsParser
05:24:29.405 [main] INFO org.evosuite.runtime.instrumentation.MethodCallReplacementClassAdapter - Adding mock interface to class org/springframework/boot/context/properties/source/ConfigurationPropertyName$ElementsParser
05:24:29.405 [main] INFO org.evosuite.runtime.instrumentation.CreateClassResetClassAdapter - Creating brand-new static initializer in class org/springframework/boot/context/properties/source/ConfigurationPropertyName$ElementsParser
05:24:29.405 [main] INFO org.evosuite.runtime.instrumentation.CreateClassResetClassAdapter - Adding bytecode for initializing field DEFAULT_CAPACITY
05:24:29.406 [main] DEBUG org.evosuite.runtime.agent.TransformerForTests - Going to instrument: org.springframework.boot.context.event.ApplicationStartingEvent
05:24:29.406 [main] INFO org.evosuite.runtime.instrumentation.MethodCallReplacementClassAdapter - Adding mock interface to class org/springframework/boot/context/event/ApplicationStartingEvent
05:24:29.407 [main] INFO org.evosuite.runtime.instrumentation.CreateClassResetClassAdapter - Creating brand-new static initializer in class org/springframework/boot/context/event/ApplicationStartingEvent
05:24:29.407 [main] DEBUG org.evosuite.runtime.agent.TransformerForTests - Going to instrument: org.springframework.boot.devtools.restart.RestartApplicationListener$1
05:24:29.407 [main] INFO org.evosuite.runtime.instrumentation.MethodCallReplacementClassAdapter - Adding mock interface to class org/springframework/boot/devtools/restart/RestartApplicationListener$1
05:24:29.408 [main] DEBUG org.evosuite.runtime.agent.TransformerForTests - Going to instrument: org.springframework.boot.devtools.restart.DefaultRestartInitializer
05:24:29.408 [main] INFO org.evosuite.runtime.instrumentation.MethodCallReplacementClassAdapter - Adding mock interface to class org/springframework/boot/devtools/restart/DefaultRestartInitializer
05:24:29.408 [main] INFO org.evosuite.runtime.instrumentation.CreateClassResetClassAdapter - Creating brand-new static initializer in class org/springframework/boot/devtools/restart/DefaultRestartInitializer
05:24:29.409 [main] DEBUG org.evosuite.runtime.agent.TransformerForTests - Going to instrument: org.springframework.boot.devtools.restart.RestartApplicationListener
05:24:29.409 [main] INFO org.evosuite.runtime.instrumentation.MethodCallReplacementClassAdapter - Adding mock interface to class org/springframework/boot/devtools/restart/RestartApplicationListener
05:24:29.410 [main] INFO org.evosuite.runtime.instrumentation.CreateClassResetClassAdapter - Found static initializer in class org/springframework/boot/devtools/restart/RestartApplicationListener
05:24:29.412 [main] DEBUG org.evosuite.runtime.agent.TransformerForTests - Going to instrument: org.springframework.util.CollectionUtils
05:24:29.412 [main] INFO org.evosuite.runtime.instrumentation.MethodCallReplacementClassAdapter - Adding mock interface to class org/springframework/util/CollectionUtils
05:24:29.414 [main] INFO org.evosuite.runtime.instrumentation.CreateClassResetClassAdapter - Creating brand-new static initializer in class org/springframework/util/CollectionUtils
05:24:29.414 [main] INFO org.evosuite.runtime.instrumentation.CreateClassResetClassAdapter - Adding bytecode for initializing field DEFAULT_LOAD_FACTOR
05:24:29.417 [main] DEBUG org.evosuite.runtime.agent.TransformerForTests - Going to instrument: org.springframework.core.annotation.TypeMappedAnnotation
05:24:29.417 [main] INFO org.evosuite.runtime.instrumentation.MethodCallReplacementClassAdapter - Adding mock interface to class org/springframework/core/annotation/TypeMappedAnnotation
05:24:29.421 [main] INFO org.evosuite.runtime.instrumentation.CreateClassResetClassAdapter - Found static initializer in class org/springframework/core/annotation/TypeMappedAnnotation
05:24:29.423 [main] DEBUG org.evosuite.runtime.agent.TransformerForTests - Going to instrument: org.springframework.core.annotation.IntrospectionFailureLogger$1
05:24:29.424 [main] INFO org.evosuite.runtime.instrumentation.MethodCallReplacementClassAdapter - Adding mock interface to class org/springframework/core/annotation/IntrospectionFailureLogger$1
05:24:29.424 [main] DEBUG org.evosuite.runtime.agent.TransformerForTests - Going to instrument: org.springframework.core.annotation.IntrospectionFailureLogger
05:24:29.424 [main] INFO org.evosuite.runtime.instrumentation.MethodCallReplacementClassAdapter - Adding mock interface to class org/springframework/core/annotation/IntrospectionFailureLogger
05:24:29.425 [main] INFO org.evosuite.runtime.instrumentation.CreateClassResetClassAdapter - Found static initializer in class org/springframework/core/annotation/IntrospectionFailureLogger
05:24:29.425 [main] DEBUG org.evosuite.runtime.agent.TransformerForTests - Going to instrument: org.springframework.core.annotation.IntrospectionFailureLogger$2
05:24:29.425 [main] INFO org.evosuite.runtime.instrumentation.MethodCallReplacementClassAdapter - Adding mock interface to class org/springframework/core/annotation/IntrospectionFailureLogger$2
05:24:29.426 [main] DEBUG org.evosuite.runtime.agent.TransformerForTests - Going to instrument: org.springframework.context.event.GenericApplicationListenerAdapter
05:24:29.426 [main] INFO org.evosuite.runtime.instrumentation.MethodCallReplacementClassAdapter - Adding mock interface to class org/springframework/context/event/GenericApplicationListenerAdapter
05:24:29.427 [main] INFO org.evosuite.runtime.instrumentation.CreateClassResetClassAdapter - Found static initializer in class org/springframework/context/event/GenericApplicationListenerAdapter
05:24:29.428 [main] DEBUG org.evosuite.runtime.agent.TransformerForTests - Going to instrument: org.springframework.aop.framework.Advised
05:24:29.429 [main] DEBUG org.evosuite.runtime.agent.TransformerForTests - Going to instrument: org.springframework.boot.context.ConfigurationWarningsApplicationContextInitializer
05:24:29.429 [main] INFO org.evosuite.runtime.instrumentation.MethodCallReplacementClassAdapter - Adding mock interface to class org/springframework/boot/context/ConfigurationWarningsApplicationContextInitializer
05:24:29.429 [main] INFO org.evosuite.runtime.instrumentation.CreateClassResetClassAdapter - Found static initializer in class org/springframework/boot/context/ConfigurationWarningsApplicationContextInitializer
05:24:29.430 [main] DEBUG org.evosuite.runtime.agent.TransformerForTests - Going to instrument: org.springframework.core.annotation.AnnotationTypeMappings
05:24:29.430 [main] INFO org.evosuite.runtime.instrumentation.MethodCallReplacementClassAdapter - Adding mock interface to class org/springframework/core/annotation/AnnotationTypeMappings
05:24:29.431 [main] INFO org.evosuite.runtime.instrumentation.CreateClassResetClassAdapter - Found static initializer in class org/springframework/core/annotation/AnnotationTypeMappings
05:24:29.432 [main] DEBUG org.evosuite.runtime.agent.TransformerForTests - Going to instrument: org.springframework.boot.context.event.ApplicationEnvironmentPreparedEvent
05:24:29.432 [main] INFO org.evosuite.runtime.instrumentation.MethodCallReplacementClassAdapter - Adding mock interface to class org/springframework/boot/context/event/ApplicationEnvironmentPreparedEvent
05:24:29.432 [main] INFO org.evosuite.runtime.instrumentation.CreateClassResetClassAdapter - Creating brand-new static initializer in class org/springframework/boot/context/event/ApplicationEnvironmentPreparedEvent
05:24:29.433 [main] DEBUG org.evosuite.runtime.agent.TransformerForTests - Going to instrument: org.springframework.boot.BootstrapContextClosedEvent
05:24:29.433 [main] INFO org.evosuite.runtime.instrumentation.MethodCallReplacementClassAdapter - Adding mock interface to class org/springframework/boot/BootstrapContextClosedEvent
05:24:29.433 [main] INFO org.evosuite.runtime.instrumentation.CreateClassResetClassAdapter - Creating brand-new static initializer in class org/springframework/boot/BootstrapContextClosedEvent
05:24:29.434 [main] DEBUG org.evosuite.runtime.agent.TransformerForTests - Going to instrument: org.springframework.boot.context.FileEncodingApplicationListener
05:24:29.434 [main] INFO org.evosuite.runtime.instrumentation.MethodCallReplacementClassAdapter - Adding mock interface to class org/springframework/boot/context/FileEncodingApplicationListener
05:24:29.434 [main] INFO org.evosuite.runtime.instrumentation.CreateClassResetClassAdapter - Found static initializer in class org/springframework/boot/context/FileEncodingApplicationListener
05:24:29.435 [main] DEBUG org.evosuite.runtime.agent.TransformerForTests - Going to instrument: org.springframework.boot.autoconfigure.SpringBootApplication
05:24:29.436 [main] DEBUG org.evosuite.runtime.agent.TransformerForTests - Going to instrument: org.springframework.aop.SpringProxy
05:24:29.438 [main] DEBUG org.evosuite.runtime.agent.TransformerForTests - Going to instrument: org.springframework.util.ObjectUtils
05:24:29.438 [main] INFO org.evosuite.runtime.instrumentation.MethodCallReplacementClassAdapter - Adding mock interface to class org/springframework/util/ObjectUtils
05:24:29.442 [main] INFO org.evosuite.runtime.instrumentation.CreateClassResetClassAdapter - Found static initializer in class org/springframework/util/ObjectUtils
05:24:29.444 [main] DEBUG org.evosuite.runtime.agent.TransformerForTests - Going to instrument: org.springframework.util.ResourceUtils
05:24:29.444 [main] INFO org.evosuite.runtime.instrumentation.MethodCallReplacementClassAdapter - Adding mock interface to class org/springframework/util/ResourceUtils
05:24:29.446 [main] INFO org.evosuite.runtime.instrumentation.CreateClassResetClassAdapter - Creating brand-new static initializer in class org/springframework/util/ResourceUtils
05:24:29.446 [main] INFO org.evosuite.runtime.instrumentation.CreateClassResetClassAdapter - Adding bytecode for initializing field CLASSPATH_URL_PREFIX
05:24:29.446 [main] INFO org.evosuite.runtime.instrumentation.CreateClassResetClassAdapter - Adding bytecode for initializing field FILE_URL_PREFIX
05:24:29.446 [main] INFO org.evosuite.runtime.instrumentation.CreateClassResetClassAdapter - Adding bytecode for initializing field JAR_URL_PREFIX
05:24:29.446 [main] INFO org.evosuite.runtime.instrumentation.CreateClassResetClassAdapter - Adding bytecode for initializing field WAR_URL_PREFIX
05:24:29.446 [main] INFO org.evosuite.runtime.instrumentation.CreateClassResetClassAdapter - Adding bytecode for initializing field URL_PROTOCOL_FILE
05:24:29.446 [main] INFO org.evosuite.runtime.instrumentation.CreateClassResetClassAdapter - Adding bytecode for initializing field URL_PROTOCOL_JAR
05:24:29.446 [main] INFO org.evosuite.runtime.instrumentation.CreateClassResetClassAdapter - Adding bytecode for initializing field URL_PROTOCOL_WAR
05:24:29.446 [main] INFO org.evosuite.runtime.instrumentation.CreateClassResetClassAdapter - Adding bytecode for initializing field URL_PROTOCOL_ZIP
05:24:29.446 [main] INFO org.evosuite.runtime.instrumentation.CreateClassResetClassAdapter - Adding bytecode for initializing field URL_PROTOCOL_WSJAR
05:24:29.446 [main] INFO org.evosuite.runtime.instrumentation.CreateClassResetClassAdapter - Adding bytecode for initializing field URL_PROTOCOL_VFSZIP
05:24:29.446 [main] INFO org.evosuite.runtime.instrumentation.CreateClassResetClassAdapter - Adding bytecode for initializing field URL_PROTOCOL_VFSFILE
05:24:29.446 [main] INFO org.evosuite.runtime.instrumentation.CreateClassResetClassAdapter - Adding bytecode for initializing field URL_PROTOCOL_VFS
05:24:29.446 [main] INFO org.evosuite.runtime.instrumentation.CreateClassResetClassAdapter - Adding bytecode for initializing field JAR_FILE_EXTENSION
05:24:29.446 [main] INFO org.evosuite.runtime.instrumentation.CreateClassResetClassAdapter - Adding bytecode for initializing field JAR_URL_SEPARATOR
05:24:29.446 [main] INFO org.evosuite.runtime.instrumentation.CreateClassResetClassAdapter - Adding bytecode for initializing field WAR_URL_SEPARATOR
05:24:29.447 [main] DEBUG org.evosuite.runtime.agent.TransformerForTests - Going to instrument: org.springframework.boot.DefaultBootstrapContext
05:24:29.447 [main] INFO org.evosuite.runtime.instrumentation.MethodCallReplacementClassAdapter - Adding mock interface to class org/springframework/boot/DefaultBootstrapContext
05:24:29.449 [main] INFO org.evosuite.runtime.instrumentation.CreateClassResetClassAdapter - Creating brand-new static initializer in class org/springframework/boot/DefaultBootstrapContext
05:24:29.449 [main] DEBUG org.evosuite.runtime.agent.TransformerForTests - Going to instrument: org.springframework.boot.SpringBootConfiguration
05:24:29.450 [main] DEBUG org.evosuite.runtime.agent.TransformerForTests - Going to instrument: org.springframework.util.LinkedMultiValueMap
05:24:29.450 [main] INFO org.evosuite.runtime.instrumentation.MethodCallReplacementClassAdapter - Adding mock interface to class org/springframework/util/LinkedMultiValueMap
05:24:29.451 [main] INFO org.evosuite.runtime.instrumentation.CreateClassResetClassAdapter - Creating brand-new static initializer in class org/springframework/util/LinkedMultiValueMap
05:24:29.451 [main] DEBUG org.evosuite.runtime.agent.TransformerForTests - Going to instrument: org.springframework.boot.devtools.restart.AgentReloader
05:24:29.451 [main] INFO org.evosuite.runtime.instrumentation.MethodCallReplacementClassAdapter - Adding mock interface to class org/springframework/boot/devtools/restart/AgentReloader
05:24:29.452 [main] INFO org.evosuite.runtime.instrumentation.CreateClassResetClassAdapter - Found static initializer in class org/springframework/boot/devtools/restart/AgentReloader
05:24:29.452 [main] DEBUG org.evosuite.runtime.agent.TransformerForTests - Going to instrument: org.springframework.core.annotation.AnnotationTypeMappings$Cache
05:24:29.452 [main] INFO org.evosuite.runtime.instrumentation.MethodCallReplacementClassAdapter - Adding mock interface to class org/springframework/core/annotation/AnnotationTypeMappings$Cache
05:24:29.453 [main] INFO org.evosuite.runtime.instrumentation.CreateClassResetClassAdapter - Creating brand-new static initializer in class org/springframework/core/annotation/AnnotationTypeMappings$Cache
05:24:29.453 [main] DEBUG org.evosuite.runtime.agent.TransformerForTests - Going to instrument: org.springframework.core.annotation.AnnotationTypeMapping$MirrorSets
05:24:29.453 [main] INFO org.evosuite.runtime.instrumentation.MethodCallReplacementClassAdapter - Adding mock interface to class org/springframework/core/annotation/AnnotationTypeMapping$MirrorSets
05:24:29.454 [main] INFO org.evosuite.runtime.instrumentation.CreateClassResetClassAdapter - Creating brand-new static initializer in class org/springframework/core/annotation/AnnotationTypeMapping$MirrorSets
05:24:29.454 [main] DEBUG org.evosuite.runtime.agent.TransformerForTests - Going to instrument: org.springframework.boot.context.config.DelegatingApplicationListener
05:24:29.455 [main] INFO org.evosuite.runtime.instrumentation.MethodCallReplacementClassAdapter - Adding mock interface to class org/springframework/boot/context/config/DelegatingApplicationListener
05:24:29.455 [main] INFO org.evosuite.runtime.instrumentation.CreateClassResetClassAdapter - Creating brand-new static initializer in class org/springframework/boot/context/config/DelegatingApplicationListener
05:24:29.455 [main] INFO org.evosuite.runtime.instrumentation.CreateClassResetClassAdapter - Adding bytecode for initializing field PROPERTY_NAME
05:24:29.456 [main] DEBUG org.evosuite.runtime.agent.TransformerForTests - Going to instrument: org.springframework.boot.Banner$Mode
05:24:29.456 [main] INFO org.evosuite.runtime.instrumentation.MethodCallReplacementClassAdapter - Adding mock interface to class org/springframework/boot/Banner$Mode
05:24:29.456 [main] INFO org.evosuite.runtime.instrumentation.CreateClassResetClassAdapter - Found static initializer in class org/springframework/boot/Banner$Mode
05:24:29.457 [main] DEBUG org.evosuite.runtime.agent.TransformerForTests - Going to instrument: org.springframework.core.annotation.MergedAnnotations
05:24:29.458 [main] DEBUG org.evosuite.runtime.agent.TransformerForTests - Going to instrument: org.springframework.boot.context.config.AnsiOutputApplicationListener
05:24:29.458 [main] INFO org.evosuite.runtime.instrumentation.MethodCallReplacementClassAdapter - Adding mock interface to class org/springframework/boot/context/config/AnsiOutputApplicationListener
05:24:29.458 [main] INFO org.evosuite.runtime.instrumentation.CreateClassResetClassAdapter - Creating brand-new static initializer in class org/springframework/boot/context/config/AnsiOutputApplicationListener
05:24:29.458 [main] DEBUG org.evosuite.runtime.agent.TransformerForTests - Going to instrument: org.springframework.core.ResolvableType$SyntheticParameterizedType
05:24:29.458 [main] INFO org.evosuite.runtime.instrumentation.MethodCallReplacementClassAdapter - Adding mock interface to class org/springframework/core/ResolvableType$SyntheticParameterizedType
05:24:29.459 [main] INFO org.evosuite.runtime.instrumentation.CreateClassResetClassAdapter - Creating brand-new static initializer in class org/springframework/core/ResolvableType$SyntheticParameterizedType
05:24:29.460 [main] DEBUG org.evosuite.runtime.agent.TransformerForTests - Going to instrument: org.springframework.boot.logging.DeferredLog
05:24:29.460 [main] INFO org.evosuite.runtime.instrumentation.MethodCallReplacementClassAdapter - Adding mock interface to class org/springframework/boot/logging/DeferredLog
05:24:29.460 [main] INFO org.evosuite.runtime.instrumentation.CreateClassResetClassAdapter - Creating brand-new static initializer in class org/springframework/boot/logging/DeferredLog
05:24:29.461 [main] DEBUG org.evosuite.runtime.agent.TransformerForTests - Going to instrument: org.springframework.boot.context.event.EventPublishingRunListener
05:24:29.462 [main] INFO org.evosuite.runtime.instrumentation.MethodCallReplacementClassAdapter - Adding mock interface to class org/springframework/boot/context/event/EventPublishingRunListener
05:24:29.462 [main] INFO org.evosuite.runtime.instrumentation.CreateClassResetClassAdapter - Creating brand-new static initializer in class org/springframework/boot/context/event/EventPublishingRunListener
05:24:29.462 [main] DEBUG org.evosuite.runtime.agent.TransformerForTests - Going to instrument: org.springframework.boot.availability.AvailabilityState
05:24:29.463 [main] DEBUG org.evosuite.runtime.agent.TransformerForTests - Going to instrument: org.springframework.boot.context.event.ApplicationFailedEvent
05:24:29.463 [main] INFO org.evosuite.runtime.instrumentation.MethodCallReplacementClassAdapter - Adding mock interface to class org/springframework/boot/context/event/ApplicationFailedEvent
05:24:29.463 [main] INFO org.evosuite.runtime.instrumentation.CreateClassResetClassAdapter - Creating brand-new static initializer in class org/springframework/boot/context/event/ApplicationFailedEvent
05:24:29.464 [main] DEBUG org.evosuite.runtime.agent.TransformerForTests - Going to instrument: org.springframework.core.annotation.AnnotationsScanner$1
05:24:29.464 [main] INFO org.evosuite.runtime.instrumentation.MethodCallReplacementClassAdapter - Adding mock interface to class org/springframework/core/annotation/AnnotationsScanner$1
05:24:29.465 [main] DEBUG org.evosuite.runtime.agent.TransformerForTests - Going to instrument: org.springframework.web.context.WebApplicationContext
05:24:29.466 [main] DEBUG org.evosuite.runtime.agent.TransformerForTests - Going to instrument: org.springframework.context.event.AbstractApplicationEventMulticaster$1
05:24:29.466 [main] INFO org.evosuite.runtime.instrumentation.MethodCallReplacementClassAdapter - Adding mock interface to class org/springframework/context/event/AbstractApplicationEventMulticaster$1
05:24:29.466 [main] DEBUG org.evosuite.runtime.agent.TransformerForTests - Going to instrument: org.springframework.util.ConcurrentReferenceHashMap$Restructure
05:24:29.466 [main] INFO org.evosuite.runtime.instrumentation.MethodCallReplacementClassAdapter - Adding mock interface to class org/springframework/util/ConcurrentReferenceHashMap$Restructure
05:24:29.466 [main] INFO org.evosuite.runtime.instrumentation.CreateClassResetClassAdapter - Found static initializer in class org/springframework/util/ConcurrentReferenceHashMap$Restructure
05:24:29.467 [main] DEBUG org.evosuite.runtime.agent.TransformerForTests - Going to instrument: org.springframework.core.annotation.OrderUtils
05:24:29.467 [main] INFO org.evosuite.runtime.instrumentation.MethodCallReplacementClassAdapter - Adding mock interface to class org/springframework/core/annotation/OrderUtils
05:24:29.468 [main] INFO org.evosuite.runtime.instrumentation.CreateClassResetClassAdapter - Found static initializer in class org/springframework/core/annotation/OrderUtils
05:24:29.469 [main] DEBUG org.evosuite.runtime.agent.TransformerForTests - Going to instrument: org.springframework.boot.context.logging.LoggingApplicationListener
05:24:29.470 [main] INFO org.evosuite.runtime.instrumentation.MethodCallReplacementClassAdapter - Adding mock interface to class org/springframework/boot/context/logging/LoggingApplicationListener
05:24:29.471 [main] INFO org.evosuite.runtime.instrumentation.CreateClassResetClassAdapter - Found static initializer in class org/springframework/boot/context/logging/LoggingApplicationListener
05:24:29.475 [main] DEBUG org.evosuite.runtime.agent.TransformerForTests - Going to instrument: org.springframework.core.SerializableTypeWrapper$SerializableTypeProxy
05:24:29.477 [main] DEBUG org.evosuite.runtime.agent.TransformerForTests - Going to instrument: org.springframework.core.ResolvableType$WildcardBounds
05:24:29.478 [main] INFO org.evosuite.runtime.instrumentation.MethodCallReplacementClassAdapter - Adding mock interface to class org/springframework/core/ResolvableType$WildcardBounds
05:24:29.478 [main] INFO org.evosuite.runtime.instrumentation.CreateClassResetClassAdapter - Creating brand-new static initializer in class org/springframework/core/ResolvableType$WildcardBounds
05:24:29.479 [main] DEBUG org.evosuite.runtime.agent.TransformerForTests - Going to instrument: org.springframework.core.annotation.TypeMappedAnnotations
05:24:29.479 [main] INFO org.evosuite.runtime.instrumentation.MethodCallReplacementClassAdapter - Adding mock interface to class org/springframework/core/annotation/TypeMappedAnnotations
05:24:29.480 [main] INFO org.evosuite.runtime.instrumentation.CreateClassResetClassAdapter - Found static initializer in class org/springframework/core/annotation/TypeMappedAnnotations
05:24:29.481 [main] DEBUG org.evosuite.runtime.agent.TransformerForTests - Going to instrument: org.springframework.core.annotation.Order
05:24:29.482 [main] DEBUG org.evosuite.runtime.agent.TransformerForTests - Going to instrument: org.springframework.core.annotation.TypeMappedAnnotations$MergedAnnotationFinder
05:24:29.482 [main] INFO org.evosuite.runtime.instrumentation.MethodCallReplacementClassAdapter - Adding mock interface to class org/springframework/core/annotation/TypeMappedAnnotations$MergedAnnotationFinder
05:24:29.483 [main] INFO org.evosuite.runtime.instrumentation.CreateClassResetClassAdapter - Creating brand-new static initializer in class org/springframework/core/annotation/TypeMappedAnnotations$MergedAnnotationFinder
05:24:29.484 [main] DEBUG org.evosuite.runtime.agent.TransformerForTests - Going to instrument: org.springframework.boot.builder.ParentContextApplicationContextInitializer$ParentContextAvailableEvent
05:24:29.484 [main] INFO org.evosuite.runtime.instrumentation.MethodCallReplacementClassAdapter - Adding mock interface to class org/springframework/boot/builder/ParentContextApplicationContextInitializer$ParentContextAvailableEvent
05:24:29.484 [main] INFO org.evosuite.runtime.instrumentation.CreateClassResetClassAdapter - Creating brand-new static initializer in class org/springframework/boot/builder/ParentContextApplicationContextInitializer$ParentContextAvailableEvent
05:24:29.485 [main] DEBUG org.evosuite.runtime.agent.TransformerForTests - Going to instrument: org.springframework.web.context.ConfigurableWebApplicationContext
05:24:29.486 [main] DEBUG org.evosuite.runtime.agent.TransformerForTests - Going to instrument: org.springframework.boot.logging.DeferredLog$Line
05:24:29.486 [main] INFO org.evosuite.runtime.instrumentation.MethodCallReplacementClassAdapter - Adding mock interface to class org/springframework/boot/logging/DeferredLog$Line
05:24:29.486 [main] INFO org.evosuite.runtime.instrumentation.CreateClassResetClassAdapter - Creating brand-new static initializer in class org/springframework/boot/logging/DeferredLog$Line
05:24:29.486 [main] ERROR org.evosuite.runtime.classhandling.ClassStateSupport - Found $jacocoInit in class org.springframework.util.ReflectionUtils$FieldFilter
05:24:29.532 [main] ERROR org.evosuite.runtime.classhandling.ClassStateSupport - Class com.iwamih31.AccountBookApplication was not instrumented by EvoSuite. This could happen if you are running JUnit tests in a way that is not handled by EvoSuite, in which some classes are loaded be reflection before the tests are run. Consult the EvoSuite documentation for possible workarounds for this issue.
05:24:29.560 [main] DEBUG org.evosuite.runtime.classhandling.ClassResetter - __STATIC_RESET() method does not exists in class com.iwamih31.AccountBookApplication
05:24:29.576 [main] DEBUG org.evosuite.runtime.classhandling.ClassResetter - __STATIC_RESET() method does not exists in class com.iwamih31.AccountBookApplication
[INFO] Tests run: 2, Failures: 0, Errors: 0, Skipped: 0, Time elapsed: 0.879 s - in com.iwamih31.AccountBookApplication_ESTest
[INFO] Running com.iwamih31.Cash_setEn5_54111280820
[INFO] Tests run: 1, Failures: 0, Errors: 0, Skipped: 0, Time elapsed: 0 s - in com.iwamih31.Cash_setEn5_54111280820
[INFO] Running com.iwamih31.Set_init_6523934587
[INFO] Tests run: 1, Failures: 0, Errors: 0, Skipped: 0, Time elapsed: 0 s - in com.iwamih31.Set_init_6523934587
[INFO] Running com.iwamih31.Cash_getSen1_10362576932
[INFO] Tests run: 1, Failures: 0, Errors: 0, Skipped: 0, Time elapsed: 0 s - in com.iwamih31.Cash_getSen1_10362576932
[INFO] Running com.iwamih31.Cash_hashCode_8363942752
[INFO] Tests run: 1, Failures: 0, Errors: 0, Skipped: 0, Time elapsed: 0 s - in com.iwamih31.Cash_hashCode_8363942752
[INFO] Running com.iwamih31.OptionData_names_2154698853
[INFO] Tests run: 1, Failures: 0, Errors: 0, Skipped: 0, Time elapsed: 0 s - in com.iwamih31.OptionData_names_2154698853
[INFO] Running com.iwamih31.YearWorkSheet_array_10168708034
[INFO] Tests run: 1, Failures: 0, Errors: 0, Skipped: 0, Time elapsed: 0 s - in com.iwamih31.YearWorkSheet_array_10168708034
[INFO] Running com.iwamih31.YearWorkSheet_fonts_11189608382
[INFO] Tests run: 1, Failures: 0, Errors: 0, Skipped: 0, Time elapsed: 0 s - in com.iwamih31.YearWorkSheet_fonts_11189608382
[INFO] Running com.iwamih31.State_equals_8436023106
[INFO] Tests run: 1, Failures: 0, Errors: 0, Skipped: 0, Time elapsed: 0 s - in com.iwamih31.State_equals_8436023106
[INFO] Running com.iwamih31.Set_setValue_84483841211
[INFO] Tests run: 1, Failures: 0, Errors: 0, Skipped: 0, Time elapsed: 0 s - in com.iwamih31.Set_setValue_84483841211
[INFO] Running com.iwamih31.OptionData_nums_149416884915
[ERROR] Tests run: 1, Failures: 0, Errors: 1, Skipped: 0, Time elapsed: 0.004 s <<< FAILURE! - in com.iwamih31.OptionData_nums_149416884915
[ERROR] test  Time elapsed: 0.004 s  <<< ERROR!
java.lang.ArithmeticException: / by zero
	at com.iwamih31.OptionData_nums_149416884915.test(OptionData_nums_149416884915.java:55)

[INFO] Running com.iwamih31.MonthlyWorkSheet_setSheetName_78087121417
[INFO] Tests run: 1, Failures: 0, Errors: 0, Skipped: 0, Time elapsed: 0 s - in com.iwamih31.MonthlyWorkSheet_setSheetName_78087121417
[INFO] Running com.iwamih31.WorkSheet_rowFormat_4063062313
[INFO] Tests run: 1, Failures: 0, Errors: 0, Skipped: 0, Time elapsed: 0 s - in com.iwamih31.WorkSheet_rowFormat_4063062313
[INFO] Running com.iwamih31.WorkSheet_array_9378829495
[INFO] Tests run: 1, Failures: 0, Errors: 0, Skipped: 0, Time elapsed: 0 s - in com.iwamih31.WorkSheet_array_9378829495
[INFO] Running com.iwamih31.Office_canEqual_82355349219
[INFO] Tests run: 1, Failures: 0, Errors: 0, Skipped: 0, Time elapsed: 0.001 s - in com.iwamih31.Office_canEqual_82355349219
[INFO] Running com.iwamih31.Office_toString_17078048109
[INFO] Tests run: 1, Failures: 0, Errors: 0, Skipped: 0, Time elapsed: 0.004 s - in com.iwamih31.Office_toString_17078048109
[INFO] Running com.iwamih31.State_toString_1158440559
[INFO] Tests run: 1, Failures: 0, Errors: 0, Skipped: 0, Time elapsed: 0.001 s - in com.iwamih31.State_toString_1158440559
[INFO] Running com.iwamih31.State_setDate_19563923905
[INFO] Tests run: 1, Failures: 0, Errors: 0, Skipped: 0, Time elapsed: 0 s - in com.iwamih31.State_setDate_19563923905
[INFO] Running com.iwamih31.MonthlyWorkSheet_getColumnWidth_6928844878
[INFO] Tests run: 1, Failures: 0, Errors: 0, Skipped: 0, Time elapsed: 0 s - in com.iwamih31.MonthlyWorkSheet_getColumnWidth_6928844878
[INFO] Running com.iwamih31.Action_init_154925296516
[INFO] Tests run: 1, Failures: 0, Errors: 0, Skipped: 0, Time elapsed: 0 s - in com.iwamih31.Action_init_154925296516
[INFO] Running com.iwamih31.OptionData_now_18324293595
[INFO] Tests run: 1, Failures: 0, Errors: 0, Skipped: 0, Time elapsed: 0 s - in com.iwamih31.OptionData_now_18324293595
[INFO] Running com.iwamih31.Cash_setMan1_153251557741
[INFO] Tests run: 1, Failures: 0, Errors: 0, Skipped: 0, Time elapsed: 0 s - in com.iwamih31.Cash_setMan1_153251557741
[INFO] Running com.iwamih31.DailyWorkSheet_ESTest
05:24:29.615 [main] DEBUG org.evosuite.runtime.sandbox.MSecurityManager - Adding privileged thread: "Reference Handler"
05:24:29.615 [main] DEBUG org.evosuite.runtime.sandbox.MSecurityManager - Adding privileged thread: "Finalizer"
05:24:29.615 [main] DEBUG org.evosuite.runtime.sandbox.MSecurityManager - Adding privileged thread: "Signal Dispatcher"
05:24:29.615 [main] DEBUG org.evosuite.runtime.sandbox.MSecurityManager - Adding privileged thread: "process reaper"
05:24:29.615 [main] DEBUG org.evosuite.runtime.sandbox.MSecurityManager - Adding privileged thread: "Attach Listener"
05:24:29.615 [main] DEBUG org.evosuite.runtime.sandbox.MSecurityManager - Adding privileged thread: "Java2D Disposer"
05:24:29.615 [main] DEBUG org.evosuite.runtime.sandbox.MSecurityManager - Adding privileged thread: "main"
05:24:29.615 [main] DEBUG org.evosuite.runtime.sandbox.MSecurityManager - Adding privileged thread: "surefire-forkedjvm-command-thread"
05:24:29.615 [main] DEBUG org.evosuite.runtime.sandbox.MSecurityManager - Adding privileged thread: "surefire-forkedjvm-ping-30s"
05:24:29.615 [main] DEBUG org.evosuite.runtime.sandbox.MSecurityManager - Adding privileged thread: "Common-Cleaner"
05:24:29.617 [main] DEBUG org.evosuite.runtime.agent.TransformerForTests - Going to instrument: org.springframework.core.convert.support.ObjectToStringConverter
05:24:29.618 [main] INFO org.evosuite.runtime.instrumentation.MethodCallReplacementClassAdapter - Adding mock interface to class org/springframework/core/convert/support/ObjectToStringConverter
05:24:29.618 [main] INFO org.evosuite.runtime.instrumentation.CreateClassResetClassAdapter - Creating brand-new static initializer in class org/springframework/core/convert/support/ObjectToStringConverter
05:24:29.619 [main] DEBUG org.evosuite.runtime.agent.TransformerForTests - Going to instrument: org.springframework.core.io.DescriptiveResource
05:24:29.619 [main] INFO org.evosuite.runtime.instrumentation.MethodCallReplacementClassAdapter - Adding mock interface to class org/springframework/core/io/DescriptiveResource
05:24:29.619 [main] INFO org.evosuite.runtime.instrumentation.CreateClassResetClassAdapter - Creating brand-new static initializer in class org/springframework/core/io/DescriptiveResource
05:24:29.620 [main] DEBUG org.evosuite.runtime.agent.TransformerForTests - Going to instrument: org.springframework.boot.autoconfigure.condition.AbstractNestedCondition
05:24:29.620 [main] INFO org.evosuite.runtime.instrumentation.MethodCallReplacementClassAdapter - Adding mock interface to class org/springframework/boot/autoconfigure/condition/AbstractNestedCondition
05:24:29.621 [main] INFO org.evosuite.runtime.instrumentation.CreateClassResetClassAdapter - Creating brand-new static initializer in class org/springframework/boot/autoconfigure/condition/AbstractNestedCondition
05:24:29.621 [main] DEBUG org.evosuite.runtime.agent.TransformerForTests - Going to instrument: org.springframework.context.annotation.ConfigurationCondition
05:24:29.621 [main] DEBUG org.evosuite.runtime.agent.TransformerForTests - Going to instrument: org.springframework.context.annotation.Condition
05:24:29.622 [main] DEBUG org.evosuite.runtime.agent.TransformerForTests - Going to instrument: org.springframework.boot.autoconfigure.condition.SpringBootCondition
05:24:29.622 [main] INFO org.evosuite.runtime.instrumentation.MethodCallReplacementClassAdapter - Adding mock interface to class org/springframework/boot/autoconfigure/condition/SpringBootCondition
05:24:29.624 [main] INFO org.evosuite.runtime.instrumentation.CreateClassResetClassAdapter - Creating brand-new static initializer in class org/springframework/boot/autoconfigure/condition/SpringBootCondition
05:24:29.625 [main] DEBUG org.evosuite.runtime.agent.TransformerForTests - Going to instrument: org.springframework.http.server.reactive.ReactorHttpHandlerAdapter
05:24:29.625 [main] INFO org.evosuite.runtime.instrumentation.MethodCallReplacementClassAdapter - Adding mock interface to class org/springframework/http/server/reactive/ReactorHttpHandlerAdapter
05:24:29.628 [main] INFO org.evosuite.runtime.instrumentation.CreateClassResetClassAdapter - Found static initializer in class org/springframework/http/server/reactive/ReactorHttpHandlerAdapter
05:24:29.629 [main] DEBUG org.evosuite.runtime.agent.TransformerForTests - Going to instrument: org.springframework.core.io.buffer.DataBufferFactory
05:24:29.630 [main] DEBUG org.evosuite.runtime.agent.TransformerForTests - Going to instrument: org.springframework.http.server.reactive.ServerHttpResponse
05:24:29.631 [main] DEBUG org.evosuite.runtime.agent.TransformerForTests - Going to instrument: org.springframework.http.ReactiveHttpOutputMessage
05:24:29.632 [main] DEBUG org.evosuite.runtime.agent.TransformerForTests - Going to instrument: org.springframework.http.HttpMessage
05:24:29.632 [main] DEBUG org.evosuite.runtime.agent.TransformerForTests - Going to instrument: org.springframework.http.server.reactive.ServerHttpRequest
05:24:29.632 [main] DEBUG org.evosuite.runtime.agent.TransformerForTests - Going to instrument: org.springframework.http.HttpRequest
05:24:29.633 [main] DEBUG org.evosuite.runtime.agent.TransformerForTests - Going to instrument: org.springframework.http.ReactiveHttpInputMessage
05:24:29.633 [main] DEBUG org.evosuite.runtime.agent.TransformerForTests - Going to instrument: org.springframework.http.HttpLogging
05:24:29.633 [main] INFO org.evosuite.runtime.instrumentation.MethodCallReplacementClassAdapter - Adding mock interface to class org/springframework/http/HttpLogging
05:24:29.634 [main] INFO org.evosuite.runtime.instrumentation.CreateClassResetClassAdapter - Found static initializer in class org/springframework/http/HttpLogging
05:24:29.634 [main] DEBUG org.evosuite.runtime.agent.TransformerForTests - Going to instrument: org.springframework.core.log.LogDelegateFactory
05:24:29.634 [main] INFO org.evosuite.runtime.instrumentation.MethodCallReplacementClassAdapter - Adding mock interface to class org/springframework/core/log/LogDelegateFactory
05:24:29.634 [main] INFO org.evosuite.runtime.instrumentation.CreateClassResetClassAdapter - Creating brand-new static initializer in class org/springframework/core/log/LogDelegateFactory
05:24:29.635 [main] DEBUG org.evosuite.runtime.agent.TransformerForTests - Going to instrument: org.springframework.core.log.CompositeLog
05:24:29.635 [main] INFO org.evosuite.runtime.instrumentation.MethodCallReplacementClassAdapter - Adding mock interface to class org/springframework/core/log/CompositeLog
05:24:29.636 [main] INFO org.evosuite.runtime.instrumentation.CreateClassResetClassAdapter - Found static initializer in class org/springframework/core/log/CompositeLog
05:24:29.636 [main] DEBUG org.evosuite.runtime.agent.TransformerForTests - Going to instrument: org.apache.commons.logging.impl.NoOpLog
05:24:29.636 [main] INFO org.evosuite.runtime.instrumentation.MethodCallReplacementClassAdapter - Adding mock interface to class org/apache/commons/logging/impl/NoOpLog
05:24:29.637 [main] INFO org.evosuite.runtime.instrumentation.CreateClassResetClassAdapter - Creating brand-new static initializer in class org/apache/commons/logging/impl/NoOpLog
05:24:29.637 [main] DEBUG org.evosuite.runtime.agent.TransformerForTests - Going to instrument: org.springframework.beans.factory.support.BeanDefinitionDefaults
05:24:29.637 [main] INFO org.evosuite.runtime.instrumentation.MethodCallReplacementClassAdapter - Adding mock interface to class org/springframework/beans/factory/support/BeanDefinitionDefaults
05:24:29.637 [main] INFO org.evosuite.runtime.instrumentation.CreateClassResetClassAdapter - Creating brand-new static initializer in class org/springframework/beans/factory/support/BeanDefinitionDefaults
05:24:29.638 [main] DEBUG org.evosuite.runtime.agent.TransformerForTests - Going to instrument: org.springframework.expression.spel.ast.TypeReference
05:24:29.639 [main] INFO org.evosuite.runtime.instrumentation.MethodCallReplacementClassAdapter - Adding mock interface to class org/springframework/expression/spel/ast/TypeReference
05:24:29.639 [main] INFO org.evosuite.runtime.instrumentation.CreateClassResetClassAdapter - Creating brand-new static initializer in class org/springframework/expression/spel/ast/TypeReference
05:24:29.640 [main] DEBUG org.evosuite.runtime.agent.TransformerForTests - Going to instrument: org.springframework.expression.spel.ast.SpelNodeImpl
05:24:29.641 [main] INFO org.evosuite.runtime.instrumentation.MethodCallReplacementClassAdapter - Adding mock interface to class org/springframework/expression/spel/ast/SpelNodeImpl
05:24:29.643 [main] INFO org.evosuite.runtime.instrumentation.CreateClassResetClassAdapter - Found static initializer in class org/springframework/expression/spel/ast/SpelNodeImpl
05:24:29.644 [main] DEBUG org.evosuite.runtime.agent.TransformerForTests - Going to instrument: org.springframework.expression.spel.SpelNode
05:24:29.645 [main] DEBUG org.evosuite.runtime.agent.TransformerForTests - Going to instrument: org.springframework.asm.Opcodes
05:24:29.646 [main] DEBUG org.evosuite.runtime.agent.TransformerForTests - Going to instrument: org.springframework.expression.spel.SpelEvaluationException
05:24:29.646 [main] INFO org.evosuite.runtime.instrumentation.MethodCallReplacementClassAdapter - Adding mock interface to class org/springframework/expression/spel/SpelEvaluationException
05:24:29.646 [main] INFO org.evosuite.runtime.instrumentation.CreateClassResetClassAdapter - Creating brand-new static initializer in class org/springframework/expression/spel/SpelEvaluationException
05:24:29.647 [main] DEBUG org.evosuite.runtime.agent.TransformerForTests - Going to instrument: org.springframework.expression.EvaluationException
05:24:29.647 [main] INFO org.evosuite.runtime.instrumentation.MethodCallReplacementClassAdapter - Adding mock interface to class org/springframework/expression/EvaluationException
05:24:29.647 [main] INFO org.evosuite.runtime.instrumentation.CreateClassResetClassAdapter - Creating brand-new static initializer in class org/springframework/expression/EvaluationException
05:24:29.647 [main] DEBUG org.evosuite.runtime.agent.TransformerForTests - Going to instrument: org.springframework.expression.ExpressionException
05:24:29.647 [main] INFO org.evosuite.runtime.instrumentation.MethodCallReplacementClassAdapter - Adding mock interface to class org/springframework/expression/ExpressionException
05:24:29.648 [main] INFO org.evosuite.runtime.instrumentation.CreateClassResetClassAdapter - Creating brand-new static initializer in class org/springframework/expression/ExpressionException
05:24:29.649 [main] DEBUG org.evosuite.runtime.agent.TransformerForTests - Going to instrument: net.bytebuddy.asm.Advice$OnMethodExit
05:24:29.649 [main] DEBUG org.evosuite.runtime.agent.TransformerForTests - Going to instrument: net.bytebuddy.build.HashCodeAndEqualsPlugin$AnnotationOrderComparator
05:24:29.649 [main] INFO org.evosuite.runtime.instrumentation.MethodCallReplacementClassAdapter - Adding mock interface to class net/bytebuddy/build/HashCodeAndEqualsPlugin$AnnotationOrderComparator
05:24:29.650 [main] INFO org.evosuite.runtime.instrumentation.CreateClassResetClassAdapter - Found static initializer in class net/bytebuddy/build/HashCodeAndEqualsPlugin$AnnotationOrderComparator
05:24:29.651 [main] DEBUG org.evosuite.runtime.agent.TransformerForTests - Going to instrument: org.springframework.data.util.NullableWrapperConverters$NullableWrapperToScalaOptionConverter
05:24:29.651 [main] INFO org.evosuite.runtime.instrumentation.MethodCallReplacementClassAdapter - Adding mock interface to class org/springframework/data/util/NullableWrapperConverters$NullableWrapperToScalaOptionConverter
05:24:29.651 [main] INFO org.evosuite.runtime.instrumentation.CreateClassResetClassAdapter - Found static initializer in class org/springframework/data/util/NullableWrapperConverters$NullableWrapperToScalaOptionConverter
05:24:29.652 [main] DEBUG org.evosuite.runtime.agent.TransformerForTests - Going to instrument: org.springframework.data.util.NullableWrapperConverters$AbstractWrapperTypeConverter
05:24:29.652 [main] INFO org.evosuite.runtime.instrumentation.MethodCallReplacementClassAdapter - Adding mock interface to class org/springframework/data/util/NullableWrapperConverters$AbstractWrapperTypeConverter
05:24:29.652 [main] INFO org.evosuite.runtime.instrumentation.CreateClassResetClassAdapter - Creating brand-new static initializer in class org/springframework/data/util/NullableWrapperConverters$AbstractWrapperTypeConverter
05:24:29.654 [main] ERROR org.evosuite.runtime.classhandling.ClassStateSupport - Could not initialize org.springframework.data.util.NullableWrapperConverters$NullableWrapperToScalaOptionConverter: scala/Option
05:24:29.654 [main] DEBUG org.evosuite.runtime.agent.TransformerForTests - Going to instrument: org.apache.commons.io.filefilter.EmptyFileFilter
05:24:29.654 [main] INFO org.evosuite.runtime.instrumentation.MethodCallReplacementClassAdapter - Adding mock interface to class org/apache/commons/io/filefilter/EmptyFileFilter
05:24:29.655 [main] INFO org.evosuite.runtime.instrumentation.CreateClassResetClassAdapter - Found static initializer in class org/apache/commons/io/filefilter/EmptyFileFilter
05:24:29.655 [main] DEBUG org.evosuite.runtime.agent.TransformerForTests - Going to instrument: org.apache.commons.io.filefilter.AbstractFileFilter
05:24:29.656 [main] INFO org.evosuite.runtime.instrumentation.MethodCallReplacementClassAdapter - Adding mock interface to class org/apache/commons/io/filefilter/AbstractFileFilter
05:24:29.657 [main] INFO org.evosuite.runtime.instrumentation.CreateClassResetClassAdapter - Creating brand-new static initializer in class org/apache/commons/io/filefilter/AbstractFileFilter
05:24:29.657 [main] DEBUG org.evosuite.runtime.agent.TransformerForTests - Going to instrument: org.apache.commons.io.filefilter.IOFileFilter
05:24:29.658 [main] DEBUG org.evosuite.runtime.agent.TransformerForTests - Going to instrument: org.apache.commons.io.file.PathFilter
05:24:29.658 [main] DEBUG org.evosuite.runtime.agent.TransformerForTests - Going to instrument: org.apache.commons.io.file.PathVisitor
05:24:29.659 [main] DEBUG org.evosuite.runtime.agent.TransformerForTests - Going to instrument: org.apache.commons.io.filefilter.NotFileFilter
05:24:29.659 [main] INFO org.evosuite.runtime.instrumentation.MethodCallReplacementClassAdapter - Adding mock interface to class org/apache/commons/io/filefilter/NotFileFilter
05:24:29.659 [main] INFO org.evosuite.runtime.instrumentation.CreateClassResetClassAdapter - Creating brand-new static initializer in class org/apache/commons/io/filefilter/NotFileFilter
05:24:29.660 [main] DEBUG org.evosuite.runtime.agent.TransformerForTests - Going to instrument: org.springframework.data.geo.GeoPage
05:24:29.660 [main] INFO org.evosuite.runtime.instrumentation.MethodCallReplacementClassAdapter - Adding mock interface to class org/springframework/data/geo/GeoPage
05:24:29.661 [main] INFO org.evosuite.runtime.instrumentation.CreateClassResetClassAdapter - Creating brand-new static initializer in class org/springframework/data/geo/GeoPage
05:24:29.662 [main] DEBUG org.evosuite.runtime.agent.TransformerForTests - Going to instrument: org.springframework.data.domain.PageImpl
05:24:29.662 [main] INFO org.evosuite.runtime.instrumentation.MethodCallReplacementClassAdapter - Adding mock interface to class org/springframework/data/domain/PageImpl
05:24:29.663 [main] INFO org.evosuite.runtime.instrumentation.CreateClassResetClassAdapter - Creating brand-new static initializer in class org/springframework/data/domain/PageImpl
05:24:29.663 [main] DEBUG org.evosuite.runtime.agent.TransformerForTests - Going to instrument: org.springframework.data.domain.Page
05:24:29.664 [main] DEBUG org.evosuite.runtime.agent.TransformerForTests - Going to instrument: org.springframework.data.domain.Slice
05:24:29.665 [main] DEBUG org.evosuite.runtime.agent.TransformerForTests - Going to instrument: org.springframework.data.util.Streamable
05:24:29.666 [main] DEBUG org.evosuite.runtime.agent.TransformerForTests - Going to instrument: org.springframework.data.domain.Chunk
05:24:29.666 [main] INFO org.evosuite.runtime.instrumentation.MethodCallReplacementClassAdapter - Adding mock interface to class org/springframework/data/domain/Chunk
05:24:29.667 [main] INFO org.evosuite.runtime.instrumentation.CreateClassResetClassAdapter - Creating brand-new static initializer in class org/springframework/data/domain/Chunk
05:24:29.667 [main] DEBUG org.evosuite.runtime.agent.TransformerForTests - Going to instrument: org.springframework.data.domain.Pageable
05:24:29.669 [main] DEBUG org.evosuite.runtime.agent.TransformerForTests - Going to instrument: net.minidev.json.annotate.JsonSmartAnnotation
05:24:29.669 [main] DEBUG org.evosuite.runtime.agent.TransformerForTests - Going to instrument: org.springframework.core.convert.support.NumberToNumberConverterFactory
05:24:29.669 [main] INFO org.evosuite.runtime.instrumentation.MethodCallReplacementClassAdapter - Adding mock interface to class org/springframework/core/convert/support/NumberToNumberConverterFactory
05:24:29.670 [main] INFO org.evosuite.runtime.instrumentation.CreateClassResetClassAdapter - Creating brand-new static initializer in class org/springframework/core/convert/support/NumberToNumberConverterFactory
05:24:29.670 [main] DEBUG org.evosuite.runtime.agent.TransformerForTests - Going to instrument: org.springframework.core.convert.converter.ConditionalConverter
05:24:29.671 [main] DEBUG org.evosuite.runtime.agent.TransformerForTests - Going to instrument: org.springframework.expression.spel.ast.Projection
05:24:29.671 [main] INFO org.evosuite.runtime.instrumentation.MethodCallReplacementClassAdapter - Adding mock interface to class org/springframework/expression/spel/ast/Projection
05:24:29.672 [main] INFO org.evosuite.runtime.instrumentation.CreateClassResetClassAdapter - Creating brand-new static initializer in class org/springframework/expression/spel/ast/Projection
05:24:29.673 [main] DEBUG org.evosuite.runtime.agent.TransformerForTests - Going to instrument: org.springframework.expression.spel.ast.ValueRef
05:24:29.674 [main] DEBUG org.evosuite.runtime.agent.TransformerForTests - Going to instrument: org.springframework.core.ParameterizedTypeReference$1
05:24:29.675 [main] INFO org.evosuite.runtime.instrumentation.MethodCallReplacementClassAdapter - Adding mock interface to class org/springframework/core/ParameterizedTypeReference$1
05:24:29.676 [main] DEBUG org.evosuite.runtime.agent.TransformerForTests - Going to instrument: org.springframework.context.annotation.ImportSelector
05:24:29.677 [main] DEBUG org.evosuite.runtime.agent.TransformerForTests - Going to instrument: org.springframework.cglib.core.ClassEmitter
05:24:29.677 [main] INFO org.evosuite.runtime.instrumentation.MethodCallReplacementClassAdapter - Adding mock interface to class org/springframework/cglib/core/ClassEmitter
05:24:29.678 [main] INFO org.evosuite.runtime.instrumentation.CreateClassResetClassAdapter - Creating brand-new static initializer in class org/springframework/cglib/core/ClassEmitter
05:24:29.678 [main] INFO org.evosuite.runtime.instrumentation.CreateClassResetClassAdapter - Adding bytecode for initializing field hookCounter
05:24:29.679 [main] DEBUG org.evosuite.runtime.agent.TransformerForTests - Going to instrument: org.springframework.cglib.transform.ClassTransformer
05:24:29.679 [main] INFO org.evosuite.runtime.instrumentation.MethodCallReplacementClassAdapter - Adding mock interface to class org/springframework/cglib/transform/ClassTransformer
05:24:29.679 [main] INFO org.evosuite.runtime.instrumentation.CreateClassResetClassAdapter - Creating brand-new static initializer in class org/springframework/cglib/transform/ClassTransformer
05:24:29.680 [main] DEBUG org.evosuite.runtime.agent.TransformerForTests - Going to instrument: org.springframework.cglib.core.ClassInfo
05:24:29.680 [main] INFO org.evosuite.runtime.instrumentation.MethodCallReplacementClassAdapter - Adding mock interface to class org/springframework/cglib/core/ClassInfo
05:24:29.680 [main] INFO org.evosuite.runtime.instrumentation.CreateClassResetClassAdapter - Creating brand-new static initializer in class org/springframework/cglib/core/ClassInfo
05:24:29.680 [main] DEBUG org.evosuite.runtime.agent.TransformerForTests - Going to instrument: org.springframework.cglib.core.ClassEmitter$1
05:24:29.680 [main] INFO org.evosuite.runtime.instrumentation.MethodCallReplacementClassAdapter - Adding mock interface to class org/springframework/cglib/core/ClassEmitter$1
05:24:29.681 [main] DEBUG org.evosuite.runtime.agent.TransformerForTests - Going to instrument: org.springframework.cglib.core.ClassEmitter$2
05:24:29.681 [main] INFO org.evosuite.runtime.instrumentation.MethodCallReplacementClassAdapter - Adding mock interface to class org/springframework/cglib/core/ClassEmitter$2
05:24:29.682 [main] DEBUG org.evosuite.runtime.agent.TransformerForTests - Going to instrument: org.springframework.cglib.core.CodeEmitter
05:24:29.683 [main] INFO org.evosuite.runtime.instrumentation.MethodCallReplacementClassAdapter - Adding mock interface to class org/springframework/cglib/core/CodeEmitter
05:24:29.686 [main] INFO org.evosuite.runtime.instrumentation.CreateClassResetClassAdapter - Found static initializer in class org/springframework/cglib/core/CodeEmitter
05:24:29.687 [main] DEBUG org.evosuite.runtime.agent.TransformerForTests - Going to instrument: org.springframework.cglib.core.LocalVariablesSorter
05:24:29.687 [main] INFO org.evosuite.runtime.instrumentation.MethodCallReplacementClassAdapter - Adding mock interface to class org/springframework/cglib/core/LocalVariablesSorter
05:24:29.688 [main] INFO org.evosuite.runtime.instrumentation.CreateClassResetClassAdapter - Creating brand-new static initializer in class org/springframework/cglib/core/LocalVariablesSorter
05:24:29.688 [main] DEBUG org.evosuite.runtime.agent.TransformerForTests - Going to instrument: org.springframework.cglib.core.ClassEmitter$3
05:24:29.688 [main] INFO org.evosuite.runtime.instrumentation.MethodCallReplacementClassAdapter - Adding mock interface to class org/springframework/cglib/core/ClassEmitter$3
05:24:29.689 [main] DEBUG org.evosuite.runtime.agent.TransformerForTests - Going to instrument: org.springframework.data.web.ProjectedPayload
05:24:29.690 [main] DEBUG org.evosuite.runtime.agent.TransformerForTests - Going to instrument: org.springframework.core.convert.support.StringToBooleanConverter
05:24:29.690 [main] INFO org.evosuite.runtime.instrumentation.MethodCallReplacementClassAdapter - Adding mock interface to class org/springframework/core/convert/support/StringToBooleanConverter
05:24:29.691 [main] INFO org.evosuite.runtime.instrumentation.CreateClassResetClassAdapter - Found static initializer in class org/springframework/core/convert/support/StringToBooleanConverter
05:24:29.692 [main] DEBUG org.evosuite.runtime.agent.TransformerForTests - Going to instrument: org.springframework.boot.convert.DelimitedStringToCollectionConverter
05:24:29.692 [main] INFO org.evosuite.runtime.instrumentation.MethodCallReplacementClassAdapter - Adding mock interface to class org/springframework/boot/convert/DelimitedStringToCollectionConverter
05:24:29.692 [main] INFO org.evosuite.runtime.instrumentation.CreateClassResetClassAdapter - Creating brand-new static initializer in class org/springframework/boot/convert/DelimitedStringToCollectionConverter
05:24:29.693 [main] DEBUG org.evosuite.runtime.agent.TransformerForTests - Going to instrument: org.springframework.core.convert.converter.ConditionalGenericConverter
05:24:29.694 [main] DEBUG org.evosuite.runtime.agent.TransformerForTests - Going to instrument: org.springframework.beans.factory.InjectionPoint
05:24:29.694 [main] INFO org.evosuite.runtime.instrumentation.MethodCallReplacementClassAdapter - Adding mock interface to class org/springframework/beans/factory/InjectionPoint
05:24:29.694 [main] INFO org.evosuite.runtime.instrumentation.CreateClassResetClassAdapter - Creating brand-new static initializer in class org/springframework/beans/factory/InjectionPoint
05:24:29.695 [main] DEBUG org.evosuite.runtime.agent.TransformerForTests - Going to instrument: org.hibernate.annotations.Subselect
05:24:29.696 [main] DEBUG org.evosuite.runtime.agent.TransformerForTests - Going to instrument: org.springframework.util.function.SingletonSupplier
05:24:29.696 [main] INFO org.evosuite.runtime.instrumentation.MethodCallReplacementClassAdapter - Adding mock interface to class org/springframework/util/function/SingletonSupplier
05:24:29.697 [main] INFO org.evosuite.runtime.instrumentation.CreateClassResetClassAdapter - Creating brand-new static initializer in class org/springframework/util/function/SingletonSupplier
05:24:29.697 [main] DEBUG org.evosuite.runtime.agent.TransformerForTests - Going to instrument: org.springframework.core.convert.support.StringToEnumConverterFactory$StringToEnum
05:24:29.697 [main] INFO org.evosuite.runtime.instrumentation.MethodCallReplacementClassAdapter - Adding mock interface to class org/springframework/core/convert/support/StringToEnumConverterFactory$StringToEnum
05:24:29.697 [main] INFO org.evosuite.runtime.instrumentation.CreateClassResetClassAdapter - Creating brand-new static initializer in class org/springframework/core/convert/support/StringToEnumConverterFactory$StringToEnum
05:24:29.698 [main] DEBUG org.evosuite.runtime.agent.TransformerForTests - Going to instrument: org.aspectj.lang.annotation.AdviceName
05:24:29.698 [main] DEBUG org.evosuite.runtime.agent.TransformerForTests - Going to instrument: org.apache.commons.io.filefilter.SuffixFileFilter
05:24:29.698 [main] INFO org.evosuite.runtime.instrumentation.MethodCallReplacementClassAdapter - Adding mock interface to class org/apache/commons/io/filefilter/SuffixFileFilter
05:24:29.699 [main] INFO org.evosuite.runtime.instrumentation.CreateClassResetClassAdapter - Creating brand-new static initializer in class org/apache/commons/io/filefilter/SuffixFileFilter
05:24:29.700 [main] DEBUG org.evosuite.runtime.agent.TransformerForTests - Going to instrument: org.hibernate.annotations.OrderBy
05:24:29.700 [main] DEBUG org.evosuite.runtime.agent.TransformerForTests - Going to instrument: org.springframework.format.support.FormattingConversionService$AnnotationPrinterConverter
05:24:29.700 [main] INFO org.evosuite.runtime.instrumentation.MethodCallReplacementClassAdapter - Adding mock interface to class org/springframework/format/support/FormattingConversionService$AnnotationPrinterConverter
05:24:29.701 [main] INFO org.evosuite.runtime.instrumentation.CreateClassResetClassAdapter - Creating brand-new static initializer in class org/springframework/format/support/FormattingConversionService$AnnotationPrinterConverter
05:24:29.702 [main] DEBUG org.evosuite.runtime.agent.TransformerForTests - Going to instrument: com.fasterxml.jackson.annotation.JsonIgnoreProperties
05:24:29.703 [main] DEBUG org.evosuite.runtime.agent.TransformerForTests - Going to instrument: org.springframework.data.util.MethodInvocationRecorder$Unrecorded
05:24:29.703 [main] INFO org.evosuite.runtime.instrumentation.MethodCallReplacementClassAdapter - Adding mock interface to class org/springframework/data/util/MethodInvocationRecorder$Unrecorded
05:24:29.703 [main] INFO org.evosuite.runtime.instrumentation.CreateClassResetClassAdapter - Creating brand-new static initializer in class org/springframework/data/util/MethodInvocationRecorder$Unrecorded
05:24:29.703 [main] DEBUG org.evosuite.runtime.agent.TransformerForTests - Going to instrument: org.springframework.data.util.MethodInvocationRecorder$Recorded
05:24:29.703 [main] INFO org.evosuite.runtime.instrumentation.MethodCallReplacementClassAdapter - Adding mock interface to class org/springframework/data/util/MethodInvocationRecorder$Recorded
05:24:29.704 [main] INFO org.evosuite.runtime.instrumentation.CreateClassResetClassAdapter - Creating brand-new static initializer in class org/springframework/data/util/MethodInvocationRecorder$Recorded
05:24:29.704 [main] DEBUG org.evosuite.runtime.agent.TransformerForTests - Going to instrument: org.hibernate.annotations.Tuplizers
05:24:29.704 [main] DEBUG org.evosuite.runtime.agent.TransformerForTests - Going to instrument: org.springframework.core.annotation.MergedAnnotationPredicates$UniquePredicate
05:24:29.705 [main] INFO org.evosuite.runtime.instrumentation.MethodCallReplacementClassAdapter - Adding mock interface to class org/springframework/core/annotation/MergedAnnotationPredicates$UniquePredicate
05:24:29.705 [main] INFO org.evosuite.runtime.instrumentation.CreateClassResetClassAdapter - Creating brand-new static initializer in class org/springframework/core/annotation/MergedAnnotationPredicates$UniquePredicate
05:24:29.705 [main] DEBUG org.evosuite.runtime.agent.TransformerForTests - Going to instrument: net.bytebuddy.utility.nullability.MaybeNull
05:24:29.706 [main] DEBUG org.evosuite.runtime.agent.TransformerForTests - Going to instrument: org.springframework.context.annotation.Scope
05:24:29.707 [main] DEBUG org.evosuite.runtime.agent.TransformerForTests - Going to instrument: org.springframework.beans.factory.config.AbstractFactoryBean
05:24:29.707 [main] INFO org.evosuite.runtime.instrumentation.MethodCallReplacementClassAdapter - Adding mock interface to class org/springframework/beans/factory/config/AbstractFactoryBean
05:24:29.708 [main] INFO org.evosuite.runtime.instrumentation.CreateClassResetClassAdapter - Creating brand-new static initializer in class org/springframework/beans/factory/config/AbstractFactoryBean
05:24:29.708 [main] DEBUG org.evosuite.runtime.agent.TransformerForTests - Going to instrument: org.springframework.beans.factory.FactoryBean
05:24:29.709 [main] DEBUG org.evosuite.runtime.agent.TransformerForTests - Going to instrument: org.springframework.beans.factory.InitializingBean
05:24:29.710 [main] DEBUG org.evosuite.runtime.agent.TransformerForTests - Going to instrument: org.springframework.beans.factory.DisposableBean
05:24:29.710 [main] DEBUG org.evosuite.runtime.agent.TransformerForTests - Going to instrument: org.springframework.beans.TypeConverter
05:24:29.711 [main] DEBUG org.evosuite.runtime.agent.TransformerForTests - Going to instrument: org.springframework.beans.factory.FactoryBeanNotInitializedException
05:24:29.711 [main] INFO org.evosuite.runtime.instrumentation.MethodCallReplacementClassAdapter - Adding mock interface to class org/springframework/beans/factory/FactoryBeanNotInitializedException
05:24:29.711 [main] INFO org.evosuite.runtime.instrumentation.CreateClassResetClassAdapter - Creating brand-new static initializer in class org/springframework/beans/factory/FactoryBeanNotInitializedException
05:24:29.711 [main] DEBUG org.evosuite.runtime.agent.TransformerForTests - Going to instrument: org.hibernate.annotations.OptimisticLocking
05:24:29.711 [main] DEBUG org.evosuite.runtime.agent.TransformerForTests - Going to instrument: org.springframework.stereotype.Service
05:24:29.712 [main] DEBUG org.evosuite.runtime.agent.TransformerForTests - Going to instrument: org.springframework.expression.spel.support.ReflectiveConstructorResolver
05:24:29.712 [main] INFO org.evosuite.runtime.instrumentation.MethodCallReplacementClassAdapter - Adding mock interface to class org/springframework/expression/spel/support/ReflectiveConstructorResolver
05:24:29.712 [main] INFO org.evosuite.runtime.instrumentation.CreateClassResetClassAdapter - Creating brand-new static initializer in class org/springframework/expression/spel/support/ReflectiveConstructorResolver
05:24:29.713 [main] DEBUG org.evosuite.runtime.agent.TransformerForTests - Going to instrument: org.springframework.expression.ConstructorResolver
05:24:29.713 [main] DEBUG org.evosuite.runtime.agent.TransformerForTests - Going to instrument: org.springframework.expression.ConstructorExecutor
05:24:29.714 [main] DEBUG org.evosuite.runtime.agent.TransformerForTests - Going to instrument: org.springframework.expression.AccessException
05:24:29.714 [main] INFO org.evosuite.runtime.instrumentation.MethodCallReplacementClassAdapter - Adding mock interface to class org/springframework/expression/AccessException
05:24:29.714 [main] INFO org.evosuite.runtime.instrumentation.CreateClassResetClassAdapter - Creating brand-new static initializer in class org/springframework/expression/AccessException
05:24:29.714 [main] DEBUG org.evosuite.runtime.agent.TransformerForTests - Going to instrument: org.springframework.expression.TypedValue
05:24:29.715 [main] INFO org.evosuite.runtime.instrumentation.MethodCallReplacementClassAdapter - Adding mock interface to class org/springframework/expression/TypedValue
05:24:29.715 [main] INFO org.evosuite.runtime.instrumentation.CreateClassResetClassAdapter - Found static initializer in class org/springframework/expression/TypedValue
05:24:29.716 [main] DEBUG org.evosuite.runtime.agent.TransformerForTests - Going to instrument: org.springframework.expression.spel.support.ReflectiveMethodResolver
05:24:29.716 [main] INFO org.evosuite.runtime.instrumentation.MethodCallReplacementClassAdapter - Adding mock interface to class org/springframework/expression/spel/support/ReflectiveMethodResolver
05:24:29.717 [main] INFO org.evosuite.runtime.instrumentation.CreateClassResetClassAdapter - Creating brand-new static initializer in class org/springframework/expression/spel/support/ReflectiveMethodResolver
05:24:29.718 [main] DEBUG org.evosuite.runtime.agent.TransformerForTests - Going to instrument: org.springframework.expression.MethodResolver
05:24:29.718 [main] DEBUG org.evosuite.runtime.agent.TransformerForTests - Going to instrument: org.springframework.expression.MethodExecutor
05:24:29.719 [main] DEBUG org.evosuite.runtime.agent.TransformerForTests - Going to instrument: org.mockito.NotExtensible
05:24:29.719 [main] DEBUG org.evosuite.runtime.agent.TransformerForTests - Going to instrument: org.hibernate.annotations.Entity
05:24:29.720 [main] DEBUG org.evosuite.runtime.agent.TransformerForTests - Going to instrument: org.hibernate.annotations.NamedNativeQueries
05:24:29.720 [main] DEBUG org.evosuite.runtime.agent.TransformerForTests - Going to instrument: net.bytebuddy.utility.nullability.NeverNull$ByDefault
05:24:29.721 [main] DEBUG org.evosuite.runtime.agent.TransformerForTests - Going to instrument: org.springframework.boot.convert.DurationUnit
05:24:29.721 [main] DEBUG org.evosuite.runtime.agent.TransformerForTests - Going to instrument: org.springframework.test.web.reactive.server.WebTestClient$ListBodySpec
05:24:29.722 [main] DEBUG org.evosuite.runtime.agent.TransformerForTests - Going to instrument: org.springframework.test.web.reactive.server.WebTestClient$BodySpec
05:24:29.722 [main] DEBUG org.evosuite.runtime.agent.TransformerForTests - Going to instrument: org.springframework.data.convert.ReadingConverter
05:24:29.722 [main] DEBUG org.evosuite.runtime.agent.TransformerForTests - Going to instrument: org.springframework.data.util.NullableWrapperConverters$NullableWrapperToJdk8OptionalConverter
05:24:29.722 [main] INFO org.evosuite.runtime.instrumentation.MethodCallReplacementClassAdapter - Adding mock interface to class org/springframework/data/util/NullableWrapperConverters$NullableWrapperToJdk8OptionalConverter
05:24:29.723 [main] INFO org.evosuite.runtime.instrumentation.CreateClassResetClassAdapter - Found static initializer in class org/springframework/data/util/NullableWrapperConverters$NullableWrapperToJdk8OptionalConverter
05:24:29.723 [main] DEBUG org.evosuite.runtime.agent.TransformerForTests - Going to instrument: org.hibernate.annotations.NamedQueries
05:24:29.724 [main] DEBUG org.evosuite.runtime.agent.TransformerForTests - Going to instrument: org.springframework.web.method.HandlerTypePredicate$Builder
05:24:29.724 [main] INFO org.evosuite.runtime.instrumentation.MethodCallReplacementClassAdapter - Adding mock interface to class org/springframework/web/method/HandlerTypePredicate$Builder
05:24:29.724 [main] INFO org.evosuite.runtime.instrumentation.CreateClassResetClassAdapter - Creating brand-new static initializer in class org/springframework/web/method/HandlerTypePredicate$Builder
05:24:29.725 [main] DEBUG org.evosuite.runtime.agent.TransformerForTests - Going to instrument: org.hibernate.internal.build.AllowPrintStacktrace
05:24:29.725 [main] DEBUG org.evosuite.runtime.agent.TransformerForTests - Going to instrument: org.springframework.test.context.ContextConfiguration
05:24:29.726 [main] DEBUG org.evosuite.runtime.agent.TransformerForTests - Going to instrument: org.springframework.expression.spel.ast.Operator
05:24:29.726 [main] INFO org.evosuite.runtime.instrumentation.MethodCallReplacementClassAdapter - Adding mock interface to class org/springframework/expression/spel/ast/Operator
05:24:29.727 [main] INFO org.evosuite.runtime.instrumentation.CreateClassResetClassAdapter - Creating brand-new static initializer in class org/springframework/expression/spel/ast/Operator
05:24:29.728 [main] DEBUG org.evosuite.runtime.agent.TransformerForTests - Going to instrument: io.micrometer.core.lang.NonNullFields
05:24:29.729 [main] DEBUG org.evosuite.runtime.agent.TransformerForTests - Going to instrument: org.springframework.boot.autoconfigure.jdbc.JdbcTemplateAutoConfiguration
05:24:29.729 [main] INFO org.evosuite.runtime.instrumentation.MethodCallReplacementClassAdapter - Adding mock interface to class org/springframework/boot/autoconfigure/jdbc/JdbcTemplateAutoConfiguration
05:24:29.729 [main] INFO org.evosuite.runtime.instrumentation.CreateClassResetClassAdapter - Creating brand-new static initializer in class org/springframework/boot/autoconfigure/jdbc/JdbcTemplateAutoConfiguration
05:24:29.729 [main] DEBUG org.evosuite.runtime.agent.TransformerForTests - Going to instrument: net.bytebuddy.asm.Advice$OnDefaultValue
05:24:29.729 [main] INFO org.evosuite.runtime.instrumentation.MethodCallReplacementClassAdapter - Adding mock interface to class net/bytebuddy/asm/Advice$OnDefaultValue
05:24:29.730 [main] INFO org.evosuite.runtime.instrumentation.CreateClassResetClassAdapter - Creating brand-new static initializer in class net/bytebuddy/asm/Advice$OnDefaultValue
05:24:29.730 [main] DEBUG org.evosuite.runtime.agent.TransformerForTests - Going to instrument: org.hibernate.annotations.FilterDefs
05:24:29.730 [main] DEBUG org.evosuite.runtime.agent.TransformerForTests - Going to instrument: org.springframework.cglib.core.CodeEmitter$State
05:24:29.730 [main] INFO org.evosuite.runtime.instrumentation.MethodCallReplacementClassAdapter - Adding mock interface to class org/springframework/cglib/core/CodeEmitter$State
05:24:29.730 [main] INFO org.evosuite.runtime.instrumentation.CreateClassResetClassAdapter - Creating brand-new static initializer in class org/springframework/cglib/core/CodeEmitter$State
05:24:29.731 [main] DEBUG org.evosuite.runtime.agent.TransformerForTests - Going to instrument: org.springframework.cglib.core.MethodInfo
05:24:29.731 [main] INFO org.evosuite.runtime.instrumentation.MethodCallReplacementClassAdapter - Adding mock interface to class org/springframework/cglib/core/MethodInfo
05:24:29.731 [main] INFO org.evosuite.runtime.instrumentation.CreateClassResetClassAdapter - Creating brand-new static initializer in class org/springframework/cglib/core/MethodInfo
05:24:29.731 [main] DEBUG org.evosuite.runtime.agent.TransformerForTests - Going to instrument: org.hibernate.annotations.AnyMetaDef
05:24:29.732 [main] DEBUG org.evosuite.runtime.agent.TransformerForTests - Going to instrument: com.fasterxml.classmate.members.RawConstructor
05:24:29.732 [main] INFO org.evosuite.runtime.instrumentation.MethodCallReplacementClassAdapter - Adding mock interface to class com/fasterxml/classmate/members/RawConstructor
05:24:29.732 [main] INFO org.evosuite.runtime.instrumentation.CreateClassResetClassAdapter - Creating brand-new static initializer in class com/fasterxml/classmate/members/RawConstructor
05:24:29.733 [main] DEBUG org.evosuite.runtime.agent.TransformerForTests - Going to instrument: com.fasterxml.classmate.members.RawMember
05:24:29.733 [main] INFO org.evosuite.runtime.instrumentation.MethodCallReplacementClassAdapter - Adding mock interface to class com/fasterxml/classmate/members/RawMember
05:24:29.733 [main] INFO org.evosuite.runtime.instrumentation.CreateClassResetClassAdapter - Creating brand-new static initializer in class com/fasterxml/classmate/members/RawMember
05:24:29.733 [main] DEBUG org.evosuite.runtime.agent.TransformerForTests - Going to instrument: com.fasterxml.jackson.annotation.JsonSetter
05:24:29.734 [main] DEBUG org.evosuite.runtime.agent.TransformerForTests - Going to instrument: org.springframework.data.convert.DefaultConverterBuilder$ConfigurableGenericConverter
05:24:29.734 [main] INFO org.evosuite.runtime.instrumentation.MethodCallReplacementClassAdapter - Adding mock interface to class org/springframework/data/convert/DefaultConverterBuilder$ConfigurableGenericConverter
05:24:29.734 [main] INFO org.evosuite.runtime.instrumentation.CreateClassResetClassAdapter - Creating brand-new static initializer in class org/springframework/data/convert/DefaultConverterBuilder$ConfigurableGenericConverter
05:24:29.734 [main] DEBUG org.evosuite.runtime.agent.TransformerForTests - Going to instrument: org.hibernate.annotations.OnDelete
05:24:29.735 [main] DEBUG org.evosuite.runtime.agent.TransformerForTests - Going to instrument: org.apache.commons.io.filefilter.MagicNumberFileFilter
05:24:29.735 [main] INFO org.evosuite.runtime.instrumentation.MethodCallReplacementClassAdapter - Adding mock interface to class org/apache/commons/io/filefilter/MagicNumberFileFilter
05:24:29.736 [main] INFO org.evosuite.runtime.instrumentation.CreateClassResetClassAdapter - Creating brand-new static initializer in class org/apache/commons/io/filefilter/MagicNumberFileFilter
05:24:29.737 [main] DEBUG org.evosuite.runtime.agent.TransformerForTests - Going to instrument: org.springframework.core.type.filter.TypeFilter
05:24:29.737 [main] DEBUG org.evosuite.runtime.agent.TransformerForTests - Going to instrument: org.springframework.core.convert.support.NumberToNumberConverterFactory$NumberToNumber
05:24:29.738 [main] INFO org.evosuite.runtime.instrumentation.MethodCallReplacementClassAdapter - Adding mock interface to class org/springframework/core/convert/support/NumberToNumberConverterFactory$NumberToNumber
05:24:29.738 [main] INFO org.evosuite.runtime.instrumentation.CreateClassResetClassAdapter - Creating brand-new static initializer in class org/springframework/core/convert/support/NumberToNumberConverterFactory$NumberToNumber
05:24:29.738 [main] DEBUG org.evosuite.runtime.agent.TransformerForTests - Going to instrument: net.bytebuddy.build.Plugin$Engine
05:24:29.739 [main] DEBUG org.evosuite.runtime.agent.TransformerForTests - Going to instrument: org.springframework.boot.convert.ArrayToDelimitedStringConverter
05:24:29.739 [main] INFO org.evosuite.runtime.instrumentation.MethodCallReplacementClassAdapter - Adding mock interface to class org/springframework/boot/convert/ArrayToDelimitedStringConverter
05:24:29.739 [main] INFO org.evosuite.runtime.instrumentation.CreateClassResetClassAdapter - Creating brand-new static initializer in class org/springframework/boot/convert/ArrayToDelimitedStringConverter
05:24:29.740 [main] DEBUG org.evosuite.runtime.agent.TransformerForTests - Going to instrument: org.springframework.data.repository.util.QueryExecutionConverters$NullableWrapperToFutureConverter
05:24:29.740 [main] INFO org.evosuite.runtime.instrumentation.MethodCallReplacementClassAdapter - Adding mock interface to class org/springframework/data/repository/util/QueryExecutionConverters$NullableWrapperToFutureConverter
05:24:29.740 [main] INFO org.evosuite.runtime.instrumentation.CreateClassResetClassAdapter - Creating brand-new static initializer in class org/springframework/data/repository/util/QueryExecutionConverters$NullableWrapperToFutureConverter
05:24:29.741 [main] DEBUG org.evosuite.runtime.agent.TransformerForTests - Going to instrument: org.springframework.data.repository.util.QueryExecutionConverters$AbstractWrapperTypeConverter
05:24:29.741 [main] INFO org.evosuite.runtime.instrumentation.MethodCallReplacementClassAdapter - Adding mock interface to class org/springframework/data/repository/util/QueryExecutionConverters$AbstractWrapperTypeConverter
05:24:29.741 [main] INFO org.evosuite.runtime.instrumentation.CreateClassResetClassAdapter - Creating brand-new static initializer in class org/springframework/data/repository/util/QueryExecutionConverters$AbstractWrapperTypeConverter
05:24:29.742 [main] DEBUG org.evosuite.runtime.agent.TransformerForTests - Going to instrument: org.springframework.beans.factory.annotation.InitDestroyAnnotationBeanPostProcessor$LifecycleMetadata
05:24:29.742 [main] INFO org.evosuite.runtime.instrumentation.MethodCallReplacementClassAdapter - Adding mock interface to class org/springframework/beans/factory/annotation/InitDestroyAnnotationBeanPostProcessor$LifecycleMetadata
05:24:29.743 [main] INFO org.evosuite.runtime.instrumentation.CreateClassResetClassAdapter - Creating brand-new static initializer in class org/springframework/beans/factory/annotation/InitDestroyAnnotationBeanPostProcessor$LifecycleMetadata
05:24:29.744 [main] DEBUG org.evosuite.runtime.agent.TransformerForTests - Going to instrument: com.fasterxml.classmate.ResolvedType
05:24:29.744 [main] INFO org.evosuite.runtime.instrumentation.MethodCallReplacementClassAdapter - Adding mock interface to class com/fasterxml/classmate/ResolvedType
05:24:29.745 [main] INFO org.evosuite.runtime.instrumentation.CreateClassResetClassAdapter - Found static initializer in class com/fasterxml/classmate/ResolvedType
05:24:29.746 [main] DEBUG org.evosuite.runtime.agent.TransformerForTests - Going to instrument: com.fasterxml.classmate.members.RawField
05:24:29.746 [main] INFO org.evosuite.runtime.instrumentation.MethodCallReplacementClassAdapter - Adding mock interface to class com/fasterxml/classmate/members/RawField
05:24:29.746 [main] INFO org.evosuite.runtime.instrumentation.CreateClassResetClassAdapter - Creating brand-new static initializer in class com/fasterxml/classmate/members/RawField
05:24:29.746 [main] DEBUG org.evosuite.runtime.agent.TransformerForTests - Going to instrument: com.fasterxml.classmate.members.RawMethod
05:24:29.746 [main] INFO org.evosuite.runtime.instrumentation.MethodCallReplacementClassAdapter - Adding mock interface to class com/fasterxml/classmate/members/RawMethod
05:24:29.746 [main] INFO org.evosuite.runtime.instrumentation.CreateClassResetClassAdapter - Creating brand-new static initializer in class com/fasterxml/classmate/members/RawMethod
05:24:29.747 [main] DEBUG org.evosuite.runtime.agent.TransformerForTests - Going to instrument: org.apache.commons.io.file.Counters$AbstractPathCounters
05:24:29.747 [main] INFO org.evosuite.runtime.instrumentation.MethodCallReplacementClassAdapter - Adding mock interface to class org/apache/commons/io/file/Counters$AbstractPathCounters
05:24:29.747 [main] INFO org.evosuite.runtime.instrumentation.CreateClassResetClassAdapter - Creating brand-new static initializer in class org/apache/commons/io/file/Counters$AbstractPathCounters
05:24:29.747 [main] DEBUG org.evosuite.runtime.agent.TransformerForTests - Going to instrument: org.apache.commons.io.file.Counters$PathCounters
05:24:29.748 [main] DEBUG org.evosuite.runtime.agent.TransformerForTests - Going to instrument: org.springframework.beans.factory.support.ImplicitlyAppearedSingletonException
05:24:29.748 [main] INFO org.evosuite.runtime.instrumentation.MethodCallReplacementClassAdapter - Adding mock interface to class org/springframework/beans/factory/support/ImplicitlyAppearedSingletonException
05:24:29.748 [main] INFO org.evosuite.runtime.instrumentation.CreateClassResetClassAdapter - Creating brand-new static initializer in class org/springframework/beans/factory/support/ImplicitlyAppearedSingletonException
05:24:29.748 [main] DEBUG org.evosuite.runtime.agent.TransformerForTests - Going to instrument: com.fasterxml.jackson.annotation.JsonAlias
05:24:29.749 [main] DEBUG org.evosuite.runtime.agent.TransformerForTests - Going to instrument: org.springframework.beans.PropertyBatchUpdateException
05:24:29.749 [main] INFO org.evosuite.runtime.instrumentation.MethodCallReplacementClassAdapter - Adding mock interface to class org/springframework/beans/PropertyBatchUpdateException
05:24:29.749 [main] INFO org.evosuite.runtime.instrumentation.CreateClassResetClassAdapter - Creating brand-new static initializer in class org/springframework/beans/PropertyBatchUpdateException
05:24:29.750 [main] DEBUG org.evosuite.runtime.agent.TransformerForTests - Going to instrument: org.mockito.Spy
05:24:29.750 [main] DEBUG org.evosuite.runtime.agent.TransformerForTests - Going to instrument: org.springframework.core.io.InputStreamResource
05:24:29.750 [main] INFO org.evosuite.runtime.instrumentation.MethodCallReplacementClassAdapter - Adding mock interface to class org/springframework/core/io/InputStreamResource
05:24:29.751 [main] INFO org.evosuite.runtime.instrumentation.CreateClassResetClassAdapter - Creating brand-new static initializer in class org/springframework/core/io/InputStreamResource
05:24:29.751 [main] DEBUG org.evosuite.runtime.agent.TransformerForTests - Going to instrument: net.bytebuddy.implementation.auxiliary.AuxiliaryType$SignatureRelevant
05:24:29.752 [main] DEBUG org.evosuite.runtime.agent.TransformerForTests - Going to instrument: org.springframework.test.annotation.ProfileValueSourceConfiguration
05:24:29.752 [main] DEBUG org.evosuite.runtime.agent.TransformerForTests - Going to instrument: org.springframework.data.mapping.PropertyPath$Key
05:24:29.752 [main] INFO org.evosuite.runtime.instrumentation.MethodCallReplacementClassAdapter - Adding mock interface to class org/springframework/data/mapping/PropertyPath$Key
05:24:29.752 [main] INFO org.evosuite.runtime.instrumentation.CreateClassResetClassAdapter - Creating brand-new static initializer in class org/springframework/data/mapping/PropertyPath$Key
05:24:29.753 [main] DEBUG org.evosuite.runtime.agent.TransformerForTests - Going to instrument: org.springframework.expression.spel.ast.Literal
05:24:29.753 [main] INFO org.evosuite.runtime.instrumentation.MethodCallReplacementClassAdapter - Adding mock interface to class org/springframework/expression/spel/ast/Literal
05:24:29.753 [main] INFO org.evosuite.runtime.instrumentation.CreateClassResetClassAdapter - Creating brand-new static initializer in class org/springframework/expression/spel/ast/Literal
05:24:29.754 [main] DEBUG org.evosuite.runtime.agent.TransformerForTests - Going to instrument: org.springframework.expression.spel.ast.IntLiteral
05:24:29.754 [main] INFO org.evosuite.runtime.instrumentation.MethodCallReplacementClassAdapter - Adding mock interface to class org/springframework/expression/spel/ast/IntLiteral
05:24:29.754 [main] INFO org.evosuite.runtime.instrumentation.CreateClassResetClassAdapter - Creating brand-new static initializer in class org/springframework/expression/spel/ast/IntLiteral
05:24:29.754 [main] DEBUG org.evosuite.runtime.agent.TransformerForTests - Going to instrument: org.springframework.expression.spel.InternalParseException
05:24:29.754 [main] INFO org.evosuite.runtime.instrumentation.MethodCallReplacementClassAdapter - Adding mock interface to class org/springframework/expression/spel/InternalParseException
05:24:29.754 [main] INFO org.evosuite.runtime.instrumentation.CreateClassResetClassAdapter - Creating brand-new static initializer in class org/springframework/expression/spel/InternalParseException
05:24:29.755 [main] DEBUG org.evosuite.runtime.agent.TransformerForTests - Going to instrument: org.springframework.expression.spel.ast.LongLiteral
05:24:29.755 [main] INFO org.evosuite.runtime.instrumentation.MethodCallReplacementClassAdapter - Adding mock interface to class org/springframework/expression/spel/ast/LongLiteral
05:24:29.755 [main] INFO org.evosuite.runtime.instrumentation.CreateClassResetClassAdapter - Creating brand-new static initializer in class org/springframework/expression/spel/ast/LongLiteral
05:24:29.755 [main] DEBUG org.evosuite.runtime.agent.TransformerForTests - Going to instrument: org.springframework.expression.spel.ast.FloatLiteral
05:24:29.755 [main] INFO org.evosuite.runtime.instrumentation.MethodCallReplacementClassAdapter - Adding mock interface to class org/springframework/expression/spel/ast/FloatLiteral
05:24:29.755 [main] INFO org.evosuite.runtime.instrumentation.CreateClassResetClassAdapter - Creating brand-new static initializer in class org/springframework/expression/spel/ast/FloatLiteral
05:24:29.756 [main] DEBUG org.evosuite.runtime.agent.TransformerForTests - Going to instrument: org.springframework.expression.spel.ast.RealLiteral
05:24:29.756 [main] INFO org.evosuite.runtime.instrumentation.MethodCallReplacementClassAdapter - Adding mock interface to class org/springframework/expression/spel/ast/RealLiteral
05:24:29.756 [main] INFO org.evosuite.runtime.instrumentation.CreateClassResetClassAdapter - Creating brand-new static initializer in class org/springframework/expression/spel/ast/RealLiteral
05:24:29.756 [main] DEBUG org.evosuite.runtime.agent.TransformerForTests - Going to instrument: org.springframework.asm.Handle
05:24:29.756 [main] INFO org.evosuite.runtime.instrumentation.MethodCallReplacementClassAdapter - Adding mock interface to class org/springframework/asm/Handle
05:24:29.757 [main] INFO org.evosuite.runtime.instrumentation.CreateClassResetClassAdapter - Creating brand-new static initializer in class org/springframework/asm/Handle
05:24:29.757 [main] DEBUG org.evosuite.runtime.agent.TransformerForTests - Going to instrument: org.springframework.core.ConfigurableObjectInputStream
05:24:29.757 [main] INFO org.evosuite.runtime.instrumentation.MethodCallReplacementClassAdapter - Adding mock interface to class org/springframework/core/ConfigurableObjectInputStream
05:24:29.758 [main] INFO org.evosuite.runtime.instrumentation.CreateClassResetClassAdapter - Creating brand-new static initializer in class org/springframework/core/ConfigurableObjectInputStream
05:24:29.759 [main] DEBUG org.evosuite.runtime.agent.TransformerForTests - Going to instrument: org.springframework.beans.factory.annotation.InitDestroyAnnotationBeanPostProcessor$1
05:24:29.759 [main] INFO org.evosuite.runtime.instrumentation.MethodCallReplacementClassAdapter - Adding mock interface to class org/springframework/beans/factory/annotation/InitDestroyAnnotationBeanPostProcessor$1
05:24:29.759 [main] DEBUG org.evosuite.runtime.agent.TransformerForTests - Going to instrument: com.fasterxml.classmate.types.ResolvedArrayType
05:24:29.760 [main] INFO org.evosuite.runtime.instrumentation.MethodCallReplacementClassAdapter - Adding mock interface to class com/fasterxml/classmate/types/ResolvedArrayType
05:24:29.760 [main] INFO org.evosuite.runtime.instrumentation.CreateClassResetClassAdapter - Creating brand-new static initializer in class com/fasterxml/classmate/types/ResolvedArrayType
05:24:29.760 [main] DEBUG org.evosuite.runtime.agent.TransformerForTests - Going to instrument: org.springframework.expression.TypeConverter
05:24:29.760 [main] DEBUG org.evosuite.runtime.agent.TransformerForTests - Going to instrument: org.springframework.core.convert.support.ArrayToArrayConverter
05:24:29.760 [main] INFO org.evosuite.runtime.instrumentation.MethodCallReplacementClassAdapter - Adding mock interface to class org/springframework/core/convert/support/ArrayToArrayConverter
05:24:29.761 [main] INFO org.evosuite.runtime.instrumentation.CreateClassResetClassAdapter - Creating brand-new static initializer in class org/springframework/core/convert/support/ArrayToArrayConverter
05:24:29.761 [main] DEBUG org.evosuite.runtime.agent.TransformerForTests - Going to instrument: net.bytebuddy.description.ModifierReviewable$ForTypeDefinition
05:24:29.761 [main] DEBUG org.evosuite.runtime.agent.TransformerForTests - Going to instrument: net.bytebuddy.description.ModifierReviewable$OfAbstraction
05:24:29.761 [main] DEBUG org.evosuite.runtime.agent.TransformerForTests - Going to instrument: net.bytebuddy.description.ModifierReviewable$OfByteCodeElement
05:24:29.762 [main] DEBUG org.evosuite.runtime.agent.TransformerForTests - Going to instrument: net.bytebuddy.description.ModifierReviewable
05:24:29.762 [main] DEBUG org.evosuite.runtime.agent.TransformerForTests - Going to instrument: net.bytebuddy.description.ModifierReviewable$OfEnumeration
05:24:29.762 [main] DEBUG org.evosuite.runtime.agent.TransformerForTests - Going to instrument: org.springframework.data.mapping.PersistentPropertyPaths
05:24:29.763 [main] DEBUG org.evosuite.runtime.agent.TransformerForTests - Going to instrument: org.springframework.beans.factory.support.BeanDefinitionOverrideException
05:24:29.763 [main] INFO org.evosuite.runtime.instrumentation.MethodCallReplacementClassAdapter - Adding mock interface to class org/springframework/beans/factory/support/BeanDefinitionOverrideException
05:24:29.763 [main] INFO org.evosuite.runtime.instrumentation.CreateClassResetClassAdapter - Creating brand-new static initializer in class org/springframework/beans/factory/support/BeanDefinitionOverrideException
05:24:29.763 [main] DEBUG org.evosuite.runtime.agent.TransformerForTests - Going to instrument: org.springframework.data.repository.util.QueryExecutionConverters$NullableWrapperToCompletableFutureConverter
05:24:29.763 [main] INFO org.evosuite.runtime.instrumentation.MethodCallReplacementClassAdapter - Adding mock interface to class org/springframework/data/repository/util/QueryExecutionConverters$NullableWrapperToCompletableFutureConverter
05:24:29.764 [main] INFO org.evosuite.runtime.instrumentation.CreateClassResetClassAdapter - Creating brand-new static initializer in class org/springframework/data/repository/util/QueryExecutionConverters$NullableWrapperToCompletableFutureConverter
05:24:29.764 [main] DEBUG org.evosuite.runtime.agent.TransformerForTests - Going to instrument: org.springframework.beans.factory.annotation.Autowire
05:24:29.764 [main] INFO org.evosuite.runtime.instrumentation.MethodCallReplacementClassAdapter - Adding mock interface to class org/springframework/beans/factory/annotation/Autowire
05:24:29.765 [main] INFO org.evosuite.runtime.instrumentation.CreateClassResetClassAdapter - Found static initializer in class org/springframework/beans/factory/annotation/Autowire
05:24:29.765 [main] DEBUG org.evosuite.runtime.agent.TransformerForTests - Going to instrument: org.springframework.core.convert.support.StringToNumberConverterFactory$StringToNumber
05:24:29.765 [main] INFO org.evosuite.runtime.instrumentation.MethodCallReplacementClassAdapter - Adding mock interface to class org/springframework/core/convert/support/StringToNumberConverterFactory$StringToNumber
05:24:29.765 [main] INFO org.evosuite.runtime.instrumentation.CreateClassResetClassAdapter - Creating brand-new static initializer in class org/springframework/core/convert/support/StringToNumberConverterFactory$StringToNumber
05:24:29.766 [main] DEBUG org.evosuite.runtime.agent.TransformerForTests - Going to instrument: org.apache.commons.io.file.CountingPathVisitor
05:24:29.766 [main] INFO org.evosuite.runtime.instrumentation.MethodCallReplacementClassAdapter - Adding mock interface to class org/apache/commons/io/file/CountingPathVisitor
05:24:29.766 [main] INFO org.evosuite.runtime.instrumentation.CreateClassResetClassAdapter - Found static initializer in class org/apache/commons/io/file/CountingPathVisitor
05:24:29.767 [main] DEBUG org.evosuite.runtime.agent.TransformerForTests - Going to instrument: org.apache.commons.io.file.SimplePathVisitor
05:24:29.767 [main] INFO org.evosuite.runtime.instrumentation.MethodCallReplacementClassAdapter - Adding mock interface to class org/apache/commons/io/file/SimplePathVisitor
05:24:29.767 [main] INFO org.evosuite.runtime.instrumentation.CreateClassResetClassAdapter - Creating brand-new static initializer in class org/apache/commons/io/file/SimplePathVisitor
05:24:29.767 [main] DEBUG org.evosuite.runtime.agent.TransformerForTests - Going to instrument: org.hibernate.annotations.LazyToOne
05:24:29.768 [main] DEBUG org.evosuite.runtime.agent.TransformerForTests - Going to instrument: org.apache.commons.io.filefilter.FalseFileFilter
05:24:29.768 [main] INFO org.evosuite.runtime.instrumentation.MethodCallReplacementClassAdapter - Adding mock interface to class org/apache/commons/io/filefilter/FalseFileFilter
05:24:29.768 [main] INFO org.evosuite.runtime.instrumentation.CreateClassResetClassAdapter - Found static initializer in class org/apache/commons/io/filefilter/FalseFileFilter
05:24:29.768 [main] DEBUG org.evosuite.runtime.agent.TransformerForTests - Going to instrument: net.bytebuddy.utility.dispatcher.JavaDispatcher$Instance
05:24:29.769 [main] DEBUG org.evosuite.runtime.agent.TransformerForTests - Going to instrument: org.springframework.context.support.AbstractRefreshableApplicationContext
05:24:29.769 [main] INFO org.evosuite.runtime.instrumentation.MethodCallReplacementClassAdapter - Adding mock interface to class org/springframework/context/support/AbstractRefreshableApplicationContext
05:24:29.770 [main] INFO org.evosuite.runtime.instrumentation.CreateClassResetClassAdapter - Creating brand-new static initializer in class org/springframework/context/support/AbstractRefreshableApplicationContext
05:24:29.770 [main] DEBUG org.evosuite.runtime.agent.TransformerForTests - Going to instrument: net.bytebuddy.asm.Advice$AssignReturned$ToArguments$ToArgument
05:24:29.771 [main] DEBUG org.evosuite.runtime.agent.TransformerForTests - Going to instrument: org.springframework.scheduling.annotation.Async
05:24:29.771 [main] DEBUG org.evosuite.runtime.agent.TransformerForTests - Going to instrument: org.springframework.data.convert.WritingConverter
05:24:29.772 [main] DEBUG org.evosuite.runtime.agent.TransformerForTests - Going to instrument: com.fasterxml.jackson.annotation.JsonPropertyOrder
05:24:29.772 [main] DEBUG org.evosuite.runtime.agent.TransformerForTests - Going to instrument: org.springframework.context.annotation.DeferredImportSelector
05:24:29.773 [main] DEBUG org.evosuite.runtime.agent.TransformerForTests - Going to instrument: org.apache.commons.io.file.CleaningPathVisitor
05:24:29.773 [main] INFO org.evosuite.runtime.instrumentation.MethodCallReplacementClassAdapter - Adding mock interface to class org/apache/commons/io/file/CleaningPathVisitor
05:24:29.774 [main] INFO org.evosuite.runtime.instrumentation.CreateClassResetClassAdapter - Creating brand-new static initializer in class org/apache/commons/io/file/CleaningPathVisitor
05:24:29.775 [main] DEBUG org.evosuite.runtime.agent.TransformerForTests - Going to instrument: org.springframework.beans.factory.config.DependencyDescriptor
05:24:29.775 [main] INFO org.evosuite.runtime.instrumentation.MethodCallReplacementClassAdapter - Adding mock interface to class org/springframework/beans/factory/config/DependencyDescriptor
05:24:29.777 [main] INFO org.evosuite.runtime.instrumentation.CreateClassResetClassAdapter - Creating brand-new static initializer in class org/springframework/beans/factory/config/DependencyDescriptor
05:24:29.777 [main] DEBUG org.evosuite.runtime.agent.TransformerForTests - Going to instrument: org.springframework.beans.factory.NoUniqueBeanDefinitionException
05:24:29.778 [main] INFO org.evosuite.runtime.instrumentation.MethodCallReplacementClassAdapter - Adding mock interface to class org/springframework/beans/factory/NoUniqueBeanDefinitionException
05:24:29.778 [main] INFO org.evosuite.runtime.instrumentation.CreateClassResetClassAdapter - Creating brand-new static initializer in class org/springframework/beans/factory/NoUniqueBeanDefinitionException
05:24:29.778 [main] DEBUG org.evosuite.runtime.agent.TransformerForTests - Going to instrument: org.springframework.beans.factory.config.DependencyDescriptor$1
05:24:29.778 [main] INFO org.evosuite.runtime.instrumentation.MethodCallReplacementClassAdapter - Adding mock interface to class org/springframework/beans/factory/config/DependencyDescriptor$1
05:24:29.779 [main] DEBUG org.evosuite.runtime.agent.TransformerForTests - Going to instrument: org.springframework.context.annotation.PropertySources
05:24:29.779 [main] DEBUG org.evosuite.runtime.agent.TransformerForTests - Going to instrument: org.springframework.beans.PropertyAccessor
05:24:29.780 [main] DEBUG org.evosuite.runtime.agent.TransformerForTests - Going to instrument: org.springframework.asm.RecordComponentWriter
05:24:29.780 [main] INFO org.evosuite.runtime.instrumentation.MethodCallReplacementClassAdapter - Adding mock interface to class org/springframework/asm/RecordComponentWriter
05:24:29.780 [main] INFO org.evosuite.runtime.instrumentation.CreateClassResetClassAdapter - Creating brand-new static initializer in class org/springframework/asm/RecordComponentWriter
05:24:29.781 [main] DEBUG org.evosuite.runtime.agent.TransformerForTests - Going to instrument: org.springframework.asm.AnnotationWriter
05:24:29.781 [main] INFO org.evosuite.runtime.instrumentation.MethodCallReplacementClassAdapter - Adding mock interface to class org/springframework/asm/AnnotationWriter
05:24:29.782 [main] INFO org.evosuite.runtime.instrumentation.CreateClassResetClassAdapter - Creating brand-new static initializer in class org/springframework/asm/AnnotationWriter
05:24:29.782 [main] DEBUG org.evosuite.runtime.agent.TransformerForTests - Going to instrument: org.hibernate.annotations.SQLDeleteAll
05:24:29.783 [main] DEBUG org.evosuite.runtime.agent.TransformerForTests - Going to instrument: org.springframework.boot.convert.DurationToStringConverter
05:24:29.783 [main] INFO org.evosuite.runtime.instrumentation.MethodCallReplacementClassAdapter - Adding mock interface to class org/springframework/boot/convert/DurationToStringConverter
05:24:29.783 [main] INFO org.evosuite.runtime.instrumentation.CreateClassResetClassAdapter - Creating brand-new static initializer in class org/springframework/boot/convert/DurationToStringConverter
05:24:29.783 [main] DEBUG org.evosuite.runtime.agent.TransformerForTests - Going to instrument: org.springframework.context.annotation.ImportBeanDefinitionRegistrar
05:24:29.784 [main] DEBUG org.evosuite.runtime.agent.TransformerForTests - Going to instrument: org.springframework.expression.spel.ast.QualifiedIdentifier
05:24:29.784 [main] INFO org.evosuite.runtime.instrumentation.MethodCallReplacementClassAdapter - Adding mock interface to class org/springframework/expression/spel/ast/QualifiedIdentifier
05:24:29.784 [main] INFO org.evosuite.runtime.instrumentation.CreateClassResetClassAdapter - Creating brand-new static initializer in class org/springframework/expression/spel/ast/QualifiedIdentifier
05:24:29.785 [main] DEBUG org.evosuite.runtime.agent.TransformerForTests - Going to instrument: org.springframework.context.annotation.EnableLoadTimeWeaving
05:24:29.785 [main] DEBUG org.evosuite.runtime.agent.TransformerForTests - Going to instrument: org.springframework.beans.factory.aspectj.AnnotationBeanConfigurerAspect
05:24:29.786 [main] INFO org.evosuite.runtime.instrumentation.MethodCallReplacementClassAdapter - Adding mock interface to class org/springframework/beans/factory/aspectj/AnnotationBeanConfigurerAspect
05:24:29.786 [main] INFO org.evosuite.runtime.instrumentation.CreateClassResetClassAdapter - Found static initializer in class org/springframework/beans/factory/aspectj/AnnotationBeanConfigurerAspect
05:24:29.787 [main] DEBUG org.evosuite.runtime.agent.TransformerForTests - Going to instrument: org.springframework.beans.factory.aspectj.AbstractInterfaceDrivenDependencyInjectionAspect
05:24:29.787 [main] INFO org.evosuite.runtime.instrumentation.MethodCallReplacementClassAdapter - Adding mock interface to class org/springframework/beans/factory/aspectj/AbstractInterfaceDrivenDependencyInjectionAspect
05:24:29.787 [main] INFO org.evosuite.runtime.instrumentation.CreateClassResetClassAdapter - Creating brand-new static initializer in class org/springframework/beans/factory/aspectj/AbstractInterfaceDrivenDependencyInjectionAspect
05:24:29.788 [main] DEBUG org.evosuite.runtime.agent.TransformerForTests - Going to instrument: org.springframework.beans.factory.aspectj.AbstractDependencyInjectionAspect
05:24:29.788 [main] INFO org.evosuite.runtime.instrumentation.MethodCallReplacementClassAdapter - Adding mock interface to class org/springframework/beans/factory/aspectj/AbstractDependencyInjectionAspect
05:24:29.788 [main] INFO org.evosuite.runtime.instrumentation.CreateClassResetClassAdapter - Creating brand-new static initializer in class org/springframework/beans/factory/aspectj/AbstractDependencyInjectionAspect
05:24:29.788 [main] DEBUG org.evosuite.runtime.agent.TransformerForTests - Going to instrument: org.springframework.beans.factory.wiring.BeanWiringInfoResolver
05:24:29.789 [main] DEBUG org.evosuite.runtime.agent.TransformerForTests - Going to instrument: org.aspectj.lang.NoAspectBoundException
05:24:29.789 [main] INFO org.evosuite.runtime.instrumentation.MethodCallReplacementClassAdapter - Adding mock interface to class org/aspectj/lang/NoAspectBoundException
05:24:29.789 [main] INFO org.evosuite.runtime.instrumentation.CreateClassResetClassAdapter - Creating brand-new static initializer in class org/aspectj/lang/NoAspectBoundException
05:24:29.790 [main] DEBUG org.evosuite.runtime.agent.TransformerForTests - Going to instrument: org.springframework.beans.factory.wiring.BeanConfigurerSupport
05:24:29.790 [main] INFO org.evosuite.runtime.instrumentation.MethodCallReplacementClassAdapter - Adding mock interface to class org/springframework/beans/factory/wiring/BeanConfigurerSupport
05:24:29.790 [main] INFO org.evosuite.runtime.instrumentation.CreateClassResetClassAdapter - Creating brand-new static initializer in class org/springframework/beans/factory/wiring/BeanConfigurerSupport
05:24:29.791 [main] DEBUG org.evosuite.runtime.agent.TransformerForTests - Going to instrument: org.springframework.beans.factory.BeanCreationException
05:24:29.791 [main] INFO org.evosuite.runtime.instrumentation.MethodCallReplacementClassAdapter - Adding mock interface to class org/springframework/beans/factory/BeanCreationException
05:24:29.792 [main] INFO org.evosuite.runtime.instrumentation.CreateClassResetClassAdapter - Creating brand-new static initializer in class org/springframework/beans/factory/BeanCreationException
05:24:29.792 [main] DEBUG org.evosuite.runtime.agent.TransformerForTests - Going to instrument: org.aspectj.lang.JoinPoint
05:24:29.793 [main] DEBUG org.evosuite.runtime.agent.TransformerForTests - Going to instrument: org.springframework.cache.annotation.EnableCaching
05:24:29.794 [main] DEBUG org.evosuite.runtime.agent.TransformerForTests - Going to instrument: org.springframework.test.context.BootstrapWith
05:24:29.794 [main] DEBUG org.evosuite.runtime.agent.TransformerForTests - Going to instrument: org.hibernate.annotations.Fetch
05:24:29.794 [main] DEBUG org.evosuite.runtime.agent.TransformerForTests - Going to instrument: com.fasterxml.jackson.annotation.JsonSubTypes
05:24:29.795 [main] DEBUG org.evosuite.runtime.agent.TransformerForTests - Going to instrument: org.springframework.boot.validation.MessageInterpolatorFactory
05:24:29.795 [main] INFO org.evosuite.runtime.instrumentation.MethodCallReplacementClassAdapter - Adding mock interface to class org/springframework/boot/validation/MessageInterpolatorFactory
05:24:29.795 [main] INFO org.evosuite.runtime.instrumentation.CreateClassResetClassAdapter - Found static initializer in class org/springframework/boot/validation/MessageInterpolatorFactory
05:24:29.796 [main] ERROR org.evosuite.runtime.classhandling.ClassStateSupport - Could not initialize org.springframework.boot.validation.MessageInterpolatorFactory: javax/validation/MessageInterpolator
05:24:29.796 [main] DEBUG org.evosuite.runtime.agent.TransformerForTests - Going to instrument: net.bytebuddy.build.AccessControllerPlugin$Enhance
05:24:29.796 [main] DEBUG org.evosuite.runtime.agent.TransformerForTests - Going to instrument: org.springframework.core.convert.support.GenericConversionService$ConverterCacheKey
05:24:29.797 [main] INFO org.evosuite.runtime.instrumentation.MethodCallReplacementClassAdapter - Adding mock interface to class org/springframework/core/convert/support/GenericConversionService$ConverterCacheKey
05:24:29.797 [main] INFO org.evosuite.runtime.instrumentation.CreateClassResetClassAdapter - Creating brand-new static initializer in class org/springframework/core/convert/support/GenericConversionService$ConverterCacheKey
05:24:29.797 [main] DEBUG org.evosuite.runtime.agent.TransformerForTests - Going to instrument: org.springframework.expression.spel.SpelParserConfiguration
05:24:29.797 [main] INFO org.evosuite.runtime.instrumentation.MethodCallReplacementClassAdapter - Adding mock interface to class org/springframework/expression/spel/SpelParserConfiguration
05:24:29.797 [main] INFO org.evosuite.runtime.instrumentation.CreateClassResetClassAdapter - Found static initializer in class org/springframework/expression/spel/SpelParserConfiguration
05:24:29.798 [main] DEBUG org.evosuite.runtime.agent.TransformerForTests - Going to instrument: org.springframework.expression.spel.SpelCompilerMode
05:24:29.798 [main] INFO org.evosuite.runtime.instrumentation.MethodCallReplacementClassAdapter - Adding mock interface to class org/springframework/expression/spel/SpelCompilerMode
05:24:29.798 [main] INFO org.evosuite.runtime.instrumentation.CreateClassResetClassAdapter - Found static initializer in class org/springframework/expression/spel/SpelCompilerMode
05:24:29.799 [main] DEBUG org.evosuite.runtime.agent.TransformerForTests - Going to instrument: org.springframework.boot.sql.init.dependency.DatabaseInitializationDependencyConfigurer
05:24:29.799 [main] INFO org.evosuite.runtime.instrumentation.MethodCallReplacementClassAdapter - Adding mock interface to class org/springframework/boot/sql/init/dependency/DatabaseInitializationDependencyConfigurer
05:24:29.799 [main] INFO org.evosuite.runtime.instrumentation.CreateClassResetClassAdapter - Creating brand-new static initializer in class org/springframework/boot/sql/init/dependency/DatabaseInitializationDependencyConfigurer
05:24:29.800 [main] DEBUG org.evosuite.runtime.agent.TransformerForTests - Going to instrument: org.springframework.expression.spel.ExpressionState$VariableScope
05:24:29.800 [main] INFO org.evosuite.runtime.instrumentation.MethodCallReplacementClassAdapter - Adding mock interface to class org/springframework/expression/spel/ExpressionState$VariableScope
05:24:29.800 [main] INFO org.evosuite.runtime.instrumentation.CreateClassResetClassAdapter - Creating brand-new static initializer in class org/springframework/expression/spel/ExpressionState$VariableScope
05:24:29.801 [main] DEBUG org.evosuite.runtime.agent.TransformerForTests - Going to instrument: org.springframework.core.SerializableTypeWrapper$TypeProxyInvocationHandler
05:24:29.801 [main] INFO org.evosuite.runtime.instrumentation.MethodCallReplacementClassAdapter - Adding mock interface to class org/springframework/core/SerializableTypeWrapper$TypeProxyInvocationHandler
05:24:29.801 [main] INFO org.evosuite.runtime.instrumentation.CreateClassResetClassAdapter - Creating brand-new static initializer in class org/springframework/core/SerializableTypeWrapper$TypeProxyInvocationHandler
05:24:29.803 [main] DEBUG org.evosuite.runtime.agent.TransformerForTests - Going to instrument: org.springframework.test.annotation.Repeat
05:24:29.803 [main] DEBUG org.evosuite.runtime.agent.TransformerForTests - Going to instrument: net.bytebuddy.matcher.ElementMatcher
05:24:29.804 [main] DEBUG org.evosuite.runtime.agent.TransformerForTests - Going to instrument: org.springframework.data.geo.GeoResults
05:24:29.804 [main] INFO org.evosuite.runtime.instrumentation.MethodCallReplacementClassAdapter - Adding mock interface to class org/springframework/data/geo/GeoResults
05:24:29.804 [main] INFO org.evosuite.runtime.instrumentation.CreateClassResetClassAdapter - Creating brand-new static initializer in class org/springframework/data/geo/GeoResults
05:24:29.805 [main] DEBUG org.evosuite.runtime.agent.TransformerForTests - Going to instrument: org.springframework.data.geo.Metric
05:24:29.805 [main] DEBUG org.evosuite.runtime.agent.TransformerForTests - Going to instrument: org.springframework.context.annotation.MBeanExportConfiguration
05:24:29.805 [main] INFO org.evosuite.runtime.instrumentation.MethodCallReplacementClassAdapter - Adding mock interface to class org/springframework/context/annotation/MBeanExportConfiguration
05:24:29.806 [main] INFO org.evosuite.runtime.instrumentation.CreateClassResetClassAdapter - Creating brand-new static initializer in class org/springframework/context/annotation/MBeanExportConfiguration
05:24:29.806 [main] INFO org.evosuite.runtime.instrumentation.CreateClassResetClassAdapter - Adding bytecode for initializing field MBEAN_EXPORTER_BEAN_NAME
05:24:29.807 [main] DEBUG org.evosuite.runtime.agent.TransformerForTests - Going to instrument: org.springframework.context.annotation.ImportAware
05:24:29.807 [main] DEBUG org.evosuite.runtime.agent.TransformerForTests - Going to instrument: org.springframework.context.EnvironmentAware
05:24:29.808 [main] DEBUG org.evosuite.runtime.agent.TransformerForTests - Going to instrument: org.springframework.data.domain.Sort$TypedSort
05:24:29.808 [main] INFO org.evosuite.runtime.instrumentation.MethodCallReplacementClassAdapter - Adding mock interface to class org/springframework/data/domain/Sort$TypedSort
05:24:29.809 [main] INFO org.evosuite.runtime.instrumentation.CreateClassResetClassAdapter - Creating brand-new static initializer in class org/springframework/data/domain/Sort$TypedSort
05:24:29.810 [main] DEBUG org.evosuite.runtime.agent.TransformerForTests - Going to instrument: org.springframework.data.domain.Sort
05:24:29.810 [main] INFO org.evosuite.runtime.instrumentation.MethodCallReplacementClassAdapter - Adding mock interface to class org/springframework/data/domain/Sort
05:24:29.811 [main] INFO org.evosuite.runtime.instrumentation.CreateClassResetClassAdapter - Found static initializer in class org/springframework/data/domain/Sort
05:24:29.812 [main] DEBUG org.evosuite.runtime.agent.TransformerForTests - Going to instrument: org.springframework.data.domain.Sort$Order
05:24:29.812 [main] INFO org.evosuite.runtime.instrumentation.MethodCallReplacementClassAdapter - Adding mock interface to class org/springframework/data/domain/Sort$Order
05:24:29.813 [main] INFO org.evosuite.runtime.instrumentation.CreateClassResetClassAdapter - Found static initializer in class org/springframework/data/domain/Sort$Order
05:24:29.814 [main] DEBUG org.evosuite.runtime.agent.TransformerForTests - Going to instrument: org.springframework.data.domain.Sort$Direction
05:24:29.814 [main] INFO org.evosuite.runtime.instrumentation.MethodCallReplacementClassAdapter - Adding mock interface to class org/springframework/data/domain/Sort$Direction
05:24:29.815 [main] INFO org.evosuite.runtime.instrumentation.CreateClassResetClassAdapter - Found static initializer in class org/springframework/data/domain/Sort$Direction
05:24:29.815 [main] DEBUG org.evosuite.runtime.agent.TransformerForTests - Going to instrument: org.springframework.expression.spel.CodeFlow$FieldAdder
05:24:29.816 [main] DEBUG org.evosuite.runtime.agent.TransformerForTests - Going to instrument: org.springframework.test.web.reactive.server.WebTestClient$BodyContentSpec
05:24:29.817 [main] DEBUG org.evosuite.runtime.agent.TransformerForTests - Going to instrument: org.springframework.http.server.reactive.ContextPathCompositeHandler
05:24:29.817 [main] INFO org.evosuite.runtime.instrumentation.MethodCallReplacementClassAdapter - Adding mock interface to class org/springframework/http/server/reactive/ContextPathCompositeHandler
05:24:29.817 [main] INFO org.evosuite.runtime.instrumentation.CreateClassResetClassAdapter - Creating brand-new static initializer in class org/springframework/http/server/reactive/ContextPathCompositeHandler
05:24:29.818 [main] DEBUG org.evosuite.runtime.agent.TransformerForTests - Going to instrument: org.springframework.http.server.reactive.HttpHandler
05:24:29.818 [main] DEBUG org.evosuite.runtime.agent.TransformerForTests - Going to instrument: org.springframework.core.convert.support.StringToCharsetConverter
05:24:29.818 [main] INFO org.evosuite.runtime.instrumentation.MethodCallReplacementClassAdapter - Adding mock interface to class org/springframework/core/convert/support/StringToCharsetConverter
05:24:29.818 [main] INFO org.evosuite.runtime.instrumentation.CreateClassResetClassAdapter - Creating brand-new static initializer in class org/springframework/core/convert/support/StringToCharsetConverter
05:24:29.819 [main] DEBUG org.evosuite.runtime.agent.TransformerForTests - Going to instrument: org.hibernate.Incubating
05:24:29.819 [main] DEBUG org.evosuite.runtime.agent.TransformerForTests - Going to instrument: org.springframework.beans.factory.support.AutowireCandidateQualifier
05:24:29.819 [main] INFO org.evosuite.runtime.instrumentation.MethodCallReplacementClassAdapter - Adding mock interface to class org/springframework/beans/factory/support/AutowireCandidateQualifier
05:24:29.819 [main] INFO org.evosuite.runtime.instrumentation.CreateClassResetClassAdapter - Creating brand-new static initializer in class org/springframework/beans/factory/support/AutowireCandidateQualifier
05:24:29.819 [main] INFO org.evosuite.runtime.instrumentation.CreateClassResetClassAdapter - Adding bytecode for initializing field VALUE_KEY
05:24:29.820 [main] DEBUG org.evosuite.runtime.agent.TransformerForTests - Going to instrument: org.springframework.beans.BeanMetadataAttributeAccessor
05:24:29.820 [main] INFO org.evosuite.runtime.instrumentation.MethodCallReplacementClassAdapter - Adding mock interface to class org/springframework/beans/BeanMetadataAttributeAccessor
05:24:29.820 [main] INFO org.evosuite.runtime.instrumentation.CreateClassResetClassAdapter - Creating brand-new static initializer in class org/springframework/beans/BeanMetadataAttributeAccessor
05:24:29.820 [main] DEBUG org.evosuite.runtime.agent.TransformerForTests - Going to instrument: org.springframework.core.AttributeAccessorSupport
05:24:29.821 [main] INFO org.evosuite.runtime.instrumentation.MethodCallReplacementClassAdapter - Adding mock interface to class org/springframework/core/AttributeAccessorSupport
05:24:29.821 [main] INFO org.evosuite.runtime.instrumentation.CreateClassResetClassAdapter - Creating brand-new static initializer in class org/springframework/core/AttributeAccessorSupport
05:24:29.822 [main] DEBUG org.evosuite.runtime.agent.TransformerForTests - Going to instrument: org.springframework.boot.jackson.JsonMixin
05:24:29.822 [main] DEBUG org.evosuite.runtime.agent.TransformerForTests - Going to instrument: org.hibernate.cfg.annotations.CustomizableColumns
05:24:29.823 [main] INFO org.evosuite.runtime.instrumentation.MethodCallReplacementClassAdapter - Adding mock interface to class org/hibernate/cfg/annotations/CustomizableColumns
05:24:29.823 [main] INFO org.evosuite.runtime.instrumentation.CreateClassResetClassAdapter - Creating brand-new static initializer in class org/hibernate/cfg/annotations/CustomizableColumns
05:24:29.823 [main] DEBUG org.evosuite.runtime.agent.TransformerForTests - Going to instrument: org.hibernate.annotations.Columns
05:24:29.824 [main] DEBUG org.evosuite.runtime.agent.TransformerForTests - Going to instrument: org.hibernate.tuple.GeneratedValueGeneration
05:24:29.824 [main] INFO org.evosuite.runtime.instrumentation.MethodCallReplacementClassAdapter - Adding mock interface to class org/hibernate/tuple/GeneratedValueGeneration
05:24:29.824 [main] INFO org.evosuite.runtime.instrumentation.CreateClassResetClassAdapter - Creating brand-new static initializer in class org/hibernate/tuple/GeneratedValueGeneration
05:24:29.824 [main] DEBUG org.evosuite.runtime.agent.TransformerForTests - Going to instrument: org.hibernate.tuple.AnnotationValueGeneration
05:24:29.825 [main] DEBUG org.evosuite.runtime.agent.TransformerForTests - Going to instrument: org.hibernate.tuple.ValueGeneration
05:24:29.826 [main] DEBUG org.evosuite.runtime.agent.TransformerForTests - Going to instrument: org.springframework.data.util.CustomCollections
05:24:29.826 [main] INFO org.evosuite.runtime.instrumentation.MethodCallReplacementClassAdapter - Adding mock interface to class org/springframework/data/util/CustomCollections
05:24:29.827 [main] INFO org.evosuite.runtime.instrumentation.CreateClassResetClassAdapter - Found static initializer in class org/springframework/data/util/CustomCollections
05:24:29.827 [main] DEBUG org.evosuite.runtime.agent.TransformerForTests - Going to instrument: org.springframework.data.util.CustomCollectionRegistrar
05:24:29.832 [main] DEBUG org.evosuite.runtime.agent.TransformerForTests - Going to instrument: org.springframework.data.util.CustomCollections$VavrCollections
05:24:29.832 [main] INFO org.evosuite.runtime.instrumentation.MethodCallReplacementClassAdapter - Adding mock interface to class org/springframework/data/util/CustomCollections$VavrCollections
05:24:29.832 [main] INFO org.evosuite.runtime.instrumentation.CreateClassResetClassAdapter - Found static initializer in class org/springframework/data/util/CustomCollections$VavrCollections
05:24:29.833 [main] DEBUG org.evosuite.runtime.agent.TransformerForTests - Going to instrument: org.springframework.core.convert.TypeDescriptor$AnnotatedElementAdapter
05:24:29.833 [main] INFO org.evosuite.runtime.instrumentation.MethodCallReplacementClassAdapter - Adding mock interface to class org/springframework/core/convert/TypeDescriptor$AnnotatedElementAdapter
05:24:29.834 [main] INFO org.evosuite.runtime.instrumentation.CreateClassResetClassAdapter - Creating brand-new static initializer in class org/springframework/core/convert/TypeDescriptor$AnnotatedElementAdapter
05:24:29.835 [main] DEBUG org.evosuite.runtime.agent.TransformerForTests - Going to instrument: org.springframework.data.util.CustomCollections$EclipseCollections
05:24:29.835 [main] INFO org.evosuite.runtime.instrumentation.MethodCallReplacementClassAdapter - Adding mock interface to class org/springframework/data/util/CustomCollections$EclipseCollections
05:24:29.835 [main] INFO org.evosuite.runtime.instrumentation.CreateClassResetClassAdapter - Creating brand-new static initializer in class org/springframework/data/util/CustomCollections$EclipseCollections
05:24:29.837 [main] DEBUG org.evosuite.runtime.agent.TransformerForTests - Going to instrument: org.springframework.data.util.CustomCollections$SearchableTypes
05:24:29.837 [main] INFO org.evosuite.runtime.instrumentation.MethodCallReplacementClassAdapter - Adding mock interface to class org/springframework/data/util/CustomCollections$SearchableTypes
05:24:29.838 [main] INFO org.evosuite.runtime.instrumentation.CreateClassResetClassAdapter - Found static initializer in class org/springframework/data/util/CustomCollections$SearchableTypes
05:24:29.840 [main] DEBUG org.evosuite.runtime.agent.TransformerForTests - Going to instrument: net.bytebuddy.asm.Advice$Argument
05:24:29.841 [main] DEBUG org.evosuite.runtime.agent.TransformerForTests - Going to instrument: org.springframework.stereotype.Repository
05:24:29.842 [main] DEBUG org.evosuite.runtime.agent.TransformerForTests - Going to instrument: org.springframework.beans.factory.BeanExpressionException
05:24:29.842 [main] INFO org.evosuite.runtime.instrumentation.MethodCallReplacementClassAdapter - Adding mock interface to class org/springframework/beans/factory/BeanExpressionException
05:24:29.842 [main] INFO org.evosuite.runtime.instrumentation.CreateClassResetClassAdapter - Creating brand-new static initializer in class org/springframework/beans/factory/BeanExpressionException
05:24:29.842 [main] DEBUG org.evosuite.runtime.agent.TransformerForTests - Going to instrument: org.springframework.beans.factory.BeanCreationNotAllowedException
05:24:29.842 [main] INFO org.evosuite.runtime.instrumentation.MethodCallReplacementClassAdapter - Adding mock interface to class org/springframework/beans/factory/BeanCreationNotAllowedException
05:24:29.843 [main] INFO org.evosuite.runtime.instrumentation.CreateClassResetClassAdapter - Creating brand-new static initializer in class org/springframework/beans/factory/BeanCreationNotAllowedException
05:24:29.843 [main] DEBUG org.evosuite.runtime.agent.TransformerForTests - Going to instrument: org.springframework.beans.factory.BeanCurrentlyInCreationException
05:24:29.843 [main] INFO org.evosuite.runtime.instrumentation.MethodCallReplacementClassAdapter - Adding mock interface to class org/springframework/beans/factory/BeanCurrentlyInCreationException
05:24:29.843 [main] INFO org.evosuite.runtime.instrumentation.CreateClassResetClassAdapter - Creating brand-new static initializer in class org/springframework/beans/factory/BeanCurrentlyInCreationException
05:24:29.843 [main] DEBUG org.evosuite.runtime.agent.TransformerForTests - Going to instrument: org.hibernate.annotations.SortComparator
05:24:29.844 [main] DEBUG org.evosuite.runtime.agent.TransformerForTests - Going to instrument: org.springframework.core.convert.support.StringToEnumConverterFactory
05:24:29.844 [main] INFO org.evosuite.runtime.instrumentation.MethodCallReplacementClassAdapter - Adding mock interface to class org/springframework/core/convert/support/StringToEnumConverterFactory
05:24:29.844 [main] INFO org.evosuite.runtime.instrumentation.CreateClassResetClassAdapter - Creating brand-new static initializer in class org/springframework/core/convert/support/StringToEnumConverterFactory
05:24:29.844 [main] DEBUG org.evosuite.runtime.agent.TransformerForTests - Going to instrument: net.bytebuddy.build.CachedReturnPlugin$CacheFieldOffsetMapping
05:24:29.845 [main] INFO org.evosuite.runtime.instrumentation.MethodCallReplacementClassAdapter - Adding mock interface to class net/bytebuddy/build/CachedReturnPlugin$CacheFieldOffsetMapping
05:24:29.845 [main] INFO org.evosuite.runtime.instrumentation.CreateClassResetClassAdapter - Creating brand-new static initializer in class net/bytebuddy/build/CachedReturnPlugin$CacheFieldOffsetMapping
05:24:29.845 [main] DEBUG org.evosuite.runtime.agent.TransformerForTests - Going to instrument: net.bytebuddy.asm.Advice$OffsetMapping
05:24:29.845 [main] DEBUG org.evosuite.runtime.agent.TransformerForTests - Going to instrument: net.bytebuddy.asm.Advice$OffsetMapping$Target
05:24:29.846 [main] DEBUG org.evosuite.runtime.agent.TransformerForTests - Going to instrument: org.springframework.boot.convert.PeriodFormat
05:24:29.846 [main] DEBUG org.evosuite.runtime.agent.TransformerForTests - Going to instrument: org.springframework.test.annotation.Timed
05:24:29.847 [main] DEBUG org.evosuite.runtime.agent.TransformerForTests - Going to instrument: org.springframework.core.type.AnnotationMetadata
05:24:29.847 [main] DEBUG org.evosuite.runtime.agent.TransformerForTests - Going to instrument: org.springframework.core.type.ClassMetadata
05:24:29.848 [main] DEBUG org.evosuite.runtime.agent.TransformerForTests - Going to instrument: org.springframework.core.type.AnnotatedTypeMetadata
05:24:29.849 [main] DEBUG org.evosuite.runtime.agent.TransformerForTests - Going to instrument: org.springframework.core.type.StandardClassMetadata
05:24:29.849 [main] INFO org.evosuite.runtime.instrumentation.MethodCallReplacementClassAdapter - Adding mock interface to class org/springframework/core/type/StandardClassMetadata
05:24:29.849 [main] INFO org.evosuite.runtime.instrumentation.CreateClassResetClassAdapter - Creating brand-new static initializer in class org/springframework/core/type/StandardClassMetadata
05:24:29.850 [main] DEBUG org.evosuite.runtime.agent.TransformerForTests - Going to instrument: org.springframework.lang.UsesSunMisc
05:24:29.850 [main] DEBUG org.evosuite.runtime.agent.TransformerForTests - Going to instrument: org.springframework.data.util.TypeDiscoverer
05:24:29.851 [main] INFO org.evosuite.runtime.instrumentation.MethodCallReplacementClassAdapter - Adding mock interface to class org/springframework/data/util/TypeDiscoverer
05:24:29.853 [main] INFO org.evosuite.runtime.instrumentation.CreateClassResetClassAdapter - Creating brand-new static initializer in class org/springframework/data/util/TypeDiscoverer
05:24:29.854 [main] DEBUG org.evosuite.runtime.agent.TransformerForTests - Going to instrument: org.springframework.data.util.TypeInformation
05:24:29.856 [main] DEBUG org.evosuite.runtime.agent.TransformerForTests - Going to instrument: org.springframework.expression.spel.ast.OpAnd
05:24:29.856 [main] INFO org.evosuite.runtime.instrumentation.MethodCallReplacementClassAdapter - Adding mock interface to class org/springframework/expression/spel/ast/OpAnd
05:24:29.856 [main] INFO org.evosuite.runtime.instrumentation.CreateClassResetClassAdapter - Creating brand-new static initializer in class org/springframework/expression/spel/ast/OpAnd
05:24:29.857 [main] DEBUG org.evosuite.runtime.agent.TransformerForTests - Going to instrument: org.springframework.expression.spel.support.BooleanTypedValue
05:24:29.857 [main] INFO org.evosuite.runtime.instrumentation.MethodCallReplacementClassAdapter - Adding mock interface to class org/springframework/expression/spel/support/BooleanTypedValue
05:24:29.857 [main] INFO org.evosuite.runtime.instrumentation.CreateClassResetClassAdapter - Found static initializer in class org/springframework/expression/spel/support/BooleanTypedValue
05:24:29.857 [main] DEBUG org.evosuite.runtime.agent.TransformerForTests - Going to instrument: org.springframework.expression.spel.support.SimpleEvaluationContext$1
05:24:29.857 [main] INFO org.evosuite.runtime.instrumentation.MethodCallReplacementClassAdapter - Adding mock interface to class org/springframework/expression/spel/support/SimpleEvaluationContext$1
05:24:29.858 [main] DEBUG org.evosuite.runtime.agent.TransformerForTests - Going to instrument: com.fasterxml.jackson.annotation.JsonTypeId
05:24:29.859 [main] DEBUG org.evosuite.runtime.agent.TransformerForTests - Going to instrument: net.bytebuddy.build.HashCodeAndEqualsPlugin
05:24:29.859 [main] INFO org.evosuite.runtime.instrumentation.MethodCallReplacementClassAdapter - Adding mock interface to class net/bytebuddy/build/HashCodeAndEqualsPlugin
05:24:29.861 [main] INFO org.evosuite.runtime.instrumentation.CreateClassResetClassAdapter - Found static initializer in class net/bytebuddy/build/HashCodeAndEqualsPlugin
05:24:29.862 [main] DEBUG org.evosuite.runtime.agent.TransformerForTests - Going to instrument: net.bytebuddy.build.Plugin
05:24:29.863 [main] DEBUG org.evosuite.runtime.agent.TransformerForTests - Going to instrument: net.bytebuddy.build.Plugin$Factory
05:24:29.863 [main] DEBUG org.evosuite.runtime.agent.TransformerForTests - Going to instrument: net.bytebuddy.implementation.attribute.MethodAttributeAppender$Factory
05:24:29.863 [main] DEBUG org.evosuite.runtime.agent.TransformerForTests - Going to instrument: net.bytebuddy.implementation.attribute.MethodAttributeAppender
05:24:29.864 [main] DEBUG org.evosuite.runtime.agent.TransformerForTests - Going to instrument: net.bytebuddy.implementation.Implementation
05:24:29.864 [main] DEBUG org.evosuite.runtime.agent.TransformerForTests - Going to instrument: net.bytebuddy.dynamic.scaffold.InstrumentedType$Prepareable
05:24:29.864 [main] DEBUG org.evosuite.runtime.agent.TransformerForTests - Going to instrument: net.bytebuddy.dynamic.DynamicType$Builder
05:24:29.866 [main] DEBUG org.evosuite.runtime.agent.TransformerForTests - Going to instrument: net.bytebuddy.build.HashCodeAndEqualsPlugin$Enhance
05:24:29.867 [main] DEBUG org.evosuite.runtime.agent.TransformerForTests - Going to instrument: net.bytebuddy.description.type.TypeDescription$ForLoadedType
05:24:29.867 [main] INFO org.evosuite.runtime.instrumentation.MethodCallReplacementClassAdapter - Adding mock interface to class net/bytebuddy/description/type/TypeDescription$ForLoadedType
05:24:29.872 [main] INFO org.evosuite.runtime.instrumentation.CreateClassResetClassAdapter - Found static initializer in class net/bytebuddy/description/type/TypeDescription$ForLoadedType
05:24:29.875 [main] DEBUG org.evosuite.runtime.agent.TransformerForTests - Going to instrument: net.bytebuddy.description.type.TypeDescription$AbstractBase
05:24:29.876 [main] INFO org.evosuite.runtime.instrumentation.MethodCallReplacementClassAdapter - Adding mock interface to class net/bytebuddy/description/type/TypeDescription$AbstractBase
05:24:29.882 [main] INFO org.evosuite.runtime.instrumentation.CreateClassResetClassAdapter - Found static initializer in class net/bytebuddy/description/type/TypeDescription$AbstractBase
05:24:29.883 [main] DEBUG org.evosuite.runtime.agent.TransformerForTests - Going to instrument: net.bytebuddy.description.type.TypeDescription
05:24:29.883 [main] DEBUG org.evosuite.runtime.agent.TransformerForTests - Going to instrument: net.bytebuddy.description.type.TypeDefinition
05:24:29.884 [main] DEBUG org.evosuite.runtime.agent.TransformerForTests - Going to instrument: net.bytebuddy.description.NamedElement
05:24:29.884 [main] DEBUG org.evosuite.runtime.agent.TransformerForTests - Going to instrument: net.bytebuddy.description.ByteCodeElement
05:24:29.884 [main] DEBUG org.evosuite.runtime.agent.TransformerForTests - Going to instrument: net.bytebuddy.description.NamedElement$WithRuntimeName
05:24:29.884 [main] DEBUG org.evosuite.runtime.agent.TransformerForTests - Going to instrument: net.bytebuddy.description.NamedElement$WithDescriptor
05:24:29.885 [main] DEBUG org.evosuite.runtime.agent.TransformerForTests - Going to instrument: net.bytebuddy.description.DeclaredByType
05:24:29.885 [main] DEBUG org.evosuite.runtime.agent.TransformerForTests - Going to instrument: net.bytebuddy.description.annotation.AnnotationSource
05:24:29.885 [main] DEBUG org.evosuite.runtime.agent.TransformerForTests - Going to instrument: net.bytebuddy.description.TypeVariableSource
05:24:29.886 [main] DEBUG org.evosuite.runtime.agent.TransformerForTests - Going to instrument: net.bytebuddy.description.TypeVariableSource$AbstractBase
05:24:29.886 [main] INFO org.evosuite.runtime.instrumentation.MethodCallReplacementClassAdapter - Adding mock interface to class net/bytebuddy/description/TypeVariableSource$AbstractBase
05:24:29.886 [main] INFO org.evosuite.runtime.instrumentation.CreateClassResetClassAdapter - Creating brand-new static initializer in class net/bytebuddy/description/TypeVariableSource$AbstractBase
05:24:29.887 [main] DEBUG org.evosuite.runtime.agent.TransformerForTests - Going to instrument: net.bytebuddy.description.ModifierReviewable$AbstractBase
05:24:29.887 [main] INFO org.evosuite.runtime.instrumentation.MethodCallReplacementClassAdapter - Adding mock interface to class net/bytebuddy/description/ModifierReviewable$AbstractBase
05:24:29.888 [main] INFO org.evosuite.runtime.instrumentation.CreateClassResetClassAdapter - Creating brand-new static initializer in class net/bytebuddy/description/ModifierReviewable$AbstractBase
05:24:29.888 [main] DEBUG org.evosuite.runtime.agent.TransformerForTests - Going to instrument: net.bytebuddy.description.ModifierReviewable$ForFieldDescription
05:24:29.889 [main] DEBUG org.evosuite.runtime.agent.TransformerForTests - Going to instrument: net.bytebuddy.description.ModifierReviewable$ForMethodDescription
05:24:29.889 [main] DEBUG org.evosuite.runtime.agent.TransformerForTests - Going to instrument: net.bytebuddy.description.ModifierReviewable$ForParameterDescription
05:24:29.890 [main] DEBUG org.evosuite.runtime.agent.TransformerForTests - Going to instrument: net.bytebuddy.description.type.TypeList$Generic
05:24:29.890 [main] DEBUG org.evosuite.runtime.agent.TransformerForTests - Going to instrument: net.bytebuddy.matcher.FilterableList
05:24:29.891 [main] DEBUG org.evosuite.runtime.agent.TransformerForTests - Going to instrument: net.bytebuddy.description.type.TypeDescription$Generic
05:24:29.892 [main] DEBUG org.evosuite.runtime.agent.TransformerForTests - Going to instrument: net.bytebuddy.description.annotation.AnnotationList
05:24:29.893 [main] DEBUG org.evosuite.runtime.agent.TransformerForTests - Going to instrument: net.bytebuddy.description.type.TypeDescription$Generic$Visitor
05:24:29.893 [main] DEBUG org.evosuite.runtime.agent.TransformerForTests - Going to instrument: net.bytebuddy.description.type.TypeList$Empty
05:24:29.894 [main] INFO org.evosuite.runtime.instrumentation.MethodCallReplacementClassAdapter - Adding mock interface to class net/bytebuddy/description/type/TypeList$Empty
05:24:29.894 [main] INFO org.evosuite.runtime.instrumentation.CreateClassResetClassAdapter - Creating brand-new static initializer in class net/bytebuddy/description/type/TypeList$Empty
05:24:29.894 [main] DEBUG org.evosuite.runtime.agent.TransformerForTests - Going to instrument: net.bytebuddy.description.type.TypeList
05:24:29.894 [main] DEBUG org.evosuite.runtime.agent.TransformerForTests - Going to instrument: net.bytebuddy.matcher.FilterableList$Empty
05:24:29.895 [main] INFO org.evosuite.runtime.instrumentation.MethodCallReplacementClassAdapter - Adding mock interface to class net/bytebuddy/matcher/FilterableList$Empty
05:24:29.895 [main] INFO org.evosuite.runtime.instrumentation.CreateClassResetClassAdapter - Creating brand-new static initializer in class net/bytebuddy/matcher/FilterableList$Empty
05:24:29.896 [main] DEBUG org.evosuite.runtime.agent.TransformerForTests - Going to instrument: net.bytebuddy.description.type.TypeList$ForLoadedTypes
05:24:29.896 [main] INFO org.evosuite.runtime.instrumentation.MethodCallReplacementClassAdapter - Adding mock interface to class net/bytebuddy/description/type/TypeList$ForLoadedTypes
05:24:29.896 [main] INFO org.evosuite.runtime.instrumentation.CreateClassResetClassAdapter - Creating brand-new static initializer in class net/bytebuddy/description/type/TypeList$ForLoadedTypes
05:24:29.896 [main] DEBUG org.evosuite.runtime.agent.TransformerForTests - Going to instrument: net.bytebuddy.description.type.TypeList$AbstractBase
05:24:29.896 [main] INFO org.evosuite.runtime.instrumentation.MethodCallReplacementClassAdapter - Adding mock interface to class net/bytebuddy/description/type/TypeList$AbstractBase
05:24:29.896 [main] INFO org.evosuite.runtime.instrumentation.CreateClassResetClassAdapter - Creating brand-new static initializer in class net/bytebuddy/description/type/TypeList$AbstractBase
05:24:29.897 [main] DEBUG org.evosuite.runtime.agent.TransformerForTests - Going to instrument: net.bytebuddy.matcher.FilterableList$AbstractBase
05:24:29.897 [main] INFO org.evosuite.runtime.instrumentation.MethodCallReplacementClassAdapter - Adding mock interface to class net/bytebuddy/matcher/FilterableList$AbstractBase
05:24:29.898 [main] INFO org.evosuite.runtime.instrumentation.CreateClassResetClassAdapter - Creating brand-new static initializer in class net/bytebuddy/matcher/FilterableList$AbstractBase
05:24:29.898 [main] INFO org.evosuite.runtime.instrumentation.CreateClassResetClassAdapter - Adding bytecode for initializing field ONLY
05:24:29.898 [main] DEBUG org.evosuite.runtime.agent.TransformerForTests - Going to instrument: net.bytebuddy.description.type.RecordComponentList$Empty
05:24:29.898 [main] INFO org.evosuite.runtime.instrumentation.MethodCallReplacementClassAdapter - Adding mock interface to class net/bytebuddy/description/type/RecordComponentList$Empty
05:24:29.898 [main] INFO org.evosuite.runtime.instrumentation.CreateClassResetClassAdapter - Creating brand-new static initializer in class net/bytebuddy/description/type/RecordComponentList$Empty
05:24:29.899 [main] DEBUG org.evosuite.runtime.agent.TransformerForTests - Going to instrument: net.bytebuddy.description.type.RecordComponentList
05:24:29.899 [main] DEBUG org.evosuite.runtime.agent.TransformerForTests - Going to instrument: net.bytebuddy.description.type.RecordComponentList$ForLoadedRecordComponents
05:24:29.899 [main] INFO org.evosuite.runtime.instrumentation.MethodCallReplacementClassAdapter - Adding mock interface to class net/bytebuddy/description/type/RecordComponentList$ForLoadedRecordComponents
05:24:29.899 [main] INFO org.evosuite.runtime.instrumentation.CreateClassResetClassAdapter - Creating brand-new static initializer in class net/bytebuddy/description/type/RecordComponentList$ForLoadedRecordComponents
05:24:29.899 [main] DEBUG org.evosuite.runtime.agent.TransformerForTests - Going to instrument: net.bytebuddy.description.type.RecordComponentList$AbstractBase
05:24:29.899 [main] INFO org.evosuite.runtime.instrumentation.MethodCallReplacementClassAdapter - Adding mock interface to class net/bytebuddy/description/type/RecordComponentList$AbstractBase
05:24:29.900 [main] INFO org.evosuite.runtime.instrumentation.CreateClassResetClassAdapter - Creating brand-new static initializer in class net/bytebuddy/description/type/RecordComponentList$AbstractBase
05:24:29.900 [main] DEBUG org.evosuite.runtime.agent.TransformerForTests - Going to instrument: net.bytebuddy.description.method.MethodList
05:24:29.901 [main] DEBUG org.evosuite.runtime.agent.TransformerForTests - Going to instrument: net.bytebuddy.description.field.FieldList
05:24:29.901 [main] DEBUG org.evosuite.runtime.agent.TransformerForTests - Going to instrument: net.bytebuddy.description.method.MethodDescription$InDefinedShape
05:24:29.901 [main] DEBUG org.evosuite.runtime.agent.TransformerForTests - Going to instrument: net.bytebuddy.description.method.MethodDescription
05:24:29.902 [main] DEBUG org.evosuite.runtime.agent.TransformerForTests - Going to instrument: net.bytebuddy.description.DeclaredByType$WithMandatoryDeclaration
05:24:29.902 [main] DEBUG org.evosuite.runtime.agent.TransformerForTests - Going to instrument: net.bytebuddy.description.NamedElement$WithGenericName
05:24:29.902 [main] DEBUG org.evosuite.runtime.agent.TransformerForTests - Going to instrument: net.bytebuddy.description.ByteCodeElement$TypeDependant
05:24:29.902 [main] DEBUG org.evosuite.runtime.agent.TransformerForTests - Going to instrument: net.bytebuddy.description.type.PackageDescription
05:24:29.903 [main] DEBUG org.evosuite.runtime.agent.TransformerForTests - Going to instrument: net.bytebuddy.utility.privilege.GetSystemPropertyAction
05:24:29.903 [main] INFO org.evosuite.runtime.instrumentation.MethodCallReplacementClassAdapter - Adding mock interface to class net/bytebuddy/utility/privilege/GetSystemPropertyAction
05:24:29.903 [main] INFO org.evosuite.runtime.instrumentation.CreateClassResetClassAdapter - Creating brand-new static initializer in class net/bytebuddy/utility/privilege/GetSystemPropertyAction
05:24:29.904 [main] DEBUG org.evosuite.runtime.agent.TransformerForTests - Going to instrument: net.bytebuddy.description.type.TypeDescription$ForLoadedType$Dispatcher
05:24:29.905 [main] DEBUG org.evosuite.runtime.agent.TransformerForTests - Going to instrument: net.bytebuddy.utility.dispatcher.JavaDispatcher
05:24:29.905 [main] INFO org.evosuite.runtime.instrumentation.MethodCallReplacementClassAdapter - Adding mock interface to class net/bytebuddy/utility/dispatcher/JavaDispatcher
05:24:29.909 [main] INFO org.evosuite.runtime.instrumentation.CreateClassResetClassAdapter - Found static initializer in class net/bytebuddy/utility/dispatcher/JavaDispatcher
05:24:29.911 [main] DEBUG org.evosuite.runtime.agent.TransformerForTests - Going to instrument: net.bytebuddy.utility.dispatcher.JavaDispatcher$Dispatcher
05:24:29.911 [main] DEBUG org.evosuite.runtime.agent.TransformerForTests - Going to instrument: net.bytebuddy.utility.dispatcher.JavaDispatcher$Proxied
05:24:29.912 [main] DEBUG org.evosuite.runtime.agent.TransformerForTests - Going to instrument: net.bytebuddy.utility.dispatcher.JavaDispatcher$DynamicClassLoader$Resolver$CreationAction
05:24:29.912 [main] INFO org.evosuite.runtime.instrumentation.MethodCallReplacementClassAdapter - Adding mock interface to class net/bytebuddy/utility/dispatcher/JavaDispatcher$DynamicClassLoader$Resolver$CreationAction
05:24:29.912 [main] INFO org.evosuite.runtime.instrumentation.CreateClassResetClassAdapter - Found static initializer in class net/bytebuddy/utility/dispatcher/JavaDispatcher$DynamicClassLoader$Resolver$CreationAction
05:24:29.912 [main] DEBUG org.evosuite.runtime.agent.TransformerForTests - Going to instrument: net.bytebuddy.utility.dispatcher.JavaDispatcher$DynamicClassLoader$Resolver
05:24:29.913 [main] DEBUG org.evosuite.runtime.agent.TransformerForTests - Going to instrument: net.bytebuddy.utility.dispatcher.JavaDispatcher$DynamicClassLoader$Resolver$ForModuleSystem
05:24:29.913 [main] INFO org.evosuite.runtime.instrumentation.MethodCallReplacementClassAdapter - Adding mock interface to class net/bytebuddy/utility/dispatcher/JavaDispatcher$DynamicClassLoader$Resolver$ForModuleSystem
05:24:29.914 [main] INFO org.evosuite.runtime.instrumentation.CreateClassResetClassAdapter - Creating brand-new static initializer in class net/bytebuddy/utility/dispatcher/JavaDispatcher$DynamicClassLoader$Resolver$ForModuleSystem
05:24:29.914 [main] DEBUG org.evosuite.runtime.agent.TransformerForTests - Going to instrument: net.bytebuddy.utility.dispatcher.JavaDispatcher$InvokerCreationAction
05:24:29.914 [main] INFO org.evosuite.runtime.instrumentation.MethodCallReplacementClassAdapter - Adding mock interface to class net/bytebuddy/utility/dispatcher/JavaDispatcher$InvokerCreationAction
05:24:29.914 [main] INFO org.evosuite.runtime.instrumentation.CreateClassResetClassAdapter - Creating brand-new static initializer in class net/bytebuddy/utility/dispatcher/JavaDispatcher$InvokerCreationAction
05:24:29.917 [main] DEBUG org.evosuite.runtime.agent.TransformerForTests - Going to instrument: net.bytebuddy.utility.dispatcher.JavaDispatcher$DynamicClassLoader
05:24:29.918 [main] INFO org.evosuite.runtime.instrumentation.MethodCallReplacementClassAdapter - Adding mock interface to class net/bytebuddy/utility/dispatcher/JavaDispatcher$DynamicClassLoader
05:24:29.919 [main] INFO org.evosuite.runtime.instrumentation.CreateClassResetClassAdapter - Found static initializer in class net/bytebuddy/utility/dispatcher/JavaDispatcher$DynamicClassLoader
05:24:29.920 [main] DEBUG org.evosuite.runtime.agent.TransformerForTests - Going to instrument: net.bytebuddy.utility.Invoker
05:24:29.921 [main] DEBUG org.evosuite.runtime.agent.TransformerForTests - Going to instrument: net.bytebuddy.jar.asm.ClassWriter
05:24:29.922 [main] INFO org.evosuite.runtime.instrumentation.MethodCallReplacementClassAdapter - Adding mock interface to class net/bytebuddy/jar/asm/ClassWriter
05:24:29.923 [main] INFO org.evosuite.runtime.instrumentation.CreateClassResetClassAdapter - Creating brand-new static initializer in class net/bytebuddy/jar/asm/ClassWriter
05:24:29.923 [main] INFO org.evosuite.runtime.instrumentation.CreateClassResetClassAdapter - Adding bytecode for initializing field COMPUTE_MAXS
05:24:29.923 [main] INFO org.evosuite.runtime.instrumentation.CreateClassResetClassAdapter - Adding bytecode for initializing field COMPUTE_FRAMES
05:24:29.924 [main] DEBUG org.evosuite.runtime.agent.TransformerForTests - Going to instrument: net.bytebuddy.jar.asm.ClassVisitor
05:24:29.924 [main] INFO org.evosuite.runtime.instrumentation.MethodCallReplacementClassAdapter - Adding mock interface to class net/bytebuddy/jar/asm/ClassVisitor
05:24:29.925 [main] INFO org.evosuite.runtime.instrumentation.CreateClassResetClassAdapter - Creating brand-new static initializer in class net/bytebuddy/jar/asm/ClassVisitor
05:24:29.926 [main] DEBUG org.evosuite.runtime.agent.TransformerForTests - Going to instrument: net.bytebuddy.jar.asm.RecordComponentVisitor
05:24:29.926 [main] INFO org.evosuite.runtime.instrumentation.MethodCallReplacementClassAdapter - Adding mock interface to class net/bytebuddy/jar/asm/RecordComponentVisitor
05:24:29.926 [main] INFO org.evosuite.runtime.instrumentation.CreateClassResetClassAdapter - Creating brand-new static initializer in class net/bytebuddy/jar/asm/RecordComponentVisitor
05:24:29.927 [main] DEBUG org.evosuite.runtime.agent.TransformerForTests - Going to instrument: net.bytebuddy.jar.asm.RecordComponentWriter
05:24:29.927 [main] INFO org.evosuite.runtime.instrumentation.MethodCallReplacementClassAdapter - Adding mock interface to class net/bytebuddy/jar/asm/RecordComponentWriter
05:24:29.927 [main] INFO org.evosuite.runtime.instrumentation.CreateClassResetClassAdapter - Creating brand-new static initializer in class net/bytebuddy/jar/asm/RecordComponentWriter
05:24:29.927 [main] DEBUG org.evosuite.runtime.agent.TransformerForTests - Going to instrument: net.bytebuddy.jar.asm.FieldVisitor
05:24:29.928 [main] INFO org.evosuite.runtime.instrumentation.MethodCallReplacementClassAdapter - Adding mock interface to class net/bytebuddy/jar/asm/FieldVisitor
05:24:29.928 [main] INFO org.evosuite.runtime.instrumentation.CreateClassResetClassAdapter - Creating brand-new static initializer in class net/bytebuddy/jar/asm/FieldVisitor
05:24:29.928 [main] DEBUG org.evosuite.runtime.agent.TransformerForTests - Going to instrument: net.bytebuddy.jar.asm.FieldWriter
05:24:29.929 [main] INFO org.evosuite.runtime.instrumentation.MethodCallReplacementClassAdapter - Adding mock interface to class net/bytebuddy/jar/asm/FieldWriter
05:24:29.929 [main] INFO org.evosuite.runtime.instrumentation.CreateClassResetClassAdapter - Creating brand-new static initializer in class net/bytebuddy/jar/asm/FieldWriter
05:24:29.929 [main] DEBUG org.evosuite.runtime.agent.TransformerForTests - Going to instrument: net.bytebuddy.jar.asm.AnnotationVisitor
05:24:29.929 [main] INFO org.evosuite.runtime.instrumentation.MethodCallReplacementClassAdapter - Adding mock interface to class net/bytebuddy/jar/asm/AnnotationVisitor
05:24:29.930 [main] INFO org.evosuite.runtime.instrumentation.CreateClassResetClassAdapter - Creating brand-new static initializer in class net/bytebuddy/jar/asm/AnnotationVisitor
05:24:29.930 [main] DEBUG org.evosuite.runtime.agent.TransformerForTests - Going to instrument: net.bytebuddy.jar.asm.AnnotationWriter
05:24:29.931 [main] INFO org.evosuite.runtime.instrumentation.MethodCallReplacementClassAdapter - Adding mock interface to class net/bytebuddy/jar/asm/AnnotationWriter
05:24:29.931 [main] INFO org.evosuite.runtime.instrumentation.CreateClassResetClassAdapter - Creating brand-new static initializer in class net/bytebuddy/jar/asm/AnnotationWriter
05:24:29.932 [main] DEBUG org.evosuite.runtime.agent.TransformerForTests - Going to instrument: net.bytebuddy.jar.asm.ModuleVisitor
05:24:29.932 [main] INFO org.evosuite.runtime.instrumentation.MethodCallReplacementClassAdapter - Adding mock interface to class net/bytebuddy/jar/asm/ModuleVisitor
05:24:29.933 [main] INFO org.evosuite.runtime.instrumentation.CreateClassResetClassAdapter - Creating brand-new static initializer in class net/bytebuddy/jar/asm/ModuleVisitor
05:24:29.933 [main] DEBUG org.evosuite.runtime.agent.TransformerForTests - Going to instrument: net.bytebuddy.jar.asm.ModuleWriter
05:24:29.934 [main] INFO org.evosuite.runtime.instrumentation.MethodCallReplacementClassAdapter - Adding mock interface to class net/bytebuddy/jar/asm/ModuleWriter
05:24:29.934 [main] INFO org.evosuite.runtime.instrumentation.CreateClassResetClassAdapter - Creating brand-new static initializer in class net/bytebuddy/jar/asm/ModuleWriter
05:24:29.935 [main] DEBUG org.evosuite.runtime.agent.TransformerForTests - Going to instrument: net.bytebuddy.jar.asm.MethodVisitor
05:24:29.935 [main] INFO org.evosuite.runtime.instrumentation.MethodCallReplacementClassAdapter - Adding mock interface to class net/bytebuddy/jar/asm/MethodVisitor
05:24:29.936 [main] INFO org.evosuite.runtime.instrumentation.CreateClassResetClassAdapter - Creating brand-new static initializer in class net/bytebuddy/jar/asm/MethodVisitor
05:24:29.936 [main] INFO org.evosuite.runtime.instrumentation.CreateClassResetClassAdapter - Adding bytecode for initializing field REQUIRES_ASM5
05:24:29.938 [main] DEBUG org.evosuite.runtime.agent.TransformerForTests - Going to instrument: net.bytebuddy.jar.asm.MethodWriter
05:24:29.939 [main] INFO org.evosuite.runtime.instrumentation.MethodCallReplacementClassAdapter - Adding mock interface to class net/bytebuddy/jar/asm/MethodWriter
05:24:29.943 [main] INFO org.evosuite.runtime.instrumentation.CreateClassResetClassAdapter - Found static initializer in class net/bytebuddy/jar/asm/MethodWriter
05:24:29.945 [main] DEBUG org.evosuite.runtime.agent.TransformerForTests - Going to instrument: net.bytebuddy.jar.asm.ClassTooLargeException
05:24:29.945 [main] INFO org.evosuite.runtime.instrumentation.MethodCallReplacementClassAdapter - Adding mock interface to class net/bytebuddy/jar/asm/ClassTooLargeException
05:24:29.945 [main] INFO org.evosuite.runtime.instrumentation.CreateClassResetClassAdapter - Creating brand-new static initializer in class net/bytebuddy/jar/asm/ClassTooLargeException
05:24:29.946 [main] DEBUG org.evosuite.runtime.agent.TransformerForTests - Going to instrument: net.bytebuddy.jar.asm.SymbolTable
05:24:29.947 [main] INFO org.evosuite.runtime.instrumentation.MethodCallReplacementClassAdapter - Adding mock interface to class net/bytebuddy/jar/asm/SymbolTable
05:24:29.949 [main] INFO org.evosuite.runtime.instrumentation.CreateClassResetClassAdapter - Creating brand-new static initializer in class net/bytebuddy/jar/asm/SymbolTable
05:24:29.950 [main] DEBUG org.evosuite.runtime.agent.TransformerForTests - Going to instrument: net.bytebuddy.jar.asm.Symbol
05:24:29.950 [main] INFO org.evosuite.runtime.instrumentation.MethodCallReplacementClassAdapter - Adding mock interface to class net/bytebuddy/jar/asm/Symbol
05:24:29.950 [main] INFO org.evosuite.runtime.instrumentation.CreateClassResetClassAdapter - Creating brand-new static initializer in class net/bytebuddy/jar/asm/Symbol
05:24:29.950 [main] INFO org.evosuite.runtime.instrumentation.CreateClassResetClassAdapter - Adding bytecode for initializing field CONSTANT_CLASS_TAG
05:24:29.950 [main] INFO org.evosuite.runtime.instrumentation.CreateClassResetClassAdapter - Adding bytecode for initializing field CONSTANT_FIELDREF_TAG
05:24:29.950 [main] INFO org.evosuite.runtime.instrumentation.CreateClassResetClassAdapter - Adding bytecode for initializing field CONSTANT_METHODREF_TAG
05:24:29.950 [main] INFO org.evosuite.runtime.instrumentation.CreateClassResetClassAdapter - Adding bytecode for initializing field CONSTANT_INTERFACE_METHODREF_TAG
05:24:29.950 [main] INFO org.evosuite.runtime.instrumentation.CreateClassResetClassAdapter - Adding bytecode for initializing field CONSTANT_STRING_TAG
05:24:29.950 [main] INFO org.evosuite.runtime.instrumentation.CreateClassResetClassAdapter - Adding bytecode for initializing field CONSTANT_INTEGER_TAG
05:24:29.950 [main] INFO org.evosuite.runtime.instrumentation.CreateClassResetClassAdapter - Adding bytecode for initializing field CONSTANT_FLOAT_TAG
05:24:29.950 [main] INFO org.evosuite.runtime.instrumentation.CreateClassResetClassAdapter - Adding bytecode for initializing field CONSTANT_LONG_TAG
05:24:29.950 [main] INFO org.evosuite.runtime.instrumentation.CreateClassResetClassAdapter - Adding bytecode for initializing field CONSTANT_DOUBLE_TAG
05:24:29.950 [main] INFO org.evosuite.runtime.instrumentation.CreateClassResetClassAdapter - Adding bytecode for initializing field CONSTANT_NAME_AND_TYPE_TAG
05:24:29.950 [main] INFO org.evosuite.runtime.instrumentation.CreateClassResetClassAdapter - Adding bytecode for initializing field CONSTANT_UTF8_TAG
05:24:29.950 [main] INFO org.evosuite.runtime.instrumentation.CreateClassResetClassAdapter - Adding bytecode for initializing field CONSTANT_METHOD_HANDLE_TAG
05:24:29.950 [main] INFO org.evosuite.runtime.instrumentation.CreateClassResetClassAdapter - Adding bytecode for initializing field CONSTANT_METHOD_TYPE_TAG
05:24:29.950 [main] INFO org.evosuite.runtime.instrumentation.CreateClassResetClassAdapter - Adding bytecode for initializing field CONSTANT_DYNAMIC_TAG
05:24:29.950 [main] INFO org.evosuite.runtime.instrumentation.CreateClassResetClassAdapter - Adding bytecode for initializing field CONSTANT_INVOKE_DYNAMIC_TAG
05:24:29.950 [main] INFO org.evosuite.runtime.instrumentation.CreateClassResetClassAdapter - Adding bytecode for initializing field CONSTANT_MODULE_TAG
05:24:29.950 [main] INFO org.evosuite.runtime.instrumentation.CreateClassResetClassAdapter - Adding bytecode for initializing field CONSTANT_PACKAGE_TAG
05:24:29.950 [main] INFO org.evosuite.runtime.instrumentation.CreateClassResetClassAdapter - Adding bytecode for initializing field BOOTSTRAP_METHOD_TAG
05:24:29.950 [main] INFO org.evosuite.runtime.instrumentation.CreateClassResetClassAdapter - Adding bytecode for initializing field TYPE_TAG
05:24:29.950 [main] INFO org.evosuite.runtime.instrumentation.CreateClassResetClassAdapter - Adding bytecode for initializing field UNINITIALIZED_TYPE_TAG
05:24:29.950 [main] INFO org.evosuite.runtime.instrumentation.CreateClassResetClassAdapter - Adding bytecode for initializing field MERGED_TYPE_TAG
05:24:29.951 [main] DEBUG org.evosuite.runtime.agent.TransformerForTests - Going to instrument: net.bytebuddy.jar.asm.SymbolTable$Entry
05:24:29.951 [main] INFO org.evosuite.runtime.instrumentation.MethodCallReplacementClassAdapter - Adding mock interface to class net/bytebuddy/jar/asm/SymbolTable$Entry
05:24:29.951 [main] INFO org.evosuite.runtime.instrumentation.CreateClassResetClassAdapter - Creating brand-new static initializer in class net/bytebuddy/jar/asm/SymbolTable$Entry
05:24:29.952 [main] DEBUG org.evosuite.runtime.agent.TransformerForTests - Going to instrument: net.bytebuddy.jar.asm.ByteVector
05:24:29.952 [main] INFO org.evosuite.runtime.instrumentation.MethodCallReplacementClassAdapter - Adding mock interface to class net/bytebuddy/jar/asm/ByteVector
05:24:29.953 [main] INFO org.evosuite.runtime.instrumentation.CreateClassResetClassAdapter - Creating brand-new static initializer in class net/bytebuddy/jar/asm/ByteVector
05:24:29.954 [main] DEBUG org.evosuite.runtime.agent.TransformerForTests - Going to instrument: net.bytebuddy.ClassFileVersion
05:24:29.955 [main] INFO org.evosuite.runtime.instrumentation.MethodCallReplacementClassAdapter - Adding mock interface to class net/bytebuddy/ClassFileVersion
05:24:29.956 [main] INFO org.evosuite.runtime.instrumentation.CreateClassResetClassAdapter - Found static initializer in class net/bytebuddy/ClassFileVersion
05:24:29.957 [main] DEBUG org.evosuite.runtime.agent.TransformerForTests - Going to instrument: net.bytebuddy.ClassFileVersion$VersionLocator$Resolver
05:24:29.957 [main] INFO org.evosuite.runtime.instrumentation.MethodCallReplacementClassAdapter - Adding mock interface to class net/bytebuddy/ClassFileVersion$VersionLocator$Resolver
05:24:29.958 [main] INFO org.evosuite.runtime.instrumentation.CreateClassResetClassAdapter - Found static initializer in class net/bytebuddy/ClassFileVersion$VersionLocator$Resolver
05:24:29.958 [main] DEBUG org.evosuite.runtime.agent.TransformerForTests - Going to instrument: net.bytebuddy.ClassFileVersion$VersionLocator
05:24:29.959 [main] DEBUG org.evosuite.runtime.agent.TransformerForTests - Going to instrument: net.bytebuddy.ClassFileVersion$VersionLocator$Resolved
05:24:29.959 [main] INFO org.evosuite.runtime.instrumentation.MethodCallReplacementClassAdapter - Adding mock interface to class net/bytebuddy/ClassFileVersion$VersionLocator$Resolved
05:24:29.959 [main] INFO org.evosuite.runtime.instrumentation.CreateClassResetClassAdapter - Creating brand-new static initializer in class net/bytebuddy/ClassFileVersion$VersionLocator$Resolved
05:24:29.960 [main] DEBUG org.evosuite.runtime.agent.TransformerForTests - Going to instrument: net.bytebuddy.jar.asm.Type
05:24:29.960 [main] INFO org.evosuite.runtime.instrumentation.MethodCallReplacementClassAdapter - Adding mock interface to class net/bytebuddy/jar/asm/Type
05:24:29.962 [main] INFO org.evosuite.runtime.instrumentation.CreateClassResetClassAdapter - Found static initializer in class net/bytebuddy/jar/asm/Type
05:24:29.963 [main] DEBUG org.evosuite.runtime.agent.TransformerForTests - Going to instrument: net.bytebuddy.utility.GraalImageCode
05:24:29.963 [main] INFO org.evosuite.runtime.instrumentation.MethodCallReplacementClassAdapter - Adding mock interface to class net/bytebuddy/utility/GraalImageCode
05:24:29.964 [main] INFO org.evosuite.runtime.instrumentation.CreateClassResetClassAdapter - Found static initializer in class net/bytebuddy/utility/GraalImageCode
05:24:29.964 [main] DEBUG org.evosuite.runtime.agent.TransformerForTests - Going to instrument: net.bytebuddy.utility.MethodComparator
05:24:29.965 [main] INFO org.evosuite.runtime.instrumentation.MethodCallReplacementClassAdapter - Adding mock interface to class net/bytebuddy/utility/MethodComparator
05:24:29.965 [main] INFO org.evosuite.runtime.instrumentation.CreateClassResetClassAdapter - Found static initializer in class net/bytebuddy/utility/MethodComparator
05:24:29.966 [main] DEBUG org.evosuite.runtime.agent.TransformerForTests - Going to instrument: net.bytebuddy.jar.asm.MethodTooLargeException
05:24:29.966 [main] INFO org.evosuite.runtime.instrumentation.MethodCallReplacementClassAdapter - Adding mock interface to class net/bytebuddy/jar/asm/MethodTooLargeException
05:24:29.967 [main] INFO org.evosuite.runtime.instrumentation.CreateClassResetClassAdapter - Creating brand-new static initializer in class net/bytebuddy/jar/asm/MethodTooLargeException
05:24:29.969 [main] DEBUG org.evosuite.runtime.agent.TransformerForTests - Going to instrument: net.bytebuddy.jar.asm.Frame
05:24:29.970 [main] INFO org.evosuite.runtime.instrumentation.MethodCallReplacementClassAdapter - Adding mock interface to class net/bytebuddy/jar/asm/Frame
05:24:29.972 [main] INFO org.evosuite.runtime.instrumentation.CreateClassResetClassAdapter - Creating brand-new static initializer in class net/bytebuddy/jar/asm/Frame
05:24:29.972 [main] INFO org.evosuite.runtime.instrumentation.CreateClassResetClassAdapter - Adding bytecode for initializing field SAME_FRAME
05:24:29.972 [main] INFO org.evosuite.runtime.instrumentation.CreateClassResetClassAdapter - Adding bytecode for initializing field SAME_LOCALS_1_STACK_ITEM_FRAME
05:24:29.972 [main] INFO org.evosuite.runtime.instrumentation.CreateClassResetClassAdapter - Adding bytecode for initializing field RESERVED
05:24:29.972 [main] INFO org.evosuite.runtime.instrumentation.CreateClassResetClassAdapter - Adding bytecode for initializing field SAME_LOCALS_1_STACK_ITEM_FRAME_EXTENDED
05:24:29.972 [main] INFO org.evosuite.runtime.instrumentation.CreateClassResetClassAdapter - Adding bytecode for initializing field CHOP_FRAME
05:24:29.972 [main] INFO org.evosuite.runtime.instrumentation.CreateClassResetClassAdapter - Adding bytecode for initializing field SAME_FRAME_EXTENDED
05:24:29.972 [main] INFO org.evosuite.runtime.instrumentation.CreateClassResetClassAdapter - Adding bytecode for initializing field APPEND_FRAME
05:24:29.972 [main] INFO org.evosuite.runtime.instrumentation.CreateClassResetClassAdapter - Adding bytecode for initializing field FULL_FRAME
05:24:29.972 [main] INFO org.evosuite.runtime.instrumentation.CreateClassResetClassAdapter - Adding bytecode for initializing field ITEM_TOP
05:24:29.972 [main] INFO org.evosuite.runtime.instrumentation.CreateClassResetClassAdapter - Adding bytecode for initializing field ITEM_INTEGER
05:24:29.972 [main] INFO org.evosuite.runtime.instrumentation.CreateClassResetClassAdapter - Adding bytecode for initializing field ITEM_FLOAT
05:24:29.972 [main] INFO org.evosuite.runtime.instrumentation.CreateClassResetClassAdapter - Adding bytecode for initializing field ITEM_DOUBLE
05:24:29.972 [main] INFO org.evosuite.runtime.instrumentation.CreateClassResetClassAdapter - Adding bytecode for initializing field ITEM_LONG
05:24:29.972 [main] INFO org.evosuite.runtime.instrumentation.CreateClassResetClassAdapter - Adding bytecode for initializing field ITEM_NULL
05:24:29.972 [main] INFO org.evosuite.runtime.instrumentation.CreateClassResetClassAdapter - Adding bytecode for initializing field ITEM_UNINITIALIZED_THIS
05:24:29.972 [main] INFO org.evosuite.runtime.instrumentation.CreateClassResetClassAdapter - Adding bytecode for initializing field ITEM_OBJECT
05:24:29.972 [main] INFO org.evosuite.runtime.instrumentation.CreateClassResetClassAdapter - Adding bytecode for initializing field ITEM_UNINITIALIZED
05:24:29.972 [main] INFO org.evosuite.runtime.instrumentation.CreateClassResetClassAdapter - Adding bytecode for initializing field ITEM_ASM_BOOLEAN
05:24:29.972 [main] INFO org.evosuite.runtime.instrumentation.CreateClassResetClassAdapter - Adding bytecode for initializing field ITEM_ASM_BYTE
05:24:29.972 [main] INFO org.evosuite.runtime.instrumentation.CreateClassResetClassAdapter - Adding bytecode for initializing field ITEM_ASM_CHAR
05:24:29.972 [main] INFO org.evosuite.runtime.instrumentation.CreateClassResetClassAdapter - Adding bytecode for initializing field ITEM_ASM_SHORT
05:24:29.972 [main] INFO org.evosuite.runtime.instrumentation.CreateClassResetClassAdapter - Adding bytecode for initializing field DIM_SIZE
05:24:29.972 [main] INFO org.evosuite.runtime.instrumentation.CreateClassResetClassAdapter - Adding bytecode for initializing field KIND_SIZE
05:24:29.972 [main] INFO org.evosuite.runtime.instrumentation.CreateClassResetClassAdapter - Adding bytecode for initializing field FLAGS_SIZE
05:24:29.972 [main] INFO org.evosuite.runtime.instrumentation.CreateClassResetClassAdapter - Adding bytecode for initializing field VALUE_SIZE
05:24:29.972 [main] INFO org.evosuite.runtime.instrumentation.CreateClassResetClassAdapter - Adding bytecode for initializing field DIM_SHIFT
05:24:29.972 [main] INFO org.evosuite.runtime.instrumentation.CreateClassResetClassAdapter - Adding bytecode for initializing field KIND_SHIFT
05:24:29.972 [main] INFO org.evosuite.runtime.instrumentation.CreateClassResetClassAdapter - Adding bytecode for initializing field FLAGS_SHIFT
05:24:29.972 [main] INFO org.evosuite.runtime.instrumentation.CreateClassResetClassAdapter - Adding bytecode for initializing field DIM_MASK
05:24:29.972 [main] INFO org.evosuite.runtime.instrumentation.CreateClassResetClassAdapter - Adding bytecode for initializing field KIND_MASK
05:24:29.972 [main] INFO org.evosuite.runtime.instrumentation.CreateClassResetClassAdapter - Adding bytecode for initializing field VALUE_MASK
05:24:29.972 [main] INFO org.evosuite.runtime.instrumentation.CreateClassResetClassAdapter - Adding bytecode for initializing field ARRAY_OF
05:24:29.972 [main] INFO org.evosuite.runtime.instrumentation.CreateClassResetClassAdapter - Adding bytecode for initializing field ELEMENT_OF
05:24:29.972 [main] INFO org.evosuite.runtime.instrumentation.CreateClassResetClassAdapter - Adding bytecode for initializing field CONSTANT_KIND
05:24:29.972 [main] INFO org.evosuite.runtime.instrumentation.CreateClassResetClassAdapter - Adding bytecode for initializing field REFERENCE_KIND
05:24:29.972 [main] INFO org.evosuite.runtime.instrumentation.CreateClassResetClassAdapter - Adding bytecode for initializing field UNINITIALIZED_KIND
05:24:29.972 [main] INFO org.evosuite.runtime.instrumentation.CreateClassResetClassAdapter - Adding bytecode for initializing field LOCAL_KIND
05:24:29.972 [main] INFO org.evosuite.runtime.instrumentation.CreateClassResetClassAdapter - Adding bytecode for initializing field STACK_KIND
05:24:29.972 [main] INFO org.evosuite.runtime.instrumentation.CreateClassResetClassAdapter - Adding bytecode for initializing field TOP_IF_LONG_OR_DOUBLE_FLAG
05:24:29.972 [main] INFO org.evosuite.runtime.instrumentation.CreateClassResetClassAdapter - Adding bytecode for initializing field TOP
05:24:29.972 [main] INFO org.evosuite.runtime.instrumentation.CreateClassResetClassAdapter - Adding bytecode for initializing field BOOLEAN
05:24:29.972 [main] INFO org.evosuite.runtime.instrumentation.CreateClassResetClassAdapter - Adding bytecode for initializing field BYTE
05:24:29.972 [main] INFO org.evosuite.runtime.instrumentation.CreateClassResetClassAdapter - Adding bytecode for initializing field CHAR
05:24:29.972 [main] INFO org.evosuite.runtime.instrumentation.CreateClassResetClassAdapter - Adding bytecode for initializing field SHORT
05:24:29.972 [main] INFO org.evosuite.runtime.instrumentation.CreateClassResetClassAdapter - Adding bytecode for initializing field INTEGER
05:24:29.972 [main] INFO org.evosuite.runtime.instrumentation.CreateClassResetClassAdapter - Adding bytecode for initializing field FLOAT
05:24:29.972 [main] INFO org.evosuite.runtime.instrumentation.CreateClassResetClassAdapter - Adding bytecode for initializing field LONG
05:24:29.972 [main] INFO org.evosuite.runtime.instrumentation.CreateClassResetClassAdapter - Adding bytecode for initializing field DOUBLE
05:24:29.972 [main] INFO org.evosuite.runtime.instrumentation.CreateClassResetClassAdapter - Adding bytecode for initializing field NULL
05:24:29.972 [main] INFO org.evosuite.runtime.instrumentation.CreateClassResetClassAdapter - Adding bytecode for initializing field UNINITIALIZED_THIS
05:24:29.973 [main] DEBUG org.evosuite.runtime.agent.TransformerForTests - Going to instrument: net.bytebuddy.jar.asm.CurrentFrame
05:24:29.973 [main] INFO org.evosuite.runtime.instrumentation.MethodCallReplacementClassAdapter - Adding mock interface to class net/bytebuddy/jar/asm/CurrentFrame
05:24:29.974 [main] INFO org.evosuite.runtime.instrumentation.CreateClassResetClassAdapter - Creating brand-new static initializer in class net/bytebuddy/jar/asm/CurrentFrame
05:24:29.975 [main] DEBUG org.evosuite.runtime.agent.TransformerForTests - Going to instrument: net.bytebuddy.jar.asm.Handler
05:24:29.975 [main] INFO org.evosuite.runtime.instrumentation.MethodCallReplacementClassAdapter - Adding mock interface to class net/bytebuddy/jar/asm/Handler
05:24:29.976 [main] INFO org.evosuite.runtime.instrumentation.CreateClassResetClassAdapter - Creating brand-new static initializer in class net/bytebuddy/jar/asm/Handler
05:24:29.977 [main] DEBUG org.evosuite.runtime.agent.TransformerForTests - Going to instrument: net.bytebuddy.jar.asm.Attribute
05:24:29.977 [main] INFO org.evosuite.runtime.instrumentation.MethodCallReplacementClassAdapter - Adding mock interface to class net/bytebuddy/jar/asm/Attribute
05:24:29.977 [main] INFO org.evosuite.runtime.instrumentation.CreateClassResetClassAdapter - Creating brand-new static initializer in class net/bytebuddy/jar/asm/Attribute
05:24:29.978 [main] DEBUG org.evosuite.runtime.agent.TransformerForTests - Going to instrument: net.bytebuddy.utility.Invoker$Dispatcher
05:24:29.979 [main] INFO org.evosuite.runtime.instrumentation.MethodCallReplacementClassAdapter - Adding mock interface to class net/bytebuddy/utility/Invoker$Dispatcher
05:24:29.979 [main] INFO org.evosuite.runtime.instrumentation.CreateClassResetClassAdapter - Creating brand-new static initializer in class net/bytebuddy/utility/Invoker$Dispatcher
05:24:29.979 [main] DEBUG org.evosuite.runtime.agent.TransformerForTests - Going to instrument: net.bytebuddy.utility.dispatcher.JavaDispatcher$Defaults
05:24:29.981 [main] WARN org.evosuite.runtime.sandbox.MSecurityManager - SUT asked for a runtime permission that EvoSuite does not recognize: net.bytebuddy.createJavaDispatcher
05:24:29.981 [main] DEBUG org.evosuite.runtime.sandbox.MSecurityManager - Security manager blocks permission ("java.lang.RuntimePermission" "net.bytebuddy.createJavaDispatcher")
java.base/java.lang.Thread.getStackTrace(Thread.java:1602)
org.evosuite.runtime.sandbox.MSecurityManager.checkPermission(MSecurityManager.java:433)
java.base/jdk.internal.reflect.NativeMethodAccessorImpl.invoke0(Native Method)
java.base/jdk.internal.reflect.NativeMethodAccessorImpl.invoke(NativeMethodAccessorImpl.java:62)
java.base/jdk.internal.reflect.DelegatingMethodAccessorImpl.invoke(DelegatingMethodAccessorImpl.java:43)
java.base/java.lang.reflect.Method.invoke(Method.java:566)
net.bytebuddy.utility.dispatcher.JavaDispatcher.run(JavaDispatcher.java:185)
java.base/java.security.AccessController.doPrivileged(Native Method)
net.bytebuddy.description.type.TypeDescription$ForLoadedType.doPrivileged(TypeDescription.java)
net.bytebuddy.description.type.TypeDescription$ForLoadedType.<clinit>(TypeDescription.java)
net.bytebuddy.build.HashCodeAndEqualsPlugin.<clinit>(HashCodeAndEqualsPlugin.java)
java.base/java.lang.Class.forName0(Native Method)
java.base/java.lang.Class.forName(Class.java:398)
org.evosuite.runtime.classhandling.ClassStateSupport.loadClasses(ClassStateSupport.java:164)
org.evosuite.runtime.classhandling.ClassStateSupport.initializeClasses(ClassStateSupport.java:65)
com.iwamih31.DailyWorkSheet_ESTest_scaffolding.initializeClasses(DailyWorkSheet_ESTest_scaffolding.java:78)
com.iwamih31.DailyWorkSheet_ESTest_scaffolding.initEvoSuiteFramework(DailyWorkSheet_ESTest_scaffolding.java:39)
java.base/jdk.internal.reflect.NativeMethodAccessorImpl.invoke0(Native Method)
java.base/jdk.internal.reflect.NativeMethodAccessorImpl.invoke(NativeMethodAccessorImpl.java:62)
java.base/jdk.internal.reflect.DelegatingMethodAccessorImpl.invoke(DelegatingMethodAccessorImpl.java:43)
java.base/java.lang.reflect.Method.invoke(Method.java:566)
org.junit.runners.model.FrameworkMethod$1.runReflectiveCall(FrameworkMethod.java:59)
org.junit.internal.runners.model.ReflectiveCallable.run(ReflectiveCallable.java:12)
org.junit.runners.model.FrameworkMethod.invokeExplosively(FrameworkMethod.java:56)
org.junit.internal.runners.statements.RunBefores.invokeMethod(RunBefores.java:33)
org.junit.internal.runners.statements.RunBefores.evaluate(RunBefores.java:24)
org.junit.internal.runners.statements.RunAfters.evaluate(RunAfters.java:27)
org.junit.runners.ParentRunner$3.evaluate(ParentRunner.java:306)
org.junit.runners.ParentRunner.run(ParentRunner.java:413)
org.junit.runner.JUnitCore.run(JUnitCore.java:137)
org.junit.runner.JUnitCore.run(JUnitCore.java:115)
org.junit.vintage.engine.execution.RunnerExecutor.execute(RunnerExecutor.java:42)
org.junit.vintage.engine.VintageTestEngine.executeAllChildren(VintageTestEngine.java:80)
org.junit.vintage.engine.VintageTestEngine.execute(VintageTestEngine.java:72)
org.junit.platform.launcher.core.DefaultLauncher.execute(DefaultLauncher.java:220)
org.junit.platform.launcher.core.DefaultLauncher.lambda$execute$6(DefaultLauncher.java:188)
org.junit.platform.launcher.core.DefaultLauncher.withInterceptedStreams(DefaultLauncher.java:202)
org.junit.platform.launcher.core.DefaultLauncher.execute(DefaultLauncher.java:181)
org.junit.platform.launcher.core.DefaultLauncher.execute(DefaultLauncher.java:128)
org.apache.maven.surefire.junitplatform.JUnitPlatformProvider.invokeAllTests(JUnitPlatformProvider.java:150)
org.apache.maven.surefire.junitplatform.JUnitPlatformProvider.invoke(JUnitPlatformProvider.java:124)
org.apache.maven.surefire.booter.ForkedBooter.invokeProviderInSameClassLoader(ForkedBooter.java:384)
org.apache.maven.surefire.booter.ForkedBooter.runSuitesInProcess(ForkedBooter.java:345)
org.apache.maven.surefire.booter.ForkedBooter.execute(ForkedBooter.java:126)
org.apache.maven.surefire.booter.ForkedBooter.main(ForkedBooter.java:418)

05:24:29.981 [main] ERROR org.evosuite.runtime.classhandling.ClassStateSupport - Could not initialize net.bytebuddy.build.HashCodeAndEqualsPlugin: null
05:24:29.982 [main] DEBUG org.evosuite.runtime.agent.TransformerForTests - Going to instrument: org.hibernate.annotations.DiscriminatorFormula
05:24:29.982 [main] DEBUG org.evosuite.runtime.agent.TransformerForTests - Going to instrument: org.springframework.core.convert.support.EnumToStringConverter
05:24:29.982 [main] INFO org.evosuite.runtime.instrumentation.MethodCallReplacementClassAdapter - Adding mock interface to class org/springframework/core/convert/support/EnumToStringConverter
05:24:29.982 [main] INFO org.evosuite.runtime.instrumentation.CreateClassResetClassAdapter - Creating brand-new static initializer in class org/springframework/core/convert/support/EnumToStringConverter
05:24:29.983 [main] DEBUG org.evosuite.runtime.agent.TransformerForTests - Going to instrument: org.springframework.core.convert.support.AbstractConditionalEnumConverter
05:24:29.983 [main] INFO org.evosuite.runtime.instrumentation.MethodCallReplacementClassAdapter - Adding mock interface to class org/springframework/core/convert/support/AbstractConditionalEnumConverter
05:24:29.983 [main] INFO org.evosuite.runtime.instrumentation.CreateClassResetClassAdapter - Creating brand-new static initializer in class org/springframework/core/convert/support/AbstractConditionalEnumConverter
05:24:29.983 [main] DEBUG org.evosuite.runtime.agent.TransformerForTests - Going to instrument: org.springframework.core.serializer.DefaultDeserializer
05:24:29.983 [main] INFO org.evosuite.runtime.instrumentation.MethodCallReplacementClassAdapter - Adding mock interface to class org/springframework/core/serializer/DefaultDeserializer
05:24:29.984 [main] INFO org.evosuite.runtime.instrumentation.CreateClassResetClassAdapter - Creating brand-new static initializer in class org/springframework/core/serializer/DefaultDeserializer
05:24:29.984 [main] DEBUG org.evosuite.runtime.agent.TransformerForTests - Going to instrument: org.springframework.core.serializer.Deserializer
05:24:29.985 [main] DEBUG org.evosuite.runtime.agent.TransformerForTests - Going to instrument: org.springframework.data.projection.DefaultProjectionInformation
05:24:29.985 [main] INFO org.evosuite.runtime.instrumentation.MethodCallReplacementClassAdapter - Adding mock interface to class org/springframework/data/projection/DefaultProjectionInformation
05:24:29.985 [main] INFO org.evosuite.runtime.instrumentation.CreateClassResetClassAdapter - Creating brand-new static initializer in class org/springframework/data/projection/DefaultProjectionInformation
05:24:29.986 [main] DEBUG org.evosuite.runtime.agent.TransformerForTests - Going to instrument: org.springframework.data.projection.ProjectionInformation
05:24:29.986 [main] DEBUG org.evosuite.runtime.agent.TransformerForTests - Going to instrument: org.springframework.boot.autoconfigure.ImportAutoConfiguration
05:24:29.987 [main] DEBUG org.evosuite.runtime.agent.TransformerForTests - Going to instrument: org.springframework.cglib.core.Local
05:24:29.987 [main] INFO org.evosuite.runtime.instrumentation.MethodCallReplacementClassAdapter - Adding mock interface to class org/springframework/cglib/core/Local
05:24:29.987 [main] INFO org.evosuite.runtime.instrumentation.CreateClassResetClassAdapter - Creating brand-new static initializer in class org/springframework/cglib/core/Local
05:24:29.987 [main] DEBUG org.evosuite.runtime.agent.TransformerForTests - Going to instrument: org.springframework.boot.convert.Delimiter
05:24:29.987 [main] DEBUG org.evosuite.runtime.agent.TransformerForTests - Going to instrument: org.springframework.expression.ParserContext
05:24:29.988 [main] DEBUG org.evosuite.runtime.agent.TransformerForTests - Going to instrument: org.springframework.expression.ParserContext$1
05:24:29.988 [main] INFO org.evosuite.runtime.instrumentation.MethodCallReplacementClassAdapter - Adding mock interface to class org/springframework/expression/ParserContext$1
05:24:29.988 [main] DEBUG org.evosuite.runtime.agent.TransformerForTests - Going to instrument: org.hibernate.annotations.Tuplizer
05:24:29.988 [main] DEBUG org.evosuite.runtime.agent.TransformerForTests - Going to instrument: org.springframework.data.repository.RepositoryDefinition
05:24:29.989 [main] DEBUG org.evosuite.runtime.agent.TransformerForTests - Going to instrument: org.springframework.core.convert.ConverterNotFoundException
05:24:29.989 [main] INFO org.evosuite.runtime.instrumentation.MethodCallReplacementClassAdapter - Adding mock interface to class org/springframework/core/convert/ConverterNotFoundException
05:24:29.989 [main] INFO org.evosuite.runtime.instrumentation.CreateClassResetClassAdapter - Creating brand-new static initializer in class org/springframework/core/convert/ConverterNotFoundException
05:24:29.989 [main] DEBUG org.evosuite.runtime.agent.TransformerForTests - Going to instrument: org.springframework.core.convert.ConversionException
05:24:29.989 [main] INFO org.evosuite.runtime.instrumentation.MethodCallReplacementClassAdapter - Adding mock interface to class org/springframework/core/convert/ConversionException
05:24:29.989 [main] INFO org.evosuite.runtime.instrumentation.CreateClassResetClassAdapter - Creating brand-new static initializer in class org/springframework/core/convert/ConversionException
05:24:29.990 [main] DEBUG org.evosuite.runtime.agent.TransformerForTests - Going to instrument: org.springframework.cache.annotation.Caching
05:24:29.990 [main] DEBUG org.evosuite.runtime.agent.TransformerForTests - Going to instrument: org.aopalliance.intercept.Joinpoint
05:24:29.991 [main] DEBUG org.evosuite.runtime.agent.TransformerForTests - Going to instrument: net.bytebuddy.asm.Advice$Origin
05:24:29.991 [main] DEBUG org.evosuite.runtime.agent.TransformerForTests - Going to instrument: org.springframework.core.annotation.MergedAnnotationPredicates$FirstRunOfPredicate
05:24:29.991 [main] INFO org.evosuite.runtime.instrumentation.MethodCallReplacementClassAdapter - Adding mock interface to class org/springframework/core/annotation/MergedAnnotationPredicates$FirstRunOfPredicate
05:24:29.991 [main] INFO org.evosuite.runtime.instrumentation.CreateClassResetClassAdapter - Creating brand-new static initializer in class org/springframework/core/annotation/MergedAnnotationPredicates$FirstRunOfPredicate
05:24:29.992 [main] DEBUG org.evosuite.runtime.agent.TransformerForTests - Going to instrument: org.springframework.core.convert.support.FallbackObjectToStringConverter
05:24:29.992 [main] INFO org.evosuite.runtime.instrumentation.MethodCallReplacementClassAdapter - Adding mock interface to class org/springframework/core/convert/support/FallbackObjectToStringConverter
05:24:29.992 [main] INFO org.evosuite.runtime.instrumentation.CreateClassResetClassAdapter - Creating brand-new static initializer in class org/springframework/core/convert/support/FallbackObjectToStringConverter
05:24:29.993 [main] DEBUG org.evosuite.runtime.agent.TransformerForTests - Going to instrument: org.hibernate.annotations.GeneratorType
05:24:29.993 [main] DEBUG org.evosuite.runtime.agent.TransformerForTests - Going to instrument: org.aspectj.lang.JoinPoint$EnclosingStaticPart
05:24:29.993 [main] DEBUG org.evosuite.runtime.agent.TransformerForTests - Going to instrument: org.aspectj.lang.JoinPoint$StaticPart
05:24:29.993 [main] DEBUG org.evosuite.runtime.agent.TransformerForTests - Going to instrument: org.springframework.context.annotation.Import
05:24:29.994 [main] DEBUG org.evosuite.runtime.agent.TransformerForTests - Going to instrument: org.springframework.core.convert.support.GenericConversionService
05:24:29.994 [main] INFO org.evosuite.runtime.instrumentation.MethodCallReplacementClassAdapter - Adding mock interface to class org/springframework/core/convert/support/GenericConversionService
05:24:29.996 [main] INFO org.evosuite.runtime.instrumentation.CreateClassResetClassAdapter - Found static initializer in class org/springframework/core/convert/support/GenericConversionService
05:24:29.997 [main] DEBUG org.evosuite.runtime.agent.TransformerForTests - Going to instrument: org.springframework.core.convert.ConversionFailedException
05:24:29.997 [main] INFO org.evosuite.runtime.instrumentation.MethodCallReplacementClassAdapter - Adding mock interface to class org/springframework/core/convert/ConversionFailedException
05:24:29.997 [main] INFO org.evosuite.runtime.instrumentation.CreateClassResetClassAdapter - Creating brand-new static initializer in class org/springframework/core/convert/ConversionFailedException
05:24:29.997 [main] DEBUG org.evosuite.runtime.agent.TransformerForTests - Going to instrument: org.springframework.core.convert.support.GenericConversionService$NoOpConverter
05:24:29.997 [main] INFO org.evosuite.runtime.instrumentation.MethodCallReplacementClassAdapter - Adding mock interface to class org/springframework/core/convert/support/GenericConversionService$NoOpConverter
05:24:29.997 [main] INFO org.evosuite.runtime.instrumentation.CreateClassResetClassAdapter - Creating brand-new static initializer in class org/springframework/core/convert/support/GenericConversionService$NoOpConverter
05:24:29.998 [main] DEBUG org.evosuite.runtime.agent.TransformerForTests - Going to instrument: org.springframework.beans.factory.support.GenericBeanDefinition
05:24:29.998 [main] INFO org.evosuite.runtime.instrumentation.MethodCallReplacementClassAdapter - Adding mock interface to class org/springframework/beans/factory/support/GenericBeanDefinition
05:24:29.998 [main] INFO org.evosuite.runtime.instrumentation.CreateClassResetClassAdapter - Creating brand-new static initializer in class org/springframework/beans/factory/support/GenericBeanDefinition
05:24:29.999 [main] DEBUG org.evosuite.runtime.agent.TransformerForTests - Going to instrument: org.springframework.beans.factory.support.AbstractBeanDefinition
05:24:30.000 [main] INFO org.evosuite.runtime.instrumentation.MethodCallReplacementClassAdapter - Adding mock interface to class org/springframework/beans/factory/support/AbstractBeanDefinition
05:24:30.002 [main] INFO org.evosuite.runtime.instrumentation.CreateClassResetClassAdapter - Creating brand-new static initializer in class org/springframework/beans/factory/support/AbstractBeanDefinition
05:24:30.002 [main] INFO org.evosuite.runtime.instrumentation.CreateClassResetClassAdapter - Adding bytecode for initializing field SCOPE_DEFAULT
05:24:30.002 [main] INFO org.evosuite.runtime.instrumentation.CreateClassResetClassAdapter - Adding bytecode for initializing field AUTOWIRE_NO
05:24:30.002 [main] INFO org.evosuite.runtime.instrumentation.CreateClassResetClassAdapter - Adding bytecode for initializing field AUTOWIRE_BY_NAME
05:24:30.002 [main] INFO org.evosuite.runtime.instrumentation.CreateClassResetClassAdapter - Adding bytecode for initializing field AUTOWIRE_BY_TYPE
05:24:30.002 [main] INFO org.evosuite.runtime.instrumentation.CreateClassResetClassAdapter - Adding bytecode for initializing field AUTOWIRE_CONSTRUCTOR
05:24:30.002 [main] INFO org.evosuite.runtime.instrumentation.CreateClassResetClassAdapter - Adding bytecode for initializing field AUTOWIRE_AUTODETECT
05:24:30.002 [main] INFO org.evosuite.runtime.instrumentation.CreateClassResetClassAdapter - Adding bytecode for initializing field DEPENDENCY_CHECK_NONE
05:24:30.002 [main] INFO org.evosuite.runtime.instrumentation.CreateClassResetClassAdapter - Adding bytecode for initializing field DEPENDENCY_CHECK_OBJECTS
05:24:30.002 [main] INFO org.evosuite.runtime.instrumentation.CreateClassResetClassAdapter - Adding bytecode for initializing field DEPENDENCY_CHECK_SIMPLE
05:24:30.002 [main] INFO org.evosuite.runtime.instrumentation.CreateClassResetClassAdapter - Adding bytecode for initializing field DEPENDENCY_CHECK_ALL
05:24:30.002 [main] INFO org.evosuite.runtime.instrumentation.CreateClassResetClassAdapter - Adding bytecode for initializing field INFER_METHOD
05:24:30.003 [main] DEBUG org.evosuite.runtime.agent.TransformerForTests - Going to instrument: org.springframework.beans.PropertyValues
05:24:30.004 [main] DEBUG org.evosuite.runtime.agent.TransformerForTests - Going to instrument: org.springframework.beans.factory.support.BeanDefinitionValidationException
05:24:30.004 [main] INFO org.evosuite.runtime.instrumentation.MethodCallReplacementClassAdapter - Adding mock interface to class org/springframework/beans/factory/support/BeanDefinitionValidationException
05:24:30.004 [main] INFO org.evosuite.runtime.instrumentation.CreateClassResetClassAdapter - Creating brand-new static initializer in class org/springframework/beans/factory/support/BeanDefinitionValidationException
05:24:30.005 [main] DEBUG org.evosuite.runtime.agent.TransformerForTests - Going to instrument: org.hibernate.annotations.Cache
05:24:30.005 [main] DEBUG org.evosuite.runtime.agent.TransformerForTests - Going to instrument: org.springframework.core.convert.support.IdToEntityConverter
05:24:30.006 [main] INFO org.evosuite.runtime.instrumentation.MethodCallReplacementClassAdapter - Adding mock interface to class org/springframework/core/convert/support/IdToEntityConverter
05:24:30.006 [main] INFO org.evosuite.runtime.instrumentation.CreateClassResetClassAdapter - Creating brand-new static initializer in class org/springframework/core/convert/support/IdToEntityConverter
05:24:30.007 [main] DEBUG org.evosuite.runtime.agent.TransformerForTests - Going to instrument: org.springframework.test.annotation.IfProfileValue
05:24:30.008 [main] DEBUG org.evosuite.runtime.agent.TransformerForTests - Going to instrument: org.springframework.cache.annotation.CacheConfig
05:24:30.008 [main] DEBUG org.evosuite.runtime.agent.TransformerForTests - Going to instrument: org.hibernate.annotations.SqlFragmentAlias
05:24:30.009 [main] DEBUG org.evosuite.runtime.agent.TransformerForTests - Going to instrument: net.bytebuddy.build.Plugin$Factory$UsingReflection$Priority
05:24:30.010 [main] DEBUG org.evosuite.runtime.agent.TransformerForTests - Going to instrument: org.springframework.boot.web.client.RestTemplateBuilder$RequestFactoryCustomizer
05:24:30.010 [main] INFO org.evosuite.runtime.instrumentation.MethodCallReplacementClassAdapter - Adding mock interface to class org/springframework/boot/web/client/RestTemplateBuilder$RequestFactoryCustomizer
05:24:30.011 [main] INFO org.evosuite.runtime.instrumentation.CreateClassResetClassAdapter - Creating brand-new static initializer in class org/springframework/boot/web/client/RestTemplateBuilder$RequestFactoryCustomizer
05:24:30.012 [main] DEBUG org.evosuite.runtime.agent.TransformerForTests - Going to instrument: org.springframework.context.support.GenericXmlApplicationContext
05:24:30.012 [main] INFO org.evosuite.runtime.instrumentation.MethodCallReplacementClassAdapter - Adding mock interface to class org/springframework/context/support/GenericXmlApplicationContext
05:24:30.012 [main] INFO org.evosuite.runtime.instrumentation.CreateClassResetClassAdapter - Creating brand-new static initializer in class org/springframework/context/support/GenericXmlApplicationContext
05:24:30.013 [main] DEBUG org.evosuite.runtime.agent.TransformerForTests - Going to instrument: org.springframework.data.web.SortDefault
05:24:30.013 [main] DEBUG org.evosuite.runtime.agent.TransformerForTests - Going to instrument: org.springframework.beans.factory.support.DefaultListableBeanFactory$BeanObjectProvider
05:24:30.013 [main] DEBUG org.evosuite.runtime.agent.TransformerForTests - Going to instrument: org.hibernate.annotations.Polymorphism
05:24:30.014 [main] DEBUG org.evosuite.runtime.agent.TransformerForTests - Going to instrument: org.hibernate.tuple.VmValueGeneration
05:24:30.014 [main] INFO org.evosuite.runtime.instrumentation.MethodCallReplacementClassAdapter - Adding mock interface to class org/hibernate/tuple/VmValueGeneration
05:24:30.014 [main] INFO org.evosuite.runtime.instrumentation.CreateClassResetClassAdapter - Creating brand-new static initializer in class org/hibernate/tuple/VmValueGeneration
05:24:30.014 [main] DEBUG org.evosuite.runtime.agent.TransformerForTests - Going to instrument: org.hibernate.HibernateException
05:24:30.014 [main] INFO org.evosuite.runtime.instrumentation.MethodCallReplacementClassAdapter - Adding mock interface to class org/hibernate/HibernateException
05:24:30.014 [main] INFO org.evosuite.runtime.instrumentation.CreateClassResetClassAdapter - Creating brand-new static initializer in class org/hibernate/HibernateException
05:24:30.015 [main] DEBUG org.evosuite.runtime.agent.TransformerForTests - Going to instrument: net.bytebuddy.asm.Advice$FieldValue
05:24:30.016 [main] DEBUG org.evosuite.runtime.agent.TransformerForTests - Going to instrument: org.springframework.data.projection.EntityProjection
05:24:30.016 [main] INFO org.evosuite.runtime.instrumentation.MethodCallReplacementClassAdapter - Adding mock interface to class org/springframework/data/projection/EntityProjection
05:24:30.016 [main] INFO org.evosuite.runtime.instrumentation.CreateClassResetClassAdapter - Creating brand-new static initializer in class org/springframework/data/projection/EntityProjection
05:24:30.017 [main] DEBUG org.evosuite.runtime.agent.TransformerForTests - Going to instrument: org.springframework.data.projection.EntityProjection$PropertyProjection
05:24:30.017 [main] INFO org.evosuite.runtime.instrumentation.MethodCallReplacementClassAdapter - Adding mock interface to class org/springframework/data/projection/EntityProjection$PropertyProjection
05:24:30.017 [main] INFO org.evosuite.runtime.instrumentation.CreateClassResetClassAdapter - Creating brand-new static initializer in class org/springframework/data/projection/EntityProjection$PropertyProjection
05:24:30.018 [main] DEBUG org.evosuite.runtime.agent.TransformerForTests - Going to instrument: org.springframework.beans.BeanWrapperImpl
05:24:30.018 [main] INFO org.evosuite.runtime.instrumentation.MethodCallReplacementClassAdapter - Adding mock interface to class org/springframework/beans/BeanWrapperImpl
05:24:30.018 [main] INFO org.evosuite.runtime.instrumentation.CreateClassResetClassAdapter - Creating brand-new static initializer in class org/springframework/beans/BeanWrapperImpl
05:24:30.018 [main] DEBUG org.evosuite.runtime.agent.TransformerForTests - Going to instrument: org.springframework.beans.BeanWrapper
05:24:30.018 [main] DEBUG org.evosuite.runtime.agent.TransformerForTests - Going to instrument: org.springframework.beans.ConfigurablePropertyAccessor
05:24:30.019 [main] DEBUG org.evosuite.runtime.agent.TransformerForTests - Going to instrument: org.springframework.beans.PropertyEditorRegistry
05:24:30.021 [main] DEBUG org.evosuite.runtime.agent.TransformerForTests - Going to instrument: org.springframework.beans.AbstractNestablePropertyAccessor
05:24:30.021 [main] INFO org.evosuite.runtime.instrumentation.MethodCallReplacementClassAdapter - Adding mock interface to class org/springframework/beans/AbstractNestablePropertyAccessor
05:24:30.030 [main] INFO org.evosuite.runtime.instrumentation.CreateClassResetClassAdapter - Found static initializer in class org/springframework/beans/AbstractNestablePropertyAccessor
05:24:30.031 [main] DEBUG org.evosuite.runtime.agent.TransformerForTests - Going to instrument: org.springframework.beans.AbstractPropertyAccessor
05:24:30.032 [main] INFO org.evosuite.runtime.instrumentation.MethodCallReplacementClassAdapter - Adding mock interface to class org/springframework/beans/AbstractPropertyAccessor
05:24:30.032 [main] INFO org.evosuite.runtime.instrumentation.CreateClassResetClassAdapter - Creating brand-new static initializer in class org/springframework/beans/AbstractPropertyAccessor
05:24:30.032 [main] DEBUG org.evosuite.runtime.agent.TransformerForTests - Going to instrument: org.springframework.beans.TypeConverterSupport
05:24:30.032 [main] INFO org.evosuite.runtime.instrumentation.MethodCallReplacementClassAdapter - Adding mock interface to class org/springframework/beans/TypeConverterSupport
05:24:30.034 [main] INFO org.evosuite.runtime.instrumentation.CreateClassResetClassAdapter - Creating brand-new static initializer in class org/springframework/beans/TypeConverterSupport
05:24:30.035 [main] DEBUG org.evosuite.runtime.agent.TransformerForTests - Going to instrument: org.springframework.beans.PropertyEditorRegistrySupport
05:24:30.035 [main] INFO org.evosuite.runtime.instrumentation.MethodCallReplacementClassAdapter - Adding mock interface to class org/springframework/beans/PropertyEditorRegistrySupport
05:24:30.037 [main] INFO org.evosuite.runtime.instrumentation.CreateClassResetClassAdapter - Found static initializer in class org/springframework/beans/PropertyEditorRegistrySupport
05:24:30.038 [main] DEBUG org.evosuite.runtime.agent.TransformerForTests - Going to instrument: org.springframework.beans.ConversionNotSupportedException
05:24:30.038 [main] INFO org.evosuite.runtime.instrumentation.MethodCallReplacementClassAdapter - Adding mock interface to class org/springframework/beans/ConversionNotSupportedException
05:24:30.039 [main] INFO org.evosuite.runtime.instrumentation.CreateClassResetClassAdapter - Creating brand-new static initializer in class org/springframework/beans/ConversionNotSupportedException
05:24:30.039 [main] DEBUG org.evosuite.runtime.agent.TransformerForTests - Going to instrument: org.springframework.beans.TypeMismatchException
05:24:30.039 [main] INFO org.evosuite.runtime.instrumentation.MethodCallReplacementClassAdapter - Adding mock interface to class org/springframework/beans/TypeMismatchException
05:24:30.040 [main] INFO org.evosuite.runtime.instrumentation.CreateClassResetClassAdapter - Creating brand-new static initializer in class org/springframework/beans/TypeMismatchException
05:24:30.040 [main] INFO org.evosuite.runtime.instrumentation.CreateClassResetClassAdapter - Adding bytecode for initializing field ERROR_CODE
05:24:30.040 [main] DEBUG org.evosuite.runtime.agent.TransformerForTests - Going to instrument: org.springframework.beans.PropertyAccessException
05:24:30.040 [main] INFO org.evosuite.runtime.instrumentation.MethodCallReplacementClassAdapter - Adding mock interface to class org/springframework/beans/PropertyAccessException
05:24:30.041 [main] INFO org.evosuite.runtime.instrumentation.CreateClassResetClassAdapter - Creating brand-new static initializer in class org/springframework/beans/PropertyAccessException
05:24:30.041 [main] DEBUG org.evosuite.runtime.agent.TransformerForTests - Going to instrument: org.springframework.beans.NotWritablePropertyException
05:24:30.041 [main] INFO org.evosuite.runtime.instrumentation.MethodCallReplacementClassAdapter - Adding mock interface to class org/springframework/beans/NotWritablePropertyException
05:24:30.041 [main] INFO org.evosuite.runtime.instrumentation.CreateClassResetClassAdapter - Creating brand-new static initializer in class org/springframework/beans/NotWritablePropertyException
05:24:30.042 [main] DEBUG org.evosuite.runtime.agent.TransformerForTests - Going to instrument: org.springframework.beans.InvalidPropertyException
05:24:30.042 [main] INFO org.evosuite.runtime.instrumentation.MethodCallReplacementClassAdapter - Adding mock interface to class org/springframework/beans/InvalidPropertyException
05:24:30.042 [main] INFO org.evosuite.runtime.instrumentation.CreateClassResetClassAdapter - Creating brand-new static initializer in class org/springframework/beans/InvalidPropertyException
05:24:30.042 [main] DEBUG org.evosuite.runtime.agent.TransformerForTests - Going to instrument: org.springframework.beans.NullValueInNestedPathException
05:24:30.042 [main] INFO org.evosuite.runtime.instrumentation.MethodCallReplacementClassAdapter - Adding mock interface to class org/springframework/beans/NullValueInNestedPathException
05:24:30.042 [main] INFO org.evosuite.runtime.instrumentation.CreateClassResetClassAdapter - Creating brand-new static initializer in class org/springframework/beans/NullValueInNestedPathException
05:24:30.043 [main] DEBUG org.evosuite.runtime.agent.TransformerForTests - Going to instrument: org.springframework.beans.NotReadablePropertyException
05:24:30.043 [main] INFO org.evosuite.runtime.instrumentation.MethodCallReplacementClassAdapter - Adding mock interface to class org/springframework/beans/NotReadablePropertyException
05:24:30.043 [main] INFO org.evosuite.runtime.instrumentation.CreateClassResetClassAdapter - Creating brand-new static initializer in class org/springframework/beans/NotReadablePropertyException
05:24:30.044 [main] DEBUG org.evosuite.runtime.agent.TransformerForTests - Going to instrument: org.springframework.beans.MethodInvocationException
05:24:30.044 [main] INFO org.evosuite.runtime.instrumentation.MethodCallReplacementClassAdapter - Adding mock interface to class org/springframework/beans/MethodInvocationException
05:24:30.044 [main] INFO org.evosuite.runtime.instrumentation.CreateClassResetClassAdapter - Creating brand-new static initializer in class org/springframework/beans/MethodInvocationException
05:24:30.044 [main] INFO org.evosuite.runtime.instrumentation.CreateClassResetClassAdapter - Adding bytecode for initializing field ERROR_CODE
05:24:30.044 [main] DEBUG org.evosuite.runtime.agent.TransformerForTests - Going to instrument: org.springframework.beans.AbstractNestablePropertyAccessor$PropertyHandler
05:24:30.045 [main] INFO org.evosuite.runtime.instrumentation.MethodCallReplacementClassAdapter - Adding mock interface to class org/springframework/beans/AbstractNestablePropertyAccessor$PropertyHandler
05:24:30.045 [main] INFO org.evosuite.runtime.instrumentation.CreateClassResetClassAdapter - Creating brand-new static initializer in class org/springframework/beans/AbstractNestablePropertyAccessor$PropertyHandler
05:24:30.045 [main] DEBUG org.evosuite.runtime.agent.TransformerForTests - Going to instrument: org.springframework.beans.BeanWrapperImpl$BeanPropertyHandler
05:24:30.045 [main] INFO org.evosuite.runtime.instrumentation.MethodCallReplacementClassAdapter - Adding mock interface to class org/springframework/beans/BeanWrapperImpl$BeanPropertyHandler
05:24:30.046 [main] INFO org.evosuite.runtime.instrumentation.CreateClassResetClassAdapter - Creating brand-new static initializer in class org/springframework/beans/BeanWrapperImpl$BeanPropertyHandler
05:24:30.046 [main] DEBUG org.evosuite.runtime.agent.TransformerForTests - Going to instrument: org.springframework.data.domain.ExampleMatcher$MatchMode
05:24:30.046 [main] INFO org.evosuite.runtime.instrumentation.MethodCallReplacementClassAdapter - Adding mock interface to class org/springframework/data/domain/ExampleMatcher$MatchMode
05:24:30.046 [main] INFO org.evosuite.runtime.instrumentation.CreateClassResetClassAdapter - Found static initializer in class org/springframework/data/domain/ExampleMatcher$MatchMode
05:24:30.047 [main] DEBUG org.evosuite.runtime.agent.TransformerForTests - Going to instrument: org.hibernate.annotations.ValueGenerationType
05:24:30.047 [main] DEBUG org.evosuite.runtime.agent.TransformerForTests - Going to instrument: org.springframework.core.NamedThreadLocal
05:24:30.047 [main] INFO org.evosuite.runtime.instrumentation.MethodCallReplacementClassAdapter - Adding mock interface to class org/springframework/core/NamedThreadLocal
05:24:30.047 [main] INFO org.evosuite.runtime.instrumentation.CreateClassResetClassAdapter - Creating brand-new static initializer in class org/springframework/core/NamedThreadLocal
05:24:30.048 [main] DEBUG org.evosuite.runtime.agent.TransformerForTests - Going to instrument: org.springframework.beans.factory.CannotLoadBeanClassException
05:24:30.048 [main] INFO org.evosuite.runtime.instrumentation.MethodCallReplacementClassAdapter - Adding mock interface to class org/springframework/beans/factory/CannotLoadBeanClassException
05:24:30.048 [main] INFO org.evosuite.runtime.instrumentation.CreateClassResetClassAdapter - Creating brand-new static initializer in class org/springframework/beans/factory/CannotLoadBeanClassException
05:24:30.049 [main] DEBUG org.evosuite.runtime.agent.TransformerForTests - Going to instrument: org.springframework.beans.factory.BeanNotOfRequiredTypeException
05:24:30.049 [main] INFO org.evosuite.runtime.instrumentation.MethodCallReplacementClassAdapter - Adding mock interface to class org/springframework/beans/factory/BeanNotOfRequiredTypeException
05:24:30.049 [main] INFO org.evosuite.runtime.instrumentation.CreateClassResetClassAdapter - Creating brand-new static initializer in class org/springframework/beans/factory/BeanNotOfRequiredTypeException
05:24:30.049 [main] DEBUG org.evosuite.runtime.agent.TransformerForTests - Going to instrument: org.springframework.beans.factory.BeanIsNotAFactoryException
05:24:30.049 [main] INFO org.evosuite.runtime.instrumentation.MethodCallReplacementClassAdapter - Adding mock interface to class org/springframework/beans/factory/BeanIsNotAFactoryException
05:24:30.049 [main] INFO org.evosuite.runtime.instrumentation.CreateClassResetClassAdapter - Creating brand-new static initializer in class org/springframework/beans/factory/BeanIsNotAFactoryException
05:24:30.050 [main] DEBUG org.evosuite.runtime.agent.TransformerForTests - Going to instrument: org.springframework.beans.factory.support.ScopeNotActiveException
05:24:30.050 [main] INFO org.evosuite.runtime.instrumentation.MethodCallReplacementClassAdapter - Adding mock interface to class org/springframework/beans/factory/support/ScopeNotActiveException
05:24:30.050 [main] INFO org.evosuite.runtime.instrumentation.CreateClassResetClassAdapter - Creating brand-new static initializer in class org/springframework/beans/factory/support/ScopeNotActiveException
05:24:30.050 [main] DEBUG org.evosuite.runtime.agent.TransformerForTests - Going to instrument: org.springframework.beans.factory.BeanIsAbstractException
05:24:30.050 [main] INFO org.evosuite.runtime.instrumentation.MethodCallReplacementClassAdapter - Adding mock interface to class org/springframework/beans/factory/BeanIsAbstractException
05:24:30.050 [main] INFO org.evosuite.runtime.instrumentation.CreateClassResetClassAdapter - Creating brand-new static initializer in class org/springframework/beans/factory/BeanIsAbstractException
05:24:30.051 [main] DEBUG org.evosuite.runtime.agent.TransformerForTests - Going to instrument: net.bytebuddy.utility.dispatcher.JavaDispatcher$IsConstructor
05:24:30.051 [main] DEBUG org.evosuite.runtime.agent.TransformerForTests - Going to instrument: org.apache.poi.util.Beta
05:24:30.051 [main] DEBUG org.evosuite.runtime.agent.TransformerForTests - Going to instrument: org.springframework.data.annotation.Transient
05:24:30.052 [main] DEBUG org.evosuite.runtime.agent.TransformerForTests - Going to instrument: org.springframework.data.projection.EntityProjection$ProjectionType
05:24:30.052 [main] INFO org.evosuite.runtime.instrumentation.MethodCallReplacementClassAdapter - Adding mock interface to class org/springframework/data/projection/EntityProjection$ProjectionType
05:24:30.052 [main] INFO org.evosuite.runtime.instrumentation.CreateClassResetClassAdapter - Found static initializer in class org/springframework/data/projection/EntityProjection$ProjectionType
05:24:30.052 [main] DEBUG org.evosuite.runtime.agent.TransformerForTests - Going to instrument: com.fasterxml.jackson.annotation.JsonRootName
05:24:30.053 [main] DEBUG org.evosuite.runtime.agent.TransformerForTests - Going to instrument: net.bytebuddy.build.RepeatedAnnotationPlugin$Enhance
05:24:30.053 [main] DEBUG org.evosuite.runtime.agent.TransformerForTests - Going to instrument: org.springframework.data.jpa.projection.CollectionAwareProjectionFactory$CollectionAwareProjectionInformation
05:24:30.053 [main] INFO org.evosuite.runtime.instrumentation.MethodCallReplacementClassAdapter - Adding mock interface to class org/springframework/data/jpa/projection/CollectionAwareProjectionFactory$CollectionAwareProjectionInformation
05:24:30.053 [main] INFO org.evosuite.runtime.instrumentation.CreateClassResetClassAdapter - Creating brand-new static initializer in class org/springframework/data/jpa/projection/CollectionAwareProjectionFactory$CollectionAwareProjectionInformation
05:24:30.054 [main] DEBUG org.evosuite.runtime.agent.TransformerForTests - Going to instrument: org.springframework.data.projection.SpelAwareProxyProjectionFactory$SpelAwareProjectionInformation
05:24:30.054 [main] INFO org.evosuite.runtime.instrumentation.MethodCallReplacementClassAdapter - Adding mock interface to class org/springframework/data/projection/SpelAwareProxyProjectionFactory$SpelAwareProjectionInformation
05:24:30.054 [main] INFO org.evosuite.runtime.instrumentation.CreateClassResetClassAdapter - Creating brand-new static initializer in class org/springframework/data/projection/SpelAwareProxyProjectionFactory$SpelAwareProjectionInformation
05:24:30.054 [main] DEBUG org.evosuite.runtime.agent.TransformerForTests - Going to instrument: org.springframework.core.convert.support.ZoneIdToTimeZoneConverter
05:24:30.054 [main] INFO org.evosuite.runtime.instrumentation.MethodCallReplacementClassAdapter - Adding mock interface to class org/springframework/core/convert/support/ZoneIdToTimeZoneConverter
05:24:30.054 [main] INFO org.evosuite.runtime.instrumentation.CreateClassResetClassAdapter - Creating brand-new static initializer in class org/springframework/core/convert/support/ZoneIdToTimeZoneConverter
05:24:30.055 [main] DEBUG org.evosuite.runtime.agent.TransformerForTests - Going to instrument: org.springframework.format.support.FormattingConversionService$PrinterConverter
05:24:30.055 [main] INFO org.evosuite.runtime.instrumentation.MethodCallReplacementClassAdapter - Adding mock interface to class org/springframework/format/support/FormattingConversionService$PrinterConverter
05:24:30.055 [main] INFO org.evosuite.runtime.instrumentation.CreateClassResetClassAdapter - Creating brand-new static initializer in class org/springframework/format/support/FormattingConversionService$PrinterConverter
05:24:30.055 [main] DEBUG org.evosuite.runtime.agent.TransformerForTests - Going to instrument: org.apache.commons.io.filefilter.FileEqualsFileFilter
05:24:30.056 [main] INFO org.evosuite.runtime.instrumentation.MethodCallReplacementClassAdapter - Adding mock interface to class org/apache/commons/io/filefilter/FileEqualsFileFilter
05:24:30.056 [main] INFO org.evosuite.runtime.instrumentation.CreateClassResetClassAdapter - Creating brand-new static initializer in class org/apache/commons/io/filefilter/FileEqualsFileFilter
05:24:30.056 [main] DEBUG org.evosuite.runtime.agent.TransformerForTests - Going to instrument: org.springframework.core.convert.support.ArrayToCollectionConverter
05:24:30.056 [main] INFO org.evosuite.runtime.instrumentation.MethodCallReplacementClassAdapter - Adding mock interface to class org/springframework/core/convert/support/ArrayToCollectionConverter
05:24:30.056 [main] INFO org.evosuite.runtime.instrumentation.CreateClassResetClassAdapter - Creating brand-new static initializer in class org/springframework/core/convert/support/ArrayToCollectionConverter
05:24:30.057 [main] DEBUG org.evosuite.runtime.agent.TransformerForTests - Going to instrument: org.apache.commons.io.filefilter.FileFileFilter
05:24:30.057 [main] INFO org.evosuite.runtime.instrumentation.MethodCallReplacementClassAdapter - Adding mock interface to class org/apache/commons/io/filefilter/FileFileFilter
05:24:30.057 [main] INFO org.evosuite.runtime.instrumentation.CreateClassResetClassAdapter - Found static initializer in class org/apache/commons/io/filefilter/FileFileFilter
05:24:30.059 [main] DEBUG org.evosuite.runtime.agent.TransformerForTests - Going to instrument: org.springframework.asm.SymbolTable
05:24:30.059 [main] INFO org.evosuite.runtime.instrumentation.MethodCallReplacementClassAdapter - Adding mock interface to class org/springframework/asm/SymbolTable
05:24:30.061 [main] INFO org.evosuite.runtime.instrumentation.CreateClassResetClassAdapter - Creating brand-new static initializer in class org/springframework/asm/SymbolTable
05:24:30.062 [main] DEBUG org.evosuite.runtime.agent.TransformerForTests - Going to instrument: org.springframework.asm.Symbol
05:24:30.062 [main] INFO org.evosuite.runtime.instrumentation.MethodCallReplacementClassAdapter - Adding mock interface to class org/springframework/asm/Symbol
05:24:30.063 [main] INFO org.evosuite.runtime.instrumentation.CreateClassResetClassAdapter - Creating brand-new static initializer in class org/springframework/asm/Symbol
05:24:30.063 [main] INFO org.evosuite.runtime.instrumentation.CreateClassResetClassAdapter - Adding bytecode for initializing field CONSTANT_CLASS_TAG
05:24:30.063 [main] INFO org.evosuite.runtime.instrumentation.CreateClassResetClassAdapter - Adding bytecode for initializing field CONSTANT_FIELDREF_TAG
05:24:30.063 [main] INFO org.evosuite.runtime.instrumentation.CreateClassResetClassAdapter - Adding bytecode for initializing field CONSTANT_METHODREF_TAG
05:24:30.063 [main] INFO org.evosuite.runtime.instrumentation.CreateClassResetClassAdapter - Adding bytecode for initializing field CONSTANT_INTERFACE_METHODREF_TAG
05:24:30.063 [main] INFO org.evosuite.runtime.instrumentation.CreateClassResetClassAdapter - Adding bytecode for initializing field CONSTANT_STRING_TAG
05:24:30.063 [main] INFO org.evosuite.runtime.instrumentation.CreateClassResetClassAdapter - Adding bytecode for initializing field CONSTANT_INTEGER_TAG
05:24:30.063 [main] INFO org.evosuite.runtime.instrumentation.CreateClassResetClassAdapter - Adding bytecode for initializing field CONSTANT_FLOAT_TAG
05:24:30.063 [main] INFO org.evosuite.runtime.instrumentation.CreateClassResetClassAdapter - Adding bytecode for initializing field CONSTANT_LONG_TAG
05:24:30.063 [main] INFO org.evosuite.runtime.instrumentation.CreateClassResetClassAdapter - Adding bytecode for initializing field CONSTANT_DOUBLE_TAG
05:24:30.063 [main] INFO org.evosuite.runtime.instrumentation.CreateClassResetClassAdapter - Adding bytecode for initializing field CONSTANT_NAME_AND_TYPE_TAG
05:24:30.063 [main] INFO org.evosuite.runtime.instrumentation.CreateClassResetClassAdapter - Adding bytecode for initializing field CONSTANT_UTF8_TAG
05:24:30.063 [main] INFO org.evosuite.runtime.instrumentation.CreateClassResetClassAdapter - Adding bytecode for initializing field CONSTANT_METHOD_HANDLE_TAG
05:24:30.063 [main] INFO org.evosuite.runtime.instrumentation.CreateClassResetClassAdapter - Adding bytecode for initializing field CONSTANT_METHOD_TYPE_TAG
05:24:30.063 [main] INFO org.evosuite.runtime.instrumentation.CreateClassResetClassAdapter - Adding bytecode for initializing field CONSTANT_DYNAMIC_TAG
05:24:30.063 [main] INFO org.evosuite.runtime.instrumentation.CreateClassResetClassAdapter - Adding bytecode for initializing field CONSTANT_INVOKE_DYNAMIC_TAG
05:24:30.063 [main] INFO org.evosuite.runtime.instrumentation.CreateClassResetClassAdapter - Adding bytecode for initializing field CONSTANT_MODULE_TAG
05:24:30.063 [main] INFO org.evosuite.runtime.instrumentation.CreateClassResetClassAdapter - Adding bytecode for initializing field CONSTANT_PACKAGE_TAG
05:24:30.063 [main] INFO org.evosuite.runtime.instrumentation.CreateClassResetClassAdapter - Adding bytecode for initializing field BOOTSTRAP_METHOD_TAG
05:24:30.063 [main] INFO org.evosuite.runtime.instrumentation.CreateClassResetClassAdapter - Adding bytecode for initializing field TYPE_TAG
05:24:30.063 [main] INFO org.evosuite.runtime.instrumentation.CreateClassResetClassAdapter - Adding bytecode for initializing field UNINITIALIZED_TYPE_TAG
05:24:30.063 [main] INFO org.evosuite.runtime.instrumentation.CreateClassResetClassAdapter - Adding bytecode for initializing field MERGED_TYPE_TAG
05:24:30.063 [main] DEBUG org.evosuite.runtime.agent.TransformerForTests - Going to instrument: org.springframework.asm.SymbolTable$Entry
05:24:30.063 [main] INFO org.evosuite.runtime.instrumentation.MethodCallReplacementClassAdapter - Adding mock interface to class org/springframework/asm/SymbolTable$Entry
05:24:30.063 [main] INFO org.evosuite.runtime.instrumentation.CreateClassResetClassAdapter - Creating brand-new static initializer in class org/springframework/asm/SymbolTable$Entry
05:24:30.064 [main] DEBUG org.evosuite.runtime.agent.TransformerForTests - Going to instrument: net.bytebuddy.asm.Advice$AssignReturned$Handler
05:24:30.065 [main] DEBUG org.evosuite.runtime.agent.TransformerForTests - Going to instrument: org.springframework.core.convert.support.StringToArrayConverter
05:24:30.065 [main] INFO org.evosuite.runtime.instrumentation.MethodCallReplacementClassAdapter - Adding mock interface to class org/springframework/core/convert/support/StringToArrayConverter
05:24:30.065 [main] INFO org.evosuite.runtime.instrumentation.CreateClassResetClassAdapter - Creating brand-new static initializer in class org/springframework/core/convert/support/StringToArrayConverter
05:24:30.065 [main] DEBUG org.evosuite.runtime.agent.TransformerForTests - Going to instrument: com.fasterxml.jackson.annotation.JsonAnySetter
05:24:30.066 [main] DEBUG org.evosuite.runtime.agent.TransformerForTests - Going to instrument: org.springframework.context.annotation.AnnotationScopeMetadataResolver
05:24:30.066 [main] INFO org.evosuite.runtime.instrumentation.MethodCallReplacementClassAdapter - Adding mock interface to class org/springframework/context/annotation/AnnotationScopeMetadataResolver
05:24:30.066 [main] INFO org.evosuite.runtime.instrumentation.CreateClassResetClassAdapter - Creating brand-new static initializer in class org/springframework/context/annotation/AnnotationScopeMetadataResolver
05:24:30.066 [main] DEBUG org.evosuite.runtime.agent.TransformerForTests - Going to instrument: org.springframework.context.annotation.ScopeMetadataResolver
05:24:30.067 [main] DEBUG org.evosuite.runtime.agent.TransformerForTests - Going to instrument: org.springframework.core.SerializableTypeWrapper$MethodInvokeTypeProvider
05:24:30.067 [main] INFO org.evosuite.runtime.instrumentation.MethodCallReplacementClassAdapter - Adding mock interface to class org/springframework/core/SerializableTypeWrapper$MethodInvokeTypeProvider
05:24:30.068 [main] INFO org.evosuite.runtime.instrumentation.CreateClassResetClassAdapter - Creating brand-new static initializer in class org/springframework/core/SerializableTypeWrapper$MethodInvokeTypeProvider
05:24:30.068 [main] DEBUG org.evosuite.runtime.agent.TransformerForTests - Going to instrument: org.springframework.data.convert.DefaultConverterBuilder$ConfigurableGenericConverter$Writing
05:24:30.069 [main] INFO org.evosuite.runtime.instrumentation.MethodCallReplacementClassAdapter - Adding mock interface to class org/springframework/data/convert/DefaultConverterBuilder$ConfigurableGenericConverter$Writing
05:24:30.069 [main] INFO org.evosuite.runtime.instrumentation.CreateClassResetClassAdapter - Creating brand-new static initializer in class org/springframework/data/convert/DefaultConverterBuilder$ConfigurableGenericConverter$Writing
05:24:30.069 [main] DEBUG org.evosuite.runtime.agent.TransformerForTests - Going to instrument: org.hibernate.annotations.Nationalized
05:24:30.069 [main] DEBUG org.evosuite.runtime.agent.TransformerForTests - Going to instrument: org.springframework.core.convert.support.StringToCurrencyConverter
05:24:30.069 [main] INFO org.evosuite.runtime.instrumentation.MethodCallReplacementClassAdapter - Adding mock interface to class org/springframework/core/convert/support/StringToCurrencyConverter
05:24:30.069 [main] INFO org.evosuite.runtime.instrumentation.CreateClassResetClassAdapter - Creating brand-new static initializer in class org/springframework/core/convert/support/StringToCurrencyConverter
05:24:30.070 [main] DEBUG org.evosuite.runtime.agent.TransformerForTests - Going to instrument: org.springframework.test.web.reactive.server.WebTestClient
05:24:30.070 [main] DEBUG org.evosuite.runtime.agent.TransformerForTests - Going to instrument: org.springframework.test.web.reactive.server.WebTestClient$ControllerSpec
05:24:30.071 [main] DEBUG org.evosuite.runtime.agent.TransformerForTests - Going to instrument: org.springframework.test.web.reactive.server.WebTestClient$MockServerSpec
05:24:30.071 [main] DEBUG org.evosuite.runtime.agent.TransformerForTests - Going to instrument: org.springframework.test.web.reactive.server.WebTestClient$RouterFunctionSpec
05:24:30.072 [main] DEBUG org.evosuite.runtime.agent.TransformerForTests - Going to instrument: org.springframework.test.web.reactive.server.WebTestClient$Builder
05:24:30.073 [main] DEBUG org.evosuite.runtime.agent.TransformerForTests - Going to instrument: org.springframework.expression.spel.ast.Indexer
05:24:30.074 [main] INFO org.evosuite.runtime.instrumentation.MethodCallReplacementClassAdapter - Adding mock interface to class org/springframework/expression/spel/ast/Indexer
05:24:30.076 [main] INFO org.evosuite.runtime.instrumentation.CreateClassResetClassAdapter - Creating brand-new static initializer in class org/springframework/expression/spel/ast/Indexer
05:24:30.077 [main] DEBUG org.evosuite.runtime.agent.TransformerForTests - Going to instrument: org.springframework.boot.convert.DurationFormat
05:24:30.078 [main] DEBUG org.evosuite.runtime.agent.TransformerForTests - Going to instrument: org.springframework.boot.autoconfigure.SharedMetadataReaderFactoryContextInitializer$SharedMetadataReaderFactoryBean
05:24:30.078 [main] INFO org.evosuite.runtime.instrumentation.MethodCallReplacementClassAdapter - Adding mock interface to class org/springframework/boot/autoconfigure/SharedMetadataReaderFactoryContextInitializer$SharedMetadataReaderFactoryBean
05:24:30.078 [main] INFO org.evosuite.runtime.instrumentation.CreateClassResetClassAdapter - Creating brand-new static initializer in class org/springframework/boot/autoconfigure/SharedMetadataReaderFactoryContextInitializer$SharedMetadataReaderFactoryBean
05:24:30.079 [main] DEBUG org.evosuite.runtime.agent.TransformerForTests - Going to instrument: org.springframework.boot.convert.DataSizeUnit
05:24:30.079 [main] DEBUG org.evosuite.runtime.agent.TransformerForTests - Going to instrument: org.springframework.context.annotation.EnableMBeanExport
05:24:30.079 [main] DEBUG org.evosuite.runtime.agent.TransformerForTests - Going to instrument: org.springframework.expression.spel.ast.Assign
05:24:30.079 [main] INFO org.evosuite.runtime.instrumentation.MethodCallReplacementClassAdapter - Adding mock interface to class org/springframework/expression/spel/ast/Assign
05:24:30.080 [main] INFO org.evosuite.runtime.instrumentation.CreateClassResetClassAdapter - Creating brand-new static initializer in class org/springframework/expression/spel/ast/Assign
05:24:30.080 [main] DEBUG org.evosuite.runtime.agent.TransformerForTests - Going to instrument: org.springframework.beans.factory.NamedBean
05:24:30.080 [main] DEBUG org.evosuite.runtime.agent.TransformerForTests - Going to instrument: org.springframework.beans.factory.config.ProviderCreatingFactoryBean
05:24:30.080 [main] INFO org.evosuite.runtime.instrumentation.MethodCallReplacementClassAdapter - Adding mock interface to class org/springframework/beans/factory/config/ProviderCreatingFactoryBean
05:24:30.080 [main] INFO org.evosuite.runtime.instrumentation.CreateClassResetClassAdapter - Creating brand-new static initializer in class org/springframework/beans/factory/config/ProviderCreatingFactoryBean
05:24:30.081 [main] ERROR org.evosuite.runtime.classhandling.ClassStateSupport - Could not initialize org.springframework.beans.factory.config.ProviderCreatingFactoryBean: javax/inject/Provider
05:24:30.081 [main] DEBUG org.evosuite.runtime.agent.TransformerForTests - Going to instrument: org.springframework.beans.factory.support.InstantiationStrategy
05:24:30.082 [main] DEBUG org.evosuite.runtime.agent.TransformerForTests - Going to instrument: org.springframework.beans.factory.UnsatisfiedDependencyException
05:24:30.082 [main] INFO org.evosuite.runtime.instrumentation.MethodCallReplacementClassAdapter - Adding mock interface to class org/springframework/beans/factory/UnsatisfiedDependencyException
05:24:30.082 [main] INFO org.evosuite.runtime.instrumentation.CreateClassResetClassAdapter - Creating brand-new static initializer in class org/springframework/beans/factory/UnsatisfiedDependencyException
05:24:30.083 [main] DEBUG org.evosuite.runtime.agent.TransformerForTests - Going to instrument: org.springframework.beans.factory.support.RootBeanDefinition
05:24:30.083 [main] INFO org.evosuite.runtime.instrumentation.MethodCallReplacementClassAdapter - Adding mock interface to class org/springframework/beans/factory/support/RootBeanDefinition
05:24:30.085 [main] INFO org.evosuite.runtime.instrumentation.CreateClassResetClassAdapter - Creating brand-new static initializer in class org/springframework/beans/factory/support/RootBeanDefinition
05:24:30.085 [main] DEBUG org.evosuite.runtime.agent.TransformerForTests - Going to instrument: org.springframework.beans.factory.support.AbstractAutowireCapableBeanFactory$AutowireByTypeDependencyDescriptor
05:24:30.085 [main] INFO org.evosuite.runtime.instrumentation.MethodCallReplacementClassAdapter - Adding mock interface to class org/springframework/beans/factory/support/AbstractAutowireCapableBeanFactory$AutowireByTypeDependencyDescriptor
05:24:30.086 [main] INFO org.evosuite.runtime.instrumentation.CreateClassResetClassAdapter - Creating brand-new static initializer in class org/springframework/beans/factory/support/AbstractAutowireCapableBeanFactory$AutowireByTypeDependencyDescriptor
05:24:30.086 [main] DEBUG org.evosuite.runtime.agent.TransformerForTests - Going to instrument: org.aspectj.lang.annotation.DeclareParents
05:24:30.087 [main] DEBUG org.evosuite.runtime.agent.TransformerForTests - Going to instrument: org.springframework.expression.spel.support.ReflectivePropertyAccessor$OptimalPropertyAccessor
05:24:30.087 [main] INFO org.evosuite.runtime.instrumentation.MethodCallReplacementClassAdapter - Adding mock interface to class org/springframework/expression/spel/support/ReflectivePropertyAccessor$OptimalPropertyAccessor
05:24:30.087 [main] INFO org.evosuite.runtime.instrumentation.CreateClassResetClassAdapter - Creating brand-new static initializer in class org/springframework/expression/spel/support/ReflectivePropertyAccessor$OptimalPropertyAccessor
05:24:30.088 [main] DEBUG org.evosuite.runtime.agent.TransformerForTests - Going to instrument: org.springframework.expression.spel.CompilablePropertyAccessor
05:24:30.088 [main] DEBUG org.evosuite.runtime.agent.TransformerForTests - Going to instrument: org.springframework.expression.PropertyAccessor
05:24:30.088 [main] DEBUG org.evosuite.runtime.agent.TransformerForTests - Going to instrument: org.aspectj.lang.annotation.RequiredTypes
05:24:30.088 [main] DEBUG org.evosuite.runtime.agent.TransformerForTests - Going to instrument: org.springframework.data.annotation.LastModifiedBy
05:24:30.089 [main] DEBUG org.evosuite.runtime.agent.TransformerForTests - Going to instrument: org.springframework.core.convert.support.CollectionToStringConverter
05:24:30.089 [main] INFO org.evosuite.runtime.instrumentation.MethodCallReplacementClassAdapter - Adding mock interface to class org/springframework/core/convert/support/CollectionToStringConverter
05:24:30.089 [main] INFO org.evosuite.runtime.instrumentation.CreateClassResetClassAdapter - Creating brand-new static initializer in class org/springframework/core/convert/support/CollectionToStringConverter
05:24:30.089 [main] INFO org.evosuite.runtime.instrumentation.CreateClassResetClassAdapter - Adding bytecode for initializing field DELIMITER
05:24:30.090 [main] DEBUG org.evosuite.runtime.agent.TransformerForTests - Going to instrument: org.springframework.beans.factory.serviceloader.AbstractServiceLoaderBasedFactoryBean
05:24:30.090 [main] INFO org.evosuite.runtime.instrumentation.MethodCallReplacementClassAdapter - Adding mock interface to class org/springframework/beans/factory/serviceloader/AbstractServiceLoaderBasedFactoryBean
05:24:30.090 [main] INFO org.evosuite.runtime.instrumentation.CreateClassResetClassAdapter - Creating brand-new static initializer in class org/springframework/beans/factory/serviceloader/AbstractServiceLoaderBasedFactoryBean
05:24:30.090 [main] DEBUG org.evosuite.runtime.agent.TransformerForTests - Going to instrument: com.fasterxml.jackson.annotation.JsonProperty
05:24:30.091 [main] DEBUG org.evosuite.runtime.agent.TransformerForTests - Going to instrument: org.springframework.data.annotation.Immutable
05:24:30.091 [main] DEBUG org.evosuite.runtime.agent.TransformerForTests - Going to instrument: org.springframework.data.domain.ExampleMatcher$PropertySpecifier
05:24:30.091 [main] INFO org.evosuite.runtime.instrumentation.MethodCallReplacementClassAdapter - Adding mock interface to class org/springframework/data/domain/ExampleMatcher$PropertySpecifier
05:24:30.092 [main] INFO org.evosuite.runtime.instrumentation.CreateClassResetClassAdapter - Creating brand-new static initializer in class org/springframework/data/domain/ExampleMatcher$PropertySpecifier
05:24:30.092 [main] DEBUG org.evosuite.runtime.agent.TransformerForTests - Going to instrument: org.springframework.data.domain.ExampleMatcher$PropertyValueTransformer
05:24:30.093 [main] DEBUG org.evosuite.runtime.agent.TransformerForTests - Going to instrument: org.springframework.asm.FieldWriter
05:24:30.093 [main] INFO org.evosuite.runtime.instrumentation.MethodCallReplacementClassAdapter - Adding mock interface to class org/springframework/asm/FieldWriter
05:24:30.093 [main] INFO org.evosuite.runtime.instrumentation.CreateClassResetClassAdapter - Creating brand-new static initializer in class org/springframework/asm/FieldWriter
05:24:30.094 [main] DEBUG org.evosuite.runtime.agent.TransformerForTests - Going to instrument: net.bytebuddy.asm.Advice$OnNonDefaultValue
05:24:30.094 [main] INFO org.evosuite.runtime.instrumentation.MethodCallReplacementClassAdapter - Adding mock interface to class net/bytebuddy/asm/Advice$OnNonDefaultValue
05:24:30.094 [main] INFO org.evosuite.runtime.instrumentation.CreateClassResetClassAdapter - Creating brand-new static initializer in class net/bytebuddy/asm/Advice$OnNonDefaultValue
05:24:30.094 [main] DEBUG org.evosuite.runtime.agent.TransformerForTests - Going to instrument: net.bytebuddy.asm.Advice$Thrown
05:24:30.099 [main] DEBUG org.evosuite.runtime.agent.TransformerForTests - Going to instrument: org.springframework.expression.spel.ast.Selection
05:24:30.100 [main] INFO org.evosuite.runtime.instrumentation.MethodCallReplacementClassAdapter - Adding mock interface to class org/springframework/expression/spel/ast/Selection
05:24:30.100 [main] INFO org.evosuite.runtime.instrumentation.CreateClassResetClassAdapter - Creating brand-new static initializer in class org/springframework/expression/spel/ast/Selection
05:24:30.100 [main] INFO org.evosuite.runtime.instrumentation.CreateClassResetClassAdapter - Adding bytecode for initializing field ALL
05:24:30.100 [main] INFO org.evosuite.runtime.instrumentation.CreateClassResetClassAdapter - Adding bytecode for initializing field FIRST
05:24:30.100 [main] INFO org.evosuite.runtime.instrumentation.CreateClassResetClassAdapter - Adding bytecode for initializing field LAST
05:24:30.101 [main] DEBUG org.evosuite.runtime.agent.TransformerForTests - Going to instrument: org.hibernate.annotations.Tables
05:24:30.101 [main] DEBUG org.evosuite.runtime.agent.TransformerForTests - Going to instrument: org.hibernate.internal.build.AllowSysOut
05:24:30.102 [main] DEBUG org.evosuite.runtime.agent.TransformerForTests - Going to instrument: org.springframework.expression.spel.ast.VariableReference
05:24:30.102 [main] INFO org.evosuite.runtime.instrumentation.MethodCallReplacementClassAdapter - Adding mock interface to class org/springframework/expression/spel/ast/VariableReference
05:24:30.102 [main] INFO org.evosuite.runtime.instrumentation.CreateClassResetClassAdapter - Creating brand-new static initializer in class org/springframework/expression/spel/ast/VariableReference
05:24:30.102 [main] INFO org.evosuite.runtime.instrumentation.CreateClassResetClassAdapter - Adding bytecode for initializing field THIS
05:24:30.102 [main] INFO org.evosuite.runtime.instrumentation.CreateClassResetClassAdapter - Adding bytecode for initializing field ROOT
05:24:30.103 [main] DEBUG org.evosuite.runtime.agent.TransformerForTests - Going to instrument: org.springframework.beans.factory.support.MethodOverride
05:24:30.103 [main] INFO org.evosuite.runtime.instrumentation.MethodCallReplacementClassAdapter - Adding mock interface to class org/springframework/beans/factory/support/MethodOverride
05:24:30.103 [main] INFO org.evosuite.runtime.instrumentation.CreateClassResetClassAdapter - Creating brand-new static initializer in class org/springframework/beans/factory/support/MethodOverride
05:24:30.104 [main] DEBUG org.evosuite.runtime.agent.TransformerForTests - Going to instrument: net.bytebuddy.asm.Advice$AssignReturned$ToFields$ToField
05:24:30.104 [main] DEBUG org.evosuite.runtime.agent.TransformerForTests - Going to instrument: org.springframework.core.SerializableTypeWrapper$FieldTypeProvider
05:24:30.104 [main] INFO org.evosuite.runtime.instrumentation.MethodCallReplacementClassAdapter - Adding mock interface to class org/springframework/core/SerializableTypeWrapper$FieldTypeProvider
05:24:30.105 [main] INFO org.evosuite.runtime.instrumentation.CreateClassResetClassAdapter - Creating brand-new static initializer in class org/springframework/core/SerializableTypeWrapper$FieldTypeProvider
05:24:30.105 [main] DEBUG org.evosuite.runtime.agent.TransformerForTests - Going to instrument: com.fasterxml.jackson.annotation.JsonAutoDetect
05:24:30.106 [main] DEBUG org.evosuite.runtime.agent.TransformerForTests - Going to instrument: org.springframework.lang.NonNullFields
05:24:30.106 [main] DEBUG org.evosuite.runtime.agent.TransformerForTests - Going to instrument: org.aspectj.lang.annotation.Around
05:24:30.106 [main] DEBUG org.evosuite.runtime.agent.TransformerForTests - Going to instrument: org.springframework.format.annotation.NumberFormat
05:24:30.107 [main] DEBUG org.evosuite.runtime.agent.TransformerForTests - Going to instrument: org.springframework.context.support.StaticMessageSource
05:24:30.108 [main] INFO org.evosuite.runtime.instrumentation.MethodCallReplacementClassAdapter - Adding mock interface to class org/springframework/context/support/StaticMessageSource
05:24:30.108 [main] INFO org.evosuite.runtime.instrumentation.CreateClassResetClassAdapter - Creating brand-new static initializer in class org/springframework/context/support/StaticMessageSource
05:24:30.109 [main] DEBUG org.evosuite.runtime.agent.TransformerForTests - Going to instrument: org.springframework.context.support.AbstractMessageSource
05:24:30.110 [main] INFO org.evosuite.runtime.instrumentation.MethodCallReplacementClassAdapter - Adding mock interface to class org/springframework/context/support/AbstractMessageSource
05:24:30.110 [main] INFO org.evosuite.runtime.instrumentation.CreateClassResetClassAdapter - Creating brand-new static initializer in class org/springframework/context/support/AbstractMessageSource
05:24:30.111 [main] DEBUG org.evosuite.runtime.agent.TransformerForTests - Going to instrument: org.springframework.context.HierarchicalMessageSource
05:24:30.111 [main] DEBUG org.evosuite.runtime.agent.TransformerForTests - Going to instrument: org.springframework.context.support.MessageSourceSupport
05:24:30.111 [main] INFO org.evosuite.runtime.instrumentation.MethodCallReplacementClassAdapter - Adding mock interface to class org/springframework/context/support/MessageSourceSupport
05:24:30.112 [main] INFO org.evosuite.runtime.instrumentation.CreateClassResetClassAdapter - Found static initializer in class org/springframework/context/support/MessageSourceSupport
05:24:30.113 [main] DEBUG org.evosuite.runtime.agent.TransformerForTests - Going to instrument: org.apache.commons.io.filefilter.DirectoryFileFilter
05:24:30.113 [main] INFO org.evosuite.runtime.instrumentation.MethodCallReplacementClassAdapter - Adding mock interface to class org/apache/commons/io/filefilter/DirectoryFileFilter
05:24:30.113 [main] INFO org.evosuite.runtime.instrumentation.CreateClassResetClassAdapter - Found static initializer in class org/apache/commons/io/filefilter/DirectoryFileFilter
05:24:30.113 [main] DEBUG org.evosuite.runtime.agent.TransformerForTests - Going to instrument: net.bytebuddy.utility.dispatcher.JavaDispatcher$IsStatic
05:24:30.114 [main] DEBUG org.evosuite.runtime.agent.TransformerForTests - Going to instrument: org.springframework.data.domain.ExampleMatcher$NoOpPropertyValueTransformer
05:24:30.114 [main] INFO org.evosuite.runtime.instrumentation.MethodCallReplacementClassAdapter - Adding mock interface to class org/springframework/data/domain/ExampleMatcher$NoOpPropertyValueTransformer
05:24:30.114 [main] INFO org.evosuite.runtime.instrumentation.CreateClassResetClassAdapter - Found static initializer in class org/springframework/data/domain/ExampleMatcher$NoOpPropertyValueTransformer
05:24:30.114 [main] DEBUG org.evosuite.runtime.agent.TransformerForTests - Going to instrument: org.springframework.beans.factory.support.BeanDefinitionReader
05:24:30.115 [main] DEBUG org.evosuite.runtime.agent.TransformerForTests - Going to instrument: org.springframework.expression.spel.ast.Indexer$IndexedType
05:24:30.115 [main] INFO org.evosuite.runtime.instrumentation.MethodCallReplacementClassAdapter - Adding mock interface to class org/springframework/expression/spel/ast/Indexer$IndexedType
05:24:30.115 [main] INFO org.evosuite.runtime.instrumentation.CreateClassResetClassAdapter - Found static initializer in class org/springframework/expression/spel/ast/Indexer$IndexedType
05:24:30.115 [main] DEBUG org.evosuite.runtime.agent.TransformerForTests - Going to instrument: org.springframework.asm.ClassTooLargeException
05:24:30.115 [main] INFO org.evosuite.runtime.instrumentation.MethodCallReplacementClassAdapter - Adding mock interface to class org/springframework/asm/ClassTooLargeException
05:24:30.115 [main] INFO org.evosuite.runtime.instrumentation.CreateClassResetClassAdapter - Creating brand-new static initializer in class org/springframework/asm/ClassTooLargeException
05:24:30.116 [main] DEBUG org.evosuite.runtime.agent.TransformerForTests - Going to instrument: org.springframework.lang.NonNull
05:24:30.116 [main] DEBUG org.evosuite.runtime.agent.TransformerForTests - Going to instrument: org.hibernate.annotations.AttributeAccessor
05:24:30.116 [main] DEBUG org.evosuite.runtime.agent.TransformerForTests - Going to instrument: org.springframework.data.annotation.Id
05:24:30.116 [main] DEBUG org.evosuite.runtime.agent.TransformerForTests - Going to instrument: org.springframework.beans.factory.support.MergedBeanDefinitionPostProcessor
05:24:30.117 [main] DEBUG org.evosuite.runtime.agent.TransformerForTests - Going to instrument: org.hibernate.annotations.SelectBeforeUpdate
05:24:30.117 [main] DEBUG org.evosuite.runtime.agent.TransformerForTests - Going to instrument: org.springframework.core.serializer.Serializer
05:24:30.118 [main] DEBUG org.evosuite.runtime.agent.TransformerForTests - Going to instrument: org.apache.commons.io.filefilter.AndFileFilter
05:24:30.118 [main] INFO org.evosuite.runtime.instrumentation.MethodCallReplacementClassAdapter - Adding mock interface to class org/apache/commons/io/filefilter/AndFileFilter
05:24:30.118 [main] INFO org.evosuite.runtime.instrumentation.CreateClassResetClassAdapter - Creating brand-new static initializer in class org/apache/commons/io/filefilter/AndFileFilter
05:24:30.118 [main] DEBUG org.evosuite.runtime.agent.TransformerForTests - Going to instrument: org.apache.commons.io.filefilter.ConditionalFileFilter
05:24:30.119 [main] DEBUG org.evosuite.runtime.agent.TransformerForTests - Going to instrument: org.springframework.core.convert.support.StringToUUIDConverter
05:24:30.119 [main] INFO org.evosuite.runtime.instrumentation.MethodCallReplacementClassAdapter - Adding mock interface to class org/springframework/core/convert/support/StringToUUIDConverter
05:24:30.119 [main] INFO org.evosuite.runtime.instrumentation.CreateClassResetClassAdapter - Creating brand-new static initializer in class org/springframework/core/convert/support/StringToUUIDConverter
05:24:30.119 [main] DEBUG org.evosuite.runtime.agent.TransformerForTests - Going to instrument: org.springframework.data.annotation.PersistenceConstructor
05:24:30.119 [main] DEBUG org.evosuite.runtime.agent.TransformerForTests - Going to instrument: org.springframework.boot.autoconfigure.flyway.FlywayAutoConfiguration$FlywayDataSourceCondition
05:24:30.120 [main] INFO org.evosuite.runtime.instrumentation.MethodCallReplacementClassAdapter - Adding mock interface to class org/springframework/boot/autoconfigure/flyway/FlywayAutoConfiguration$FlywayDataSourceCondition
05:24:30.120 [main] INFO org.evosuite.runtime.instrumentation.CreateClassResetClassAdapter - Creating brand-new static initializer in class org/springframework/boot/autoconfigure/flyway/FlywayAutoConfiguration$FlywayDataSourceCondition
05:24:30.120 [main] DEBUG org.evosuite.runtime.agent.TransformerForTests - Going to instrument: org.springframework.boot.autoconfigure.condition.AnyNestedCondition
05:24:30.120 [main] INFO org.evosuite.runtime.instrumentation.MethodCallReplacementClassAdapter - Adding mock interface to class org/springframework/boot/autoconfigure/condition/AnyNestedCondition
05:24:30.120 [main] INFO org.evosuite.runtime.instrumentation.CreateClassResetClassAdapter - Creating brand-new static initializer in class org/springframework/boot/autoconfigure/condition/AnyNestedCondition
05:24:30.121 [main] DEBUG org.evosuite.runtime.agent.TransformerForTests - Going to instrument: org.springframework.cglib.transform.MethodVisitorTee
05:24:30.121 [main] INFO org.evosuite.runtime.instrumentation.MethodCallReplacementClassAdapter - Adding mock interface to class org/springframework/cglib/transform/MethodVisitorTee
05:24:30.122 [main] INFO org.evosuite.runtime.instrumentation.CreateClassResetClassAdapter - Creating brand-new static initializer in class org/springframework/cglib/transform/MethodVisitorTee
05:24:30.123 [main] DEBUG org.evosuite.runtime.agent.TransformerForTests - Going to instrument: org.springframework.context.expression.StandardBeanExpressionResolver
05:24:30.123 [main] INFO org.evosuite.runtime.instrumentation.MethodCallReplacementClassAdapter - Adding mock interface to class org/springframework/context/expression/StandardBeanExpressionResolver
05:24:30.123 [main] INFO org.evosuite.runtime.instrumentation.CreateClassResetClassAdapter - Creating brand-new static initializer in class org/springframework/context/expression/StandardBeanExpressionResolver
05:24:30.123 [main] INFO org.evosuite.runtime.instrumentation.CreateClassResetClassAdapter - Adding bytecode for initializing field DEFAULT_EXPRESSION_PREFIX
05:24:30.123 [main] INFO org.evosuite.runtime.instrumentation.CreateClassResetClassAdapter - Adding bytecode for initializing field DEFAULT_EXPRESSION_SUFFIX
05:24:30.124 [main] DEBUG org.evosuite.runtime.agent.TransformerForTests - Going to instrument: org.springframework.expression.ExpressionParser
05:24:30.124 [main] DEBUG org.evosuite.runtime.agent.TransformerForTests - Going to instrument: org.springframework.expression.BeanResolver
05:24:30.124 [main] DEBUG org.evosuite.runtime.agent.TransformerForTests - Going to instrument: org.springframework.expression.TypeLocator
05:24:30.124 [main] DEBUG org.evosuite.runtime.agent.TransformerForTests - Going to instrument: org.springframework.expression.EvaluationContext
05:24:30.125 [main] DEBUG org.evosuite.runtime.agent.TransformerForTests - Going to instrument: org.springframework.expression.Operation
05:24:30.125 [main] INFO org.evosuite.runtime.instrumentation.MethodCallReplacementClassAdapter - Adding mock interface to class org/springframework/expression/Operation
05:24:30.125 [main] INFO org.evosuite.runtime.instrumentation.CreateClassResetClassAdapter - Found static initializer in class org/springframework/expression/Operation
05:24:30.125 [main] DEBUG org.evosuite.runtime.agent.TransformerForTests - Going to instrument: org.hibernate.annotations.NotFound
05:24:30.126 [main] DEBUG org.evosuite.runtime.agent.TransformerForTests - Going to instrument: net.bytebuddy.utility.dispatcher.JavaDispatcher$ProxiedInvocationHandler
05:24:30.126 [main] INFO org.evosuite.runtime.instrumentation.MethodCallReplacementClassAdapter - Adding mock interface to class net/bytebuddy/utility/dispatcher/JavaDispatcher$ProxiedInvocationHandler
05:24:30.127 [main] INFO org.evosuite.runtime.instrumentation.CreateClassResetClassAdapter - Found static initializer in class net/bytebuddy/utility/dispatcher/JavaDispatcher$ProxiedInvocationHandler
05:24:30.127 [main] DEBUG org.evosuite.runtime.agent.TransformerForTests - Going to instrument: org.springframework.data.util.MethodInvocationRecorder$Recorded$ToCollectionConverter
05:24:30.128 [main] DEBUG org.evosuite.runtime.agent.TransformerForTests - Going to instrument: org.springframework.data.repository.NoRepositoryBean
05:24:30.128 [main] DEBUG org.evosuite.runtime.agent.TransformerForTests - Going to instrument: org.springframework.beans.factory.config.ConstructorArgumentValues
05:24:30.129 [main] INFO org.evosuite.runtime.instrumentation.MethodCallReplacementClassAdapter - Adding mock interface to class org/springframework/beans/factory/config/ConstructorArgumentValues
05:24:30.129 [main] INFO org.evosuite.runtime.instrumentation.CreateClassResetClassAdapter - Creating brand-new static initializer in class org/springframework/beans/factory/config/ConstructorArgumentValues
05:24:30.130 [main] DEBUG org.evosuite.runtime.agent.TransformerForTests - Going to instrument: org.springframework.context.support.SimpleThreadScope
05:24:30.130 [main] INFO org.evosuite.runtime.instrumentation.MethodCallReplacementClassAdapter - Adding mock interface to class org/springframework/context/support/SimpleThreadScope
05:24:30.130 [main] INFO org.evosuite.runtime.instrumentation.CreateClassResetClassAdapter - Found static initializer in class org/springframework/context/support/SimpleThreadScope
05:24:30.130 [main] DEBUG org.evosuite.runtime.agent.TransformerForTests - Going to instrument: org.springframework.context.support.SimpleThreadScope$1
05:24:30.130 [main] INFO org.evosuite.runtime.instrumentation.MethodCallReplacementClassAdapter - Adding mock interface to class org/springframework/context/support/SimpleThreadScope$1
05:24:30.131 [main] DEBUG org.evosuite.runtime.agent.TransformerForTests - Going to instrument: org.springframework.core.convert.support.MapToMapConverter
05:24:30.131 [main] INFO org.evosuite.runtime.instrumentation.MethodCallReplacementClassAdapter - Adding mock interface to class org/springframework/core/convert/support/MapToMapConverter
05:24:30.132 [main] INFO org.evosuite.runtime.instrumentation.CreateClassResetClassAdapter - Creating brand-new static initializer in class org/springframework/core/convert/support/MapToMapConverter
05:24:30.132 [main] DEBUG org.evosuite.runtime.agent.TransformerForTests - Going to instrument: org.springframework.context.annotation.Description
05:24:30.132 [main] DEBUG org.evosuite.runtime.agent.TransformerForTests - Going to instrument: org.springframework.data.annotation.Reference
05:24:30.133 [main] DEBUG org.evosuite.runtime.agent.TransformerForTests - Going to instrument: org.apache.poi.util.NotImplemented
05:24:30.133 [main] DEBUG org.evosuite.runtime.agent.TransformerForTests - Going to instrument: org.springframework.expression.spel.support.ReflectivePropertyAccessor$InvokerPair
05:24:30.133 [main] INFO org.evosuite.runtime.instrumentation.MethodCallReplacementClassAdapter - Adding mock interface to class org/springframework/expression/spel/support/ReflectivePropertyAccessor$InvokerPair
05:24:30.133 [main] INFO org.evosuite.runtime.instrumentation.CreateClassResetClassAdapter - Creating brand-new static initializer in class org/springframework/expression/spel/support/ReflectivePropertyAccessor$InvokerPair
05:24:30.133 [main] DEBUG org.evosuite.runtime.agent.TransformerForTests - Going to instrument: org.aopalliance.intercept.Invocation
05:24:30.133 [main] DEBUG org.evosuite.runtime.agent.TransformerForTests - Going to instrument: org.springframework.context.annotation.Profile
05:24:30.134 [main] DEBUG org.evosuite.runtime.agent.TransformerForTests - Going to instrument: org.assertj.core.extractor.ResultOfExtractor
05:24:30.134 [main] INFO org.evosuite.runtime.instrumentation.MethodCallReplacementClassAdapter - Adding mock interface to class org/assertj/core/extractor/ResultOfExtractor
05:24:30.134 [main] INFO org.evosuite.runtime.instrumentation.CreateClassResetClassAdapter - Creating brand-new static initializer in class org/assertj/core/extractor/ResultOfExtractor
05:24:30.135 [main] DEBUG org.evosuite.runtime.agent.TransformerForTests - Going to instrument: org.springframework.data.util.ParentTypeAwareTypeInformation
05:24:30.135 [main] INFO org.evosuite.runtime.instrumentation.MethodCallReplacementClassAdapter - Adding mock interface to class org/springframework/data/util/ParentTypeAwareTypeInformation
05:24:30.135 [main] INFO org.evosuite.runtime.instrumentation.CreateClassResetClassAdapter - Creating brand-new static initializer in class org/springframework/data/util/ParentTypeAwareTypeInformation
05:24:30.136 [main] DEBUG org.evosuite.runtime.agent.TransformerForTests - Going to instrument: org.springframework.cglib.core.CodeGenerationException
05:24:30.136 [main] INFO org.evosuite.runtime.instrumentation.MethodCallReplacementClassAdapter - Adding mock interface to class org/springframework/cglib/core/CodeGenerationException
05:24:30.136 [main] INFO org.evosuite.runtime.instrumentation.CreateClassResetClassAdapter - Creating brand-new static initializer in class org/springframework/cglib/core/CodeGenerationException
05:24:30.138 [main] DEBUG org.evosuite.runtime.agent.TransformerForTests - Going to instrument: org.springframework.cglib.core.TypeUtils
05:24:30.138 [main] INFO org.evosuite.runtime.instrumentation.MethodCallReplacementClassAdapter - Adding mock interface to class org/springframework/cglib/core/TypeUtils
05:24:30.140 [main] INFO org.evosuite.runtime.instrumentation.CreateClassResetClassAdapter - Found static initializer in class org/springframework/cglib/core/TypeUtils
05:24:30.142 [main] DEBUG org.evosuite.runtime.agent.TransformerForTests - Going to instrument: org.springframework.cglib.core.CollectionUtils
05:24:30.142 [main] INFO org.evosuite.runtime.instrumentation.MethodCallReplacementClassAdapter - Adding mock interface to class org/springframework/cglib/core/CollectionUtils
05:24:30.143 [main] INFO org.evosuite.runtime.instrumentation.CreateClassResetClassAdapter - Creating brand-new static initializer in class org/springframework/cglib/core/CollectionUtils
05:24:30.144 [main] DEBUG org.evosuite.runtime.agent.TransformerForTests - Going to instrument: org.springframework.cglib.core.Signature
05:24:30.144 [main] INFO org.evosuite.runtime.instrumentation.MethodCallReplacementClassAdapter - Adding mock interface to class org/springframework/cglib/core/Signature
05:24:30.145 [main] INFO org.evosuite.runtime.instrumentation.CreateClassResetClassAdapter - Creating brand-new static initializer in class org/springframework/cglib/core/Signature
05:24:30.145 [main] DEBUG org.evosuite.runtime.agent.TransformerForTests - Going to instrument: org.hibernate.annotations.ForeignKey
05:24:30.145 [main] DEBUG org.evosuite.runtime.agent.TransformerForTests - Going to instrument: org.springframework.data.util.MultiValueMapCollector
05:24:30.146 [main] INFO org.evosuite.runtime.instrumentation.MethodCallReplacementClassAdapter - Adding mock interface to class org/springframework/data/util/MultiValueMapCollector
05:24:30.146 [main] INFO org.evosuite.runtime.instrumentation.CreateClassResetClassAdapter - Creating brand-new static initializer in class org/springframework/data/util/MultiValueMapCollector
05:24:30.147 [main] DEBUG org.evosuite.runtime.agent.TransformerForTests - Going to instrument: io.micrometer.core.lang.NonNullApi
05:24:30.147 [main] DEBUG org.evosuite.runtime.agent.TransformerForTests - Going to instrument: org.springframework.core.convert.support.StringToCharacterConverter
05:24:30.148 [main] INFO org.evosuite.runtime.instrumentation.MethodCallReplacementClassAdapter - Adding mock interface to class org/springframework/core/convert/support/StringToCharacterConverter
05:24:30.148 [main] INFO org.evosuite.runtime.instrumentation.CreateClassResetClassAdapter - Creating brand-new static initializer in class org/springframework/core/convert/support/StringToCharacterConverter
05:24:30.149 [main] DEBUG org.evosuite.runtime.agent.TransformerForTests - Going to instrument: org.springframework.expression.spel.support.DataBindingMethodResolver
05:24:30.149 [main] INFO org.evosuite.runtime.instrumentation.MethodCallReplacementClassAdapter - Adding mock interface to class org/springframework/expression/spel/support/DataBindingMethodResolver
05:24:30.150 [main] INFO org.evosuite.runtime.instrumentation.CreateClassResetClassAdapter - Creating brand-new static initializer in class org/springframework/expression/spel/support/DataBindingMethodResolver
05:24:30.150 [main] DEBUG org.evosuite.runtime.agent.TransformerForTests - Going to instrument: org.hibernate.annotations.FetchProfile
05:24:30.151 [main] DEBUG org.evosuite.runtime.agent.TransformerForTests - Going to instrument: org.springframework.format.annotation.DateTimeFormat
05:24:30.151 [main] DEBUG org.evosuite.runtime.agent.TransformerForTests - Going to instrument: com.fasterxml.jackson.annotation.JacksonAnnotation
05:24:30.151 [main] DEBUG org.evosuite.runtime.agent.TransformerForTests - Going to instrument: org.springframework.core.io.ContextResource
05:24:30.152 [main] DEBUG org.evosuite.runtime.agent.TransformerForTests - Going to instrument: org.springframework.beans.factory.annotation.InitDestroyAnnotationBeanPostProcessor
05:24:30.152 [main] INFO org.evosuite.runtime.instrumentation.MethodCallReplacementClassAdapter - Adding mock interface to class org/springframework/beans/factory/annotation/InitDestroyAnnotationBeanPostProcessor
05:24:30.153 [main] INFO org.evosuite.runtime.instrumentation.CreateClassResetClassAdapter - Creating brand-new static initializer in class org/springframework/beans/factory/annotation/InitDestroyAnnotationBeanPostProcessor
05:24:30.154 [main] DEBUG org.evosuite.runtime.agent.TransformerForTests - Going to instrument: org.springframework.beans.factory.config.DestructionAwareBeanPostProcessor
05:24:30.155 [main] DEBUG org.evosuite.runtime.agent.TransformerForTests - Going to instrument: org.aspectj.lang.annotation.After
05:24:30.155 [main] DEBUG org.evosuite.runtime.agent.TransformerForTests - Going to instrument: org.springframework.lang.UsesJava7
05:24:30.155 [main] DEBUG org.evosuite.runtime.agent.TransformerForTests - Going to instrument: org.springframework.lang.UsesJava8
05:24:30.156 [main] DEBUG org.evosuite.runtime.agent.TransformerForTests - Going to instrument: org.springframework.data.annotation.CreatedBy
05:24:30.156 [main] DEBUG org.evosuite.runtime.agent.TransformerForTests - Going to instrument: com.fasterxml.classmate.types.TypePlaceHolder
05:24:30.156 [main] INFO org.evosuite.runtime.instrumentation.MethodCallReplacementClassAdapter - Adding mock interface to class com/fasterxml/classmate/types/TypePlaceHolder
05:24:30.156 [main] INFO org.evosuite.runtime.instrumentation.CreateClassResetClassAdapter - Creating brand-new static initializer in class com/fasterxml/classmate/types/TypePlaceHolder
05:24:30.157 [main] DEBUG org.evosuite.runtime.agent.TransformerForTests - Going to instrument: org.springframework.expression.spel.ast.Ternary
05:24:30.157 [main] INFO org.evosuite.runtime.instrumentation.MethodCallReplacementClassAdapter - Adding mock interface to class org/springframework/expression/spel/ast/Ternary
05:24:30.157 [main] INFO org.evosuite.runtime.instrumentation.CreateClassResetClassAdapter - Creating brand-new static initializer in class org/springframework/expression/spel/ast/Ternary
05:24:30.158 [main] DEBUG org.evosuite.runtime.agent.TransformerForTests - Going to instrument: org.springframework.data.annotation.TypeAlias
05:24:30.158 [main] DEBUG org.evosuite.runtime.agent.TransformerForTests - Going to instrument: org.springframework.core.convert.support.PropertiesToStringConverter
05:24:30.158 [main] INFO org.evosuite.runtime.instrumentation.MethodCallReplacementClassAdapter - Adding mock interface to class org/springframework/core/convert/support/PropertiesToStringConverter
05:24:30.159 [main] INFO org.evosuite.runtime.instrumentation.CreateClassResetClassAdapter - Creating brand-new static initializer in class org/springframework/core/convert/support/PropertiesToStringConverter
05:24:30.159 [main] DEBUG org.evosuite.runtime.agent.TransformerForTests - Going to instrument: org.springframework.core.convert.support.CollectionToArrayConverter
05:24:30.159 [main] INFO org.evosuite.runtime.instrumentation.MethodCallReplacementClassAdapter - Adding mock interface to class org/springframework/core/convert/support/CollectionToArrayConverter
05:24:30.159 [main] INFO org.evosuite.runtime.instrumentation.CreateClassResetClassAdapter - Creating brand-new static initializer in class org/springframework/core/convert/support/CollectionToArrayConverter
05:24:30.160 [main] DEBUG org.evosuite.runtime.agent.TransformerForTests - Going to instrument: org.springframework.data.mapping.PersistentPropertyPath
05:24:30.161 [main] DEBUG org.evosuite.runtime.agent.TransformerForTests - Going to instrument: org.springframework.expression.spel.ast.MethodReference
05:24:30.162 [main] INFO org.evosuite.runtime.instrumentation.MethodCallReplacementClassAdapter - Adding mock interface to class org/springframework/expression/spel/ast/MethodReference
05:24:30.163 [main] INFO org.evosuite.runtime.instrumentation.CreateClassResetClassAdapter - Creating brand-new static initializer in class org/springframework/expression/spel/ast/MethodReference
05:24:30.164 [main] DEBUG org.evosuite.runtime.agent.TransformerForTests - Going to instrument: org.springframework.expression.ExpressionInvocationTargetException
05:24:30.164 [main] INFO org.evosuite.runtime.instrumentation.MethodCallReplacementClassAdapter - Adding mock interface to class org/springframework/expression/ExpressionInvocationTargetException
05:24:30.164 [main] INFO org.evosuite.runtime.instrumentation.CreateClassResetClassAdapter - Creating brand-new static initializer in class org/springframework/expression/ExpressionInvocationTargetException
05:24:30.165 [main] DEBUG org.evosuite.runtime.agent.TransformerForTests - Going to instrument: org.hibernate.annotations.Index
05:24:30.165 [main] DEBUG org.evosuite.runtime.agent.TransformerForTests - Going to instrument: org.springframework.data.repository.support.DomainClassConverter$ToEntityConverter
05:24:30.165 [main] INFO org.evosuite.runtime.instrumentation.MethodCallReplacementClassAdapter - Adding mock interface to class org/springframework/data/repository/support/DomainClassConverter$ToEntityConverter
05:24:30.166 [main] INFO org.evosuite.runtime.instrumentation.CreateClassResetClassAdapter - Creating brand-new static initializer in class org/springframework/data/repository/support/DomainClassConverter$ToEntityConverter
05:24:30.167 [main] DEBUG org.evosuite.runtime.agent.TransformerForTests - Going to instrument: org.springframework.data.repository.support.RepositoryInvokerFactory
05:24:30.167 [main] DEBUG org.evosuite.runtime.agent.TransformerForTests - Going to instrument: org.springframework.core.convert.support.NumberToCharacterConverter
05:24:30.167 [main] INFO org.evosuite.runtime.instrumentation.MethodCallReplacementClassAdapter - Adding mock interface to class org/springframework/core/convert/support/NumberToCharacterConverter
05:24:30.167 [main] INFO org.evosuite.runtime.instrumentation.CreateClassResetClassAdapter - Creating brand-new static initializer in class org/springframework/core/convert/support/NumberToCharacterConverter
05:24:30.168 [main] DEBUG org.evosuite.runtime.agent.TransformerForTests - Going to instrument: org.springframework.asm.ClassWriter
05:24:30.169 [main] INFO org.evosuite.runtime.instrumentation.MethodCallReplacementClassAdapter - Adding mock interface to class org/springframework/asm/ClassWriter
05:24:30.170 [main] INFO org.evosuite.runtime.instrumentation.CreateClassResetClassAdapter - Creating brand-new static initializer in class org/springframework/asm/ClassWriter
05:24:30.170 [main] INFO org.evosuite.runtime.instrumentation.CreateClassResetClassAdapter - Adding bytecode for initializing field COMPUTE_MAXS
05:24:30.170 [main] INFO org.evosuite.runtime.instrumentation.CreateClassResetClassAdapter - Adding bytecode for initializing field COMPUTE_FRAMES
05:24:30.173 [main] DEBUG org.evosuite.runtime.agent.TransformerForTests - Going to instrument: org.springframework.asm.MethodWriter
05:24:30.175 [main] INFO org.evosuite.runtime.instrumentation.MethodCallReplacementClassAdapter - Adding mock interface to class org/springframework/asm/MethodWriter
05:24:30.179 [main] INFO org.evosuite.runtime.instrumentation.CreateClassResetClassAdapter - Found static initializer in class org/springframework/asm/MethodWriter
05:24:30.180 [main] DEBUG org.evosuite.runtime.agent.TransformerForTests - Going to instrument: org.springframework.asm.ModuleWriter
05:24:30.180 [main] INFO org.evosuite.runtime.instrumentation.MethodCallReplacementClassAdapter - Adding mock interface to class org/springframework/asm/ModuleWriter
05:24:30.181 [main] INFO org.evosuite.runtime.instrumentation.CreateClassResetClassAdapter - Creating brand-new static initializer in class org/springframework/asm/ModuleWriter
05:24:30.182 [main] DEBUG org.evosuite.runtime.agent.TransformerForTests - Going to instrument: org.springframework.context.annotation.EnableAspectJAutoProxy
05:24:30.182 [main] DEBUG org.evosuite.runtime.agent.TransformerForTests - Going to instrument: org.springframework.boot.autoconfigure.AutoConfigurationExcludeFilter
05:24:30.183 [main] INFO org.evosuite.runtime.instrumentation.MethodCallReplacementClassAdapter - Adding mock interface to class org/springframework/boot/autoconfigure/AutoConfigurationExcludeFilter
05:24:30.183 [main] INFO org.evosuite.runtime.instrumentation.CreateClassResetClassAdapter - Creating brand-new static initializer in class org/springframework/boot/autoconfigure/AutoConfigurationExcludeFilter
05:24:30.184 [main] DEBUG org.evosuite.runtime.agent.TransformerForTests - Going to instrument: org.springframework.core.env.AbstractPropertyResolver
05:24:30.184 [main] INFO org.evosuite.runtime.instrumentation.MethodCallReplacementClassAdapter - Adding mock interface to class org/springframework/core/env/AbstractPropertyResolver
05:24:30.186 [main] INFO org.evosuite.runtime.instrumentation.CreateClassResetClassAdapter - Creating brand-new static initializer in class org/springframework/core/env/AbstractPropertyResolver
05:24:30.187 [main] DEBUG org.evosuite.runtime.agent.TransformerForTests - Going to instrument: org.springframework.expression.spel.ast.BeanReference
05:24:30.187 [main] INFO org.evosuite.runtime.instrumentation.MethodCallReplacementClassAdapter - Adding mock interface to class org/springframework/expression/spel/ast/BeanReference
05:24:30.187 [main] INFO org.evosuite.runtime.instrumentation.CreateClassResetClassAdapter - Creating brand-new static initializer in class org/springframework/expression/spel/ast/BeanReference
05:24:30.187 [main] INFO org.evosuite.runtime.instrumentation.CreateClassResetClassAdapter - Adding bytecode for initializing field FACTORY_BEAN_PREFIX
05:24:30.187 [main] DEBUG org.evosuite.runtime.agent.TransformerForTests - Going to instrument: org.springframework.expression.spel.CodeFlow$ClinitAdder
05:24:30.188 [main] DEBUG org.evosuite.runtime.agent.TransformerForTests - Going to instrument: net.bytebuddy.asm.Advice$AssignReturned$ToFields$Handler
05:24:30.188 [main] INFO org.evosuite.runtime.instrumentation.MethodCallReplacementClassAdapter - Adding mock interface to class net/bytebuddy/asm/Advice$AssignReturned$ToFields$Handler
05:24:30.190 [main] INFO org.evosuite.runtime.instrumentation.CreateClassResetClassAdapter - Creating brand-new static initializer in class net/bytebuddy/asm/Advice$AssignReturned$ToFields$Handler
05:24:30.191 [main] DEBUG org.evosuite.runtime.agent.TransformerForTests - Going to instrument: net.bytebuddy.dynamic.scaffold.FieldLocator$ForClassHierarchy
05:24:30.191 [main] INFO org.evosuite.runtime.instrumentation.MethodCallReplacementClassAdapter - Adding mock interface to class net/bytebuddy/dynamic/scaffold/FieldLocator$ForClassHierarchy
05:24:30.191 [main] INFO org.evosuite.runtime.instrumentation.CreateClassResetClassAdapter - Creating brand-new static initializer in class net/bytebuddy/dynamic/scaffold/FieldLocator$ForClassHierarchy
05:24:30.191 [main] DEBUG org.evosuite.runtime.agent.TransformerForTests - Going to instrument: net.bytebuddy.dynamic.scaffold.FieldLocator$AbstractBase
05:24:30.191 [main] INFO org.evosuite.runtime.instrumentation.MethodCallReplacementClassAdapter - Adding mock interface to class net/bytebuddy/dynamic/scaffold/FieldLocator$AbstractBase
05:24:30.192 [main] INFO org.evosuite.runtime.instrumentation.CreateClassResetClassAdapter - Creating brand-new static initializer in class net/bytebuddy/dynamic/scaffold/FieldLocator$AbstractBase
05:24:30.192 [main] DEBUG org.evosuite.runtime.agent.TransformerForTests - Going to instrument: net.bytebuddy.dynamic.scaffold.FieldLocator
05:24:30.193 [main] DEBUG org.evosuite.runtime.agent.TransformerForTests - Going to instrument: net.bytebuddy.dynamic.scaffold.FieldLocator$ForExactType
05:24:30.193 [main] INFO org.evosuite.runtime.instrumentation.MethodCallReplacementClassAdapter - Adding mock interface to class net/bytebuddy/dynamic/scaffold/FieldLocator$ForExactType
05:24:30.193 [main] INFO org.evosuite.runtime.instrumentation.CreateClassResetClassAdapter - Creating brand-new static initializer in class net/bytebuddy/dynamic/scaffold/FieldLocator$ForExactType
05:24:30.193 [main] DEBUG org.evosuite.runtime.agent.TransformerForTests - Going to instrument: net.bytebuddy.implementation.bytecode.StackManipulation$Trivial
05:24:30.193 [main] INFO org.evosuite.runtime.instrumentation.MethodCallReplacementClassAdapter - Adding mock interface to class net/bytebuddy/implementation/bytecode/StackManipulation$Trivial
05:24:30.193 [main] INFO org.evosuite.runtime.instrumentation.CreateClassResetClassAdapter - Found static initializer in class net/bytebuddy/implementation/bytecode/StackManipulation$Trivial
05:24:30.193 [main] DEBUG org.evosuite.runtime.agent.TransformerForTests - Going to instrument: net.bytebuddy.implementation.bytecode.StackManipulation
05:24:30.194 [main] DEBUG org.evosuite.runtime.agent.TransformerForTests - Going to instrument: org.springframework.beans.factory.BeanNameAware
05:24:30.194 [main] DEBUG org.evosuite.runtime.agent.TransformerForTests - Going to instrument: org.springframework.context.annotation.FilterType
05:24:30.194 [main] INFO org.evosuite.runtime.instrumentation.MethodCallReplacementClassAdapter - Adding mock interface to class org/springframework/context/annotation/FilterType
05:24:30.194 [main] INFO org.evosuite.runtime.instrumentation.CreateClassResetClassAdapter - Found static initializer in class org/springframework/context/annotation/FilterType
05:24:30.195 [main] DEBUG org.evosuite.runtime.agent.TransformerForTests - Going to instrument: org.springframework.data.annotation.Persistent
05:24:30.195 [main] DEBUG org.evosuite.runtime.agent.TransformerForTests - Going to instrument: org.hibernate.annotations.LazyGroup
05:24:30.195 [main] DEBUG org.evosuite.runtime.agent.TransformerForTests - Going to instrument: org.springframework.expression.spel.ast.OperatorPower
05:24:30.195 [main] INFO org.evosuite.runtime.instrumentation.MethodCallReplacementClassAdapter - Adding mock interface to class org/springframework/expression/spel/ast/OperatorPower
05:24:30.196 [main] INFO org.evosuite.runtime.instrumentation.CreateClassResetClassAdapter - Creating brand-new static initializer in class org/springframework/expression/spel/ast/OperatorPower
05:24:30.196 [main] DEBUG org.evosuite.runtime.agent.TransformerForTests - Going to instrument: org.springframework.expression.spel.ast.OperatorNot
05:24:30.196 [main] INFO org.evosuite.runtime.instrumentation.MethodCallReplacementClassAdapter - Adding mock interface to class org/springframework/expression/spel/ast/OperatorNot
05:24:30.197 [main] INFO org.evosuite.runtime.instrumentation.CreateClassResetClassAdapter - Creating brand-new static initializer in class org/springframework/expression/spel/ast/OperatorNot
05:24:30.197 [main] DEBUG org.evosuite.runtime.agent.TransformerForTests - Going to instrument: org.springframework.boot.autoconfigure.flyway.FlywayAutoConfiguration
05:24:30.197 [main] INFO org.evosuite.runtime.instrumentation.MethodCallReplacementClassAdapter - Adding mock interface to class org/springframework/boot/autoconfigure/flyway/FlywayAutoConfiguration
05:24:30.197 [main] INFO org.evosuite.runtime.instrumentation.CreateClassResetClassAdapter - Creating brand-new static initializer in class org/springframework/boot/autoconfigure/flyway/FlywayAutoConfiguration
05:24:30.198 [main] DEBUG org.evosuite.runtime.agent.TransformerForTests - Going to instrument: org.springframework.core.env.StandardEnvironment
05:24:30.198 [main] INFO org.evosuite.runtime.instrumentation.MethodCallReplacementClassAdapter - Adding mock interface to class org/springframework/core/env/StandardEnvironment
05:24:30.198 [main] INFO org.evosuite.runtime.instrumentation.CreateClassResetClassAdapter - Creating brand-new static initializer in class org/springframework/core/env/StandardEnvironment
05:24:30.198 [main] INFO org.evosuite.runtime.instrumentation.CreateClassResetClassAdapter - Adding bytecode for initializing field SYSTEM_ENVIRONMENT_PROPERTY_SOURCE_NAME
05:24:30.198 [main] INFO org.evosuite.runtime.instrumentation.CreateClassResetClassAdapter - Adding bytecode for initializing field SYSTEM_PROPERTIES_PROPERTY_SOURCE_NAME
05:24:30.198 [main] DEBUG org.evosuite.runtime.agent.TransformerForTests - Going to instrument: org.springframework.core.env.AbstractEnvironment
05:24:30.199 [main] INFO org.evosuite.runtime.instrumentation.MethodCallReplacementClassAdapter - Adding mock interface to class org/springframework/core/env/AbstractEnvironment
05:24:30.200 [main] INFO org.evosuite.runtime.instrumentation.CreateClassResetClassAdapter - Creating brand-new static initializer in class org/springframework/core/env/AbstractEnvironment
05:24:30.200 [main] INFO org.evosuite.runtime.instrumentation.CreateClassResetClassAdapter - Adding bytecode for initializing field IGNORE_GETENV_PROPERTY_NAME
05:24:30.200 [main] INFO org.evosuite.runtime.instrumentation.CreateClassResetClassAdapter - Adding bytecode for initializing field ACTIVE_PROFILES_PROPERTY_NAME
05:24:30.200 [main] INFO org.evosuite.runtime.instrumentation.CreateClassResetClassAdapter - Adding bytecode for initializing field DEFAULT_PROFILES_PROPERTY_NAME
05:24:30.200 [main] INFO org.evosuite.runtime.instrumentation.CreateClassResetClassAdapter - Adding bytecode for initializing field RESERVED_DEFAULT_PROFILE_NAME
05:24:30.201 [main] DEBUG org.evosuite.runtime.agent.TransformerForTests - Going to instrument: org.springframework.core.env.PropertiesPropertySource
05:24:30.201 [main] INFO org.evosuite.runtime.instrumentation.MethodCallReplacementClassAdapter - Adding mock interface to class org/springframework/core/env/PropertiesPropertySource
05:24:30.201 [main] INFO org.evosuite.runtime.instrumentation.CreateClassResetClassAdapter - Creating brand-new static initializer in class org/springframework/core/env/PropertiesPropertySource
05:24:30.202 [main] DEBUG org.evosuite.runtime.agent.TransformerForTests - Going to instrument: org.springframework.core.env.SystemEnvironmentPropertySource
05:24:30.202 [main] INFO org.evosuite.runtime.instrumentation.MethodCallReplacementClassAdapter - Adding mock interface to class org/springframework/core/env/SystemEnvironmentPropertySource
05:24:30.202 [main] INFO org.evosuite.runtime.instrumentation.CreateClassResetClassAdapter - Creating brand-new static initializer in class org/springframework/core/env/SystemEnvironmentPropertySource
05:24:30.202 [main] DEBUG org.evosuite.runtime.agent.TransformerForTests - Going to instrument: org.springframework.beans.factory.wiring.ClassNameBeanWiringInfoResolver
05:24:30.202 [main] INFO org.evosuite.runtime.instrumentation.MethodCallReplacementClassAdapter - Adding mock interface to class org/springframework/beans/factory/wiring/ClassNameBeanWiringInfoResolver
05:24:30.203 [main] INFO org.evosuite.runtime.instrumentation.CreateClassResetClassAdapter - Creating brand-new static initializer in class org/springframework/beans/factory/wiring/ClassNameBeanWiringInfoResolver
05:24:30.203 [main] DEBUG org.evosuite.runtime.agent.TransformerForTests - Going to instrument: org.aspectj.lang.annotation.Before
05:24:30.203 [main] DEBUG org.evosuite.runtime.agent.TransformerForTests - Going to instrument: org.mockito.DoNotMock
05:24:30.203 [main] DEBUG org.evosuite.runtime.agent.TransformerForTests - Going to instrument: org.springframework.data.util.MethodInvocationRecorder
05:24:30.204 [main] INFO org.evosuite.runtime.instrumentation.MethodCallReplacementClassAdapter - Adding mock interface to class org/springframework/data/util/MethodInvocationRecorder
05:24:30.204 [main] INFO org.evosuite.runtime.instrumentation.CreateClassResetClassAdapter - Found static initializer in class org/springframework/data/util/MethodInvocationRecorder
05:24:30.204 [main] DEBUG org.evosuite.runtime.agent.TransformerForTests - Going to instrument: org.springframework.data.util.MethodInvocationRecorder$PropertyNameDetectionStrategy
05:24:30.205 [main] DEBUG org.evosuite.runtime.agent.TransformerForTests - Going to instrument: org.springframework.data.util.MethodInvocationRecorder$DefaultPropertyNameDetectionStrategy
05:24:30.205 [main] INFO org.evosuite.runtime.instrumentation.MethodCallReplacementClassAdapter - Adding mock interface to class org/springframework/data/util/MethodInvocationRecorder$DefaultPropertyNameDetectionStrategy
05:24:30.205 [main] INFO org.evosuite.runtime.instrumentation.CreateClassResetClassAdapter - Found static initializer in class org/springframework/data/util/MethodInvocationRecorder$DefaultPropertyNameDetectionStrategy
05:24:30.206 [main] DEBUG org.evosuite.runtime.agent.TransformerForTests - Going to instrument: com.fasterxml.jackson.annotation.JsonCreator
05:24:30.206 [main] DEBUG org.evosuite.runtime.agent.TransformerForTests - Going to instrument: org.apache.commons.io.filefilter.CanWriteFileFilter
05:24:30.206 [main] INFO org.evosuite.runtime.instrumentation.MethodCallReplacementClassAdapter - Adding mock interface to class org/apache/commons/io/filefilter/CanWriteFileFilter
05:24:30.207 [main] INFO org.evosuite.runtime.instrumentation.CreateClassResetClassAdapter - Found static initializer in class org/apache/commons/io/filefilter/CanWriteFileFilter
05:24:30.208 [main] DEBUG org.evosuite.runtime.agent.TransformerForTests - Going to instrument: org.springframework.data.util.CustomCollections$VavrCollections$VavrToJavaCollectionConverter
05:24:30.208 [main] INFO org.evosuite.runtime.instrumentation.MethodCallReplacementClassAdapter - Adding mock interface to class org/springframework/data/util/CustomCollections$VavrCollections$VavrToJavaCollectionConverter
05:24:30.209 [main] INFO org.evosuite.runtime.instrumentation.CreateClassResetClassAdapter - Found static initializer in class org/springframework/data/util/CustomCollections$VavrCollections$VavrToJavaCollectionConverter
05:24:30.210 [main] ERROR org.evosuite.runtime.classhandling.ClassStateSupport - Could not initialize org.springframework.data.util.CustomCollections$VavrCollections$VavrToJavaCollectionConverter: io/vavr/collection/Traversable
05:24:30.210 [main] DEBUG org.evosuite.runtime.agent.TransformerForTests - Going to instrument: org.springframework.data.util.TypeVariableTypeInformation
05:24:30.210 [main] INFO org.evosuite.runtime.instrumentation.MethodCallReplacementClassAdapter - Adding mock interface to class org/springframework/data/util/TypeVariableTypeInformation
05:24:30.210 [main] INFO org.evosuite.runtime.instrumentation.CreateClassResetClassAdapter - Creating brand-new static initializer in class org/springframework/data/util/TypeVariableTypeInformation
05:24:30.211 [main] DEBUG org.evosuite.runtime.agent.TransformerForTests - Going to instrument: org.springframework.data.mapping.PropertyReferenceException
05:24:30.211 [main] INFO org.evosuite.runtime.instrumentation.MethodCallReplacementClassAdapter - Adding mock interface to class org/springframework/data/mapping/PropertyReferenceException
05:24:30.211 [main] INFO org.evosuite.runtime.instrumentation.CreateClassResetClassAdapter - Creating brand-new static initializer in class org/springframework/data/mapping/PropertyReferenceException
05:24:30.211 [main] INFO org.evosuite.runtime.instrumentation.CreateClassResetClassAdapter - Adding bytecode for initializing field ERROR_TEMPLATE
05:24:30.211 [main] INFO org.evosuite.runtime.instrumentation.CreateClassResetClassAdapter - Adding bytecode for initializing field HINTS_TEMPLATE
05:24:30.212 [main] DEBUG org.evosuite.runtime.agent.TransformerForTests - Going to instrument: org.springframework.core.io.FileSystemResourceLoader$FileSystemContextResource
05:24:30.212 [main] INFO org.evosuite.runtime.instrumentation.MethodCallReplacementClassAdapter - Adding mock interface to class org/springframework/core/io/FileSystemResourceLoader$FileSystemContextResource
05:24:30.212 [main] INFO org.evosuite.runtime.instrumentation.CreateClassResetClassAdapter - Creating brand-new static initializer in class org/springframework/core/io/FileSystemResourceLoader$FileSystemContextResource
05:24:30.213 [main] DEBUG org.evosuite.runtime.agent.TransformerForTests - Going to instrument: org.springframework.core.io.FileSystemResource
05:24:30.213 [main] INFO org.evosuite.runtime.instrumentation.MethodCallReplacementClassAdapter - Adding mock interface to class org/springframework/core/io/FileSystemResource
05:24:30.214 [main] INFO org.evosuite.runtime.instrumentation.CreateClassResetClassAdapter - Creating brand-new static initializer in class org/springframework/core/io/FileSystemResource
05:24:30.215 [main] DEBUG org.evosuite.runtime.agent.TransformerForTests - Going to instrument: org.springframework.cache.annotation.Cacheable
05:24:30.215 [main] DEBUG org.evosuite.runtime.agent.TransformerForTests - Going to instrument: net.bytebuddy.build.HashCodeAndEqualsPlugin$Enhance$InvokeSuper$3
05:24:30.215 [main] INFO org.evosuite.runtime.instrumentation.MethodCallReplacementClassAdapter - Adding mock interface to class net/bytebuddy/build/HashCodeAndEqualsPlugin$Enhance$InvokeSuper$3
05:24:30.216 [main] DEBUG org.evosuite.runtime.agent.TransformerForTests - Going to instrument: net.bytebuddy.build.HashCodeAndEqualsPlugin$Enhance$InvokeSuper
05:24:30.216 [main] INFO org.evosuite.runtime.instrumentation.MethodCallReplacementClassAdapter - Adding mock interface to class net/bytebuddy/build/HashCodeAndEqualsPlugin$Enhance$InvokeSuper
05:24:30.216 [main] INFO org.evosuite.runtime.instrumentation.CreateClassResetClassAdapter - Found static initializer in class net/bytebuddy/build/HashCodeAndEqualsPlugin$Enhance$InvokeSuper
05:24:30.216 [main] DEBUG org.evosuite.runtime.agent.TransformerForTests - Going to instrument: net.bytebuddy.build.HashCodeAndEqualsPlugin$Enhance$InvokeSuper$1
05:24:30.216 [main] INFO org.evosuite.runtime.instrumentation.MethodCallReplacementClassAdapter - Adding mock interface to class net/bytebuddy/build/HashCodeAndEqualsPlugin$Enhance$InvokeSuper$1
05:24:30.217 [main] DEBUG org.evosuite.runtime.agent.TransformerForTests - Going to instrument: net.bytebuddy.build.HashCodeAndEqualsPlugin$Enhance$InvokeSuper$2
05:24:30.217 [main] INFO org.evosuite.runtime.instrumentation.MethodCallReplacementClassAdapter - Adding mock interface to class net/bytebuddy/build/HashCodeAndEqualsPlugin$Enhance$InvokeSuper$2
05:24:30.217 [main] DEBUG org.evosuite.runtime.agent.TransformerForTests - Going to instrument: net.bytebuddy.build.HashCodeAndEqualsPlugin$Enhance$InvokeSuper$4
05:24:30.217 [main] INFO org.evosuite.runtime.instrumentation.MethodCallReplacementClassAdapter - Adding mock interface to class net/bytebuddy/build/HashCodeAndEqualsPlugin$Enhance$InvokeSuper$4
05:24:30.218 [main] DEBUG org.evosuite.runtime.agent.TransformerForTests - Going to instrument: org.springframework.data.annotation.Version
05:24:30.218 [main] DEBUG org.evosuite.runtime.agent.TransformerForTests - Going to instrument: org.springframework.core.io.ByteArrayResource
05:24:30.218 [main] INFO org.evosuite.runtime.instrumentation.MethodCallReplacementClassAdapter - Adding mock interface to class org/springframework/core/io/ByteArrayResource
05:24:30.219 [main] INFO org.evosuite.runtime.instrumentation.CreateClassResetClassAdapter - Creating brand-new static initializer in class org/springframework/core/io/ByteArrayResource
05:24:30.219 [main] DEBUG org.evosuite.runtime.agent.TransformerForTests - Going to instrument: net.bytebuddy.utility.nullability.NeverNull
05:24:30.219 [main] DEBUG org.evosuite.runtime.agent.TransformerForTests - Going to instrument: org.springframework.core.serializer.support.SerializationFailedException
05:24:30.219 [main] INFO org.evosuite.runtime.instrumentation.MethodCallReplacementClassAdapter - Adding mock interface to class org/springframework/core/serializer/support/SerializationFailedException
05:24:30.219 [main] INFO org.evosuite.runtime.instrumentation.CreateClassResetClassAdapter - Creating brand-new static initializer in class org/springframework/core/serializer/support/SerializationFailedException
05:24:30.220 [main] DEBUG org.evosuite.runtime.agent.TransformerForTests - Going to instrument: org.apache.commons.io.file.CopyDirectoryVisitor
05:24:30.220 [main] INFO org.evosuite.runtime.instrumentation.MethodCallReplacementClassAdapter - Adding mock interface to class org/apache/commons/io/file/CopyDirectoryVisitor
05:24:30.220 [main] INFO org.evosuite.runtime.instrumentation.CreateClassResetClassAdapter - Creating brand-new static initializer in class org/apache/commons/io/file/CopyDirectoryVisitor
05:24:30.221 [main] DEBUG org.evosuite.runtime.agent.TransformerForTests - Going to instrument: org.springframework.boot.autoconfigure.AutoConfigurationImportSelector
05:24:30.222 [main] INFO org.evosuite.runtime.instrumentation.MethodCallReplacementClassAdapter - Adding mock interface to class org/springframework/boot/autoconfigure/AutoConfigurationImportSelector
05:24:30.223 [main] INFO org.evosuite.runtime.instrumentation.CreateClassResetClassAdapter - Found static initializer in class org/springframework/boot/autoconfigure/AutoConfigurationImportSelector
05:24:30.224 [main] DEBUG org.evosuite.runtime.agent.TransformerForTests - Going to instrument: org.springframework.context.ResourceLoaderAware
05:24:30.224 [main] DEBUG org.evosuite.runtime.agent.TransformerForTests - Going to instrument: org.springframework.boot.autoconfigure.AutoConfigurationImportSelector$AutoConfigurationEntry
05:24:30.224 [main] INFO org.evosuite.runtime.instrumentation.MethodCallReplacementClassAdapter - Adding mock interface to class org/springframework/boot/autoconfigure/AutoConfigurationImportSelector$AutoConfigurationEntry
05:24:30.224 [main] INFO org.evosuite.runtime.instrumentation.CreateClassResetClassAdapter - Creating brand-new static initializer in class org/springframework/boot/autoconfigure/AutoConfigurationImportSelector$AutoConfigurationEntry
05:24:30.225 [main] DEBUG org.evosuite.runtime.agent.TransformerForTests - Going to instrument: io.micrometer.core.lang.Nullable
05:24:30.226 [main] DEBUG org.evosuite.runtime.agent.TransformerForTests - Going to instrument: org.springframework.data.domain.PageRequest
05:24:30.226 [main] INFO org.evosuite.runtime.instrumentation.MethodCallReplacementClassAdapter - Adding mock interface to class org/springframework/data/domain/PageRequest
05:24:30.226 [main] INFO org.evosuite.runtime.instrumentation.CreateClassResetClassAdapter - Creating brand-new static initializer in class org/springframework/data/domain/PageRequest
05:24:30.227 [main] DEBUG org.evosuite.runtime.agent.TransformerForTests - Going to instrument: org.springframework.data.domain.AbstractPageRequest
05:24:30.227 [main] INFO org.evosuite.runtime.instrumentation.MethodCallReplacementClassAdapter - Adding mock interface to class org/springframework/data/domain/AbstractPageRequest
05:24:30.228 [main] INFO org.evosuite.runtime.instrumentation.CreateClassResetClassAdapter - Creating brand-new static initializer in class org/springframework/data/domain/AbstractPageRequest
05:24:30.229 [main] DEBUG org.evosuite.runtime.agent.TransformerForTests - Going to instrument: org.springframework.beans.CachedIntrospectionResults
05:24:30.229 [main] INFO org.evosuite.runtime.instrumentation.MethodCallReplacementClassAdapter - Adding mock interface to class org/springframework/beans/CachedIntrospectionResults
05:24:30.230 [main] INFO org.evosuite.runtime.instrumentation.CreateClassResetClassAdapter - Found static initializer in class org/springframework/beans/CachedIntrospectionResults
05:24:30.231 [main] DEBUG org.evosuite.runtime.agent.TransformerForTests - Going to instrument: org.springframework.beans.GenericTypeAwarePropertyDescriptor
05:24:30.231 [main] INFO org.evosuite.runtime.instrumentation.MethodCallReplacementClassAdapter - Adding mock interface to class org/springframework/beans/GenericTypeAwarePropertyDescriptor
05:24:30.232 [main] INFO org.evosuite.runtime.instrumentation.CreateClassResetClassAdapter - Creating brand-new static initializer in class org/springframework/beans/GenericTypeAwarePropertyDescriptor
05:24:30.233 [main] DEBUG org.evosuite.runtime.agent.TransformerForTests - Going to instrument: org.springframework.beans.BeanInfoFactory
05:24:30.233 [main] DEBUG org.evosuite.runtime.agent.TransformerForTests - Going to instrument: org.springframework.beans.ExtendedBeanInfoFactory
05:24:30.233 [main] INFO org.evosuite.runtime.instrumentation.MethodCallReplacementClassAdapter - Adding mock interface to class org/springframework/beans/ExtendedBeanInfoFactory
05:24:30.234 [main] INFO org.evosuite.runtime.instrumentation.CreateClassResetClassAdapter - Creating brand-new static initializer in class org/springframework/beans/ExtendedBeanInfoFactory
05:24:30.234 [main] DEBUG org.evosuite.runtime.agent.TransformerForTests - Going to instrument: org.aspectj.lang.Signature
05:24:30.234 [main] DEBUG org.evosuite.runtime.agent.TransformerForTests - Going to instrument: org.springframework.test.context.TestPropertySource
05:24:30.235 [main] DEBUG org.evosuite.runtime.agent.TransformerForTests - Going to instrument: org.springframework.expression.spel.ast.OpInc
05:24:30.235 [main] INFO org.evosuite.runtime.instrumentation.MethodCallReplacementClassAdapter - Adding mock interface to class org/springframework/expression/spel/ast/OpInc
05:24:30.236 [main] INFO org.evosuite.runtime.instrumentation.CreateClassResetClassAdapter - Creating brand-new static initializer in class org/springframework/expression/spel/ast/OpInc
05:24:30.236 [main] DEBUG org.evosuite.runtime.agent.TransformerForTests - Going to instrument: net.bytebuddy.build.HashCodeAndEqualsPlugin$ValueHandling
05:24:30.236 [main] DEBUG org.evosuite.runtime.agent.TransformerForTests - Going to instrument: org.hibernate.annotations.JoinColumnsOrFormulas
05:24:30.237 [main] DEBUG org.evosuite.runtime.agent.TransformerForTests - Going to instrument: org.springframework.core.convert.support.ObjectToArrayConverter
05:24:30.237 [main] INFO org.evosuite.runtime.instrumentation.MethodCallReplacementClassAdapter - Adding mock interface to class org/springframework/core/convert/support/ObjectToArrayConverter
05:24:30.237 [main] INFO org.evosuite.runtime.instrumentation.CreateClassResetClassAdapter - Creating brand-new static initializer in class org/springframework/core/convert/support/ObjectToArrayConverter
05:24:30.238 [main] DEBUG org.evosuite.runtime.agent.TransformerForTests - Going to instrument: org.springframework.expression.spel.ExpressionState
05:24:30.238 [main] INFO org.evosuite.runtime.instrumentation.MethodCallReplacementClassAdapter - Adding mock interface to class org/springframework/expression/spel/ExpressionState
05:24:30.239 [main] INFO org.evosuite.runtime.instrumentation.CreateClassResetClassAdapter - Creating brand-new static initializer in class org/springframework/expression/spel/ExpressionState
05:24:30.240 [main] DEBUG org.evosuite.runtime.agent.TransformerForTests - Going to instrument: org.springframework.aop.ProxyMethodInvocation
05:24:30.241 [main] DEBUG org.evosuite.runtime.agent.TransformerForTests - Going to instrument: org.aopalliance.intercept.MethodInvocation
05:24:30.241 [main] DEBUG org.evosuite.runtime.agent.TransformerForTests - Going to instrument: org.springframework.expression.spel.support.StandardTypeComparator
05:24:30.241 [main] INFO org.evosuite.runtime.instrumentation.MethodCallReplacementClassAdapter - Adding mock interface to class org/springframework/expression/spel/support/StandardTypeComparator
05:24:30.242 [main] INFO org.evosuite.runtime.instrumentation.CreateClassResetClassAdapter - Creating brand-new static initializer in class org/springframework/expression/spel/support/StandardTypeComparator
05:24:30.242 [main] DEBUG org.evosuite.runtime.agent.TransformerForTests - Going to instrument: org.springframework.expression.TypeComparator
05:24:30.243 [main] DEBUG org.evosuite.runtime.agent.TransformerForTests - Going to instrument: net.bytebuddy.build.Plugin$NoOp
05:24:30.243 [main] INFO org.evosuite.runtime.instrumentation.MethodCallReplacementClassAdapter - Adding mock interface to class net/bytebuddy/build/Plugin$NoOp
05:24:30.244 [main] INFO org.evosuite.runtime.instrumentation.CreateClassResetClassAdapter - Creating brand-new static initializer in class net/bytebuddy/build/Plugin$NoOp
05:24:30.244 [main] DEBUG org.evosuite.runtime.agent.TransformerForTests - Going to instrument: org.mockito.junit.jupiter.MockitoSettings
05:24:30.244 [main] DEBUG org.evosuite.runtime.agent.TransformerForTests - Going to instrument: org.hibernate.annotations.CreationTimestamp
05:24:30.245 [main] DEBUG org.evosuite.runtime.agent.TransformerForTests - Going to instrument: org.mockito.Mock
05:24:30.245 [main] DEBUG org.evosuite.runtime.agent.TransformerForTests - Going to instrument: io.micrometer.core.annotation.Timed
05:24:30.245 [main] DEBUG org.evosuite.runtime.agent.TransformerForTests - Going to instrument: org.springframework.data.util.TypeDiscoverer$SyntheticParamterizedType
05:24:30.246 [main] INFO org.evosuite.runtime.instrumentation.MethodCallReplacementClassAdapter - Adding mock interface to class org/springframework/data/util/TypeDiscoverer$SyntheticParamterizedType
05:24:30.246 [main] INFO org.evosuite.runtime.instrumentation.CreateClassResetClassAdapter - Creating brand-new static initializer in class org/springframework/data/util/TypeDiscoverer$SyntheticParamterizedType
05:24:30.246 [main] DEBUG org.evosuite.runtime.agent.TransformerForTests - Going to instrument: org.springframework.core.convert.support.CollectionToCollectionConverter
05:24:30.246 [main] INFO org.evosuite.runtime.instrumentation.MethodCallReplacementClassAdapter - Adding mock interface to class org/springframework/core/convert/support/CollectionToCollectionConverter
05:24:30.247 [main] INFO org.evosuite.runtime.instrumentation.CreateClassResetClassAdapter - Creating brand-new static initializer in class org/springframework/core/convert/support/CollectionToCollectionConverter
05:24:30.247 [main] DEBUG org.evosuite.runtime.agent.TransformerForTests - Going to instrument: org.springframework.context.annotation.PropertySource
05:24:30.248 [main] DEBUG org.evosuite.runtime.agent.TransformerForTests - Going to instrument: org.springframework.expression.spel.ast.InlineList
05:24:30.248 [main] INFO org.evosuite.runtime.instrumentation.MethodCallReplacementClassAdapter - Adding mock interface to class org/springframework/expression/spel/ast/InlineList
05:24:30.248 [main] INFO org.evosuite.runtime.instrumentation.CreateClassResetClassAdapter - Creating brand-new static initializer in class org/springframework/expression/spel/ast/InlineList
05:24:30.249 [main] DEBUG org.evosuite.runtime.agent.TransformerForTests - Going to instrument: org.springframework.expression.spel.support.StandardOperatorOverloader
05:24:30.249 [main] INFO org.evosuite.runtime.instrumentation.MethodCallReplacementClassAdapter - Adding mock interface to class org/springframework/expression/spel/support/StandardOperatorOverloader
05:24:30.249 [main] INFO org.evosuite.runtime.instrumentation.CreateClassResetClassAdapter - Creating brand-new static initializer in class org/springframework/expression/spel/support/StandardOperatorOverloader
05:24:30.249 [main] DEBUG org.evosuite.runtime.agent.TransformerForTests - Going to instrument: org.springframework.expression.OperatorOverloader
05:24:30.250 [main] DEBUG org.evosuite.runtime.agent.TransformerForTests - Going to instrument: org.springframework.core.convert.support.StringToLocaleConverter
05:24:30.250 [main] INFO org.evosuite.runtime.instrumentation.MethodCallReplacementClassAdapter - Adding mock interface to class org/springframework/core/convert/support/StringToLocaleConverter
05:24:30.250 [main] INFO org.evosuite.runtime.instrumentation.CreateClassResetClassAdapter - Creating brand-new static initializer in class org/springframework/core/convert/support/StringToLocaleConverter
05:24:30.250 [main] DEBUG org.evosuite.runtime.agent.TransformerForTests - Going to instrument: org.springframework.data.geo.CustomMetric
05:24:30.250 [main] INFO org.evosuite.runtime.instrumentation.MethodCallReplacementClassAdapter - Adding mock interface to class org/springframework/data/geo/CustomMetric
05:24:30.250 [main] INFO org.evosuite.runtime.instrumentation.CreateClassResetClassAdapter - Creating brand-new static initializer in class org/springframework/data/geo/CustomMetric
05:24:30.250 [main] DEBUG org.evosuite.runtime.agent.TransformerForTests - Going to instrument: com.fasterxml.jackson.annotation.JsonClassDescription
05:24:30.251 [main] DEBUG org.evosuite.runtime.agent.TransformerForTests - Going to instrument: org.springframework.data.web.SortDefault$SortDefaults
05:24:30.251 [main] DEBUG org.evosuite.runtime.agent.TransformerForTests - Going to instrument: org.springframework.scheduling.annotation.EnableScheduling
05:24:30.251 [main] DEBUG org.evosuite.runtime.agent.TransformerForTests - Going to instrument: org.apache.commons.io.file.DeleteOption
05:24:30.252 [main] DEBUG org.evosuite.runtime.agent.TransformerForTests - Going to instrument: org.mockito.InjectMocks
05:24:30.252 [main] DEBUG org.evosuite.runtime.agent.TransformerForTests - Going to instrument: net.bytebuddy.utility.nullability.AlwaysNull
05:24:30.252 [main] DEBUG org.evosuite.runtime.agent.TransformerForTests - Going to instrument: org.springframework.core.convert.support.EnumToIntegerConverter
05:24:30.252 [main] INFO org.evosuite.runtime.instrumentation.MethodCallReplacementClassAdapter - Adding mock interface to class org/springframework/core/convert/support/EnumToIntegerConverter
05:24:30.252 [main] INFO org.evosuite.runtime.instrumentation.CreateClassResetClassAdapter - Creating brand-new static initializer in class org/springframework/core/convert/support/EnumToIntegerConverter
05:24:30.253 [main] DEBUG org.evosuite.runtime.agent.TransformerForTests - Going to instrument: org.springframework.data.convert.DefaultConverterBuilder$ConfigurableGenericConverter$Reading
05:24:30.253 [main] INFO org.evosuite.runtime.instrumentation.MethodCallReplacementClassAdapter - Adding mock interface to class org/springframework/data/convert/DefaultConverterBuilder$ConfigurableGenericConverter$Reading
05:24:30.253 [main] INFO org.evosuite.runtime.instrumentation.CreateClassResetClassAdapter - Creating brand-new static initializer in class org/springframework/data/convert/DefaultConverterBuilder$ConfigurableGenericConverter$Reading
05:24:30.253 [main] DEBUG org.evosuite.runtime.agent.TransformerForTests - Going to instrument: org.apache.poi.util.SuppressForbidden
05:24:30.253 [main] DEBUG org.evosuite.runtime.agent.TransformerForTests - Going to instrument: org.hibernate.annotations.FetchProfile$FetchOverride
05:24:30.254 [main] DEBUG org.evosuite.runtime.agent.TransformerForTests - Going to instrument: org.hibernate.annotations.NaturalId
05:24:30.254 [main] DEBUG org.evosuite.runtime.agent.TransformerForTests - Going to instrument: org.aspectj.lang.annotation.DeclarePrecedence
05:24:30.255 [main] DEBUG org.evosuite.runtime.agent.TransformerForTests - Going to instrument: org.springframework.transaction.annotation.TransactionManagementConfigurationSelector
05:24:30.255 [main] INFO org.evosuite.runtime.instrumentation.MethodCallReplacementClassAdapter - Adding mock interface to class org/springframework/transaction/annotation/TransactionManagementConfigurationSelector
05:24:30.255 [main] INFO org.evosuite.runtime.instrumentation.CreateClassResetClassAdapter - Creating brand-new static initializer in class org/springframework/transaction/annotation/TransactionManagementConfigurationSelector
05:24:30.256 [main] DEBUG org.evosuite.runtime.agent.TransformerForTests - Going to instrument: org.springframework.context.annotation.AdviceModeImportSelector
05:24:30.256 [main] INFO org.evosuite.runtime.instrumentation.MethodCallReplacementClassAdapter - Adding mock interface to class org/springframework/context/annotation/AdviceModeImportSelector
05:24:30.257 [main] INFO org.evosuite.runtime.instrumentation.CreateClassResetClassAdapter - Creating brand-new static initializer in class org/springframework/context/annotation/AdviceModeImportSelector
05:24:30.257 [main] INFO org.evosuite.runtime.instrumentation.CreateClassResetClassAdapter - Adding bytecode for initializing field DEFAULT_ADVICE_MODE_ATTRIBUTE_NAME
05:24:30.257 [main] DEBUG org.evosuite.runtime.agent.TransformerForTests - Going to instrument: org.springframework.beans.factory.aspectj.AbstractInterfaceDrivenDependencyInjectionAspect$ConfigurableDeserializationSupport
05:24:30.258 [main] DEBUG org.evosuite.runtime.agent.TransformerForTests - Going to instrument: org.springframework.boot.convert.LenientObjectToEnumConverterFactory
05:24:30.258 [main] INFO org.evosuite.runtime.instrumentation.MethodCallReplacementClassAdapter - Adding mock interface to class org/springframework/boot/convert/LenientObjectToEnumConverterFactory
05:24:30.258 [main] INFO org.evosuite.runtime.instrumentation.CreateClassResetClassAdapter - Found static initializer in class org/springframework/boot/convert/LenientObjectToEnumConverterFactory
05:24:30.259 [main] DEBUG org.evosuite.runtime.agent.TransformerForTests - Going to instrument: org.springframework.expression.spel.standard.SpelExpressionParser
05:24:30.259 [main] INFO org.evosuite.runtime.instrumentation.MethodCallReplacementClassAdapter - Adding mock interface to class org/springframework/expression/spel/standard/SpelExpressionParser
05:24:30.259 [main] INFO org.evosuite.runtime.instrumentation.CreateClassResetClassAdapter - Creating brand-new static initializer in class org/springframework/expression/spel/standard/SpelExpressionParser
05:24:30.260 [main] DEBUG org.evosuite.runtime.agent.TransformerForTests - Going to instrument: org.springframework.expression.common.TemplateAwareExpressionParser
05:24:30.260 [main] INFO org.evosuite.runtime.instrumentation.MethodCallReplacementClassAdapter - Adding mock interface to class org/springframework/expression/common/TemplateAwareExpressionParser
05:24:30.260 [main] INFO org.evosuite.runtime.instrumentation.CreateClassResetClassAdapter - Creating brand-new static initializer in class org/springframework/expression/common/TemplateAwareExpressionParser
05:24:30.261 [main] DEBUG org.evosuite.runtime.agent.TransformerForTests - Going to instrument: org.springframework.expression.Expression
05:24:30.261 [main] DEBUG org.evosuite.runtime.agent.TransformerForTests - Going to instrument: org.springframework.expression.ParseException
05:24:30.261 [main] INFO org.evosuite.runtime.instrumentation.MethodCallReplacementClassAdapter - Adding mock interface to class org/springframework/expression/ParseException
05:24:30.261 [main] INFO org.evosuite.runtime.instrumentation.CreateClassResetClassAdapter - Creating brand-new static initializer in class org/springframework/expression/ParseException
05:24:30.262 [main] DEBUG org.evosuite.runtime.agent.TransformerForTests - Going to instrument: org.springframework.web.method.HandlerTypePredicate
05:24:30.262 [main] INFO org.evosuite.runtime.instrumentation.MethodCallReplacementClassAdapter - Adding mock interface to class org/springframework/web/method/HandlerTypePredicate
05:24:30.262 [main] INFO org.evosuite.runtime.instrumentation.CreateClassResetClassAdapter - Creating brand-new static initializer in class org/springframework/web/method/HandlerTypePredicate
05:24:30.263 [main] DEBUG org.evosuite.runtime.agent.TransformerForTests - Going to instrument: org.springframework.core.convert.converter.ConvertingComparator$ConversionServiceConverter
05:24:30.263 [main] INFO org.evosuite.runtime.instrumentation.MethodCallReplacementClassAdapter - Adding mock interface to class org/springframework/core/convert/converter/ConvertingComparator$ConversionServiceConverter
05:24:30.263 [main] INFO org.evosuite.runtime.instrumentation.CreateClassResetClassAdapter - Creating brand-new static initializer in class org/springframework/core/convert/converter/ConvertingComparator$ConversionServiceConverter
05:24:30.263 [main] DEBUG org.evosuite.runtime.agent.TransformerForTests - Going to instrument: org.springframework.beans.SimpleTypeConverter
05:24:30.263 [main] INFO org.evosuite.runtime.instrumentation.MethodCallReplacementClassAdapter - Adding mock interface to class org/springframework/beans/SimpleTypeConverter
05:24:30.263 [main] INFO org.evosuite.runtime.instrumentation.CreateClassResetClassAdapter - Creating brand-new static initializer in class org/springframework/beans/SimpleTypeConverter
05:24:30.264 [main] DEBUG org.evosuite.runtime.agent.TransformerForTests - Going to instrument: org.springframework.beans.factory.config.SetFactoryBean
05:24:30.264 [main] INFO org.evosuite.runtime.instrumentation.MethodCallReplacementClassAdapter - Adding mock interface to class org/springframework/beans/factory/config/SetFactoryBean
05:24:30.265 [main] INFO org.evosuite.runtime.instrumentation.CreateClassResetClassAdapter - Creating brand-new static initializer in class org/springframework/beans/factory/config/SetFactoryBean
05:24:30.265 [main] DEBUG org.evosuite.runtime.agent.TransformerForTests - Going to instrument: org.aspectj.lang.reflect.SourceLocation
05:24:30.266 [main] DEBUG org.evosuite.runtime.agent.TransformerForTests - Going to instrument: org.springframework.expression.common.LiteralExpression
05:24:30.266 [main] INFO org.evosuite.runtime.instrumentation.MethodCallReplacementClassAdapter - Adding mock interface to class org/springframework/expression/common/LiteralExpression
05:24:30.266 [main] INFO org.evosuite.runtime.instrumentation.CreateClassResetClassAdapter - Creating brand-new static initializer in class org/springframework/expression/common/LiteralExpression
05:24:30.267 [main] DEBUG org.evosuite.runtime.agent.TransformerForTests - Going to instrument: org.springframework.expression.spel.ast.OperatorMatches
05:24:30.267 [main] INFO org.evosuite.runtime.instrumentation.MethodCallReplacementClassAdapter - Adding mock interface to class org/springframework/expression/spel/ast/OperatorMatches
05:24:30.267 [main] INFO org.evosuite.runtime.instrumentation.CreateClassResetClassAdapter - Creating brand-new static initializer in class org/springframework/expression/spel/ast/OperatorMatches
05:24:30.267 [main] INFO org.evosuite.runtime.instrumentation.CreateClassResetClassAdapter - Adding bytecode for initializing field PATTERN_ACCESS_THRESHOLD
05:24:30.267 [main] INFO org.evosuite.runtime.instrumentation.CreateClassResetClassAdapter - Adding bytecode for initializing field MAX_REGEX_LENGTH
05:24:30.268 [main] DEBUG org.evosuite.runtime.agent.TransformerForTests - Going to instrument: org.springframework.data.domain.Sort$1
05:24:30.268 [main] INFO org.evosuite.runtime.instrumentation.MethodCallReplacementClassAdapter - Adding mock interface to class org/springframework/data/domain/Sort$1
05:24:30.268 [main] DEBUG org.evosuite.runtime.agent.TransformerForTests - Going to instrument: org.springframework.beans.support.ResourceEditorRegistrar
05:24:30.268 [main] INFO org.evosuite.runtime.instrumentation.MethodCallReplacementClassAdapter - Adding mock interface to class org/springframework/beans/support/ResourceEditorRegistrar
05:24:30.268 [main] INFO org.evosuite.runtime.instrumentation.CreateClassResetClassAdapter - Creating brand-new static initializer in class org/springframework/beans/support/ResourceEditorRegistrar
05:24:30.269 [main] DEBUG org.evosuite.runtime.agent.TransformerForTests - Going to instrument: org.assertj.core.extractor.ByNameMultipleExtractor
05:24:30.269 [main] INFO org.evosuite.runtime.instrumentation.MethodCallReplacementClassAdapter - Adding mock interface to class org/assertj/core/extractor/ByNameMultipleExtractor
05:24:30.269 [main] INFO org.evosuite.runtime.instrumentation.CreateClassResetClassAdapter - Creating brand-new static initializer in class org/assertj/core/extractor/ByNameMultipleExtractor
05:24:30.270 [main] DEBUG org.evosuite.runtime.agent.TransformerForTests - Going to instrument: org.springframework.data.web.JsonPath
05:24:30.271 [main] DEBUG org.evosuite.runtime.agent.TransformerForTests - Going to instrument: org.springframework.asm.Frame
05:24:30.272 [main] INFO org.evosuite.runtime.instrumentation.MethodCallReplacementClassAdapter - Adding mock interface to class org/springframework/asm/Frame
05:24:30.274 [main] INFO org.evosuite.runtime.instrumentation.CreateClassResetClassAdapter - Creating brand-new static initializer in class org/springframework/asm/Frame
05:24:30.275 [main] INFO org.evosuite.runtime.instrumentation.CreateClassResetClassAdapter - Adding bytecode for initializing field SAME_FRAME
05:24:30.275 [main] INFO org.evosuite.runtime.instrumentation.CreateClassResetClassAdapter - Adding bytecode for initializing field SAME_LOCALS_1_STACK_ITEM_FRAME
05:24:30.275 [main] INFO org.evosuite.runtime.instrumentation.CreateClassResetClassAdapter - Adding bytecode for initializing field RESERVED
05:24:30.275 [main] INFO org.evosuite.runtime.instrumentation.CreateClassResetClassAdapter - Adding bytecode for initializing field SAME_LOCALS_1_STACK_ITEM_FRAME_EXTENDED
05:24:30.275 [main] INFO org.evosuite.runtime.instrumentation.CreateClassResetClassAdapter - Adding bytecode for initializing field CHOP_FRAME
05:24:30.275 [main] INFO org.evosuite.runtime.instrumentation.CreateClassResetClassAdapter - Adding bytecode for initializing field SAME_FRAME_EXTENDED
05:24:30.275 [main] INFO org.evosuite.runtime.instrumentation.CreateClassResetClassAdapter - Adding bytecode for initializing field APPEND_FRAME
05:24:30.275 [main] INFO org.evosuite.runtime.instrumentation.CreateClassResetClassAdapter - Adding bytecode for initializing field FULL_FRAME
05:24:30.275 [main] INFO org.evosuite.runtime.instrumentation.CreateClassResetClassAdapter - Adding bytecode for initializing field ITEM_TOP
05:24:30.275 [main] INFO org.evosuite.runtime.instrumentation.CreateClassResetClassAdapter - Adding bytecode for initializing field ITEM_INTEGER
05:24:30.275 [main] INFO org.evosuite.runtime.instrumentation.CreateClassResetClassAdapter - Adding bytecode for initializing field ITEM_FLOAT
05:24:30.275 [main] INFO org.evosuite.runtime.instrumentation.CreateClassResetClassAdapter - Adding bytecode for initializing field ITEM_DOUBLE
05:24:30.275 [main] INFO org.evosuite.runtime.instrumentation.CreateClassResetClassAdapter - Adding bytecode for initializing field ITEM_LONG
05:24:30.275 [main] INFO org.evosuite.runtime.instrumentation.CreateClassResetClassAdapter - Adding bytecode for initializing field ITEM_NULL
05:24:30.275 [main] INFO org.evosuite.runtime.instrumentation.CreateClassResetClassAdapter - Adding bytecode for initializing field ITEM_UNINITIALIZED_THIS
05:24:30.275 [main] INFO org.evosuite.runtime.instrumentation.CreateClassResetClassAdapter - Adding bytecode for initializing field ITEM_OBJECT
05:24:30.275 [main] INFO org.evosuite.runtime.instrumentation.CreateClassResetClassAdapter - Adding bytecode for initializing field ITEM_UNINITIALIZED
05:24:30.275 [main] INFO org.evosuite.runtime.instrumentation.CreateClassResetClassAdapter - Adding bytecode for initializing field ITEM_ASM_BOOLEAN
05:24:30.275 [main] INFO org.evosuite.runtime.instrumentation.CreateClassResetClassAdapter - Adding bytecode for initializing field ITEM_ASM_BYTE
05:24:30.275 [main] INFO org.evosuite.runtime.instrumentation.CreateClassResetClassAdapter - Adding bytecode for initializing field ITEM_ASM_CHAR
05:24:30.275 [main] INFO org.evosuite.runtime.instrumentation.CreateClassResetClassAdapter - Adding bytecode for initializing field ITEM_ASM_SHORT
05:24:30.275 [main] INFO org.evosuite.runtime.instrumentation.CreateClassResetClassAdapter - Adding bytecode for initializing field DIM_SIZE
05:24:30.275 [main] INFO org.evosuite.runtime.instrumentation.CreateClassResetClassAdapter - Adding bytecode for initializing field KIND_SIZE
05:24:30.275 [main] INFO org.evosuite.runtime.instrumentation.CreateClassResetClassAdapter - Adding bytecode for initializing field FLAGS_SIZE
05:24:30.275 [main] INFO org.evosuite.runtime.instrumentation.CreateClassResetClassAdapter - Adding bytecode for initializing field VALUE_SIZE
05:24:30.275 [main] INFO org.evosuite.runtime.instrumentation.CreateClassResetClassAdapter - Adding bytecode for initializing field DIM_SHIFT
05:24:30.275 [main] INFO org.evosuite.runtime.instrumentation.CreateClassResetClassAdapter - Adding bytecode for initializing field KIND_SHIFT
05:24:30.275 [main] INFO org.evosuite.runtime.instrumentation.CreateClassResetClassAdapter - Adding bytecode for initializing field FLAGS_SHIFT
05:24:30.275 [main] INFO org.evosuite.runtime.instrumentation.CreateClassResetClassAdapter - Adding bytecode for initializing field DIM_MASK
05:24:30.275 [main] INFO org.evosuite.runtime.instrumentation.CreateClassResetClassAdapter - Adding bytecode for initializing field KIND_MASK
05:24:30.275 [main] INFO org.evosuite.runtime.instrumentation.CreateClassResetClassAdapter - Adding bytecode for initializing field VALUE_MASK
05:24:30.275 [main] INFO org.evosuite.runtime.instrumentation.CreateClassResetClassAdapter - Adding bytecode for initializing field ARRAY_OF
05:24:30.275 [main] INFO org.evosuite.runtime.instrumentation.CreateClassResetClassAdapter - Adding bytecode for initializing field ELEMENT_OF
05:24:30.275 [main] INFO org.evosuite.runtime.instrumentation.CreateClassResetClassAdapter - Adding bytecode for initializing field CONSTANT_KIND
05:24:30.275 [main] INFO org.evosuite.runtime.instrumentation.CreateClassResetClassAdapter - Adding bytecode for initializing field REFERENCE_KIND
05:24:30.275 [main] INFO org.evosuite.runtime.instrumentation.CreateClassResetClassAdapter - Adding bytecode for initializing field UNINITIALIZED_KIND
05:24:30.275 [main] INFO org.evosuite.runtime.instrumentation.CreateClassResetClassAdapter - Adding bytecode for initializing field LOCAL_KIND
05:24:30.275 [main] INFO org.evosuite.runtime.instrumentation.CreateClassResetClassAdapter - Adding bytecode for initializing field STACK_KIND
05:24:30.275 [main] INFO org.evosuite.runtime.instrumentation.CreateClassResetClassAdapter - Adding bytecode for initializing field TOP_IF_LONG_OR_DOUBLE_FLAG
05:24:30.275 [main] INFO org.evosuite.runtime.instrumentation.CreateClassResetClassAdapter - Adding bytecode for initializing field TOP
05:24:30.275 [main] INFO org.evosuite.runtime.instrumentation.CreateClassResetClassAdapter - Adding bytecode for initializing field BOOLEAN
05:24:30.275 [main] INFO org.evosuite.runtime.instrumentation.CreateClassResetClassAdapter - Adding bytecode for initializing field BYTE
05:24:30.275 [main] INFO org.evosuite.runtime.instrumentation.CreateClassResetClassAdapter - Adding bytecode for initializing field CHAR
05:24:30.275 [main] INFO org.evosuite.runtime.instrumentation.CreateClassResetClassAdapter - Adding bytecode for initializing field SHORT
05:24:30.275 [main] INFO org.evosuite.runtime.instrumentation.CreateClassResetClassAdapter - Adding bytecode for initializing field INTEGER
05:24:30.275 [main] INFO org.evosuite.runtime.instrumentation.CreateClassResetClassAdapter - Adding bytecode for initializing field FLOAT
05:24:30.275 [main] INFO org.evosuite.runtime.instrumentation.CreateClassResetClassAdapter - Adding bytecode for initializing field LONG
05:24:30.275 [main] INFO org.evosuite.runtime.instrumentation.CreateClassResetClassAdapter - Adding bytecode for initializing field DOUBLE
05:24:30.275 [main] INFO org.evosuite.runtime.instrumentation.CreateClassResetClassAdapter - Adding bytecode for initializing field NULL
05:24:30.275 [main] INFO org.evosuite.runtime.instrumentation.CreateClassResetClassAdapter - Adding bytecode for initializing field UNINITIALIZED_THIS
05:24:30.277 [main] DEBUG org.evosuite.runtime.agent.TransformerForTests - Going to instrument: org.springframework.beans.factory.config.PropertyPlaceholderConfigurer$PlaceholderResolvingStringValueResolver
05:24:30.277 [main] INFO org.evosuite.runtime.instrumentation.MethodCallReplacementClassAdapter - Adding mock interface to class org/springframework/beans/factory/config/PropertyPlaceholderConfigurer$PlaceholderResolvingStringValueResolver
05:24:30.277 [main] INFO org.evosuite.runtime.instrumentation.CreateClassResetClassAdapter - Creating brand-new static initializer in class org/springframework/beans/factory/config/PropertyPlaceholderConfigurer$PlaceholderResolvingStringValueResolver
05:24:30.277 [main] DEBUG org.evosuite.runtime.agent.TransformerForTests - Going to instrument: org.springframework.util.StringValueResolver
05:24:30.278 [main] DEBUG org.evosuite.runtime.agent.TransformerForTests - Going to instrument: org.springframework.util.PropertyPlaceholderHelper$PlaceholderResolver
05:24:30.278 [main] DEBUG org.evosuite.runtime.agent.TransformerForTests - Going to instrument: org.springframework.transaction.support.SimpleTransactionScope
05:24:30.278 [main] INFO org.evosuite.runtime.instrumentation.MethodCallReplacementClassAdapter - Adding mock interface to class org/springframework/transaction/support/SimpleTransactionScope
05:24:30.278 [main] INFO org.evosuite.runtime.instrumentation.CreateClassResetClassAdapter - Creating brand-new static initializer in class org/springframework/transaction/support/SimpleTransactionScope
05:24:30.279 [main] DEBUG org.evosuite.runtime.agent.TransformerForTests - Going to instrument: org.springframework.transaction.support.TransactionSynchronization
05:24:30.279 [main] DEBUG org.evosuite.runtime.agent.TransformerForTests - Going to instrument: org.springframework.boot.autoconfigure.AutoConfigurationPackages$Registrar
05:24:30.279 [main] INFO org.evosuite.runtime.instrumentation.MethodCallReplacementClassAdapter - Adding mock interface to class org/springframework/boot/autoconfigure/AutoConfigurationPackages$Registrar
05:24:30.280 [main] INFO org.evosuite.runtime.instrumentation.CreateClassResetClassAdapter - Creating brand-new static initializer in class org/springframework/boot/autoconfigure/AutoConfigurationPackages$Registrar
05:24:30.280 [main] DEBUG org.evosuite.runtime.agent.TransformerForTests - Going to instrument: org.springframework.boot.context.annotation.DeterminableImports
05:24:30.280 [main] DEBUG org.evosuite.runtime.agent.TransformerForTests - Going to instrument: org.aspectj.runtime.reflect.JoinPointImpl
05:24:30.280 [main] INFO org.evosuite.runtime.instrumentation.MethodCallReplacementClassAdapter - Adding mock interface to class org/aspectj/runtime/reflect/JoinPointImpl
05:24:30.281 [main] INFO org.evosuite.runtime.instrumentation.CreateClassResetClassAdapter - Creating brand-new static initializer in class org/aspectj/runtime/reflect/JoinPointImpl
05:24:30.281 [main] DEBUG org.evosuite.runtime.agent.TransformerForTests - Going to instrument: org.aspectj.lang.ProceedingJoinPoint
05:24:30.282 [main] DEBUG org.evosuite.runtime.agent.TransformerForTests - Going to instrument: org.mockito.junit.jupiter.MockitoExtension
05:24:30.282 [main] INFO org.evosuite.runtime.instrumentation.MethodCallReplacementClassAdapter - Adding mock interface to class org/mockito/junit/jupiter/MockitoExtension
05:24:30.282 [main] INFO org.evosuite.runtime.instrumentation.CreateClassResetClassAdapter - Found static initializer in class org/mockito/junit/jupiter/MockitoExtension
05:24:30.283 [main] DEBUG org.evosuite.runtime.agent.TransformerForTests - Going to instrument: org.mockito.session.MockitoSessionLogger
05:24:30.284 [main] DEBUG org.evosuite.runtime.agent.TransformerForTests - Going to instrument: org.springframework.core.convert.support.GenericConversionService$Converters
05:24:30.285 [main] INFO org.evosuite.runtime.instrumentation.MethodCallReplacementClassAdapter - Adding mock interface to class org/springframework/core/convert/support/GenericConversionService$Converters
05:24:30.285 [main] INFO org.evosuite.runtime.instrumentation.CreateClassResetClassAdapter - Creating brand-new static initializer in class org/springframework/core/convert/support/GenericConversionService$Converters
05:24:30.286 [main] DEBUG org.evosuite.runtime.agent.TransformerForTests - Going to instrument: org.hibernate.annotations.Source
05:24:30.286 [main] DEBUG org.evosuite.runtime.agent.TransformerForTests - Going to instrument: org.springframework.core.io.ClassRelativeResourceLoader
05:24:30.286 [main] INFO org.evosuite.runtime.instrumentation.MethodCallReplacementClassAdapter - Adding mock interface to class org/springframework/core/io/ClassRelativeResourceLoader
05:24:30.286 [main] INFO org.evosuite.runtime.instrumentation.CreateClassResetClassAdapter - Creating brand-new static initializer in class org/springframework/core/io/ClassRelativeResourceLoader
05:24:30.287 [main] DEBUG org.evosuite.runtime.agent.TransformerForTests - Going to instrument: org.springframework.data.domain.Range
05:24:30.287 [main] INFO org.evosuite.runtime.instrumentation.MethodCallReplacementClassAdapter - Adding mock interface to class org/springframework/data/domain/Range
05:24:30.288 [main] INFO org.evosuite.runtime.instrumentation.CreateClassResetClassAdapter - Found static initializer in class org/springframework/data/domain/Range
05:24:30.288 [main] DEBUG org.evosuite.runtime.agent.TransformerForTests - Going to instrument: org.springframework.data.domain.Range$Bound
05:24:30.288 [main] INFO org.evosuite.runtime.instrumentation.MethodCallReplacementClassAdapter - Adding mock interface to class org/springframework/data/domain/Range$Bound
05:24:30.289 [main] INFO org.evosuite.runtime.instrumentation.CreateClassResetClassAdapter - Found static initializer in class org/springframework/data/domain/Range$Bound
05:24:30.289 [main] DEBUG org.evosuite.runtime.agent.TransformerForTests - Going to instrument: org.springframework.boot.convert.NumberToDataSizeConverter
05:24:30.289 [main] INFO org.evosuite.runtime.instrumentation.MethodCallReplacementClassAdapter - Adding mock interface to class org/springframework/boot/convert/NumberToDataSizeConverter
05:24:30.289 [main] INFO org.evosuite.runtime.instrumentation.CreateClassResetClassAdapter - Creating brand-new static initializer in class org/springframework/boot/convert/NumberToDataSizeConverter
05:24:30.290 [main] DEBUG org.evosuite.runtime.agent.TransformerForTests - Going to instrument: org.springframework.beans.factory.serviceloader.ServiceFactoryBean
05:24:30.290 [main] INFO org.evosuite.runtime.instrumentation.MethodCallReplacementClassAdapter - Adding mock interface to class org/springframework/beans/factory/serviceloader/ServiceFactoryBean
05:24:30.291 [main] INFO org.evosuite.runtime.instrumentation.CreateClassResetClassAdapter - Creating brand-new static initializer in class org/springframework/beans/factory/serviceloader/ServiceFactoryBean
05:24:30.291 [main] DEBUG org.evosuite.runtime.agent.TransformerForTests - Going to instrument: com.fasterxml.jackson.annotation.JsonFormat
05:24:30.291 [main] DEBUG org.evosuite.runtime.agent.TransformerForTests - Going to instrument: org.hibernate.annotations.BatchSize
05:24:30.292 [main] DEBUG org.evosuite.runtime.agent.TransformerForTests - Going to instrument: org.springframework.context.support.AbstractRefreshableConfigApplicationContext
05:24:30.292 [main] INFO org.evosuite.runtime.instrumentation.MethodCallReplacementClassAdapter - Adding mock interface to class org/springframework/context/support/AbstractRefreshableConfigApplicationContext
05:24:30.292 [main] INFO org.evosuite.runtime.instrumentation.CreateClassResetClassAdapter - Creating brand-new static initializer in class org/springframework/context/support/AbstractRefreshableConfigApplicationContext
05:24:30.293 [main] DEBUG org.evosuite.runtime.agent.TransformerForTests - Going to instrument: net.bytebuddy.asm.Advice$AssignReturned
05:24:30.293 [main] INFO org.evosuite.runtime.instrumentation.MethodCallReplacementClassAdapter - Adding mock interface to class net/bytebuddy/asm/Advice$AssignReturned
05:24:30.294 [main] INFO org.evosuite.runtime.instrumentation.CreateClassResetClassAdapter - Creating brand-new static initializer in class net/bytebuddy/asm/Advice$AssignReturned
05:24:30.294 [main] INFO org.evosuite.runtime.instrumentation.CreateClassResetClassAdapter - Adding bytecode for initializing field NO_INDEX
05:24:30.294 [main] DEBUG org.evosuite.runtime.agent.TransformerForTests - Going to instrument: net.bytebuddy.asm.Advice$PostProcessor
05:24:30.295 [main] DEBUG org.evosuite.runtime.agent.TransformerForTests - Going to instrument: org.springframework.core.convert.support.ObjectToOptionalConverter
05:24:30.295 [main] INFO org.evosuite.runtime.instrumentation.MethodCallReplacementClassAdapter - Adding mock interface to class org/springframework/core/convert/support/ObjectToOptionalConverter
05:24:30.295 [main] INFO org.evosuite.runtime.instrumentation.CreateClassResetClassAdapter - Creating brand-new static initializer in class org/springframework/core/convert/support/ObjectToOptionalConverter
05:24:30.296 [main] DEBUG org.evosuite.runtime.agent.TransformerForTests - Going to instrument: org.springframework.core.convert.support.ObjectToOptionalConverter$GenericTypeDescriptor
05:24:30.296 [main] INFO org.evosuite.runtime.instrumentation.MethodCallReplacementClassAdapter - Adding mock interface to class org/springframework/core/convert/support/ObjectToOptionalConverter$GenericTypeDescriptor
05:24:30.296 [main] INFO org.evosuite.runtime.instrumentation.CreateClassResetClassAdapter - Creating brand-new static initializer in class org/springframework/core/convert/support/ObjectToOptionalConverter$GenericTypeDescriptor
05:24:30.296 [main] DEBUG org.evosuite.runtime.agent.TransformerForTests - Going to instrument: io.micrometer.core.annotation.Incubating
05:24:30.297 [main] DEBUG org.evosuite.runtime.agent.TransformerForTests - Going to instrument: org.springframework.expression.spel.standard.SpelExpression
05:24:30.297 [main] INFO org.evosuite.runtime.instrumentation.MethodCallReplacementClassAdapter - Adding mock interface to class org/springframework/expression/spel/standard/SpelExpression
05:24:30.298 [main] INFO org.evosuite.runtime.instrumentation.CreateClassResetClassAdapter - Creating brand-new static initializer in class org/springframework/expression/spel/standard/SpelExpression
05:24:30.298 [main] INFO org.evosuite.runtime.instrumentation.CreateClassResetClassAdapter - Adding bytecode for initializing field INTERPRETED_COUNT_THRESHOLD
05:24:30.298 [main] INFO org.evosuite.runtime.instrumentation.CreateClassResetClassAdapter - Adding bytecode for initializing field FAILED_ATTEMPTS_THRESHOLD
05:24:30.299 [main] DEBUG org.evosuite.runtime.agent.TransformerForTests - Going to instrument: org.springframework.expression.spel.ast.StringLiteral
05:24:30.299 [main] INFO org.evosuite.runtime.instrumentation.MethodCallReplacementClassAdapter - Adding mock interface to class org/springframework/expression/spel/ast/StringLiteral
05:24:30.299 [main] INFO org.evosuite.runtime.instrumentation.CreateClassResetClassAdapter - Creating brand-new static initializer in class org/springframework/expression/spel/ast/StringLiteral
05:24:30.300 [main] DEBUG org.evosuite.runtime.agent.TransformerForTests - Going to instrument: org.hibernate.annotations.Persister
05:24:30.300 [main] DEBUG org.evosuite.runtime.agent.TransformerForTests - Going to instrument: com.fasterxml.jackson.annotation.JsonTypeInfo
05:24:30.300 [main] DEBUG org.evosuite.runtime.agent.TransformerForTests - Going to instrument: org.hibernate.cfg.annotations.EntityBinder$LocalCacheAnnotationStub
05:24:30.300 [main] INFO org.evosuite.runtime.instrumentation.MethodCallReplacementClassAdapter - Adding mock interface to class org/hibernate/cfg/annotations/EntityBinder$LocalCacheAnnotationStub
05:24:30.301 [main] INFO org.evosuite.runtime.instrumentation.CreateClassResetClassAdapter - Creating brand-new static initializer in class org/hibernate/cfg/annotations/EntityBinder$LocalCacheAnnotationStub
05:24:30.301 [main] DEBUG org.evosuite.runtime.agent.TransformerForTests - Going to instrument: com.fasterxml.jackson.annotation.JsonUnwrapped
05:24:30.301 [main] DEBUG org.evosuite.runtime.agent.TransformerForTests - Going to instrument: org.springframework.core.io.ClassRelativeResourceLoader$ClassRelativeContextResource
05:24:30.301 [main] INFO org.evosuite.runtime.instrumentation.MethodCallReplacementClassAdapter - Adding mock interface to class org/springframework/core/io/ClassRelativeResourceLoader$ClassRelativeContextResource
05:24:30.302 [main] INFO org.evosuite.runtime.instrumentation.CreateClassResetClassAdapter - Creating brand-new static initializer in class org/springframework/core/io/ClassRelativeResourceLoader$ClassRelativeContextResource
05:24:30.302 [main] DEBUG org.evosuite.runtime.agent.TransformerForTests - Going to instrument: org.springframework.core.io.ClassPathResource
05:24:30.302 [main] INFO org.evosuite.runtime.instrumentation.MethodCallReplacementClassAdapter - Adding mock interface to class org/springframework/core/io/ClassPathResource
05:24:30.303 [main] INFO org.evosuite.runtime.instrumentation.CreateClassResetClassAdapter - Creating brand-new static initializer in class org/springframework/core/io/ClassPathResource
05:24:30.303 [main] DEBUG org.evosuite.runtime.agent.TransformerForTests - Going to instrument: org.springframework.context.annotation.Conditional
05:24:30.303 [main] DEBUG org.evosuite.runtime.agent.TransformerForTests - Going to instrument: org.springframework.beans.factory.support.DefaultListableBeanFactory$NestedDependencyDescriptor
05:24:30.303 [main] INFO org.evosuite.runtime.instrumentation.MethodCallReplacementClassAdapter - Adding mock interface to class org/springframework/beans/factory/support/DefaultListableBeanFactory$NestedDependencyDescriptor
05:24:30.303 [main] INFO org.evosuite.runtime.instrumentation.CreateClassResetClassAdapter - Creating brand-new static initializer in class org/springframework/beans/factory/support/DefaultListableBeanFactory$NestedDependencyDescriptor
05:24:30.304 [main] DEBUG org.evosuite.runtime.agent.TransformerForTests - Going to instrument: org.springframework.asm.Type
05:24:30.305 [main] INFO org.evosuite.runtime.instrumentation.MethodCallReplacementClassAdapter - Adding mock interface to class org/springframework/asm/Type
05:24:30.307 [main] INFO org.evosuite.runtime.instrumentation.CreateClassResetClassAdapter - Found static initializer in class org/springframework/asm/Type
05:24:30.309 [main] DEBUG org.evosuite.runtime.agent.TransformerForTests - Going to instrument: net.bytebuddy.asm.Advice$PostProcessor$Factory
05:24:30.309 [main] DEBUG org.evosuite.runtime.agent.TransformerForTests - Going to instrument: org.springframework.beans.factory.annotation.Configurable
05:24:30.310 [main] DEBUG org.evosuite.runtime.agent.TransformerForTests - Going to instrument: org.springframework.data.projection.ProjectionFactory
05:24:30.310 [main] DEBUG org.evosuite.runtime.agent.TransformerForTests - Going to instrument: org.springframework.beans.DirectFieldAccessor
05:24:30.311 [main] INFO org.evosuite.runtime.instrumentation.MethodCallReplacementClassAdapter - Adding mock interface to class org/springframework/beans/DirectFieldAccessor
05:24:30.311 [main] INFO org.evosuite.runtime.instrumentation.CreateClassResetClassAdapter - Creating brand-new static initializer in class org/springframework/beans/DirectFieldAccessor
05:24:30.311 [main] DEBUG org.evosuite.runtime.agent.TransformerForTests - Going to instrument: org.springframework.beans.DirectFieldAccessor$FieldPropertyHandler
05:24:30.311 [main] INFO org.evosuite.runtime.instrumentation.MethodCallReplacementClassAdapter - Adding mock interface to class org/springframework/beans/DirectFieldAccessor$FieldPropertyHandler
05:24:30.311 [main] INFO org.evosuite.runtime.instrumentation.CreateClassResetClassAdapter - Creating brand-new static initializer in class org/springframework/beans/DirectFieldAccessor$FieldPropertyHandler
05:24:30.312 [main] DEBUG org.evosuite.runtime.agent.TransformerForTests - Going to instrument: org.springframework.stereotype.Controller
05:24:30.312 [main] DEBUG org.evosuite.runtime.agent.TransformerForTests - Going to instrument: org.springframework.data.repository.util.ReactiveWrapperConverters$ReactiveAdapterConverterFactory
05:24:30.312 [main] INFO org.evosuite.runtime.instrumentation.MethodCallReplacementClassAdapter - Adding mock interface to class org/springframework/data/repository/util/ReactiveWrapperConverters$ReactiveAdapterConverterFactory
05:24:30.313 [main] INFO org.evosuite.runtime.instrumentation.CreateClassResetClassAdapter - Found static initializer in class org/springframework/data/repository/util/ReactiveWrapperConverters$ReactiveAdapterConverterFactory
05:24:30.313 [main] DEBUG org.evosuite.runtime.agent.TransformerForTests - Going to instrument: org.springframework.test.context.NestedTestConfiguration
05:24:30.314 [main] DEBUG org.evosuite.runtime.agent.TransformerForTests - Going to instrument: org.springframework.data.repository.support.DomainClassConverter
05:24:30.314 [main] INFO org.evosuite.runtime.instrumentation.MethodCallReplacementClassAdapter - Adding mock interface to class org/springframework/data/repository/support/DomainClassConverter
05:24:30.314 [main] INFO org.evosuite.runtime.instrumentation.CreateClassResetClassAdapter - Creating brand-new static initializer in class org/springframework/data/repository/support/DomainClassConverter
05:24:30.315 [main] DEBUG org.evosuite.runtime.agent.TransformerForTests - Going to instrument: org.springframework.data.domain.ExampleMatcher$PropertySpecifiers
05:24:30.315 [main] INFO org.evosuite.runtime.instrumentation.MethodCallReplacementClassAdapter - Adding mock interface to class org/springframework/data/domain/ExampleMatcher$PropertySpecifiers
05:24:30.315 [main] INFO org.evosuite.runtime.instrumentation.CreateClassResetClassAdapter - Creating brand-new static initializer in class org/springframework/data/domain/ExampleMatcher$PropertySpecifiers
05:24:30.315 [main] DEBUG org.evosuite.runtime.agent.TransformerForTests - Going to instrument: org.hibernate.annotations.NaturalIdCache
05:24:30.316 [main] DEBUG org.evosuite.runtime.agent.TransformerForTests - Going to instrument: com.fasterxml.jackson.databind.type.TypeBindings
05:24:30.316 [main] INFO org.evosuite.runtime.instrumentation.MethodCallReplacementClassAdapter - Adding mock interface to class com/fasterxml/jackson/databind/type/TypeBindings
05:24:30.317 [main] INFO org.evosuite.runtime.instrumentation.CreateClassResetClassAdapter - Found static initializer in class com/fasterxml/jackson/databind/type/TypeBindings
05:24:30.318 [main] DEBUG org.evosuite.runtime.agent.TransformerForTests - Going to instrument: com.fasterxml.jackson.databind.JavaType
05:24:30.318 [main] INFO org.evosuite.runtime.instrumentation.MethodCallReplacementClassAdapter - Adding mock interface to class com/fasterxml/jackson/databind/JavaType
05:24:30.319 [main] INFO org.evosuite.runtime.instrumentation.CreateClassResetClassAdapter - Creating brand-new static initializer in class com/fasterxml/jackson/databind/JavaType
05:24:30.319 [main] DEBUG org.evosuite.runtime.agent.TransformerForTests - Going to instrument: com.fasterxml.jackson.core.type.ResolvedType
05:24:30.319 [main] INFO org.evosuite.runtime.instrumentation.MethodCallReplacementClassAdapter - Adding mock interface to class com/fasterxml/jackson/core/type/ResolvedType
05:24:30.320 [main] INFO org.evosuite.runtime.instrumentation.CreateClassResetClassAdapter - Creating brand-new static initializer in class com/fasterxml/jackson/core/type/ResolvedType
05:24:30.320 [main] DEBUG org.evosuite.runtime.agent.TransformerForTests - Going to instrument: net.bytebuddy.asm.Advice$This
05:24:30.320 [main] DEBUG org.evosuite.runtime.agent.TransformerForTests - Going to instrument: net.bytebuddy.asm.Advice$OnMethodEnter
05:24:30.321 [main] DEBUG org.evosuite.runtime.agent.TransformerForTests - Going to instrument: com.fasterxml.jackson.annotation.JsonSubTypes$Type
05:24:30.321 [main] DEBUG org.evosuite.runtime.agent.TransformerForTests - Going to instrument: org.springframework.data.util.Lazy
05:24:30.321 [main] INFO org.evosuite.runtime.instrumentation.MethodCallReplacementClassAdapter - Adding mock interface to class org/springframework/data/util/Lazy
05:24:30.322 [main] INFO org.evosuite.runtime.instrumentation.CreateClassResetClassAdapter - Found static initializer in class org/springframework/data/util/Lazy
05:24:30.323 [main] DEBUG org.evosuite.runtime.agent.TransformerForTests - Going to instrument: org.hibernate.annotations.GenericGenerator
05:24:30.324 [main] DEBUG org.evosuite.runtime.agent.TransformerForTests - Going to instrument: org.springframework.core.convert.support.StreamConverter
05:24:30.324 [main] INFO org.evosuite.runtime.instrumentation.MethodCallReplacementClassAdapter - Adding mock interface to class org/springframework/core/convert/support/StreamConverter
05:24:30.325 [main] INFO org.evosuite.runtime.instrumentation.CreateClassResetClassAdapter - Found static initializer in class org/springframework/core/convert/support/StreamConverter
05:24:30.325 [main] DEBUG org.evosuite.runtime.agent.TransformerForTests - Going to instrument: org.springframework.core.convert.converter.GenericConverter$ConvertiblePair
05:24:30.325 [main] INFO org.evosuite.runtime.instrumentation.MethodCallReplacementClassAdapter - Adding mock interface to class org/springframework/core/convert/converter/GenericConverter$ConvertiblePair
05:24:30.325 [main] INFO org.evosuite.runtime.instrumentation.CreateClassResetClassAdapter - Creating brand-new static initializer in class org/springframework/core/convert/converter/GenericConverter$ConvertiblePair
05:24:30.326 [main] DEBUG org.evosuite.runtime.agent.TransformerForTests - Going to instrument: org.springframework.beans.factory.xml.XmlBeanFactory
05:24:30.326 [main] INFO org.evosuite.runtime.instrumentation.MethodCallReplacementClassAdapter - Adding mock interface to class org/springframework/beans/factory/xml/XmlBeanFactory
05:24:30.326 [main] INFO org.evosuite.runtime.instrumentation.CreateClassResetClassAdapter - Creating brand-new static initializer in class org/springframework/beans/factory/xml/XmlBeanFactory
05:24:30.326 [main] DEBUG org.evosuite.runtime.agent.TransformerForTests - Going to instrument: org.springframework.beans.factory.support.AutowireCandidateResolver
05:24:30.327 [main] DEBUG org.evosuite.runtime.agent.TransformerForTests - Going to instrument: org.springframework.beans.factory.support.DefaultListableBeanFactory$2
05:24:30.327 [main] INFO org.evosuite.runtime.instrumentation.MethodCallReplacementClassAdapter - Adding mock interface to class org/springframework/beans/factory/support/DefaultListableBeanFactory$2
05:24:30.328 [main] DEBUG org.evosuite.runtime.agent.TransformerForTests - Going to instrument: org.springframework.beans.factory.support.DefaultListableBeanFactory$MultiElementDescriptor
05:24:30.328 [main] INFO org.evosuite.runtime.instrumentation.MethodCallReplacementClassAdapter - Adding mock interface to class org/springframework/beans/factory/support/DefaultListableBeanFactory$MultiElementDescriptor
05:24:30.328 [main] INFO org.evosuite.runtime.instrumentation.CreateClassResetClassAdapter - Creating brand-new static initializer in class org/springframework/beans/factory/support/DefaultListableBeanFactory$MultiElementDescriptor
05:24:30.329 [main] DEBUG org.evosuite.runtime.agent.TransformerForTests - Going to instrument: org.hibernate.annotations.OptimisticLock
05:24:30.329 [main] DEBUG org.evosuite.runtime.agent.TransformerForTests - Going to instrument: org.springframework.beans.factory.serviceloader.ServiceListFactoryBean
05:24:30.329 [main] INFO org.evosuite.runtime.instrumentation.MethodCallReplacementClassAdapter - Adding mock interface to class org/springframework/beans/factory/serviceloader/ServiceListFactoryBean
05:24:30.329 [main] INFO org.evosuite.runtime.instrumentation.CreateClassResetClassAdapter - Creating brand-new static initializer in class org/springframework/beans/factory/serviceloader/ServiceListFactoryBean
05:24:30.330 [main] DEBUG org.evosuite.runtime.agent.TransformerForTests - Going to instrument: net.bytebuddy.asm.Advice$AssignReturned$ToThis
05:24:30.330 [main] DEBUG org.evosuite.runtime.agent.TransformerForTests - Going to instrument: org.springframework.lang.NonNullApi
05:24:30.332 [main] DEBUG org.evosuite.runtime.agent.TransformerForTests - Going to instrument: org.springframework.expression.spel.standard.InternalSpelExpressionParser
05:24:30.332 [main] INFO org.evosuite.runtime.instrumentation.MethodCallReplacementClassAdapter - Adding mock interface to class org/springframework/expression/spel/standard/InternalSpelExpressionParser
05:24:30.342 [main] INFO org.evosuite.runtime.instrumentation.CreateClassResetClassAdapter - Found static initializer in class org/springframework/expression/spel/standard/InternalSpelExpressionParser
05:24:30.343 [main] DEBUG org.evosuite.runtime.agent.TransformerForTests - Going to instrument: org.springframework.expression.spel.SpelParseException
05:24:30.343 [main] INFO org.evosuite.runtime.instrumentation.MethodCallReplacementClassAdapter - Adding mock interface to class org/springframework/expression/spel/SpelParseException
05:24:30.343 [main] INFO org.evosuite.runtime.instrumentation.CreateClassResetClassAdapter - Creating brand-new static initializer in class org/springframework/expression/spel/SpelParseException
05:24:30.344 [main] DEBUG org.evosuite.runtime.agent.TransformerForTests - Going to instrument: org.springframework.expression.spel.ast.BooleanLiteral
05:24:30.344 [main] INFO org.evosuite.runtime.instrumentation.MethodCallReplacementClassAdapter - Adding mock interface to class org/springframework/expression/spel/ast/BooleanLiteral
05:24:30.344 [main] INFO org.evosuite.runtime.instrumentation.CreateClassResetClassAdapter - Creating brand-new static initializer in class org/springframework/expression/spel/ast/BooleanLiteral
05:24:30.345 [main] DEBUG org.evosuite.runtime.agent.TransformerForTests - Going to instrument: org.springframework.expression.spel.ast.PropertyOrFieldReference
05:24:30.345 [main] INFO org.evosuite.runtime.instrumentation.MethodCallReplacementClassAdapter - Adding mock interface to class org/springframework/expression/spel/ast/PropertyOrFieldReference
05:24:30.346 [main] INFO org.evosuite.runtime.instrumentation.CreateClassResetClassAdapter - Creating brand-new static initializer in class org/springframework/expression/spel/ast/PropertyOrFieldReference
05:24:30.348 [main] DEBUG org.evosuite.runtime.agent.TransformerForTests - Going to instrument: org.springframework.expression.spel.ast.ConstructorReference
05:24:30.348 [main] INFO org.evosuite.runtime.instrumentation.MethodCallReplacementClassAdapter - Adding mock interface to class org/springframework/expression/spel/ast/ConstructorReference
05:24:30.350 [main] INFO org.evosuite.runtime.instrumentation.CreateClassResetClassAdapter - Creating brand-new static initializer in class org/springframework/expression/spel/ast/ConstructorReference
05:24:30.350 [main] INFO org.evosuite.runtime.instrumentation.CreateClassResetClassAdapter - Adding bytecode for initializing field MAX_ARRAY_ELEMENTS
05:24:30.350 [main] DEBUG org.evosuite.runtime.agent.TransformerForTests - Going to instrument: org.springframework.expression.spel.ast.InlineMap
05:24:30.350 [main] INFO org.evosuite.runtime.instrumentation.MethodCallReplacementClassAdapter - Adding mock interface to class org/springframework/expression/spel/ast/InlineMap
05:24:30.351 [main] INFO org.evosuite.runtime.instrumentation.CreateClassResetClassAdapter - Creating brand-new static initializer in class org/springframework/expression/spel/ast/InlineMap
05:24:30.352 [main] DEBUG org.evosuite.runtime.agent.TransformerForTests - Going to instrument: org.springframework.expression.spel.ast.OpMultiply
05:24:30.352 [main] INFO org.evosuite.runtime.instrumentation.MethodCallReplacementClassAdapter - Adding mock interface to class org/springframework/expression/spel/ast/OpMultiply
05:24:30.353 [main] INFO org.evosuite.runtime.instrumentation.CreateClassResetClassAdapter - Creating brand-new static initializer in class org/springframework/expression/spel/ast/OpMultiply
05:24:30.353 [main] INFO org.evosuite.runtime.instrumentation.CreateClassResetClassAdapter - Adding bytecode for initializing field MAX_REPEATED_TEXT_SIZE
05:24:30.353 [main] DEBUG org.evosuite.runtime.agent.TransformerForTests - Going to instrument: org.springframework.expression.spel.ast.OpDivide
05:24:30.354 [main] INFO org.evosuite.runtime.instrumentation.MethodCallReplacementClassAdapter - Adding mock interface to class org/springframework/expression/spel/ast/OpDivide
05:24:30.354 [main] INFO org.evosuite.runtime.instrumentation.CreateClassResetClassAdapter - Creating brand-new static initializer in class org/springframework/expression/spel/ast/OpDivide
05:24:30.355 [main] DEBUG org.evosuite.runtime.agent.TransformerForTests - Going to instrument: org.springframework.expression.spel.ast.OpModulus
05:24:30.355 [main] INFO org.evosuite.runtime.instrumentation.MethodCallReplacementClassAdapter - Adding mock interface to class org/springframework/expression/spel/ast/OpModulus
05:24:30.356 [main] INFO org.evosuite.runtime.instrumentation.CreateClassResetClassAdapter - Creating brand-new static initializer in class org/springframework/expression/spel/ast/OpModulus
05:24:30.356 [main] DEBUG org.evosuite.runtime.agent.TransformerForTests - Going to instrument: org.springframework.expression.spel.ast.OpDec
05:24:30.356 [main] INFO org.evosuite.runtime.instrumentation.MethodCallReplacementClassAdapter - Adding mock interface to class org/springframework/expression/spel/ast/OpDec
05:24:30.357 [main] INFO org.evosuite.runtime.instrumentation.CreateClassResetClassAdapter - Creating brand-new static initializer in class org/springframework/expression/spel/ast/OpDec
05:24:30.358 [main] DEBUG org.evosuite.runtime.agent.TransformerForTests - Going to instrument: org.springframework.expression.spel.ast.OpPlus
05:24:30.358 [main] INFO org.evosuite.runtime.instrumentation.MethodCallReplacementClassAdapter - Adding mock interface to class org/springframework/expression/spel/ast/OpPlus
05:24:30.359 [main] INFO org.evosuite.runtime.instrumentation.CreateClassResetClassAdapter - Creating brand-new static initializer in class org/springframework/expression/spel/ast/OpPlus
05:24:30.360 [main] DEBUG org.evosuite.runtime.agent.TransformerForTests - Going to instrument: org.springframework.expression.spel.ast.OpMinus
05:24:30.360 [main] INFO org.evosuite.runtime.instrumentation.MethodCallReplacementClassAdapter - Adding mock interface to class org/springframework/expression/spel/ast/OpMinus
05:24:30.361 [main] INFO org.evosuite.runtime.instrumentation.CreateClassResetClassAdapter - Creating brand-new static initializer in class org/springframework/expression/spel/ast/OpMinus
05:24:30.361 [main] DEBUG org.evosuite.runtime.agent.TransformerForTests - Going to instrument: org.springframework.expression.spel.ast.CompoundExpression
05:24:30.361 [main] INFO org.evosuite.runtime.instrumentation.MethodCallReplacementClassAdapter - Adding mock interface to class org/springframework/expression/spel/ast/CompoundExpression
05:24:30.362 [main] INFO org.evosuite.runtime.instrumentation.CreateClassResetClassAdapter - Creating brand-new static initializer in class org/springframework/expression/spel/ast/CompoundExpression
05:24:30.363 [main] DEBUG org.evosuite.runtime.agent.TransformerForTests - Going to instrument: org.springframework.expression.spel.ast.FunctionReference
05:24:30.363 [main] INFO org.evosuite.runtime.instrumentation.MethodCallReplacementClassAdapter - Adding mock interface to class org/springframework/expression/spel/ast/FunctionReference
05:24:30.363 [main] INFO org.evosuite.runtime.instrumentation.CreateClassResetClassAdapter - Creating brand-new static initializer in class org/springframework/expression/spel/ast/FunctionReference
05:24:30.364 [main] DEBUG org.evosuite.runtime.agent.TransformerForTests - Going to instrument: org.springframework.expression.spel.ast.OpOr
05:24:30.364 [main] INFO org.evosuite.runtime.instrumentation.MethodCallReplacementClassAdapter - Adding mock interface to class org/springframework/expression/spel/ast/OpOr
05:24:30.364 [main] INFO org.evosuite.runtime.instrumentation.CreateClassResetClassAdapter - Creating brand-new static initializer in class org/springframework/expression/spel/ast/OpOr
05:24:30.365 [main] DEBUG org.evosuite.runtime.agent.TransformerForTests - Going to instrument: org.springframework.expression.spel.ast.OpGT
05:24:30.365 [main] INFO org.evosuite.runtime.instrumentation.MethodCallReplacementClassAdapter - Adding mock interface to class org/springframework/expression/spel/ast/OpGT
05:24:30.365 [main] INFO org.evosuite.runtime.instrumentation.CreateClassResetClassAdapter - Creating brand-new static initializer in class org/springframework/expression/spel/ast/OpGT
05:24:30.365 [main] DEBUG org.evosuite.runtime.agent.TransformerForTests - Going to instrument: org.springframework.expression.spel.ast.OpLT
05:24:30.366 [main] INFO org.evosuite.runtime.instrumentation.MethodCallReplacementClassAdapter - Adding mock interface to class org/springframework/expression/spel/ast/OpLT
05:24:30.366 [main] INFO org.evosuite.runtime.instrumentation.CreateClassResetClassAdapter - Creating brand-new static initializer in class org/springframework/expression/spel/ast/OpLT
05:24:30.366 [main] DEBUG org.evosuite.runtime.agent.TransformerForTests - Going to instrument: org.springframework.expression.spel.ast.OpLE
05:24:30.367 [main] INFO org.evosuite.runtime.instrumentation.MethodCallReplacementClassAdapter - Adding mock interface to class org/springframework/expression/spel/ast/OpLE
05:24:30.367 [main] INFO org.evosuite.runtime.instrumentation.CreateClassResetClassAdapter - Creating brand-new static initializer in class org/springframework/expression/spel/ast/OpLE
05:24:30.367 [main] DEBUG org.evosuite.runtime.agent.TransformerForTests - Going to instrument: org.springframework.expression.spel.ast.OpGE
05:24:30.367 [main] INFO org.evosuite.runtime.instrumentation.MethodCallReplacementClassAdapter - Adding mock interface to class org/springframework/expression/spel/ast/OpGE
05:24:30.367 [main] INFO org.evosuite.runtime.instrumentation.CreateClassResetClassAdapter - Creating brand-new static initializer in class org/springframework/expression/spel/ast/OpGE
05:24:30.368 [main] DEBUG org.evosuite.runtime.agent.TransformerForTests - Going to instrument: org.springframework.expression.spel.ast.OpEQ
05:24:30.368 [main] INFO org.evosuite.runtime.instrumentation.MethodCallReplacementClassAdapter - Adding mock interface to class org/springframework/expression/spel/ast/OpEQ
05:24:30.368 [main] INFO org.evosuite.runtime.instrumentation.CreateClassResetClassAdapter - Creating brand-new static initializer in class org/springframework/expression/spel/ast/OpEQ
05:24:30.368 [main] DEBUG org.evosuite.runtime.agent.TransformerForTests - Going to instrument: org.springframework.expression.spel.ast.OpNE
05:24:30.368 [main] INFO org.evosuite.runtime.instrumentation.MethodCallReplacementClassAdapter - Adding mock interface to class org/springframework/expression/spel/ast/OpNE
05:24:30.369 [main] INFO org.evosuite.runtime.instrumentation.CreateClassResetClassAdapter - Creating brand-new static initializer in class org/springframework/expression/spel/ast/OpNE
05:24:30.369 [main] DEBUG org.evosuite.runtime.agent.TransformerForTests - Going to instrument: org.springframework.expression.spel.ast.OperatorInstanceof
05:24:30.369 [main] INFO org.evosuite.runtime.instrumentation.MethodCallReplacementClassAdapter - Adding mock interface to class org/springframework/expression/spel/ast/OperatorInstanceof
05:24:30.369 [main] INFO org.evosuite.runtime.instrumentation.CreateClassResetClassAdapter - Creating brand-new static initializer in class org/springframework/expression/spel/ast/OperatorInstanceof
05:24:30.370 [main] DEBUG org.evosuite.runtime.agent.TransformerForTests - Going to instrument: org.springframework.expression.spel.ast.OperatorBetween
05:24:30.370 [main] INFO org.evosuite.runtime.instrumentation.MethodCallReplacementClassAdapter - Adding mock interface to class org/springframework/expression/spel/ast/OperatorBetween
05:24:30.370 [main] INFO org.evosuite.runtime.instrumentation.CreateClassResetClassAdapter - Creating brand-new static initializer in class org/springframework/expression/spel/ast/OperatorBetween
05:24:30.370 [main] DEBUG org.evosuite.runtime.agent.TransformerForTests - Going to instrument: org.springframework.expression.spel.ast.NullLiteral
05:24:30.370 [main] INFO org.evosuite.runtime.instrumentation.MethodCallReplacementClassAdapter - Adding mock interface to class org/springframework/expression/spel/ast/NullLiteral
05:24:30.370 [main] INFO org.evosuite.runtime.instrumentation.CreateClassResetClassAdapter - Creating brand-new static initializer in class org/springframework/expression/spel/ast/NullLiteral
05:24:30.371 [main] DEBUG org.evosuite.runtime.agent.TransformerForTests - Going to instrument: org.springframework.expression.spel.ast.Elvis
05:24:30.371 [main] INFO org.evosuite.runtime.instrumentation.MethodCallReplacementClassAdapter - Adding mock interface to class org/springframework/expression/spel/ast/Elvis
05:24:30.371 [main] INFO org.evosuite.runtime.instrumentation.CreateClassResetClassAdapter - Creating brand-new static initializer in class org/springframework/expression/spel/ast/Elvis
05:24:30.373 [main] DEBUG org.evosuite.runtime.agent.TransformerForTests - Going to instrument: org.springframework.boot.convert.DurationToNumberConverter
05:24:30.373 [main] INFO org.evosuite.runtime.instrumentation.MethodCallReplacementClassAdapter - Adding mock interface to class org/springframework/boot/convert/DurationToNumberConverter
05:24:30.374 [main] INFO org.evosuite.runtime.instrumentation.CreateClassResetClassAdapter - Creating brand-new static initializer in class org/springframework/boot/convert/DurationToNumberConverter
05:24:30.375 [main] DEBUG org.evosuite.runtime.agent.TransformerForTests - Going to instrument: net.bytebuddy.asm.Advice$AllArguments
05:24:30.376 [main] DEBUG org.evosuite.runtime.agent.TransformerForTests - Going to instrument: org.springframework.beans.factory.config.ListFactoryBean
05:24:30.376 [main] INFO org.evosuite.runtime.instrumentation.MethodCallReplacementClassAdapter - Adding mock interface to class org/springframework/beans/factory/config/ListFactoryBean
05:24:30.377 [main] INFO org.evosuite.runtime.instrumentation.CreateClassResetClassAdapter - Creating brand-new static initializer in class org/springframework/beans/factory/config/ListFactoryBean
05:24:30.377 [main] DEBUG org.evosuite.runtime.agent.TransformerForTests - Going to instrument: org.springframework.scheduling.annotation.AsyncConfigurationSelector
05:24:30.378 [main] INFO org.evosuite.runtime.instrumentation.MethodCallReplacementClassAdapter - Adding mock interface to class org/springframework/scheduling/annotation/AsyncConfigurationSelector
05:24:30.378 [main] INFO org.evosuite.runtime.instrumentation.CreateClassResetClassAdapter - Creating brand-new static initializer in class org/springframework/scheduling/annotation/AsyncConfigurationSelector
05:24:30.378 [main] INFO org.evosuite.runtime.instrumentation.CreateClassResetClassAdapter - Adding bytecode for initializing field ASYNC_EXECUTION_ASPECT_CONFIGURATION_CLASS_NAME
05:24:30.378 [main] DEBUG org.evosuite.runtime.agent.TransformerForTests - Going to instrument: org.springframework.cache.annotation.CacheEvict
05:24:30.378 [main] DEBUG org.evosuite.runtime.agent.TransformerForTests - Going to instrument: org.aspectj.lang.annotation.DeclareError
05:24:30.379 [main] DEBUG org.evosuite.runtime.agent.TransformerForTests - Going to instrument: org.springframework.context.annotation.ClassPathBeanDefinitionScanner
05:24:30.379 [main] INFO org.evosuite.runtime.instrumentation.MethodCallReplacementClassAdapter - Adding mock interface to class org/springframework/context/annotation/ClassPathBeanDefinitionScanner
05:24:30.380 [main] INFO org.evosuite.runtime.instrumentation.CreateClassResetClassAdapter - Creating brand-new static initializer in class org/springframework/context/annotation/ClassPathBeanDefinitionScanner
05:24:30.381 [main] DEBUG org.evosuite.runtime.agent.TransformerForTests - Going to instrument: org.springframework.context.annotation.ClassPathScanningCandidateComponentProvider
05:24:30.381 [main] INFO org.evosuite.runtime.instrumentation.MethodCallReplacementClassAdapter - Adding mock interface to class org/springframework/context/annotation/ClassPathScanningCandidateComponentProvider
05:24:30.383 [main] INFO org.evosuite.runtime.instrumentation.CreateClassResetClassAdapter - Creating brand-new static initializer in class org/springframework/context/annotation/ClassPathScanningCandidateComponentProvider
05:24:30.383 [main] INFO org.evosuite.runtime.instrumentation.CreateClassResetClassAdapter - Adding bytecode for initializing field DEFAULT_RESOURCE_PATTERN
05:24:30.384 [main] DEBUG org.evosuite.runtime.agent.TransformerForTests - Going to instrument: org.springframework.core.type.classreading.MetadataReaderFactory
05:24:30.384 [main] DEBUG org.evosuite.runtime.agent.TransformerForTests - Going to instrument: org.springframework.beans.factory.annotation.AnnotatedBeanDefinition
05:24:30.385 [main] DEBUG org.evosuite.runtime.agent.TransformerForTests - Going to instrument: org.springframework.context.annotation.ConflictingBeanDefinitionException
05:24:30.385 [main] INFO org.evosuite.runtime.instrumentation.MethodCallReplacementClassAdapter - Adding mock interface to class org/springframework/context/annotation/ConflictingBeanDefinitionException
05:24:30.385 [main] INFO org.evosuite.runtime.instrumentation.CreateClassResetClassAdapter - Creating brand-new static initializer in class org/springframework/context/annotation/ConflictingBeanDefinitionException
05:24:30.385 [main] DEBUG org.evosuite.runtime.agent.TransformerForTests - Going to instrument: org.springframework.data.annotation.ReadOnlyProperty
05:24:30.386 [main] DEBUG org.evosuite.runtime.agent.TransformerForTests - Going to instrument: org.springframework.data.util.ClassTypeInformation
05:24:30.386 [main] INFO org.evosuite.runtime.instrumentation.MethodCallReplacementClassAdapter - Adding mock interface to class org/springframework/data/util/ClassTypeInformation
05:24:30.386 [main] INFO org.evosuite.runtime.instrumentation.CreateClassResetClassAdapter - Found static initializer in class org/springframework/data/util/ClassTypeInformation
05:24:30.387 [main] DEBUG org.evosuite.runtime.agent.TransformerForTests - Going to instrument: org.springframework.core.GenericTypeResolver
05:24:30.387 [main] INFO org.evosuite.runtime.instrumentation.MethodCallReplacementClassAdapter - Adding mock interface to class org/springframework/core/GenericTypeResolver
05:24:30.388 [main] INFO org.evosuite.runtime.instrumentation.CreateClassResetClassAdapter - Found static initializer in class org/springframework/core/GenericTypeResolver
05:24:30.391 [main] DEBUG org.evosuite.runtime.agent.TransformerForTests - Going to instrument: org.springframework.util.ConcurrentReferenceHashMap$WeakEntryReference
05:24:30.391 [main] INFO org.evosuite.runtime.instrumentation.MethodCallReplacementClassAdapter - Adding mock interface to class org/springframework/util/ConcurrentReferenceHashMap$WeakEntryReference
05:24:30.391 [main] INFO org.evosuite.runtime.instrumentation.CreateClassResetClassAdapter - Creating brand-new static initializer in class org/springframework/util/ConcurrentReferenceHashMap$WeakEntryReference
05:24:30.392 [main] DEBUG org.evosuite.runtime.agent.TransformerForTests - Going to instrument: org.springframework.data.util.ParameterizedTypeInformation
05:24:30.393 [main] INFO org.evosuite.runtime.instrumentation.MethodCallReplacementClassAdapter - Adding mock interface to class org/springframework/data/util/ParameterizedTypeInformation
05:24:30.394 [main] INFO org.evosuite.runtime.instrumentation.CreateClassResetClassAdapter - Creating brand-new static initializer in class org/springframework/data/util/ParameterizedTypeInformation
05:24:30.395 [main] DEBUG org.evosuite.runtime.agent.TransformerForTests - Going to instrument: org.springframework.context.annotation.AnnotatedBeanDefinitionReader
05:24:30.395 [main] INFO org.evosuite.runtime.instrumentation.MethodCallReplacementClassAdapter - Adding mock interface to class org/springframework/context/annotation/AnnotatedBeanDefinitionReader
05:24:30.396 [main] INFO org.evosuite.runtime.instrumentation.CreateClassResetClassAdapter - Creating brand-new static initializer in class org/springframework/context/annotation/AnnotatedBeanDefinitionReader
05:24:30.397 [main] DEBUG org.evosuite.runtime.agent.TransformerForTests - Going to instrument: net.bytebuddy.build.RepeatedAnnotationPlugin$RepeatedAnnotationAppender
05:24:30.397 [main] INFO org.evosuite.runtime.instrumentation.MethodCallReplacementClassAdapter - Adding mock interface to class net/bytebuddy/build/RepeatedAnnotationPlugin$RepeatedAnnotationAppender
05:24:30.397 [main] INFO org.evosuite.runtime.instrumentation.CreateClassResetClassAdapter - Creating brand-new static initializer in class net/bytebuddy/build/RepeatedAnnotationPlugin$RepeatedAnnotationAppender
05:24:30.397 [main] DEBUG org.evosuite.runtime.agent.TransformerForTests - Going to instrument: net.bytebuddy.implementation.attribute.TypeAttributeAppender
05:24:30.398 [main] DEBUG org.evosuite.runtime.agent.TransformerForTests - Going to instrument: org.springframework.core.convert.support.CharacterToNumberFactory$CharacterToNumber
05:24:30.398 [main] INFO org.evosuite.runtime.instrumentation.MethodCallReplacementClassAdapter - Adding mock interface to class org/springframework/core/convert/support/CharacterToNumberFactory$CharacterToNumber
05:24:30.398 [main] INFO org.evosuite.runtime.instrumentation.CreateClassResetClassAdapter - Creating brand-new static initializer in class org/springframework/core/convert/support/CharacterToNumberFactory$CharacterToNumber
05:24:30.399 [main] DEBUG org.evosuite.runtime.agent.TransformerForTests - Going to instrument: org.apache.commons.io.filefilter.AgeFileFilter
05:24:30.399 [main] INFO org.evosuite.runtime.instrumentation.MethodCallReplacementClassAdapter - Adding mock interface to class org/apache/commons/io/filefilter/AgeFileFilter
05:24:30.399 [main] INFO org.evosuite.runtime.instrumentation.CreateClassResetClassAdapter - Creating brand-new static initializer in class org/apache/commons/io/filefilter/AgeFileFilter
05:24:30.400 [main] DEBUG org.evosuite.runtime.agent.TransformerForTests - Going to instrument: org.springframework.util.PropertyPlaceholderHelper
05:24:30.400 [main] INFO org.evosuite.runtime.instrumentation.MethodCallReplacementClassAdapter - Adding mock interface to class org/springframework/util/PropertyPlaceholderHelper
05:24:30.401 [main] INFO org.evosuite.runtime.instrumentation.CreateClassResetClassAdapter - Found static initializer in class org/springframework/util/PropertyPlaceholderHelper
05:24:30.401 [main] DEBUG org.evosuite.runtime.agent.TransformerForTests - Going to instrument: org.springframework.core.convert.support.ArrayToObjectConverter
05:24:30.401 [main] INFO org.evosuite.runtime.instrumentation.MethodCallReplacementClassAdapter - Adding mock interface to class org/springframework/core/convert/support/ArrayToObjectConverter
05:24:30.402 [main] INFO org.evosuite.runtime.instrumentation.CreateClassResetClassAdapter - Creating brand-new static initializer in class org/springframework/core/convert/support/ArrayToObjectConverter
05:24:30.402 [main] DEBUG org.evosuite.runtime.agent.TransformerForTests - Going to instrument: org.springframework.format.support.FormattingConversionService$ParserConverter
05:24:30.402 [main] INFO org.evosuite.runtime.instrumentation.MethodCallReplacementClassAdapter - Adding mock interface to class org/springframework/format/support/FormattingConversionService$ParserConverter
05:24:30.403 [main] INFO org.evosuite.runtime.instrumentation.CreateClassResetClassAdapter - Creating brand-new static initializer in class org/springframework/format/support/FormattingConversionService$ParserConverter
05:24:30.403 [main] DEBUG org.evosuite.runtime.agent.TransformerForTests - Going to instrument: org.springframework.beans.factory.annotation.InjectionMetadata
05:24:30.403 [main] INFO org.evosuite.runtime.instrumentation.MethodCallReplacementClassAdapter - Adding mock interface to class org/springframework/beans/factory/annotation/InjectionMetadata
05:24:30.404 [main] INFO org.evosuite.runtime.instrumentation.CreateClassResetClassAdapter - Found static initializer in class org/springframework/beans/factory/annotation/InjectionMetadata
05:24:30.404 [main] DEBUG org.evosuite.runtime.agent.TransformerForTests - Going to instrument: org.springframework.beans.factory.annotation.InjectionMetadata$1
05:24:30.404 [main] INFO org.evosuite.runtime.instrumentation.MethodCallReplacementClassAdapter - Adding mock interface to class org/springframework/beans/factory/annotation/InjectionMetadata$1
05:24:30.405 [main] DEBUG org.evosuite.runtime.agent.TransformerForTests - Going to instrument: org.hibernate.annotations.Generated
05:24:30.405 [main] DEBUG org.evosuite.runtime.agent.TransformerForTests - Going to instrument: org.springframework.beans.factory.config.ObjectFactoryCreatingFactoryBean$TargetBeanObjectFactory
05:24:30.405 [main] INFO org.evosuite.runtime.instrumentation.MethodCallReplacementClassAdapter - Adding mock interface to class org/springframework/beans/factory/config/ObjectFactoryCreatingFactoryBean$TargetBeanObjectFactory
05:24:30.405 [main] INFO org.evosuite.runtime.instrumentation.CreateClassResetClassAdapter - Creating brand-new static initializer in class org/springframework/beans/factory/config/ObjectFactoryCreatingFactoryBean$TargetBeanObjectFactory
05:24:30.406 [main] DEBUG org.evosuite.runtime.agent.TransformerForTests - Going to instrument: org.hibernate.annotations.GenericGenerators
05:24:30.406 [main] DEBUG org.evosuite.runtime.agent.TransformerForTests - Going to instrument: org.springframework.beans.PropertyEditorRegistrySupport$CustomEditorHolder
05:24:30.406 [main] INFO org.evosuite.runtime.instrumentation.MethodCallReplacementClassAdapter - Adding mock interface to class org/springframework/beans/PropertyEditorRegistrySupport$CustomEditorHolder
05:24:30.407 [main] INFO org.evosuite.runtime.instrumentation.CreateClassResetClassAdapter - Creating brand-new static initializer in class org/springframework/beans/PropertyEditorRegistrySupport$CustomEditorHolder
05:24:30.407 [main] DEBUG org.evosuite.runtime.agent.TransformerForTests - Going to instrument: org.assertj.core.annotations.Beta
05:24:30.408 [main] DEBUG org.evosuite.runtime.agent.TransformerForTests - Going to instrument: org.springframework.context.support.AbstractXmlApplicationContext
05:24:30.408 [main] INFO org.evosuite.runtime.instrumentation.MethodCallReplacementClassAdapter - Adding mock interface to class org/springframework/context/support/AbstractXmlApplicationContext
05:24:30.408 [main] INFO org.evosuite.runtime.instrumentation.CreateClassResetClassAdapter - Creating brand-new static initializer in class org/springframework/context/support/AbstractXmlApplicationContext
05:24:30.409 [main] DEBUG org.evosuite.runtime.agent.TransformerForTests - Going to instrument: org.springframework.test.annotation.Commit
05:24:30.409 [main] DEBUG org.evosuite.runtime.agent.TransformerForTests - Going to instrument: org.springframework.beans.BeanMetadataAttribute
05:24:30.410 [main] INFO org.evosuite.runtime.instrumentation.MethodCallReplacementClassAdapter - Adding mock interface to class org/springframework/beans/BeanMetadataAttribute
05:24:30.410 [main] INFO org.evosuite.runtime.instrumentation.CreateClassResetClassAdapter - Creating brand-new static initializer in class org/springframework/beans/BeanMetadataAttribute
05:24:30.410 [main] DEBUG org.evosuite.runtime.agent.TransformerForTests - Going to instrument: org.springframework.boot.autoconfigure.AutoConfigureAfter
05:24:30.411 [main] DEBUG org.evosuite.runtime.agent.TransformerForTests - Going to instrument: org.springframework.asm.ConstantDynamic
05:24:30.411 [main] INFO org.evosuite.runtime.instrumentation.MethodCallReplacementClassAdapter - Adding mock interface to class org/springframework/asm/ConstantDynamic
05:24:30.411 [main] INFO org.evosuite.runtime.instrumentation.CreateClassResetClassAdapter - Creating brand-new static initializer in class org/springframework/asm/ConstantDynamic
05:24:30.411 [main] DEBUG org.evosuite.runtime.agent.TransformerForTests - Going to instrument: org.springframework.lang.Nullable
05:24:30.412 [main] DEBUG org.evosuite.runtime.agent.TransformerForTests - Going to instrument: org.springframework.stereotype.Indexed
05:24:30.412 [main] DEBUG org.evosuite.runtime.agent.TransformerForTests - Going to instrument: org.objenesis.instantiator.annotations.Instantiator
05:24:30.412 [main] DEBUG org.evosuite.runtime.agent.TransformerForTests - Going to instrument: org.springframework.beans.factory.annotation.AnnotatedGenericBeanDefinition
05:24:30.412 [main] INFO org.evosuite.runtime.instrumentation.MethodCallReplacementClassAdapter - Adding mock interface to class org/springframework/beans/factory/annotation/AnnotatedGenericBeanDefinition
05:24:30.413 [main] INFO org.evosuite.runtime.instrumentation.CreateClassResetClassAdapter - Creating brand-new static initializer in class org/springframework/beans/factory/annotation/AnnotatedGenericBeanDefinition
05:24:30.413 [main] DEBUG org.evosuite.runtime.agent.TransformerForTests - Going to instrument: org.springframework.format.support.FormattingConversionService$AnnotationParserConverter
05:24:30.413 [main] INFO org.evosuite.runtime.instrumentation.MethodCallReplacementClassAdapter - Adding mock interface to class org/springframework/format/support/FormattingConversionService$AnnotationParserConverter
05:24:30.415 [main] INFO org.evosuite.runtime.instrumentation.CreateClassResetClassAdapter - Creating brand-new static initializer in class org/springframework/format/support/FormattingConversionService$AnnotationParserConverter
05:24:30.415 [main] DEBUG org.evosuite.runtime.agent.TransformerForTests - Going to instrument: org.springframework.boot.convert.StringToPeriodConverter
05:24:30.415 [main] INFO org.evosuite.runtime.instrumentation.MethodCallReplacementClassAdapter - Adding mock interface to class org/springframework/boot/convert/StringToPeriodConverter
05:24:30.415 [main] INFO org.evosuite.runtime.instrumentation.CreateClassResetClassAdapter - Creating brand-new static initializer in class org/springframework/boot/convert/StringToPeriodConverter
05:24:30.416 [main] DEBUG org.evosuite.runtime.agent.TransformerForTests - Going to instrument: org.springframework.expression.spel.support.StandardTypeLocator
05:24:30.416 [main] INFO org.evosuite.runtime.instrumentation.MethodCallReplacementClassAdapter - Adding mock interface to class org/springframework/expression/spel/support/StandardTypeLocator
05:24:30.416 [main] INFO org.evosuite.runtime.instrumentation.CreateClassResetClassAdapter - Creating brand-new static initializer in class org/springframework/expression/spel/support/StandardTypeLocator
05:24:30.416 [main] DEBUG org.evosuite.runtime.agent.TransformerForTests - Going to instrument: net.bytebuddy.asm.Advice$AssignReturned$ToArguments
05:24:30.417 [main] DEBUG org.evosuite.runtime.agent.TransformerForTests - Going to instrument: org.springframework.core.serializer.support.SerializingConverter
05:24:30.417 [main] INFO org.evosuite.runtime.instrumentation.MethodCallReplacementClassAdapter - Adding mock interface to class org/springframework/core/serializer/support/SerializingConverter
05:24:30.417 [main] INFO org.evosuite.runtime.instrumentation.CreateClassResetClassAdapter - Creating brand-new static initializer in class org/springframework/core/serializer/support/SerializingConverter
05:24:30.417 [main] DEBUG org.evosuite.runtime.agent.TransformerForTests - Going to instrument: org.springframework.expression.spel.support.ReflectivePropertyAccessor$PropertyCacheKey
05:24:30.417 [main] INFO org.evosuite.runtime.instrumentation.MethodCallReplacementClassAdapter - Adding mock interface to class org/springframework/expression/spel/support/ReflectivePropertyAccessor$PropertyCacheKey
05:24:30.418 [main] INFO org.evosuite.runtime.instrumentation.CreateClassResetClassAdapter - Creating brand-new static initializer in class org/springframework/expression/spel/support/ReflectivePropertyAccessor$PropertyCacheKey
05:24:30.418 [main] DEBUG org.evosuite.runtime.agent.TransformerForTests - Going to instrument: net.bytebuddy.utility.nullability.UnknownNull
05:24:30.418 [main] DEBUG org.evosuite.runtime.agent.TransformerForTests - Going to instrument: org.springframework.cache.annotation.CachingConfigurationSelector
05:24:30.418 [main] INFO org.evosuite.runtime.instrumentation.MethodCallReplacementClassAdapter - Adding mock interface to class org/springframework/cache/annotation/CachingConfigurationSelector
05:24:30.418 [main] INFO org.evosuite.runtime.instrumentation.CreateClassResetClassAdapter - Found static initializer in class org/springframework/cache/annotation/CachingConfigurationSelector
05:24:30.420 [main] DEBUG org.evosuite.runtime.agent.TransformerForTests - Going to instrument: org.springframework.expression.spel.support.ReflectivePropertyAccessor
05:24:30.421 [main] INFO org.evosuite.runtime.instrumentation.MethodCallReplacementClassAdapter - Adding mock interface to class org/springframework/expression/spel/support/ReflectivePropertyAccessor
05:24:30.423 [main] INFO org.evosuite.runtime.instrumentation.CreateClassResetClassAdapter - Found static initializer in class org/springframework/expression/spel/support/ReflectivePropertyAccessor
05:24:30.425 [main] DEBUG org.evosuite.runtime.agent.TransformerForTests - Going to instrument: org.springframework.test.annotation.DirtiesContext
05:24:30.425 [main] DEBUG org.evosuite.runtime.agent.TransformerForTests - Going to instrument: org.springframework.data.annotation.PersistenceCreator
05:24:30.426 [main] DEBUG org.evosuite.runtime.agent.TransformerForTests - Going to instrument: org.springframework.context.support.FileSystemXmlApplicationContext
05:24:30.426 [main] INFO org.evosuite.runtime.instrumentation.MethodCallReplacementClassAdapter - Adding mock interface to class org/springframework/context/support/FileSystemXmlApplicationContext
05:24:30.426 [main] INFO org.evosuite.runtime.instrumentation.CreateClassResetClassAdapter - Creating brand-new static initializer in class org/springframework/context/support/FileSystemXmlApplicationContext
05:24:30.426 [main] DEBUG org.evosuite.runtime.agent.TransformerForTests - Going to instrument: org.hibernate.annotations.Proxy
05:24:30.427 [main] DEBUG org.evosuite.runtime.agent.TransformerForTests - Going to instrument: org.apache.commons.io.file.Counters$BigIntegerPathCounters
05:24:30.427 [main] INFO org.evosuite.runtime.instrumentation.MethodCallReplacementClassAdapter - Adding mock interface to class org/apache/commons/io/file/Counters$BigIntegerPathCounters
05:24:30.427 [main] INFO org.evosuite.runtime.instrumentation.CreateClassResetClassAdapter - Creating brand-new static initializer in class org/apache/commons/io/file/Counters$BigIntegerPathCounters
05:24:30.427 [main] DEBUG org.evosuite.runtime.agent.TransformerForTests - Going to instrument: org.springframework.boot.convert.CharSequenceToObjectConverter
05:24:30.427 [main] INFO org.evosuite.runtime.instrumentation.MethodCallReplacementClassAdapter - Adding mock interface to class org/springframework/boot/convert/CharSequenceToObjectConverter
05:24:30.428 [main] INFO org.evosuite.runtime.instrumentation.CreateClassResetClassAdapter - Found static initializer in class org/springframework/boot/convert/CharSequenceToObjectConverter
05:24:30.428 [main] DEBUG org.evosuite.runtime.agent.TransformerForTests - Going to instrument: org.aspectj.lang.annotation.Aspect
05:24:30.429 [main] DEBUG org.evosuite.runtime.agent.TransformerForTests - Going to instrument: io.micrometer.core.instrument.StrongReferenceGaugeFunction
05:24:30.429 [main] INFO org.evosuite.runtime.instrumentation.MethodCallReplacementClassAdapter - Adding mock interface to class io/micrometer/core/instrument/StrongReferenceGaugeFunction
05:24:30.429 [main] INFO org.evosuite.runtime.instrumentation.CreateClassResetClassAdapter - Creating brand-new static initializer in class io/micrometer/core/instrument/StrongReferenceGaugeFunction
05:24:30.430 [main] DEBUG org.evosuite.runtime.agent.TransformerForTests - Going to instrument: org.springframework.boot.autoconfigure.SharedMetadataReaderFactoryContextInitializer$ConfigurationClassPostProcessorCustomizingSupplier
05:24:30.430 [main] INFO org.evosuite.runtime.instrumentation.MethodCallReplacementClassAdapter - Adding mock interface to class org/springframework/boot/autoconfigure/SharedMetadataReaderFactoryContextInitializer$ConfigurationClassPostProcessorCustomizingSupplier
05:24:30.430 [main] INFO org.evosuite.runtime.instrumentation.CreateClassResetClassAdapter - Creating brand-new static initializer in class org/springframework/boot/autoconfigure/SharedMetadataReaderFactoryContextInitializer$ConfigurationClassPostProcessorCustomizingSupplier
05:24:30.430 [main] DEBUG org.evosuite.runtime.agent.TransformerForTests - Going to instrument: org.springframework.data.annotation.AccessType
05:24:30.430 [main] DEBUG org.evosuite.runtime.agent.TransformerForTests - Going to instrument: org.assertj.core.util.VisibleForTesting
05:24:30.431 [main] DEBUG org.evosuite.runtime.agent.TransformerForTests - Going to instrument: org.assertj.core.util.CanIgnoreReturnValue
05:24:30.431 [main] DEBUG org.evosuite.runtime.agent.TransformerForTests - Going to instrument: org.springframework.asm.Context
05:24:30.431 [main] INFO org.evosuite.runtime.instrumentation.MethodCallReplacementClassAdapter - Adding mock interface to class org/springframework/asm/Context
05:24:30.431 [main] INFO org.evosuite.runtime.instrumentation.CreateClassResetClassAdapter - Creating brand-new static initializer in class org/springframework/asm/Context
05:24:30.431 [main] DEBUG org.evosuite.runtime.agent.TransformerForTests - Going to instrument: org.hibernate.annotations.Any
05:24:30.432 [main] DEBUG org.evosuite.runtime.agent.TransformerForTests - Going to instrument: org.springframework.test.context.TestConstructor
05:24:30.432 [main] DEBUG org.evosuite.runtime.agent.TransformerForTests - Going to instrument: org.springframework.context.annotation.ImportResource
05:24:30.432 [main] DEBUG org.evosuite.runtime.agent.TransformerForTests - Going to instrument: org.hibernate.annotations.Type
05:24:30.433 [main] DEBUG org.evosuite.runtime.agent.TransformerForTests - Going to instrument: org.apache.commons.io.filefilter.HiddenFileFilter
05:24:30.433 [main] INFO org.evosuite.runtime.instrumentation.MethodCallReplacementClassAdapter - Adding mock interface to class org/apache/commons/io/filefilter/HiddenFileFilter
05:24:30.433 [main] INFO org.evosuite.runtime.instrumentation.CreateClassResetClassAdapter - Found static initializer in class org/apache/commons/io/filefilter/HiddenFileFilter
05:24:30.434 [main] DEBUG org.evosuite.runtime.agent.TransformerForTests - Going to instrument: org.springframework.boot.autoconfigure.flyway.FlywayAutoConfiguration$StringOrNumberToMigrationVersionConverter
05:24:30.434 [main] INFO org.evosuite.runtime.instrumentation.MethodCallReplacementClassAdapter - Adding mock interface to class org/springframework/boot/autoconfigure/flyway/FlywayAutoConfiguration$StringOrNumberToMigrationVersionConverter
05:24:30.434 [main] INFO org.evosuite.runtime.instrumentation.CreateClassResetClassAdapter - Found static initializer in class org/springframework/boot/autoconfigure/flyway/FlywayAutoConfiguration$StringOrNumberToMigrationVersionConverter
05:24:30.434 [main] ERROR org.evosuite.runtime.classhandling.ClassStateSupport - Could not initialize org.springframework.boot.autoconfigure.flyway.FlywayAutoConfiguration$StringOrNumberToMigrationVersionConverter: org/flywaydb/core/api/MigrationVersion
05:24:30.435 [main] DEBUG org.evosuite.runtime.agent.TransformerForTests - Going to instrument: org.hibernate.annotations.Table
05:24:30.435 [main] DEBUG org.evosuite.runtime.agent.TransformerForTests - Going to instrument: net.bytebuddy.matcher.ElementMatcher$Junction
05:24:30.435 [main] DEBUG org.evosuite.runtime.agent.TransformerForTests - Going to instrument: org.springframework.asm.CurrentFrame
05:24:30.435 [main] INFO org.evosuite.runtime.instrumentation.MethodCallReplacementClassAdapter - Adding mock interface to class org/springframework/asm/CurrentFrame
05:24:30.435 [main] INFO org.evosuite.runtime.instrumentation.CreateClassResetClassAdapter - Creating brand-new static initializer in class org/springframework/asm/CurrentFrame
05:24:30.436 [main] DEBUG org.evosuite.runtime.agent.TransformerForTests - Going to instrument: org.springframework.asm.MethodTooLargeException
05:24:30.436 [main] INFO org.evosuite.runtime.instrumentation.MethodCallReplacementClassAdapter - Adding mock interface to class org/springframework/asm/MethodTooLargeException
05:24:30.437 [main] INFO org.evosuite.runtime.instrumentation.CreateClassResetClassAdapter - Creating brand-new static initializer in class org/springframework/asm/MethodTooLargeException
05:24:30.437 [main] DEBUG org.evosuite.runtime.agent.TransformerForTests - Going to instrument: com.fasterxml.jackson.annotation.JsonEnumDefaultValue
05:24:30.439 [main] DEBUG org.evosuite.runtime.agent.TransformerForTests - Going to instrument: net.bytebuddy.build.CachedReturnPlugin
05:24:30.439 [main] INFO org.evosuite.runtime.instrumentation.MethodCallReplacementClassAdapter - Adding mock interface to class net/bytebuddy/build/CachedReturnPlugin
05:24:30.440 [main] INFO org.evosuite.runtime.instrumentation.CreateClassResetClassAdapter - Found static initializer in class net/bytebuddy/build/CachedReturnPlugin
05:24:30.441 [main] DEBUG org.evosuite.runtime.agent.TransformerForTests - Going to instrument: net.bytebuddy.build.Plugin$ForElementMatcher
05:24:30.441 [main] INFO org.evosuite.runtime.instrumentation.MethodCallReplacementClassAdapter - Adding mock interface to class net/bytebuddy/build/Plugin$ForElementMatcher
05:24:30.441 [main] INFO org.evosuite.runtime.instrumentation.CreateClassResetClassAdapter - Creating brand-new static initializer in class net/bytebuddy/build/Plugin$ForElementMatcher
05:24:30.442 [main] DEBUG org.evosuite.runtime.agent.TransformerForTests - Going to instrument: net.bytebuddy.asm.AsmVisitorWrapper
05:24:30.443 [main] DEBUG org.evosuite.runtime.agent.TransformerForTests - Going to instrument: net.bytebuddy.build.CachedReturnPlugin$Enhance
05:24:30.443 [main] ERROR org.evosuite.runtime.classhandling.ClassStateSupport - Could not initialize net.bytebuddy.build.CachedReturnPlugin: Could not initialize class net.bytebuddy.description.type.TypeDescription$ForLoadedType
05:24:30.443 [main] DEBUG org.evosuite.runtime.agent.TransformerForTests - Going to instrument: org.springframework.lang.UsesSunHttpServer
05:24:30.444 [main] DEBUG org.evosuite.runtime.agent.TransformerForTests - Going to instrument: org.springframework.test.context.DynamicPropertySource
05:24:30.444 [main] DEBUG org.evosuite.runtime.agent.TransformerForTests - Going to instrument: org.springframework.core.convert.support.GenericConversionService$ConverterAdapter
05:24:30.444 [main] INFO org.evosuite.runtime.instrumentation.MethodCallReplacementClassAdapter - Adding mock interface to class org/springframework/core/convert/support/GenericConversionService$ConverterAdapter
05:24:30.444 [main] INFO org.evosuite.runtime.instrumentation.CreateClassResetClassAdapter - Creating brand-new static initializer in class org/springframework/core/convert/support/GenericConversionService$ConverterAdapter
05:24:30.445 [main] DEBUG org.evosuite.runtime.agent.TransformerForTests - Going to instrument: org.springframework.core.convert.support.CharacterToNumberFactory
05:24:30.445 [main] INFO org.evosuite.runtime.instrumentation.MethodCallReplacementClassAdapter - Adding mock interface to class org/springframework/core/convert/support/CharacterToNumberFactory
05:24:30.445 [main] INFO org.evosuite.runtime.instrumentation.CreateClassResetClassAdapter - Creating brand-new static initializer in class org/springframework/core/convert/support/CharacterToNumberFactory
05:24:30.445 [main] DEBUG org.evosuite.runtime.agent.TransformerForTests - Going to instrument: org.springframework.context.annotation.AspectJAutoProxyRegistrar
05:24:30.445 [main] INFO org.evosuite.runtime.instrumentation.MethodCallReplacementClassAdapter - Adding mock interface to class org/springframework/context/annotation/AspectJAutoProxyRegistrar
05:24:30.445 [main] INFO org.evosuite.runtime.instrumentation.CreateClassResetClassAdapter - Creating brand-new static initializer in class org/springframework/context/annotation/AspectJAutoProxyRegistrar
05:24:30.446 [main] DEBUG org.evosuite.runtime.agent.TransformerForTests - Going to instrument: io.micrometer.core.lang.NonNull
05:24:30.446 [main] DEBUG org.evosuite.runtime.agent.TransformerForTests - Going to instrument: org.springframework.core.io.FileSystemResourceLoader
05:24:30.446 [main] INFO org.evosuite.runtime.instrumentation.MethodCallReplacementClassAdapter - Adding mock interface to class org/springframework/core/io/FileSystemResourceLoader
05:24:30.446 [main] INFO org.evosuite.runtime.instrumentation.CreateClassResetClassAdapter - Creating brand-new static initializer in class org/springframework/core/io/FileSystemResourceLoader
05:24:30.446 [main] DEBUG org.evosuite.runtime.agent.TransformerForTests - Going to instrument: org.mockito.Captor
05:24:30.447 [main] DEBUG org.evosuite.runtime.agent.TransformerForTests - Going to instrument: org.springframework.data.geo.Distance
05:24:30.447 [main] INFO org.evosuite.runtime.instrumentation.MethodCallReplacementClassAdapter - Adding mock interface to class org/springframework/data/geo/Distance
05:24:30.447 [main] INFO org.evosuite.runtime.instrumentation.CreateClassResetClassAdapter - Creating brand-new static initializer in class org/springframework/data/geo/Distance
05:24:30.448 [main] DEBUG org.evosuite.runtime.agent.TransformerForTests - Going to instrument: org.springframework.data.util.Sink
05:24:30.448 [main] INFO org.evosuite.runtime.instrumentation.MethodCallReplacementClassAdapter - Adding mock interface to class org/springframework/data/util/Sink
05:24:30.448 [main] INFO org.evosuite.runtime.instrumentation.CreateClassResetClassAdapter - Creating brand-new static initializer in class org/springframework/data/util/Sink
05:24:30.448 [main] DEBUG org.evosuite.runtime.agent.TransformerForTests - Going to instrument: org.springframework.boot.autoconfigure.jdbc.DataSourceAutoConfiguration
05:24:30.448 [main] INFO org.evosuite.runtime.instrumentation.MethodCallReplacementClassAdapter - Adding mock interface to class org/springframework/boot/autoconfigure/jdbc/DataSourceAutoConfiguration
05:24:30.448 [main] INFO org.evosuite.runtime.instrumentation.CreateClassResetClassAdapter - Creating brand-new static initializer in class org/springframework/boot/autoconfigure/jdbc/DataSourceAutoConfiguration
05:24:30.449 [main] DEBUG org.evosuite.runtime.agent.TransformerForTests - Going to instrument: org.apache.commons.io.filefilter.OrFileFilter
05:24:30.449 [main] INFO org.evosuite.runtime.instrumentation.MethodCallReplacementClassAdapter - Adding mock interface to class org/apache/commons/io/filefilter/OrFileFilter
05:24:30.449 [main] INFO org.evosuite.runtime.instrumentation.CreateClassResetClassAdapter - Creating brand-new static initializer in class org/apache/commons/io/filefilter/OrFileFilter
05:24:30.450 [main] DEBUG org.evosuite.runtime.agent.TransformerForTests - Going to instrument: org.springframework.core.io.VfsResource
05:24:30.450 [main] INFO org.evosuite.runtime.instrumentation.MethodCallReplacementClassAdapter - Adding mock interface to class org/springframework/core/io/VfsResource
05:24:30.450 [main] INFO org.evosuite.runtime.instrumentation.CreateClassResetClassAdapter - Creating brand-new static initializer in class org/springframework/core/io/VfsResource
05:24:30.450 [main] DEBUG org.evosuite.runtime.agent.TransformerForTests - Going to instrument: net.bytebuddy.utility.dispatcher.JavaDispatcher$DirectInvoker
05:24:30.450 [main] INFO org.evosuite.runtime.instrumentation.MethodCallReplacementClassAdapter - Adding mock interface to class net/bytebuddy/utility/dispatcher/JavaDispatcher$DirectInvoker
05:24:30.451 [main] INFO org.evosuite.runtime.instrumentation.CreateClassResetClassAdapter - Creating brand-new static initializer in class net/bytebuddy/utility/dispatcher/JavaDispatcher$DirectInvoker
05:24:30.452 [main] DEBUG org.evosuite.runtime.agent.TransformerForTests - Going to instrument: org.springframework.beans.TypeConverterDelegate
05:24:30.452 [main] INFO org.evosuite.runtime.instrumentation.MethodCallReplacementClassAdapter - Adding mock interface to class org/springframework/beans/TypeConverterDelegate
05:24:30.458 [main] INFO org.evosuite.runtime.instrumentation.CreateClassResetClassAdapter - Found static initializer in class org/springframework/beans/TypeConverterDelegate
05:24:30.460 [main] DEBUG org.evosuite.runtime.agent.TransformerForTests - Going to instrument: org.hibernate.annotations.SQLUpdate
05:24:30.460 [main] DEBUG org.evosuite.runtime.agent.TransformerForTests - Going to instrument: com.fasterxml.jackson.annotation.JsonPropertyDescription
05:24:30.461 [main] DEBUG org.evosuite.runtime.agent.TransformerForTests - Going to instrument: org.springframework.transaction.event.TransactionalEventListener
05:24:30.461 [main] DEBUG org.evosuite.runtime.agent.TransformerForTests - Going to instrument: net.bytebuddy.implementation.auxiliary.AuxiliaryType
05:24:30.461 [main] DEBUG org.evosuite.runtime.agent.TransformerForTests - Going to instrument: net.bytebuddy.description.modifier.ModifierContributor$ForType
05:24:30.462 [main] DEBUG org.evosuite.runtime.agent.TransformerForTests - Going to instrument: net.bytebuddy.description.modifier.ModifierContributor
05:24:30.462 [main] DEBUG org.evosuite.runtime.agent.TransformerForTests - Going to instrument: net.bytebuddy.description.modifier.SyntheticState
05:24:30.462 [main] INFO org.evosuite.runtime.instrumentation.MethodCallReplacementClassAdapter - Adding mock interface to class net/bytebuddy/description/modifier/SyntheticState
05:24:30.462 [main] INFO org.evosuite.runtime.instrumentation.CreateClassResetClassAdapter - Found static initializer in class net/bytebuddy/description/modifier/SyntheticState
05:24:30.462 [main] DEBUG org.evosuite.runtime.agent.TransformerForTests - Going to instrument: net.bytebuddy.description.modifier.ModifierContributor$ForMethod
05:24:30.463 [main] DEBUG org.evosuite.runtime.agent.TransformerForTests - Going to instrument: net.bytebuddy.description.modifier.ModifierContributor$ForField
05:24:30.463 [main] DEBUG org.evosuite.runtime.agent.TransformerForTests - Going to instrument: net.bytebuddy.description.modifier.ModifierContributor$ForParameter
05:24:30.463 [main] DEBUG org.evosuite.runtime.agent.TransformerForTests - Going to instrument: com.fasterxml.jackson.annotation.JacksonAnnotationsInside
05:24:30.463 [main] DEBUG org.evosuite.runtime.agent.TransformerForTests - Going to instrument: org.hibernate.annotations.CollectionType
05:24:30.464 [main] DEBUG org.evosuite.runtime.agent.TransformerForTests - Going to instrument: net.minidev.json.annotate.JsonIgnore
05:24:30.464 [main] DEBUG org.evosuite.runtime.agent.TransformerForTests - Going to instrument: org.springframework.beans.factory.config.BeanExpressionContext
05:24:30.464 [main] INFO org.evosuite.runtime.instrumentation.MethodCallReplacementClassAdapter - Adding mock interface to class org/springframework/beans/factory/config/BeanExpressionContext
05:24:30.464 [main] INFO org.evosuite.runtime.instrumentation.CreateClassResetClassAdapter - Creating brand-new static initializer in class org/springframework/beans/factory/config/BeanExpressionContext
05:24:30.465 [main] DEBUG org.evosuite.runtime.agent.TransformerForTests - Going to instrument: org.springframework.core.convert.support.StringToCollectionConverter
05:24:30.465 [main] INFO org.evosuite.runtime.instrumentation.MethodCallReplacementClassAdapter - Adding mock interface to class org/springframework/core/convert/support/StringToCollectionConverter
05:24:30.465 [main] INFO org.evosuite.runtime.instrumentation.CreateClassResetClassAdapter - Creating brand-new static initializer in class org/springframework/core/convert/support/StringToCollectionConverter
05:24:30.466 [main] DEBUG org.evosuite.runtime.agent.TransformerForTests - Going to instrument: org.aspectj.runtime.internal.AroundClosure
05:24:30.466 [main] INFO org.evosuite.runtime.instrumentation.MethodCallReplacementClassAdapter - Adding mock interface to class org/aspectj/runtime/internal/AroundClosure
05:24:30.466 [main] INFO org.evosuite.runtime.instrumentation.CreateClassResetClassAdapter - Creating brand-new static initializer in class org/aspectj/runtime/internal/AroundClosure
05:24:30.466 [main] DEBUG org.evosuite.runtime.agent.TransformerForTests - Going to instrument: org.springframework.boot.jackson.JsonComponent
05:24:30.466 [main] DEBUG org.evosuite.runtime.agent.TransformerForTests - Going to instrument: net.bytebuddy.asm.AsmVisitorWrapper$ForDeclaredMethods$MethodVisitorWrapper
05:24:30.467 [main] DEBUG org.evosuite.runtime.agent.TransformerForTests - Going to instrument: org.springframework.context.annotation.AnnotationConfigRegistry
05:24:30.467 [main] DEBUG org.evosuite.runtime.agent.TransformerForTests - Going to instrument: org.springframework.data.util.GenericArrayTypeInformation
05:24:30.467 [main] INFO org.evosuite.runtime.instrumentation.MethodCallReplacementClassAdapter - Adding mock interface to class org/springframework/data/util/GenericArrayTypeInformation
05:24:30.467 [main] INFO org.evosuite.runtime.instrumentation.CreateClassResetClassAdapter - Creating brand-new static initializer in class org/springframework/data/util/GenericArrayTypeInformation
05:24:30.467 [main] DEBUG org.evosuite.runtime.agent.TransformerForTests - Going to instrument: org.hibernate.annotations.DynamicUpdate
05:24:30.468 [main] DEBUG org.evosuite.runtime.agent.TransformerForTests - Going to instrument: org.apache.commons.io.file.NoopPathVisitor
05:24:30.468 [main] INFO org.evosuite.runtime.instrumentation.MethodCallReplacementClassAdapter - Adding mock interface to class org/apache/commons/io/file/NoopPathVisitor
05:24:30.468 [main] INFO org.evosuite.runtime.instrumentation.CreateClassResetClassAdapter - Found static initializer in class org/apache/commons/io/file/NoopPathVisitor
05:24:30.468 [main] DEBUG org.evosuite.runtime.agent.TransformerForTests - Going to instrument: org.springframework.test.annotation.Rollback
05:24:30.468 [main] DEBUG org.evosuite.runtime.agent.TransformerForTests - Going to instrument: org.mockito.internal.SuppressSignatureCheck
05:24:30.469 [main] DEBUG org.evosuite.runtime.agent.TransformerForTests - Going to instrument: org.aspectj.lang.reflect.AjType
05:24:30.469 [main] DEBUG org.evosuite.runtime.agent.TransformerForTests - Going to instrument: net.bytebuddy.build.ToStringPlugin$Exclude
05:24:30.469 [main] DEBUG org.evosuite.runtime.agent.TransformerForTests - Going to instrument: org.springframework.core.convert.support.StringToNumberConverterFactory
05:24:30.469 [main] INFO org.evosuite.runtime.instrumentation.MethodCallReplacementClassAdapter - Adding mock interface to class org/springframework/core/convert/support/StringToNumberConverterFactory
05:24:30.470 [main] INFO org.evosuite.runtime.instrumentation.CreateClassResetClassAdapter - Creating brand-new static initializer in class org/springframework/core/convert/support/StringToNumberConverterFactory
05:24:30.470 [main] DEBUG org.evosuite.runtime.agent.TransformerForTests - Going to instrument: net.bytebuddy.build.RepeatedAnnotationPlugin
05:24:30.470 [main] INFO org.evosuite.runtime.instrumentation.MethodCallReplacementClassAdapter - Adding mock interface to class net/bytebuddy/build/RepeatedAnnotationPlugin
05:24:30.471 [main] INFO org.evosuite.runtime.instrumentation.CreateClassResetClassAdapter - Found static initializer in class net/bytebuddy/build/RepeatedAnnotationPlugin
05:24:30.471 [main] ERROR org.evosuite.runtime.classhandling.ClassStateSupport - Could not initialize net.bytebuddy.build.RepeatedAnnotationPlugin: Could not initialize class net.bytebuddy.description.type.TypeDescription$ForLoadedType
05:24:30.471 [main] DEBUG org.evosuite.runtime.agent.TransformerForTests - Going to instrument: org.springframework.beans.factory.support.AbstractBeanDefinitionReader
05:24:30.472 [main] INFO org.evosuite.runtime.instrumentation.MethodCallReplacementClassAdapter - Adding mock interface to class org/springframework/beans/factory/support/AbstractBeanDefinitionReader
05:24:30.473 [main] INFO org.evosuite.runtime.instrumentation.CreateClassResetClassAdapter - Creating brand-new static initializer in class org/springframework/beans/factory/support/AbstractBeanDefinitionReader
05:24:30.474 [main] DEBUG org.evosuite.runtime.agent.TransformerForTests - Going to instrument: org.apache.poi.util.Internal
05:24:30.474 [main] DEBUG org.evosuite.runtime.agent.TransformerForTests - Going to instrument: org.springframework.data.util.LazyStreamable
05:24:30.474 [main] INFO org.evosuite.runtime.instrumentation.MethodCallReplacementClassAdapter - Adding mock interface to class org/springframework/data/util/LazyStreamable
05:24:30.474 [main] INFO org.evosuite.runtime.instrumentation.CreateClassResetClassAdapter - Creating brand-new static initializer in class org/springframework/data/util/LazyStreamable
05:24:30.475 [main] DEBUG org.evosuite.runtime.agent.TransformerForTests - Going to instrument: org.assertj.core.util.CheckReturnValue
05:24:30.476 [main] DEBUG org.evosuite.runtime.agent.TransformerForTests - Going to instrument: org.springframework.data.spel.ExpressionDependencies
05:24:30.476 [main] INFO org.evosuite.runtime.instrumentation.MethodCallReplacementClassAdapter - Adding mock interface to class org/springframework/data/spel/ExpressionDependencies
05:24:30.476 [main] INFO org.evosuite.runtime.instrumentation.CreateClassResetClassAdapter - Found static initializer in class org/springframework/data/spel/ExpressionDependencies
05:24:30.477 [main] DEBUG org.evosuite.runtime.agent.TransformerForTests - Going to instrument: org.hibernate.annotations.Parent
05:24:30.477 [main] DEBUG org.evosuite.runtime.agent.TransformerForTests - Going to instrument: org.hibernate.annotations.LazyCollection
05:24:30.477 [main] DEBUG org.evosuite.runtime.agent.TransformerForTests - Going to instrument: org.springframework.boot.autoconfigure.AutoConfiguration
05:24:30.478 [main] DEBUG org.evosuite.runtime.agent.TransformerForTests - Going to instrument: com.fasterxml.jackson.annotation.JacksonInject
05:24:30.478 [main] DEBUG org.evosuite.runtime.agent.TransformerForTests - Going to instrument: org.assertj.core.extractor.ByNameSingleExtractor
05:24:30.478 [main] INFO org.evosuite.runtime.instrumentation.MethodCallReplacementClassAdapter - Adding mock interface to class org/assertj/core/extractor/ByNameSingleExtractor
05:24:30.478 [main] INFO org.evosuite.runtime.instrumentation.CreateClassResetClassAdapter - Creating brand-new static initializer in class org/assertj/core/extractor/ByNameSingleExtractor
05:24:30.478 [main] DEBUG org.evosuite.runtime.agent.TransformerForTests - Going to instrument: org.hibernate.annotations.UpdateTimestamp
05:24:30.478 [main] DEBUG org.evosuite.runtime.agent.TransformerForTests - Going to instrument: io.micrometer.core.annotation.TimedSet
05:24:30.479 [main] DEBUG org.evosuite.runtime.agent.TransformerForTests - Going to instrument: org.springframework.boot.autoconfigure.AutoConfigureOrder
05:24:30.479 [main] DEBUG org.evosuite.runtime.agent.TransformerForTests - Going to instrument: org.aspectj.lang.annotation.Pointcut
05:24:30.480 [main] DEBUG org.evosuite.runtime.agent.TransformerForTests - Going to instrument: org.springframework.context.annotation.AnnotationConfigApplicationContext
05:24:30.480 [main] INFO org.evosuite.runtime.instrumentation.MethodCallReplacementClassAdapter - Adding mock interface to class org/springframework/context/annotation/AnnotationConfigApplicationContext
05:24:30.480 [main] INFO org.evosuite.runtime.instrumentation.CreateClassResetClassAdapter - Creating brand-new static initializer in class org/springframework/context/annotation/AnnotationConfigApplicationContext
05:24:30.481 [main] DEBUG org.evosuite.runtime.agent.TransformerForTests - Going to instrument: org.springframework.asm.Edge
05:24:30.481 [main] INFO org.evosuite.runtime.instrumentation.MethodCallReplacementClassAdapter - Adding mock interface to class org/springframework/asm/Edge
05:24:30.481 [main] INFO org.evosuite.runtime.instrumentation.CreateClassResetClassAdapter - Creating brand-new static initializer in class org/springframework/asm/Edge
05:24:30.481 [main] INFO org.evosuite.runtime.instrumentation.CreateClassResetClassAdapter - Adding bytecode for initializing field JUMP
05:24:30.481 [main] INFO org.evosuite.runtime.instrumentation.CreateClassResetClassAdapter - Adding bytecode for initializing field EXCEPTION
05:24:30.481 [main] DEBUG org.evosuite.runtime.agent.TransformerForTests - Going to instrument: org.springframework.context.annotation.Role
05:24:30.482 [main] DEBUG org.evosuite.runtime.agent.TransformerForTests - Going to instrument: org.apache.commons.io.file.StandardDeleteOption
05:24:30.482 [main] INFO org.evosuite.runtime.instrumentation.MethodCallReplacementClassAdapter - Adding mock interface to class org/apache/commons/io/file/StandardDeleteOption
05:24:30.482 [main] INFO org.evosuite.runtime.instrumentation.CreateClassResetClassAdapter - Found static initializer in class org/apache/commons/io/file/StandardDeleteOption
05:24:30.482 [main] DEBUG org.evosuite.runtime.agent.TransformerForTests - Going to instrument: org.springframework.test.web.reactive.server.WebTestClient$ResponseSpec$ResponseSpecConsumer
05:24:30.483 [main] DEBUG org.evosuite.runtime.agent.TransformerForTests - Going to instrument: org.springframework.data.history.Revision
05:24:30.483 [main] INFO org.evosuite.runtime.instrumentation.MethodCallReplacementClassAdapter - Adding mock interface to class org/springframework/data/history/Revision
05:24:30.483 [main] INFO org.evosuite.runtime.instrumentation.CreateClassResetClassAdapter - Creating brand-new static initializer in class org/springframework/data/history/Revision
05:24:30.484 [main] DEBUG org.evosuite.runtime.agent.TransformerForTests - Going to instrument: org.springframework.beans.factory.config.NamedBeanHolder
05:24:30.484 [main] INFO org.evosuite.runtime.instrumentation.MethodCallReplacementClassAdapter - Adding mock interface to class org/springframework/beans/factory/config/NamedBeanHolder
05:24:30.484 [main] INFO org.evosuite.runtime.instrumentation.CreateClassResetClassAdapter - Creating brand-new static initializer in class org/springframework/beans/factory/config/NamedBeanHolder
05:24:30.485 [main] DEBUG org.evosuite.runtime.agent.TransformerForTests - Going to instrument: org.springframework.expression.spel.CodeFlow
05:24:30.485 [main] INFO org.evosuite.runtime.instrumentation.MethodCallReplacementClassAdapter - Adding mock interface to class org/springframework/expression/spel/CodeFlow
05:24:30.488 [main] INFO org.evosuite.runtime.instrumentation.CreateClassResetClassAdapter - Creating brand-new static initializer in class org/springframework/expression/spel/CodeFlow
05:24:30.490 [main] DEBUG org.evosuite.runtime.agent.TransformerForTests - Going to instrument: org.springframework.core.convert.support.DefaultConversionService
05:24:30.490 [main] INFO org.evosuite.runtime.instrumentation.MethodCallReplacementClassAdapter - Adding mock interface to class org/springframework/core/convert/support/DefaultConversionService
05:24:30.490 [main] INFO org.evosuite.runtime.instrumentation.CreateClassResetClassAdapter - Creating brand-new static initializer in class org/springframework/core/convert/support/DefaultConversionService
05:24:30.490 [main] INFO org.evosuite.runtime.instrumentation.CreateClassResetClassAdapter - Adding bytecode for initializing field sharedInstance
05:24:30.491 [main] DEBUG org.evosuite.runtime.agent.TransformerForTests - Going to instrument: org.apache.commons.io.filefilter.DelegateFileFilter
05:24:30.491 [main] INFO org.evosuite.runtime.instrumentation.MethodCallReplacementClassAdapter - Adding mock interface to class org/apache/commons/io/filefilter/DelegateFileFilter
05:24:30.492 [main] INFO org.evosuite.runtime.instrumentation.CreateClassResetClassAdapter - Creating brand-new static initializer in class org/apache/commons/io/filefilter/DelegateFileFilter
05:24:30.493 [main] DEBUG org.evosuite.runtime.agent.TransformerForTests - Going to instrument: org.springframework.boot.autoconfigure.AutoConfigurationPackage
05:24:30.493 [main] DEBUG org.evosuite.runtime.agent.TransformerForTests - Going to instrument: org.springframework.cache.annotation.CachePut
05:24:30.493 [main] DEBUG org.evosuite.runtime.agent.TransformerForTests - Going to instrument: org.springframework.boot.context.TypeExcludeFilter
05:24:30.494 [main] INFO org.evosuite.runtime.instrumentation.MethodCallReplacementClassAdapter - Adding mock interface to class org/springframework/boot/context/TypeExcludeFilter
05:24:30.494 [main] INFO org.evosuite.runtime.instrumentation.CreateClassResetClassAdapter - Creating brand-new static initializer in class org/springframework/boot/context/TypeExcludeFilter
05:24:30.495 [main] DEBUG org.evosuite.runtime.agent.TransformerForTests - Going to instrument: org.springframework.transaction.annotation.EnableTransactionManagement
05:24:30.495 [main] DEBUG org.evosuite.runtime.agent.TransformerForTests - Going to instrument: org.springframework.beans.factory.support.LookupOverride
05:24:30.495 [main] INFO org.evosuite.runtime.instrumentation.MethodCallReplacementClassAdapter - Adding mock interface to class org/springframework/beans/factory/support/LookupOverride
05:24:30.495 [main] INFO org.evosuite.runtime.instrumentation.CreateClassResetClassAdapter - Creating brand-new static initializer in class org/springframework/beans/factory/support/LookupOverride
05:24:30.496 [main] DEBUG org.evosuite.runtime.agent.TransformerForTests - Going to instrument: com.fasterxml.jackson.annotation.JsonKey
05:24:30.496 [main] DEBUG org.evosuite.runtime.agent.TransformerForTests - Going to instrument: net.bytebuddy.asm.Advice$NoExceptionHandler
05:24:30.496 [main] INFO org.evosuite.runtime.instrumentation.MethodCallReplacementClassAdapter - Adding mock interface to class net/bytebuddy/asm/Advice$NoExceptionHandler
05:24:30.496 [main] INFO org.evosuite.runtime.instrumentation.CreateClassResetClassAdapter - Found static initializer in class net/bytebuddy/asm/Advice$NoExceptionHandler
05:24:30.496 [main] ERROR org.evosuite.runtime.classhandling.ClassStateSupport - Could not initialize net.bytebuddy.asm.Advice$NoExceptionHandler: Could not initialize class net.bytebuddy.description.type.TypeDescription$ForLoadedType
05:24:30.497 [main] DEBUG org.evosuite.runtime.agent.TransformerForTests - Going to instrument: org.apache.commons.io.filefilter.CanExecuteFileFilter
05:24:30.497 [main] INFO org.evosuite.runtime.instrumentation.MethodCallReplacementClassAdapter - Adding mock interface to class org/apache/commons/io/filefilter/CanExecuteFileFilter
05:24:30.497 [main] INFO org.evosuite.runtime.instrumentation.CreateClassResetClassAdapter - Found static initializer in class org/apache/commons/io/filefilter/CanExecuteFileFilter
05:24:30.497 [main] DEBUG org.evosuite.runtime.agent.TransformerForTests - Going to instrument: org.springframework.beans.AbstractNestablePropertyAccessor$PropertyTokenHolder
05:24:30.497 [main] INFO org.evosuite.runtime.instrumentation.MethodCallReplacementClassAdapter - Adding mock interface to class org/springframework/beans/AbstractNestablePropertyAccessor$PropertyTokenHolder
05:24:30.497 [main] INFO org.evosuite.runtime.instrumentation.CreateClassResetClassAdapter - Creating brand-new static initializer in class org/springframework/beans/AbstractNestablePropertyAccessor$PropertyTokenHolder
05:24:30.498 [main] DEBUG org.evosuite.runtime.agent.TransformerForTests - Going to instrument: org.springframework.boot.autoconfigure.condition.ConditionalOnProperty
05:24:30.498 [main] DEBUG org.evosuite.runtime.agent.TransformerForTests - Going to instrument: net.bytebuddy.asm.Advice$AssignReturned$ToArguments$Handler
05:24:30.498 [main] INFO org.evosuite.runtime.instrumentation.MethodCallReplacementClassAdapter - Adding mock interface to class net/bytebuddy/asm/Advice$AssignReturned$ToArguments$Handler
05:24:30.499 [main] INFO org.evosuite.runtime.instrumentation.CreateClassResetClassAdapter - Creating brand-new static initializer in class net/bytebuddy/asm/Advice$AssignReturned$ToArguments$Handler
05:24:30.499 [main] DEBUG org.evosuite.runtime.agent.TransformerForTests - Going to instrument: org.springframework.data.domain.DomainEvents
05:24:30.500 [main] DEBUG org.evosuite.runtime.agent.TransformerForTests - Going to instrument: org.hibernate.annotations.NamedNativeQuery
05:24:30.500 [main] DEBUG org.evosuite.runtime.agent.TransformerForTests - Going to instrument: net.bytebuddy.asm.Advice$AssignReturned$ForArray
05:24:30.500 [main] INFO org.evosuite.runtime.instrumentation.MethodCallReplacementClassAdapter - Adding mock interface to class net/bytebuddy/asm/Advice$AssignReturned$ForArray
05:24:30.501 [main] INFO org.evosuite.runtime.instrumentation.CreateClassResetClassAdapter - Creating brand-new static initializer in class net/bytebuddy/asm/Advice$AssignReturned$ForArray
05:24:30.502 [main] DEBUG org.evosuite.runtime.agent.TransformerForTests - Going to instrument: org.springframework.core.io.PathResource
05:24:30.502 [main] INFO org.evosuite.runtime.instrumentation.MethodCallReplacementClassAdapter - Adding mock interface to class org/springframework/core/io/PathResource
05:24:30.502 [main] INFO org.evosuite.runtime.instrumentation.CreateClassResetClassAdapter - Creating brand-new static initializer in class org/springframework/core/io/PathResource
05:24:30.503 [main] DEBUG org.evosuite.runtime.agent.TransformerForTests - Going to instrument: net.bytebuddy.asm.Advice$StubValue
05:24:30.503 [main] DEBUG org.evosuite.runtime.agent.TransformerForTests - Going to instrument: org.springframework.data.convert.ValueConverter
05:24:30.504 [main] DEBUG org.evosuite.runtime.agent.TransformerForTests - Going to instrument: org.springframework.boot.convert.PeriodToStringConverter
05:24:30.504 [main] INFO org.evosuite.runtime.instrumentation.MethodCallReplacementClassAdapter - Adding mock interface to class org/springframework/boot/convert/PeriodToStringConverter
05:24:30.504 [main] INFO org.evosuite.runtime.instrumentation.CreateClassResetClassAdapter - Creating brand-new static initializer in class org/springframework/boot/convert/PeriodToStringConverter
05:24:30.504 [main] DEBUG org.evosuite.runtime.agent.TransformerForTests - Going to instrument: org.hibernate.annotations.FilterJoinTable
05:24:30.504 [main] DEBUG org.evosuite.runtime.agent.TransformerForTests - Going to instrument: org.springframework.beans.factory.config.InstantiationAwareBeanPostProcessorAdapter
05:24:30.504 [main] INFO org.evosuite.runtime.instrumentation.MethodCallReplacementClassAdapter - Adding mock interface to class org/springframework/beans/factory/config/InstantiationAwareBeanPostProcessorAdapter
05:24:30.504 [main] INFO org.evosuite.runtime.instrumentation.CreateClassResetClassAdapter - Creating brand-new static initializer in class org/springframework/beans/factory/config/InstantiationAwareBeanPostProcessorAdapter
05:24:30.505 [main] DEBUG org.evosuite.runtime.agent.TransformerForTests - Going to instrument: org.springframework.beans.factory.config.SmartInstantiationAwareBeanPostProcessor
05:24:30.505 [main] DEBUG org.evosuite.runtime.agent.TransformerForTests - Going to instrument: org.springframework.beans.factory.config.InstantiationAwareBeanPostProcessor
05:24:30.506 [main] DEBUG org.evosuite.runtime.agent.TransformerForTests - Going to instrument: org.hibernate.annotations.JoinColumnOrFormula
05:24:30.506 [main] DEBUG org.evosuite.runtime.agent.TransformerForTests - Going to instrument: org.hibernate.annotations.JoinFormula
05:24:30.506 [main] DEBUG org.evosuite.runtime.agent.TransformerForTests - Going to instrument: org.springframework.core.convert.support.IntegerToEnumConverterFactory
05:24:30.506 [main] INFO org.evosuite.runtime.instrumentation.MethodCallReplacementClassAdapter - Adding mock interface to class org/springframework/core/convert/support/IntegerToEnumConverterFactory
05:24:30.507 [main] INFO org.evosuite.runtime.instrumentation.CreateClassResetClassAdapter - Creating brand-new static initializer in class org/springframework/core/convert/support/IntegerToEnumConverterFactory
05:24:30.507 [main] DEBUG org.evosuite.runtime.agent.TransformerForTests - Going to instrument: org.springframework.data.util.NullableWrapperConverters$NullableWrapperToVavrOptionConverter
05:24:30.507 [main] INFO org.evosuite.runtime.instrumentation.MethodCallReplacementClassAdapter - Adding mock interface to class org/springframework/data/util/NullableWrapperConverters$NullableWrapperToVavrOptionConverter
05:24:30.507 [main] INFO org.evosuite.runtime.instrumentation.CreateClassResetClassAdapter - Found static initializer in class org/springframework/data/util/NullableWrapperConverters$NullableWrapperToVavrOptionConverter
05:24:30.508 [main] ERROR org.evosuite.runtime.classhandling.ClassStateSupport - Could not initialize org.springframework.data.util.NullableWrapperConverters$NullableWrapperToVavrOptionConverter: io/vavr/control/Option
05:24:30.508 [main] DEBUG org.evosuite.runtime.agent.TransformerForTests - Going to instrument: org.springframework.beans.factory.support.AbstractBeanFactory$BeanPostProcessorCache
05:24:30.508 [main] INFO org.evosuite.runtime.instrumentation.MethodCallReplacementClassAdapter - Adding mock interface to class org/springframework/beans/factory/support/AbstractBeanFactory$BeanPostProcessorCache
05:24:30.508 [main] INFO org.evosuite.runtime.instrumentation.CreateClassResetClassAdapter - Creating brand-new static initializer in class org/springframework/beans/factory/support/AbstractBeanFactory$BeanPostProcessorCache
05:24:30.508 [main] DEBUG org.evosuite.runtime.agent.TransformerForTests - Going to instrument: org.hibernate.annotations.FetchProfiles
05:24:30.509 [main] DEBUG org.evosuite.runtime.agent.TransformerForTests - Going to instrument: org.springframework.context.annotation.ProfileCondition
05:24:30.509 [main] INFO org.evosuite.runtime.instrumentation.MethodCallReplacementClassAdapter - Adding mock interface to class org/springframework/context/annotation/ProfileCondition
05:24:30.509 [main] INFO org.evosuite.runtime.instrumentation.CreateClassResetClassAdapter - Creating brand-new static initializer in class org/springframework/context/annotation/ProfileCondition
05:24:30.510 [main] DEBUG org.evosuite.runtime.agent.TransformerForTests - Going to instrument: org.springframework.test.context.ActiveProfiles
05:24:30.510 [main] DEBUG org.evosuite.runtime.agent.TransformerForTests - Going to instrument: org.springframework.core.serializer.DefaultSerializer
05:24:30.510 [main] INFO org.evosuite.runtime.instrumentation.MethodCallReplacementClassAdapter - Adding mock interface to class org/springframework/core/serializer/DefaultSerializer
05:24:30.511 [main] INFO org.evosuite.runtime.instrumentation.CreateClassResetClassAdapter - Creating brand-new static initializer in class org/springframework/core/serializer/DefaultSerializer
05:24:30.511 [main] DEBUG org.evosuite.runtime.agent.TransformerForTests - Going to instrument: org.springframework.test.context.TestExecutionListeners
05:24:30.512 [main] DEBUG org.evosuite.runtime.agent.TransformerForTests - Going to instrument: net.bytebuddy.asm.Advice
05:24:30.513 [main] INFO org.evosuite.runtime.instrumentation.MethodCallReplacementClassAdapter - Adding mock interface to class net/bytebuddy/asm/Advice
05:24:30.517 [main] INFO org.evosuite.runtime.instrumentation.CreateClassResetClassAdapter - Found static initializer in class net/bytebuddy/asm/Advice
05:24:30.518 [main] DEBUG org.evosuite.runtime.agent.TransformerForTests - Going to instrument: net.bytebuddy.asm.Advice$ExceptionHandler
05:24:30.519 [main] DEBUG org.evosuite.runtime.agent.TransformerForTests - Going to instrument: net.bytebuddy.utility.visitor.LineNumberPrependingMethodVisitor
05:24:30.519 [main] INFO org.evosuite.runtime.instrumentation.MethodCallReplacementClassAdapter - Adding mock interface to class net/bytebuddy/utility/visitor/LineNumberPrependingMethodVisitor
05:24:30.519 [main] INFO org.evosuite.runtime.instrumentation.CreateClassResetClassAdapter - Creating brand-new static initializer in class net/bytebuddy/utility/visitor/LineNumberPrependingMethodVisitor
05:24:30.519 [main] DEBUG org.evosuite.runtime.agent.TransformerForTests - Going to instrument: net.bytebuddy.utility.visitor.ExceptionTableSensitiveMethodVisitor
05:24:30.519 [main] INFO org.evosuite.runtime.instrumentation.MethodCallReplacementClassAdapter - Adding mock interface to class net/bytebuddy/utility/visitor/ExceptionTableSensitiveMethodVisitor
05:24:30.520 [main] INFO org.evosuite.runtime.instrumentation.CreateClassResetClassAdapter - Creating brand-new static initializer in class net/bytebuddy/utility/visitor/ExceptionTableSensitiveMethodVisitor
05:24:30.520 [main] DEBUG org.evosuite.runtime.agent.TransformerForTests - Going to instrument: net.bytebuddy.asm.Advice$AdviceVisitor$WithoutExitAdvice
05:24:30.520 [main] INFO org.evosuite.runtime.instrumentation.MethodCallReplacementClassAdapter - Adding mock interface to class net/bytebuddy/asm/Advice$AdviceVisitor$WithoutExitAdvice
05:24:30.520 [main] INFO org.evosuite.runtime.instrumentation.CreateClassResetClassAdapter - Creating brand-new static initializer in class net/bytebuddy/asm/Advice$AdviceVisitor$WithoutExitAdvice
05:24:30.521 [main] DEBUG org.evosuite.runtime.agent.TransformerForTests - Going to instrument: net.bytebuddy.asm.Advice$AdviceVisitor
05:24:30.521 [main] INFO org.evosuite.runtime.instrumentation.MethodCallReplacementClassAdapter - Adding mock interface to class net/bytebuddy/asm/Advice$AdviceVisitor
05:24:30.521 [main] INFO org.evosuite.runtime.instrumentation.CreateClassResetClassAdapter - Creating brand-new static initializer in class net/bytebuddy/asm/Advice$AdviceVisitor
05:24:30.521 [main] INFO org.evosuite.runtime.instrumentation.CreateClassResetClassAdapter - Adding bytecode for initializing field THIS_VARIABLE_INDEX
05:24:30.521 [main] INFO org.evosuite.runtime.instrumentation.CreateClassResetClassAdapter - Adding bytecode for initializing field THIS_VARIABLE_NAME
05:24:30.522 [main] DEBUG org.evosuite.runtime.agent.TransformerForTests - Going to instrument: net.bytebuddy.asm.Advice$Dispatcher$RelocationHandler$Relocation
05:24:30.522 [main] DEBUG org.evosuite.runtime.agent.TransformerForTests - Going to instrument: net.bytebuddy.asm.Advice$AdviceVisitor$WithExitAdvice$WithoutExceptionHandling
05:24:30.522 [main] INFO org.evosuite.runtime.instrumentation.MethodCallReplacementClassAdapter - Adding mock interface to class net/bytebuddy/asm/Advice$AdviceVisitor$WithExitAdvice$WithoutExceptionHandling
05:24:30.523 [main] INFO org.evosuite.runtime.instrumentation.CreateClassResetClassAdapter - Creating brand-new static initializer in class net/bytebuddy/asm/Advice$AdviceVisitor$WithExitAdvice$WithoutExceptionHandling
05:24:30.523 [main] DEBUG org.evosuite.runtime.agent.TransformerForTests - Going to instrument: net.bytebuddy.asm.Advice$AdviceVisitor$WithExitAdvice
05:24:30.523 [main] INFO org.evosuite.runtime.instrumentation.MethodCallReplacementClassAdapter - Adding mock interface to class net/bytebuddy/asm/Advice$AdviceVisitor$WithExitAdvice
05:24:30.523 [main] INFO org.evosuite.runtime.instrumentation.CreateClassResetClassAdapter - Creating brand-new static initializer in class net/bytebuddy/asm/Advice$AdviceVisitor$WithExitAdvice
05:24:30.524 [main] DEBUG org.evosuite.runtime.agent.TransformerForTests - Going to instrument: net.bytebuddy.asm.Advice$AdviceVisitor$WithExitAdvice$WithExceptionHandling
05:24:30.524 [main] INFO org.evosuite.runtime.instrumentation.MethodCallReplacementClassAdapter - Adding mock interface to class net/bytebuddy/asm/Advice$AdviceVisitor$WithExitAdvice$WithExceptionHandling
05:24:30.524 [main] INFO org.evosuite.runtime.instrumentation.CreateClassResetClassAdapter - Creating brand-new static initializer in class net/bytebuddy/asm/Advice$AdviceVisitor$WithExitAdvice$WithExceptionHandling
05:24:30.525 [main] DEBUG org.evosuite.runtime.agent.TransformerForTests - Going to instrument: net.bytebuddy.implementation.bytecode.ByteCodeAppender
05:24:30.525 [main] DEBUG org.evosuite.runtime.agent.TransformerForTests - Going to instrument: net.bytebuddy.description.annotation.AnnotationDescription
05:24:30.526 [main] DEBUG org.evosuite.runtime.agent.TransformerForTests - Going to instrument: net.bytebuddy.asm.Advice$Dispatcher$Inlining
05:24:30.526 [main] INFO org.evosuite.runtime.instrumentation.MethodCallReplacementClassAdapter - Adding mock interface to class net/bytebuddy/asm/Advice$Dispatcher$Inlining
05:24:30.527 [main] INFO org.evosuite.runtime.instrumentation.CreateClassResetClassAdapter - Creating brand-new static initializer in class net/bytebuddy/asm/Advice$Dispatcher$Inlining
05:24:30.527 [main] DEBUG org.evosuite.runtime.agent.TransformerForTests - Going to instrument: net.bytebuddy.asm.Advice$Dispatcher$Unresolved
05:24:30.527 [main] DEBUG org.evosuite.runtime.agent.TransformerForTests - Going to instrument: net.bytebuddy.asm.Advice$Dispatcher
05:24:30.528 [main] DEBUG org.evosuite.runtime.agent.TransformerForTests - Going to instrument: net.bytebuddy.asm.Advice$Dispatcher$Delegating
05:24:30.528 [main] INFO org.evosuite.runtime.instrumentation.MethodCallReplacementClassAdapter - Adding mock interface to class net/bytebuddy/asm/Advice$Dispatcher$Delegating
05:24:30.529 [main] INFO org.evosuite.runtime.instrumentation.CreateClassResetClassAdapter - Creating brand-new static initializer in class net/bytebuddy/asm/Advice$Dispatcher$Delegating
05:24:30.529 [main] DEBUG org.evosuite.runtime.agent.TransformerForTests - Going to instrument: net.bytebuddy.dynamic.ClassFileLocator
05:24:30.529 [main] DEBUG org.evosuite.runtime.agent.TransformerForTests - Going to instrument: net.bytebuddy.asm.Advice$Dispatcher$Inactive
05:24:30.529 [main] INFO org.evosuite.runtime.instrumentation.MethodCallReplacementClassAdapter - Adding mock interface to class net/bytebuddy/asm/Advice$Dispatcher$Inactive
05:24:30.530 [main] INFO org.evosuite.runtime.instrumentation.CreateClassResetClassAdapter - Found static initializer in class net/bytebuddy/asm/Advice$Dispatcher$Inactive
05:24:30.530 [main] DEBUG org.evosuite.runtime.agent.TransformerForTests - Going to instrument: net.bytebuddy.asm.Advice$Dispatcher$Resolved$ForMethodEnter
05:24:30.530 [main] DEBUG org.evosuite.runtime.agent.TransformerForTests - Going to instrument: net.bytebuddy.asm.Advice$Dispatcher$Resolved
05:24:30.530 [main] DEBUG org.evosuite.runtime.agent.TransformerForTests - Going to instrument: net.bytebuddy.asm.Advice$Dispatcher$Resolved$ForMethodExit
05:24:30.531 [main] DEBUG org.evosuite.runtime.agent.TransformerForTests - Going to instrument: net.bytebuddy.asm.Advice$Dispatcher$Bound
05:24:30.531 [main] DEBUG org.evosuite.runtime.agent.TransformerForTests - Going to instrument: net.bytebuddy.asm.Advice$Delegator
05:24:30.532 [main] ERROR org.evosuite.runtime.classhandling.ClassStateSupport - Could not initialize net.bytebuddy.asm.Advice: Could not initialize class net.bytebuddy.description.type.TypeDescription$ForLoadedType
05:24:30.532 [main] DEBUG org.evosuite.runtime.agent.TransformerForTests - Going to instrument: org.springframework.data.annotation.CreatedDate
05:24:30.532 [main] DEBUG org.evosuite.runtime.agent.TransformerForTests - Going to instrument: org.springframework.test.context.TestPropertySources
05:24:30.533 [main] DEBUG org.evosuite.runtime.agent.TransformerForTests - Going to instrument: net.bytebuddy.asm.Advice$AssignReturned$Factory
05:24:30.533 [main] INFO org.evosuite.runtime.instrumentation.MethodCallReplacementClassAdapter - Adding mock interface to class net/bytebuddy/asm/Advice$AssignReturned$Factory
05:24:30.534 [main] INFO org.evosuite.runtime.instrumentation.CreateClassResetClassAdapter - Found static initializer in class net/bytebuddy/asm/Advice$AssignReturned$Factory
05:24:30.535 [main] DEBUG org.evosuite.runtime.agent.TransformerForTests - Going to instrument: net.bytebuddy.asm.Advice$AssignReturned$ExceptionHandler$Factory
05:24:30.535 [main] DEBUG org.evosuite.runtime.agent.TransformerForTests - Going to instrument: net.bytebuddy.asm.Advice$AssignReturned$Handler$Factory
05:24:30.536 [main] DEBUG org.evosuite.runtime.agent.TransformerForTests - Going to instrument: net.bytebuddy.asm.Advice$AssignReturned$ForScalar
05:24:30.536 [main] INFO org.evosuite.runtime.instrumentation.MethodCallReplacementClassAdapter - Adding mock interface to class net/bytebuddy/asm/Advice$AssignReturned$ForScalar
05:24:30.537 [main] INFO org.evosuite.runtime.instrumentation.CreateClassResetClassAdapter - Creating brand-new static initializer in class net/bytebuddy/asm/Advice$AssignReturned$ForScalar
05:24:30.537 [main] DEBUG org.evosuite.runtime.agent.TransformerForTests - Going to instrument: net.bytebuddy.asm.Advice$AssignReturned$AsScalar
05:24:30.537 [main] ERROR org.evosuite.runtime.classhandling.ClassStateSupport - Could not initialize net.bytebuddy.asm.Advice$AssignReturned$Factory: Could not initialize class net.bytebuddy.description.type.TypeDescription$ForLoadedType
05:24:30.538 [main] DEBUG org.evosuite.runtime.agent.TransformerForTests - Going to instrument: net.bytebuddy.asm.Advice$Unused
05:24:30.538 [main] DEBUG org.evosuite.runtime.agent.TransformerForTests - Going to instrument: com.fasterxml.jackson.annotation.JsonAnyGetter
05:24:30.538 [main] DEBUG org.evosuite.runtime.agent.TransformerForTests - Going to instrument: org.springframework.http.server.reactive.ServerHttpRequest$Builder
05:24:30.539 [main] DEBUG org.evosuite.runtime.agent.TransformerForTests - Going to instrument: org.hibernate.cfg.annotations.MapKeyColumnDelegator
05:24:30.539 [main] INFO org.evosuite.runtime.instrumentation.MethodCallReplacementClassAdapter - Adding mock interface to class org/hibernate/cfg/annotations/MapKeyColumnDelegator
05:24:30.539 [main] INFO org.evosuite.runtime.instrumentation.CreateClassResetClassAdapter - Creating brand-new static initializer in class org/hibernate/cfg/annotations/MapKeyColumnDelegator
05:24:30.540 [main] DEBUG org.evosuite.runtime.agent.TransformerForTests - Going to instrument: org.springframework.core.convert.support.StringToTimeZoneConverter
05:24:30.540 [main] INFO org.evosuite.runtime.instrumentation.MethodCallReplacementClassAdapter - Adding mock interface to class org/springframework/core/convert/support/StringToTimeZoneConverter
05:24:30.541 [main] INFO org.evosuite.runtime.instrumentation.CreateClassResetClassAdapter - Creating brand-new static initializer in class org/springframework/core/convert/support/StringToTimeZoneConverter
05:24:30.541 [main] DEBUG org.evosuite.runtime.agent.TransformerForTests - Going to instrument: org.springframework.boot.convert.NumberToDurationConverter
05:24:30.541 [main] INFO org.evosuite.runtime.instrumentation.MethodCallReplacementClassAdapter - Adding mock interface to class org/springframework/boot/convert/NumberToDurationConverter
05:24:30.541 [main] INFO org.evosuite.runtime.instrumentation.CreateClassResetClassAdapter - Creating brand-new static initializer in class org/springframework/boot/convert/NumberToDurationConverter
05:24:30.542 [main] DEBUG org.evosuite.runtime.agent.TransformerForTests - Going to instrument: com.fasterxml.jackson.annotation.JsonBackReference
05:24:30.542 [main] DEBUG org.evosuite.runtime.agent.TransformerForTests - Going to instrument: org.hibernate.annotations.MetaValue
05:24:30.543 [main] DEBUG org.evosuite.runtime.agent.TransformerForTests - Going to instrument: org.springframework.beans.factory.support.StaticListableBeanFactory
05:24:30.543 [main] INFO org.evosuite.runtime.instrumentation.MethodCallReplacementClassAdapter - Adding mock interface to class org/springframework/beans/factory/support/StaticListableBeanFactory
05:24:30.544 [main] INFO org.evosuite.runtime.instrumentation.CreateClassResetClassAdapter - Creating brand-new static initializer in class org/springframework/beans/factory/support/StaticListableBeanFactory
05:24:30.545 [main] DEBUG org.evosuite.runtime.agent.TransformerForTests - Going to instrument: org.hibernate.annotations.ManyToAny
05:24:30.545 [main] DEBUG org.evosuite.runtime.agent.TransformerForTests - Going to instrument: org.springframework.context.annotation.Configuration
05:24:30.546 [main] DEBUG org.evosuite.runtime.agent.TransformerForTests - Going to instrument: org.springframework.data.history.RevisionSort
05:24:30.546 [main] INFO org.evosuite.runtime.instrumentation.MethodCallReplacementClassAdapter - Adding mock interface to class org/springframework/data/history/RevisionSort
05:24:30.546 [main] INFO org.evosuite.runtime.instrumentation.CreateClassResetClassAdapter - Found static initializer in class org/springframework/data/history/RevisionSort
05:24:30.546 [main] DEBUG org.evosuite.runtime.agent.TransformerForTests - Going to instrument: org.springframework.data.domain.Sort$NullHandling
05:24:30.546 [main] INFO org.evosuite.runtime.instrumentation.MethodCallReplacementClassAdapter - Adding mock interface to class org/springframework/data/domain/Sort$NullHandling
05:24:30.547 [main] INFO org.evosuite.runtime.instrumentation.CreateClassResetClassAdapter - Found static initializer in class org/springframework/data/domain/Sort$NullHandling
05:24:30.547 [main] DEBUG org.evosuite.runtime.agent.TransformerForTests - Going to instrument: org.apache.commons.io.filefilter.PathVisitorFileFilter
05:24:30.548 [main] INFO org.evosuite.runtime.instrumentation.MethodCallReplacementClassAdapter - Adding mock interface to class org/apache/commons/io/filefilter/PathVisitorFileFilter
05:24:30.549 [main] INFO org.evosuite.runtime.instrumentation.CreateClassResetClassAdapter - Creating brand-new static initializer in class org/apache/commons/io/filefilter/PathVisitorFileFilter
05:24:30.550 [main] DEBUG org.evosuite.runtime.agent.TransformerForTests - Going to instrument: org.springframework.beans.factory.annotation.AutowiredAnnotationBeanPostProcessor
05:24:30.550 [main] INFO org.evosuite.runtime.instrumentation.MethodCallReplacementClassAdapter - Adding mock interface to class org/springframework/beans/factory/annotation/AutowiredAnnotationBeanPostProcessor
05:24:30.553 [main] INFO org.evosuite.runtime.instrumentation.CreateClassResetClassAdapter - Creating brand-new static initializer in class org/springframework/beans/factory/annotation/AutowiredAnnotationBeanPostProcessor
05:24:30.554 [main] DEBUG org.evosuite.runtime.agent.TransformerForTests - Going to instrument: org.springframework.cglib.core.Block
05:24:30.554 [main] INFO org.evosuite.runtime.instrumentation.MethodCallReplacementClassAdapter - Adding mock interface to class org/springframework/cglib/core/Block
05:24:30.555 [main] INFO org.evosuite.runtime.instrumentation.CreateClassResetClassAdapter - Creating brand-new static initializer in class org/springframework/cglib/core/Block
05:24:30.556 [main] DEBUG org.evosuite.runtime.agent.TransformerForTests - Going to instrument: org.apache.commons.io.filefilter.CanReadFileFilter
05:24:30.556 [main] INFO org.evosuite.runtime.instrumentation.MethodCallReplacementClassAdapter - Adding mock interface to class org/apache/commons/io/filefilter/CanReadFileFilter
05:24:30.556 [main] INFO org.evosuite.runtime.instrumentation.CreateClassResetClassAdapter - Found static initializer in class org/apache/commons/io/filefilter/CanReadFileFilter
05:24:30.557 [main] DEBUG org.evosuite.runtime.agent.TransformerForTests - Going to instrument: net.bytebuddy.asm.Advice$AssignReturned$ExceptionHandler
05:24:30.557 [main] INFO org.evosuite.runtime.instrumentation.MethodCallReplacementClassAdapter - Adding mock interface to class net/bytebuddy/asm/Advice$AssignReturned$ExceptionHandler
05:24:30.557 [main] INFO org.evosuite.runtime.instrumentation.CreateClassResetClassAdapter - Creating brand-new static initializer in class net/bytebuddy/asm/Advice$AssignReturned$ExceptionHandler
05:24:30.557 [main] DEBUG org.evosuite.runtime.agent.TransformerForTests - Going to instrument: org.springframework.core.io.buffer.DataBufferUtils$ReadableByteChannelGenerator
05:24:30.558 [main] INFO org.evosuite.runtime.instrumentation.MethodCallReplacementClassAdapter - Adding mock interface to class org/springframework/core/io/buffer/DataBufferUtils$ReadableByteChannelGenerator
05:24:30.558 [main] INFO org.evosuite.runtime.instrumentation.CreateClassResetClassAdapter - Creating brand-new static initializer in class org/springframework/core/io/buffer/DataBufferUtils$ReadableByteChannelGenerator
05:24:30.558 [main] DEBUG org.evosuite.runtime.agent.TransformerForTests - Going to instrument: org.apache.commons.io.IOCase
05:24:30.558 [main] INFO org.evosuite.runtime.instrumentation.MethodCallReplacementClassAdapter - Adding mock interface to class org/apache/commons/io/IOCase
05:24:30.559 [main] INFO org.evosuite.runtime.instrumentation.CreateClassResetClassAdapter - Found static initializer in class org/apache/commons/io/IOCase
05:24:30.561 [main] DEBUG org.evosuite.runtime.agent.TransformerForTests - Going to instrument: org.apache.commons.io.FilenameUtils
05:24:30.561 [main] INFO org.evosuite.runtime.instrumentation.MethodCallReplacementClassAdapter - Adding mock interface to class org/apache/commons/io/FilenameUtils
05:24:30.563 [main] INFO org.evosuite.runtime.instrumentation.CreateClassResetClassAdapter - Found static initializer in class org/apache/commons/io/FilenameUtils
05:24:30.565 [main] DEBUG org.evosuite.runtime.agent.TransformerForTests - Going to instrument: org.springframework.asm.Label
05:24:30.565 [main] INFO org.evosuite.runtime.instrumentation.MethodCallReplacementClassAdapter - Adding mock interface to class org/springframework/asm/Label
05:24:30.566 [main] INFO org.evosuite.runtime.instrumentation.CreateClassResetClassAdapter - Found static initializer in class org/springframework/asm/Label
05:24:30.567 [main] DEBUG org.evosuite.runtime.agent.TransformerForTests - Going to instrument: org.springframework.beans.factory.support.SimpleSecurityContextProvider
05:24:30.567 [main] INFO org.evosuite.runtime.instrumentation.MethodCallReplacementClassAdapter - Adding mock interface to class org/springframework/beans/factory/support/SimpleSecurityContextProvider
05:24:30.567 [main] INFO org.evosuite.runtime.instrumentation.CreateClassResetClassAdapter - Creating brand-new static initializer in class org/springframework/beans/factory/support/SimpleSecurityContextProvider
05:24:30.567 [main] DEBUG org.evosuite.runtime.agent.TransformerForTests - Going to instrument: org.springframework.beans.factory.support.SecurityContextProvider
05:24:30.568 [main] DEBUG org.evosuite.runtime.agent.TransformerForTests - Going to instrument: org.apache.commons.io.filefilter.SizeFileFilter
05:24:30.568 [main] INFO org.evosuite.runtime.instrumentation.MethodCallReplacementClassAdapter - Adding mock interface to class org/apache/commons/io/filefilter/SizeFileFilter
05:24:30.568 [main] INFO org.evosuite.runtime.instrumentation.CreateClassResetClassAdapter - Creating brand-new static initializer in class org/apache/commons/io/filefilter/SizeFileFilter
05:24:30.569 [main] DEBUG org.evosuite.runtime.agent.TransformerForTests - Going to instrument: com.fasterxml.classmate.types.ResolvedObjectType
05:24:30.569 [main] INFO org.evosuite.runtime.instrumentation.MethodCallReplacementClassAdapter - Adding mock interface to class com/fasterxml/classmate/types/ResolvedObjectType
05:24:30.571 [main] INFO org.evosuite.runtime.instrumentation.CreateClassResetClassAdapter - Creating brand-new static initializer in class com/fasterxml/classmate/types/ResolvedObjectType
05:24:30.572 [main] DEBUG org.evosuite.runtime.agent.TransformerForTests - Going to instrument: com.fasterxml.jackson.annotation.JsonTypeName
05:24:30.572 [main] DEBUG org.evosuite.runtime.agent.TransformerForTests - Going to instrument: org.assertj.core.extractor.ToStringExtractor
05:24:30.572 [main] INFO org.evosuite.runtime.instrumentation.MethodCallReplacementClassAdapter - Adding mock interface to class org/assertj/core/extractor/ToStringExtractor
05:24:30.573 [main] INFO org.evosuite.runtime.instrumentation.CreateClassResetClassAdapter - Creating brand-new static initializer in class org/assertj/core/extractor/ToStringExtractor
05:24:30.573 [main] DEBUG org.evosuite.runtime.agent.TransformerForTests - Going to instrument: com.fasterxml.jackson.annotation.JsonMerge
05:24:30.574 [main] DEBUG org.evosuite.runtime.agent.TransformerForTests - Going to instrument: org.springframework.context.support.StaticApplicationContext
05:24:30.574 [main] INFO org.evosuite.runtime.instrumentation.MethodCallReplacementClassAdapter - Adding mock interface to class org/springframework/context/support/StaticApplicationContext
05:24:30.575 [main] INFO org.evosuite.runtime.instrumentation.CreateClassResetClassAdapter - Creating brand-new static initializer in class org/springframework/context/support/StaticApplicationContext
05:24:30.575 [main] DEBUG org.evosuite.runtime.agent.TransformerForTests - Going to instrument: org.springframework.context.annotation.ComponentScans
05:24:30.576 [main] DEBUG org.evosuite.runtime.agent.TransformerForTests - Going to instrument: org.springframework.web.util.HierarchicalUriComponents$UriTemplateEncoder
05:24:30.576 [main] INFO org.evosuite.runtime.instrumentation.MethodCallReplacementClassAdapter - Adding mock interface to class org/springframework/web/util/HierarchicalUriComponents$UriTemplateEncoder
05:24:30.577 [main] INFO org.evosuite.runtime.instrumentation.CreateClassResetClassAdapter - Creating brand-new static initializer in class org/springframework/web/util/HierarchicalUriComponents$UriTemplateEncoder
05:24:30.578 [main] DEBUG org.evosuite.runtime.agent.TransformerForTests - Going to instrument: org.hibernate.annotations.Target
05:24:30.578 [main] DEBUG org.evosuite.runtime.agent.TransformerForTests - Going to instrument: org.springframework.beans.factory.support.ChildBeanDefinition
05:24:30.578 [main] INFO org.evosuite.runtime.instrumentation.MethodCallReplacementClassAdapter - Adding mock interface to class org/springframework/beans/factory/support/ChildBeanDefinition
05:24:30.578 [main] INFO org.evosuite.runtime.instrumentation.CreateClassResetClassAdapter - Creating brand-new static initializer in class org/springframework/beans/factory/support/ChildBeanDefinition
05:24:30.579 [main] DEBUG org.evosuite.runtime.agent.TransformerForTests - Going to instrument: org.hibernate.annotations.ListIndexBase
05:24:30.579 [main] DEBUG org.evosuite.runtime.agent.TransformerForTests - Going to instrument: org.apache.logging.log4j.util.internal.DefaultObjectInputFilter
05:24:30.580 [main] INFO org.evosuite.runtime.instrumentation.MethodCallReplacementClassAdapter - Adding mock interface to class org/apache/logging/log4j/util/internal/DefaultObjectInputFilter
05:24:30.580 [main] INFO org.evosuite.runtime.instrumentation.CreateClassResetClassAdapter - Found static initializer in class org/apache/logging/log4j/util/internal/DefaultObjectInputFilter
05:24:30.581 [main] DEBUG org.evosuite.runtime.agent.TransformerForTests - Going to instrument: org.springframework.data.spel.ExpressionDependencies$ExpressionDependency
05:24:30.581 [main] INFO org.evosuite.runtime.instrumentation.MethodCallReplacementClassAdapter - Adding mock interface to class org/springframework/data/spel/ExpressionDependencies$ExpressionDependency
05:24:30.581 [main] INFO org.evosuite.runtime.instrumentation.CreateClassResetClassAdapter - Creating brand-new static initializer in class org/springframework/data/spel/ExpressionDependencies$ExpressionDependency
05:24:30.581 [main] DEBUG org.evosuite.runtime.agent.TransformerForTests - Going to instrument: org.springframework.context.annotation.LoadTimeWeavingConfiguration
05:24:30.581 [main] INFO org.evosuite.runtime.instrumentation.MethodCallReplacementClassAdapter - Adding mock interface to class org/springframework/context/annotation/LoadTimeWeavingConfiguration
05:24:30.583 [main] INFO org.evosuite.runtime.instrumentation.CreateClassResetClassAdapter - Creating brand-new static initializer in class org/springframework/context/annotation/LoadTimeWeavingConfiguration
05:24:30.583 [main] DEBUG org.evosuite.runtime.agent.TransformerForTests - Going to instrument: org.springframework.instrument.classloading.LoadTimeWeaver
05:24:30.583 [main] DEBUG org.evosuite.runtime.agent.TransformerForTests - Going to instrument: org.springframework.data.domain.AfterDomainEventPublication
05:24:30.583 [main] DEBUG org.evosuite.runtime.agent.TransformerForTests - Going to instrument: org.springframework.beans.factory.wiring.BeanWiringInfo
05:24:30.584 [main] INFO org.evosuite.runtime.instrumentation.MethodCallReplacementClassAdapter - Adding mock interface to class org/springframework/beans/factory/wiring/BeanWiringInfo
05:24:30.584 [main] INFO org.evosuite.runtime.instrumentation.CreateClassResetClassAdapter - Creating brand-new static initializer in class org/springframework/beans/factory/wiring/BeanWiringInfo
05:24:30.584 [main] INFO org.evosuite.runtime.instrumentation.CreateClassResetClassAdapter - Adding bytecode for initializing field AUTOWIRE_BY_NAME
05:24:30.584 [main] INFO org.evosuite.runtime.instrumentation.CreateClassResetClassAdapter - Adding bytecode for initializing field AUTOWIRE_BY_TYPE
05:24:30.585 [main] DEBUG org.evosuite.runtime.agent.TransformerForTests - Going to instrument: org.springframework.boot.devtools.autoconfigure.TriggerFileFilter
05:24:30.585 [main] INFO org.evosuite.runtime.instrumentation.MethodCallReplacementClassAdapter - Adding mock interface to class org/springframework/boot/devtools/autoconfigure/TriggerFileFilter
05:24:30.585 [main] INFO org.evosuite.runtime.instrumentation.CreateClassResetClassAdapter - Creating brand-new static initializer in class org/springframework/boot/devtools/autoconfigure/TriggerFileFilter
05:24:30.585 [main] DEBUG org.evosuite.runtime.agent.TransformerForTests - Going to instrument: org.springframework.data.annotation.LastModifiedDate
05:24:30.586 [main] DEBUG org.evosuite.runtime.agent.TransformerForTests - Going to instrument: org.springframework.beans.factory.SmartInitializingSingleton
05:24:30.586 [main] DEBUG org.evosuite.runtime.agent.TransformerForTests - Going to instrument: org.apache.commons.io.filefilter.PrefixFileFilter
05:24:30.586 [main] INFO org.evosuite.runtime.instrumentation.MethodCallReplacementClassAdapter - Adding mock interface to class org/apache/commons/io/filefilter/PrefixFileFilter
05:24:30.587 [main] INFO org.evosuite.runtime.instrumentation.CreateClassResetClassAdapter - Creating brand-new static initializer in class org/apache/commons/io/filefilter/PrefixFileFilter
05:24:30.587 [main] DEBUG org.evosuite.runtime.agent.TransformerForTests - Going to instrument: org.springframework.stereotype.Component
05:24:30.588 [main] DEBUG org.evosuite.runtime.agent.TransformerForTests - Going to instrument: org.springframework.test.context.ContextHierarchy
05:24:30.589 [main] DEBUG org.evosuite.runtime.agent.TransformerForTests - Going to instrument: org.springframework.beans.factory.annotation.RequiredAnnotationBeanPostProcessor
05:24:30.589 [main] INFO org.evosuite.runtime.instrumentation.MethodCallReplacementClassAdapter - Adding mock interface to class org/springframework/beans/factory/annotation/RequiredAnnotationBeanPostProcessor
05:24:30.590 [main] INFO org.evosuite.runtime.instrumentation.CreateClassResetClassAdapter - Found static initializer in class org/springframework/beans/factory/annotation/RequiredAnnotationBeanPostProcessor
05:24:30.590 [main] DEBUG org.evosuite.runtime.agent.TransformerForTests - Going to instrument: org.springframework.beans.factory.BeanInitializationException
05:24:30.590 [main] INFO org.evosuite.runtime.instrumentation.MethodCallReplacementClassAdapter - Adding mock interface to class org/springframework/beans/factory/BeanInitializationException
05:24:30.590 [main] INFO org.evosuite.runtime.instrumentation.CreateClassResetClassAdapter - Creating brand-new static initializer in class org/springframework/beans/factory/BeanInitializationException
05:24:30.591 [main] DEBUG org.evosuite.runtime.agent.TransformerForTests - Going to instrument: org.springframework.core.Conventions
05:24:30.591 [main] INFO org.evosuite.runtime.instrumentation.MethodCallReplacementClassAdapter - Adding mock interface to class org/springframework/core/Conventions
05:24:30.593 [main] INFO org.evosuite.runtime.instrumentation.CreateClassResetClassAdapter - Creating brand-new static initializer in class org/springframework/core/Conventions
05:24:30.593 [main] INFO org.evosuite.runtime.instrumentation.CreateClassResetClassAdapter - Adding bytecode for initializing field PLURAL_SUFFIX
05:24:30.594 [main] DEBUG org.evosuite.runtime.agent.TransformerForTests - Going to instrument: org.springframework.asm.ByteVector
05:24:30.594 [main] INFO org.evosuite.runtime.instrumentation.MethodCallReplacementClassAdapter - Adding mock interface to class org/springframework/asm/ByteVector
05:24:30.595 [main] INFO org.evosuite.runtime.instrumentation.CreateClassResetClassAdapter - Creating brand-new static initializer in class org/springframework/asm/ByteVector
05:24:30.596 [main] DEBUG org.evosuite.runtime.agent.TransformerForTests - Going to instrument: org.springframework.boot.autoconfigure.AutoConfigureBefore
05:24:30.596 [main] DEBUG org.evosuite.runtime.agent.TransformerForTests - Going to instrument: org.hibernate.annotations.CollectionId
05:24:30.597 [main] DEBUG org.evosuite.runtime.agent.TransformerForTests - Going to instrument: org.springframework.data.util.CustomCollections$EclipseCollections$JavaToEclipseConverter
05:24:30.597 [main] INFO org.evosuite.runtime.instrumentation.MethodCallReplacementClassAdapter - Adding mock interface to class org/springframework/data/util/CustomCollections$EclipseCollections$JavaToEclipseConverter
05:24:30.598 [main] INFO org.evosuite.runtime.instrumentation.CreateClassResetClassAdapter - Found static initializer in class org/springframework/data/util/CustomCollections$EclipseCollections$JavaToEclipseConverter
05:24:30.598 [main] ERROR org.evosuite.runtime.classhandling.ClassStateSupport - Could not initialize org.springframework.data.util.CustomCollections$EclipseCollections$JavaToEclipseConverter: org/eclipse/collections/api/RichIterable
05:24:30.598 [main] DEBUG org.evosuite.runtime.agent.TransformerForTests - Going to instrument: org.aspectj.lang.annotation.DeclareMixin
05:24:30.599 [main] DEBUG org.evosuite.runtime.agent.TransformerForTests - Going to instrument: org.springframework.expression.spel.support.DataBindingPropertyAccessor
05:24:30.599 [main] INFO org.evosuite.runtime.instrumentation.MethodCallReplacementClassAdapter - Adding mock interface to class org/springframework/expression/spel/support/DataBindingPropertyAccessor
05:24:30.599 [main] INFO org.evosuite.runtime.instrumentation.CreateClassResetClassAdapter - Creating brand-new static initializer in class org/springframework/expression/spel/support/DataBindingPropertyAccessor
05:24:30.600 [main] DEBUG org.evosuite.runtime.agent.TransformerForTests - Going to instrument: org.hibernate.annotations.ColumnDefault
05:24:30.600 [main] DEBUG org.evosuite.runtime.agent.TransformerForTests - Going to instrument: org.springframework.beans.factory.support.SimpleAutowireCandidateResolver
05:24:30.600 [main] INFO org.evosuite.runtime.instrumentation.MethodCallReplacementClassAdapter - Adding mock interface to class org/springframework/beans/factory/support/SimpleAutowireCandidateResolver
05:24:30.600 [main] INFO org.evosuite.runtime.instrumentation.CreateClassResetClassAdapter - Found static initializer in class org/springframework/beans/factory/support/SimpleAutowireCandidateResolver
05:24:30.601 [main] DEBUG org.evosuite.runtime.agent.TransformerForTests - Going to instrument: org.springframework.context.expression.BeanFactoryResolver
05:24:30.601 [main] INFO org.evosuite.runtime.instrumentation.MethodCallReplacementClassAdapter - Adding mock interface to class org/springframework/context/expression/BeanFactoryResolver
05:24:30.601 [main] INFO org.evosuite.runtime.instrumentation.CreateClassResetClassAdapter - Creating brand-new static initializer in class org/springframework/context/expression/BeanFactoryResolver
05:24:30.601 [main] DEBUG org.evosuite.runtime.agent.TransformerForTests - Going to instrument: org.apache.commons.io.filefilter.TrueFileFilter
05:24:30.601 [main] INFO org.evosuite.runtime.instrumentation.MethodCallReplacementClassAdapter - Adding mock interface to class org/apache/commons/io/filefilter/TrueFileFilter
05:24:30.601 [main] INFO org.evosuite.runtime.instrumentation.CreateClassResetClassAdapter - Found static initializer in class org/apache/commons/io/filefilter/TrueFileFilter
05:24:30.602 [main] DEBUG org.evosuite.runtime.agent.TransformerForTests - Going to instrument: org.springframework.core.metrics.jfr.FlightRecorderApplicationStartup
05:24:30.602 [main] INFO org.evosuite.runtime.instrumentation.MethodCallReplacementClassAdapter - Adding mock interface to class org/springframework/core/metrics/jfr/FlightRecorderApplicationStartup
05:24:30.602 [main] INFO org.evosuite.runtime.instrumentation.CreateClassResetClassAdapter - Creating brand-new static initializer in class org/springframework/core/metrics/jfr/FlightRecorderApplicationStartup
05:24:30.602 [main] DEBUG org.evosuite.runtime.agent.TransformerForTests - Going to instrument: org.hibernate.annotations.Immutable
05:24:30.603 [main] DEBUG org.evosuite.runtime.agent.TransformerForTests - Going to instrument: org.springframework.beans.factory.support.DisposableBeanAdapter
05:24:30.604 [main] INFO org.evosuite.runtime.instrumentation.MethodCallReplacementClassAdapter - Adding mock interface to class org/springframework/beans/factory/support/DisposableBeanAdapter
05:24:30.605 [main] INFO org.evosuite.runtime.instrumentation.CreateClassResetClassAdapter - Found static initializer in class org/springframework/beans/factory/support/DisposableBeanAdapter
05:24:30.607 [main] DEBUG org.evosuite.runtime.agent.TransformerForTests - Going to instrument: org.springframework.cglib.core.ProcessSwitchCallback
05:24:30.607 [main] DEBUG org.evosuite.runtime.agent.TransformerForTests - Going to instrument: org.aspectj.lang.annotation.AfterThrowing
05:24:30.608 [main] DEBUG org.evosuite.runtime.agent.TransformerForTests - Going to instrument: org.springframework.boot.convert.DelimitedStringToArrayConverter
05:24:30.608 [main] INFO org.evosuite.runtime.instrumentation.MethodCallReplacementClassAdapter - Adding mock interface to class org/springframework/boot/convert/DelimitedStringToArrayConverter
05:24:30.608 [main] INFO org.evosuite.runtime.instrumentation.CreateClassResetClassAdapter - Creating brand-new static initializer in class org/springframework/boot/convert/DelimitedStringToArrayConverter
05:24:30.609 [main] DEBUG org.evosuite.runtime.agent.TransformerForTests - Going to instrument: org.springframework.context.event.EventListener
05:24:30.610 [main] DEBUG org.evosuite.runtime.agent.TransformerForTests - Going to instrument: org.springframework.beans.factory.support.GenericTypeAwareAutowireCandidateResolver
05:24:30.610 [main] INFO org.evosuite.runtime.instrumentation.MethodCallReplacementClassAdapter - Adding mock interface to class org/springframework/beans/factory/support/GenericTypeAwareAutowireCandidateResolver
05:24:30.613 [main] INFO org.evosuite.runtime.instrumentation.CreateClassResetClassAdapter - Creating brand-new static initializer in class org/springframework/beans/factory/support/GenericTypeAwareAutowireCandidateResolver
05:24:30.613 [main] DEBUG org.evosuite.runtime.agent.TransformerForTests - Going to instrument: net.bytebuddy.asm.Advice$Exit
05:24:30.614 [main] DEBUG org.evosuite.runtime.agent.TransformerForTests - Going to instrument: org.apache.commons.io.file.Counters$Counter
05:24:30.615 [main] DEBUG org.evosuite.runtime.agent.TransformerForTests - Going to instrument: org.springframework.transaction.reactive.AbstractReactiveTransactionManager$ErrorPredicates
05:24:30.615 [main] INFO org.evosuite.runtime.instrumentation.MethodCallReplacementClassAdapter - Adding mock interface to class org/springframework/transaction/reactive/AbstractReactiveTransactionManager$ErrorPredicates
05:24:30.615 [main] INFO org.evosuite.runtime.instrumentation.CreateClassResetClassAdapter - Found static initializer in class org/springframework/transaction/reactive/AbstractReactiveTransactionManager$ErrorPredicates
05:24:30.615 [main] DEBUG org.evosuite.runtime.agent.TransformerForTests - Going to instrument: org.springframework.transaction.reactive.AbstractReactiveTransactionManager$ErrorPredicates$1
05:24:30.615 [main] INFO org.evosuite.runtime.instrumentation.MethodCallReplacementClassAdapter - Adding mock interface to class org/springframework/transaction/reactive/AbstractReactiveTransactionManager$ErrorPredicates$1
05:24:30.616 [main] DEBUG org.evosuite.runtime.agent.TransformerForTests - Going to instrument: org.springframework.transaction.reactive.AbstractReactiveTransactionManager$ErrorPredicates$2
05:24:30.616 [main] INFO org.evosuite.runtime.instrumentation.MethodCallReplacementClassAdapter - Adding mock interface to class org/springframework/transaction/reactive/AbstractReactiveTransactionManager$ErrorPredicates$2
05:24:30.616 [main] DEBUG org.evosuite.runtime.agent.TransformerForTests - Going to instrument: org.springframework.transaction.reactive.AbstractReactiveTransactionManager$ErrorPredicates$3
05:24:30.616 [main] INFO org.evosuite.runtime.instrumentation.MethodCallReplacementClassAdapter - Adding mock interface to class org/springframework/transaction/reactive/AbstractReactiveTransactionManager$ErrorPredicates$3
05:24:30.617 [main] DEBUG org.evosuite.runtime.agent.TransformerForTests - Going to instrument: org.apache.commons.io.file.Counters$LongPathCounters
05:24:30.617 [main] INFO org.evosuite.runtime.instrumentation.MethodCallReplacementClassAdapter - Adding mock interface to class org/apache/commons/io/file/Counters$LongPathCounters
05:24:30.617 [main] INFO org.evosuite.runtime.instrumentation.CreateClassResetClassAdapter - Creating brand-new static initializer in class org/apache/commons/io/file/Counters$LongPathCounters
05:24:30.617 [main] DEBUG org.evosuite.runtime.agent.TransformerForTests - Going to instrument: org.springframework.context.annotation.Lazy
05:24:30.618 [main] DEBUG org.evosuite.runtime.agent.TransformerForTests - Going to instrument: org.springframework.data.history.Revisions
05:24:30.618 [main] INFO org.evosuite.runtime.instrumentation.MethodCallReplacementClassAdapter - Adding mock interface to class org/springframework/data/history/Revisions
05:24:30.618 [main] INFO org.evosuite.runtime.instrumentation.CreateClassResetClassAdapter - Creating brand-new static initializer in class org/springframework/data/history/Revisions
05:24:30.618 [main] DEBUG org.evosuite.runtime.agent.TransformerForTests - Going to instrument: org.hibernate.annotations.TypeDefs
05:24:30.619 [main] DEBUG org.evosuite.runtime.agent.TransformerForTests - Going to instrument: net.bytebuddy.matcher.ElementMatcher$Junction$AbstractBase
05:24:30.619 [main] INFO org.evosuite.runtime.instrumentation.MethodCallReplacementClassAdapter - Adding mock interface to class net/bytebuddy/matcher/ElementMatcher$Junction$AbstractBase
05:24:30.619 [main] INFO org.evosuite.runtime.instrumentation.CreateClassResetClassAdapter - Creating brand-new static initializer in class net/bytebuddy/matcher/ElementMatcher$Junction$AbstractBase
05:24:30.619 [main] DEBUG org.evosuite.runtime.agent.TransformerForTests - Going to instrument: org.hibernate.annotations.SortNatural
05:24:30.619 [main] DEBUG org.evosuite.runtime.agent.TransformerForTests - Going to instrument: org.apache.commons.io.file.Counters$NoopPathCounters
05:24:30.619 [main] INFO org.evosuite.runtime.instrumentation.MethodCallReplacementClassAdapter - Adding mock interface to class org/apache/commons/io/file/Counters$NoopPathCounters
05:24:30.620 [main] INFO org.evosuite.runtime.instrumentation.CreateClassResetClassAdapter - Found static initializer in class org/apache/commons/io/file/Counters$NoopPathCounters
05:24:30.620 [main] DEBUG org.evosuite.runtime.agent.TransformerForTests - Going to instrument: org.apache.commons.io.file.Counters
05:24:30.620 [main] INFO org.evosuite.runtime.instrumentation.MethodCallReplacementClassAdapter - Adding mock interface to class org/apache/commons/io/file/Counters
05:24:30.620 [main] INFO org.evosuite.runtime.instrumentation.CreateClassResetClassAdapter - Creating brand-new static initializer in class org/apache/commons/io/file/Counters
05:24:30.620 [main] DEBUG org.evosuite.runtime.agent.TransformerForTests - Going to instrument: org.apache.commons.io.file.Counters$NoopCounter
05:24:30.621 [main] INFO org.evosuite.runtime.instrumentation.MethodCallReplacementClassAdapter - Adding mock interface to class org/apache/commons/io/file/Counters$NoopCounter
05:24:30.621 [main] INFO org.evosuite.runtime.instrumentation.CreateClassResetClassAdapter - Found static initializer in class org/apache/commons/io/file/Counters$NoopCounter
05:24:30.621 [main] DEBUG org.evosuite.runtime.agent.TransformerForTests - Going to instrument: org.hibernate.annotations.Sort
05:24:30.621 [main] DEBUG org.evosuite.runtime.agent.TransformerForTests - Going to instrument: org.springframework.core.convert.support.CollectionToObjectConverter
05:24:30.621 [main] INFO org.evosuite.runtime.instrumentation.MethodCallReplacementClassAdapter - Adding mock interface to class org/springframework/core/convert/support/CollectionToObjectConverter
05:24:30.622 [main] INFO org.evosuite.runtime.instrumentation.CreateClassResetClassAdapter - Creating brand-new static initializer in class org/springframework/core/convert/support/CollectionToObjectConverter
05:24:30.622 [main] DEBUG org.evosuite.runtime.agent.TransformerForTests - Going to instrument: org.springframework.expression.spel.support.StandardTypeConverter
05:24:30.622 [main] INFO org.evosuite.runtime.instrumentation.MethodCallReplacementClassAdapter - Adding mock interface to class org/springframework/expression/spel/support/StandardTypeConverter
05:24:30.622 [main] INFO org.evosuite.runtime.instrumentation.CreateClassResetClassAdapter - Creating brand-new static initializer in class org/springframework/expression/spel/support/StandardTypeConverter
05:24:30.623 [main] DEBUG org.evosuite.runtime.agent.TransformerForTests - Going to instrument: org.springframework.beans.factory.config.MapFactoryBean
05:24:30.623 [main] INFO org.evosuite.runtime.instrumentation.MethodCallReplacementClassAdapter - Adding mock interface to class org/springframework/beans/factory/config/MapFactoryBean
05:24:30.624 [main] INFO org.evosuite.runtime.instrumentation.CreateClassResetClassAdapter - Creating brand-new static initializer in class org/springframework/beans/factory/config/MapFactoryBean
05:24:30.625 [main] DEBUG org.evosuite.runtime.agent.TransformerForTests - Going to instrument: org.hibernate.annotations.SQLDelete
05:24:30.625 [main] DEBUG org.evosuite.runtime.agent.TransformerForTests - Going to instrument: org.apache.commons.io.filefilter.NameFileFilter
05:24:30.625 [main] INFO org.evosuite.runtime.instrumentation.MethodCallReplacementClassAdapter - Adding mock interface to class org/apache/commons/io/filefilter/NameFileFilter
05:24:30.626 [main] INFO org.evosuite.runtime.instrumentation.CreateClassResetClassAdapter - Creating brand-new static initializer in class org/apache/commons/io/filefilter/NameFileFilter
05:24:30.627 [main] DEBUG org.evosuite.runtime.agent.TransformerForTests - Going to instrument: org.springframework.beans.factory.config.ConstructorArgumentValues$ValueHolder
05:24:30.627 [main] INFO org.evosuite.runtime.instrumentation.MethodCallReplacementClassAdapter - Adding mock interface to class org/springframework/beans/factory/config/ConstructorArgumentValues$ValueHolder
05:24:30.627 [main] INFO org.evosuite.runtime.instrumentation.CreateClassResetClassAdapter - Creating brand-new static initializer in class org/springframework/beans/factory/config/ConstructorArgumentValues$ValueHolder
05:24:30.628 [main] DEBUG org.evosuite.runtime.agent.TransformerForTests - Going to instrument: org.mockito.Incubating
05:24:30.628 [main] DEBUG org.evosuite.runtime.agent.TransformerForTests - Going to instrument: org.hibernate.annotations.WhereJoinTable
05:24:30.628 [main] DEBUG org.evosuite.runtime.agent.TransformerForTests - Going to instrument: org.apache.commons.io.file.AccumulatorPathVisitor
05:24:30.629 [main] INFO org.evosuite.runtime.instrumentation.MethodCallReplacementClassAdapter - Adding mock interface to class org/apache/commons/io/file/AccumulatorPathVisitor
05:24:30.629 [main] INFO org.evosuite.runtime.instrumentation.CreateClassResetClassAdapter - Creating brand-new static initializer in class org/apache/commons/io/file/AccumulatorPathVisitor
05:24:30.629 [main] DEBUG org.evosuite.runtime.agent.TransformerForTests - Going to instrument: org.springframework.aop.aspectj.MethodInvocationProceedingJoinPoint
05:24:30.630 [main] INFO org.evosuite.runtime.instrumentation.MethodCallReplacementClassAdapter - Adding mock interface to class org/springframework/aop/aspectj/MethodInvocationProceedingJoinPoint
05:24:30.630 [main] INFO org.evosuite.runtime.instrumentation.CreateClassResetClassAdapter - Found static initializer in class org/springframework/aop/aspectj/MethodInvocationProceedingJoinPoint
05:24:30.632 [main] DEBUG org.evosuite.runtime.agent.TransformerForTests - Going to instrument: org.springframework.beans.factory.xml.XmlBeanDefinitionReader
05:24:30.632 [main] INFO org.evosuite.runtime.instrumentation.MethodCallReplacementClassAdapter - Adding mock interface to class org/springframework/beans/factory/xml/XmlBeanDefinitionReader
05:24:30.633 [main] INFO org.evosuite.runtime.instrumentation.CreateClassResetClassAdapter - Found static initializer in class org/springframework/beans/factory/xml/XmlBeanDefinitionReader
05:24:30.634 [main] DEBUG org.evosuite.runtime.agent.TransformerForTests - Going to instrument: org.springframework.beans.factory.parsing.ProblemReporter
05:24:30.634 [main] DEBUG org.evosuite.runtime.agent.TransformerForTests - Going to instrument: org.springframework.beans.factory.parsing.ReaderEventListener
05:24:30.635 [main] DEBUG org.evosuite.runtime.agent.TransformerForTests - Going to instrument: org.springframework.beans.factory.parsing.SourceExtractor
05:24:30.635 [main] DEBUG org.evosuite.runtime.agent.TransformerForTests - Going to instrument: org.springframework.beans.factory.xml.DocumentLoader
05:24:30.635 [main] DEBUG org.evosuite.runtime.agent.TransformerForTests - Going to instrument: org.springframework.beans.factory.xml.XmlBeanDefinitionReader$1
05:24:30.635 [main] INFO org.evosuite.runtime.instrumentation.MethodCallReplacementClassAdapter - Adding mock interface to class org/springframework/beans/factory/xml/XmlBeanDefinitionReader$1
05:24:30.636 [main] DEBUG org.evosuite.runtime.agent.TransformerForTests - Going to instrument: org.springframework.beans.factory.xml.XmlBeanDefinitionStoreException
05:24:30.636 [main] INFO org.evosuite.runtime.instrumentation.MethodCallReplacementClassAdapter - Adding mock interface to class org/springframework/beans/factory/xml/XmlBeanDefinitionStoreException
05:24:30.636 [main] INFO org.evosuite.runtime.instrumentation.CreateClassResetClassAdapter - Creating brand-new static initializer in class org/springframework/beans/factory/xml/XmlBeanDefinitionStoreException
05:24:30.636 [main] DEBUG org.evosuite.runtime.agent.TransformerForTests - Going to instrument: org.springframework.beans.factory.xml.NamespaceHandlerResolver
05:24:30.637 [main] DEBUG org.evosuite.runtime.agent.TransformerForTests - Going to instrument: org.springframework.core.Constants
05:24:30.637 [main] INFO org.evosuite.runtime.instrumentation.MethodCallReplacementClassAdapter - Adding mock interface to class org/springframework/core/Constants
05:24:30.638 [main] INFO org.evosuite.runtime.instrumentation.CreateClassResetClassAdapter - Creating brand-new static initializer in class org/springframework/core/Constants
05:24:30.639 [main] DEBUG org.evosuite.runtime.agent.TransformerForTests - Going to instrument: org.springframework.core.Constants$ConstantException
05:24:30.639 [main] INFO org.evosuite.runtime.instrumentation.MethodCallReplacementClassAdapter - Adding mock interface to class org/springframework/core/Constants$ConstantException
05:24:30.640 [main] INFO org.evosuite.runtime.instrumentation.CreateClassResetClassAdapter - Creating brand-new static initializer in class org/springframework/core/Constants$ConstantException
05:24:30.641 [main] DEBUG org.evosuite.runtime.agent.TransformerForTests - Going to instrument: org.springframework.beans.MutablePropertyValues
05:24:30.641 [main] INFO org.evosuite.runtime.instrumentation.MethodCallReplacementClassAdapter - Adding mock interface to class org/springframework/beans/MutablePropertyValues
05:24:30.642 [main] INFO org.evosuite.runtime.instrumentation.CreateClassResetClassAdapter - Creating brand-new static initializer in class org/springframework/beans/MutablePropertyValues
05:24:30.644 [main] DEBUG org.evosuite.runtime.agent.TransformerForTests - Going to instrument: org.springframework.data.domain.ExampleMatcher
05:24:30.645 [main] DEBUG org.evosuite.runtime.agent.TransformerForTests - Going to instrument: org.springframework.core.type.StandardAnnotationMetadata
05:24:30.645 [main] INFO org.evosuite.runtime.instrumentation.MethodCallReplacementClassAdapter - Adding mock interface to class org/springframework/core/type/StandardAnnotationMetadata
05:24:30.646 [main] INFO org.evosuite.runtime.instrumentation.CreateClassResetClassAdapter - Creating brand-new static initializer in class org/springframework/core/type/StandardAnnotationMetadata
05:24:30.647 [main] DEBUG org.evosuite.runtime.agent.TransformerForTests - Going to instrument: org.aspectj.lang.annotation.SuppressAjWarnings
05:24:30.647 [main] DEBUG org.evosuite.runtime.agent.TransformerForTests - Going to instrument: net.bytebuddy.asm.Advice$AssignReturned$ToAllArguments
05:24:30.648 [main] DEBUG org.evosuite.runtime.agent.TransformerForTests - Going to instrument: org.hibernate.annotations.RowId
05:24:30.648 [main] DEBUG org.evosuite.runtime.agent.TransformerForTests - Going to instrument: org.apache.commons.io.filefilter.SymbolicLinkFileFilter
05:24:30.648 [main] INFO org.evosuite.runtime.instrumentation.MethodCallReplacementClassAdapter - Adding mock interface to class org/apache/commons/io/filefilter/SymbolicLinkFileFilter
05:24:30.648 [main] INFO org.evosuite.runtime.instrumentation.CreateClassResetClassAdapter - Found static initializer in class org/apache/commons/io/filefilter/SymbolicLinkFileFilter
05:24:30.649 [main] DEBUG org.evosuite.runtime.agent.TransformerForTests - Going to instrument: org.apache.commons.io.filefilter.WildcardFilter
05:24:30.649 [main] INFO org.evosuite.runtime.instrumentation.MethodCallReplacementClassAdapter - Adding mock interface to class org/apache/commons/io/filefilter/WildcardFilter
05:24:30.650 [main] INFO org.evosuite.runtime.instrumentation.CreateClassResetClassAdapter - Creating brand-new static initializer in class org/apache/commons/io/filefilter/WildcardFilter
05:24:30.651 [main] DEBUG org.evosuite.runtime.agent.TransformerForTests - Going to instrument: org.hibernate.annotations.SQLInsert
05:24:30.651 [main] DEBUG org.evosuite.runtime.agent.TransformerForTests - Going to instrument: org.aspectj.lang.annotation.DeclareAnnotation
05:24:30.652 [main] DEBUG org.evosuite.runtime.agent.TransformerForTests - Going to instrument: org.springframework.context.annotation.Primary
05:24:30.652 [main] DEBUG org.evosuite.runtime.agent.TransformerForTests - Going to instrument: com.fasterxml.jackson.annotation.JsonView
05:24:30.653 [main] DEBUG org.evosuite.runtime.agent.TransformerForTests - Going to instrument: org.springframework.data.geo.Metrics
05:24:30.653 [main] INFO org.evosuite.runtime.instrumentation.MethodCallReplacementClassAdapter - Adding mock interface to class org/springframework/data/geo/Metrics
05:24:30.653 [main] INFO org.evosuite.runtime.instrumentation.CreateClassResetClassAdapter - Found static initializer in class org/springframework/data/geo/Metrics
05:24:30.653 [main] DEBUG org.evosuite.runtime.agent.TransformerForTests - Going to instrument: org.hibernate.annotations.Filter
05:24:30.654 [main] DEBUG org.evosuite.runtime.agent.TransformerForTests - Going to instrument: org.springframework.expression.MethodFilter
05:24:30.654 [main] DEBUG org.evosuite.runtime.agent.TransformerForTests - Going to instrument: com.fasterxml.jackson.annotation.JsonGetter
05:24:30.654 [main] DEBUG org.evosuite.runtime.agent.TransformerForTests - Going to instrument: org.springframework.data.annotation.QueryAnnotation
05:24:30.654 [main] DEBUG org.evosuite.runtime.agent.TransformerForTests - Going to instrument: org.springframework.expression.spel.ast.Identifier
05:24:30.655 [main] INFO org.evosuite.runtime.instrumentation.MethodCallReplacementClassAdapter - Adding mock interface to class org/springframework/expression/spel/ast/Identifier
05:24:30.655 [main] INFO org.evosuite.runtime.instrumentation.CreateClassResetClassAdapter - Creating brand-new static initializer in class org/springframework/expression/spel/ast/Identifier
05:24:30.655 [main] DEBUG org.evosuite.runtime.agent.TransformerForTests - Going to instrument: org.springframework.expression.common.CompositeStringExpression
05:24:30.656 [main] INFO org.evosuite.runtime.instrumentation.MethodCallReplacementClassAdapter - Adding mock interface to class org/springframework/expression/common/CompositeStringExpression
05:24:30.656 [main] INFO org.evosuite.runtime.instrumentation.CreateClassResetClassAdapter - Creating brand-new static initializer in class org/springframework/expression/common/CompositeStringExpression
05:24:30.657 [main] DEBUG org.evosuite.runtime.agent.TransformerForTests - Going to instrument: org.springframework.core.convert.support.ByteBufferConverter
05:24:30.657 [main] INFO org.evosuite.runtime.instrumentation.MethodCallReplacementClassAdapter - Adding mock interface to class org/springframework/core/convert/support/ByteBufferConverter
05:24:30.658 [main] INFO org.evosuite.runtime.instrumentation.CreateClassResetClassAdapter - Found static initializer in class org/springframework/core/convert/support/ByteBufferConverter
05:24:30.659 [main] DEBUG org.evosuite.runtime.agent.TransformerForTests - Going to instrument: org.apache.poi.ss.usermodel.IndexedColors
05:24:30.660 [main] INFO org.evosuite.runtime.instrumentation.MethodCallReplacementClassAdapter - Adding mock interface to class org/apache/poi/ss/usermodel/IndexedColors
05:24:30.660 [main] INFO org.evosuite.runtime.instrumentation.CreateClassResetClassAdapter - Found static initializer in class org/apache/poi/ss/usermodel/IndexedColors
05:24:30.662 [main] DEBUG org.evosuite.runtime.agent.TransformerForTests - Going to instrument: org.springframework.boot.convert.StringToDataSizeConverter
05:24:30.662 [main] INFO org.evosuite.runtime.instrumentation.MethodCallReplacementClassAdapter - Adding mock interface to class org/springframework/boot/convert/StringToDataSizeConverter
05:24:30.662 [main] INFO org.evosuite.runtime.instrumentation.CreateClassResetClassAdapter - Creating brand-new static initializer in class org/springframework/boot/convert/StringToDataSizeConverter
05:24:30.663 [main] DEBUG org.evosuite.runtime.agent.TransformerForTests - Going to instrument: org.springframework.boot.convert.LenientStringToEnumConverterFactory
05:24:30.663 [main] INFO org.evosuite.runtime.instrumentation.MethodCallReplacementClassAdapter - Adding mock interface to class org/springframework/boot/convert/LenientStringToEnumConverterFactory
05:24:30.663 [main] INFO org.evosuite.runtime.instrumentation.CreateClassResetClassAdapter - Creating brand-new static initializer in class org/springframework/boot/convert/LenientStringToEnumConverterFactory
05:24:30.663 [main] DEBUG org.evosuite.runtime.agent.TransformerForTests - Going to instrument: org.springframework.beans.factory.config.ObjectFactoryCreatingFactoryBean
05:24:30.663 [main] INFO org.evosuite.runtime.instrumentation.MethodCallReplacementClassAdapter - Adding mock interface to class org/springframework/beans/factory/config/ObjectFactoryCreatingFactoryBean
05:24:30.663 [main] INFO org.evosuite.runtime.instrumentation.CreateClassResetClassAdapter - Creating brand-new static initializer in class org/springframework/beans/factory/config/ObjectFactoryCreatingFactoryBean
05:24:30.664 [main] DEBUG org.evosuite.runtime.agent.TransformerForTests - Going to instrument: org.springframework.beans.factory.serviceloader.ServiceLoaderFactoryBean
05:24:30.664 [main] INFO org.evosuite.runtime.instrumentation.MethodCallReplacementClassAdapter - Adding mock interface to class org/springframework/beans/factory/serviceloader/ServiceLoaderFactoryBean
05:24:30.664 [main] INFO org.evosuite.runtime.instrumentation.CreateClassResetClassAdapter - Creating brand-new static initializer in class org/springframework/beans/factory/serviceloader/ServiceLoaderFactoryBean
05:24:30.664 [main] DEBUG org.evosuite.runtime.agent.TransformerForTests - Going to instrument: org.springframework.core.convert.support.ObjectToCollectionConverter
05:24:30.664 [main] INFO org.evosuite.runtime.instrumentation.MethodCallReplacementClassAdapter - Adding mock interface to class org/springframework/core/convert/support/ObjectToCollectionConverter
05:24:30.665 [main] INFO org.evosuite.runtime.instrumentation.CreateClassResetClassAdapter - Creating brand-new static initializer in class org/springframework/core/convert/support/ObjectToCollectionConverter
05:24:30.665 [main] DEBUG org.evosuite.runtime.agent.TransformerForTests - Going to instrument: net.bytebuddy.build.ToStringPlugin$Enhance
05:24:30.665 [main] DEBUG org.evosuite.runtime.agent.TransformerForTests - Going to instrument: com.fasterxml.jackson.annotation.JsonRawValue
05:24:30.665 [main] DEBUG org.evosuite.runtime.agent.TransformerForTests - Going to instrument: org.aspectj.lang.annotation.DeclareWarning
05:24:30.666 [main] DEBUG org.evosuite.runtime.agent.TransformerForTests - Going to instrument: org.springframework.core.convert.Property
05:24:30.666 [main] INFO org.evosuite.runtime.instrumentation.MethodCallReplacementClassAdapter - Adding mock interface to class org/springframework/core/convert/Property
05:24:30.668 [main] INFO org.evosuite.runtime.instrumentation.CreateClassResetClassAdapter - Found static initializer in class org/springframework/core/convert/Property
05:24:30.669 [main] DEBUG org.evosuite.runtime.agent.TransformerForTests - Going to instrument: org.springframework.core.convert.support.ObjectToObjectConverter
05:24:30.669 [main] INFO org.evosuite.runtime.instrumentation.MethodCallReplacementClassAdapter - Adding mock interface to class org/springframework/core/convert/support/ObjectToObjectConverter
05:24:30.670 [main] INFO org.evosuite.runtime.instrumentation.CreateClassResetClassAdapter - Found static initializer in class org/springframework/core/convert/support/ObjectToObjectConverter
05:24:30.671 [main] DEBUG org.evosuite.runtime.agent.TransformerForTests - Going to instrument: com.fasterxml.jackson.annotation.JsonIdentityReference
05:24:30.672 [main] DEBUG org.evosuite.runtime.agent.TransformerForTests - Going to instrument: org.springframework.data.repository.support.Repositories
05:24:30.672 [main] INFO org.evosuite.runtime.instrumentation.MethodCallReplacementClassAdapter - Adding mock interface to class org/springframework/data/repository/support/Repositories
05:24:30.673 [main] INFO org.evosuite.runtime.instrumentation.CreateClassResetClassAdapter - Found static initializer in class org/springframework/data/repository/support/Repositories
05:24:30.674 [main] DEBUG org.evosuite.runtime.agent.TransformerForTests - Going to instrument: org.springframework.data.repository.core.support.RepositoryFactoryInformation
05:24:30.675 [main] DEBUG org.evosuite.runtime.agent.TransformerForTests - Going to instrument: org.springframework.util.ConcurrentLruCache
05:24:30.675 [main] INFO org.evosuite.runtime.instrumentation.MethodCallReplacementClassAdapter - Adding mock interface to class org/springframework/util/ConcurrentLruCache
05:24:30.675 [main] INFO org.evosuite.runtime.instrumentation.CreateClassResetClassAdapter - Creating brand-new static initializer in class org/springframework/util/ConcurrentLruCache
05:24:30.679 [main] DEBUG org.evosuite.runtime.agent.TransformerForTests - Going to instrument: org.springframework.data.repository.support.Repositories$EmptyRepositoryFactoryInformation
05:24:30.679 [main] INFO org.evosuite.runtime.instrumentation.MethodCallReplacementClassAdapter - Adding mock interface to class org/springframework/data/repository/support/Repositories$EmptyRepositoryFactoryInformation
05:24:30.679 [main] INFO org.evosuite.runtime.instrumentation.CreateClassResetClassAdapter - Found static initializer in class org/springframework/data/repository/support/Repositories$EmptyRepositoryFactoryInformation
05:24:30.680 [main] DEBUG org.evosuite.runtime.agent.TransformerForTests - Going to instrument: io.micrometer.core.annotation.Counted
05:24:30.680 [main] DEBUG org.evosuite.runtime.agent.TransformerForTests - Going to instrument: net.bytebuddy.build.HashCodeAndEqualsPlugin$ValueMatcher
05:24:30.680 [main] INFO org.evosuite.runtime.instrumentation.MethodCallReplacementClassAdapter - Adding mock interface to class net/bytebuddy/build/HashCodeAndEqualsPlugin$ValueMatcher
05:24:30.680 [main] INFO org.evosuite.runtime.instrumentation.CreateClassResetClassAdapter - Creating brand-new static initializer in class net/bytebuddy/build/HashCodeAndEqualsPlugin$ValueMatcher
05:24:30.681 [main] DEBUG org.evosuite.runtime.agent.TransformerForTests - Going to instrument: net.bytebuddy.matcher.ElementMatcher$Junction$ForNonNullValues
05:24:30.681 [main] INFO org.evosuite.runtime.instrumentation.MethodCallReplacementClassAdapter - Adding mock interface to class net/bytebuddy/matcher/ElementMatcher$Junction$ForNonNullValues
05:24:30.681 [main] INFO org.evosuite.runtime.instrumentation.CreateClassResetClassAdapter - Creating brand-new static initializer in class net/bytebuddy/matcher/ElementMatcher$Junction$ForNonNullValues
05:24:30.682 [main] DEBUG org.evosuite.runtime.agent.TransformerForTests - Going to instrument: org.apache.commons.io.file.DeletingPathVisitor
05:24:30.682 [main] INFO org.evosuite.runtime.instrumentation.MethodCallReplacementClassAdapter - Adding mock interface to class org/apache/commons/io/file/DeletingPathVisitor
05:24:30.682 [main] INFO org.evosuite.runtime.instrumentation.CreateClassResetClassAdapter - Creating brand-new static initializer in class org/apache/commons/io/file/DeletingPathVisitor
05:24:30.682 [main] DEBUG org.evosuite.runtime.agent.TransformerForTests - Going to instrument: com.fasterxml.classmate.types.ResolvedRecursiveType
05:24:30.683 [main] INFO org.evosuite.runtime.instrumentation.MethodCallReplacementClassAdapter - Adding mock interface to class com/fasterxml/classmate/types/ResolvedRecursiveType
05:24:30.683 [main] INFO org.evosuite.runtime.instrumentation.CreateClassResetClassAdapter - Creating brand-new static initializer in class com/fasterxml/classmate/types/ResolvedRecursiveType
05:24:30.684 [main] DEBUG org.evosuite.runtime.agent.TransformerForTests - Going to instrument: org.hibernate.annotations.Formula
05:24:30.684 [main] DEBUG org.evosuite.runtime.agent.TransformerForTests - Going to instrument: net.bytebuddy.build.Plugin$Factory$UsingReflection
05:24:30.684 [main] INFO org.evosuite.runtime.instrumentation.MethodCallReplacementClassAdapter - Adding mock interface to class net/bytebuddy/build/Plugin$Factory$UsingReflection
05:24:30.685 [main] INFO org.evosuite.runtime.instrumentation.CreateClassResetClassAdapter - Creating brand-new static initializer in class net/bytebuddy/build/Plugin$Factory$UsingReflection
05:24:30.685 [main] DEBUG org.evosuite.runtime.agent.TransformerForTests - Going to instrument: net.bytebuddy.build.Plugin$Factory$UsingReflection$Instantiator
05:24:30.685 [main] DEBUG org.evosuite.runtime.agent.TransformerForTests - Going to instrument: net.bytebuddy.build.Plugin$Factory$UsingReflection$Instantiator$Unresolved
05:24:30.685 [main] INFO org.evosuite.runtime.instrumentation.MethodCallReplacementClassAdapter - Adding mock interface to class net/bytebuddy/build/Plugin$Factory$UsingReflection$Instantiator$Unresolved
05:24:30.686 [main] INFO org.evosuite.runtime.instrumentation.CreateClassResetClassAdapter - Creating brand-new static initializer in class net/bytebuddy/build/Plugin$Factory$UsingReflection$Instantiator$Unresolved
05:24:30.687 [main] DEBUG org.evosuite.runtime.agent.TransformerForTests - Going to instrument: org.springframework.beans.factory.support.SimpleInstantiationStrategy
05:24:30.687 [main] INFO org.evosuite.runtime.instrumentation.MethodCallReplacementClassAdapter - Adding mock interface to class org/springframework/beans/factory/support/SimpleInstantiationStrategy
05:24:30.688 [main] INFO org.evosuite.runtime.instrumentation.CreateClassResetClassAdapter - Found static initializer in class org/springframework/beans/factory/support/SimpleInstantiationStrategy
05:24:30.689 [main] DEBUG org.evosuite.runtime.agent.TransformerForTests - Going to instrument: org.springframework.core.convert.support.ArrayToStringConverter
05:24:30.689 [main] INFO org.evosuite.runtime.instrumentation.MethodCallReplacementClassAdapter - Adding mock interface to class org/springframework/core/convert/support/ArrayToStringConverter
05:24:30.689 [main] INFO org.evosuite.runtime.instrumentation.CreateClassResetClassAdapter - Creating brand-new static initializer in class org/springframework/core/convert/support/ArrayToStringConverter
05:24:30.689 [main] DEBUG org.evosuite.runtime.agent.TransformerForTests - Going to instrument: org.hibernate.tuple.UpdateTimestampGeneration
05:24:30.689 [main] INFO org.evosuite.runtime.instrumentation.MethodCallReplacementClassAdapter - Adding mock interface to class org/hibernate/tuple/UpdateTimestampGeneration
05:24:30.689 [main] INFO org.evosuite.runtime.instrumentation.CreateClassResetClassAdapter - Creating brand-new static initializer in class org/hibernate/tuple/UpdateTimestampGeneration
05:24:30.690 [main] DEBUG org.evosuite.runtime.agent.TransformerForTests - Going to instrument: com.fasterxml.jackson.annotation.JsonIgnore
05:24:30.690 [main] DEBUG org.evosuite.runtime.agent.TransformerForTests - Going to instrument: net.bytebuddy.asm.Advice$AssignReturned$DefaultValueSkip
05:24:30.690 [main] INFO org.evosuite.runtime.instrumentation.MethodCallReplacementClassAdapter - Adding mock interface to class net/bytebuddy/asm/Advice$AssignReturned$DefaultValueSkip
05:24:30.691 [main] INFO org.evosuite.runtime.instrumentation.CreateClassResetClassAdapter - Creating brand-new static initializer in class net/bytebuddy/asm/Advice$AssignReturned$DefaultValueSkip
05:24:30.692 [main] DEBUG org.evosuite.runtime.agent.TransformerForTests - Going to instrument: org.hibernate.annotations.Filters
05:24:30.692 [main] DEBUG org.evosuite.runtime.agent.TransformerForTests - Going to instrument: org.springframework.core.convert.support.ZonedDateTimeToCalendarConverter
05:24:30.692 [main] INFO org.evosuite.runtime.instrumentation.MethodCallReplacementClassAdapter - Adding mock interface to class org/springframework/core/convert/support/ZonedDateTimeToCalendarConverter
05:24:30.693 [main] INFO org.evosuite.runtime.instrumentation.CreateClassResetClassAdapter - Creating brand-new static initializer in class org/springframework/core/convert/support/ZonedDateTimeToCalendarConverter
05:24:30.693 [main] DEBUG org.evosuite.runtime.agent.TransformerForTests - Going to instrument: org.hibernate.annotations.Check
05:24:30.693 [main] DEBUG org.evosuite.runtime.agent.TransformerForTests - Going to instrument: org.hibernate.annotations.FilterDef
05:24:30.694 [main] DEBUG org.evosuite.runtime.agent.TransformerForTests - Going to instrument: org.springframework.expression.spel.support.SimpleEvaluationContext$Builder
05:24:30.694 [main] INFO org.evosuite.runtime.instrumentation.MethodCallReplacementClassAdapter - Adding mock interface to class org/springframework/expression/spel/support/SimpleEvaluationContext$Builder
05:24:30.694 [main] INFO org.evosuite.runtime.instrumentation.CreateClassResetClassAdapter - Creating brand-new static initializer in class org/springframework/expression/spel/support/SimpleEvaluationContext$Builder
05:24:30.695 [main] DEBUG org.evosuite.runtime.agent.TransformerForTests - Going to instrument: org.hibernate.annotations.Comment
05:24:30.695 [main] DEBUG org.evosuite.runtime.agent.TransformerForTests - Going to instrument: org.hibernate.cfg.annotations.MapKeyJoinColumnDelegator
05:24:30.695 [main] INFO org.evosuite.runtime.instrumentation.MethodCallReplacementClassAdapter - Adding mock interface to class org/hibernate/cfg/annotations/MapKeyJoinColumnDelegator
05:24:30.695 [main] INFO org.evosuite.runtime.instrumentation.CreateClassResetClassAdapter - Creating brand-new static initializer in class org/hibernate/cfg/annotations/MapKeyJoinColumnDelegator
05:24:30.696 [main] DEBUG org.evosuite.runtime.agent.TransformerForTests - Going to instrument: net.bytebuddy.build.Plugin$Factory$UsingReflection$ArgumentResolver
05:24:30.696 [main] DEBUG org.evosuite.runtime.agent.TransformerForTests - Going to instrument: net.bytebuddy.asm.Advice$AssignReturned$ToReturned
05:24:30.697 [main] DEBUG org.evosuite.runtime.agent.TransformerForTests - Going to instrument: org.hibernate.annotations.NamedQuery
05:24:30.697 [main] DEBUG org.evosuite.runtime.agent.TransformerForTests - Going to instrument: org.hibernate.annotations.MapKeyType
05:24:30.697 [main] DEBUG org.evosuite.runtime.agent.TransformerForTests - Going to instrument: net.bytebuddy.asm.Advice$AssignReturned$ToFields
05:24:30.698 [main] DEBUG org.evosuite.runtime.agent.TransformerForTests - Going to instrument: org.springframework.data.web.PageableDefault
05:24:30.698 [main] DEBUG org.evosuite.runtime.agent.TransformerForTests - Going to instrument: org.springframework.core.convert.support.IntegerToEnumConverterFactory$IntegerToEnum
05:24:30.698 [main] INFO org.evosuite.runtime.instrumentation.MethodCallReplacementClassAdapter - Adding mock interface to class org/springframework/core/convert/support/IntegerToEnumConverterFactory$IntegerToEnum
05:24:30.698 [main] INFO org.evosuite.runtime.instrumentation.CreateClassResetClassAdapter - Creating brand-new static initializer in class org/springframework/core/convert/support/IntegerToEnumConverterFactory$IntegerToEnum
05:24:30.698 [main] DEBUG org.evosuite.runtime.agent.TransformerForTests - Going to instrument: org.springframework.context.annotation.Bean
05:24:30.699 [main] DEBUG org.evosuite.runtime.agent.TransformerForTests - Going to instrument: org.springframework.data.geo.GeoResult
05:24:30.699 [main] INFO org.evosuite.runtime.instrumentation.MethodCallReplacementClassAdapter - Adding mock interface to class org/springframework/data/geo/GeoResult
05:24:30.699 [main] INFO org.evosuite.runtime.instrumentation.CreateClassResetClassAdapter - Creating brand-new static initializer in class org/springframework/data/geo/GeoResult
05:24:30.699 [main] DEBUG org.evosuite.runtime.agent.TransformerForTests - Going to instrument: net.bytebuddy.asm.Advice$Local
05:24:30.700 [main] DEBUG org.evosuite.runtime.agent.TransformerForTests - Going to instrument: org.springframework.transaction.annotation.Transactional
05:24:30.700 [main] DEBUG org.evosuite.runtime.agent.TransformerForTests - Going to instrument: org.springframework.boot.convert.NumberToPeriodConverter
05:24:30.700 [main] INFO org.evosuite.runtime.instrumentation.MethodCallReplacementClassAdapter - Adding mock interface to class org/springframework/boot/convert/NumberToPeriodConverter
05:24:30.700 [main] INFO org.evosuite.runtime.instrumentation.CreateClassResetClassAdapter - Creating brand-new static initializer in class org/springframework/boot/convert/NumberToPeriodConverter
05:24:30.701 [main] DEBUG org.evosuite.runtime.agent.TransformerForTests - Going to instrument: org.springframework.test.web.reactive.server.WebTestClient$ResponseSpec
05:24:30.701 [main] DEBUG org.evosuite.runtime.agent.TransformerForTests - Going to instrument: org.aspectj.lang.annotation.AfterReturning
05:24:30.702 [main] DEBUG org.evosuite.runtime.agent.TransformerForTests - Going to instrument: org.springframework.core.convert.support.GenericConversionService$ConverterFactoryAdapter
05:24:30.702 [main] INFO org.evosuite.runtime.instrumentation.MethodCallReplacementClassAdapter - Adding mock interface to class org/springframework/core/convert/support/GenericConversionService$ConverterFactoryAdapter
05:24:30.702 [main] INFO org.evosuite.runtime.instrumentation.CreateClassResetClassAdapter - Creating brand-new static initializer in class org/springframework/core/convert/support/GenericConversionService$ConverterFactoryAdapter
05:24:30.703 [main] DEBUG org.evosuite.runtime.agent.TransformerForTests - Going to instrument: org.springframework.boot.autoconfigure.ImportAutoConfigurationImportSelector
05:24:30.703 [main] INFO org.evosuite.runtime.instrumentation.MethodCallReplacementClassAdapter - Adding mock interface to class org/springframework/boot/autoconfigure/ImportAutoConfigurationImportSelector
05:24:30.703 [main] INFO org.evosuite.runtime.instrumentation.CreateClassResetClassAdapter - Found static initializer in class org/springframework/boot/autoconfigure/ImportAutoConfigurationImportSelector
05:24:30.704 [main] DEBUG org.evosuite.runtime.agent.TransformerForTests - Going to instrument: org.hibernate.annotations.Parameter
05:24:30.705 [main] DEBUG org.evosuite.runtime.agent.TransformerForTests - Going to instrument: org.springframework.data.util.NullableWrapperConverters$NullableWrapperToGuavaOptionalConverter
05:24:30.705 [main] INFO org.evosuite.runtime.instrumentation.MethodCallReplacementClassAdapter - Adding mock interface to class org/springframework/data/util/NullableWrapperConverters$NullableWrapperToGuavaOptionalConverter
05:24:30.705 [main] INFO org.evosuite.runtime.instrumentation.CreateClassResetClassAdapter - Found static initializer in class org/springframework/data/util/NullableWrapperConverters$NullableWrapperToGuavaOptionalConverter
05:24:30.706 [main] ERROR org.evosuite.runtime.classhandling.ClassStateSupport - Could not initialize org.springframework.data.util.NullableWrapperConverters$NullableWrapperToGuavaOptionalConverter: com/google/common/base/Optional
05:24:30.706 [main] DEBUG org.evosuite.runtime.agent.TransformerForTests - Going to instrument: org.hibernate.annotations.ParamDef
05:24:30.707 [main] DEBUG org.evosuite.runtime.agent.TransformerForTests - Going to instrument: org.springframework.data.mapping.PropertyPath
05:24:30.707 [main] INFO org.evosuite.runtime.instrumentation.MethodCallReplacementClassAdapter - Adding mock interface to class org/springframework/data/mapping/PropertyPath
05:24:30.710 [main] INFO org.evosuite.runtime.instrumentation.CreateClassResetClassAdapter - Found static initializer in class org/springframework/data/mapping/PropertyPath
05:24:30.711 [main] DEBUG org.evosuite.runtime.agent.TransformerForTests - Going to instrument: net.bytebuddy.build.HashCodeAndEqualsPlugin$Sorted
05:24:30.711 [main] DEBUG org.evosuite.runtime.agent.TransformerForTests - Going to instrument: com.fasterxml.jackson.annotation.JsonManagedReference
05:24:30.712 [main] DEBUG org.evosuite.runtime.agent.TransformerForTests - Going to instrument: org.springframework.core.env.PropertySourcesPropertyResolver
05:24:30.712 [main] INFO org.evosuite.runtime.instrumentation.MethodCallReplacementClassAdapter - Adding mock interface to class org/springframework/core/env/PropertySourcesPropertyResolver
05:24:30.713 [main] INFO org.evosuite.runtime.instrumentation.CreateClassResetClassAdapter - Creating brand-new static initializer in class org/springframework/core/env/PropertySourcesPropertyResolver
05:24:30.713 [main] DEBUG org.evosuite.runtime.agent.TransformerForTests - Going to instrument: org.springframework.data.domain.Unpaged
05:24:30.713 [main] INFO org.evosuite.runtime.instrumentation.MethodCallReplacementClassAdapter - Adding mock interface to class org/springframework/data/domain/Unpaged
05:24:30.713 [main] INFO org.evosuite.runtime.instrumentation.CreateClassResetClassAdapter - Found static initializer in class org/springframework/data/domain/Unpaged
05:24:30.714 [main] DEBUG org.evosuite.runtime.agent.TransformerForTests - Going to instrument: org.springframework.data.projection.SpelAwareProxyProjectionFactory
05:24:30.714 [main] INFO org.evosuite.runtime.instrumentation.MethodCallReplacementClassAdapter - Adding mock interface to class org/springframework/data/projection/SpelAwareProxyProjectionFactory
05:24:30.715 [main] INFO org.evosuite.runtime.instrumentation.CreateClassResetClassAdapter - Creating brand-new static initializer in class org/springframework/data/projection/SpelAwareProxyProjectionFactory
05:24:30.715 [main] DEBUG org.evosuite.runtime.agent.TransformerForTests - Going to instrument: org.springframework.data.projection.ProxyProjectionFactory
05:24:30.716 [main] INFO org.evosuite.runtime.instrumentation.MethodCallReplacementClassAdapter - Adding mock interface to class org/springframework/data/projection/ProxyProjectionFactory
05:24:30.716 [main] INFO org.evosuite.runtime.instrumentation.CreateClassResetClassAdapter - Found static initializer in class org/springframework/data/projection/ProxyProjectionFactory
05:24:30.717 [main] DEBUG org.evosuite.runtime.agent.TransformerForTests - Going to instrument: org.aopalliance.intercept.MethodInterceptor
05:24:30.717 [main] DEBUG org.evosuite.runtime.agent.TransformerForTests - Going to instrument: org.aopalliance.intercept.Interceptor
05:24:30.718 [main] DEBUG org.evosuite.runtime.agent.TransformerForTests - Going to instrument: org.springframework.core.convert.support.GenericConversionService$ConvertersForPair
05:24:30.718 [main] INFO org.evosuite.runtime.instrumentation.MethodCallReplacementClassAdapter - Adding mock interface to class org/springframework/core/convert/support/GenericConversionService$ConvertersForPair
05:24:30.718 [main] INFO org.evosuite.runtime.instrumentation.CreateClassResetClassAdapter - Creating brand-new static initializer in class org/springframework/core/convert/support/GenericConversionService$ConvertersForPair
05:24:30.721 [main] DEBUG org.evosuite.runtime.agent.TransformerForTests - Going to instrument: org.springframework.core.convert.support.StringToPropertiesConverter
05:24:30.721 [main] INFO org.evosuite.runtime.instrumentation.MethodCallReplacementClassAdapter - Adding mock interface to class org/springframework/core/convert/support/StringToPropertiesConverter
05:24:30.722 [main] INFO org.evosuite.runtime.instrumentation.CreateClassResetClassAdapter - Creating brand-new static initializer in class org/springframework/core/convert/support/StringToPropertiesConverter
05:24:30.724 [main] DEBUG org.evosuite.runtime.agent.TransformerForTests - Going to instrument: org.springframework.data.convert.Jsr310Converters
05:24:30.724 [main] INFO org.evosuite.runtime.instrumentation.MethodCallReplacementClassAdapter - Adding mock interface to class org/springframework/data/convert/Jsr310Converters
05:24:30.725 [main] INFO org.evosuite.runtime.instrumentation.CreateClassResetClassAdapter - Found static initializer in class org/springframework/data/convert/Jsr310Converters
05:24:30.725 [main] DEBUG org.evosuite.runtime.agent.TransformerForTests - Going to instrument: org.springframework.data.convert.Jsr310Converters$DateToLocalDateTimeConverter
05:24:30.725 [main] INFO org.evosuite.runtime.instrumentation.MethodCallReplacementClassAdapter - Adding mock interface to class org/springframework/data/convert/Jsr310Converters$DateToLocalDateTimeConverter
05:24:30.726 [main] INFO org.evosuite.runtime.instrumentation.CreateClassResetClassAdapter - Found static initializer in class org/springframework/data/convert/Jsr310Converters$DateToLocalDateTimeConverter
05:24:30.726 [main] DEBUG org.evosuite.runtime.agent.TransformerForTests - Going to instrument: org.springframework.data.convert.Jsr310Converters$LocalDateTimeToDateConverter
05:24:30.726 [main] INFO org.evosuite.runtime.instrumentation.MethodCallReplacementClassAdapter - Adding mock interface to class org/springframework/data/convert/Jsr310Converters$LocalDateTimeToDateConverter
05:24:30.726 [main] INFO org.evosuite.runtime.instrumentation.CreateClassResetClassAdapter - Found static initializer in class org/springframework/data/convert/Jsr310Converters$LocalDateTimeToDateConverter
05:24:30.727 [main] DEBUG org.evosuite.runtime.agent.TransformerForTests - Going to instrument: org.springframework.data.convert.Jsr310Converters$DateToLocalDateConverter
05:24:30.727 [main] INFO org.evosuite.runtime.instrumentation.MethodCallReplacementClassAdapter - Adding mock interface to class org/springframework/data/convert/Jsr310Converters$DateToLocalDateConverter
05:24:30.727 [main] INFO org.evosuite.runtime.instrumentation.CreateClassResetClassAdapter - Found static initializer in class org/springframework/data/convert/Jsr310Converters$DateToLocalDateConverter
05:24:30.727 [main] DEBUG org.evosuite.runtime.agent.TransformerForTests - Going to instrument: org.springframework.data.convert.Jsr310Converters$LocalDateToDateConverter
05:24:30.727 [main] INFO org.evosuite.runtime.instrumentation.MethodCallReplacementClassAdapter - Adding mock interface to class org/springframework/data/convert/Jsr310Converters$LocalDateToDateConverter
05:24:30.728 [main] INFO org.evosuite.runtime.instrumentation.CreateClassResetClassAdapter - Found static initializer in class org/springframework/data/convert/Jsr310Converters$LocalDateToDateConverter
05:24:30.728 [main] DEBUG org.evosuite.runtime.agent.TransformerForTests - Going to instrument: org.springframework.data.convert.Jsr310Converters$DateToLocalTimeConverter
05:24:30.728 [main] INFO org.evosuite.runtime.instrumentation.MethodCallReplacementClassAdapter - Adding mock interface to class org/springframework/data/convert/Jsr310Converters$DateToLocalTimeConverter
05:24:30.728 [main] INFO org.evosuite.runtime.instrumentation.CreateClassResetClassAdapter - Found static initializer in class org/springframework/data/convert/Jsr310Converters$DateToLocalTimeConverter
05:24:30.729 [main] DEBUG org.evosuite.runtime.agent.TransformerForTests - Going to instrument: org.springframework.data.convert.Jsr310Converters$LocalTimeToDateConverter
05:24:30.729 [main] INFO org.evosuite.runtime.instrumentation.MethodCallReplacementClassAdapter - Adding mock interface to class org/springframework/data/convert/Jsr310Converters$LocalTimeToDateConverter
05:24:30.729 [main] INFO org.evosuite.runtime.instrumentation.CreateClassResetClassAdapter - Found static initializer in class org/springframework/data/convert/Jsr310Converters$LocalTimeToDateConverter
05:24:30.729 [main] DEBUG org.evosuite.runtime.agent.TransformerForTests - Going to instrument: org.springframework.data.convert.Jsr310Converters$DateToInstantConverter
05:24:30.729 [main] INFO org.evosuite.runtime.instrumentation.MethodCallReplacementClassAdapter - Adding mock interface to class org/springframework/data/convert/Jsr310Converters$DateToInstantConverter
05:24:30.729 [main] INFO org.evosuite.runtime.instrumentation.CreateClassResetClassAdapter - Found static initializer in class org/springframework/data/convert/Jsr310Converters$DateToInstantConverter
05:24:30.730 [main] DEBUG org.evosuite.runtime.agent.TransformerForTests - Going to instrument: org.springframework.data.convert.Jsr310Converters$InstantToDateConverter
05:24:30.730 [main] INFO org.evosuite.runtime.instrumentation.MethodCallReplacementClassAdapter - Adding mock interface to class org/springframework/data/convert/Jsr310Converters$InstantToDateConverter
05:24:30.730 [main] INFO org.evosuite.runtime.instrumentation.CreateClassResetClassAdapter - Found static initializer in class org/springframework/data/convert/Jsr310Converters$InstantToDateConverter
05:24:30.730 [main] DEBUG org.evosuite.runtime.agent.TransformerForTests - Going to instrument: org.springframework.data.convert.Jsr310Converters$LocalDateTimeToInstantConverter
05:24:30.730 [main] INFO org.evosuite.runtime.instrumentation.MethodCallReplacementClassAdapter - Adding mock interface to class org/springframework/data/convert/Jsr310Converters$LocalDateTimeToInstantConverter
05:24:30.731 [main] INFO org.evosuite.runtime.instrumentation.CreateClassResetClassAdapter - Found static initializer in class org/springframework/data/convert/Jsr310Converters$LocalDateTimeToInstantConverter
05:24:30.731 [main] DEBUG org.evosuite.runtime.agent.TransformerForTests - Going to instrument: org.springframework.data.convert.Jsr310Converters$InstantToLocalDateTimeConverter
05:24:30.731 [main] INFO org.evosuite.runtime.instrumentation.MethodCallReplacementClassAdapter - Adding mock interface to class org/springframework/data/convert/Jsr310Converters$InstantToLocalDateTimeConverter
05:24:30.731 [main] INFO org.evosuite.runtime.instrumentation.CreateClassResetClassAdapter - Found static initializer in class org/springframework/data/convert/Jsr310Converters$InstantToLocalDateTimeConverter
05:24:30.732 [main] DEBUG org.evosuite.runtime.agent.TransformerForTests - Going to instrument: org.springframework.data.convert.Jsr310Converters$ZoneIdToStringConverter
05:24:30.732 [main] INFO org.evosuite.runtime.instrumentation.MethodCallReplacementClassAdapter - Adding mock interface to class org/springframework/data/convert/Jsr310Converters$ZoneIdToStringConverter
05:24:30.732 [main] INFO org.evosuite.runtime.instrumentation.CreateClassResetClassAdapter - Found static initializer in class org/springframework/data/convert/Jsr310Converters$ZoneIdToStringConverter
05:24:30.732 [main] DEBUG org.evosuite.runtime.agent.TransformerForTests - Going to instrument: org.springframework.data.convert.Jsr310Converters$StringToZoneIdConverter
05:24:30.732 [main] INFO org.evosuite.runtime.instrumentation.MethodCallReplacementClassAdapter - Adding mock interface to class org/springframework/data/convert/Jsr310Converters$StringToZoneIdConverter
05:24:30.732 [main] INFO org.evosuite.runtime.instrumentation.CreateClassResetClassAdapter - Found static initializer in class org/springframework/data/convert/Jsr310Converters$StringToZoneIdConverter
05:24:30.733 [main] DEBUG org.evosuite.runtime.agent.TransformerForTests - Going to instrument: org.springframework.data.convert.Jsr310Converters$DurationToStringConverter
05:24:30.733 [main] INFO org.evosuite.runtime.instrumentation.MethodCallReplacementClassAdapter - Adding mock interface to class org/springframework/data/convert/Jsr310Converters$DurationToStringConverter
05:24:30.733 [main] INFO org.evosuite.runtime.instrumentation.CreateClassResetClassAdapter - Found static initializer in class org/springframework/data/convert/Jsr310Converters$DurationToStringConverter
05:24:30.733 [main] DEBUG org.evosuite.runtime.agent.TransformerForTests - Going to instrument: org.springframework.data.convert.Jsr310Converters$StringToDurationConverter
05:24:30.733 [main] INFO org.evosuite.runtime.instrumentation.MethodCallReplacementClassAdapter - Adding mock interface to class org/springframework/data/convert/Jsr310Converters$StringToDurationConverter
05:24:30.733 [main] INFO org.evosuite.runtime.instrumentation.CreateClassResetClassAdapter - Found static initializer in class org/springframework/data/convert/Jsr310Converters$StringToDurationConverter
05:24:30.734 [main] DEBUG org.evosuite.runtime.agent.TransformerForTests - Going to instrument: org.springframework.data.convert.Jsr310Converters$PeriodToStringConverter
05:24:30.734 [main] INFO org.evosuite.runtime.instrumentation.MethodCallReplacementClassAdapter - Adding mock interface to class org/springframework/data/convert/Jsr310Converters$PeriodToStringConverter
05:24:30.734 [main] INFO org.evosuite.runtime.instrumentation.CreateClassResetClassAdapter - Found static initializer in class org/springframework/data/convert/Jsr310Converters$PeriodToStringConverter
05:24:30.734 [main] DEBUG org.evosuite.runtime.agent.TransformerForTests - Going to instrument: org.springframework.data.convert.Jsr310Converters$StringToPeriodConverter
05:24:30.734 [main] INFO org.evosuite.runtime.instrumentation.MethodCallReplacementClassAdapter - Adding mock interface to class org/springframework/data/convert/Jsr310Converters$StringToPeriodConverter
05:24:30.735 [main] INFO org.evosuite.runtime.instrumentation.CreateClassResetClassAdapter - Found static initializer in class org/springframework/data/convert/Jsr310Converters$StringToPeriodConverter
05:24:30.735 [main] DEBUG org.evosuite.runtime.agent.TransformerForTests - Going to instrument: org.springframework.data.convert.Jsr310Converters$StringToLocalDateConverter
05:24:30.735 [main] INFO org.evosuite.runtime.instrumentation.MethodCallReplacementClassAdapter - Adding mock interface to class org/springframework/data/convert/Jsr310Converters$StringToLocalDateConverter
05:24:30.735 [main] INFO org.evosuite.runtime.instrumentation.CreateClassResetClassAdapter - Found static initializer in class org/springframework/data/convert/Jsr310Converters$StringToLocalDateConverter
05:24:30.736 [main] DEBUG org.evosuite.runtime.agent.TransformerForTests - Going to instrument: org.springframework.data.convert.Jsr310Converters$StringToLocalDateTimeConverter
05:24:30.736 [main] INFO org.evosuite.runtime.instrumentation.MethodCallReplacementClassAdapter - Adding mock interface to class org/springframework/data/convert/Jsr310Converters$StringToLocalDateTimeConverter
05:24:30.736 [main] INFO org.evosuite.runtime.instrumentation.CreateClassResetClassAdapter - Found static initializer in class org/springframework/data/convert/Jsr310Converters$StringToLocalDateTimeConverter
05:24:30.736 [main] DEBUG org.evosuite.runtime.agent.TransformerForTests - Going to instrument: org.springframework.data.convert.Jsr310Converters$StringToInstantConverter
05:24:30.736 [main] INFO org.evosuite.runtime.instrumentation.MethodCallReplacementClassAdapter - Adding mock interface to class org/springframework/data/convert/Jsr310Converters$StringToInstantConverter
05:24:30.736 [main] INFO org.evosuite.runtime.instrumentation.CreateClassResetClassAdapter - Found static initializer in class org/springframework/data/convert/Jsr310Converters$StringToInstantConverter
05:24:30.739 [main] DEBUG org.evosuite.runtime.agent.TransformerForTests - Going to instrument: org.springframework.data.util.NullableWrapperConverters
05:24:30.739 [main] INFO org.evosuite.runtime.instrumentation.MethodCallReplacementClassAdapter - Adding mock interface to class org/springframework/data/util/NullableWrapperConverters
05:24:30.740 [main] INFO org.evosuite.runtime.instrumentation.CreateClassResetClassAdapter - Found static initializer in class org/springframework/data/util/NullableWrapperConverters
05:24:30.743 [main] DEBUG org.evosuite.runtime.agent.TransformerForTests - Going to instrument: org.springframework.data.util.NullableWrapperConverters$WrapperType
05:24:30.743 [main] INFO org.evosuite.runtime.instrumentation.MethodCallReplacementClassAdapter - Adding mock interface to class org/springframework/data/util/NullableWrapperConverters$WrapperType
05:24:30.743 [main] INFO org.evosuite.runtime.instrumentation.CreateClassResetClassAdapter - Creating brand-new static initializer in class org/springframework/data/util/NullableWrapperConverters$WrapperType
05:24:30.744 [main] DEBUG org.evosuite.runtime.agent.TransformerForTests - Going to instrument: org.springframework.data.util.NullableWrapperConverters$WrapperType$Cardinality
05:24:30.744 [main] INFO org.evosuite.runtime.instrumentation.MethodCallReplacementClassAdapter - Adding mock interface to class org/springframework/data/util/NullableWrapperConverters$WrapperType$Cardinality
05:24:30.744 [main] INFO org.evosuite.runtime.instrumentation.CreateClassResetClassAdapter - Found static initializer in class org/springframework/data/util/NullableWrapperConverters$WrapperType$Cardinality
05:24:30.744 [main] DEBUG org.evosuite.runtime.agent.TransformerForTests - Going to instrument: org.springframework.data.util.NullableWrapperConverters$Jdk8OptionalUnwrapper
05:24:30.744 [main] INFO org.evosuite.runtime.instrumentation.MethodCallReplacementClassAdapter - Adding mock interface to class org/springframework/data/util/NullableWrapperConverters$Jdk8OptionalUnwrapper
05:24:30.745 [main] INFO org.evosuite.runtime.instrumentation.CreateClassResetClassAdapter - Found static initializer in class org/springframework/data/util/NullableWrapperConverters$Jdk8OptionalUnwrapper
05:24:30.746 [main] DEBUG org.evosuite.runtime.agent.TransformerForTests - Going to instrument: org.springframework.data.util.StreamUtils
05:24:30.747 [main] DEBUG org.evosuite.runtime.agent.TransformerForTests - Going to instrument: org.springframework.data.util.NullableWrapper
05:24:30.747 [main] INFO org.evosuite.runtime.instrumentation.MethodCallReplacementClassAdapter - Adding mock interface to class org/springframework/data/util/NullableWrapper
05:24:30.747 [main] INFO org.evosuite.runtime.instrumentation.CreateClassResetClassAdapter - Creating brand-new static initializer in class org/springframework/data/util/NullableWrapper
05:24:30.748 [main] DEBUG org.evosuite.runtime.agent.TransformerForTests - Going to instrument: org.hibernate.annotations.ColumnTransformer
05:24:30.748 [main] DEBUG org.evosuite.runtime.agent.TransformerForTests - Going to instrument: org.hibernate.annotations.IndexColumn
05:24:30.749 [main] DEBUG org.evosuite.runtime.agent.TransformerForTests - Going to instrument: org.springframework.cglib.core.LocalVariablesSorter$State
05:24:30.749 [main] INFO org.evosuite.runtime.instrumentation.MethodCallReplacementClassAdapter - Adding mock interface to class org/springframework/cglib/core/LocalVariablesSorter$State
05:24:30.749 [main] INFO org.evosuite.runtime.instrumentation.CreateClassResetClassAdapter - Creating brand-new static initializer in class org/springframework/cglib/core/LocalVariablesSorter$State
05:24:30.749 [main] DEBUG org.evosuite.runtime.agent.TransformerForTests - Going to instrument: org.springframework.boot.autoconfigure.condition.ConditionalOnClass
05:24:30.749 [main] DEBUG org.evosuite.runtime.agent.TransformerForTests - Going to instrument: net.bytebuddy.asm.Advice$AssignReturned$ToThrown
05:24:30.750 [main] DEBUG org.evosuite.runtime.agent.TransformerForTests - Going to instrument: org.springframework.data.domain.SliceImpl
05:24:30.759 [main] INFO org.evosuite.runtime.instrumentation.MethodCallReplacementClassAdapter - Adding mock interface to class org/springframework/data/domain/SliceImpl
05:24:30.759 [main] INFO org.evosuite.runtime.instrumentation.CreateClassResetClassAdapter - Creating brand-new static initializer in class org/springframework/data/domain/SliceImpl
05:24:30.760 [main] DEBUG org.evosuite.runtime.agent.TransformerForTests - Going to instrument: org.springframework.scheduling.annotation.EnableAsync
05:24:30.761 [main] DEBUG org.evosuite.runtime.agent.TransformerForTests - Going to instrument: org.apache.poi.util.Removal
05:24:30.761 [main] DEBUG org.evosuite.runtime.agent.TransformerForTests - Going to instrument: org.springframework.scheduling.annotation.Scheduled
05:24:30.762 [main] DEBUG org.evosuite.runtime.agent.TransformerForTests - Going to instrument: org.springframework.data.projection.EntityProjection$ContainerPropertyProjection
05:24:30.762 [main] INFO org.evosuite.runtime.instrumentation.MethodCallReplacementClassAdapter - Adding mock interface to class org/springframework/data/projection/EntityProjection$ContainerPropertyProjection
05:24:30.762 [main] INFO org.evosuite.runtime.instrumentation.CreateClassResetClassAdapter - Creating brand-new static initializer in class org/springframework/data/projection/EntityProjection$ContainerPropertyProjection
05:24:30.762 [main] DEBUG org.evosuite.runtime.agent.TransformerForTests - Going to instrument: org.springframework.scheduling.annotation.SchedulingConfiguration
05:24:30.762 [main] INFO org.evosuite.runtime.instrumentation.MethodCallReplacementClassAdapter - Adding mock interface to class org/springframework/scheduling/annotation/SchedulingConfiguration
05:24:30.762 [main] INFO org.evosuite.runtime.instrumentation.CreateClassResetClassAdapter - Creating brand-new static initializer in class org/springframework/scheduling/annotation/SchedulingConfiguration
05:24:30.763 [main] DEBUG org.evosuite.runtime.agent.TransformerForTests - Going to instrument: org.springframework.beans.factory.config.BeanDefinitionHolder
05:24:30.763 [main] INFO org.evosuite.runtime.instrumentation.MethodCallReplacementClassAdapter - Adding mock interface to class org/springframework/beans/factory/config/BeanDefinitionHolder
05:24:30.763 [main] INFO org.evosuite.runtime.instrumentation.CreateClassResetClassAdapter - Creating brand-new static initializer in class org/springframework/beans/factory/config/BeanDefinitionHolder
05:24:30.764 [main] DEBUG org.evosuite.runtime.agent.TransformerForTests - Going to instrument: net.bytebuddy.build.ToStringPlugin
05:24:30.764 [main] INFO org.evosuite.runtime.instrumentation.MethodCallReplacementClassAdapter - Adding mock interface to class net/bytebuddy/build/ToStringPlugin
05:24:30.764 [main] INFO org.evosuite.runtime.instrumentation.CreateClassResetClassAdapter - Found static initializer in class net/bytebuddy/build/ToStringPlugin
05:24:30.765 [main] DEBUG org.evosuite.runtime.agent.TransformerForTests - Going to instrument: net.bytebuddy.implementation.ToStringMethod$PrefixResolver
05:24:30.765 [main] ERROR org.evosuite.runtime.classhandling.ClassStateSupport - Could not initialize net.bytebuddy.build.ToStringPlugin: Could not initialize class net.bytebuddy.description.type.TypeDescription$ForLoadedType
05:24:30.766 [main] DEBUG org.evosuite.runtime.agent.TransformerForTests - Going to instrument: org.springframework.http.codec.xml.Jaxb2XmlDecoder$SplitHandler
05:24:30.766 [main] INFO org.evosuite.runtime.instrumentation.MethodCallReplacementClassAdapter - Adding mock interface to class org/springframework/http/codec/xml/Jaxb2XmlDecoder$SplitHandler
05:24:30.766 [main] INFO org.evosuite.runtime.instrumentation.CreateClassResetClassAdapter - Creating brand-new static initializer in class org/springframework/http/codec/xml/Jaxb2XmlDecoder$SplitHandler
05:24:30.767 [main] DEBUG org.evosuite.runtime.agent.TransformerForTests - Going to instrument: org.springframework.core.serializer.support.DeserializingConverter
05:24:30.767 [main] INFO org.evosuite.runtime.instrumentation.MethodCallReplacementClassAdapter - Adding mock interface to class org/springframework/core/serializer/support/DeserializingConverter
05:24:30.767 [main] INFO org.evosuite.runtime.instrumentation.CreateClassResetClassAdapter - Creating brand-new static initializer in class org/springframework/core/serializer/support/DeserializingConverter
05:24:30.767 [main] DEBUG org.evosuite.runtime.agent.TransformerForTests - Going to instrument: org.springframework.scheduling.annotation.Schedules
05:24:30.767 [main] DEBUG org.evosuite.runtime.agent.TransformerForTests - Going to instrument: net.bytebuddy.build.CachedReturnPlugin$CacheField
05:24:30.768 [main] DEBUG org.evosuite.runtime.agent.TransformerForTests - Going to instrument: org.hibernate.annotations.DynamicInsert
05:24:30.768 [main] DEBUG org.evosuite.runtime.agent.TransformerForTests - Going to instrument: com.fasterxml.jackson.annotation.JsonIncludeProperties
05:24:30.768 [main] DEBUG org.evosuite.runtime.agent.TransformerForTests - Going to instrument: org.springframework.validation.annotation.Validated
05:24:30.769 [main] DEBUG org.evosuite.runtime.agent.TransformerForTests - Going to instrument: org.springframework.boot.convert.CollectionToDelimitedStringConverter
05:24:30.769 [main] INFO org.evosuite.runtime.instrumentation.MethodCallReplacementClassAdapter - Adding mock interface to class org/springframework/boot/convert/CollectionToDelimitedStringConverter
05:24:30.769 [main] INFO org.evosuite.runtime.instrumentation.CreateClassResetClassAdapter - Creating brand-new static initializer in class org/springframework/boot/convert/CollectionToDelimitedStringConverter
05:24:30.770 [main] DEBUG org.evosuite.runtime.agent.TransformerForTests - Going to instrument: net.bytebuddy.asm.Advice$WithCustomMapping
05:24:30.770 [main] INFO org.evosuite.runtime.instrumentation.MethodCallReplacementClassAdapter - Adding mock interface to class net/bytebuddy/asm/Advice$WithCustomMapping
05:24:30.771 [main] INFO org.evosuite.runtime.instrumentation.CreateClassResetClassAdapter - Creating brand-new static initializer in class net/bytebuddy/asm/Advice$WithCustomMapping
05:24:30.773 [main] DEBUG org.evosuite.runtime.agent.TransformerForTests - Going to instrument: net.bytebuddy.asm.Advice$OffsetMapping$Factory
05:24:30.773 [main] DEBUG org.evosuite.runtime.agent.TransformerForTests - Going to instrument: net.bytebuddy.description.enumeration.EnumerationDescription
05:24:30.774 [main] DEBUG org.evosuite.runtime.agent.TransformerForTests - Going to instrument: net.bytebuddy.description.field.FieldDescription
05:24:30.775 [main] DEBUG org.evosuite.runtime.agent.TransformerForTests - Going to instrument: org.springframework.boot.convert.StringToDurationConverter
05:24:30.775 [main] INFO org.evosuite.runtime.instrumentation.MethodCallReplacementClassAdapter - Adding mock interface to class org/springframework/boot/convert/StringToDurationConverter
05:24:30.775 [main] INFO org.evosuite.runtime.instrumentation.CreateClassResetClassAdapter - Creating brand-new static initializer in class org/springframework/boot/convert/StringToDurationConverter
05:24:30.776 [main] DEBUG org.evosuite.runtime.agent.TransformerForTests - Going to instrument: org.springframework.boot.autoconfigure.orm.jpa.HibernateJpaAutoConfiguration
05:24:30.776 [main] INFO org.evosuite.runtime.instrumentation.MethodCallReplacementClassAdapter - Adding mock interface to class org/springframework/boot/autoconfigure/orm/jpa/HibernateJpaAutoConfiguration
05:24:30.776 [main] INFO org.evosuite.runtime.instrumentation.CreateClassResetClassAdapter - Creating brand-new static initializer in class org/springframework/boot/autoconfigure/orm/jpa/HibernateJpaAutoConfiguration
05:24:30.776 [main] DEBUG org.evosuite.runtime.agent.TransformerForTests - Going to instrument: org.springframework.expression.spel.support.SimpleEvaluationContext
05:24:30.777 [main] INFO org.evosuite.runtime.instrumentation.MethodCallReplacementClassAdapter - Adding mock interface to class org/springframework/expression/spel/support/SimpleEvaluationContext
05:24:30.778 [main] INFO org.evosuite.runtime.instrumentation.CreateClassResetClassAdapter - Found static initializer in class org/springframework/expression/spel/support/SimpleEvaluationContext
05:24:30.779 [main] DEBUG org.evosuite.runtime.agent.TransformerForTests - Going to instrument: org.assertj.core.api.ThrowingConsumer
05:24:30.780 [main] DEBUG org.evosuite.runtime.agent.TransformerForTests - Going to instrument: com.fasterxml.jackson.annotation.JsonFilter
05:24:30.780 [main] DEBUG org.evosuite.runtime.agent.TransformerForTests - Going to instrument: org.mockito.CheckReturnValue
05:24:30.780 [main] DEBUG org.evosuite.runtime.agent.TransformerForTests - Going to instrument: org.hibernate.annotations.TypeDef
05:24:30.781 [main] DEBUG org.evosuite.runtime.agent.TransformerForTests - Going to instrument: com.fasterxml.classmate.types.ResolvedPrimitiveType
05:24:30.781 [main] INFO org.evosuite.runtime.instrumentation.MethodCallReplacementClassAdapter - Adding mock interface to class com/fasterxml/classmate/types/ResolvedPrimitiveType
05:24:30.781 [main] INFO org.evosuite.runtime.instrumentation.CreateClassResetClassAdapter - Found static initializer in class com/fasterxml/classmate/types/ResolvedPrimitiveType
05:24:30.782 [main] DEBUG org.evosuite.runtime.agent.TransformerForTests - Going to instrument: com.fasterxml.classmate.TypeBindings
05:24:30.782 [main] INFO org.evosuite.runtime.instrumentation.MethodCallReplacementClassAdapter - Adding mock interface to class com/fasterxml/classmate/TypeBindings
05:24:30.783 [main] INFO org.evosuite.runtime.instrumentation.CreateClassResetClassAdapter - Found static initializer in class com/fasterxml/classmate/TypeBindings
05:24:30.784 [main] DEBUG org.evosuite.runtime.agent.TransformerForTests - Going to instrument: org.apache.commons.io.filefilter.WildcardFileFilter
05:24:30.784 [main] INFO org.evosuite.runtime.instrumentation.MethodCallReplacementClassAdapter - Adding mock interface to class org/apache/commons/io/filefilter/WildcardFileFilter
05:24:30.785 [main] INFO org.evosuite.runtime.instrumentation.CreateClassResetClassAdapter - Creating brand-new static initializer in class org/apache/commons/io/filefilter/WildcardFileFilter
05:24:30.785 [main] DEBUG org.evosuite.runtime.agent.TransformerForTests - Going to instrument: org.springframework.web.servlet.mvc.method.annotation.ResponseBodyEmitter$ErrorCallback
05:24:30.785 [main] INFO org.evosuite.runtime.instrumentation.MethodCallReplacementClassAdapter - Adding mock interface to class org/springframework/web/servlet/mvc/method/annotation/ResponseBodyEmitter$ErrorCallback
05:24:30.786 [main] INFO org.evosuite.runtime.instrumentation.CreateClassResetClassAdapter - Creating brand-new static initializer in class org/springframework/web/servlet/mvc/method/annotation/ResponseBodyEmitter$ErrorCallback
05:24:30.786 [main] DEBUG org.evosuite.runtime.agent.TransformerForTests - Going to instrument: com.fasterxml.classmate.types.ResolvedInterfaceType
05:24:30.786 [main] INFO org.evosuite.runtime.instrumentation.MethodCallReplacementClassAdapter - Adding mock interface to class com/fasterxml/classmate/types/ResolvedInterfaceType
05:24:30.786 [main] INFO org.evosuite.runtime.instrumentation.CreateClassResetClassAdapter - Creating brand-new static initializer in class com/fasterxml/classmate/types/ResolvedInterfaceType
05:24:30.787 [main] DEBUG org.evosuite.runtime.agent.TransformerForTests - Going to instrument: org.springframework.expression.spel.support.StandardEvaluationContext
05:24:30.787 [main] INFO org.evosuite.runtime.instrumentation.MethodCallReplacementClassAdapter - Adding mock interface to class org/springframework/expression/spel/support/StandardEvaluationContext
05:24:30.788 [main] INFO org.evosuite.runtime.instrumentation.CreateClassResetClassAdapter - Creating brand-new static initializer in class org/springframework/expression/spel/support/StandardEvaluationContext
05:24:30.789 [main] DEBUG org.evosuite.runtime.agent.TransformerForTests - Going to instrument: org.springframework.data.repository.util.QueryExecutionConverters$IterableToStreamableConverter
05:24:30.789 [main] INFO org.evosuite.runtime.instrumentation.MethodCallReplacementClassAdapter - Adding mock interface to class org/springframework/data/repository/util/QueryExecutionConverters$IterableToStreamableConverter
05:24:30.790 [main] INFO org.evosuite.runtime.instrumentation.CreateClassResetClassAdapter - Found static initializer in class org/springframework/data/repository/util/QueryExecutionConverters$IterableToStreamableConverter
05:24:30.790 [main] DEBUG org.evosuite.runtime.agent.TransformerForTests - Going to instrument: org.springframework.core.KotlinReflectionParameterNameDiscoverer
05:24:30.790 [main] INFO org.evosuite.runtime.instrumentation.MethodCallReplacementClassAdapter - Adding mock interface to class org/springframework/core/KotlinReflectionParameterNameDiscoverer
05:24:30.791 [main] INFO org.evosuite.runtime.instrumentation.CreateClassResetClassAdapter - Creating brand-new static initializer in class org/springframework/core/KotlinReflectionParameterNameDiscoverer
05:24:30.791 [main] DEBUG org.evosuite.runtime.agent.TransformerForTests - Going to instrument: org.springframework.beans.factory.support.CglibSubclassingInstantiationStrategy
05:24:30.791 [main] INFO org.evosuite.runtime.instrumentation.MethodCallReplacementClassAdapter - Adding mock interface to class org/springframework/beans/factory/support/CglibSubclassingInstantiationStrategy
05:24:30.791 [main] INFO org.evosuite.runtime.instrumentation.CreateClassResetClassAdapter - Creating brand-new static initializer in class org/springframework/beans/factory/support/CglibSubclassingInstantiationStrategy
05:24:30.791 [main] INFO org.evosuite.runtime.instrumentation.CreateClassResetClassAdapter - Adding bytecode for initializing field PASSTHROUGH
05:24:30.791 [main] INFO org.evosuite.runtime.instrumentation.CreateClassResetClassAdapter - Adding bytecode for initializing field LOOKUP_OVERRIDE
05:24:30.791 [main] INFO org.evosuite.runtime.instrumentation.CreateClassResetClassAdapter - Adding bytecode for initializing field METHOD_REPLACER
05:24:30.792 [main] DEBUG org.evosuite.runtime.agent.TransformerForTests - Going to instrument: org.springframework.core.io.DefaultResourceLoader$ClassPathContextResource
05:24:30.792 [main] INFO org.evosuite.runtime.instrumentation.MethodCallReplacementClassAdapter - Adding mock interface to class org/springframework/core/io/DefaultResourceLoader$ClassPathContextResource
05:24:30.792 [main] INFO org.evosuite.runtime.instrumentation.CreateClassResetClassAdapter - Creating brand-new static initializer in class org/springframework/core/io/DefaultResourceLoader$ClassPathContextResource
05:24:30.792 [main] DEBUG org.evosuite.runtime.agent.TransformerForTests - Going to instrument: org.hibernate.annotations.Synchronize
05:24:30.792 [main] DEBUG org.evosuite.runtime.agent.TransformerForTests - Going to instrument: net.bytebuddy.utility.dispatcher.JavaDispatcher$Container
05:24:30.792 [main] DEBUG org.evosuite.runtime.agent.TransformerForTests - Going to instrument: net.bytebuddy.asm.Advice$Return
05:24:30.793 [main] DEBUG org.evosuite.runtime.agent.TransformerForTests - Going to instrument: org.hibernate.annotations.ColumnTransformers
05:24:30.793 [main] DEBUG org.evosuite.runtime.agent.TransformerForTests - Going to instrument: org.hibernate.annotations.DiscriminatorOptions
05:24:30.793 [main] DEBUG org.evosuite.runtime.agent.TransformerForTests - Going to instrument: com.fasterxml.jackson.annotation.JsonValue
05:24:30.793 [main] DEBUG org.evosuite.runtime.agent.TransformerForTests - Going to instrument: org.springframework.data.util.CustomCollections$VavrCollections$JavaToVavrCollectionConverter
05:24:30.793 [main] INFO org.evosuite.runtime.instrumentation.MethodCallReplacementClassAdapter - Adding mock interface to class org/springframework/data/util/CustomCollections$VavrCollections$JavaToVavrCollectionConverter
05:24:30.794 [main] INFO org.evosuite.runtime.instrumentation.CreateClassResetClassAdapter - Found static initializer in class org/springframework/data/util/CustomCollections$VavrCollections$JavaToVavrCollectionConverter
05:24:30.794 [main] ERROR org.evosuite.runtime.classhandling.ClassStateSupport - Could not initialize org.springframework.data.util.CustomCollections$VavrCollections$JavaToVavrCollectionConverter: io/vavr/collection/Traversable
05:24:30.794 [main] DEBUG org.evosuite.runtime.agent.TransformerForTests - Going to instrument: org.springframework.boot.convert.LenientBooleanToEnumConverterFactory
05:24:30.794 [main] INFO org.evosuite.runtime.instrumentation.MethodCallReplacementClassAdapter - Adding mock interface to class org/springframework/boot/convert/LenientBooleanToEnumConverterFactory
05:24:30.795 [main] INFO org.evosuite.runtime.instrumentation.CreateClassResetClassAdapter - Creating brand-new static initializer in class org/springframework/boot/convert/LenientBooleanToEnumConverterFactory
05:24:30.795 [main] DEBUG org.evosuite.runtime.agent.TransformerForTests - Going to instrument: org.hibernate.annotations.AccessType
05:24:30.795 [main] DEBUG org.evosuite.runtime.agent.TransformerForTests - Going to instrument: org.springframework.web.method.HandlerTypePredicate$1
05:24:30.795 [main] INFO org.evosuite.runtime.instrumentation.MethodCallReplacementClassAdapter - Adding mock interface to class org/springframework/web/method/HandlerTypePredicate$1
05:24:30.795 [main] DEBUG org.evosuite.runtime.agent.TransformerForTests - Going to instrument: org.springframework.core.type.MethodMetadata
05:24:30.796 [main] DEBUG org.evosuite.runtime.agent.TransformerForTests - Going to instrument: org.hibernate.annotations.Cascade
05:24:30.796 [main] DEBUG org.evosuite.runtime.agent.TransformerForTests - Going to instrument: org.hibernate.service.spi.InjectService
05:24:30.796 [main] DEBUG org.evosuite.runtime.agent.TransformerForTests - Going to instrument: org.hibernate.annotations.AnyMetaDefs
05:24:30.797 [main] DEBUG org.evosuite.runtime.agent.TransformerForTests - Going to instrument: org.springframework.expression.spel.ast.MethodReference$CachedMethodExecutor
05:24:30.797 [main] INFO org.evosuite.runtime.instrumentation.MethodCallReplacementClassAdapter - Adding mock interface to class org/springframework/expression/spel/ast/MethodReference$CachedMethodExecutor
05:24:30.797 [main] INFO org.evosuite.runtime.instrumentation.CreateClassResetClassAdapter - Creating brand-new static initializer in class org/springframework/expression/spel/ast/MethodReference$CachedMethodExecutor
05:24:30.797 [main] DEBUG org.evosuite.runtime.agent.TransformerForTests - Going to instrument: org.hibernate.annotations.Loader
05:24:30.797 [main] DEBUG org.evosuite.runtime.agent.TransformerForTests - Going to instrument: org.springframework.data.util.MethodInvocationRecorder$Recorded$ToMapConverter
05:24:30.798 [main] DEBUG org.evosuite.runtime.agent.TransformerForTests - Going to instrument: net.bytebuddy.build.AccessControllerPlugin
05:24:30.798 [main] INFO org.evosuite.runtime.instrumentation.MethodCallReplacementClassAdapter - Adding mock interface to class net/bytebuddy/build/AccessControllerPlugin
05:24:30.799 [main] INFO org.evosuite.runtime.instrumentation.CreateClassResetClassAdapter - Found static initializer in class net/bytebuddy/build/AccessControllerPlugin
05:24:30.800 [main] DEBUG org.evosuite.runtime.agent.TransformerForTests - Going to instrument: net.bytebuddy.build.AccessControllerPlugin$Initializer$WithoutProperty
05:24:30.800 [main] INFO org.evosuite.runtime.instrumentation.MethodCallReplacementClassAdapter - Adding mock interface to class net/bytebuddy/build/AccessControllerPlugin$Initializer$WithoutProperty
05:24:30.800 [main] INFO org.evosuite.runtime.instrumentation.CreateClassResetClassAdapter - Creating brand-new static initializer in class net/bytebuddy/build/AccessControllerPlugin$Initializer$WithoutProperty
05:24:30.801 [main] DEBUG org.evosuite.runtime.agent.TransformerForTests - Going to instrument: net.bytebuddy.build.AccessControllerPlugin$Initializer
05:24:30.801 [main] INFO org.evosuite.runtime.instrumentation.MethodCallReplacementClassAdapter - Adding mock interface to class net/bytebuddy/build/AccessControllerPlugin$Initializer
05:24:30.801 [main] INFO org.evosuite.runtime.instrumentation.CreateClassResetClassAdapter - Creating brand-new static initializer in class net/bytebuddy/build/AccessControllerPlugin$Initializer
05:24:30.801 [main] DEBUG org.evosuite.runtime.agent.TransformerForTests - Going to instrument: net.bytebuddy.build.AccessControllerPlugin$Initializer$WithProperty
05:24:30.801 [main] INFO org.evosuite.runtime.instrumentation.MethodCallReplacementClassAdapter - Adding mock interface to class net/bytebuddy/build/AccessControllerPlugin$Initializer$WithProperty
05:24:30.801 [main] INFO org.evosuite.runtime.instrumentation.CreateClassResetClassAdapter - Creating brand-new static initializer in class net/bytebuddy/build/AccessControllerPlugin$Initializer$WithProperty
05:24:30.802 [main] DEBUG org.evosuite.runtime.agent.TransformerForTests - Going to instrument: net.bytebuddy.description.method.MethodDescription$SignatureToken
05:24:30.802 [main] INFO org.evosuite.runtime.instrumentation.MethodCallReplacementClassAdapter - Adding mock interface to class net/bytebuddy/description/method/MethodDescription$SignatureToken
05:24:30.802 [main] INFO org.evosuite.runtime.instrumentation.CreateClassResetClassAdapter - Creating brand-new static initializer in class net/bytebuddy/description/method/MethodDescription$SignatureToken
05:24:30.802 [main] ERROR org.evosuite.runtime.classhandling.ClassStateSupport - Could not initialize net.bytebuddy.build.AccessControllerPlugin: Could not initialize class net.bytebuddy.description.type.TypeDescription$ForLoadedType
05:24:30.803 [main] DEBUG org.evosuite.runtime.agent.TransformerForTests - Going to instrument: org.springframework.core.SerializableTypeWrapper$MethodParameterTypeProvider
05:24:30.803 [main] INFO org.evosuite.runtime.instrumentation.MethodCallReplacementClassAdapter - Adding mock interface to class org/springframework/core/SerializableTypeWrapper$MethodParameterTypeProvider
05:24:30.803 [main] INFO org.evosuite.runtime.instrumentation.CreateClassResetClassAdapter - Creating brand-new static initializer in class org/springframework/core/SerializableTypeWrapper$MethodParameterTypeProvider
05:24:30.804 [main] DEBUG org.evosuite.runtime.agent.TransformerForTests - Going to instrument: com.fasterxml.classmate.GenericType
05:24:30.804 [main] INFO org.evosuite.runtime.instrumentation.MethodCallReplacementClassAdapter - Adding mock interface to class com/fasterxml/classmate/GenericType
05:24:30.804 [main] INFO org.evosuite.runtime.instrumentation.CreateClassResetClassAdapter - Creating brand-new static initializer in class com/fasterxml/classmate/GenericType
05:24:30.805 [main] DEBUG org.evosuite.runtime.agent.TransformerForTests - Going to instrument: org.springframework.beans.factory.config.EmbeddedValueResolver
05:24:30.805 [main] INFO org.evosuite.runtime.instrumentation.MethodCallReplacementClassAdapter - Adding mock interface to class org/springframework/beans/factory/config/EmbeddedValueResolver
05:24:30.805 [main] INFO org.evosuite.runtime.instrumentation.CreateClassResetClassAdapter - Creating brand-new static initializer in class org/springframework/beans/factory/config/EmbeddedValueResolver
05:24:30.805 [main] DEBUG org.evosuite.runtime.agent.TransformerForTests - Going to instrument: org.apache.commons.io.filefilter.PathEqualsFileFilter
05:24:30.805 [main] INFO org.evosuite.runtime.instrumentation.MethodCallReplacementClassAdapter - Adding mock interface to class org/apache/commons/io/filefilter/PathEqualsFileFilter
05:24:30.805 [main] INFO org.evosuite.runtime.instrumentation.CreateClassResetClassAdapter - Creating brand-new static initializer in class org/apache/commons/io/filefilter/PathEqualsFileFilter
05:24:30.806 [main] DEBUG org.evosuite.runtime.agent.TransformerForTests - Going to instrument: org.springframework.boot.convert.PeriodUnit
05:24:30.806 [main] DEBUG org.evosuite.runtime.agent.TransformerForTests - Going to instrument: org.springframework.beans.factory.support.MethodOverrides
05:24:30.807 [main] INFO org.evosuite.runtime.instrumentation.MethodCallReplacementClassAdapter - Adding mock interface to class org/springframework/beans/factory/support/MethodOverrides
05:24:30.807 [main] INFO org.evosuite.runtime.instrumentation.CreateClassResetClassAdapter - Creating brand-new static initializer in class org/springframework/beans/factory/support/MethodOverrides
05:24:30.807 [main] DEBUG org.evosuite.runtime.agent.TransformerForTests - Going to instrument: net.bytebuddy.asm.Advice$Enter
05:24:30.808 [main] DEBUG org.evosuite.runtime.agent.TransformerForTests - Going to instrument: org.springframework.context.annotation.DependsOn
05:24:30.808 [main] DEBUG org.evosuite.runtime.agent.TransformerForTests - Going to instrument: org.springframework.data.repository.support.DomainClassConverter$ToIdConverter
05:24:30.809 [main] INFO org.evosuite.runtime.instrumentation.MethodCallReplacementClassAdapter - Adding mock interface to class org/springframework/data/repository/support/DomainClassConverter$ToIdConverter
05:24:30.809 [main] INFO org.evosuite.runtime.instrumentation.CreateClassResetClassAdapter - Creating brand-new static initializer in class org/springframework/data/repository/support/DomainClassConverter$ToIdConverter
05:24:30.810 [main] DEBUG org.evosuite.runtime.agent.TransformerForTests - Going to instrument: org.springframework.context.support.ClassPathXmlApplicationContext
05:24:30.810 [main] INFO org.evosuite.runtime.instrumentation.MethodCallReplacementClassAdapter - Adding mock interface to class org/springframework/context/support/ClassPathXmlApplicationContext
05:24:30.810 [main] INFO org.evosuite.runtime.instrumentation.CreateClassResetClassAdapter - Creating brand-new static initializer in class org/springframework/context/support/ClassPathXmlApplicationContext
05:24:30.811 [main] DEBUG org.evosuite.runtime.agent.TransformerForTests - Going to instrument: org.hibernate.annotations.FilterJoinTables
05:24:30.811 [main] DEBUG org.evosuite.runtime.agent.TransformerForTests - Going to instrument: org.apache.commons.io.filefilter.RegexFileFilter
05:24:30.811 [main] INFO org.evosuite.runtime.instrumentation.MethodCallReplacementClassAdapter - Adding mock interface to class org/apache/commons/io/filefilter/RegexFileFilter
05:24:30.812 [main] INFO org.evosuite.runtime.instrumentation.CreateClassResetClassAdapter - Creating brand-new static initializer in class org/apache/commons/io/filefilter/RegexFileFilter
05:24:30.813 [main] DEBUG org.evosuite.runtime.agent.TransformerForTests - Going to instrument: com.fasterxml.jackson.annotation.JsonIdentityInfo
05:24:30.813 [main] DEBUG org.evosuite.runtime.agent.TransformerForTests - Going to instrument: org.springframework.beans.factory.support.DefaultListableBeanFactory$DependencyObjectProvider
05:24:30.813 [main] INFO org.evosuite.runtime.instrumentation.MethodCallReplacementClassAdapter - Adding mock interface to class org/springframework/beans/factory/support/DefaultListableBeanFactory$DependencyObjectProvider
05:24:30.814 [main] INFO org.evosuite.runtime.instrumentation.CreateClassResetClassAdapter - Creating brand-new static initializer in class org/springframework/beans/factory/support/DefaultListableBeanFactory$DependencyObjectProvider
05:24:30.814 [main] DEBUG org.evosuite.runtime.agent.TransformerForTests - Going to instrument: org.springframework.beans.factory.support.DefaultListableBeanFactory$DependencyObjectProvider$1
05:24:30.814 [main] INFO org.evosuite.runtime.instrumentation.MethodCallReplacementClassAdapter - Adding mock interface to class org/springframework/beans/factory/support/DefaultListableBeanFactory$DependencyObjectProvider$1
05:24:30.814 [main] DEBUG org.evosuite.runtime.agent.TransformerForTests - Going to instrument: org.springframework.beans.factory.support.DefaultListableBeanFactory$DependencyObjectProvider$2
05:24:30.814 [main] INFO org.evosuite.runtime.instrumentation.MethodCallReplacementClassAdapter - Adding mock interface to class org/springframework/beans/factory/support/DefaultListableBeanFactory$DependencyObjectProvider$2
05:24:30.815 [main] DEBUG org.evosuite.runtime.agent.TransformerForTests - Going to instrument: org.springframework.beans.factory.support.DefaultListableBeanFactory$DependencyObjectProvider$3
05:24:30.815 [main] INFO org.evosuite.runtime.instrumentation.MethodCallReplacementClassAdapter - Adding mock interface to class org/springframework/beans/factory/support/DefaultListableBeanFactory$DependencyObjectProvider$3
05:24:30.815 [main] DEBUG org.evosuite.runtime.agent.TransformerForTests - Going to instrument: org.springframework.beans.factory.support.DefaultListableBeanFactory$StreamDependencyDescriptor
05:24:30.815 [main] INFO org.evosuite.runtime.instrumentation.MethodCallReplacementClassAdapter - Adding mock interface to class org/springframework/beans/factory/support/DefaultListableBeanFactory$StreamDependencyDescriptor
05:24:30.815 [main] INFO org.evosuite.runtime.instrumentation.CreateClassResetClassAdapter - Creating brand-new static initializer in class org/springframework/beans/factory/support/DefaultListableBeanFactory$StreamDependencyDescriptor
05:24:30.816 [main] DEBUG org.evosuite.runtime.agent.TransformerForTests - Going to instrument: org.springframework.beans.PropertyValue
05:24:30.816 [main] INFO org.evosuite.runtime.instrumentation.MethodCallReplacementClassAdapter - Adding mock interface to class org/springframework/beans/PropertyValue
05:24:30.816 [main] INFO org.evosuite.runtime.instrumentation.CreateClassResetClassAdapter - Creating brand-new static initializer in class org/springframework/beans/PropertyValue
05:24:30.817 [main] DEBUG org.evosuite.runtime.agent.TransformerForTests - Going to instrument: org.springframework.core.type.StandardMethodMetadata
05:24:30.817 [main] INFO org.evosuite.runtime.instrumentation.MethodCallReplacementClassAdapter - Adding mock interface to class org/springframework/core/type/StandardMethodMetadata
05:24:30.817 [main] INFO org.evosuite.runtime.instrumentation.CreateClassResetClassAdapter - Creating brand-new static initializer in class org/springframework/core/type/StandardMethodMetadata
05:24:30.817 [main] DEBUG org.evosuite.runtime.agent.TransformerForTests - Going to instrument: org.hibernate.tuple.CreationTimestampGeneration
05:24:30.817 [main] INFO org.evosuite.runtime.instrumentation.MethodCallReplacementClassAdapter - Adding mock interface to class org/hibernate/tuple/CreationTimestampGeneration
05:24:30.817 [main] INFO org.evosuite.runtime.instrumentation.CreateClassResetClassAdapter - Creating brand-new static initializer in class org/hibernate/tuple/CreationTimestampGeneration
05:24:30.818 [main] DEBUG org.evosuite.runtime.agent.TransformerForTests - Going to instrument: org.hibernate.annotations.Where
05:24:30.818 [main] DEBUG org.evosuite.runtime.agent.TransformerForTests - Going to instrument: org.springframework.core.metrics.jfr.FlightRecorderStartupStep
05:24:30.818 [main] INFO org.evosuite.runtime.instrumentation.MethodCallReplacementClassAdapter - Adding mock interface to class org/springframework/core/metrics/jfr/FlightRecorderStartupStep
05:24:30.818 [main] INFO org.evosuite.runtime.instrumentation.CreateClassResetClassAdapter - Creating brand-new static initializer in class org/springframework/core/metrics/jfr/FlightRecorderStartupStep
05:24:30.819 [main] DEBUG org.evosuite.runtime.agent.TransformerForTests - Going to instrument: com.fasterxml.jackson.annotation.JsonInclude
05:24:30.819 [main] DEBUG org.evosuite.runtime.agent.TransformerForTests - Going to instrument: com.fasterxml.jackson.annotation.JsonIgnoreType
05:24:30.820 [main] ERROR org.evosuite.runtime.classhandling.ClassStateSupport - Found $jacocoInit in class org.springframework.core.convert.support.ObjectToStringConverter
05:24:30.821 [main] INFO org.evosuite.runtime.classhandling.ClassStateSupport - Error while checking for $gzoltarInit in class org.springframework.http.server.reactive.ReactorHttpHandlerAdapter: reactor/netty/http/server/HttpServerRequest
05:24:30.835 [main] INFO org.evosuite.runtime.classhandling.ClassStateSupport - Error while checking for $gzoltarInit in class org.springframework.http.server.reactive.ContextPathCompositeHandler: reactor/core/publisher/Mono
05:24:30.844 [main] INFO org.evosuite.runtime.classhandling.ClassStateSupport - Error while checking for $gzoltarInit in class org.springframework.test.web.reactive.server.WebTestClient: org/springframework/web/reactive/function/server/RouterFunction
05:24:30.864 [main] INFO org.evosuite.runtime.classhandling.ClassStateSupport - Error while checking for $gzoltarInit in class org.springframework.http.ReactiveHttpInputMessage: reactor/core/publisher/Flux
05:24:30.864 [main] INFO org.evosuite.runtime.classhandling.ClassStateSupport - Error while checking for $gzoltarInit in class org.springframework.http.server.reactive.HttpHandler: reactor/core/publisher/Mono
05:24:30.870 [main] INFO org.evosuite.runtime.classhandling.ClassStateSupport - Error while checking for $gzoltarInit in class org.springframework.core.io.buffer.DataBufferUtils$ReadableByteChannelGenerator: reactor/core/publisher/SynchronousSink
05:24:30.873 [main] INFO org.evosuite.runtime.classhandling.ClassStateSupport - Error while checking for $gzoltarInit in class org.springframework.http.ReactiveHttpOutputMessage: org/reactivestreams/Publisher
05:24:30.885 [main] INFO org.evosuite.runtime.classhandling.ClassStateSupport - Error while checking for $gzoltarInit in class org.springframework.http.codec.xml.Jaxb2XmlDecoder$SplitHandler: reactor/core/publisher/SynchronousSink
05:24:30.886 [main] INFO org.evosuite.runtime.classhandling.ClassStateSupport - Error while checking for $gzoltarInit in class org.springframework.core.KotlinReflectionParameterNameDiscoverer: kotlin/reflect/KParameter
05:24:30.889 [main] ERROR org.evosuite.runtime.classhandling.ClassStateSupport - Class org.springframework.core.env.MutablePropertySources was not instrumented by EvoSuite. This could happen if you are running JUnit tests in a way that is not handled by EvoSuite, in which some classes are loaded be reflection before the tests are run. Consult the EvoSuite documentation for possible workarounds for this issue.
05:24:30.889 [main] ERROR org.evosuite.runtime.classhandling.ClassStateSupport - Class org.springframework.asm.AnnotationVisitor was not instrumented by EvoSuite. This could happen if you are running JUnit tests in a way that is not handled by EvoSuite, in which some classes are loaded be reflection before the tests are run. Consult the EvoSuite documentation for possible workarounds for this issue.
05:24:30.889 [main] ERROR org.evosuite.runtime.classhandling.ClassStateSupport - Class org.springframework.beans.factory.support.DefaultSingletonBeanRegistry was not instrumented by EvoSuite. This could happen if you are running JUnit tests in a way that is not handled by EvoSuite, in which some classes are loaded be reflection before the tests are run. Consult the EvoSuite documentation for possible workarounds for this issue.
05:24:30.889 [main] ERROR org.evosuite.runtime.classhandling.ClassStateSupport - Class org.springframework.beans.factory.support.AbstractBeanFactory was not instrumented by EvoSuite. This could happen if you are running JUnit tests in a way that is not handled by EvoSuite, in which some classes are loaded be reflection before the tests are run. Consult the EvoSuite documentation for possible workarounds for this issue.
05:24:30.889 [main] ERROR org.evosuite.runtime.classhandling.ClassStateSupport - Class org.springframework.asm.TypePath was not instrumented by EvoSuite. This could happen if you are running JUnit tests in a way that is not handled by EvoSuite, in which some classes are loaded be reflection before the tests are run. Consult the EvoSuite documentation for possible workarounds for this issue.
05:24:30.889 [main] ERROR org.evosuite.runtime.classhandling.ClassStateSupport - Class org.springframework.core.convert.TypeDescriptor was not instrumented by EvoSuite. This could happen if you are running JUnit tests in a way that is not handled by EvoSuite, in which some classes are loaded be reflection before the tests are run. Consult the EvoSuite documentation for possible workarounds for this issue.
05:24:30.889 [main] ERROR org.evosuite.runtime.classhandling.ClassStateSupport - Class org.springframework.beans.factory.support.AbstractAutowireCapableBeanFactory was not instrumented by EvoSuite. This could happen if you are running JUnit tests in a way that is not handled by EvoSuite, in which some classes are loaded be reflection before the tests are run. Consult the EvoSuite documentation for possible workarounds for this issue.
05:24:30.889 [main] ERROR org.evosuite.runtime.classhandling.ClassStateSupport - Class com.iwamih31.WorkSheet was not instrumented by EvoSuite. This could happen if you are running JUnit tests in a way that is not handled by EvoSuite, in which some classes are loaded be reflection before the tests are run. Consult the EvoSuite documentation for possible workarounds for this issue.
05:24:30.889 [main] ERROR org.evosuite.runtime.classhandling.ClassStateSupport - Class org.springframework.core.MethodParameter was not instrumented by EvoSuite. This could happen if you are running JUnit tests in a way that is not handled by EvoSuite, in which some classes are loaded be reflection before the tests are run. Consult the EvoSuite documentation for possible workarounds for this issue.
05:24:30.889 [main] ERROR org.evosuite.runtime.classhandling.ClassStateSupport - Class org.springframework.context.annotation.ScopedProxyMode was not instrumented by EvoSuite. This could happen if you are running JUnit tests in a way that is not handled by EvoSuite, in which some classes are loaded be reflection before the tests are run. Consult the EvoSuite documentation for possible workarounds for this issue.
05:24:30.889 [main] ERROR org.evosuite.runtime.classhandling.ClassStateSupport - Class org.springframework.beans.factory.support.FactoryBeanRegistrySupport was not instrumented by EvoSuite. This could happen if you are running JUnit tests in a way that is not handled by EvoSuite, in which some classes are loaded be reflection before the tests are run. Consult the EvoSuite documentation for possible workarounds for this issue.
05:24:30.889 [main] ERROR org.evosuite.runtime.classhandling.ClassStateSupport - Class org.springframework.asm.ModuleVisitor was not instrumented by EvoSuite. This could happen if you are running JUnit tests in a way that is not handled by EvoSuite, in which some classes are loaded be reflection before the tests are run. Consult the EvoSuite documentation for possible workarounds for this issue.
05:24:30.889 [main] ERROR org.evosuite.runtime.classhandling.ClassStateSupport - Class org.springframework.asm.FieldVisitor was not instrumented by EvoSuite. This could happen if you are running JUnit tests in a way that is not handled by EvoSuite, in which some classes are loaded be reflection before the tests are run. Consult the EvoSuite documentation for possible workarounds for this issue.
05:24:30.889 [main] ERROR org.evosuite.runtime.classhandling.ClassStateSupport - Class org.springframework.core.SimpleAliasRegistry was not instrumented by EvoSuite. This could happen if you are running JUnit tests in a way that is not handled by EvoSuite, in which some classes are loaded be reflection before the tests are run. Consult the EvoSuite documentation for possible workarounds for this issue.
05:24:30.889 [main] ERROR org.evosuite.runtime.classhandling.ClassStateSupport - Class org.springframework.asm.Attribute was not instrumented by EvoSuite. This could happen if you are running JUnit tests in a way that is not handled by EvoSuite, in which some classes are loaded be reflection before the tests are run. Consult the EvoSuite documentation for possible workarounds for this issue.
05:24:30.889 [main] ERROR org.evosuite.runtime.classhandling.ClassStateSupport - Class org.springframework.core.env.MissingRequiredPropertiesException was not instrumented by EvoSuite. This could happen if you are running JUnit tests in a way that is not handled by EvoSuite, in which some classes are loaded be reflection before the tests are run. Consult the EvoSuite documentation for possible workarounds for this issue.
05:24:30.889 [main] ERROR org.evosuite.runtime.classhandling.ClassStateSupport - Class org.springframework.context.NoSuchMessageException was not instrumented by EvoSuite. This could happen if you are running JUnit tests in a way that is not handled by EvoSuite, in which some classes are loaded be reflection before the tests are run. Consult the EvoSuite documentation for possible workarounds for this issue.
05:24:30.890 [main] ERROR org.evosuite.runtime.classhandling.ClassStateSupport - Class org.springframework.asm.ClassReader was not instrumented by EvoSuite. This could happen if you are running JUnit tests in a way that is not handled by EvoSuite, in which some classes are loaded be reflection before the tests are run. Consult the EvoSuite documentation for possible workarounds for this issue.
05:24:30.890 [main] ERROR org.evosuite.runtime.classhandling.ClassStateSupport - Class org.springframework.beans.factory.support.DefaultListableBeanFactory was not instrumented by EvoSuite. This could happen if you are running JUnit tests in a way that is not handled by EvoSuite, in which some classes are loaded be reflection before the tests are run. Consult the EvoSuite documentation for possible workarounds for this issue.
05:24:30.890 [main] ERROR org.evosuite.runtime.classhandling.ClassStateSupport - Class org.springframework.core.annotation.AnnotationAttributes was not instrumented by EvoSuite. This could happen if you are running JUnit tests in a way that is not handled by EvoSuite, in which some classes are loaded be reflection before the tests are run. Consult the EvoSuite documentation for possible workarounds for this issue.
05:24:30.890 [main] ERROR org.evosuite.runtime.classhandling.ClassStateSupport - Class com.iwamih31.DailyWorkSheet was not instrumented by EvoSuite. This could happen if you are running JUnit tests in a way that is not handled by EvoSuite, in which some classes are loaded be reflection before the tests are run. Consult the EvoSuite documentation for possible workarounds for this issue.
05:24:30.890 [main] ERROR org.evosuite.runtime.classhandling.ClassStateSupport - Class org.springframework.core.ParameterizedTypeReference was not instrumented by EvoSuite. This could happen if you are running JUnit tests in a way that is not handled by EvoSuite, in which some classes are loaded be reflection before the tests are run. Consult the EvoSuite documentation for possible workarounds for this issue.
05:24:30.890 [main] ERROR org.evosuite.runtime.classhandling.ClassStateSupport - Class org.springframework.asm.RecordComponentVisitor was not instrumented by EvoSuite. This could happen if you are running JUnit tests in a way that is not handled by EvoSuite, in which some classes are loaded be reflection before the tests are run. Consult the EvoSuite documentation for possible workarounds for this issue.
05:24:30.891 [main] DEBUG org.evosuite.runtime.classhandling.ClassResetter - __STATIC_RESET() method does not exists in class com.iwamih31.WorkSheet
05:24:30.891 [main] DEBUG org.evosuite.runtime.classhandling.ClassResetter - __STATIC_RESET() method does not exists in class com.iwamih31.DailyWorkSheet
05:24:30.891 [main] DEBUG org.evosuite.runtime.classhandling.ClassResetter - __STATIC_RESET() method does not exists in class org.springframework.context.annotation.ScopedProxyMode
05:24:30.892 [main] DEBUG org.evosuite.runtime.classhandling.ClassResetter - __STATIC_RESET() method does not exists in class com.iwamih31.WorkSheet
05:24:30.892 [main] DEBUG org.evosuite.runtime.classhandling.ClassResetter - __STATIC_RESET() method does not exists in class com.iwamih31.DailyWorkSheet
05:24:30.893 [main] DEBUG org.evosuite.runtime.classhandling.ClassResetter - __STATIC_RESET() method does not exists in class org.springframework.context.annotation.ScopedProxyMode
05:24:30.893 [main] DEBUG org.evosuite.runtime.classhandling.ClassResetter - __STATIC_RESET() method does not exists in class com.iwamih31.WorkSheet
05:24:30.893 [main] DEBUG org.evosuite.runtime.classhandling.ClassResetter - __STATIC_RESET() method does not exists in class com.iwamih31.DailyWorkSheet
05:24:30.894 [main] DEBUG org.evosuite.runtime.classhandling.ClassResetter - __STATIC_RESET() method does not exists in class org.springframework.context.annotation.ScopedProxyMode
05:24:30.894 [main] DEBUG org.evosuite.runtime.classhandling.ClassResetter - __STATIC_RESET() method does not exists in class com.iwamih31.WorkSheet
05:24:30.894 [main] DEBUG org.evosuite.runtime.classhandling.ClassResetter - __STATIC_RESET() method does not exists in class com.iwamih31.DailyWorkSheet
05:24:30.895 [main] DEBUG org.evosuite.runtime.classhandling.ClassResetter - __STATIC_RESET() method does not exists in class org.springframework.context.annotation.ScopedProxyMode
05:24:30.895 [main] DEBUG org.evosuite.runtime.classhandling.ClassResetter - __STATIC_RESET() method does not exists in class com.iwamih31.WorkSheet
05:24:30.895 [main] DEBUG org.evosuite.runtime.classhandling.ClassResetter - __STATIC_RESET() method does not exists in class com.iwamih31.DailyWorkSheet
05:24:30.896 [main] DEBUG org.evosuite.runtime.classhandling.ClassResetter - __STATIC_RESET() method does not exists in class org.springframework.context.annotation.ScopedProxyMode
05:24:30.901 [main] DEBUG org.evosuite.runtime.classhandling.ClassResetter - __STATIC_RESET() method does not exists in class com.iwamih31.WorkSheet
05:24:30.901 [main] DEBUG org.evosuite.runtime.classhandling.ClassResetter - __STATIC_RESET() method does not exists in class com.iwamih31.DailyWorkSheet
05:24:30.902 [main] DEBUG org.evosuite.runtime.classhandling.ClassResetter - __STATIC_RESET() method does not exists in class org.springframework.context.annotation.ScopedProxyMode
05:24:30.903 [main] DEBUG org.evosuite.runtime.classhandling.ClassResetter - __STATIC_RESET() method does not exists in class com.iwamih31.WorkSheet
05:24:30.903 [main] DEBUG org.evosuite.runtime.classhandling.ClassResetter - __STATIC_RESET() method does not exists in class com.iwamih31.DailyWorkSheet
05:24:30.903 [main] DEBUG org.evosuite.runtime.classhandling.ClassResetter - __STATIC_RESET() method does not exists in class org.springframework.context.annotation.ScopedProxyMode
05:24:30.903 [main] DEBUG org.evosuite.runtime.classhandling.ClassResetter - __STATIC_RESET() method does not exists in class com.iwamih31.WorkSheet
05:24:30.904 [main] DEBUG org.evosuite.runtime.classhandling.ClassResetter - __STATIC_RESET() method does not exists in class com.iwamih31.DailyWorkSheet
05:24:30.904 [main] DEBUG org.evosuite.runtime.classhandling.ClassResetter - __STATIC_RESET() method does not exists in class org.springframework.context.annotation.ScopedProxyMode
05:24:30.904 [main] DEBUG org.evosuite.runtime.classhandling.ClassResetter - __STATIC_RESET() method does not exists in class com.iwamih31.WorkSheet
05:24:30.904 [main] DEBUG org.evosuite.runtime.classhandling.ClassResetter - __STATIC_RESET() method does not exists in class com.iwamih31.DailyWorkSheet
05:24:30.904 [main] DEBUG org.evosuite.runtime.classhandling.ClassResetter - __STATIC_RESET() method does not exists in class org.springframework.context.annotation.ScopedProxyMode
05:24:30.905 [main] DEBUG org.evosuite.runtime.classhandling.ClassResetter - __STATIC_RESET() method does not exists in class com.iwamih31.WorkSheet
05:24:30.905 [main] DEBUG org.evosuite.runtime.classhandling.ClassResetter - __STATIC_RESET() method does not exists in class com.iwamih31.DailyWorkSheet
05:24:30.905 [main] DEBUG org.evosuite.runtime.classhandling.ClassResetter - __STATIC_RESET() method does not exists in class org.springframework.context.annotation.ScopedProxyMode
[INFO] Tests run: 10, Failures: 0, Errors: 0, Skipped: 0, Time elapsed: 1.289 s - in com.iwamih31.DailyWorkSheet_ESTest
[INFO] Running com.iwamih31.OptionData_month_70080563723
[INFO] Tests run: 1, Failures: 0, Errors: 0, Skipped: 0, Time elapsed: 0.001 s - in com.iwamih31.OptionData_month_70080563723
[INFO] Running com.iwamih31.Cash_toString_59439911725
[INFO] Tests run: 1, Failures: 0, Errors: 0, Skipped: 0, Time elapsed: 0.007 s - in com.iwamih31.Cash_toString_59439911725
[INFO] Running com.iwamih31.WorkSheet_setSheetName_2383501377
[INFO] Tests run: 1, Failures: 0, Errors: 0, Skipped: 0, Time elapsed: 0 s - in com.iwamih31.WorkSheet_setSheetName_2383501377
[INFO] Running com.iwamih31.YearWorkSheet_rowFormat_17816522683
[INFO] Tests run: 1, Failures: 0, Errors: 0, Skipped: 0, Time elapsed: 0 s - in com.iwamih31.YearWorkSheet_rowFormat_17816522683
[INFO] Running com.iwamih31.OptionData_dates_4941055347
[ERROR] Tests run: 1, Failures: 0, Errors: 1, Skipped: 0, Time elapsed: 0 s <<< FAILURE! - in com.iwamih31.OptionData_dates_4941055347
[ERROR] test  Time elapsed: 0 s  <<< ERROR!
java.time.DateTimeException: Invalid value for Year (valid values -999999999 - 999999999): -1296893558
	at com.iwamih31.OptionData_dates_4941055347.test(OptionData_dates_4941055347.java:45)

[INFO] Running com.iwamih31.DailyWorkSheet_setSheetName_18827841627
[INFO] Tests run: 1, Failures: 0, Errors: 0, Skipped: 0, Time elapsed: 0 s - in com.iwamih31.DailyWorkSheet_setSheetName_18827841627
[INFO] Running com.iwamih31.Office_getItemvalue_4180243452
[INFO] Tests run: 1, Failures: 0, Errors: 0, Skipped: 0, Time elapsed: 0 s - in com.iwamih31.Office_getItemvalue_4180243452
[INFO] Running com.iwamih31.Action_toString_209470881615
[INFO] Tests run: 1, Failures: 0, Errors: 0, Skipped: 0, Time elapsed: 0.004 s - in com.iwamih31.Action_toString_209470881615
[INFO] Running com.iwamih31.State_setName_4722747744
[INFO] Tests run: 1, Failures: 0, Errors: 0, Skipped: 0, Time elapsed: 0 s - in com.iwamih31.State_setName_4722747744
[INFO] Running com.iwamih31.Action_equals_124081211530
[INFO] Tests run: 1, Failures: 0, Errors: 0, Skipped: 0, Time elapsed: 0 s - in com.iwamih31.Action_equals_124081211530
[INFO] Running com.iwamih31.MonthlyWorkSheet_setColumnWidth_24364107919
[INFO] Tests run: 1, Failures: 0, Errors: 0, Skipped: 0, Time elapsed: 0 s - in com.iwamih31.MonthlyWorkSheet_setColumnWidth_24364107919
[INFO] Running com.iwamih31.Cash_canEqual_116920987723
[INFO] Tests run: 1, Failures: 0, Errors: 0, Skipped: 0, Time elapsed: 0 s - in com.iwamih31.Cash_canEqual_116920987723
[INFO] Running com.iwamih31.DailyWorkSheet_setColumnWidth_13455540279
[INFO] Tests run: 1, Failures: 0, Errors: 0, Skipped: 0, Time elapsed: 0 s - in com.iwamih31.DailyWorkSheet_setColumnWidth_13455540279
[INFO] Running com.iwamih31.AccountBookService_init_10683700760
[INFO] Tests run: 1, Failures: 0, Errors: 0, Skipped: 0, Time elapsed: 0 s - in com.iwamih31.AccountBookService_init_10683700760
[INFO] Running com.iwamih31.Cash_getMan1_27909475930
[INFO] Tests run: 1, Failures: 0, Errors: 0, Skipped: 0, Time elapsed: 0 s - in com.iwamih31.Cash_getMan1_27909475930
[INFO] Running com.iwamih31.YearWorkSheet_fonts_111896083812
[INFO] Tests run: 1, Failures: 0, Errors: 0, Skipped: 0, Time elapsed: 0 s - in com.iwamih31.YearWorkSheet_fonts_111896083812
[INFO] Running com.iwamih31.WorkSheet_ESTest
05:24:30.933 [main] DEBUG org.evosuite.runtime.sandbox.MSecurityManager - Adding privileged thread: "Reference Handler"
05:24:30.933 [main] DEBUG org.evosuite.runtime.sandbox.MSecurityManager - Adding privileged thread: "Finalizer"
05:24:30.933 [main] DEBUG org.evosuite.runtime.sandbox.MSecurityManager - Adding privileged thread: "Signal Dispatcher"
05:24:30.933 [main] DEBUG org.evosuite.runtime.sandbox.MSecurityManager - Adding privileged thread: "process reaper"
05:24:30.933 [main] DEBUG org.evosuite.runtime.sandbox.MSecurityManager - Adding privileged thread: "Attach Listener"
05:24:30.933 [main] DEBUG org.evosuite.runtime.sandbox.MSecurityManager - Adding privileged thread: "Java2D Disposer"
05:24:30.933 [main] DEBUG org.evosuite.runtime.sandbox.MSecurityManager - Adding privileged thread: "main"
05:24:30.933 [main] DEBUG org.evosuite.runtime.sandbox.MSecurityManager - Adding privileged thread: "surefire-forkedjvm-command-thread"
05:24:30.933 [main] DEBUG org.evosuite.runtime.sandbox.MSecurityManager - Adding privileged thread: "surefire-forkedjvm-ping-30s"
05:24:30.933 [main] DEBUG org.evosuite.runtime.sandbox.MSecurityManager - Adding privileged thread: "Common-Cleaner"
05:24:30.934 [main] ERROR org.evosuite.runtime.classhandling.ClassStateSupport - Could not initialize org.springframework.data.util.NullableWrapperConverters$NullableWrapperToScalaOptionConverter: Could not initialize class org.springframework.data.util.NullableWrapperConverters$NullableWrapperToScalaOptionConverter
05:24:30.936 [main] ERROR org.evosuite.runtime.classhandling.ClassStateSupport - Could not initialize net.bytebuddy.build.HashCodeAndEqualsPlugin: Could not initialize class net.bytebuddy.build.HashCodeAndEqualsPlugin
05:24:30.937 [main] ERROR org.evosuite.runtime.classhandling.ClassStateSupport - Could not initialize org.springframework.data.util.CustomCollections$VavrCollections$VavrToJavaCollectionConverter: Could not initialize class org.springframework.data.util.CustomCollections$VavrCollections$VavrToJavaCollectionConverter
05:24:30.939 [main] ERROR org.evosuite.runtime.classhandling.ClassStateSupport - Could not initialize org.springframework.boot.autoconfigure.flyway.FlywayAutoConfiguration$StringOrNumberToMigrationVersionConverter: Could not initialize class org.springframework.boot.autoconfigure.flyway.FlywayAutoConfiguration$StringOrNumberToMigrationVersionConverter
05:24:30.939 [main] ERROR org.evosuite.runtime.classhandling.ClassStateSupport - Could not initialize net.bytebuddy.build.CachedReturnPlugin: Could not initialize class net.bytebuddy.build.CachedReturnPlugin
05:24:30.940 [main] ERROR org.evosuite.runtime.classhandling.ClassStateSupport - Could not initialize net.bytebuddy.build.RepeatedAnnotationPlugin: Could not initialize class net.bytebuddy.build.RepeatedAnnotationPlugin
05:24:30.940 [main] ERROR org.evosuite.runtime.classhandling.ClassStateSupport - Could not initialize net.bytebuddy.asm.Advice$NoExceptionHandler: Could not initialize class net.bytebuddy.asm.Advice$NoExceptionHandler
05:24:30.941 [main] ERROR org.evosuite.runtime.classhandling.ClassStateSupport - Could not initialize org.springframework.data.util.NullableWrapperConverters$NullableWrapperToVavrOptionConverter: Could not initialize class org.springframework.data.util.NullableWrapperConverters$NullableWrapperToVavrOptionConverter
05:24:30.941 [main] ERROR org.evosuite.runtime.classhandling.ClassStateSupport - Could not initialize net.bytebuddy.asm.Advice: Could not initialize class net.bytebuddy.asm.Advice
05:24:30.941 [main] ERROR org.evosuite.runtime.classhandling.ClassStateSupport - Could not initialize net.bytebuddy.asm.Advice$AssignReturned$Factory: Could not initialize class net.bytebuddy.asm.Advice$AssignReturned$Factory
05:24:30.941 [main] ERROR org.evosuite.runtime.classhandling.ClassStateSupport - Could not initialize org.springframework.data.util.CustomCollections$EclipseCollections$JavaToEclipseConverter: Could not initialize class org.springframework.data.util.CustomCollections$EclipseCollections$JavaToEclipseConverter
05:24:30.943 [main] ERROR org.evosuite.runtime.classhandling.ClassStateSupport - Could not initialize org.springframework.data.util.NullableWrapperConverters$NullableWrapperToGuavaOptionalConverter: Could not initialize class org.springframework.data.util.NullableWrapperConverters$NullableWrapperToGuavaOptionalConverter
05:24:30.943 [main] ERROR org.evosuite.runtime.classhandling.ClassStateSupport - Could not initialize net.bytebuddy.build.ToStringPlugin: Could not initialize class net.bytebuddy.build.ToStringPlugin
05:24:30.943 [main] ERROR org.evosuite.runtime.classhandling.ClassStateSupport - Could not initialize org.springframework.data.util.CustomCollections$VavrCollections$JavaToVavrCollectionConverter: Could not initialize class org.springframework.data.util.CustomCollections$VavrCollections$JavaToVavrCollectionConverter
05:24:30.943 [main] ERROR org.evosuite.runtime.classhandling.ClassStateSupport - Could not initialize net.bytebuddy.build.AccessControllerPlugin: Could not initialize class net.bytebuddy.build.AccessControllerPlugin
05:24:30.944 [main] ERROR org.evosuite.runtime.classhandling.ClassStateSupport - Found $jacocoInit in class org.springframework.core.convert.support.ObjectToStringConverter
05:24:30.944 [main] INFO org.evosuite.runtime.classhandling.ClassStateSupport - Error while checking for $gzoltarInit in class org.springframework.http.server.reactive.ReactorHttpHandlerAdapter: reactor/netty/http/server/HttpServerRequest
05:24:30.945 [main] INFO org.evosuite.runtime.classhandling.ClassStateSupport - Error while checking for $gzoltarInit in class org.springframework.http.server.reactive.ContextPathCompositeHandler: reactor/core/publisher/Mono
05:24:30.945 [main] INFO org.evosuite.runtime.classhandling.ClassStateSupport - Error while checking for $gzoltarInit in class org.springframework.test.web.reactive.server.WebTestClient: org/springframework/web/reactive/function/server/RouterFunction
05:24:30.947 [main] INFO org.evosuite.runtime.classhandling.ClassStateSupport - Error while checking for $gzoltarInit in class org.springframework.http.ReactiveHttpInputMessage: reactor/core/publisher/Flux
05:24:30.947 [main] INFO org.evosuite.runtime.classhandling.ClassStateSupport - Error while checking for $gzoltarInit in class org.springframework.http.server.reactive.HttpHandler: reactor/core/publisher/Mono
05:24:30.947 [main] INFO org.evosuite.runtime.classhandling.ClassStateSupport - Error while checking for $gzoltarInit in class org.springframework.core.io.buffer.DataBufferUtils$ReadableByteChannelGenerator: reactor/core/publisher/SynchronousSink
05:24:30.948 [main] INFO org.evosuite.runtime.classhandling.ClassStateSupport - Error while checking for $gzoltarInit in class org.springframework.http.ReactiveHttpOutputMessage: org/reactivestreams/Publisher
05:24:30.948 [main] INFO org.evosuite.runtime.classhandling.ClassStateSupport - Error while checking for $gzoltarInit in class org.springframework.http.codec.xml.Jaxb2XmlDecoder$SplitHandler: reactor/core/publisher/SynchronousSink
05:24:30.949 [main] INFO org.evosuite.runtime.classhandling.ClassStateSupport - Error while checking for $gzoltarInit in class org.springframework.core.KotlinReflectionParameterNameDiscoverer: kotlin/reflect/KParameter
05:24:30.949 [main] ERROR org.evosuite.runtime.classhandling.ClassStateSupport - Class org.springframework.core.env.MutablePropertySources was not instrumented by EvoSuite. This could happen if you are running JUnit tests in a way that is not handled by EvoSuite, in which some classes are loaded be reflection before the tests are run. Consult the EvoSuite documentation for possible workarounds for this issue.
05:24:30.949 [main] ERROR org.evosuite.runtime.classhandling.ClassStateSupport - Class org.springframework.asm.AnnotationVisitor was not instrumented by EvoSuite. This could happen if you are running JUnit tests in a way that is not handled by EvoSuite, in which some classes are loaded be reflection before the tests are run. Consult the EvoSuite documentation for possible workarounds for this issue.
05:24:30.949 [main] ERROR org.evosuite.runtime.classhandling.ClassStateSupport - Class org.springframework.beans.factory.support.DefaultSingletonBeanRegistry was not instrumented by EvoSuite. This could happen if you are running JUnit tests in a way that is not handled by EvoSuite, in which some classes are loaded be reflection before the tests are run. Consult the EvoSuite documentation for possible workarounds for this issue.
05:24:30.949 [main] ERROR org.evosuite.runtime.classhandling.ClassStateSupport - Class org.springframework.beans.factory.support.AbstractBeanFactory was not instrumented by EvoSuite. This could happen if you are running JUnit tests in a way that is not handled by EvoSuite, in which some classes are loaded be reflection before the tests are run. Consult the EvoSuite documentation for possible workarounds for this issue.
05:24:30.949 [main] ERROR org.evosuite.runtime.classhandling.ClassStateSupport - Class org.springframework.asm.TypePath was not instrumented by EvoSuite. This could happen if you are running JUnit tests in a way that is not handled by EvoSuite, in which some classes are loaded be reflection before the tests are run. Consult the EvoSuite documentation for possible workarounds for this issue.
05:24:30.949 [main] ERROR org.evosuite.runtime.classhandling.ClassStateSupport - Class org.springframework.core.convert.TypeDescriptor was not instrumented by EvoSuite. This could happen if you are running JUnit tests in a way that is not handled by EvoSuite, in which some classes are loaded be reflection before the tests are run. Consult the EvoSuite documentation for possible workarounds for this issue.
05:24:30.949 [main] ERROR org.evosuite.runtime.classhandling.ClassStateSupport - Class org.springframework.beans.factory.support.AbstractAutowireCapableBeanFactory was not instrumented by EvoSuite. This could happen if you are running JUnit tests in a way that is not handled by EvoSuite, in which some classes are loaded be reflection before the tests are run. Consult the EvoSuite documentation for possible workarounds for this issue.
05:24:30.949 [main] ERROR org.evosuite.runtime.classhandling.ClassStateSupport - Class com.iwamih31.WorkSheet was not instrumented by EvoSuite. This could happen if you are running JUnit tests in a way that is not handled by EvoSuite, in which some classes are loaded be reflection before the tests are run. Consult the EvoSuite documentation for possible workarounds for this issue.
05:24:30.949 [main] ERROR org.evosuite.runtime.classhandling.ClassStateSupport - Class org.springframework.core.MethodParameter was not instrumented by EvoSuite. This could happen if you are running JUnit tests in a way that is not handled by EvoSuite, in which some classes are loaded be reflection before the tests are run. Consult the EvoSuite documentation for possible workarounds for this issue.
05:24:30.949 [main] ERROR org.evosuite.runtime.classhandling.ClassStateSupport - Class org.springframework.context.annotation.ScopedProxyMode was not instrumented by EvoSuite. This could happen if you are running JUnit tests in a way that is not handled by EvoSuite, in which some classes are loaded be reflection before the tests are run. Consult the EvoSuite documentation for possible workarounds for this issue.
05:24:30.949 [main] ERROR org.evosuite.runtime.classhandling.ClassStateSupport - Class org.springframework.beans.factory.support.FactoryBeanRegistrySupport was not instrumented by EvoSuite. This could happen if you are running JUnit tests in a way that is not handled by EvoSuite, in which some classes are loaded be reflection before the tests are run. Consult the EvoSuite documentation for possible workarounds for this issue.
05:24:30.949 [main] ERROR org.evosuite.runtime.classhandling.ClassStateSupport - Class org.springframework.asm.ModuleVisitor was not instrumented by EvoSuite. This could happen if you are running JUnit tests in a way that is not handled by EvoSuite, in which some classes are loaded be reflection before the tests are run. Consult the EvoSuite documentation for possible workarounds for this issue.
05:24:30.949 [main] ERROR org.evosuite.runtime.classhandling.ClassStateSupport - Class org.springframework.asm.FieldVisitor was not instrumented by EvoSuite. This could happen if you are running JUnit tests in a way that is not handled by EvoSuite, in which some classes are loaded be reflection before the tests are run. Consult the EvoSuite documentation for possible workarounds for this issue.
05:24:30.949 [main] ERROR org.evosuite.runtime.classhandling.ClassStateSupport - Class org.springframework.core.SimpleAliasRegistry was not instrumented by EvoSuite. This could happen if you are running JUnit tests in a way that is not handled by EvoSuite, in which some classes are loaded be reflection before the tests are run. Consult the EvoSuite documentation for possible workarounds for this issue.
05:24:30.949 [main] ERROR org.evosuite.runtime.classhandling.ClassStateSupport - Class org.springframework.asm.Attribute was not instrumented by EvoSuite. This could happen if you are running JUnit tests in a way that is not handled by EvoSuite, in which some classes are loaded be reflection before the tests are run. Consult the EvoSuite documentation for possible workarounds for this issue.
05:24:30.949 [main] ERROR org.evosuite.runtime.classhandling.ClassStateSupport - Class org.springframework.core.env.MissingRequiredPropertiesException was not instrumented by EvoSuite. This could happen if you are running JUnit tests in a way that is not handled by EvoSuite, in which some classes are loaded be reflection before the tests are run. Consult the EvoSuite documentation for possible workarounds for this issue.
05:24:30.949 [main] ERROR org.evosuite.runtime.classhandling.ClassStateSupport - Class org.springframework.context.NoSuchMessageException was not instrumented by EvoSuite. This could happen if you are running JUnit tests in a way that is not handled by EvoSuite, in which some classes are loaded be reflection before the tests are run. Consult the EvoSuite documentation for possible workarounds for this issue.
05:24:30.949 [main] ERROR org.evosuite.runtime.classhandling.ClassStateSupport - Class org.springframework.asm.ClassReader was not instrumented by EvoSuite. This could happen if you are running JUnit tests in a way that is not handled by EvoSuite, in which some classes are loaded be reflection before the tests are run. Consult the EvoSuite documentation for possible workarounds for this issue.
05:24:30.949 [main] ERROR org.evosuite.runtime.classhandling.ClassStateSupport - Class org.springframework.beans.factory.support.DefaultListableBeanFactory was not instrumented by EvoSuite. This could happen if you are running JUnit tests in a way that is not handled by EvoSuite, in which some classes are loaded be reflection before the tests are run. Consult the EvoSuite documentation for possible workarounds for this issue.
05:24:30.949 [main] ERROR org.evosuite.runtime.classhandling.ClassStateSupport - Class org.springframework.core.annotation.AnnotationAttributes was not instrumented by EvoSuite. This could happen if you are running JUnit tests in a way that is not handled by EvoSuite, in which some classes are loaded be reflection before the tests are run. Consult the EvoSuite documentation for possible workarounds for this issue.
05:24:30.950 [main] ERROR org.evosuite.runtime.classhandling.ClassStateSupport - Class org.springframework.core.ParameterizedTypeReference was not instrumented by EvoSuite. This could happen if you are running JUnit tests in a way that is not handled by EvoSuite, in which some classes are loaded be reflection before the tests are run. Consult the EvoSuite documentation for possible workarounds for this issue.
05:24:30.950 [main] ERROR org.evosuite.runtime.classhandling.ClassStateSupport - Class org.springframework.asm.RecordComponentVisitor was not instrumented by EvoSuite. This could happen if you are running JUnit tests in a way that is not handled by EvoSuite, in which some classes are loaded be reflection before the tests are run. Consult the EvoSuite documentation for possible workarounds for this issue.
05:24:30.952 [main] DEBUG org.evosuite.runtime.classhandling.ClassResetter - __STATIC_RESET() method does not exists in class com.iwamih31.WorkSheet
05:24:30.952 [main] DEBUG org.evosuite.runtime.classhandling.ClassResetter - __STATIC_RESET() method does not exists in class org.springframework.context.annotation.ScopedProxyMode
05:24:30.953 [main] DEBUG org.evosuite.runtime.classhandling.ClassResetter - __STATIC_RESET() method does not exists in class com.iwamih31.WorkSheet
05:24:30.953 [main] DEBUG org.evosuite.runtime.classhandling.ClassResetter - __STATIC_RESET() method does not exists in class org.springframework.context.annotation.ScopedProxyMode
05:24:30.954 [main] DEBUG org.evosuite.runtime.classhandling.ClassResetter - __STATIC_RESET() method does not exists in class com.iwamih31.WorkSheet
05:24:30.954 [main] DEBUG org.evosuite.runtime.classhandling.ClassResetter - __STATIC_RESET() method does not exists in class org.springframework.context.annotation.ScopedProxyMode
05:24:30.954 [main] DEBUG org.evosuite.runtime.classhandling.ClassResetter - __STATIC_RESET() method does not exists in class com.iwamih31.WorkSheet
05:24:30.954 [main] DEBUG org.evosuite.runtime.classhandling.ClassResetter - __STATIC_RESET() method does not exists in class org.springframework.context.annotation.ScopedProxyMode
05:24:30.955 [main] DEBUG org.evosuite.runtime.classhandling.ClassResetter - __STATIC_RESET() method does not exists in class com.iwamih31.WorkSheet
05:24:30.955 [main] DEBUG org.evosuite.runtime.classhandling.ClassResetter - __STATIC_RESET() method does not exists in class org.springframework.context.annotation.ScopedProxyMode
05:24:30.956 [main] DEBUG org.evosuite.runtime.classhandling.ClassResetter - __STATIC_RESET() method does not exists in class com.iwamih31.WorkSheet
05:24:30.956 [main] DEBUG org.evosuite.runtime.classhandling.ClassResetter - __STATIC_RESET() method does not exists in class org.springframework.context.annotation.ScopedProxyMode
05:24:30.957 [main] DEBUG org.evosuite.runtime.classhandling.ClassResetter - __STATIC_RESET() method does not exists in class com.iwamih31.WorkSheet
05:24:30.957 [main] DEBUG org.evosuite.runtime.classhandling.ClassResetter - __STATIC_RESET() method does not exists in class org.springframework.context.annotation.ScopedProxyMode
05:24:30.958 [main] DEBUG org.evosuite.runtime.classhandling.ClassResetter - __STATIC_RESET() method does not exists in class com.iwamih31.WorkSheet
05:24:30.958 [main] DEBUG org.evosuite.runtime.classhandling.ClassResetter - __STATIC_RESET() method does not exists in class org.springframework.context.annotation.ScopedProxyMode
05:24:30.963 [main] DEBUG org.evosuite.runtime.classhandling.ClassResetter - __STATIC_RESET() method does not exists in class com.iwamih31.WorkSheet
05:24:30.963 [main] DEBUG org.evosuite.runtime.classhandling.ClassResetter - __STATIC_RESET() method does not exists in class org.springframework.context.annotation.ScopedProxyMode
05:24:30.964 [main] DEBUG org.evosuite.runtime.classhandling.ClassResetter - __STATIC_RESET() method does not exists in class com.iwamih31.WorkSheet
05:24:30.964 [main] DEBUG org.evosuite.runtime.classhandling.ClassResetter - __STATIC_RESET() method does not exists in class org.springframework.context.annotation.ScopedProxyMode
05:24:30.965 [main] DEBUG org.evosuite.runtime.classhandling.ClassResetter - __STATIC_RESET() method does not exists in class com.iwamih31.WorkSheet
05:24:30.965 [main] DEBUG org.evosuite.runtime.classhandling.ClassResetter - __STATIC_RESET() method does not exists in class org.springframework.context.annotation.ScopedProxyMode
05:24:30.965 [main] DEBUG org.evosuite.runtime.classhandling.ClassResetter - __STATIC_RESET() method does not exists in class com.iwamih31.WorkSheet
05:24:30.965 [main] DEBUG org.evosuite.runtime.classhandling.ClassResetter - __STATIC_RESET() method does not exists in class org.springframework.context.annotation.ScopedProxyMode
05:24:30.966 [main] DEBUG org.evosuite.runtime.classhandling.ClassResetter - __STATIC_RESET() method does not exists in class com.iwamih31.WorkSheet
05:24:30.966 [main] DEBUG org.evosuite.runtime.classhandling.ClassResetter - __STATIC_RESET() method does not exists in class org.springframework.context.annotation.ScopedProxyMode
05:24:30.966 [main] DEBUG org.evosuite.runtime.classhandling.ClassResetter - __STATIC_RESET() method does not exists in class com.iwamih31.WorkSheet
05:24:30.967 [main] DEBUG org.evosuite.runtime.classhandling.ClassResetter - __STATIC_RESET() method does not exists in class org.springframework.context.annotation.ScopedProxyMode
[INFO] Tests run: 14, Failures: 0, Errors: 0, Skipped: 0, Time elapsed: 0.031 s - in com.iwamih31.WorkSheet_ESTest
[INFO] Running com.iwamih31.State_init_26152690323
[INFO] Tests run: 1, Failures: 0, Errors: 0, Skipped: 0, Time elapsed: 0 s - in com.iwamih31.State_init_26152690323
[INFO] Running com.iwamih31.Cash_setHyaku1_48128792945
[INFO] Tests run: 1, Failures: 0, Errors: 0, Skipped: 0, Time elapsed: 0 s - in com.iwamih31.Cash_setHyaku1_48128792945
[INFO] Running com.iwamih31.MainController_init_9758648651
[INFO] Tests run: 1, Failures: 0, Errors: 0, Skipped: 0, Time elapsed: 0 s - in com.iwamih31.MainController_init_9758648651
[INFO] Running com.iwamih31.OptionData_yearmonth_151480735311
[ERROR] Tests run: 1, Failures: 0, Errors: 1, Skipped: 0, Time elapsed: 10 s <<< FAILURE! - in com.iwamih31.OptionData_yearmonth_151480735311
[ERROR] test  Time elapsed: 10 s  <<< ERROR!
org.junit.runners.model.TestTimedOutException: test timed out after 10 seconds
	at app//com.iwamih31.OptionData_yearmonth_151480735311.test(OptionData_yearmonth_151480735311.java:49)

[INFO] Running com.iwamih31.Action_hashCode_168949879032
[INFO] Tests run: 1, Failures: 0, Errors: 0, Skipped: 0, Time elapsed: 0.033 s - in com.iwamih31.Action_hashCode_168949879032
[INFO] Running com.iwamih31.Cash_setJyuu1_9190955447
[INFO] Tests run: 1, Failures: 0, Errors: 0, Skipped: 0, Time elapsed: 0 s - in com.iwamih31.Cash_setJyuu1_9190955447
[INFO] Running com.iwamih31.DailyWorkSheet_rowFormat_171482806813
[INFO] Tests run: 1, Failures: 0, Errors: 0, Skipped: 0, Time elapsed: 0 s - in com.iwamih31.DailyWorkSheet_rowFormat_171482806813
[INFO] Running com.iwamih31.Cash_getHyaku1_6460956416
[INFO] Tests run: 1, Failures: 0, Errors: 0, Skipped: 0, Time elapsed: 0 s - in com.iwamih31.Cash_getHyaku1_6460956416
[INFO] Running com.iwamih31.Set_setValue_8448384124
[INFO] Tests run: 1, Failures: 0, Errors: 0, Skipped: 0, Time elapsed: 0 s - in com.iwamih31.Set_setValue_8448384124
[INFO] Running com.iwamih31.DailyWorkSheet_init_10950915140
[INFO] Tests run: 1, Failures: 0, Errors: 0, Skipped: 0, Time elapsed: 0 s - in com.iwamih31.DailyWorkSheet_init_10950915140
[INFO] Running com.iwamih31.OptionData_ESTest
05:24:41.014 [main] DEBUG org.evosuite.runtime.sandbox.MSecurityManager - Adding privileged thread: "Reference Handler"
05:24:41.014 [main] DEBUG org.evosuite.runtime.sandbox.MSecurityManager - Adding privileged thread: "Finalizer"
05:24:41.014 [main] DEBUG org.evosuite.runtime.sandbox.MSecurityManager - Adding privileged thread: "Signal Dispatcher"
05:24:41.014 [main] DEBUG org.evosuite.runtime.sandbox.MSecurityManager - Adding privileged thread: "process reaper"
05:24:41.014 [main] DEBUG org.evosuite.runtime.sandbox.MSecurityManager - Adding privileged thread: "Attach Listener"
05:24:41.014 [main] DEBUG org.evosuite.runtime.sandbox.MSecurityManager - Adding privileged thread: "Java2D Disposer"
05:24:41.014 [main] DEBUG org.evosuite.runtime.sandbox.MSecurityManager - Adding privileged thread: "main"
05:24:41.014 [main] DEBUG org.evosuite.runtime.sandbox.MSecurityManager - Adding privileged thread: "surefire-forkedjvm-command-thread"
05:24:41.014 [main] DEBUG org.evosuite.runtime.sandbox.MSecurityManager - Adding privileged thread: "surefire-forkedjvm-ping-30s"
05:24:41.014 [main] DEBUG org.evosuite.runtime.sandbox.MSecurityManager - Adding privileged thread: "Time-limited test"
05:24:41.014 [main] DEBUG org.evosuite.runtime.sandbox.MSecurityManager - Adding privileged thread: "Common-Cleaner"
05:24:41.023 [main] ERROR org.evosuite.runtime.classhandling.ClassStateSupport - Found $jacocoInit in class org.springframework.core.convert.support.ObjectToStringConverter
05:24:41.023 [main] INFO org.evosuite.runtime.classhandling.ClassStateSupport - Error while checking for $gzoltarInit in class org.springframework.http.server.reactive.ReactorHttpHandlerAdapter: reactor/netty/http/server/HttpServerRequest
05:24:41.024 [main] INFO org.evosuite.runtime.classhandling.ClassStateSupport - Error while checking for $gzoltarInit in class org.springframework.http.server.reactive.ContextPathCompositeHandler: reactor/core/publisher/Mono
05:24:41.024 [main] INFO org.evosuite.runtime.classhandling.ClassStateSupport - Error while checking for $gzoltarInit in class org.springframework.test.web.reactive.server.WebTestClient: org/springframework/web/reactive/function/server/RouterFunction
05:24:41.026 [main] INFO org.evosuite.runtime.classhandling.ClassStateSupport - Error while checking for $gzoltarInit in class org.springframework.http.ReactiveHttpInputMessage: reactor/core/publisher/Flux
05:24:41.026 [main] INFO org.evosuite.runtime.classhandling.ClassStateSupport - Error while checking for $gzoltarInit in class org.springframework.http.server.reactive.HttpHandler: reactor/core/publisher/Mono
05:24:41.027 [main] INFO org.evosuite.runtime.classhandling.ClassStateSupport - Error while checking for $gzoltarInit in class org.springframework.core.io.buffer.DataBufferUtils$ReadableByteChannelGenerator: reactor/core/publisher/SynchronousSink
05:24:41.027 [main] INFO org.evosuite.runtime.classhandling.ClassStateSupport - Error while checking for $gzoltarInit in class org.springframework.http.ReactiveHttpOutputMessage: org/reactivestreams/Publisher
05:24:41.028 [main] INFO org.evosuite.runtime.classhandling.ClassStateSupport - Error while checking for $gzoltarInit in class org.springframework.http.codec.xml.Jaxb2XmlDecoder$SplitHandler: reactor/core/publisher/SynchronousSink
05:24:41.029 [main] INFO org.evosuite.runtime.classhandling.ClassStateSupport - Error while checking for $gzoltarInit in class org.springframework.core.KotlinReflectionParameterNameDiscoverer: kotlin/reflect/KParameter
05:24:41.029 [main] ERROR org.evosuite.runtime.classhandling.ClassStateSupport - Class com.iwamih31.OptionData was not instrumented by EvoSuite. This could happen if you are running JUnit tests in a way that is not handled by EvoSuite, in which some classes are loaded be reflection before the tests are run. Consult the EvoSuite documentation for possible workarounds for this issue.
05:24:41.029 [main] ERROR org.evosuite.runtime.classhandling.ClassStateSupport - Class org.springframework.asm.AnnotationVisitor was not instrumented by EvoSuite. This could happen if you are running JUnit tests in a way that is not handled by EvoSuite, in which some classes are loaded be reflection before the tests are run. Consult the EvoSuite documentation for possible workarounds for this issue.
05:24:41.029 [main] ERROR org.evosuite.runtime.classhandling.ClassStateSupport - Class org.springframework.beans.factory.support.DefaultSingletonBeanRegistry was not instrumented by EvoSuite. This could happen if you are running JUnit tests in a way that is not handled by EvoSuite, in which some classes are loaded be reflection before the tests are run. Consult the EvoSuite documentation for possible workarounds for this issue.
05:24:41.029 [main] ERROR org.evosuite.runtime.classhandling.ClassStateSupport - Class org.springframework.beans.factory.support.AbstractBeanFactory was not instrumented by EvoSuite. This could happen if you are running JUnit tests in a way that is not handled by EvoSuite, in which some classes are loaded be reflection before the tests are run. Consult the EvoSuite documentation for possible workarounds for this issue.
05:24:41.029 [main] ERROR org.evosuite.runtime.classhandling.ClassStateSupport - Class org.springframework.asm.TypePath was not instrumented by EvoSuite. This could happen if you are running JUnit tests in a way that is not handled by EvoSuite, in which some classes are loaded be reflection before the tests are run. Consult the EvoSuite documentation for possible workarounds for this issue.
05:24:41.029 [main] ERROR org.evosuite.runtime.classhandling.ClassStateSupport - Class org.springframework.core.convert.TypeDescriptor was not instrumented by EvoSuite. This could happen if you are running JUnit tests in a way that is not handled by EvoSuite, in which some classes are loaded be reflection before the tests are run. Consult the EvoSuite documentation for possible workarounds for this issue.
05:24:41.029 [main] ERROR org.evosuite.runtime.classhandling.ClassStateSupport - Class org.springframework.beans.factory.support.AbstractAutowireCapableBeanFactory was not instrumented by EvoSuite. This could happen if you are running JUnit tests in a way that is not handled by EvoSuite, in which some classes are loaded be reflection before the tests are run. Consult the EvoSuite documentation for possible workarounds for this issue.
05:24:41.029 [main] ERROR org.evosuite.runtime.classhandling.ClassStateSupport - Class org.springframework.core.MethodParameter was not instrumented by EvoSuite. This could happen if you are running JUnit tests in a way that is not handled by EvoSuite, in which some classes are loaded be reflection before the tests are run. Consult the EvoSuite documentation for possible workarounds for this issue.
05:24:41.029 [main] ERROR org.evosuite.runtime.classhandling.ClassStateSupport - Class org.springframework.context.annotation.ScopedProxyMode was not instrumented by EvoSuite. This could happen if you are running JUnit tests in a way that is not handled by EvoSuite, in which some classes are loaded be reflection before the tests are run. Consult the EvoSuite documentation for possible workarounds for this issue.
05:24:41.029 [main] ERROR org.evosuite.runtime.classhandling.ClassStateSupport - Class org.springframework.beans.factory.support.FactoryBeanRegistrySupport was not instrumented by EvoSuite. This could happen if you are running JUnit tests in a way that is not handled by EvoSuite, in which some classes are loaded be reflection before the tests are run. Consult the EvoSuite documentation for possible workarounds for this issue.
05:24:41.029 [main] ERROR org.evosuite.runtime.classhandling.ClassStateSupport - Class org.springframework.asm.ModuleVisitor was not instrumented by EvoSuite. This could happen if you are running JUnit tests in a way that is not handled by EvoSuite, in which some classes are loaded be reflection before the tests are run. Consult the EvoSuite documentation for possible workarounds for this issue.
05:24:41.029 [main] ERROR org.evosuite.runtime.classhandling.ClassStateSupport - Class org.springframework.asm.FieldVisitor was not instrumented by EvoSuite. This could happen if you are running JUnit tests in a way that is not handled by EvoSuite, in which some classes are loaded be reflection before the tests are run. Consult the EvoSuite documentation for possible workarounds for this issue.
05:24:41.029 [main] ERROR org.evosuite.runtime.classhandling.ClassStateSupport - Class org.springframework.core.SimpleAliasRegistry was not instrumented by EvoSuite. This could happen if you are running JUnit tests in a way that is not handled by EvoSuite, in which some classes are loaded be reflection before the tests are run. Consult the EvoSuite documentation for possible workarounds for this issue.
05:24:41.029 [main] ERROR org.evosuite.runtime.classhandling.ClassStateSupport - Class org.springframework.asm.Attribute was not instrumented by EvoSuite. This could happen if you are running JUnit tests in a way that is not handled by EvoSuite, in which some classes are loaded be reflection before the tests are run. Consult the EvoSuite documentation for possible workarounds for this issue.
05:24:41.029 [main] ERROR org.evosuite.runtime.classhandling.ClassStateSupport - Class org.springframework.asm.ClassReader was not instrumented by EvoSuite. This could happen if you are running JUnit tests in a way that is not handled by EvoSuite, in which some classes are loaded be reflection before the tests are run. Consult the EvoSuite documentation for possible workarounds for this issue.
05:24:41.029 [main] ERROR org.evosuite.runtime.classhandling.ClassStateSupport - Class org.springframework.beans.factory.support.DefaultListableBeanFactory was not instrumented by EvoSuite. This could happen if you are running JUnit tests in a way that is not handled by EvoSuite, in which some classes are loaded be reflection before the tests are run. Consult the EvoSuite documentation for possible workarounds for this issue.
05:24:41.030 [main] ERROR org.evosuite.runtime.classhandling.ClassStateSupport - Class org.springframework.core.annotation.AnnotationAttributes was not instrumented by EvoSuite. This could happen if you are running JUnit tests in a way that is not handled by EvoSuite, in which some classes are loaded be reflection before the tests are run. Consult the EvoSuite documentation for possible workarounds for this issue.
05:24:41.030 [main] ERROR org.evosuite.runtime.classhandling.ClassStateSupport - Class org.springframework.core.ParameterizedTypeReference was not instrumented by EvoSuite. This could happen if you are running JUnit tests in a way that is not handled by EvoSuite, in which some classes are loaded be reflection before the tests are run. Consult the EvoSuite documentation for possible workarounds for this issue.
05:24:41.030 [main] ERROR org.evosuite.runtime.classhandling.ClassStateSupport - Class org.springframework.asm.RecordComponentVisitor was not instrumented by EvoSuite. This could happen if you are running JUnit tests in a way that is not handled by EvoSuite, in which some classes are loaded be reflection before the tests are run. Consult the EvoSuite documentation for possible workarounds for this issue.
05:24:45.444 [main] INFO org.evosuite.runtime.thread.ThreadStopper - Found new thread
05:24:45.444 [main] INFO org.evosuite.runtime.thread.ThreadStopper - Thread is still alive: Time-limited test
05:24:45.445 [main] DEBUG org.evosuite.runtime.classhandling.ClassResetter - __STATIC_RESET() method does not exists in class com.iwamih31.OptionData
05:24:45.445 [main] DEBUG org.evosuite.runtime.classhandling.ClassResetter - __STATIC_RESET() method does not exists in class org.springframework.context.annotation.ScopedProxyMode
05:24:45.450 [main] DEBUG org.evosuite.runtime.classhandling.ClassResetter - __STATIC_RESET() method does not exists in class com.iwamih31.OptionData
05:24:45.450 [main] DEBUG org.evosuite.runtime.classhandling.ClassResetter - __STATIC_RESET() method does not exists in class org.springframework.context.annotation.ScopedProxyMode
05:24:45.528 [main] DEBUG org.evosuite.runtime.classhandling.ClassResetter - __STATIC_RESET() method does not exists in class com.iwamih31.OptionData
05:24:45.529 [main] DEBUG org.evosuite.runtime.classhandling.ClassResetter - __STATIC_RESET() method does not exists in class org.springframework.context.annotation.ScopedProxyMode
05:24:45.531 [main] DEBUG org.evosuite.runtime.classhandling.ClassResetter - __STATIC_RESET() method does not exists in class com.iwamih31.OptionData
05:24:45.531 [main] DEBUG org.evosuite.runtime.classhandling.ClassResetter - __STATIC_RESET() method does not exists in class org.springframework.context.annotation.ScopedProxyMode
05:24:45.532 [main] DEBUG org.evosuite.runtime.classhandling.ClassResetter - __STATIC_RESET() method does not exists in class com.iwamih31.OptionData
05:24:45.532 [main] DEBUG org.evosuite.runtime.classhandling.ClassResetter - __STATIC_RESET() method does not exists in class org.springframework.context.annotation.ScopedProxyMode
05:24:45.534 [main] DEBUG org.evosuite.runtime.classhandling.ClassResetter - __STATIC_RESET() method does not exists in class com.iwamih31.OptionData
05:24:45.534 [main] DEBUG org.evosuite.runtime.classhandling.ClassResetter - __STATIC_RESET() method does not exists in class org.springframework.context.annotation.ScopedProxyMode
05:24:45.537 [main] DEBUG org.evosuite.runtime.classhandling.ClassResetter - __STATIC_RESET() method does not exists in class com.iwamih31.OptionData
05:24:45.537 [main] DEBUG org.evosuite.runtime.classhandling.ClassResetter - __STATIC_RESET() method does not exists in class org.springframework.context.annotation.ScopedProxyMode
05:24:45.539 [main] DEBUG org.evosuite.runtime.classhandling.ClassResetter - __STATIC_RESET() method does not exists in class com.iwamih31.OptionData
05:24:45.539 [main] DEBUG org.evosuite.runtime.classhandling.ClassResetter - __STATIC_RESET() method does not exists in class org.springframework.context.annotation.ScopedProxyMode
05:24:45.541 [main] DEBUG org.evosuite.runtime.classhandling.ClassResetter - __STATIC_RESET() method does not exists in class com.iwamih31.OptionData
05:24:45.541 [main] DEBUG org.evosuite.runtime.classhandling.ClassResetter - __STATIC_RESET() method does not exists in class org.springframework.context.annotation.ScopedProxyMode
05:24:45.544 [main] DEBUG org.evosuite.runtime.classhandling.ClassResetter - __STATIC_RESET() method does not exists in class com.iwamih31.OptionData
05:24:45.544 [main] DEBUG org.evosuite.runtime.classhandling.ClassResetter - __STATIC_RESET() method does not exists in class org.springframework.context.annotation.ScopedProxyMode
05:24:45.547 [main] DEBUG org.evosuite.runtime.classhandling.ClassResetter - __STATIC_RESET() method does not exists in class com.iwamih31.OptionData
05:24:45.547 [main] DEBUG org.evosuite.runtime.classhandling.ClassResetter - __STATIC_RESET() method does not exists in class org.springframework.context.annotation.ScopedProxyMode
05:24:45.549 [main] DEBUG org.evosuite.runtime.classhandling.ClassResetter - __STATIC_RESET() method does not exists in class com.iwamih31.OptionData
05:24:45.549 [main] DEBUG org.evosuite.runtime.classhandling.ClassResetter - __STATIC_RESET() method does not exists in class org.springframework.context.annotation.ScopedProxyMode
05:24:45.550 [main] DEBUG org.evosuite.runtime.classhandling.ClassResetter - __STATIC_RESET() method does not exists in class com.iwamih31.OptionData
05:24:45.550 [main] DEBUG org.evosuite.runtime.classhandling.ClassResetter - __STATIC_RESET() method does not exists in class org.springframework.context.annotation.ScopedProxyMode
05:24:45.552 [main] DEBUG org.evosuite.runtime.classhandling.ClassResetter - __STATIC_RESET() method does not exists in class com.iwamih31.OptionData
05:24:45.552 [main] DEBUG org.evosuite.runtime.classhandling.ClassResetter - __STATIC_RESET() method does not exists in class org.springframework.context.annotation.ScopedProxyMode
05:24:45.553 [main] DEBUG org.evosuite.runtime.classhandling.ClassResetter - __STATIC_RESET() method does not exists in class com.iwamih31.OptionData
05:24:45.553 [main] DEBUG org.evosuite.runtime.classhandling.ClassResetter - __STATIC_RESET() method does not exists in class org.springframework.context.annotation.ScopedProxyMode
05:24:45.579 [main] DEBUG org.evosuite.runtime.classhandling.ClassResetter - __STATIC_RESET() method does not exists in class com.iwamih31.OptionData
05:24:45.579 [main] DEBUG org.evosuite.runtime.classhandling.ClassResetter - __STATIC_RESET() method does not exists in class org.springframework.context.annotation.ScopedProxyMode
05:24:45.581 [main] DEBUG org.evosuite.runtime.classhandling.ClassResetter - __STATIC_RESET() method does not exists in class com.iwamih31.OptionData
05:24:45.582 [main] DEBUG org.evosuite.runtime.classhandling.ClassResetter - __STATIC_RESET() method does not exists in class org.springframework.context.annotation.ScopedProxyMode
05:24:45.583 [main] DEBUG org.evosuite.runtime.classhandling.ClassResetter - __STATIC_RESET() method does not exists in class com.iwamih31.OptionData
05:24:45.583 [main] DEBUG org.evosuite.runtime.classhandling.ClassResetter - __STATIC_RESET() method does not exists in class org.springframework.context.annotation.ScopedProxyMode
05:24:45.585 [main] DEBUG org.evosuite.runtime.classhandling.ClassResetter - __STATIC_RESET() method does not exists in class com.iwamih31.OptionData
05:24:45.585 [main] DEBUG org.evosuite.runtime.classhandling.ClassResetter - __STATIC_RESET() method does not exists in class org.springframework.context.annotation.ScopedProxyMode
05:24:45.587 [main] DEBUG org.evosuite.runtime.classhandling.ClassResetter - __STATIC_RESET() method does not exists in class com.iwamih31.OptionData
05:24:45.587 [main] DEBUG org.evosuite.runtime.classhandling.ClassResetter - __STATIC_RESET() method does not exists in class org.springframework.context.annotation.ScopedProxyMode
05:24:45.588 [main] DEBUG org.evosuite.runtime.classhandling.ClassResetter - __STATIC_RESET() method does not exists in class com.iwamih31.OptionData
05:24:45.588 [main] DEBUG org.evosuite.runtime.classhandling.ClassResetter - __STATIC_RESET() method does not exists in class org.springframework.context.annotation.ScopedProxyMode
05:24:45.590 [main] DEBUG org.evosuite.runtime.classhandling.ClassResetter - __STATIC_RESET() method does not exists in class com.iwamih31.OptionData
05:24:45.590 [main] DEBUG org.evosuite.runtime.classhandling.ClassResetter - __STATIC_RESET() method does not exists in class org.springframework.context.annotation.ScopedProxyMode
05:24:45.592 [main] DEBUG org.evosuite.runtime.classhandling.ClassResetter - __STATIC_RESET() method does not exists in class com.iwamih31.OptionData
05:24:45.592 [main] DEBUG org.evosuite.runtime.classhandling.ClassResetter - __STATIC_RESET() method does not exists in class org.springframework.context.annotation.ScopedProxyMode
05:24:45.593 [main] DEBUG org.evosuite.runtime.classhandling.ClassResetter - __STATIC_RESET() method does not exists in class com.iwamih31.OptionData
05:24:45.593 [main] DEBUG org.evosuite.runtime.classhandling.ClassResetter - __STATIC_RESET() method does not exists in class org.springframework.context.annotation.ScopedProxyMode
05:24:45.595 [main] DEBUG org.evosuite.runtime.classhandling.ClassResetter - __STATIC_RESET() method does not exists in class com.iwamih31.OptionData
05:24:45.595 [main] DEBUG org.evosuite.runtime.classhandling.ClassResetter - __STATIC_RESET() method does not exists in class org.springframework.context.annotation.ScopedProxyMode
05:24:45.596 [main] DEBUG org.evosuite.runtime.classhandling.ClassResetter - __STATIC_RESET() method does not exists in class com.iwamih31.OptionData
05:24:45.596 [main] DEBUG org.evosuite.runtime.classhandling.ClassResetter - __STATIC_RESET() method does not exists in class org.springframework.context.annotation.ScopedProxyMode
05:24:45.598 [main] DEBUG org.evosuite.runtime.classhandling.ClassResetter - __STATIC_RESET() method does not exists in class com.iwamih31.OptionData
05:24:45.598 [main] DEBUG org.evosuite.runtime.classhandling.ClassResetter - __STATIC_RESET() method does not exists in class org.springframework.context.annotation.ScopedProxyMode
05:24:45.599 [main] DEBUG org.evosuite.runtime.classhandling.ClassResetter - __STATIC_RESET() method does not exists in class com.iwamih31.OptionData
05:24:45.599 [main] DEBUG org.evosuite.runtime.classhandling.ClassResetter - __STATIC_RESET() method does not exists in class org.springframework.context.annotation.ScopedProxyMode
05:24:45.607 [main] DEBUG org.evosuite.runtime.classhandling.ClassResetter - __STATIC_RESET() method does not exists in class com.iwamih31.OptionData
05:24:45.608 [main] DEBUG org.evosuite.runtime.classhandling.ClassResetter - __STATIC_RESET() method does not exists in class org.springframework.context.annotation.ScopedProxyMode
05:24:45.612 [main] DEBUG org.evosuite.runtime.classhandling.ClassResetter - __STATIC_RESET() method does not exists in class com.iwamih31.OptionData
05:24:45.612 [main] DEBUG org.evosuite.runtime.classhandling.ClassResetter - __STATIC_RESET() method does not exists in class org.springframework.context.annotation.ScopedProxyMode
05:24:45.615 [main] DEBUG org.evosuite.runtime.classhandling.ClassResetter - __STATIC_RESET() method does not exists in class com.iwamih31.OptionData
05:24:45.615 [main] DEBUG org.evosuite.runtime.classhandling.ClassResetter - __STATIC_RESET() method does not exists in class org.springframework.context.annotation.ScopedProxyMode
05:24:45.617 [main] DEBUG org.evosuite.runtime.classhandling.ClassResetter - __STATIC_RESET() method does not exists in class com.iwamih31.OptionData
05:24:45.617 [main] DEBUG org.evosuite.runtime.classhandling.ClassResetter - __STATIC_RESET() method does not exists in class org.springframework.context.annotation.ScopedProxyMode
05:24:45.618 [main] DEBUG org.evosuite.runtime.classhandling.ClassResetter - __STATIC_RESET() method does not exists in class com.iwamih31.OptionData
05:24:45.618 [main] DEBUG org.evosuite.runtime.classhandling.ClassResetter - __STATIC_RESET() method does not exists in class org.springframework.context.annotation.ScopedProxyMode
05:24:45.620 [main] DEBUG org.evosuite.runtime.classhandling.ClassResetter - __STATIC_RESET() method does not exists in class com.iwamih31.OptionData
05:24:45.620 [main] DEBUG org.evosuite.runtime.classhandling.ClassResetter - __STATIC_RESET() method does not exists in class org.springframework.context.annotation.ScopedProxyMode
05:24:45.622 [main] DEBUG org.evosuite.runtime.classhandling.ClassResetter - __STATIC_RESET() method does not exists in class com.iwamih31.OptionData
05:24:45.622 [main] DEBUG org.evosuite.runtime.classhandling.ClassResetter - __STATIC_RESET() method does not exists in class org.springframework.context.annotation.ScopedProxyMode
05:24:45.623 [main] DEBUG org.evosuite.runtime.classhandling.ClassResetter - __STATIC_RESET() method does not exists in class com.iwamih31.OptionData
05:24:45.623 [main] DEBUG org.evosuite.runtime.classhandling.ClassResetter - __STATIC_RESET() method does not exists in class org.springframework.context.annotation.ScopedProxyMode
05:24:45.641 [main] DEBUG org.evosuite.runtime.classhandling.ClassResetter - __STATIC_RESET() method does not exists in class com.iwamih31.OptionData
05:24:45.641 [main] DEBUG org.evosuite.runtime.classhandling.ClassResetter - __STATIC_RESET() method does not exists in class org.springframework.context.annotation.ScopedProxyMode
05:24:45.644 [main] DEBUG org.evosuite.runtime.classhandling.ClassResetter - __STATIC_RESET() method does not exists in class com.iwamih31.OptionData
05:24:45.644 [main] DEBUG org.evosuite.runtime.classhandling.ClassResetter - __STATIC_RESET() method does not exists in class org.springframework.context.annotation.ScopedProxyMode
05:24:45.647 [main] DEBUG org.evosuite.runtime.classhandling.ClassResetter - __STATIC_RESET() method does not exists in class com.iwamih31.OptionData
05:24:45.647 [main] DEBUG org.evosuite.runtime.classhandling.ClassResetter - __STATIC_RESET() method does not exists in class org.springframework.context.annotation.ScopedProxyMode
[ERROR] Tests run: 39, Failures: 0, Errors: 1, Skipped: 0, Time elapsed: 4.633 s <<< FAILURE! - in com.iwamih31.OptionData_ESTest
[ERROR] test30  Time elapsed: 4.418 s  <<< ERROR!
org.junit.runners.model.TestTimedOutException: test timed out after 4000 milliseconds
	at app//com.iwamih31.OptionData_ESTest.test30(OptionData_ESTest.java:291)

[INFO] Running com.iwamih31.Cash_getDate_1354018661
[INFO] Tests run: 1, Failures: 0, Errors: 0, Skipped: 0, Time elapsed: 0 s - in com.iwamih31.Cash_getDate_1354018661
[INFO] Running com.iwamih31.Office_init_116234895922
[INFO] Tests run: 1, Failures: 0, Errors: 0, Skipped: 0, Time elapsed: 0 s - in com.iwamih31.Office_init_116234895922
[INFO] Running com.iwamih31.LabelSet_set_1987325823
[INFO] Tests run: 1, Failures: 0, Errors: 0, Skipped: 0, Time elapsed: 0 s - in com.iwamih31.LabelSet_set_1987325823
[INFO] Running com.iwamih31.Cash_setSen5_135704274342
[INFO] Tests run: 1, Failures: 0, Errors: 0, Skipped: 0, Time elapsed: 0 s - in com.iwamih31.Cash_setSen5_135704274342
[INFO] Running com.iwamih31.WorkSheet_rowFormat_40630623115
[INFO] Tests run: 1, Failures: 0, Errors: 0, Skipped: 0, Time elapsed: 0 s - in com.iwamih31.WorkSheet_rowFormat_40630623115
[INFO] Running com.iwamih31.YearWorkSheet_getSheetName_49988723416
[INFO] Tests run: 1, Failures: 0, Errors: 0, Skipped: 0, Time elapsed: 0.001 s - in com.iwamih31.YearWorkSheet_getSheetName_49988723416
[INFO] Running com.iwamih31.OptionData_years_77465601424
[ERROR] Tests run: 1, Failures: 0, Errors: 1, Skipped: 0, Time elapsed: 0.001 s <<< FAILURE! - in com.iwamih31.OptionData_years_77465601424
[ERROR] test  Time elapsed: 0.001 s  <<< ERROR!
java.lang.NullPointerException
	at com.iwamih31.OptionData_years_77465601424.test(OptionData_years_77465601424.java:53)

[INFO] Running com.iwamih31.WorkSheet_getValueData_88054411010
[INFO] Tests run: 1, Failures: 0, Errors: 0, Skipped: 0, Time elapsed: 0 s - in com.iwamih31.WorkSheet_getValueData_88054411010
[INFO] Running com.iwamih31.LabelSet_ESTest
05:24:45.667 [main] DEBUG org.evosuite.runtime.sandbox.MSecurityManager - Adding privileged thread: "Reference Handler"
05:24:45.667 [main] DEBUG org.evosuite.runtime.sandbox.MSecurityManager - Adding privileged thread: "Finalizer"
05:24:45.667 [main] DEBUG org.evosuite.runtime.sandbox.MSecurityManager - Adding privileged thread: "Signal Dispatcher"
05:24:45.667 [main] DEBUG org.evosuite.runtime.sandbox.MSecurityManager - Adding privileged thread: "process reaper"
05:24:45.667 [main] DEBUG org.evosuite.runtime.sandbox.MSecurityManager - Adding privileged thread: "Attach Listener"
05:24:45.667 [main] DEBUG org.evosuite.runtime.sandbox.MSecurityManager - Adding privileged thread: "Java2D Disposer"
05:24:45.667 [main] DEBUG org.evosuite.runtime.sandbox.MSecurityManager - Adding privileged thread: "main"
05:24:45.667 [main] DEBUG org.evosuite.runtime.sandbox.MSecurityManager - Adding privileged thread: "surefire-forkedjvm-command-thread"
05:24:45.667 [main] DEBUG org.evosuite.runtime.sandbox.MSecurityManager - Adding privileged thread: "surefire-forkedjvm-ping-30s"
05:24:45.667 [main] DEBUG org.evosuite.runtime.sandbox.MSecurityManager - Adding privileged thread: "Time-limited test"
05:24:45.667 [main] DEBUG org.evosuite.runtime.sandbox.MSecurityManager - Adding privileged thread: "Time-limited test"
05:24:45.667 [main] DEBUG org.evosuite.runtime.sandbox.MSecurityManager - Adding privileged thread: "Common-Cleaner"
05:24:45.668 [main] ERROR org.evosuite.runtime.classhandling.ClassStateSupport - Class com.iwamih31.Set was not instrumented by EvoSuite. This could happen if you are running JUnit tests in a way that is not handled by EvoSuite, in which some classes are loaded be reflection before the tests are run. Consult the EvoSuite documentation for possible workarounds for this issue.
05:24:45.668 [main] ERROR org.evosuite.runtime.classhandling.ClassStateSupport - Class com.iwamih31.LabelSet was not instrumented by EvoSuite. This could happen if you are running JUnit tests in a way that is not handled by EvoSuite, in which some classes are loaded be reflection before the tests are run. Consult the EvoSuite documentation for possible workarounds for this issue.
05:24:45.669 [main] DEBUG org.evosuite.runtime.classhandling.ClassResetter - __STATIC_RESET() method does not exists in class com.iwamih31.Set
05:24:45.669 [main] DEBUG org.evosuite.runtime.classhandling.ClassResetter - __STATIC_RESET() method does not exists in class com.iwamih31.LabelSet
05:24:45.671 [main] DEBUG org.evosuite.runtime.classhandling.ClassResetter - __STATIC_RESET() method does not exists in class com.iwamih31.Set
05:24:45.671 [main] DEBUG org.evosuite.runtime.classhandling.ClassResetter - __STATIC_RESET() method does not exists in class com.iwamih31.LabelSet
05:24:45.673 [main] DEBUG org.evosuite.runtime.classhandling.ClassResetter - __STATIC_RESET() method does not exists in class com.iwamih31.Set
05:24:45.673 [main] DEBUG org.evosuite.runtime.classhandling.ClassResetter - __STATIC_RESET() method does not exists in class com.iwamih31.LabelSet
05:24:45.675 [main] DEBUG org.evosuite.runtime.classhandling.ClassResetter - __STATIC_RESET() method does not exists in class com.iwamih31.Set
05:24:45.675 [main] DEBUG org.evosuite.runtime.classhandling.ClassResetter - __STATIC_RESET() method does not exists in class com.iwamih31.LabelSet
[INFO] Tests run: 4, Failures: 0, Errors: 0, Skipped: 0, Time elapsed: 0.008 s - in com.iwamih31.LabelSet_ESTest
[INFO] Running com.iwamih31.Set_getValue_109559407810
[INFO] Tests run: 1, Failures: 0, Errors: 0, Skipped: 0, Time elapsed: 0 s - in com.iwamih31.Set_getValue_109559407810
[INFO] Running com.iwamih31.Cash_equals_36504724822
[INFO] Tests run: 1, Failures: 0, Errors: 0, Skipped: 0, Time elapsed: 0 s - in com.iwamih31.Cash_equals_36504724822
[INFO] Running com.iwamih31.OptionData_arrayAlignment_73211150313
[ERROR] Tests run: 1, Failures: 0, Errors: 1, Skipped: 0, Time elapsed: 10.237 s <<< FAILURE! - in com.iwamih31.OptionData_arrayAlignment_73211150313
[ERROR] test  Time elapsed: 10.237 s  <<< ERROR!
org.junit.runners.model.TestTimedOutException: test timed out after 10 seconds
	at app//com.iwamih31.OptionData_arrayAlignment_73211150313.test(OptionData_arrayAlignment_73211150313.java:64)

[INFO] Running com.iwamih31.Cash_getMan1_2790947592
[INFO] Tests run: 1, Failures: 0, Errors: 0, Skipped: 0, Time elapsed: 0 s - in com.iwamih31.Cash_getMan1_2790947592
[INFO] Running com.iwamih31.Cash_getSen1_1036257694
[INFO] Tests run: 1, Failures: 0, Errors: 0, Skipped: 0, Time elapsed: 0 s - in com.iwamih31.Cash_getSen1_1036257694
[INFO] Running com.iwamih31.Office_setItemvalue_10316967835
[INFO] Tests run: 1, Failures: 0, Errors: 0, Skipped: 0, Time elapsed: 0 s - in com.iwamih31.Office_setItemvalue_10316967835
[INFO] Running com.iwamih31.YearWorkSheet_setColumnWidth_141237822719
[INFO] Tests run: 1, Failures: 0, Errors: 0, Skipped: 0, Time elapsed: 0.001 s - in com.iwamih31.YearWorkSheet_setColumnWidth_141237822719
[INFO] Running com.iwamih31.Office_init_116234895910
[INFO] Tests run: 1, Failures: 0, Errors: 0, Skipped: 0, Time elapsed: 0.001 s - in com.iwamih31.Office_init_116234895910
[INFO] Running com.iwamih31.LogAspct_init_11288519201
[INFO] Tests run: 1, Failures: 0, Errors: 0, Skipped: 0, Time elapsed: 0.002 s - in com.iwamih31.LogAspct_init_11288519201
[INFO] Running com.iwamih31.Action_equals_124081211512
[INFO] Tests run: 1, Failures: 0, Errors: 0, Skipped: 0, Time elapsed: 0.001 s - in com.iwamih31.Action_equals_124081211512
[INFO] Running com.iwamih31.State_setDate_195639239017
[INFO] Tests run: 1, Failures: 0, Errors: 0, Skipped: 0, Time elapsed: 0.001 s - in com.iwamih31.State_setDate_195639239017
[INFO] Running com.iwamih31.Action_setDate_25416048125
[INFO] Tests run: 1, Failures: 0, Errors: 0, Skipped: 0, Time elapsed: 0 s - in com.iwamih31.Action_setDate_25416048125
[INFO] Running com.iwamih31.Cash_getId_96908349128
[INFO] Tests run: 1, Failures: 0, Errors: 0, Skipped: 0, Time elapsed: 0 s - in com.iwamih31.Cash_getId_96908349128
[INFO] Running com.iwamih31.OptionData_dates_49410553421
[INFO] Tests run: 1, Failures: 0, Errors: 0, Skipped: 0, Time elapsed: 0.001 s - in com.iwamih31.OptionData_dates_49410553421
[INFO] Running com.iwamih31.OptionData_month_7008056379
[INFO] Tests run: 1, Failures: 0, Errors: 0, Skipped: 0, Time elapsed: 0.015 s - in com.iwamih31.OptionData_month_7008056379
[INFO] Running com.iwamih31.Cash_setId_5222234739
[INFO] Tests run: 1, Failures: 0, Errors: 0, Skipped: 0, Time elapsed: 0 s - in com.iwamih31.Cash_setId_5222234739
[INFO] Running com.iwamih31.Office_setItemvalue_103169678317
[INFO] Tests run: 1, Failures: 0, Errors: 0, Skipped: 0, Time elapsed: 1.905 s - in com.iwamih31.Office_setItemvalue_103169678317
[INFO] Running com.iwamih31.OptionData_subjects_17839079702
[INFO] Tests run: 1, Failures: 0, Errors: 0, Skipped: 0, Time elapsed: 0 s - in com.iwamih31.OptionData_subjects_17839079702
[INFO] Running com.iwamih31.State_equals_84360231018
[INFO] Tests run: 1, Failures: 0, Errors: 0, Skipped: 0, Time elapsed: 0 s - in com.iwamih31.State_equals_84360231018
[INFO] Running com.iwamih31.OptionData_thisYear_20034965646
[INFO] Tests run: 1, Failures: 0, Errors: 0, Skipped: 0, Time elapsed: 0 s - in com.iwamih31.OptionData_thisYear_20034965646
[INFO] Running com.iwamih31.WorkSheet_fonts_10689976612
[INFO] Tests run: 1, Failures: 0, Errors: 0, Skipped: 0, Time elapsed: 0 s - in com.iwamih31.WorkSheet_fonts_10689976612
[INFO] Running com.iwamih31.DailyWorkSheet_getSheetName_4330630346
[INFO] Tests run: 1, Failures: 0, Errors: 0, Skipped: 0, Time elapsed: 0.002 s - in com.iwamih31.DailyWorkSheet_getSheetName_4330630346
[INFO] Running com.iwamih31.Set_getNameSet_211716641312
[ERROR] Tests run: 1, Failures: 0, Errors: 1, Skipped: 0, Time elapsed: 0.001 s <<< FAILURE! - in com.iwamih31.Set_getNameSet_211716641312
[ERROR] test  Time elapsed: 0.001 s  <<< ERROR!
java.lang.NullPointerException
	at com.iwamih31.Set_getNameSet_211716641312.test(Set_getNameSet_211716641312.java:46)

[INFO] Running com.iwamih31.WorkSheet_setValueData_56917701823
[INFO] Tests run: 1, Failures: 0, Errors: 0, Skipped: 0, Time elapsed: 0.001 s - in com.iwamih31.WorkSheet_setValueData_56917701823
[INFO] Running com.iwamih31.YearWorkSheet_setSheetName_19496083627
[INFO] Tests run: 1, Failures: 0, Errors: 0, Skipped: 0, Time elapsed: 0.002 s - in com.iwamih31.YearWorkSheet_setSheetName_19496083627
[INFO] Running com.iwamih31.Cash_setEn1_54111665221
[INFO] Tests run: 1, Failures: 0, Errors: 0, Skipped: 0, Time elapsed: 0.001 s - in com.iwamih31.Cash_setEn1_54111665221
[INFO] Running com.iwamih31.Cash_setHyaku1_48128792917
[INFO] Tests run: 1, Failures: 0, Errors: 0, Skipped: 0, Time elapsed: 0 s - in com.iwamih31.Cash_setHyaku1_48128792917
[INFO] Running com.iwamih31.State_getDate_6139569282
[INFO] Tests run: 1, Failures: 0, Errors: 0, Skipped: 0, Time elapsed: 0.012 s - in com.iwamih31.State_getDate_6139569282
[INFO] Running com.iwamih31.Action_setSubject_2427277828
[INFO] Tests run: 1, Failures: 0, Errors: 0, Skipped: 0, Time elapsed: 0 s - in com.iwamih31.Action_setSubject_2427277828
[INFO] Running com.iwamih31.Action_getApply_56340802821
[INFO] Tests run: 1, Failures: 0, Errors: 0, Skipped: 0, Time elapsed: 1.828 s - in com.iwamih31.Action_getApply_56340802821
[INFO] Running com.iwamih31.Action_getSpending_15366828515
[INFO] Tests run: 1, Failures: 0, Errors: 0, Skipped: 0, Time elapsed: 0 s - in com.iwamih31.Action_getSpending_15366828515
[INFO] Running com.iwamih31.Excel_ESTest
05:24:59.768 [main] WARN org.evosuite.runtime.sandbox.Sandbox - Sandbox can be initalized only once
05:24:59.777 [main] DEBUG org.evosuite.runtime.agent.TransformerForTests - Going to instrument: org.apache.poi.common.usermodel.GenericRecord
05:24:59.781 [main] DEBUG org.evosuite.runtime.agent.TransformerForTests - Going to instrument: org.apache.poi.ss.formula.eval.BlankEval
05:24:59.781 [main] INFO org.evosuite.runtime.instrumentation.MethodCallReplacementClassAdapter - Adding mock interface to class org/apache/poi/ss/formula/eval/BlankEval
05:24:59.782 [main] INFO org.evosuite.runtime.instrumentation.CreateClassResetClassAdapter - Found static initializer in class org/apache/poi/ss/formula/eval/BlankEval
05:24:59.783 [main] DEBUG org.evosuite.runtime.agent.TransformerForTests - Going to instrument: org.apache.poi.ss.formula.eval.ValueEval
05:24:59.785 [main] DEBUG org.evosuite.runtime.agent.TransformerForTests - Going to instrument: org.apache.poi.openxml4j.opc.ZipPackage$EntryTriple
05:24:59.786 [main] INFO org.evosuite.runtime.instrumentation.MethodCallReplacementClassAdapter - Adding mock interface to class org/apache/poi/openxml4j/opc/ZipPackage$EntryTriple
05:24:59.787 [main] INFO org.evosuite.runtime.instrumentation.CreateClassResetClassAdapter - Creating brand-new static initializer in class org/apache/poi/openxml4j/opc/ZipPackage$EntryTriple
05:24:59.789 [main] DEBUG org.evosuite.runtime.agent.TransformerForTests - Going to instrument: org.apache.poi.openxml4j.exceptions.InvalidOperationException
05:24:59.789 [main] INFO org.evosuite.runtime.instrumentation.MethodCallReplacementClassAdapter - Adding mock interface to class org/apache/poi/openxml4j/exceptions/InvalidOperationException
05:24:59.789 [main] INFO org.evosuite.runtime.instrumentation.CreateClassResetClassAdapter - Creating brand-new static initializer in class org/apache/poi/openxml4j/exceptions/InvalidOperationException
05:24:59.791 [main] DEBUG org.evosuite.runtime.agent.TransformerForTests - Going to instrument: org.apache.poi.openxml4j.exceptions.OpenXML4JRuntimeException
05:24:59.791 [main] INFO org.evosuite.runtime.instrumentation.MethodCallReplacementClassAdapter - Adding mock interface to class org/apache/poi/openxml4j/exceptions/OpenXML4JRuntimeException
05:24:59.791 [main] INFO org.evosuite.runtime.instrumentation.CreateClassResetClassAdapter - Creating brand-new static initializer in class org/apache/poi/openxml4j/exceptions/OpenXML4JRuntimeException
05:24:59.806 [main] DEBUG org.evosuite.runtime.agent.TransformerForTests - Going to instrument: org.apache.poi.openxml4j.exceptions.InvalidFormatException
05:24:59.806 [main] INFO org.evosuite.runtime.instrumentation.MethodCallReplacementClassAdapter - Adding mock interface to class org/apache/poi/openxml4j/exceptions/InvalidFormatException
05:24:59.807 [main] INFO org.evosuite.runtime.instrumentation.CreateClassResetClassAdapter - Creating brand-new static initializer in class org/apache/poi/openxml4j/exceptions/InvalidFormatException
05:24:59.808 [main] DEBUG org.evosuite.runtime.agent.TransformerForTests - Going to instrument: org.apache.poi.openxml4j.exceptions.OpenXML4JException
05:24:59.808 [main] INFO org.evosuite.runtime.instrumentation.MethodCallReplacementClassAdapter - Adding mock interface to class org/apache/poi/openxml4j/exceptions/OpenXML4JException
05:24:59.809 [main] INFO org.evosuite.runtime.instrumentation.CreateClassResetClassAdapter - Creating brand-new static initializer in class org/apache/poi/openxml4j/exceptions/OpenXML4JException
05:25:01.919 [main] DEBUG org.evosuite.runtime.agent.TransformerForTests - Going to instrument: org.apache.poi.openxml4j.opc.OPCPackage
05:25:01.920 [main] INFO org.evosuite.runtime.instrumentation.MethodCallReplacementClassAdapter - Adding mock interface to class org/apache/poi/openxml4j/opc/OPCPackage
05:25:01.932 [main] INFO org.evosuite.runtime.instrumentation.CreateClassResetClassAdapter - Found static initializer in class org/apache/poi/openxml4j/opc/OPCPackage
05:25:01.936 [main] DEBUG org.evosuite.runtime.agent.TransformerForTests - Going to instrument: org.apache.poi.openxml4j.opc.RelationshipSource
05:25:01.939 [main] DEBUG org.evosuite.runtime.agent.TransformerForTests - Going to instrument: org.apache.poi.openxml4j.opc.ZipPackage
05:25:01.939 [main] INFO org.evosuite.runtime.instrumentation.MethodCallReplacementClassAdapter - Adding mock interface to class org/apache/poi/openxml4j/opc/ZipPackage
05:25:04.085 [main] INFO org.evosuite.runtime.instrumentation.CreateClassResetClassAdapter - Found static initializer in class org/apache/poi/openxml4j/opc/ZipPackage
05:25:04.090 [main] DEBUG org.evosuite.runtime.agent.TransformerForTests - Going to instrument: org.apache.poi.openxml4j.opc.PackagePart
05:25:04.090 [main] INFO org.evosuite.runtime.instrumentation.MethodCallReplacementClassAdapter - Adding mock interface to class org/apache/poi/openxml4j/opc/PackagePart
05:25:04.094 [main] INFO org.evosuite.runtime.instrumentation.CreateClassResetClassAdapter - Creating brand-new static initializer in class org/apache/poi/openxml4j/opc/PackagePart
05:25:04.096 [main] DEBUG org.evosuite.runtime.agent.TransformerForTests - Going to instrument: org.apache.poi.openxml4j.opc.ZipPackagePart
05:25:04.097 [main] INFO org.evosuite.runtime.instrumentation.MethodCallReplacementClassAdapter - Adding mock interface to class org/apache/poi/openxml4j/opc/ZipPackagePart
05:25:04.098 [main] INFO org.evosuite.runtime.instrumentation.CreateClassResetClassAdapter - Creating brand-new static initializer in class org/apache/poi/openxml4j/opc/ZipPackagePart
05:25:04.102 [main] DEBUG org.evosuite.runtime.agent.TransformerForTests - Going to instrument: org.apache.poi.xssf.streaming.SXSSFSheet
05:25:04.103 [main] INFO org.evosuite.runtime.instrumentation.MethodCallReplacementClassAdapter - Adding mock interface to class org/apache/poi/xssf/streaming/SXSSFSheet
05:25:05.878 [main] INFO org.evosuite.runtime.instrumentation.CreateClassResetClassAdapter - Found static initializer in class org/apache/poi/xssf/streaming/SXSSFSheet
05:25:05.884 [main] DEBUG org.evosuite.runtime.agent.TransformerForTests - Going to instrument: org.apache.poi.ss.usermodel.Sheet
05:25:05.889 [main] DEBUG org.evosuite.runtime.agent.TransformerForTests - Going to instrument: org.apache.poi.xssf.usermodel.OoxmlSheetExtensions
05:25:05.892 [main] DEBUG org.evosuite.runtime.agent.TransformerForTests - Going to instrument: org.apache.poi.ss.usermodel.PrintSetup
05:25:07.670 [main] DEBUG org.evosuite.runtime.agent.TransformerForTests - Going to instrument: org.apache.poi.ss.usermodel.Row
05:25:07.673 [main] DEBUG org.evosuite.runtime.agent.TransformerForTests - Going to instrument: org.apache.poi.ss.usermodel.Comment
05:25:07.676 [main] DEBUG org.evosuite.runtime.agent.TransformerForTests - Going to instrument: org.apache.poi.ss.usermodel.Hyperlink
05:25:07.678 [main] DEBUG org.evosuite.runtime.agent.TransformerForTests - Going to instrument: org.apache.poi.common.usermodel.Hyperlink
05:25:07.680 [main] DEBUG org.evosuite.runtime.agent.TransformerForTests - Going to instrument: org.apache.poi.ss.usermodel.Drawing
05:25:07.681 [main] DEBUG org.evosuite.runtime.agent.TransformerForTests - Going to instrument: org.apache.poi.ss.usermodel.ShapeContainer
05:25:07.683 [main] DEBUG org.evosuite.runtime.agent.TransformerForTests - Going to instrument: org.apache.poi.ss.usermodel.AutoFilter
05:25:07.684 [main] DEBUG org.evosuite.runtime.agent.TransformerForTests - Going to instrument: org.apache.poi.ss.usermodel.SheetConditionalFormatting
05:25:07.689 [main] DEBUG org.evosuite.runtime.agent.TransformerForTests - Going to instrument: org.apache.logging.log4j.LogManager
05:25:07.689 [main] INFO org.evosuite.runtime.instrumentation.MethodCallReplacementClassAdapter - Adding mock interface to class org/apache/logging/log4j/LogManager
05:25:07.705 [main] INFO org.evosuite.runtime.instrumentation.CreateClassResetClassAdapter - Found static initializer in class org/apache/logging/log4j/LogManager
05:25:09.345 [main] DEBUG org.evosuite.runtime.agent.TransformerForTests - Going to instrument: org.apache.logging.log4j.spi.LoggerContextFactory
05:25:09.348 [main] DEBUG org.evosuite.runtime.agent.TransformerForTests - Going to instrument: org.apache.logging.log4j.message.MessageFactory
05:25:09.350 [main] DEBUG org.evosuite.runtime.agent.TransformerForTests - Going to instrument: org.apache.logging.log4j.status.StatusLogger
05:25:09.350 [main] INFO org.evosuite.runtime.instrumentation.MethodCallReplacementClassAdapter - Adding mock interface to class org/apache/logging/log4j/status/StatusLogger
05:25:09.352 [main] INFO org.evosuite.runtime.instrumentation.CreateClassResetClassAdapter - Found static initializer in class org/apache/logging/log4j/status/StatusLogger
05:25:09.359 [main] DEBUG org.evosuite.runtime.agent.TransformerForTests - Going to instrument: org.apache.logging.log4j.spi.AbstractLogger
05:25:09.361 [main] INFO org.evosuite.runtime.instrumentation.MethodCallReplacementClassAdapter - Adding mock interface to class org/apache/logging/log4j/spi/AbstractLogger
05:25:11.629 [main] INFO org.evosuite.runtime.instrumentation.CreateClassResetClassAdapter - Found static initializer in class org/apache/logging/log4j/spi/AbstractLogger
05:25:11.634 [main] DEBUG org.evosuite.runtime.agent.TransformerForTests - Going to instrument: org.apache.logging.log4j.spi.LocationAwareLogger
05:25:11.639 [main] DEBUG org.evosuite.runtime.agent.TransformerForTests - Going to instrument: org.apache.logging.log4j.spi.AbstractLogger$LocalLogBuilder
05:25:11.639 [main] INFO org.evosuite.runtime.instrumentation.MethodCallReplacementClassAdapter - Adding mock interface to class org/apache/logging/log4j/spi/AbstractLogger$LocalLogBuilder
05:25:11.651 [main] INFO org.evosuite.runtime.instrumentation.CreateClassResetClassAdapter - Creating brand-new static initializer in class org/apache/logging/log4j/spi/AbstractLogger$LocalLogBuilder
05:25:13.349 [main] DEBUG org.evosuite.runtime.agent.TransformerForTests - Going to instrument: org.apache.logging.log4j.message.Message
05:25:13.353 [main] DEBUG org.evosuite.runtime.agent.TransformerForTests - Going to instrument: org.apache.logging.log4j.LogBuilder
05:25:13.356 [main] DEBUG org.evosuite.runtime.agent.TransformerForTests - Going to instrument: org.apache.logging.log4j.LoggingException
05:25:13.356 [main] INFO org.evosuite.runtime.instrumentation.MethodCallReplacementClassAdapter - Adding mock interface to class org/apache/logging/log4j/LoggingException
05:25:13.357 [main] INFO org.evosuite.runtime.instrumentation.CreateClassResetClassAdapter - Creating brand-new static initializer in class org/apache/logging/log4j/LoggingException
05:25:13.360 [main] DEBUG org.evosuite.runtime.agent.TransformerForTests - Going to instrument: org.apache.logging.log4j.message.MessageFactory2
05:25:13.363 [main] DEBUG org.evosuite.runtime.agent.TransformerForTests - Going to instrument: org.apache.logging.log4j.MarkerManager
05:25:13.364 [main] INFO org.evosuite.runtime.instrumentation.MethodCallReplacementClassAdapter - Adding mock interface to class org/apache/logging/log4j/MarkerManager
05:25:13.380 [main] INFO org.evosuite.runtime.instrumentation.CreateClassResetClassAdapter - Found static initializer in class org/apache/logging/log4j/MarkerManager
05:25:14.879 [main] DEBUG org.evosuite.runtime.agent.TransformerForTests - Going to instrument: org.apache.logging.log4j.MarkerManager$Log4jMarker
05:25:14.880 [main] INFO org.evosuite.runtime.instrumentation.MethodCallReplacementClassAdapter - Adding mock interface to class org/apache/logging/log4j/MarkerManager$Log4jMarker
05:25:14.881 [main] INFO org.evosuite.runtime.instrumentation.CreateClassResetClassAdapter - Creating brand-new static initializer in class org/apache/logging/log4j/MarkerManager$Log4jMarker
05:25:14.882 [main] DEBUG org.evosuite.runtime.agent.TransformerForTests - Going to instrument: org.apache.logging.log4j.Marker
05:25:14.884 [main] DEBUG org.evosuite.runtime.agent.TransformerForTests - Going to instrument: org.apache.logging.log4j.util.StringBuilderFormattable
05:25:14.887 [main] DEBUG org.evosuite.runtime.agent.TransformerForTests - Going to instrument: org.apache.logging.log4j.message.ReusableMessageFactory
05:25:14.887 [main] INFO org.evosuite.runtime.instrumentation.MethodCallReplacementClassAdapter - Adding mock interface to class org/apache/logging/log4j/message/ReusableMessageFactory
05:25:14.888 [main] INFO org.evosuite.runtime.instrumentation.CreateClassResetClassAdapter - Found static initializer in class org/apache/logging/log4j/message/ReusableMessageFactory
05:25:14.890 [main] DEBUG org.evosuite.runtime.agent.TransformerForTests - Going to instrument: org.apache.logging.log4j.message.ParameterizedMessageFactory
05:25:14.891 [main] INFO org.evosuite.runtime.instrumentation.MethodCallReplacementClassAdapter - Adding mock interface to class org/apache/logging/log4j/message/ParameterizedMessageFactory
05:25:14.891 [main] INFO org.evosuite.runtime.instrumentation.CreateClassResetClassAdapter - Found static initializer in class org/apache/logging/log4j/message/ParameterizedMessageFactory
05:25:14.893 [main] DEBUG org.evosuite.runtime.agent.TransformerForTests - Going to instrument: org.apache.logging.log4j.message.AbstractMessageFactory
05:25:16.351 [main] INFO org.evosuite.runtime.instrumentation.MethodCallReplacementClassAdapter - Adding mock interface to class org/apache/logging/log4j/message/AbstractMessageFactory
05:25:16.352 [main] INFO org.evosuite.runtime.instrumentation.CreateClassResetClassAdapter - Creating brand-new static initializer in class org/apache/logging/log4j/message/AbstractMessageFactory
05:25:16.353 [main] DEBUG org.evosuite.runtime.agent.TransformerForTests - Going to instrument: org.apache.logging.log4j.util.Constants
05:25:16.354 [main] INFO org.evosuite.runtime.instrumentation.MethodCallReplacementClassAdapter - Adding mock interface to class org/apache/logging/log4j/util/Constants
05:25:16.354 [main] INFO org.evosuite.runtime.instrumentation.CreateClassResetClassAdapter - Found static initializer in class org/apache/logging/log4j/util/Constants
05:25:16.357 [main] DEBUG org.evosuite.runtime.agent.TransformerForTests - Going to instrument: org.apache.logging.log4j.util.PropertiesUtil
05:25:16.357 [main] INFO org.evosuite.runtime.instrumentation.MethodCallReplacementClassAdapter - Adding mock interface to class org/apache/logging/log4j/util/PropertiesUtil
05:25:16.360 [main] INFO org.evosuite.runtime.instrumentation.CreateClassResetClassAdapter - Found static initializer in class org/apache/logging/log4j/util/PropertiesUtil
05:25:16.362 [main] DEBUG org.evosuite.runtime.agent.TransformerForTests - Going to instrument: org.apache.logging.log4j.util.PropertySource
05:25:16.366 [main] DEBUG org.evosuite.runtime.agent.TransformerForTests - Going to instrument: org.apache.logging.log4j.util.PropertiesUtil$Environment
05:25:16.377 [main] INFO org.evosuite.runtime.instrumentation.MethodCallReplacementClassAdapter - Adding mock interface to class org/apache/logging/log4j/util/PropertiesUtil$Environment
05:25:17.986 [main] INFO org.evosuite.runtime.instrumentation.CreateClassResetClassAdapter - Creating brand-new static initializer in class org/apache/logging/log4j/util/PropertiesUtil$Environment
05:25:17.989 [main] DEBUG org.evosuite.runtime.agent.TransformerForTests - Going to instrument: org.apache.logging.log4j.util.PropertyFilePropertySource
05:25:17.989 [main] INFO org.evosuite.runtime.instrumentation.MethodCallReplacementClassAdapter - Adding mock interface to class org/apache/logging/log4j/util/PropertyFilePropertySource
05:25:17.993 [main] INFO org.evosuite.runtime.instrumentation.CreateClassResetClassAdapter - Creating brand-new static initializer in class org/apache/logging/log4j/util/PropertyFilePropertySource
05:25:17.996 [main] DEBUG org.evosuite.runtime.agent.TransformerForTests - Going to instrument: org.apache.logging.log4j.util.PropertiesPropertySource
05:25:17.996 [main] INFO org.evosuite.runtime.instrumentation.MethodCallReplacementClassAdapter - Adding mock interface to class org/apache/logging/log4j/util/PropertiesPropertySource
05:25:17.997 [main] INFO org.evosuite.runtime.instrumentation.CreateClassResetClassAdapter - Creating brand-new static initializer in class org/apache/logging/log4j/util/PropertiesPropertySource
05:25:17.997 [main] INFO org.evosuite.runtime.instrumentation.CreateClassResetClassAdapter - Adding bytecode for initializing field PREFIX
05:25:17.999 [main] DEBUG org.evosuite.runtime.agent.TransformerForTests - Going to instrument: org.apache.logging.log4j.util.LoaderUtil
05:25:17.999 [main] INFO org.evosuite.runtime.instrumentation.MethodCallReplacementClassAdapter - Adding mock interface to class org/apache/logging/log4j/util/LoaderUtil
05:25:18.000 [main] INFO org.evosuite.runtime.instrumentation.CreateClassResetClassAdapter - Found static initializer in class org/apache/logging/log4j/util/LoaderUtil
05:25:18.024 [main] DEBUG org.evosuite.runtime.agent.TransformerForTests - Going to instrument: org.apache.logging.log4j.util.LoaderUtil$ThreadContextClassLoaderGetter
05:25:18.024 [main] INFO org.evosuite.runtime.instrumentation.MethodCallReplacementClassAdapter - Adding mock interface to class org/apache/logging/log4j/util/LoaderUtil$ThreadContextClassLoaderGetter
05:25:18.025 [main] INFO org.evosuite.runtime.instrumentation.CreateClassResetClassAdapter - Creating brand-new static initializer in class org/apache/logging/log4j/util/LoaderUtil$ThreadContextClassLoaderGetter
05:25:19.664 [main] DEBUG org.evosuite.runtime.agent.TransformerForTests - Going to instrument: org.apache.logging.log4j.util.PropertySource$Comparator
05:25:19.664 [main] INFO org.evosuite.runtime.instrumentation.MethodCallReplacementClassAdapter - Adding mock interface to class org/apache/logging/log4j/util/PropertySource$Comparator
05:25:19.665 [main] INFO org.evosuite.runtime.instrumentation.CreateClassResetClassAdapter - Creating brand-new static initializer in class org/apache/logging/log4j/util/PropertySource$Comparator
05:25:19.668 [main] DEBUG org.evosuite.runtime.agent.TransformerForTests - Going to instrument: org.apache.logging.log4j.util.BiConsumer
05:25:19.676 [main] DEBUG org.evosuite.runtime.agent.TransformerForTests - Going to instrument: org.springframework.boot.logging.log4j2.SpringBootPropertySource
05:25:19.676 [main] INFO org.evosuite.runtime.instrumentation.MethodCallReplacementClassAdapter - Adding mock interface to class org/springframework/boot/logging/log4j2/SpringBootPropertySource
05:25:21.673 [main] INFO org.evosuite.runtime.instrumentation.CreateClassResetClassAdapter - Creating brand-new static initializer in class org/springframework/boot/logging/log4j2/SpringBootPropertySource
05:25:21.673 [main] INFO org.evosuite.runtime.instrumentation.CreateClassResetClassAdapter - Adding bytecode for initializing field PREFIX
05:25:21.677 [main] DEBUG org.evosuite.runtime.agent.TransformerForTests - Going to instrument: org.apache.logging.log4j.util.EnvironmentPropertySource
05:25:21.678 [main] INFO org.evosuite.runtime.instrumentation.MethodCallReplacementClassAdapter - Adding mock interface to class org/apache/logging/log4j/util/EnvironmentPropertySource
05:25:21.678 [main] INFO org.evosuite.runtime.instrumentation.CreateClassResetClassAdapter - Creating brand-new static initializer in class org/apache/logging/log4j/util/EnvironmentPropertySource
05:25:21.679 [main] INFO org.evosuite.runtime.instrumentation.CreateClassResetClassAdapter - Adding bytecode for initializing field PREFIX
05:25:21.679 [main] INFO org.evosuite.runtime.instrumentation.CreateClassResetClassAdapter - Adding bytecode for initializing field DEFAULT_PRIORITY
05:25:21.680 [main] DEBUG org.evosuite.runtime.agent.TransformerForTests - Going to instrument: org.apache.logging.log4j.util.SystemPropertiesPropertySource
05:25:21.681 [main] INFO org.evosuite.runtime.instrumentation.MethodCallReplacementClassAdapter - Adding mock interface to class org/apache/logging/log4j/util/SystemPropertiesPropertySource
05:25:21.682 [main] INFO org.evosuite.runtime.instrumentation.CreateClassResetClassAdapter - Creating brand-new static initializer in class org/apache/logging/log4j/util/SystemPropertiesPropertySource
05:25:21.682 [main] INFO org.evosuite.runtime.instrumentation.CreateClassResetClassAdapter - Adding bytecode for initializing field DEFAULT_PRIORITY
05:25:21.682 [main] INFO org.evosuite.runtime.instrumentation.CreateClassResetClassAdapter - Adding bytecode for initializing field PREFIX
05:25:21.685 [main] DEBUG org.evosuite.runtime.agent.TransformerForTests - Going to instrument: org.apache.logging.log4j.util.PropertySource$Util
05:25:21.685 [main] INFO org.evosuite.runtime.instrumentation.MethodCallReplacementClassAdapter - Adding mock interface to class org/apache/logging/log4j/util/PropertySource$Util
05:25:21.686 [main] INFO org.evosuite.runtime.instrumentation.CreateClassResetClassAdapter - Found static initializer in class org/apache/logging/log4j/util/PropertySource$Util
05:25:23.290 [main] DEBUG org.evosuite.runtime.agent.TransformerForTests - Going to instrument: org.apache.logging.log4j.message.DefaultFlowMessageFactory
05:25:23.291 [main] INFO org.evosuite.runtime.instrumentation.MethodCallReplacementClassAdapter - Adding mock interface to class org/apache/logging/log4j/message/DefaultFlowMessageFactory
05:25:23.291 [main] INFO org.evosuite.runtime.instrumentation.CreateClassResetClassAdapter - Creating brand-new static initializer in class org/apache/logging/log4j/message/DefaultFlowMessageFactory
05:25:23.291 [main] INFO org.evosuite.runtime.instrumentation.CreateClassResetClassAdapter - Adding bytecode for initializing field EXIT_DEFAULT_PREFIX
05:25:23.291 [main] INFO org.evosuite.runtime.instrumentation.CreateClassResetClassAdapter - Adding bytecode for initializing field ENTRY_DEFAULT_PREFIX
05:25:23.293 [main] DEBUG org.evosuite.runtime.agent.TransformerForTests - Going to instrument: org.apache.logging.log4j.message.FlowMessageFactory
05:25:24.988 [main] DEBUG org.evosuite.runtime.agent.TransformerForTests - Going to instrument: org.apache.logging.log4j.message.ParameterizedNoReferenceMessageFactory
05:25:24.988 [main] INFO org.evosuite.runtime.instrumentation.MethodCallReplacementClassAdapter - Adding mock interface to class org/apache/logging/log4j/message/ParameterizedNoReferenceMessageFactory
05:25:24.988 [main] INFO org.evosuite.runtime.instrumentation.CreateClassResetClassAdapter - Found static initializer in class org/apache/logging/log4j/message/ParameterizedNoReferenceMessageFactory
05:25:24.990 [main] DEBUG org.evosuite.runtime.agent.TransformerForTests - Going to instrument: org.apache.logging.log4j.message.EntryMessage
05:25:24.991 [main] DEBUG org.evosuite.runtime.agent.TransformerForTests - Going to instrument: org.apache.logging.log4j.message.FlowMessage
05:25:24.993 [main] DEBUG org.evosuite.runtime.agent.TransformerForTests - Going to instrument: org.apache.logging.log4j.message.ExitMessage
05:25:24.994 [main] DEBUG org.evosuite.runtime.agent.TransformerForTests - Going to instrument: org.apache.logging.log4j.status.StatusLogger$BoundedQueue
05:25:24.995 [main] INFO org.evosuite.runtime.instrumentation.MethodCallReplacementClassAdapter - Adding mock interface to class org/apache/logging/log4j/status/StatusLogger$BoundedQueue
05:25:24.995 [main] INFO org.evosuite.runtime.instrumentation.CreateClassResetClassAdapter - Creating brand-new static initializer in class org/apache/logging/log4j/status/StatusLogger$BoundedQueue
05:25:25.007 [main] DEBUG org.evosuite.runtime.agent.TransformerForTests - Going to instrument: org.apache.logging.log4j.util.Strings
05:25:25.007 [main] INFO org.evosuite.runtime.instrumentation.MethodCallReplacementClassAdapter - Adding mock interface to class org/apache/logging/log4j/util/Strings
05:25:26.682 [main] INFO org.evosuite.runtime.instrumentation.CreateClassResetClassAdapter - Found static initializer in class org/apache/logging/log4j/util/Strings
05:25:26.686 [main] DEBUG org.evosuite.runtime.agent.TransformerForTests - Going to instrument: org.apache.logging.log4j.Level
05:25:26.686 [main] INFO org.evosuite.runtime.instrumentation.MethodCallReplacementClassAdapter - Adding mock interface to class org/apache/logging/log4j/Level
05:25:26.691 [main] INFO org.evosuite.runtime.instrumentation.CreateClassResetClassAdapter - Found static initializer in class org/apache/logging/log4j/Level
05:25:28.133 [main] DEBUG org.evosuite.runtime.agent.TransformerForTests - Going to instrument: org.apache.logging.log4j.spi.StandardLevel
05:25:28.133 [main] INFO org.evosuite.runtime.instrumentation.MethodCallReplacementClassAdapter - Adding mock interface to class org/apache/logging/log4j/spi/StandardLevel
05:25:28.134 [main] INFO org.evosuite.runtime.instrumentation.CreateClassResetClassAdapter - Found static initializer in class org/apache/logging/log4j/spi/StandardLevel
05:25:28.136 [main] DEBUG org.evosuite.runtime.agent.TransformerForTests - Going to instrument: org.apache.logging.log4j.simple.SimpleLogger
05:25:28.136 [main] INFO org.evosuite.runtime.instrumentation.MethodCallReplacementClassAdapter - Adding mock interface to class org/apache/logging/log4j/simple/SimpleLogger
05:25:28.141 [main] INFO org.evosuite.runtime.instrumentation.CreateClassResetClassAdapter - Creating brand-new static initializer in class org/apache/logging/log4j/simple/SimpleLogger
05:25:28.141 [main] INFO org.evosuite.runtime.instrumentation.CreateClassResetClassAdapter - Adding bytecode for initializing field SPACE
05:25:29.658 [main] DEBUG org.evosuite.runtime.agent.TransformerForTests - Going to instrument: org.apache.logging.log4j.util.ProviderUtil
05:25:29.658 [main] INFO org.evosuite.runtime.instrumentation.MethodCallReplacementClassAdapter - Adding mock interface to class org/apache/logging/log4j/util/ProviderUtil
05:25:29.660 [main] INFO org.evosuite.runtime.instrumentation.CreateClassResetClassAdapter - Found static initializer in class org/apache/logging/log4j/util/ProviderUtil
05:25:29.675 [main] DEBUG org.evosuite.runtime.agent.TransformerForTests - Going to instrument: org.apache.logging.slf4j.SLF4JLoggerContextFactory
05:25:31.367 [main] INFO org.evosuite.runtime.instrumentation.MethodCallReplacementClassAdapter - Adding mock interface to class org/apache/logging/slf4j/SLF4JLoggerContextFactory
05:25:31.368 [main] INFO org.evosuite.runtime.instrumentation.CreateClassResetClassAdapter - Found static initializer in class org/apache/logging/slf4j/SLF4JLoggerContextFactory
05:25:31.370 [main] DEBUG org.evosuite.runtime.agent.TransformerForTests - Going to instrument: org.apache.logging.slf4j.MDCContextMap
05:25:31.370 [main] INFO org.evosuite.runtime.instrumentation.MethodCallReplacementClassAdapter - Adding mock interface to class org/apache/logging/slf4j/MDCContextMap
05:25:31.371 [main] INFO org.evosuite.runtime.instrumentation.CreateClassResetClassAdapter - Found static initializer in class org/apache/logging/slf4j/MDCContextMap
05:25:31.372 [main] DEBUG org.evosuite.runtime.agent.TransformerForTests - Going to instrument: org.apache.logging.log4j.spi.CleanableThreadContextMap
05:25:31.374 [main] DEBUG org.evosuite.runtime.agent.TransformerForTests - Going to instrument: org.apache.logging.log4j.spi.ThreadContextMap2
05:25:31.375 [main] DEBUG org.evosuite.runtime.agent.TransformerForTests - Going to instrument: org.apache.logging.log4j.spi.ThreadContextMap
05:25:33.161 [main] DEBUG org.evosuite.runtime.agent.TransformerForTests - Going to instrument: org.apache.logging.log4j.spi.LoggerContext
05:25:33.164 [main] DEBUG org.evosuite.runtime.agent.TransformerForTests - Going to instrument: org.apache.logging.slf4j.SLF4JLoggerContext
05:25:33.165 [main] INFO org.evosuite.runtime.instrumentation.MethodCallReplacementClassAdapter - Adding mock interface to class org/apache/logging/slf4j/SLF4JLoggerContext
05:25:33.165 [main] INFO org.evosuite.runtime.instrumentation.CreateClassResetClassAdapter - Creating brand-new static initializer in class org/apache/logging/slf4j/SLF4JLoggerContext
05:25:33.176 [main] DEBUG org.evosuite.runtime.agent.TransformerForTests - Going to instrument: org.apache.logging.log4j.spi.LoggerRegistry
05:25:35.029 [main] INFO org.evosuite.runtime.instrumentation.MethodCallReplacementClassAdapter - Adding mock interface to class org/apache/logging/log4j/spi/LoggerRegistry
05:25:35.030 [main] INFO org.evosuite.runtime.instrumentation.CreateClassResetClassAdapter - Found static initializer in class org/apache/logging/log4j/spi/LoggerRegistry
05:25:35.032 [main] DEBUG org.evosuite.runtime.agent.TransformerForTests - Going to instrument: org.apache.logging.log4j.spi.LoggerRegistry$MapFactory
05:25:35.034 [main] DEBUG org.evosuite.runtime.agent.TransformerForTests - Going to instrument: org.apache.logging.log4j.spi.LoggerRegistry$ConcurrentMapFactory
05:25:35.035 [main] INFO org.evosuite.runtime.instrumentation.MethodCallReplacementClassAdapter - Adding mock interface to class org/apache/logging/log4j/spi/LoggerRegistry$ConcurrentMapFactory
05:25:35.035 [main] INFO org.evosuite.runtime.instrumentation.CreateClassResetClassAdapter - Creating brand-new static initializer in class org/apache/logging/log4j/spi/LoggerRegistry$ConcurrentMapFactory
05:25:36.673 [main] DEBUG org.evosuite.runtime.agent.TransformerForTests - Going to instrument: org.apache.logging.log4j.internal.LogManagerStatus
05:25:36.673 [main] INFO org.evosuite.runtime.instrumentation.MethodCallReplacementClassAdapter - Adding mock interface to class org/apache/logging/log4j/internal/LogManagerStatus
05:25:36.674 [main] INFO org.evosuite.runtime.instrumentation.CreateClassResetClassAdapter - Found static initializer in class org/apache/logging/log4j/internal/LogManagerStatus
05:25:36.676 [main] DEBUG org.evosuite.runtime.agent.TransformerForTests - Going to instrument: org.apache.logging.slf4j.SLF4JLogger
05:25:36.677 [main] INFO org.evosuite.runtime.instrumentation.MethodCallReplacementClassAdapter - Adding mock interface to class org/apache/logging/slf4j/SLF4JLogger
05:25:38.283 [main] INFO org.evosuite.runtime.instrumentation.CreateClassResetClassAdapter - Creating brand-new static initializer in class org/apache/logging/slf4j/SLF4JLogger
05:25:38.287 [main] DEBUG org.evosuite.runtime.agent.TransformerForTests - Going to instrument: org.apache.poi.ss.usermodel.PaneType
05:25:38.288 [main] INFO org.evosuite.runtime.instrumentation.MethodCallReplacementClassAdapter - Adding mock interface to class org/apache/poi/ss/usermodel/PaneType
05:25:38.288 [main] INFO org.evosuite.runtime.instrumentation.CreateClassResetClassAdapter - Found static initializer in class org/apache/poi/ss/usermodel/PaneType
05:25:39.730 [main] DEBUG org.evosuite.runtime.agent.TransformerForTests - Going to instrument: org.apache.poi.sl.usermodel.PictureData$PictureType
05:25:39.730 [main] INFO org.evosuite.runtime.instrumentation.MethodCallReplacementClassAdapter - Adding mock interface to class org/apache/poi/sl/usermodel/PictureData$PictureType
05:25:39.731 [main] INFO org.evosuite.runtime.instrumentation.CreateClassResetClassAdapter - Found static initializer in class org/apache/poi/sl/usermodel/PictureData$PictureType
05:25:39.733 [main] DEBUG org.evosuite.runtime.agent.TransformerForTests - Going to instrument: org.apache.poi.hssf.record.Record
05:25:39.734 [main] INFO org.evosuite.runtime.instrumentation.MethodCallReplacementClassAdapter - Adding mock interface to class org/apache/poi/hssf/record/Record
05:25:39.735 [main] INFO org.evosuite.runtime.instrumentation.CreateClassResetClassAdapter - Creating brand-new static initializer in class org/apache/poi/hssf/record/Record
05:25:39.736 [main] DEBUG org.evosuite.runtime.agent.TransformerForTests - Going to instrument: org.apache.poi.common.Duplicatable
05:25:41.298 [main] DEBUG org.evosuite.runtime.agent.TransformerForTests - Going to instrument: org.apache.poi.hssf.record.RecordBase
05:25:41.298 [main] INFO org.evosuite.runtime.instrumentation.MethodCallReplacementClassAdapter - Adding mock interface to class org/apache/poi/hssf/record/RecordBase
05:25:41.299 [main] INFO org.evosuite.runtime.instrumentation.CreateClassResetClassAdapter - Creating brand-new static initializer in class org/apache/poi/hssf/record/RecordBase
05:25:42.872 [main] DEBUG org.evosuite.runtime.agent.TransformerForTests - Going to instrument: org.apache.poi.hssf.record.HSSFRecordTypes
05:25:42.873 [main] INFO org.evosuite.runtime.instrumentation.MethodCallReplacementClassAdapter - Adding mock interface to class org/apache/poi/hssf/record/HSSFRecordTypes
05:25:42.874 [main] INFO org.evosuite.runtime.instrumentation.CreateClassResetClassAdapter - Found static initializer in class org/apache/poi/hssf/record/HSSFRecordTypes
05:25:44.415 [main] DEBUG org.evosuite.runtime.agent.TransformerForTests - Going to instrument: org.apache.commons.io.input.UnsynchronizedByteArrayInputStream
05:25:44.415 [main] INFO org.evosuite.runtime.instrumentation.MethodCallReplacementClassAdapter - Adding mock interface to class org/apache/commons/io/input/UnsynchronizedByteArrayInputStream
05:25:44.417 [main] INFO org.evosuite.runtime.instrumentation.CreateClassResetClassAdapter - Creating brand-new static initializer in class org/apache/commons/io/input/UnsynchronizedByteArrayInputStream
05:25:44.417 [main] INFO org.evosuite.runtime.instrumentation.CreateClassResetClassAdapter - Adding bytecode for initializing field END_OF_STREAM
05:25:46.114 [main] DEBUG org.evosuite.runtime.agent.TransformerForTests - Going to instrument: org.apache.poi.xwpf.usermodel.XWPFSettings
05:25:46.114 [main] INFO org.evosuite.runtime.instrumentation.MethodCallReplacementClassAdapter - Adding mock interface to class org/apache/poi/xwpf/usermodel/XWPFSettings
05:25:47.589 [main] INFO org.evosuite.runtime.instrumentation.CreateClassResetClassAdapter - Creating brand-new static initializer in class org/apache/poi/xwpf/usermodel/XWPFSettings
05:25:49.066 [main] DEBUG org.evosuite.runtime.agent.TransformerForTests - Going to instrument: org.apache.poi.ooxml.POIXMLDocumentPart
05:25:49.066 [main] INFO org.evosuite.runtime.instrumentation.MethodCallReplacementClassAdapter - Adding mock interface to class org/apache/poi/ooxml/POIXMLDocumentPart
05:25:49.068 [main] INFO org.evosuite.runtime.instrumentation.CreateClassResetClassAdapter - Found static initializer in class org/apache/poi/ooxml/POIXMLDocumentPart
05:25:50.602 [main] DEBUG org.evosuite.runtime.agent.TransformerForTests - Going to instrument: org.apache.poi.ooxml.POIXMLException
05:25:50.603 [main] INFO org.evosuite.runtime.instrumentation.MethodCallReplacementClassAdapter - Adding mock interface to class org/apache/poi/ooxml/POIXMLException
05:25:50.603 [main] INFO org.evosuite.runtime.instrumentation.CreateClassResetClassAdapter - Creating brand-new static initializer in class org/apache/poi/ooxml/POIXMLException
05:25:52.143 [main] DEBUG org.evosuite.runtime.agent.TransformerForTests - Going to instrument: org.apache.poi.openxml4j.exceptions.PartAlreadyExistsException
05:25:52.143 [main] INFO org.evosuite.runtime.instrumentation.MethodCallReplacementClassAdapter - Adding mock interface to class org/apache/poi/openxml4j/exceptions/PartAlreadyExistsException
05:25:52.144 [main] INFO org.evosuite.runtime.instrumentation.CreateClassResetClassAdapter - Creating brand-new static initializer in class org/apache/poi/openxml4j/exceptions/PartAlreadyExistsException
05:25:52.146 [main] DEBUG org.evosuite.runtime.agent.TransformerForTests - Going to instrument: org.apache.poi.EncryptedDocumentException
05:25:52.152 [main] INFO org.evosuite.runtime.instrumentation.MethodCallReplacementClassAdapter - Adding mock interface to class org/apache/poi/EncryptedDocumentException
05:25:53.677 [main] INFO org.evosuite.runtime.instrumentation.CreateClassResetClassAdapter - Creating brand-new static initializer in class org/apache/poi/EncryptedDocumentException
05:25:55.391 [main] DEBUG org.evosuite.runtime.agent.TransformerForTests - Going to instrument: org.openxmlformats.schemas.spreadsheetml.x2006.main.impl.CTBordersImpl
05:25:55.392 [main] INFO org.evosuite.runtime.instrumentation.MethodCallReplacementClassAdapter - Adding mock interface to class org/openxmlformats/schemas/spreadsheetml/x2006/main/impl/CTBordersImpl
05:25:55.393 [main] INFO org.evosuite.runtime.instrumentation.CreateClassResetClassAdapter - Found static initializer in class org/openxmlformats/schemas/spreadsheetml/x2006/main/impl/CTBordersImpl
05:25:56.905 [main] DEBUG org.evosuite.runtime.agent.TransformerForTests - Going to instrument: org.openxmlformats.schemas.spreadsheetml.x2006.main.CTBorders
05:25:58.322 [main] DEBUG org.evosuite.runtime.agent.TransformerForTests - Going to instrument: org.apache.xmlbeans.XmlObject
05:25:58.324 [main] DEBUG org.evosuite.runtime.agent.TransformerForTests - Going to instrument: org.apache.xmlbeans.XmlTokenSource
05:26:01.221 [main] DEBUG org.evosuite.runtime.agent.TransformerForTests - Going to instrument: org.apache.xmlbeans.impl.values.XmlComplexContentImpl
05:26:02.844 [main] INFO org.evosuite.runtime.instrumentation.MethodCallReplacementClassAdapter - Adding mock interface to class org/apache/xmlbeans/impl/values/XmlComplexContentImpl
05:26:07.397 [main] INFO org.evosuite.runtime.instrumentation.CreateClassResetClassAdapter - Found static initializer in class org/apache/xmlbeans/impl/values/XmlComplexContentImpl
05:26:14.722 [main] DEBUG org.evosuite.runtime.agent.TransformerForTests - Going to instrument: org.apache.xmlbeans.impl.values.XmlObjectBase
05:26:14.723 [main] INFO org.evosuite.runtime.instrumentation.MethodCallReplacementClassAdapter - Adding mock interface to class org/apache/xmlbeans/impl/values/XmlObjectBase
[WARNING] Corrupted STDOUT by directly writing to native stream in forked JVM 1. See FAQ web page and the dump file /app/target/surefire-reports/2026-04-08T05-24-26_777-jvmRun1.dumpstream
[INFO] 
[INFO] Results:
[INFO] 
[ERROR] Errors: 
[ERROR]   OptionData_ESTest.test30:291 » TestTimedOut test timed out after 4000 millisec...
[ERROR]   OptionData_arrayAlignment_73211150313.test:64 » TestTimedOut test timed out af...
[ERROR]   OptionData_dates_4941055347.test:45 » DateTime Invalid value for Year (valid v...
[ERROR]   OptionData_nums_149416884915.test:55 » Arithmetic / by zero
[ERROR]   OptionData_yearmonth_151480735311.test:49 » TestTimedOut test timed out after ...
[ERROR]   OptionData_years_77465601424.test:53 » NullPointer
[ERROR]   Set_getNameSet_211716641312.test:46 » NullPointer
[INFO] 
[ERROR] Tests run: 188, Failures: 0, Errors: 7, Skipped: 0
[INFO] 
[ERROR] There are test failures.

Please refer to /app/target/surefire-reports for the individual test results.
Please refer to dump files (if any exist) [date].dump, [date]-jvmRun[N].dump and [date].dumpstream.
The forked VM terminated without properly saying goodbye. VM crash or System.exit called?
Command was /bin/sh -c cd /app && /usr/local/openjdk-11/bin/java -javaagent:/root/.m2/repository/org/jacoco/org.jacoco.agent/0.8.11/org.jacoco.agent-0.8.11-runtime.jar=destfile=/app/target/jacoco.exec -jar /app/target/surefire/surefirebooter10834136649120472577.jar /app/target/surefire 2026-04-08T05-24-26_777-jvmRun1 surefire7085896815092169983tmp surefire_015130223343924725244tmp
Error occurred in starting fork, check output in log
Process Exit Code: 134
org.apache.maven.surefire.booter.SurefireBooterForkException: The forked VM terminated without properly saying goodbye. VM crash or System.exit called?
Command was /bin/sh -c cd /app && /usr/local/openjdk-11/bin/java -javaagent:/root/.m2/repository/org/jacoco/org.jacoco.agent/0.8.11/org.jacoco.agent-0.8.11-runtime.jar=destfile=/app/target/jacoco.exec -jar /app/target/surefire/surefirebooter10834136649120472577.jar /app/target/surefire 2026-04-08T05-24-26_777-jvmRun1 surefire7085896815092169983tmp surefire_015130223343924725244tmp
Error occurred in starting fork, check output in log
Process Exit Code: 134
	at org.apache.maven.plugin.surefire.booterclient.ForkStarter.fork(ForkStarter.java:669)
	at org.apache.maven.plugin.surefire.booterclient.ForkStarter.run(ForkStarter.java:282)
	at org.apache.maven.plugin.surefire.booterclient.ForkStarter.run(ForkStarter.java:245)
	at org.apache.maven.plugin.surefire.AbstractSurefireMojo.executeProvider(AbstractSurefireMojo.java:1183)
	at org.apache.maven.plugin.surefire.AbstractSurefireMojo.executeAfterPreconditionsChecked(AbstractSurefireMojo.java:1011)
	at org.apache.maven.plugin.surefire.AbstractSurefireMojo.execute(AbstractSurefireMojo.java:857)
	at org.apache.maven.plugin.DefaultBuildPluginManager.executeMojo(DefaultBuildPluginManager.java:137)
	at org.apache.maven.lifecycle.internal.MojoExecutor.doExecute2(MojoExecutor.java:370)
	at org.apache.maven.lifecycle.internal.MojoExecutor.doExecute(MojoExecutor.java:351)
	at org.apache.maven.lifecycle.internal.MojoExecutor.execute(MojoExecutor.java:215)
	at org.apache.maven.lifecycle.internal.MojoExecutor.execute(MojoExecutor.java:171)
	at org.apache.maven.lifecycle.internal.MojoExecutor.execute(MojoExecutor.java:163)
	at org.apache.maven.lifecycle.internal.LifecycleModuleBuilder.buildProject(LifecycleModuleBuilder.java:117)
	at org.apache.maven.lifecycle.internal.LifecycleModuleBuilder.buildProject(LifecycleModuleBuilder.java:81)
	at org.apache.maven.lifecycle.internal.builder.singlethreaded.SingleThreadedBuilder.build(SingleThreadedBuilder.java:56)
	at org.apache.maven.lifecycle.internal.LifecycleStarter.execute(LifecycleStarter.java:128)
	at org.apache.maven.DefaultMaven.doExecute(DefaultMaven.java:294)
	at org.apache.maven.DefaultMaven.doExecute(DefaultMaven.java:192)
	at org.apache.maven.DefaultMaven.execute(DefaultMaven.java:105)
	at org.apache.maven.cli.MavenCli.execute(MavenCli.java:960)
	at org.apache.maven.cli.MavenCli.doMain(MavenCli.java:293)
	at org.apache.maven.cli.MavenCli.main(MavenCli.java:196)
	at java.base/jdk.internal.reflect.NativeMethodAccessorImpl.invoke0(Native Method)
	at java.base/jdk.internal.reflect.NativeMethodAccessorImpl.invoke(NativeMethodAccessorImpl.java:62)
	at java.base/jdk.internal.reflect.DelegatingMethodAccessorImpl.invoke(DelegatingMethodAccessorImpl.java:43)
	at java.base/java.lang.reflect.Method.invoke(Method.java:566)
	at org.codehaus.plexus.classworlds.launcher.Launcher.launchEnhanced(Launcher.java:282)
	at org.codehaus.plexus.classworlds.launcher.Launcher.launch(Launcher.java:225)
	at org.codehaus.plexus.classworlds.launcher.Launcher.mainWithExitCode(Launcher.java:406)
	at org.codehaus.plexus.classworlds.launcher.Launcher.main(Launcher.java:347)

[INFO] 
[INFO] --- jacoco-maven-plugin:0.8.11:report (report) @ AccountBook ---
[INFO] Loading execution data file /app/target/jacoco.exec
[INFO] Analyzed bundle 'AccountBook' with 18 classes
[INFO] 
[INFO] --- jacoco-maven-plugin:0.8.11:report (default-cli) @ AccountBook ---
[INFO] Loading execution data file /app/target/jacoco.exec
[INFO] Analyzed bundle 'AccountBook' with 18 classes
[INFO] ------------------------------------------------------------------------
[INFO] BUILD SUCCESS
[INFO] ------------------------------------------------------------------------
[INFO] Total time:  01:58 min
[INFO] Finished at: 2026-04-08T05:26:20Z
[INFO] ------------------------------------------------------------------------
