#
# A fatal error has been detected by the Java Runtime Environment:
#
#  SIGSEGV (0xb) at pc=0x000077a49a684464, pid=78, tid=106
#
# JRE version: OpenJDK Runtime Environment 18.9 (11.0.16+8) (build 11.0.16+8)
# Java VM: OpenJDK 64-Bit Server VM 18.9 (11.0.16+8, mixed mode, sharing, tiered, compressed oops, g1 gc, linux-amd64)
# Problematic frame:
# V  [libjvm.so+0x778464]  G1FullGCMarker::complete_marking(GenericTaskQueueSet<OverflowTaskQueue<oopDesc*, (MemoryType)5, 131072u>, (MemoryType)5>*, GenericTaskQueueSet<OverflowTaskQueue<ObjArrayTask, (MemoryType)5, 131072u>, (MemoryType)5>*, ParallelTaskTerminator*)+0x94
#
# Core dump will be written. Default location: Core dumps may be processed with "/usr/share/apport/apport -p%p -s%s -c%c -d%d -P%P -u%u -g%g -- %E" (or dumping to /app/core.78)
#
# If you would like to submit a bug report, please visit:
#   https://bugreport.java.com/bugreport/crash.jsp
#

---------------  S U M M A R Y ------------

Command Line: -javaagent:/root/.m2/repository/org/jacoco/org.jacoco.agent/0.8.11/org.jacoco.agent-0.8.11-runtime.jar=destfile=/app/target/jacoco.exec /app/target/surefire/surefirebooter10834136649120472577.jar /app/target/surefire 2026-04-08T05-24-26_777-jvmRun1 surefire7085896815092169983tmp surefire_015130223343924725244tmp

Host: AMD Ryzen 5 5600G with Radeon Graphics, 12 cores, 30G, Debian GNU/Linux 11 (bullseye)
Time: Wed Apr  8 05:26:19 2026 UTC elapsed time: 112.733723 seconds (0d 0h 1m 52s)

---------------  T H R E A D  ---------------

Current thread (0x000077a448007000):  GCTaskThread "GC Thread#5" [stack: 0x000077a45d1d2000,0x000077a45d2d2000] [id=106]

Stack: [0x000077a45d1d2000,0x000077a45d2d2000],  sp=0x000077a45d2d0cb0,  free space=1019k
Native frames: (J=compiled Java code, A=aot compiled Java code, j=interpreted, Vv=VM code, C=native code)
V  [libjvm.so+0x778464]  G1FullGCMarker::complete_marking(GenericTaskQueueSet<OverflowTaskQueue<oopDesc*, (MemoryType)5, 131072u>, (MemoryType)5>*, GenericTaskQueueSet<OverflowTaskQueue<ObjArrayTask, (MemoryType)5, 131072u>, (MemoryType)5>*, ParallelTaskTerminator*)+0x94
V  [libjvm.so+0x777d8e]  G1FullGCMarkTask::work(unsigned int)+0xde
V  [libjvm.so+0xdc47cd]  GangWorker::loop()+0x4d
V  [libjvm.so+0xd351a9]  Thread::call_run()+0x149
V  [libjvm.so+0xba7fa6]  thread_native_entry(Thread*)+0xe6


siginfo: si_signo: 11 (SIGSEGV), si_code: 1 (SEGV_MAPERR), si_addr: 0x0000000808335730

Register to memory mapping:

RAX=0x000077a49b255250: <offset 0x0000000001349250> in /usr/local/openjdk-11/lib/server/libjvm.so at 0x000077a499f0c000
RBX=0x000077a464dfe6f8 points into unknown readable memory: 0x000077a49b17f830 | 30 f8 17 9b a4 77 00 00
RCX=0x0000000000000003 is an unknown value
RDX=0x0000000808335728 is an unknown value
RSP=0x000077a45d2d0cb0 points into unknown readable memory: 0x000077a45d2d0d00 | 00 0d 2d 5d a4 77 00 00
RBP=0x000077a45d2d0d50 points into unknown readable memory: 0x000077a45d2d0e00 | 00 0e 2d 5d a4 77 00 00
RSI=0x00000000000004af is an unknown value
RDI=0x0 is NULL
R8 =0x0000000696eabda4 points into unknown readable memory: 00 00 00 00
R9 =0x000077a49b255250: <offset 0x0000000001349250> in /usr/local/openjdk-11/lib/server/libjvm.so at 0x000077a499f0c000
R10=0x0000000000000004 is an unknown value
R11=0x0000000000000010 is an unknown value
R12=
[error occurred during error reporting (printing register info), id 0xb, SIGSEGV (0xb) at pc=0x000077a49a717c45]

Registers:
RAX=0x000077a49b255250, RBX=0x000077a464dfe6f8, RCX=0x0000000000000003, RDX=0x0000000808335728
RSP=0x000077a45d2d0cb0, RBP=0x000077a45d2d0d50, RSI=0x00000000000004af, RDI=0x0000000000000000
R8 =0x0000000696eabda4, R9 =0x000077a49b255250, R10=0x0000000000000004, R11=0x0000000000000010
R12=0x00000007749847b0, R13=0x000077a49b28218c, R14=0x0000000004723800, R15=0x000077a448eeea60
RIP=0x000077a49a684464, EFLAGS=0x0000000000010206, CSGSFS=0x002b000000000033, ERR=0x0000000000000004
  TRAPNO=0x000000000000000e

Top of Stack: (sp=0x000077a45d2d0cb0)
0x000077a45d2d0cb0:   000077a45d2d0d00 000077a464dfe2f8
0x000077a45d2d0cc0:   000077a464dfe6e0 000077a464dfe6f8
0x000077a45d2d0cd0:   000077a448eeeaf0 000077a448eeea60
0x000077a45d2d0ce0:   18d4e47b9b1802c0 00000007749847b0 

Instructions: (pc=0x000077a49a684464)
0x000077a49a684364:   c6 c9 ff 66 0f 1f 84 00 00 00 00 00 e8 4b aa 42
0x000077a49a684374:   00 48 89 df 5b 41 5c 8d 70 ff f7 d8 5d 48 63 f6
0x000077a49a684384:   48 98 48 81 c6 00 00 10 00 48 21 c6 e9 eb 3e 42
0x000077a49a684394:   00 0f 1f 00 e8 23 aa 42 00 4c 89 e7 8d 70 ff f7
0x000077a49a6843a4:   d8 48 63 f6 48 98 48 81 c6 00 00 20 00 48 21 c6
0x000077a49a6843b4:   e8 c7 3e 42 00 e9 f5 fe ff ff 66 90 5b 41 5c 5d
0x000077a49a6843c4:   c3 90 66 2e 0f 1f 84 00 00 00 00 00 55 48 89 e5
0x000077a49a6843d4:   41 57 49 89 ff 41 56 41 55 41 54 53 48 89 d3 48
0x000077a49a6843e4:   83 ec 78 48 89 b5 70 ff ff ff 48 89 8d 68 ff ff
0x000077a49a6843f4:   ff c7 45 94 11 00 00 00 49 8d 87 90 00 00 00 49
0x000077a49a684404:   8b bf d8 00 00 00 48 89 45 80 66 90 48 85 ff 0f
0x000077a49a684414:   84 2f 01 00 00 49 8b 87 c0 00 00 00 48 83 f8 01
0x000077a49a684424:   0f 84 b6 08 00 00 48 83 e8 01 49 89 87 c0 00 00
0x000077a49a684434:   00 4c 8b 24 c7 4c 89 65 98 4c 8d 2d 48 dd bf 00
0x000077a49a684444:   41 80 7d 00 00 0f 84 51 07 00 00 48 8d 05 fa 0d
0x000077a49a684454:   bd 00 41 8b 54 24 08 8b 48 08 48 d3 e2 48 03 10
0x000077a49a684464:   81 7a 08 00 00 00 c0 0f 8c 41 07 00 00 48 63 42
0x000077a49a684474:   0c 48 8d 0d 04 cb bf 00 49 8d bf c8 01 00 00 4c
0x000077a49a684484:   89 e6 ff 14 c1 48 8d 05 b0 d9 bf 00 80 38 00 0f
0x000077a49a684494:   84 4f 06 00 00 41 80 7d 00 00 0f 84 5c 0a 00 00
0x000077a49a6844a4:   48 8d 05 a5 0d bd 00 8b 48 08 48 8b 30 41 8b 44
0x000077a49a6844b4:   24 08 48 d3 e0 48 01 f0 44 8b 50 08 45 85 d2 7e
0x000077a49a6844c4:   14 0f b7 80 3a 01 00 00 83 e0 03 66 83 f8 01 0f
0x000077a49a6844d4:   84 0f 06 00 00 4d 89 a7 08 02 00 00 41 8b 54 24
0x000077a49a6844e4:   08 49 8d bf e8 01 00 00 48 d3 e2 48 01 f2 48 63
0x000077a49a6844f4:   42 0c 48 8d 0d 43 ca bf 00 4c 89 e6 ff 14 c1 41
0x000077a49a684504:   80 bf 00 02 00 00 00 0f 84 d7 05 00 00 48 83 3d
0x000077a49a684514:   ef a4 bf 00 00 0f 84 c9 05 00 00 41 8b b7 14 02
0x000077a49a684524:   00 00 48 8d 3d 25 5f 6e 00 31 c0 e8 1c f3 fb ff
0x000077a49a684534:   49 8b bf d8 00 00 00 48 85 ff 0f 85 d5 fe ff ff
0x000077a49a684544:   0f 1f 40 00 41 8b 57 10 41 8b 87 90 00 00 00 89
0x000077a49a684554:   d6 29 c6 89 f0 a9 ff ff 01 00 74 72 83 ea 01 81 


Stack slot to memory mapping:
stack at sp + 0 slots: 0x000077a45d2d0d00 points into unknown readable memory: 0x000000062e000000 | 00 00 00 2e 06 00 00 00
stack at sp + 1 slots: 0x000077a464dfe2f8 points into unknown readable memory: 0x000077a49b186b08 | 08 6b 18 9b a4 77 00 00
stack at sp + 2 slots: 0x000077a464dfe6e0 points into unknown readable memory: 0x000077a49b17f818 | 18 f8 17 9b a4 77 00 00
stack at sp + 3 slots: 0x000077a464dfe6f8 points into unknown readable memory: 0x000077a49b17f830 | 30 f8 17 9b a4 77 00 00
stack at sp + 4 slots: 0x000077a448eeeaf0 points into unknown readable memory: 0x0000289b0000000d | 0d 00 00 00 9b 28 00 00
stack at sp + 5 slots: 0x000077a448eeea60 points into unknown readable memory: 0x000077a400000005 | 05 00 00 00 a4 77 00 00
stack at sp + 6 slots: 0x18d4e47b9b1802c0 is an unknown value
stack at sp + 7 slots: 
[error occurred during error reporting (inspecting top of stack), id 0xb, SIGSEGV (0xb) at pc=0x000077a49a717c45]


---------------  P R O C E S S  ---------------

Threads class SMR info:
_java_thread_list=0x000077a4101c30e0, length=19, elements={
0x000077a494028800, 0x000077a4942a9800, 0x000077a4942ab800, 0x000077a4942b2800,
0x000077a4942b4800, 0x000077a4942b6800, 0x000077a4942b8800, 0x000077a4942ba800,
0x000077a4942d8000, 0x000077a49496a800, 0x000077a4949d9000, 0x000077a3c4017800,
0x000077a434001000, 0x000077a4952c5800, 0x000077a49608e800, 0x000077a495f77000,
0x000077a4951a0000, 0x000077a42492a800, 0x000077a4101e2800
}

Java Threads: ( => current thread )
  0x000077a494028800 JavaThread "main" [_thread_blocked, id=79, stack(0x000077a499cc7000,0x000077a499dc8000)]
  0x000077a4942a9800 JavaThread "Reference Handler" daemon [_thread_blocked, id=90, stack(0x000077a464bfd000,0x000077a464cfe000)]
  0x000077a4942ab800 JavaThread "Finalizer" daemon [_thread_blocked, id=91, stack(0x000077a464afc000,0x000077a464bfd000)]
  0x000077a4942b2800 JavaThread "Signal Dispatcher" daemon [_thread_blocked, id=92, stack(0x000077a464888000,0x000077a464989000)]
  0x000077a4942b4800 JavaThread "Service Thread" daemon [_thread_blocked, id=93, stack(0x000077a464787000,0x000077a464888000)]
  0x000077a4942b6800 JavaThread "C2 CompilerThread0" daemon [_thread_blocked, id=94, stack(0x000077a464686000,0x000077a464787000)]
  0x000077a4942b8800 JavaThread "C1 CompilerThread0" daemon [_thread_blocked, id=95, stack(0x000077a464585000,0x000077a464686000)]
  0x000077a4942ba800 JavaThread "Sweeper thread" daemon [_thread_blocked, id=96, stack(0x000077a464484000,0x000077a464585000)]
  0x000077a4942d8000 JavaThread "Common-Cleaner" daemon [_thread_blocked, id=97, stack(0x000077a464383000,0x000077a464484000)]
  0x000077a49496a800 JavaThread "surefire-forkedjvm-command-thread" daemon [_thread_in_native, id=101, stack(0x000077a45dae6000,0x000077a45dbe7000)]
  0x000077a4949d9000 JavaThread "surefire-forkedjvm-ping-30s" daemon [_thread_blocked, id=111, stack(0x000077a45ccc7000,0x000077a45cdc8000)]
  0x000077a3c4017800 JavaThread "process reaper" daemon [_thread_blocked, id=114, stack(0x000077a477f89000,0x000077a477fab000)]
  0x000077a434001000 JavaThread "Attach Listener" daemon [_thread_blocked, id=133, stack(0x000077a45c8ff000,0x000077a45ca00000)]
  0x000077a4952c5800 JavaThread "Java2D Disposer" daemon [_thread_blocked, id=171, stack(0x000077a45c2ff000,0x000077a45c400000)]
  0x000077a49608e800 JavaThread "Time-limited test" daemon [_thread_blocked, id=244, stack(0x000077a452cff000,0x000077a452e00000)]
  0x000077a495f77000 JavaThread "Time-limited test" daemon [_thread_blocked, id=281, stack(0x000077a451bf1000,0x000077a451cf2000)]
  0x000077a4951a0000 JavaThread "Time-limited test" daemon [_thread_blocked, id=340, stack(0x000077a464282000,0x000077a464383000)]
  0x000077a42492a800 JavaThread "C2 CompilerThread1" daemon [_thread_blocked, id=372, stack(0x000077a451af0000,0x000077a451bf1000)]
  0x000077a4101e2800 JavaThread "C2 CompilerThread2" daemon [_thread_blocked, id=386, stack(0x000077a45dbe7000,0x000077a45dce8000)]

Other Threads:
  0x000077a4942a6800 VMThread "VM Thread" [stack: 0x000077a464d00000,0x000077a464e00000] [id=89]
  0x000077a494878000 WatcherThread [stack: 0x000077a45dcea000,0x000077a45ddea000] [id=99]
  0x000077a494040000 GCTaskThread "GC Thread#0" [stack: 0x000077a498f4f000,0x000077a49904f000] [id=81]
  0x000077a448001000 GCTaskThread "GC Thread#1" [stack: 0x000077a45d5da000,0x000077a45d6da000] [id=102]
  0x000077a448002800 GCTaskThread "GC Thread#2" [stack: 0x000077a45d4d8000,0x000077a45d5d8000] [id=103]
  0x000077a448004000 GCTaskThread "GC Thread#3" [stack: 0x000077a45d3d6000,0x000077a45d4d6000] [id=104]
  0x000077a448005800 GCTaskThread "GC Thread#4" [stack: 0x000077a45d2d4000,0x000077a45d3d4000] [id=105]
=>0x000077a448007000 GCTaskThread "GC Thread#5" [stack: 0x000077a45d1d2000,0x000077a45d2d2000] [id=106]
  0x000077a448009000 GCTaskThread "GC Thread#6" [stack: 0x000077a45d0d0000,0x000077a45d1d0000] [id=107]
  0x000077a44800a800 GCTaskThread "GC Thread#7" [stack: 0x000077a45cfce000,0x000077a45d0ce000] [id=108]
  0x000077a44800c000 GCTaskThread "GC Thread#8" [stack: 0x000077a45cecc000,0x000077a45cfcc000] [id=109]
  0x000077a44800d800 GCTaskThread "GC Thread#9" [stack: 0x000077a45cdca000,0x000077a45ceca000] [id=110]
  0x000077a49407a000 ConcurrentGCThread "G1 Main Marker" [stack: 0x000077a498308000,0x000077a498408000] [id=82]
  0x000077a49407c000 ConcurrentGCThread "G1 Conc#0" [stack: 0x000077a498206000,0x000077a498306000] [id=83]
  0x000077a460001000 ConcurrentGCThread "G1 Conc#1" [stack: 0x000077a453af7000,0x000077a453bf7000] [id=172]
  0x000077a460002800 ConcurrentGCThread "G1 Conc#2" [stack: 0x000077a453100000,0x000077a453200000] [id=173]
  0x000077a494200800 ConcurrentGCThread "G1 Refine#0" [stack: 0x000077a46d300000,0x000077a46d400000] [id=87]
  0x000077a45400c800 ConcurrentGCThread "G1 Refine#1" [stack: 0x000077a452300000,0x000077a452400000] [id=248]
  0x000077a398001000 ConcurrentGCThread "G1 Refine#2" [stack: 0x000077a4521fe000,0x000077a4522fe000] [id=249]
  0x000077a394001000 ConcurrentGCThread "G1 Refine#3" [stack: 0x000077a4520fc000,0x000077a4521fc000] [id=250]
  0x000077a38c001000 ConcurrentGCThread "G1 Refine#4" [stack: 0x000077a451ffa000,0x000077a4520fa000] [id=251]
  0x000077a388001000 ConcurrentGCThread "G1 Refine#5" [stack: 0x000077a451ef8000,0x000077a451ff8000] [id=252]
  0x000077a380001000 ConcurrentGCThread "G1 Refine#6" [stack: 0x000077a451df6000,0x000077a451ef6000] [id=253]
  0x000077a37c001000 ConcurrentGCThread "G1 Refine#7" [stack: 0x000077a451cf4000,0x000077a451df4000] [id=254]
  0x000077a494202000 ConcurrentGCThread "G1 Young RemSet Sampling" [stack: 0x000077a465700000,0x000077a465800000] [id=88]

Threads with active compile tasks:
C2 CompilerThread0   112745 6276       4       org.jacoco.agent.rt.internal_4742761.asm.tree.MethodNode::accept (874 bytes)
C2 CompilerThread1   112745 6259   !   4       jdk.internal.loader.BuiltinClassLoader::findResource (154 bytes)
C2 CompilerThread2   112745 6265       4       org.evosuite.runtime.instrumentation.RegisterObjectForDeterministicHashCodeVisitor::visitInsn (58 bytes)

VM state:at safepoint (normal execution)

VM Mutex/Monitor currently owned by a thread:  ([mutex/lock_event])
[0x000077a494024ff0] Threads_lock - owner thread: 0x000077a4942a6800
[0x000077a4940257d0] Heap_lock - owner thread: 0x000077a4951a0000

Heap address: 0x0000000615800000, size: 7848 MB, Compressed Oops mode: Zero based, Oop shift amount: 3
Narrow klass base: 0x0000000800000000, Narrow klass shift: 3
Compressed class space size: 1073741824 Address: 0x0000000840000000

Heap:
 garbage-first heap   total 8036352K, used 8022741K [0x0000000615800000, 0x0000000800000000)
  region size 2048K, 0 young (0K), 0 survivors (0K)
 Metaspace       used 32837K, capacity 33575K, committed 35120K, reserved 1081344K
  class space    used 3408K, capacity 3711K, committed 4224K, reserved 1048576K
Heap Regions: E=young(eden), S=young(survivor), O=old, HS=humongous(starts), HC=humongous(continues), CS=collection set, F=free, A=archive, TAMS=top-at-mark-start (previous, next)
|   0|0x0000000615800000, 0x00000006159ffff8, 0x0000000615a00000| 99%| O|  |TAMS 0x0000000615800000, 0x00000006159ffff8| Untracked 
|   1|0x0000000615a00000, 0x0000000615c00000, 0x0000000615c00000|100%| O|  |TAMS 0x0000000615a00000, 0x0000000615c00000| Untracked 
|   2|0x0000000615c00000, 0x0000000615e00000, 0x0000000615e00000|100%| O|  |TAMS 0x0000000615c00000, 0x0000000615e00000| Untracked 
|   3|0x0000000615e00000, 0x0000000615ffffe8, 0x0000000616000000| 99%| O|  |TAMS 0x0000000615e00000, 0x0000000615ffffe8| Untracked 
|   4|0x0000000616000000, 0x00000006161ffff8, 0x0000000616200000| 99%| O|  |TAMS 0x0000000616000000, 0x00000006161ffff8| Untracked 
|   5|0x0000000616200000, 0x0000000616400000, 0x0000000616400000|100%| O|  |TAMS 0x0000000616200000, 0x0000000616400000| Untracked 
|   6|0x0000000616400000, 0x00000006165ffff8, 0x0000000616600000| 99%| O|  |TAMS 0x0000000616400000, 0x00000006165ffff8| Untracked 
|   7|0x0000000616600000, 0x0000000616800000, 0x0000000616800000|100%| O|  |TAMS 0x0000000616600000, 0x0000000616800000| Untracked 
|   8|0x0000000616800000, 0x0000000616a00000, 0x0000000616a00000|100%| O|  |TAMS 0x0000000616800000, 0x0000000616a00000| Untracked 
|   9|0x0000000616a00000, 0x0000000616bffff0, 0x0000000616c00000| 99%| O|  |TAMS 0x0000000616a00000, 0x0000000616bffff0| Untracked 
|  10|0x0000000616c00000, 0x0000000616dffff8, 0x0000000616e00000| 99%| O|  |TAMS 0x0000000616c00000, 0x0000000616dffff8| Untracked 
|  11|0x0000000616e00000, 0x0000000616fffff8, 0x0000000617000000| 99%| O|  |TAMS 0x0000000616e00000, 0x0000000616fffff8| Untracked 
|  12|0x0000000617000000, 0x00000006171ffff8, 0x0000000617200000| 99%| O|  |TAMS 0x0000000617000000, 0x00000006171ffff8| Untracked 
|  13|0x0000000617200000, 0x0000000617400000, 0x0000000617400000|100%| O|  |TAMS 0x0000000617200000, 0x0000000617400000| Untracked 
|  14|0x0000000617400000, 0x00000006175ffff0, 0x0000000617600000| 99%| O|  |TAMS 0x0000000617400000, 0x00000006175ffff0| Untracked 
|  15|0x0000000617600000, 0x00000006177ffff0, 0x0000000617800000| 99%| O|  |TAMS 0x0000000617600000, 0x00000006177ffff0| Untracked 
|  16|0x0000000617800000, 0x0000000617a00000, 0x0000000617a00000|100%| O|  |TAMS 0x0000000617800000, 0x0000000617a00000| Untracked 
|  17|0x0000000617a00000, 0x0000000617c00000, 0x0000000617c00000|100%| O|  |TAMS 0x0000000617a00000, 0x0000000617c00000| Untracked 
|  18|0x0000000617c00000, 0x0000000617e00000, 0x0000000617e00000|100%| O|  |TAMS 0x0000000617c00000, 0x0000000617e00000| Untracked 
|  19|0x0000000617e00000, 0x0000000617fffff0, 0x0000000618000000| 99%| O|  |TAMS 0x0000000617e00000, 0x0000000617fffff0| Untracked 
|  20|0x0000000618000000, 0x0000000618200000, 0x0000000618200000|100%| O|  |TAMS 0x0000000618000000, 0x0000000618200000| Untracked 
|  21|0x0000000618200000, 0x00000006183ffff8, 0x0000000618400000| 99%| O|  |TAMS 0x0000000618200000, 0x00000006183ffff8| Untracked 
|  22|0x0000000618400000, 0x00000006185ffff0, 0x0000000618600000| 99%| O|  |TAMS 0x0000000618400000, 0x00000006185ffff0| Untracked 
|  23|0x0000000618600000, 0x00000006187ffff8, 0x0000000618800000| 99%| O|  |TAMS 0x0000000618600000, 0x00000006187ffff8| Untracked 
|  24|0x0000000618800000, 0x0000000618a00000, 0x0000000618a00000|100%| O|  |TAMS 0x0000000618800000, 0x0000000618a00000| Untracked 
|  25|0x0000000618a00000, 0x0000000618bffff0, 0x0000000618c00000| 99%| O|  |TAMS 0x0000000618a00000, 0x0000000618bffff0| Untracked 
|  26|0x0000000618c00000, 0x0000000618e00000, 0x0000000618e00000|100%| O|  |TAMS 0x0000000618c00000, 0x0000000618e00000| Untracked 
|  27|0x0000000618e00000, 0x0000000618fffff0, 0x0000000619000000| 99%| O|  |TAMS 0x0000000618e00000, 0x0000000618fffff0| Untracked 
|  28|0x0000000619000000, 0x00000006191ffff8, 0x0000000619200000| 99%| O|  |TAMS 0x0000000619000000, 0x00000006191ffff8| Untracked 
|  29|0x0000000619200000, 0x0000000619400000, 0x0000000619400000|100%| O|  |TAMS 0x0000000619200000, 0x0000000619400000| Untracked 
|  30|0x0000000619400000, 0x00000006195ffff0, 0x0000000619600000| 99%| O|  |TAMS 0x0000000619400000, 0x00000006195ffff0| Untracked 
|  31|0x0000000619600000, 0x0000000619800000, 0x0000000619800000|100%| O|  |TAMS 0x0000000619600000, 0x0000000619800000| Untracked 
|  32|0x0000000619800000, 0x00000006199ffff8, 0x0000000619a00000| 99%| O|  |TAMS 0x0000000619800000, 0x00000006199ffff8| Untracked 
|  33|0x0000000619a00000, 0x0000000619c00000, 0x0000000619c00000|100%| O|  |TAMS 0x0000000619a00000, 0x0000000619c00000| Untracked 
|  34|0x0000000619c00000, 0x0000000619dffff0, 0x0000000619e00000| 99%| O|  |TAMS 0x0000000619c00000, 0x0000000619dffff0| Untracked 
|  35|0x0000000619e00000, 0x000000061a000000, 0x000000061a000000|100%| O|  |TAMS 0x0000000619e00000, 0x000000061a000000| Untracked 
|  36|0x000000061a000000, 0x000000061a200000, 0x000000061a200000|100%| O|  |TAMS 0x000000061a000000, 0x000000061a200000| Untracked 
|  37|0x000000061a200000, 0x000000061a3ffff0, 0x000000061a400000| 99%| O|  |TAMS 0x000000061a200000, 0x000000061a3ffff0| Untracked 
|  38|0x000000061a400000, 0x000000061a600000, 0x000000061a600000|100%| O|  |TAMS 0x000000061a400000, 0x000000061a600000| Untracked 
|  39|0x000000061a600000, 0x000000061a7ffff8, 0x000000061a800000| 99%| O|  |TAMS 0x000000061a600000, 0x000000061a7ffff8| Untracked 
|  40|0x000000061a800000, 0x000000061aa00000, 0x000000061aa00000|100%| O|  |TAMS 0x000000061a800000, 0x000000061aa00000| Untracked 
|  41|0x000000061aa00000, 0x000000061abffff8, 0x000000061ac00000| 99%| O|  |TAMS 0x000000061aa00000, 0x000000061abffff8| Untracked 
|  42|0x000000061ac00000, 0x000000061adffff8, 0x000000061ae00000| 99%| O|  |TAMS 0x000000061ac00000, 0x000000061adffff8| Untracked 
|  43|0x000000061ae00000, 0x000000061b000000, 0x000000061b000000|100%| O|  |TAMS 0x000000061ae00000, 0x000000061b000000| Untracked 
|  44|0x000000061b000000, 0x000000061b1ffff0, 0x000000061b200000| 99%| O|  |TAMS 0x000000061b000000, 0x000000061b1ffff0| Untracked 
|  45|0x000000061b200000, 0x000000061b3ffff8, 0x000000061b400000| 99%| O|  |TAMS 0x000000061b200000, 0x000000061b3ffff8| Untracked 
|  46|0x000000061b400000, 0x000000061b600000, 0x000000061b600000|100%| O|  |TAMS 0x000000061b400000, 0x000000061b600000| Untracked 
|  47|0x000000061b600000, 0x000000061b7ffff8, 0x000000061b800000| 99%| O|  |TAMS 0x000000061b600000, 0x000000061b7ffff8| Untracked 
|  48|0x000000061b800000, 0x000000061b9ffff0, 0x000000061ba00000| 99%| O|  |TAMS 0x000000061b800000, 0x000000061b9ffff0| Untracked 
|  49|0x000000061ba00000, 0x000000061bc00000, 0x000000061bc00000|100%| O|  |TAMS 0x000000061ba00000, 0x000000061bc00000| Untracked 
|  50|0x000000061bc00000, 0x000000061be00000, 0x000000061be00000|100%| O|  |TAMS 0x000000061bc00000, 0x000000061be00000| Untracked 
|  51|0x000000061be00000, 0x000000061c000000, 0x000000061c000000|100%| O|  |TAMS 0x000000061be00000, 0x000000061c000000| Untracked 
|  52|0x000000061c000000, 0x000000061c200000, 0x000000061c200000|100%| O|  |TAMS 0x000000061c000000, 0x000000061c200000| Untracked 
|  53|0x000000061c200000, 0x000000061c3ffff8, 0x000000061c400000| 99%| O|  |TAMS 0x000000061c200000, 0x000000061c3ffff8| Untracked 
|  54|0x000000061c400000, 0x000000061c5ffff8, 0x000000061c600000| 99%| O|  |TAMS 0x000000061c400000, 0x000000061c5ffff8| Untracked 
|  55|0x000000061c600000, 0x000000061c7ffff8, 0x000000061c800000| 99%| O|  |TAMS 0x000000061c600000, 0x000000061c7ffff8| Untracked 
|  56|0x000000061c800000, 0x000000061ca00000, 0x000000061ca00000|100%| O|  |TAMS 0x000000061c800000, 0x000000061ca00000| Untracked 
|  57|0x000000061ca00000, 0x000000061cc00000, 0x000000061cc00000|100%| O|  |TAMS 0x000000061ca00000, 0x000000061cc00000| Untracked 
|  58|0x000000061cc00000, 0x000000061ce00000, 0x000000061ce00000|100%| O|  |TAMS 0x000000061cc00000, 0x000000061ce00000| Untracked 
|  59|0x000000061ce00000, 0x000000061cfffff8, 0x000000061d000000| 99%| O|  |TAMS 0x000000061ce00000, 0x000000061cfffff8| Untracked 
|  60|0x000000061d000000, 0x000000061d1ffff0, 0x000000061d200000| 99%| O|  |TAMS 0x000000061d000000, 0x000000061d1ffff0| Untracked 
|  61|0x000000061d200000, 0x000000061d400000, 0x000000061d400000|100%| O|  |TAMS 0x000000061d200000, 0x000000061d400000| Untracked 
|  62|0x000000061d400000, 0x000000061d5ffff8, 0x000000061d600000| 99%| O|  |TAMS 0x000000061d400000, 0x000000061d5ffff8| Untracked 
|  63|0x000000061d600000, 0x000000061d800000, 0x000000061d800000|100%| O|  |TAMS 0x000000061d600000, 0x000000061d800000| Untracked 
|  64|0x000000061d800000, 0x000000061d9ffff0, 0x000000061da00000| 99%| O|  |TAMS 0x000000061d800000, 0x000000061d9ffff0| Untracked 
|  65|0x000000061da00000, 0x000000061dc00000, 0x000000061dc00000|100%| O|  |TAMS 0x000000061da00000, 0x000000061dc00000| Untracked 
|  66|0x000000061dc00000, 0x000000061de00000, 0x000000061de00000|100%| O|  |TAMS 0x000000061dc00000, 0x000000061de00000| Untracked 
|  67|0x000000061de00000, 0x000000061dfffff0, 0x000000061e000000| 99%| O|  |TAMS 0x000000061de00000, 0x000000061dfffff0| Untracked 
|  68|0x000000061e000000, 0x000000061e1ffff0, 0x000000061e200000| 99%| O|  |TAMS 0x000000061e000000, 0x000000061e1ffff0| Untracked 
|  69|0x000000061e200000, 0x000000061e400000, 0x000000061e400000|100%| O|  |TAMS 0x000000061e200000, 0x000000061e400000| Untracked 
|  70|0x000000061e400000, 0x000000061e600000, 0x000000061e600000|100%| O|  |TAMS 0x000000061e400000, 0x000000061e600000| Untracked 
|  71|0x000000061e600000, 0x000000061e800000, 0x000000061e800000|100%| O|  |TAMS 0x000000061e600000, 0x000000061e800000| Untracked 
|  72|0x000000061e800000, 0x000000061e9ffff8, 0x000000061ea00000| 99%| O|  |TAMS 0x000000061e800000, 0x000000061e9ffff8| Untracked 
|  73|0x000000061ea00000, 0x000000061ec00000, 0x000000061ec00000|100%| O|  |TAMS 0x000000061ea00000, 0x000000061ec00000| Untracked 
|  74|0x000000061ec00000, 0x000000061ee00000, 0x000000061ee00000|100%| O|  |TAMS 0x000000061ec00000, 0x000000061ee00000| Untracked 
|  75|0x000000061ee00000, 0x000000061efffff0, 0x000000061f000000| 99%| O|  |TAMS 0x000000061ee00000, 0x000000061efffff0| Untracked 
|  76|0x000000061f000000, 0x000000061f200000, 0x000000061f200000|100%| O|  |TAMS 0x000000061f000000, 0x000000061f200000| Untracked 
|  77|0x000000061f200000, 0x000000061f400000, 0x000000061f400000|100%| O|  |TAMS 0x000000061f200000, 0x000000061f400000| Untracked 
|  78|0x000000061f400000, 0x000000061f5ffff8, 0x000000061f600000| 99%| O|  |TAMS 0x000000061f400000, 0x000000061f5ffff8| Untracked 
|  79|0x000000061f600000, 0x000000061f7ffff8, 0x000000061f800000| 99%| O|  |TAMS 0x000000061f600000, 0x000000061f7ffff8| Untracked 
|  80|0x000000061f800000, 0x000000061f9ffff0, 0x000000061fa00000| 99%| O|  |TAMS 0x000000061f800000, 0x000000061f9ffff0| Untracked 
|  81|0x000000061fa00000, 0x000000061fbffff0, 0x000000061fc00000| 99%| O|  |TAMS 0x000000061fa00000, 0x000000061fbffff0| Untracked 
|  82|0x000000061fc00000, 0x000000061fe00000, 0x000000061fe00000|100%| O|  |TAMS 0x000000061fc00000, 0x000000061fe00000| Untracked 
|  83|0x000000061fe00000, 0x0000000620000000, 0x0000000620000000|100%| O|  |TAMS 0x000000061fe00000, 0x0000000620000000| Untracked 
|  84|0x0000000620000000, 0x00000006201ffff8, 0x0000000620200000| 99%| O|  |TAMS 0x0000000620000000, 0x00000006201ffff8| Untracked 
|  85|0x0000000620200000, 0x0000000620400000, 0x0000000620400000|100%| O|  |TAMS 0x0000000620200000, 0x0000000620400000| Untracked 
|  86|0x0000000620400000, 0x00000006205ffff0, 0x0000000620600000| 99%| O|  |TAMS 0x0000000620400000, 0x00000006205ffff0| Untracked 
|  87|0x0000000620600000, 0x0000000620800000, 0x0000000620800000|100%| O|  |TAMS 0x0000000620600000, 0x0000000620800000| Untracked 
|  88|0x0000000620800000, 0x0000000620a00000, 0x0000000620a00000|100%| O|  |TAMS 0x0000000620800000, 0x0000000620a00000| Untracked 
|  89|0x0000000620a00000, 0x0000000620bfffe8, 0x0000000620c00000| 99%| O|  |TAMS 0x0000000620a00000, 0x0000000620bfffe8| Untracked 
|  90|0x0000000620c00000, 0x0000000620dffff0, 0x0000000620e00000| 99%| O|  |TAMS 0x0000000620c00000, 0x0000000620dffff0| Untracked 
|  91|0x0000000620e00000, 0x0000000621000000, 0x0000000621000000|100%| O|  |TAMS 0x0000000620e00000, 0x0000000621000000| Untracked 
|  92|0x0000000621000000, 0x0000000621200000, 0x0000000621200000|100%| O|  |TAMS 0x0000000621000000, 0x0000000621200000| Untracked 
|  93|0x0000000621200000, 0x00000006213ffff8, 0x0000000621400000| 99%| O|  |TAMS 0x0000000621200000, 0x00000006213ffff8| Untracked 
|  94|0x0000000621400000, 0x00000006215ffff8, 0x0000000621600000| 99%| O|  |TAMS 0x0000000621400000, 0x00000006215ffff8| Untracked 
|  95|0x0000000621600000, 0x00000006217ffff8, 0x0000000621800000| 99%| O|  |TAMS 0x0000000621600000, 0x00000006217ffff8| Untracked 
|  96|0x0000000621800000, 0x0000000621a00000, 0x0000000621a00000|100%| O|  |TAMS 0x0000000621800000, 0x0000000621a00000| Untracked 
|  97|0x0000000621a00000, 0x0000000621c00000, 0x0000000621c00000|100%| O|  |TAMS 0x0000000621a00000, 0x0000000621c00000| Untracked 
|  98|0x0000000621c00000, 0x0000000621dffff8, 0x0000000621e00000| 99%| O|  |TAMS 0x0000000621c00000, 0x0000000621dffff8| Untracked 
|  99|0x0000000621e00000, 0x0000000621fffff8, 0x0000000622000000| 99%| O|  |TAMS 0x0000000621e00000, 0x0000000621fffff8| Untracked 
| 100|0x0000000622000000, 0x00000006221ffff8, 0x0000000622200000| 99%| O|  |TAMS 0x0000000622000000, 0x00000006221ffff8| Untracked 
| 101|0x0000000622200000, 0x0000000622400000, 0x0000000622400000|100%| O|  |TAMS 0x0000000622200000, 0x0000000622400000| Untracked 
| 102|0x0000000622400000, 0x00000006225ffff0, 0x0000000622600000| 99%| O|  |TAMS 0x0000000622400000, 0x00000006225ffff0| Untracked 
| 103|0x0000000622600000, 0x0000000622800000, 0x0000000622800000|100%| O|  |TAMS 0x0000000622600000, 0x0000000622800000| Untracked 
| 104|0x0000000622800000, 0x0000000622a00000, 0x0000000622a00000|100%| O|  |TAMS 0x0000000622800000, 0x0000000622a00000| Untracked 
| 105|0x0000000622a00000, 0x0000000622bffff8, 0x0000000622c00000| 99%| O|  |TAMS 0x0000000622a00000, 0x0000000622bffff8| Untracked 
| 106|0x0000000622c00000, 0x0000000622dfffe8, 0x0000000622e00000| 99%| O|  |TAMS 0x0000000622c00000, 0x0000000622dfffe8| Untracked 
| 107|0x0000000622e00000, 0x0000000623000000, 0x0000000623000000|100%| O|  |TAMS 0x0000000622e00000, 0x0000000623000000| Untracked 
| 108|0x0000000623000000, 0x00000006231ffff8, 0x0000000623200000| 99%| O|  |TAMS 0x0000000623000000, 0x00000006231ffff8| Untracked 
| 109|0x0000000623200000, 0x0000000623400000, 0x0000000623400000|100%| O|  |TAMS 0x0000000623200000, 0x0000000623400000| Untracked 
| 110|0x0000000623400000, 0x00000006235ffff8, 0x0000000623600000| 99%| O|  |TAMS 0x0000000623400000, 0x00000006235ffff8| Untracked 
| 111|0x0000000623600000, 0x00000006237ffff0, 0x0000000623800000| 99%| O|  |TAMS 0x0000000623600000, 0x00000006237ffff0| Untracked 
| 112|0x0000000623800000, 0x0000000623a00000, 0x0000000623a00000|100%| O|  |TAMS 0x0000000623800000, 0x0000000623a00000| Untracked 
| 113|0x0000000623a00000, 0x0000000623c00000, 0x0000000623c00000|100%| O|  |TAMS 0x0000000623a00000, 0x0000000623c00000| Untracked 
| 114|0x0000000623c00000, 0x0000000623e00000, 0x0000000623e00000|100%| O|  |TAMS 0x0000000623c00000, 0x0000000623e00000| Untracked 
| 115|0x0000000623e00000, 0x0000000623fffff0, 0x0000000624000000| 99%| O|  |TAMS 0x0000000623e00000, 0x0000000623fffff0| Untracked 
| 116|0x0000000624000000, 0x0000000624200000, 0x0000000624200000|100%| O|  |TAMS 0x0000000624000000, 0x0000000624200000| Untracked 
| 117|0x0000000624200000, 0x0000000624400000, 0x0000000624400000|100%| O|  |TAMS 0x0000000624200000, 0x0000000624400000| Untracked 
| 118|0x0000000624400000, 0x00000006245ffff0, 0x0000000624600000| 99%| O|  |TAMS 0x0000000624400000, 0x00000006245ffff0| Untracked 
| 119|0x0000000624600000, 0x0000000624800000, 0x0000000624800000|100%| O|  |TAMS 0x0000000624600000, 0x0000000624800000| Untracked 
| 120|0x0000000624800000, 0x0000000624a00000, 0x0000000624a00000|100%| O|  |TAMS 0x0000000624800000, 0x0000000624a00000| Untracked 
| 121|0x0000000624a00000, 0x0000000624bffff8, 0x0000000624c00000| 99%| O|  |TAMS 0x0000000624a00000, 0x0000000624bffff8| Untracked 
| 122|0x0000000624c00000, 0x0000000624dffff0, 0x0000000624e00000| 99%| O|  |TAMS 0x0000000624c00000, 0x0000000624dffff0| Untracked 
| 123|0x0000000624e00000, 0x0000000625000000, 0x0000000625000000|100%| O|  |TAMS 0x0000000624e00000, 0x0000000625000000| Untracked 
| 124|0x0000000625000000, 0x00000006251ffff8, 0x0000000625200000| 99%| O|  |TAMS 0x0000000625000000, 0x00000006251ffff8| Untracked 
| 125|0x0000000625200000, 0x0000000625400000, 0x0000000625400000|100%| O|  |TAMS 0x0000000625200000, 0x0000000625400000| Untracked 
| 126|0x0000000625400000, 0x00000006255ffff8, 0x0000000625600000| 99%| O|  |TAMS 0x0000000625400000, 0x00000006255ffff8| Untracked 
| 127|0x0000000625600000, 0x0000000625800000, 0x0000000625800000|100%| O|  |TAMS 0x0000000625600000, 0x0000000625800000| Untracked 
| 128|0x0000000625800000, 0x0000000625a00000, 0x0000000625a00000|100%| O|  |TAMS 0x0000000625800000, 0x0000000625a00000| Untracked 
| 129|0x0000000625a00000, 0x0000000625bffff0, 0x0000000625c00000| 99%| O|  |TAMS 0x0000000625a00000, 0x0000000625bffff0| Untracked 
| 130|0x0000000625c00000, 0x0000000625dffff8, 0x0000000625e00000| 99%| O|  |TAMS 0x0000000625c00000, 0x0000000625dffff8| Untracked 
| 131|0x0000000625e00000, 0x0000000626000000, 0x0000000626000000|100%| O|  |TAMS 0x0000000625e00000, 0x0000000626000000| Untracked 
| 132|0x0000000626000000, 0x00000006261ffff8, 0x0000000626200000| 99%| O|  |TAMS 0x0000000626000000, 0x00000006261ffff8| Untracked 
| 133|0x0000000626200000, 0x0000000626400000, 0x0000000626400000|100%| O|  |TAMS 0x0000000626200000, 0x0000000626400000| Untracked 
| 134|0x0000000626400000, 0x0000000626600000, 0x0000000626600000|100%| O|  |TAMS 0x0000000626400000, 0x0000000626600000| Untracked 
| 135|0x0000000626600000, 0x0000000626800000, 0x0000000626800000|100%| O|  |TAMS 0x0000000626600000, 0x0000000626800000| Untracked 
| 136|0x0000000626800000, 0x0000000626a00000, 0x0000000626a00000|100%| O|  |TAMS 0x0000000626800000, 0x0000000626a00000| Untracked 
| 137|0x0000000626a00000, 0x0000000626bffff0, 0x0000000626c00000| 99%| O|  |TAMS 0x0000000626a00000, 0x0000000626bffff0| Untracked 
| 138|0x0000000626c00000, 0x0000000626dffff0, 0x0000000626e00000| 99%| O|  |TAMS 0x0000000626c00000, 0x0000000626dffff0| Untracked 
| 139|0x0000000626e00000, 0x0000000626fffff8, 0x0000000627000000| 99%| O|  |TAMS 0x0000000626e00000, 0x0000000626fffff8| Untracked 
| 140|0x0000000627000000, 0x00000006271ffff8, 0x0000000627200000| 99%| O|  |TAMS 0x0000000627000000, 0x00000006271ffff8| Untracked 
| 141|0x0000000627200000, 0x0000000627400000, 0x0000000627400000|100%| O|  |TAMS 0x0000000627200000, 0x0000000627400000| Untracked 
| 142|0x0000000627400000, 0x00000006275ffff0, 0x0000000627600000| 99%| O|  |TAMS 0x0000000627400000, 0x00000006275ffff0| Untracked 
| 143|0x0000000627600000, 0x00000006277ffff8, 0x0000000627800000| 99%| O|  |TAMS 0x0000000627600000, 0x00000006277ffff8| Untracked 
| 144|0x0000000627800000, 0x0000000627a00000, 0x0000000627a00000|100%| O|  |TAMS 0x0000000627800000, 0x0000000627a00000| Untracked 
| 145|0x0000000627a00000, 0x0000000627c00000, 0x0000000627c00000|100%| O|  |TAMS 0x0000000627a00000, 0x0000000627c00000| Untracked 
| 146|0x0000000627c00000, 0x0000000627e00000, 0x0000000627e00000|100%| O|  |TAMS 0x0000000627c00000, 0x0000000627e00000| Untracked 
| 147|0x0000000627e00000, 0x0000000628000000, 0x0000000628000000|100%| O|  |TAMS 0x0000000627e00000, 0x0000000628000000| Untracked 
| 148|0x0000000628000000, 0x00000006281ffff0, 0x0000000628200000| 99%| O|  |TAMS 0x0000000628000000, 0x00000006281ffff0| Untracked 
| 149|0x0000000628200000, 0x0000000628400000, 0x0000000628400000|100%| O|  |TAMS 0x0000000628200000, 0x0000000628400000| Untracked 
| 150|0x0000000628400000, 0x00000006285ffff8, 0x0000000628600000| 99%| O|  |TAMS 0x0000000628400000, 0x00000006285ffff8| Untracked 
| 151|0x0000000628600000, 0x00000006287ffff8, 0x0000000628800000| 99%| O|  |TAMS 0x0000000628600000, 0x00000006287ffff8| Untracked 
| 152|0x0000000628800000, 0x00000006289ffff8, 0x0000000628a00000| 99%| O|  |TAMS 0x0000000628800000, 0x00000006289ffff8| Untracked 
| 153|0x0000000628a00000, 0x0000000628c00000, 0x0000000628c00000|100%| O|  |TAMS 0x0000000628a00000, 0x0000000628c00000| Untracked 
| 154|0x0000000628c00000, 0x0000000628e00000, 0x0000000628e00000|100%| O|  |TAMS 0x0000000628c00000, 0x0000000628e00000| Untracked 
| 155|0x0000000628e00000, 0x0000000628fffff0, 0x0000000629000000| 99%| O|  |TAMS 0x0000000628e00000, 0x0000000628fffff0| Untracked 
| 156|0x0000000629000000, 0x00000006291ffff8, 0x0000000629200000| 99%| O|  |TAMS 0x0000000629000000, 0x00000006291ffff8| Untracked 
| 157|0x0000000629200000, 0x0000000629400000, 0x0000000629400000|100%| O|  |TAMS 0x0000000629200000, 0x0000000629400000| Untracked 
| 158|0x0000000629400000, 0x0000000629600000, 0x0000000629600000|100%| O|  |TAMS 0x0000000629400000, 0x0000000629600000| Untracked 
| 159|0x0000000629600000, 0x00000006297ffff8, 0x0000000629800000| 99%| O|  |TAMS 0x0000000629600000, 0x00000006297ffff8| Untracked 
| 160|0x0000000629800000, 0x00000006299ffff8, 0x0000000629a00000| 99%| O|  |TAMS 0x0000000629800000, 0x00000006299ffff8| Untracked 
| 161|0x0000000629a00000, 0x0000000629bffff8, 0x0000000629c00000| 99%| O|  |TAMS 0x0000000629a00000, 0x0000000629bffff8| Untracked 
| 162|0x0000000629c00000, 0x0000000629e00000, 0x0000000629e00000|100%| O|  |TAMS 0x0000000629c00000, 0x0000000629e00000| Untracked 
| 163|0x0000000629e00000, 0x0000000629fffff8, 0x000000062a000000| 99%| O|  |TAMS 0x0000000629e00000, 0x0000000629fffff8| Untracked 
| 164|0x000000062a000000, 0x000000062a200000, 0x000000062a200000|100%| O|  |TAMS 0x000000062a000000, 0x000000062a200000| Untracked 
| 165|0x000000062a200000, 0x000000062a400000, 0x000000062a400000|100%| O|  |TAMS 0x000000062a200000, 0x000000062a400000| Untracked 
| 166|0x000000062a400000, 0x000000062a5ffff8, 0x000000062a600000| 99%| O|  |TAMS 0x000000062a400000, 0x000000062a5ffff8| Untracked 
| 167|0x000000062a600000, 0x000000062a800000, 0x000000062a800000|100%| O|  |TAMS 0x000000062a600000, 0x000000062a800000| Untracked 
| 168|0x000000062a800000, 0x000000062a9ffff8, 0x000000062aa00000| 99%| O|  |TAMS 0x000000062a800000, 0x000000062a9ffff8| Untracked 
| 169|0x000000062aa00000, 0x000000062abffff0, 0x000000062ac00000| 99%| O|  |TAMS 0x000000062aa00000, 0x000000062abffff0| Untracked 
| 170|0x000000062ac00000, 0x000000062adffff0, 0x000000062ae00000| 99%| O|  |TAMS 0x000000062ac00000, 0x000000062adffff0| Untracked 
| 171|0x000000062ae00000, 0x000000062afffff8, 0x000000062b000000| 99%| O|  |TAMS 0x000000062ae00000, 0x000000062afffff8| Untracked 
| 172|0x000000062b000000, 0x000000062b200000, 0x000000062b200000|100%| O|  |TAMS 0x000000062b000000, 0x000000062b200000| Untracked 
| 173|0x000000062b200000, 0x000000062b3ffff8, 0x000000062b400000| 99%| O|  |TAMS 0x000000062b200000, 0x000000062b3ffff8| Untracked 
| 174|0x000000062b400000, 0x000000062b600000, 0x000000062b600000|100%| O|  |TAMS 0x000000062b400000, 0x000000062b600000| Untracked 
| 175|0x000000062b600000, 0x000000062b800000, 0x000000062b800000|100%| O|  |TAMS 0x000000062b600000, 0x000000062b800000| Untracked 
| 176|0x000000062b800000, 0x000000062ba00000, 0x000000062ba00000|100%| O|  |TAMS 0x000000062b800000, 0x000000062ba00000| Untracked 
| 177|0x000000062ba00000, 0x000000062bbffff8, 0x000000062bc00000| 99%| O|  |TAMS 0x000000062ba00000, 0x000000062bbffff8| Untracked 
| 178|0x000000062bc00000, 0x000000062be00000, 0x000000062be00000|100%| O|  |TAMS 0x000000062bc00000, 0x000000062be00000| Untracked 
| 179|0x000000062be00000, 0x000000062c000000, 0x000000062c000000|100%| O|  |TAMS 0x000000062be00000, 0x000000062c000000| Untracked 
| 180|0x000000062c000000, 0x000000062c200000, 0x000000062c200000|100%| O|  |TAMS 0x000000062c000000, 0x000000062c200000| Untracked 
| 181|0x000000062c200000, 0x000000062c3ffff8, 0x000000062c400000| 99%| O|  |TAMS 0x000000062c200000, 0x000000062c3ffff8| Untracked 
| 182|0x000000062c400000, 0x000000062c5ffff8, 0x000000062c600000| 99%| O|  |TAMS 0x000000062c400000, 0x000000062c5ffff8| Untracked 
| 183|0x000000062c600000, 0x000000062c7ffff8, 0x000000062c800000| 99%| O|  |TAMS 0x000000062c600000, 0x000000062c7ffff8| Untracked 
| 184|0x000000062c800000, 0x000000062c9ffff8, 0x000000062ca00000| 99%| O|  |TAMS 0x000000062c800000, 0x000000062c9ffff8| Untracked 
| 185|0x000000062ca00000, 0x000000062cc00000, 0x000000062cc00000|100%| O|  |TAMS 0x000000062ca00000, 0x000000062cc00000| Untracked 
| 186|0x000000062cc00000, 0x000000062cdffff8, 0x000000062ce00000| 99%| O|  |TAMS 0x000000062cc00000, 0x000000062cdffff8| Untracked 
| 187|0x000000062ce00000, 0x000000062cfffff8, 0x000000062d000000| 99%| O|  |TAMS 0x000000062ce00000, 0x000000062cfffff8| Untracked 
| 188|0x000000062d000000, 0x000000062d200000, 0x000000062d200000|100%| O|  |TAMS 0x000000062d000000, 0x000000062d200000| Untracked 
| 189|0x000000062d200000, 0x000000062d3ffff0, 0x000000062d400000| 99%| O|  |TAMS 0x000000062d200000, 0x000000062d3ffff0| Untracked 
| 190|0x000000062d400000, 0x000000062d600000, 0x000000062d600000|100%| O|  |TAMS 0x000000062d400000, 0x000000062d600000| Untracked 
| 191|0x000000062d600000, 0x000000062d800000, 0x000000062d800000|100%| O|  |TAMS 0x000000062d600000, 0x000000062d800000| Untracked 
| 192|0x000000062d800000, 0x000000062da00000, 0x000000062da00000|100%| O|  |TAMS 0x000000062d800000, 0x000000062da00000| Untracked 
| 193|0x000000062da00000, 0x000000062dbffff0, 0x000000062dc00000| 99%| O|  |TAMS 0x000000062da00000, 0x000000062dbffff0| Untracked 
| 194|0x000000062dc00000, 0x000000062ddffff0, 0x000000062de00000| 99%| O|  |TAMS 0x000000062dc00000, 0x000000062ddffff0| Untracked 
| 195|0x000000062de00000, 0x000000062e000000, 0x000000062e000000|100%| O|  |TAMS 0x000000062de00000, 0x000000062e000000| Untracked 
| 196|0x000000062e000000, 0x000000062e200000, 0x000000062e200000|100%|HS|  |TAMS 0x000000062e000000, 0x000000062e200000| Untracked 
| 197|0x000000062e200000, 0x000000062e400000, 0x000000062e400000|100%|HC|  |TAMS 0x000000062e200000, 0x000000062e400000| Untracked 
| 198|0x000000062e400000, 0x000000062e600000, 0x000000062e600000|100%|HC|  |TAMS 0x000000062e400000, 0x000000062e600000| Untracked 
| 199|0x000000062e600000, 0x000000062e800000, 0x000000062e800000|100%|HC|  |TAMS 0x000000062e600000, 0x000000062e800000| Untracked 
| 200|0x000000062e800000, 0x000000062ea00000, 0x000000062ea00000|100%|HC|  |TAMS 0x000000062e800000, 0x000000062ea00000| Untracked 
| 201|0x000000062ea00000, 0x000000062ec00000, 0x000000062ec00000|100%|HC|  |TAMS 0x000000062ea00000, 0x000000062ec00000| Untracked 
| 202|0x000000062ec00000, 0x000000062ee00000, 0x000000062ee00000|100%|HC|  |TAMS 0x000000062ec00000, 0x000000062ee00000| Untracked 
| 203|0x000000062ee00000, 0x000000062f000000, 0x000000062f000000|100%|HC|  |TAMS 0x000000062ee00000, 0x000000062f000000| Untracked 
| 204|0x000000062f000000, 0x000000062f200000, 0x000000062f200000|100%|HC|  |TAMS 0x000000062f000000, 0x000000062f200000| Untracked 
| 205|0x000000062f200000, 0x000000062f400000, 0x000000062f400000|100%|HC|  |TAMS 0x000000062f200000, 0x000000062f400000| Untracked 
| 206|0x000000062f400000, 0x000000062f600000, 0x000000062f600000|100%|HC|  |TAMS 0x000000062f400000, 0x000000062f600000| Untracked 
| 207|0x000000062f600000, 0x000000062f800000, 0x000000062f800000|100%|HC|  |TAMS 0x000000062f600000, 0x000000062f800000| Untracked 
| 208|0x000000062f800000, 0x000000062fa00000, 0x000000062fa00000|100%|HC|  |TAMS 0x000000062f800000, 0x000000062fa00000| Untracked 
| 209|0x000000062fa00000, 0x000000062fc00000, 0x000000062fc00000|100%|HC|  |TAMS 0x000000062fa00000, 0x000000062fc00000| Untracked 
| 210|0x000000062fc00000, 0x000000062fe00000, 0x000000062fe00000|100%|HC|  |TAMS 0x000000062fc00000, 0x000000062fe00000| Untracked 
| 211|0x000000062fe00000, 0x0000000630000000, 0x0000000630000000|100%|HC|  |TAMS 0x000000062fe00000, 0x0000000630000000| Untracked 
| 212|0x0000000630000000, 0x0000000630200000, 0x0000000630200000|100%|HC|  |TAMS 0x0000000630000000, 0x0000000630200000| Untracked 
| 213|0x0000000630200000, 0x0000000630400000, 0x0000000630400000|100%|HC|  |TAMS 0x0000000630200000, 0x0000000630400000| Untracked 
| 214|0x0000000630400000, 0x0000000630600000, 0x0000000630600000|100%|HC|  |TAMS 0x0000000630400000, 0x0000000630600000| Untracked 
| 215|0x0000000630600000, 0x0000000630800000, 0x0000000630800000|100%|HC|  |TAMS 0x0000000630600000, 0x0000000630800000| Untracked 
| 216|0x0000000630800000, 0x0000000630a00000, 0x0000000630a00000|100%|HC|  |TAMS 0x0000000630800000, 0x0000000630a00000| Untracked 
| 217|0x0000000630a00000, 0x0000000630c00000, 0x0000000630c00000|100%|HC|  |TAMS 0x0000000630a00000, 0x0000000630c00000| Untracked 
| 218|0x0000000630c00000, 0x0000000630e00000, 0x0000000630e00000|100%|HC|  |TAMS 0x0000000630c00000, 0x0000000630e00000| Untracked 
| 219|0x0000000630e00000, 0x0000000631000000, 0x0000000631000000|100%|HC|  |TAMS 0x0000000630e00000, 0x0000000631000000| Untracked 
| 220|0x0000000631000000, 0x0000000631200000, 0x0000000631200000|100%|HC|  |TAMS 0x0000000631000000, 0x0000000631200000| Untracked 
| 221|0x0000000631200000, 0x0000000631400000, 0x0000000631400000|100%|HC|  |TAMS 0x0000000631200000, 0x0000000631400000| Untracked 
| 222|0x0000000631400000, 0x0000000631600000, 0x0000000631600000|100%|HC|  |TAMS 0x0000000631400000, 0x0000000631600000| Untracked 
| 223|0x0000000631600000, 0x0000000631800000, 0x0000000631800000|100%|HC|  |TAMS 0x0000000631600000, 0x0000000631800000| Untracked 
| 224|0x0000000631800000, 0x0000000631a00000, 0x0000000631a00000|100%|HC|  |TAMS 0x0000000631800000, 0x0000000631a00000| Untracked 
| 225|0x0000000631a00000, 0x0000000631c00000, 0x0000000631c00000|100%|HC|  |TAMS 0x0000000631a00000, 0x0000000631c00000| Untracked 
| 226|0x0000000631c00000, 0x0000000631e00000, 0x0000000631e00000|100%|HC|  |TAMS 0x0000000631c00000, 0x0000000631e00000| Untracked 
| 227|0x0000000631e00000, 0x0000000632000000, 0x0000000632000000|100%|HC|  |TAMS 0x0000000631e00000, 0x0000000632000000| Untracked 
| 228|0x0000000632000000, 0x0000000632200000, 0x0000000632200000|100%|HC|  |TAMS 0x0000000632000000, 0x0000000632200000| Untracked 
| 229|0x0000000632200000, 0x0000000632400000, 0x0000000632400000|100%|HC|  |TAMS 0x0000000632200000, 0x0000000632400000| Untracked 
| 230|0x0000000632400000, 0x0000000632600000, 0x0000000632600000|100%|HC|  |TAMS 0x0000000632400000, 0x0000000632600000| Untracked 
| 231|0x0000000632600000, 0x0000000632800000, 0x0000000632800000|100%|HC|  |TAMS 0x0000000632600000, 0x0000000632800000| Untracked 
| 232|0x0000000632800000, 0x0000000632a00000, 0x0000000632a00000|100%|HC|  |TAMS 0x0000000632800000, 0x0000000632a00000| Untracked 
| 233|0x0000000632a00000, 0x0000000632c00000, 0x0000000632c00000|100%|HC|  |TAMS 0x0000000632a00000, 0x0000000632c00000| Untracked 
| 234|0x0000000632c00000, 0x0000000632e00000, 0x0000000632e00000|100%|HC|  |TAMS 0x0000000632c00000, 0x0000000632e00000| Untracked 
| 235|0x0000000632e00000, 0x0000000633000000, 0x0000000633000000|100%|HC|  |TAMS 0x0000000632e00000, 0x0000000633000000| Untracked 
| 236|0x0000000633000000, 0x0000000633200000, 0x0000000633200000|100%|HC|  |TAMS 0x0000000633000000, 0x0000000633200000| Untracked 
| 237|0x0000000633200000, 0x0000000633400000, 0x0000000633400000|100%|HC|  |TAMS 0x0000000633200000, 0x0000000633400000| Untracked 
| 238|0x0000000633400000, 0x0000000633600000, 0x0000000633600000|100%|HC|  |TAMS 0x0000000633400000, 0x0000000633600000| Untracked 
| 239|0x0000000633600000, 0x0000000633800000, 0x0000000633800000|100%|HC|  |TAMS 0x0000000633600000, 0x0000000633800000| Untracked 
| 240|0x0000000633800000, 0x0000000633a00000, 0x0000000633a00000|100%|HC|  |TAMS 0x0000000633800000, 0x0000000633a00000| Untracked 
| 241|0x0000000633a00000, 0x0000000633c00000, 0x0000000633c00000|100%|HC|  |TAMS 0x0000000633a00000, 0x0000000633c00000| Untracked 
| 242|0x0000000633c00000, 0x0000000633e00000, 0x0000000633e00000|100%|HC|  |TAMS 0x0000000633c00000, 0x0000000633e00000| Untracked 
| 243|0x0000000633e00000, 0x0000000634000000, 0x0000000634000000|100%|HC|  |TAMS 0x0000000633e00000, 0x0000000634000000| Untracked 
| 244|0x0000000634000000, 0x0000000634200000, 0x0000000634200000|100%|HC|  |TAMS 0x0000000634000000, 0x0000000634200000| Untracked 
| 245|0x0000000634200000, 0x0000000634400000, 0x0000000634400000|100%|HC|  |TAMS 0x0000000634200000, 0x0000000634400000| Untracked 
| 246|0x0000000634400000, 0x0000000634600000, 0x0000000634600000|100%|HC|  |TAMS 0x0000000634400000, 0x0000000634600000| Untracked 
| 247|0x0000000634600000, 0x0000000634800000, 0x0000000634800000|100%|HC|  |TAMS 0x0000000634600000, 0x0000000634800000| Untracked 
| 248|0x0000000634800000, 0x0000000634a00000, 0x0000000634a00000|100%|HC|  |TAMS 0x0000000634800000, 0x0000000634a00000| Untracked 
| 249|0x0000000634a00000, 0x0000000634c00000, 0x0000000634c00000|100%|HC|  |TAMS 0x0000000634a00000, 0x0000000634c00000| Untracked 
| 250|0x0000000634c00000, 0x0000000634e00000, 0x0000000634e00000|100%|HC|  |TAMS 0x0000000634c00000, 0x0000000634e00000| Untracked 
| 251|0x0000000634e00000, 0x0000000635000000, 0x0000000635000000|100%|HC|  |TAMS 0x0000000634e00000, 0x0000000635000000| Untracked 
| 252|0x0000000635000000, 0x0000000635200000, 0x0000000635200000|100%|HC|  |TAMS 0x0000000635000000, 0x0000000635200000| Untracked 
| 253|0x0000000635200000, 0x0000000635400000, 0x0000000635400000|100%|HC|  |TAMS 0x0000000635200000, 0x0000000635400000| Untracked 
| 254|0x0000000635400000, 0x0000000635600000, 0x0000000635600000|100%|HC|  |TAMS 0x0000000635400000, 0x0000000635600000| Untracked 
| 255|0x0000000635600000, 0x0000000635800000, 0x0000000635800000|100%|HC|  |TAMS 0x0000000635600000, 0x0000000635800000| Untracked 
| 256|0x0000000635800000, 0x0000000635a00000, 0x0000000635a00000|100%|HC|  |TAMS 0x0000000635800000, 0x0000000635a00000| Untracked 
| 257|0x0000000635a00000, 0x0000000635c00000, 0x0000000635c00000|100%|HC|  |TAMS 0x0000000635a00000, 0x0000000635c00000| Untracked 
| 258|0x0000000635c00000, 0x0000000635e00000, 0x0000000635e00000|100%|HC|  |TAMS 0x0000000635c00000, 0x0000000635e00000| Untracked 
| 259|0x0000000635e00000, 0x0000000636000000, 0x0000000636000000|100%|HC|  |TAMS 0x0000000635e00000, 0x0000000636000000| Untracked 
| 260|0x0000000636000000, 0x0000000636200000, 0x0000000636200000|100%|HC|  |TAMS 0x0000000636000000, 0x0000000636200000| Untracked 
| 261|0x0000000636200000, 0x0000000636400000, 0x0000000636400000|100%|HC|  |TAMS 0x0000000636200000, 0x0000000636400000| Untracked 
| 262|0x0000000636400000, 0x0000000636600000, 0x0000000636600000|100%|HC|  |TAMS 0x0000000636400000, 0x0000000636600000| Untracked 
| 263|0x0000000636600000, 0x0000000636800000, 0x0000000636800000|100%|HC|  |TAMS 0x0000000636600000, 0x0000000636800000| Untracked 
| 264|0x0000000636800000, 0x0000000636a00000, 0x0000000636a00000|100%|HC|  |TAMS 0x0000000636800000, 0x0000000636a00000| Untracked 
| 265|0x0000000636a00000, 0x0000000636c00000, 0x0000000636c00000|100%|HC|  |TAMS 0x0000000636a00000, 0x0000000636c00000| Untracked 
| 266|0x0000000636c00000, 0x0000000636e00000, 0x0000000636e00000|100%|HC|  |TAMS 0x0000000636c00000, 0x0000000636e00000| Untracked 
| 267|0x0000000636e00000, 0x0000000637000000, 0x0000000637000000|100%|HC|  |TAMS 0x0000000636e00000, 0x0000000637000000| Untracked 
| 268|0x0000000637000000, 0x0000000637200000, 0x0000000637200000|100%|HC|  |TAMS 0x0000000637000000, 0x0000000637200000| Untracked 
| 269|0x0000000637200000, 0x0000000637400000, 0x0000000637400000|100%|HC|  |TAMS 0x0000000637200000, 0x0000000637400000| Untracked 
| 270|0x0000000637400000, 0x0000000637600000, 0x0000000637600000|100%|HC|  |TAMS 0x0000000637400000, 0x0000000637600000| Untracked 
| 271|0x0000000637600000, 0x0000000637800000, 0x0000000637800000|100%|HC|  |TAMS 0x0000000637600000, 0x0000000637800000| Untracked 
| 272|0x0000000637800000, 0x0000000637a00000, 0x0000000637a00000|100%|HC|  |TAMS 0x0000000637800000, 0x0000000637a00000| Untracked 
| 273|0x0000000637a00000, 0x0000000637c00000, 0x0000000637c00000|100%|HC|  |TAMS 0x0000000637a00000, 0x0000000637c00000| Untracked 
| 274|0x0000000637c00000, 0x0000000637e00000, 0x0000000637e00000|100%|HC|  |TAMS 0x0000000637c00000, 0x0000000637e00000| Untracked 
| 275|0x0000000637e00000, 0x0000000638000000, 0x0000000638000000|100%|HC|  |TAMS 0x0000000637e00000, 0x0000000638000000| Untracked 
| 276|0x0000000638000000, 0x0000000638200000, 0x0000000638200000|100%|HC|  |TAMS 0x0000000638000000, 0x0000000638200000| Untracked 
| 277|0x0000000638200000, 0x0000000638400000, 0x0000000638400000|100%|HC|  |TAMS 0x0000000638200000, 0x0000000638400000| Untracked 
| 278|0x0000000638400000, 0x0000000638600000, 0x0000000638600000|100%|HC|  |TAMS 0x0000000638400000, 0x0000000638600000| Untracked 
| 279|0x0000000638600000, 0x0000000638800000, 0x0000000638800000|100%|HC|  |TAMS 0x0000000638600000, 0x0000000638800000| Untracked 
| 280|0x0000000638800000, 0x0000000638a00000, 0x0000000638a00000|100%|HC|  |TAMS 0x0000000638800000, 0x0000000638a00000| Untracked 
| 281|0x0000000638a00000, 0x0000000638c00000, 0x0000000638c00000|100%|HC|  |TAMS 0x0000000638a00000, 0x0000000638c00000| Untracked 
| 282|0x0000000638c00000, 0x0000000638e00000, 0x0000000638e00000|100%|HC|  |TAMS 0x0000000638c00000, 0x0000000638e00000| Untracked 
| 283|0x0000000638e00000, 0x0000000639000000, 0x0000000639000000|100%|HC|  |TAMS 0x0000000638e00000, 0x0000000639000000| Untracked 
| 284|0x0000000639000000, 0x0000000639200000, 0x0000000639200000|100%|HC|  |TAMS 0x0000000639000000, 0x0000000639200000| Untracked 
| 285|0x0000000639200000, 0x0000000639400000, 0x0000000639400000|100%|HC|  |TAMS 0x0000000639200000, 0x0000000639400000| Untracked 
| 286|0x0000000639400000, 0x0000000639600000, 0x0000000639600000|100%|HC|  |TAMS 0x0000000639400000, 0x0000000639600000| Untracked 
| 287|0x0000000639600000, 0x0000000639800000, 0x0000000639800000|100%|HC|  |TAMS 0x0000000639600000, 0x0000000639800000| Untracked 
| 288|0x0000000639800000, 0x0000000639a00000, 0x0000000639a00000|100%|HC|  |TAMS 0x0000000639800000, 0x0000000639a00000| Untracked 
| 289|0x0000000639a00000, 0x0000000639c00000, 0x0000000639c00000|100%|HC|  |TAMS 0x0000000639a00000, 0x0000000639c00000| Untracked 
| 290|0x0000000639c00000, 0x0000000639e00000, 0x0000000639e00000|100%|HC|  |TAMS 0x0000000639c00000, 0x0000000639e00000| Untracked 
| 291|0x0000000639e00000, 0x000000063a000000, 0x000000063a000000|100%|HC|  |TAMS 0x0000000639e00000, 0x000000063a000000| Untracked 
| 292|0x000000063a000000, 0x000000063a200000, 0x000000063a200000|100%|HC|  |TAMS 0x000000063a000000, 0x000000063a200000| Untracked 
| 293|0x000000063a200000, 0x000000063a400000, 0x000000063a400000|100%|HC|  |TAMS 0x000000063a200000, 0x000000063a400000| Untracked 
| 294|0x000000063a400000, 0x000000063a600000, 0x000000063a600000|100%|HC|  |TAMS 0x000000063a400000, 0x000000063a600000| Untracked 
| 295|0x000000063a600000, 0x000000063a800000, 0x000000063a800000|100%|HC|  |TAMS 0x000000063a600000, 0x000000063a800000| Untracked 
| 296|0x000000063a800000, 0x000000063aa00000, 0x000000063aa00000|100%|HC|  |TAMS 0x000000063a800000, 0x000000063aa00000| Untracked 
| 297|0x000000063aa00000, 0x000000063ac00000, 0x000000063ac00000|100%|HC|  |TAMS 0x000000063aa00000, 0x000000063ac00000| Untracked 
| 298|0x000000063ac00000, 0x000000063ae00000, 0x000000063ae00000|100%|HC|  |TAMS 0x000000063ac00000, 0x000000063ae00000| Untracked 
| 299|0x000000063ae00000, 0x000000063b000000, 0x000000063b000000|100%|HC|  |TAMS 0x000000063ae00000, 0x000000063b000000| Untracked 
| 300|0x000000063b000000, 0x000000063b200000, 0x000000063b200000|100%|HC|  |TAMS 0x000000063b000000, 0x000000063b200000| Untracked 
| 301|0x000000063b200000, 0x000000063b400000, 0x000000063b400000|100%|HC|  |TAMS 0x000000063b200000, 0x000000063b400000| Untracked 
| 302|0x000000063b400000, 0x000000063b600000, 0x000000063b600000|100%|HC|  |TAMS 0x000000063b400000, 0x000000063b600000| Untracked 
| 303|0x000000063b600000, 0x000000063b800000, 0x000000063b800000|100%|HC|  |TAMS 0x000000063b600000, 0x000000063b800000| Untracked 
| 304|0x000000063b800000, 0x000000063ba00000, 0x000000063ba00000|100%|HC|  |TAMS 0x000000063b800000, 0x000000063ba00000| Untracked 
| 305|0x000000063ba00000, 0x000000063bc00000, 0x000000063bc00000|100%|HC|  |TAMS 0x000000063ba00000, 0x000000063bc00000| Untracked 
| 306|0x000000063bc00000, 0x000000063be00000, 0x000000063be00000|100%|HC|  |TAMS 0x000000063bc00000, 0x000000063be00000| Untracked 
| 307|0x000000063be00000, 0x000000063c000000, 0x000000063c000000|100%|HC|  |TAMS 0x000000063be00000, 0x000000063c000000| Untracked 
| 308|0x000000063c000000, 0x000000063c200000, 0x000000063c200000|100%|HC|  |TAMS 0x000000063c000000, 0x000000063c200000| Untracked 
| 309|0x000000063c200000, 0x000000063c400000, 0x000000063c400000|100%|HC|  |TAMS 0x000000063c200000, 0x000000063c400000| Untracked 
| 310|0x000000063c400000, 0x000000063c600000, 0x000000063c600000|100%|HC|  |TAMS 0x000000063c400000, 0x000000063c600000| Untracked 
| 311|0x000000063c600000, 0x000000063c800000, 0x000000063c800000|100%|HC|  |TAMS 0x000000063c600000, 0x000000063c800000| Untracked 
| 312|0x000000063c800000, 0x000000063ca00000, 0x000000063ca00000|100%|HC|  |TAMS 0x000000063c800000, 0x000000063ca00000| Untracked 
| 313|0x000000063ca00000, 0x000000063cc00000, 0x000000063cc00000|100%|HC|  |TAMS 0x000000063ca00000, 0x000000063cc00000| Untracked 
| 314|0x000000063cc00000, 0x000000063ce00000, 0x000000063ce00000|100%|HC|  |TAMS 0x000000063cc00000, 0x000000063ce00000| Untracked 
| 315|0x000000063ce00000, 0x000000063d000000, 0x000000063d000000|100%|HC|  |TAMS 0x000000063ce00000, 0x000000063d000000| Untracked 
| 316|0x000000063d000000, 0x000000063d200000, 0x000000063d200000|100%|HC|  |TAMS 0x000000063d000000, 0x000000063d200000| Untracked 
| 317|0x000000063d200000, 0x000000063d400000, 0x000000063d400000|100%|HC|  |TAMS 0x000000063d200000, 0x000000063d400000| Untracked 
| 318|0x000000063d400000, 0x000000063d600000, 0x000000063d600000|100%|HC|  |TAMS 0x000000063d400000, 0x000000063d600000| Untracked 
| 319|0x000000063d600000, 0x000000063d800000, 0x000000063d800000|100%|HC|  |TAMS 0x000000063d600000, 0x000000063d800000| Untracked 
| 320|0x000000063d800000, 0x000000063da00000, 0x000000063da00000|100%|HC|  |TAMS 0x000000063d800000, 0x000000063da00000| Untracked 
| 321|0x000000063da00000, 0x000000063dc00000, 0x000000063dc00000|100%|HC|  |TAMS 0x000000063da00000, 0x000000063dc00000| Untracked 
| 322|0x000000063dc00000, 0x000000063de00000, 0x000000063de00000|100%|HC|  |TAMS 0x000000063dc00000, 0x000000063de00000| Untracked 
| 323|0x000000063de00000, 0x000000063e000000, 0x000000063e000000|100%|HC|  |TAMS 0x000000063de00000, 0x000000063e000000| Untracked 
| 324|0x000000063e000000, 0x000000063e200000, 0x000000063e200000|100%|HC|  |TAMS 0x000000063e000000, 0x000000063e200000| Untracked 
| 325|0x000000063e200000, 0x000000063e400000, 0x000000063e400000|100%|HC|  |TAMS 0x000000063e200000, 0x000000063e400000| Untracked 
| 326|0x000000063e400000, 0x000000063e600000, 0x000000063e600000|100%|HC|  |TAMS 0x000000063e400000, 0x000000063e600000| Untracked 
| 327|0x000000063e600000, 0x000000063e800000, 0x000000063e800000|100%|HC|  |TAMS 0x000000063e600000, 0x000000063e800000| Untracked 
| 328|0x000000063e800000, 0x000000063ea00000, 0x000000063ea00000|100%|HC|  |TAMS 0x000000063e800000, 0x000000063ea00000| Untracked 
| 329|0x000000063ea00000, 0x000000063ec00000, 0x000000063ec00000|100%|HC|  |TAMS 0x000000063ea00000, 0x000000063ec00000| Untracked 
| 330|0x000000063ec00000, 0x000000063ee00000, 0x000000063ee00000|100%|HC|  |TAMS 0x000000063ec00000, 0x000000063ee00000| Untracked 
| 331|0x000000063ee00000, 0x000000063f000000, 0x000000063f000000|100%|HC|  |TAMS 0x000000063ee00000, 0x000000063f000000| Untracked 
| 332|0x000000063f000000, 0x000000063f200000, 0x000000063f200000|100%|HC|  |TAMS 0x000000063f000000, 0x000000063f200000| Untracked 
| 333|0x000000063f200000, 0x000000063f400000, 0x000000063f400000|100%|HC|  |TAMS 0x000000063f200000, 0x000000063f400000| Untracked 
| 334|0x000000063f400000, 0x000000063f600000, 0x000000063f600000|100%|HC|  |TAMS 0x000000063f400000, 0x000000063f600000| Untracked 
| 335|0x000000063f600000, 0x000000063f800000, 0x000000063f800000|100%|HC|  |TAMS 0x000000063f600000, 0x000000063f800000| Untracked 
| 336|0x000000063f800000, 0x000000063fa00000, 0x000000063fa00000|100%|HC|  |TAMS 0x000000063f800000, 0x000000063fa00000| Untracked 
| 337|0x000000063fa00000, 0x000000063fc00000, 0x000000063fc00000|100%|HC|  |TAMS 0x000000063fa00000, 0x000000063fc00000| Untracked 
| 338|0x000000063fc00000, 0x000000063fe00000, 0x000000063fe00000|100%|HC|  |TAMS 0x000000063fc00000, 0x000000063fe00000| Untracked 
| 339|0x000000063fe00000, 0x0000000640000000, 0x0000000640000000|100%|HC|  |TAMS 0x000000063fe00000, 0x0000000640000000| Untracked 
| 340|0x0000000640000000, 0x0000000640200000, 0x0000000640200000|100%|HC|  |TAMS 0x0000000640000000, 0x0000000640200000| Untracked 
| 341|0x0000000640200000, 0x0000000640400000, 0x0000000640400000|100%|HC|  |TAMS 0x0000000640200000, 0x0000000640400000| Untracked 
| 342|0x0000000640400000, 0x0000000640600000, 0x0000000640600000|100%|HC|  |TAMS 0x0000000640400000, 0x0000000640600000| Untracked 
| 343|0x0000000640600000, 0x0000000640800000, 0x0000000640800000|100%|HC|  |TAMS 0x0000000640600000, 0x0000000640800000| Untracked 
| 344|0x0000000640800000, 0x0000000640a00000, 0x0000000640a00000|100%|HC|  |TAMS 0x0000000640800000, 0x0000000640a00000| Untracked 
| 345|0x0000000640a00000, 0x0000000640c00000, 0x0000000640c00000|100%|HC|  |TAMS 0x0000000640a00000, 0x0000000640c00000| Untracked 
| 346|0x0000000640c00000, 0x0000000640e00000, 0x0000000640e00000|100%|HC|  |TAMS 0x0000000640c00000, 0x0000000640e00000| Untracked 
| 347|0x0000000640e00000, 0x0000000641000000, 0x0000000641000000|100%|HC|  |TAMS 0x0000000640e00000, 0x0000000641000000| Untracked 
| 348|0x0000000641000000, 0x0000000641200000, 0x0000000641200000|100%|HC|  |TAMS 0x0000000641000000, 0x0000000641200000| Untracked 
| 349|0x0000000641200000, 0x0000000641400000, 0x0000000641400000|100%|HC|  |TAMS 0x0000000641200000, 0x0000000641400000| Untracked 
| 350|0x0000000641400000, 0x0000000641600000, 0x0000000641600000|100%|HC|  |TAMS 0x0000000641400000, 0x0000000641600000| Untracked 
| 351|0x0000000641600000, 0x0000000641800000, 0x0000000641800000|100%|HC|  |TAMS 0x0000000641600000, 0x0000000641800000| Untracked 
| 352|0x0000000641800000, 0x0000000641a00000, 0x0000000641a00000|100%|HC|  |TAMS 0x0000000641800000, 0x0000000641a00000| Untracked 
| 353|0x0000000641a00000, 0x0000000641c00000, 0x0000000641c00000|100%|HC|  |TAMS 0x0000000641a00000, 0x0000000641c00000| Untracked 
| 354|0x0000000641c00000, 0x0000000641e00000, 0x0000000641e00000|100%|HC|  |TAMS 0x0000000641c00000, 0x0000000641e00000| Untracked 
| 355|0x0000000641e00000, 0x0000000642000000, 0x0000000642000000|100%|HC|  |TAMS 0x0000000641e00000, 0x0000000642000000| Untracked 
| 356|0x0000000642000000, 0x0000000642200000, 0x0000000642200000|100%|HC|  |TAMS 0x0000000642000000, 0x0000000642200000| Untracked 
| 357|0x0000000642200000, 0x0000000642400000, 0x0000000642400000|100%|HC|  |TAMS 0x0000000642200000, 0x0000000642400000| Untracked 
| 358|0x0000000642400000, 0x0000000642600000, 0x0000000642600000|100%|HC|  |TAMS 0x0000000642400000, 0x0000000642600000| Untracked 
| 359|0x0000000642600000, 0x0000000642800000, 0x0000000642800000|100%|HC|  |TAMS 0x0000000642600000, 0x0000000642800000| Untracked 
| 360|0x0000000642800000, 0x0000000642a00000, 0x0000000642a00000|100%|HC|  |TAMS 0x0000000642800000, 0x0000000642a00000| Untracked 
| 361|0x0000000642a00000, 0x0000000642c00000, 0x0000000642c00000|100%|HC|  |TAMS 0x0000000642a00000, 0x0000000642c00000| Untracked 
| 362|0x0000000642c00000, 0x0000000642e00000, 0x0000000642e00000|100%|HC|  |TAMS 0x0000000642c00000, 0x0000000642e00000| Untracked 
| 363|0x0000000642e00000, 0x0000000643000000, 0x0000000643000000|100%|HC|  |TAMS 0x0000000642e00000, 0x0000000643000000| Untracked 
| 364|0x0000000643000000, 0x0000000643200000, 0x0000000643200000|100%|HC|  |TAMS 0x0000000643000000, 0x0000000643200000| Untracked 
| 365|0x0000000643200000, 0x0000000643400000, 0x0000000643400000|100%|HC|  |TAMS 0x0000000643200000, 0x0000000643400000| Untracked 
| 366|0x0000000643400000, 0x0000000643600000, 0x0000000643600000|100%|HC|  |TAMS 0x0000000643400000, 0x0000000643600000| Untracked 
| 367|0x0000000643600000, 0x0000000643800000, 0x0000000643800000|100%|HC|  |TAMS 0x0000000643600000, 0x0000000643800000| Untracked 
| 368|0x0000000643800000, 0x0000000643a00000, 0x0000000643a00000|100%|HC|  |TAMS 0x0000000643800000, 0x0000000643a00000| Untracked 
| 369|0x0000000643a00000, 0x0000000643c00000, 0x0000000643c00000|100%|HC|  |TAMS 0x0000000643a00000, 0x0000000643c00000| Untracked 
| 370|0x0000000643c00000, 0x0000000643e00000, 0x0000000643e00000|100%|HC|  |TAMS 0x0000000643c00000, 0x0000000643e00000| Untracked 
| 371|0x0000000643e00000, 0x0000000644000000, 0x0000000644000000|100%|HC|  |TAMS 0x0000000643e00000, 0x0000000644000000| Untracked 
| 372|0x0000000644000000, 0x0000000644200000, 0x0000000644200000|100%|HC|  |TAMS 0x0000000644000000, 0x0000000644200000| Untracked 
| 373|0x0000000644200000, 0x0000000644400000, 0x0000000644400000|100%|HC|  |TAMS 0x0000000644200000, 0x0000000644400000| Untracked 
| 374|0x0000000644400000, 0x0000000644600000, 0x0000000644600000|100%|HC|  |TAMS 0x0000000644400000, 0x0000000644600000| Untracked 
| 375|0x0000000644600000, 0x0000000644800000, 0x0000000644800000|100%|HC|  |TAMS 0x0000000644600000, 0x0000000644800000| Untracked 
| 376|0x0000000644800000, 0x0000000644a00000, 0x0000000644a00000|100%|HC|  |TAMS 0x0000000644800000, 0x0000000644a00000| Untracked 
| 377|0x0000000644a00000, 0x0000000644c00000, 0x0000000644c00000|100%|HC|  |TAMS 0x0000000644a00000, 0x0000000644c00000| Untracked 
| 378|0x0000000644c00000, 0x0000000644e00000, 0x0000000644e00000|100%|HC|  |TAMS 0x0000000644c00000, 0x0000000644e00000| Untracked 
| 379|0x0000000644e00000, 0x0000000645000000, 0x0000000645000000|100%|HC|  |TAMS 0x0000000644e00000, 0x0000000645000000| Untracked 
| 380|0x0000000645000000, 0x0000000645200000, 0x0000000645200000|100%|HC|  |TAMS 0x0000000645000000, 0x0000000645200000| Untracked 
| 381|0x0000000645200000, 0x0000000645400000, 0x0000000645400000|100%|HC|  |TAMS 0x0000000645200000, 0x0000000645400000| Untracked 
| 382|0x0000000645400000, 0x0000000645600000, 0x0000000645600000|100%|HC|  |TAMS 0x0000000645400000, 0x0000000645600000| Untracked 
| 383|0x0000000645600000, 0x0000000645800000, 0x0000000645800000|100%|HC|  |TAMS 0x0000000645600000, 0x0000000645800000| Untracked 
| 384|0x0000000645800000, 0x0000000645a00000, 0x0000000645a00000|100%|HC|  |TAMS 0x0000000645800000, 0x0000000645a00000| Untracked 
| 385|0x0000000645a00000, 0x0000000645c00000, 0x0000000645c00000|100%|HC|  |TAMS 0x0000000645a00000, 0x0000000645c00000| Untracked 
| 386|0x0000000645c00000, 0x0000000645e00000, 0x0000000645e00000|100%|HC|  |TAMS 0x0000000645c00000, 0x0000000645e00000| Untracked 
| 387|0x0000000645e00000, 0x0000000646000000, 0x0000000646000000|100%|HC|  |TAMS 0x0000000645e00000, 0x0000000646000000| Untracked 
| 388|0x0000000646000000, 0x0000000646200000, 0x0000000646200000|100%|HC|  |TAMS 0x0000000646000000, 0x0000000646200000| Untracked 
| 389|0x0000000646200000, 0x0000000646400000, 0x0000000646400000|100%|HC|  |TAMS 0x0000000646200000, 0x0000000646400000| Untracked 
| 390|0x0000000646400000, 0x0000000646600000, 0x0000000646600000|100%|HC|  |TAMS 0x0000000646400000, 0x0000000646600000| Untracked 
| 391|0x0000000646600000, 0x0000000646800000, 0x0000000646800000|100%|HC|  |TAMS 0x0000000646600000, 0x0000000646800000| Untracked 
| 392|0x0000000646800000, 0x0000000646a00000, 0x0000000646a00000|100%|HC|  |TAMS 0x0000000646800000, 0x0000000646a00000| Untracked 
| 393|0x0000000646a00000, 0x0000000646c00000, 0x0000000646c00000|100%|HC|  |TAMS 0x0000000646a00000, 0x0000000646c00000| Untracked 
| 394|0x0000000646c00000, 0x0000000646e00000, 0x0000000646e00000|100%|HC|  |TAMS 0x0000000646c00000, 0x0000000646e00000| Untracked 
| 395|0x0000000646e00000, 0x0000000647000000, 0x0000000647000000|100%|HC|  |TAMS 0x0000000646e00000, 0x0000000647000000| Untracked 
| 396|0x0000000647000000, 0x0000000647200000, 0x0000000647200000|100%|HC|  |TAMS 0x0000000647000000, 0x0000000647200000| Untracked 
| 397|0x0000000647200000, 0x0000000647400000, 0x0000000647400000|100%|HC|  |TAMS 0x0000000647200000, 0x0000000647400000| Untracked 
| 398|0x0000000647400000, 0x0000000647600000, 0x0000000647600000|100%|HC|  |TAMS 0x0000000647400000, 0x0000000647600000| Untracked 
| 399|0x0000000647600000, 0x0000000647800000, 0x0000000647800000|100%|HC|  |TAMS 0x0000000647600000, 0x0000000647800000| Untracked 
| 400|0x0000000647800000, 0x0000000647a00000, 0x0000000647a00000|100%|HC|  |TAMS 0x0000000647800000, 0x0000000647a00000| Untracked 
| 401|0x0000000647a00000, 0x0000000647c00000, 0x0000000647c00000|100%|HC|  |TAMS 0x0000000647a00000, 0x0000000647c00000| Untracked 
| 402|0x0000000647c00000, 0x0000000647e00000, 0x0000000647e00000|100%|HC|  |TAMS 0x0000000647c00000, 0x0000000647e00000| Untracked 
| 403|0x0000000647e00000, 0x0000000648000000, 0x0000000648000000|100%|HC|  |TAMS 0x0000000647e00000, 0x0000000648000000| Untracked 
| 404|0x0000000648000000, 0x0000000648200000, 0x0000000648200000|100%|HC|  |TAMS 0x0000000648000000, 0x0000000648200000| Untracked 
| 405|0x0000000648200000, 0x0000000648400000, 0x0000000648400000|100%|HC|  |TAMS 0x0000000648200000, 0x0000000648400000| Untracked 
| 406|0x0000000648400000, 0x0000000648600000, 0x0000000648600000|100%|HC|  |TAMS 0x0000000648400000, 0x0000000648600000| Untracked 
| 407|0x0000000648600000, 0x0000000648800000, 0x0000000648800000|100%|HC|  |TAMS 0x0000000648600000, 0x0000000648800000| Untracked 
| 408|0x0000000648800000, 0x0000000648a00000, 0x0000000648a00000|100%|HC|  |TAMS 0x0000000648800000, 0x0000000648a00000| Untracked 
| 409|0x0000000648a00000, 0x0000000648c00000, 0x0000000648c00000|100%|HC|  |TAMS 0x0000000648a00000, 0x0000000648c00000| Untracked 
| 410|0x0000000648c00000, 0x0000000648e00000, 0x0000000648e00000|100%|HC|  |TAMS 0x0000000648c00000, 0x0000000648e00000| Untracked 
| 411|0x0000000648e00000, 0x0000000649000000, 0x0000000649000000|100%|HC|  |TAMS 0x0000000648e00000, 0x0000000649000000| Untracked 
| 412|0x0000000649000000, 0x0000000649200000, 0x0000000649200000|100%|HC|  |TAMS 0x0000000649000000, 0x0000000649200000| Untracked 
| 413|0x0000000649200000, 0x0000000649400000, 0x0000000649400000|100%|HC|  |TAMS 0x0000000649200000, 0x0000000649400000| Untracked 
| 414|0x0000000649400000, 0x0000000649600000, 0x0000000649600000|100%|HC|  |TAMS 0x0000000649400000, 0x0000000649600000| Untracked 
| 415|0x0000000649600000, 0x0000000649800000, 0x0000000649800000|100%|HC|  |TAMS 0x0000000649600000, 0x0000000649800000| Untracked 
| 416|0x0000000649800000, 0x0000000649a00000, 0x0000000649a00000|100%|HC|  |TAMS 0x0000000649800000, 0x0000000649a00000| Untracked 
| 417|0x0000000649a00000, 0x0000000649c00000, 0x0000000649c00000|100%|HC|  |TAMS 0x0000000649a00000, 0x0000000649c00000| Untracked 
| 418|0x0000000649c00000, 0x0000000649e00000, 0x0000000649e00000|100%|HC|  |TAMS 0x0000000649c00000, 0x0000000649e00000| Untracked 
| 419|0x0000000649e00000, 0x000000064a000000, 0x000000064a000000|100%|HC|  |TAMS 0x0000000649e00000, 0x000000064a000000| Untracked 
| 420|0x000000064a000000, 0x000000064a200000, 0x000000064a200000|100%|HC|  |TAMS 0x000000064a000000, 0x000000064a200000| Untracked 
| 421|0x000000064a200000, 0x000000064a400000, 0x000000064a400000|100%|HC|  |TAMS 0x000000064a200000, 0x000000064a400000| Untracked 
| 422|0x000000064a400000, 0x000000064a600000, 0x000000064a600000|100%|HC|  |TAMS 0x000000064a400000, 0x000000064a600000| Untracked 
| 423|0x000000064a600000, 0x000000064a800000, 0x000000064a800000|100%|HC|  |TAMS 0x000000064a600000, 0x000000064a800000| Untracked 
| 424|0x000000064a800000, 0x000000064aa00000, 0x000000064aa00000|100%|HC|  |TAMS 0x000000064a800000, 0x000000064aa00000| Untracked 
| 425|0x000000064aa00000, 0x000000064ac00000, 0x000000064ac00000|100%|HC|  |TAMS 0x000000064aa00000, 0x000000064ac00000| Untracked 
| 426|0x000000064ac00000, 0x000000064ae00000, 0x000000064ae00000|100%|HC|  |TAMS 0x000000064ac00000, 0x000000064ae00000| Untracked 
| 427|0x000000064ae00000, 0x000000064b000000, 0x000000064b000000|100%|HC|  |TAMS 0x000000064ae00000, 0x000000064b000000| Untracked 
| 428|0x000000064b000000, 0x000000064b200000, 0x000000064b200000|100%|HC|  |TAMS 0x000000064b000000, 0x000000064b200000| Untracked 
| 429|0x000000064b200000, 0x000000064b400000, 0x000000064b400000|100%|HC|  |TAMS 0x000000064b200000, 0x000000064b400000| Untracked 
| 430|0x000000064b400000, 0x000000064b600000, 0x000000064b600000|100%|HC|  |TAMS 0x000000064b400000, 0x000000064b600000| Untracked 
| 431|0x000000064b600000, 0x000000064b800000, 0x000000064b800000|100%|HC|  |TAMS 0x000000064b600000, 0x000000064b800000| Untracked 
| 432|0x000000064b800000, 0x000000064ba00000, 0x000000064ba00000|100%|HC|  |TAMS 0x000000064b800000, 0x000000064ba00000| Untracked 
| 433|0x000000064ba00000, 0x000000064bc00000, 0x000000064bc00000|100%|HC|  |TAMS 0x000000064ba00000, 0x000000064bc00000| Untracked 
| 434|0x000000064bc00000, 0x000000064be00000, 0x000000064be00000|100%|HC|  |TAMS 0x000000064bc00000, 0x000000064be00000| Untracked 
| 435|0x000000064be00000, 0x000000064c000000, 0x000000064c000000|100%|HC|  |TAMS 0x000000064be00000, 0x000000064c000000| Untracked 
| 436|0x000000064c000000, 0x000000064c200000, 0x000000064c200000|100%|HC|  |TAMS 0x000000064c000000, 0x000000064c200000| Untracked 
| 437|0x000000064c200000, 0x000000064c400000, 0x000000064c400000|100%|HC|  |TAMS 0x000000064c200000, 0x000000064c400000| Untracked 
| 438|0x000000064c400000, 0x000000064c600000, 0x000000064c600000|100%|HC|  |TAMS 0x000000064c400000, 0x000000064c600000| Untracked 
| 439|0x000000064c600000, 0x000000064c800000, 0x000000064c800000|100%|HC|  |TAMS 0x000000064c600000, 0x000000064c800000| Untracked 
| 440|0x000000064c800000, 0x000000064ca00000, 0x000000064ca00000|100%|HC|  |TAMS 0x000000064c800000, 0x000000064ca00000| Untracked 
| 441|0x000000064ca00000, 0x000000064cc00000, 0x000000064cc00000|100%|HC|  |TAMS 0x000000064ca00000, 0x000000064cc00000| Untracked 
| 442|0x000000064cc00000, 0x000000064ce00000, 0x000000064ce00000|100%|HC|  |TAMS 0x000000064cc00000, 0x000000064ce00000| Untracked 
| 443|0x000000064ce00000, 0x000000064d000000, 0x000000064d000000|100%|HC|  |TAMS 0x000000064ce00000, 0x000000064d000000| Untracked 
| 444|0x000000064d000000, 0x000000064d200000, 0x000000064d200000|100%|HC|  |TAMS 0x000000064d000000, 0x000000064d200000| Untracked 
| 445|0x000000064d200000, 0x000000064d400000, 0x000000064d400000|100%|HC|  |TAMS 0x000000064d200000, 0x000000064d400000| Untracked 
| 446|0x000000064d400000, 0x000000064d600000, 0x000000064d600000|100%|HC|  |TAMS 0x000000064d400000, 0x000000064d600000| Untracked 
| 447|0x000000064d600000, 0x000000064d800000, 0x000000064d800000|100%|HC|  |TAMS 0x000000064d600000, 0x000000064d800000| Untracked 
| 448|0x000000064d800000, 0x000000064da00000, 0x000000064da00000|100%|HC|  |TAMS 0x000000064d800000, 0x000000064da00000| Untracked 
| 449|0x000000064da00000, 0x000000064dc00000, 0x000000064dc00000|100%|HC|  |TAMS 0x000000064da00000, 0x000000064dc00000| Untracked 
| 450|0x000000064dc00000, 0x000000064de00000, 0x000000064de00000|100%|HC|  |TAMS 0x000000064dc00000, 0x000000064de00000| Untracked 
| 451|0x000000064de00000, 0x000000064e000000, 0x000000064e000000|100%|HC|  |TAMS 0x000000064de00000, 0x000000064e000000| Untracked 
| 452|0x000000064e000000, 0x000000064e200000, 0x000000064e200000|100%|HC|  |TAMS 0x000000064e000000, 0x000000064e200000| Untracked 
| 453|0x000000064e200000, 0x000000064e400000, 0x000000064e400000|100%|HC|  |TAMS 0x000000064e200000, 0x000000064e400000| Untracked 
| 454|0x000000064e400000, 0x000000064e600000, 0x000000064e600000|100%|HC|  |TAMS 0x000000064e400000, 0x000000064e600000| Untracked 
| 455|0x000000064e600000, 0x000000064e800000, 0x000000064e800000|100%|HC|  |TAMS 0x000000064e600000, 0x000000064e800000| Untracked 
| 456|0x000000064e800000, 0x000000064ea00000, 0x000000064ea00000|100%|HC|  |TAMS 0x000000064e800000, 0x000000064ea00000| Untracked 
| 457|0x000000064ea00000, 0x000000064ec00000, 0x000000064ec00000|100%|HC|  |TAMS 0x000000064ea00000, 0x000000064ec00000| Untracked 
| 458|0x000000064ec00000, 0x000000064ee00000, 0x000000064ee00000|100%|HC|  |TAMS 0x000000064ec00000, 0x000000064ee00000| Untracked 
| 459|0x000000064ee00000, 0x000000064f000000, 0x000000064f000000|100%|HC|  |TAMS 0x000000064ee00000, 0x000000064f000000| Untracked 
| 460|0x000000064f000000, 0x000000064f200000, 0x000000064f200000|100%|HC|  |TAMS 0x000000064f000000, 0x000000064f200000| Untracked 
| 461|0x000000064f200000, 0x000000064f400000, 0x000000064f400000|100%|HC|  |TAMS 0x000000064f200000, 0x000000064f400000| Untracked 
| 462|0x000000064f400000, 0x000000064f600000, 0x000000064f600000|100%|HC|  |TAMS 0x000000064f400000, 0x000000064f600000| Untracked 
| 463|0x000000064f600000, 0x000000064f800000, 0x000000064f800000|100%|HC|  |TAMS 0x000000064f600000, 0x000000064f800000| Untracked 
| 464|0x000000064f800000, 0x000000064fa00000, 0x000000064fa00000|100%|HC|  |TAMS 0x000000064f800000, 0x000000064fa00000| Untracked 
| 465|0x000000064fa00000, 0x000000064fc00000, 0x000000064fc00000|100%|HC|  |TAMS 0x000000064fa00000, 0x000000064fc00000| Untracked 
| 466|0x000000064fc00000, 0x000000064fe00000, 0x000000064fe00000|100%|HC|  |TAMS 0x000000064fc00000, 0x000000064fe00000| Untracked 
| 467|0x000000064fe00000, 0x0000000650000000, 0x0000000650000000|100%|HC|  |TAMS 0x000000064fe00000, 0x0000000650000000| Untracked 
| 468|0x0000000650000000, 0x0000000650200000, 0x0000000650200000|100%|HC|  |TAMS 0x0000000650000000, 0x0000000650200000| Untracked 
| 469|0x0000000650200000, 0x0000000650400000, 0x0000000650400000|100%|HC|  |TAMS 0x0000000650200000, 0x0000000650400000| Untracked 
| 470|0x0000000650400000, 0x0000000650600000, 0x0000000650600000|100%|HC|  |TAMS 0x0000000650400000, 0x0000000650600000| Untracked 
| 471|0x0000000650600000, 0x0000000650800000, 0x0000000650800000|100%|HC|  |TAMS 0x0000000650600000, 0x0000000650800000| Untracked 
| 472|0x0000000650800000, 0x0000000650a00000, 0x0000000650a00000|100%|HC|  |TAMS 0x0000000650800000, 0x0000000650a00000| Untracked 
| 473|0x0000000650a00000, 0x0000000650c00000, 0x0000000650c00000|100%|HC|  |TAMS 0x0000000650a00000, 0x0000000650c00000| Untracked 
| 474|0x0000000650c00000, 0x0000000650e00000, 0x0000000650e00000|100%|HC|  |TAMS 0x0000000650c00000, 0x0000000650e00000| Untracked 
| 475|0x0000000650e00000, 0x0000000651000000, 0x0000000651000000|100%|HC|  |TAMS 0x0000000650e00000, 0x0000000651000000| Untracked 
| 476|0x0000000651000000, 0x0000000651200000, 0x0000000651200000|100%|HC|  |TAMS 0x0000000651000000, 0x0000000651200000| Untracked 
| 477|0x0000000651200000, 0x0000000651400000, 0x0000000651400000|100%|HC|  |TAMS 0x0000000651200000, 0x0000000651400000| Untracked 
| 478|0x0000000651400000, 0x0000000651600000, 0x0000000651600000|100%|HC|  |TAMS 0x0000000651400000, 0x0000000651600000| Untracked 
| 479|0x0000000651600000, 0x0000000651800000, 0x0000000651800000|100%|HC|  |TAMS 0x0000000651600000, 0x0000000651800000| Untracked 
| 480|0x0000000651800000, 0x0000000651a00000, 0x0000000651a00000|100%|HC|  |TAMS 0x0000000651800000, 0x0000000651a00000| Untracked 
| 481|0x0000000651a00000, 0x0000000651c00000, 0x0000000651c00000|100%|HC|  |TAMS 0x0000000651a00000, 0x0000000651c00000| Untracked 
| 482|0x0000000651c00000, 0x0000000651e00000, 0x0000000651e00000|100%|HC|  |TAMS 0x0000000651c00000, 0x0000000651e00000| Untracked 
| 483|0x0000000651e00000, 0x0000000652000000, 0x0000000652000000|100%|HC|  |TAMS 0x0000000651e00000, 0x0000000652000000| Untracked 
| 484|0x0000000652000000, 0x0000000652200000, 0x0000000652200000|100%|HC|  |TAMS 0x0000000652000000, 0x0000000652200000| Untracked 
| 485|0x0000000652200000, 0x0000000652400000, 0x0000000652400000|100%|HC|  |TAMS 0x0000000652200000, 0x0000000652400000| Untracked 
| 486|0x0000000652400000, 0x0000000652600000, 0x0000000652600000|100%|HC|  |TAMS 0x0000000652400000, 0x0000000652600000| Untracked 
| 487|0x0000000652600000, 0x0000000652800000, 0x0000000652800000|100%|HC|  |TAMS 0x0000000652600000, 0x0000000652800000| Untracked 
| 488|0x0000000652800000, 0x0000000652a00000, 0x0000000652a00000|100%|HC|  |TAMS 0x0000000652800000, 0x0000000652a00000| Untracked 
| 489|0x0000000652a00000, 0x0000000652c00000, 0x0000000652c00000|100%|HC|  |TAMS 0x0000000652a00000, 0x0000000652c00000| Untracked 
| 490|0x0000000652c00000, 0x0000000652e00000, 0x0000000652e00000|100%|HC|  |TAMS 0x0000000652c00000, 0x0000000652e00000| Untracked 
| 491|0x0000000652e00000, 0x0000000653000000, 0x0000000653000000|100%|HC|  |TAMS 0x0000000652e00000, 0x0000000653000000| Untracked 
| 492|0x0000000653000000, 0x0000000653200000, 0x0000000653200000|100%|HC|  |TAMS 0x0000000653000000, 0x0000000653200000| Untracked 
| 493|0x0000000653200000, 0x0000000653400000, 0x0000000653400000|100%|HC|  |TAMS 0x0000000653200000, 0x0000000653400000| Untracked 
| 494|0x0000000653400000, 0x0000000653600000, 0x0000000653600000|100%|HC|  |TAMS 0x0000000653400000, 0x0000000653600000| Untracked 
| 495|0x0000000653600000, 0x0000000653800000, 0x0000000653800000|100%|HC|  |TAMS 0x0000000653600000, 0x0000000653800000| Untracked 
| 496|0x0000000653800000, 0x0000000653a00000, 0x0000000653a00000|100%|HC|  |TAMS 0x0000000653800000, 0x0000000653a00000| Untracked 
| 497|0x0000000653a00000, 0x0000000653c00000, 0x0000000653c00000|100%|HC|  |TAMS 0x0000000653a00000, 0x0000000653c00000| Untracked 
| 498|0x0000000653c00000, 0x0000000653e00000, 0x0000000653e00000|100%|HC|  |TAMS 0x0000000653c00000, 0x0000000653e00000| Untracked 
| 499|0x0000000653e00000, 0x0000000654000000, 0x0000000654000000|100%|HC|  |TAMS 0x0000000653e00000, 0x0000000654000000| Untracked 
| 500|0x0000000654000000, 0x0000000654200000, 0x0000000654200000|100%|HC|  |TAMS 0x0000000654000000, 0x0000000654200000| Untracked 
| 501|0x0000000654200000, 0x0000000654400000, 0x0000000654400000|100%|HC|  |TAMS 0x0000000654200000, 0x0000000654400000| Untracked 
| 502|0x0000000654400000, 0x0000000654600000, 0x0000000654600000|100%|HC|  |TAMS 0x0000000654400000, 0x0000000654600000| Untracked 
| 503|0x0000000654600000, 0x0000000654800000, 0x0000000654800000|100%|HC|  |TAMS 0x0000000654600000, 0x0000000654800000| Untracked 
| 504|0x0000000654800000, 0x0000000654a00000, 0x0000000654a00000|100%|HC|  |TAMS 0x0000000654800000, 0x0000000654a00000| Untracked 
| 505|0x0000000654a00000, 0x0000000654c00000, 0x0000000654c00000|100%|HC|  |TAMS 0x0000000654a00000, 0x0000000654c00000| Untracked 
| 506|0x0000000654c00000, 0x0000000654e00000, 0x0000000654e00000|100%|HC|  |TAMS 0x0000000654c00000, 0x0000000654e00000| Untracked 
| 507|0x0000000654e00000, 0x0000000655000000, 0x0000000655000000|100%|HC|  |TAMS 0x0000000654e00000, 0x0000000655000000| Untracked 
| 508|0x0000000655000000, 0x0000000655200000, 0x0000000655200000|100%|HC|  |TAMS 0x0000000655000000, 0x0000000655200000| Untracked 
| 509|0x0000000655200000, 0x0000000655400000, 0x0000000655400000|100%|HC|  |TAMS 0x0000000655200000, 0x0000000655400000| Untracked 
| 510|0x0000000655400000, 0x0000000655600000, 0x0000000655600000|100%|HC|  |TAMS 0x0000000655400000, 0x0000000655600000| Untracked 
| 511|0x0000000655600000, 0x0000000655800000, 0x0000000655800000|100%|HC|  |TAMS 0x0000000655600000, 0x0000000655800000| Untracked 
| 512|0x0000000655800000, 0x0000000655a00000, 0x0000000655a00000|100%|HC|  |TAMS 0x0000000655800000, 0x0000000655a00000| Untracked 
| 513|0x0000000655a00000, 0x0000000655c00000, 0x0000000655c00000|100%|HC|  |TAMS 0x0000000655a00000, 0x0000000655c00000| Untracked 
| 514|0x0000000655c00000, 0x0000000655e00000, 0x0000000655e00000|100%|HC|  |TAMS 0x0000000655c00000, 0x0000000655e00000| Untracked 
| 515|0x0000000655e00000, 0x0000000656000000, 0x0000000656000000|100%|HC|  |TAMS 0x0000000655e00000, 0x0000000656000000| Untracked 
| 516|0x0000000656000000, 0x0000000656200000, 0x0000000656200000|100%|HC|  |TAMS 0x0000000656000000, 0x0000000656200000| Untracked 
| 517|0x0000000656200000, 0x0000000656400000, 0x0000000656400000|100%|HC|  |TAMS 0x0000000656200000, 0x0000000656400000| Untracked 
| 518|0x0000000656400000, 0x0000000656600000, 0x0000000656600000|100%|HC|  |TAMS 0x0000000656400000, 0x0000000656600000| Untracked 
| 519|0x0000000656600000, 0x0000000656800000, 0x0000000656800000|100%|HC|  |TAMS 0x0000000656600000, 0x0000000656800000| Untracked 
| 520|0x0000000656800000, 0x0000000656a00000, 0x0000000656a00000|100%|HC|  |TAMS 0x0000000656800000, 0x0000000656a00000| Untracked 
| 521|0x0000000656a00000, 0x0000000656c00000, 0x0000000656c00000|100%|HC|  |TAMS 0x0000000656a00000, 0x0000000656c00000| Untracked 
| 522|0x0000000656c00000, 0x0000000656e00000, 0x0000000656e00000|100%|HC|  |TAMS 0x0000000656c00000, 0x0000000656e00000| Untracked 
| 523|0x0000000656e00000, 0x0000000657000000, 0x0000000657000000|100%|HC|  |TAMS 0x0000000656e00000, 0x0000000657000000| Untracked 
| 524|0x0000000657000000, 0x0000000657200000, 0x0000000657200000|100%|HC|  |TAMS 0x0000000657000000, 0x0000000657200000| Untracked 
| 525|0x0000000657200000, 0x0000000657400000, 0x0000000657400000|100%|HC|  |TAMS 0x0000000657200000, 0x0000000657400000| Untracked 
| 526|0x0000000657400000, 0x0000000657600000, 0x0000000657600000|100%|HC|  |TAMS 0x0000000657400000, 0x0000000657600000| Untracked 
| 527|0x0000000657600000, 0x0000000657800000, 0x0000000657800000|100%|HC|  |TAMS 0x0000000657600000, 0x0000000657800000| Untracked 
| 528|0x0000000657800000, 0x0000000657a00000, 0x0000000657a00000|100%|HC|  |TAMS 0x0000000657800000, 0x0000000657a00000| Untracked 
| 529|0x0000000657a00000, 0x0000000657c00000, 0x0000000657c00000|100%|HC|  |TAMS 0x0000000657a00000, 0x0000000657c00000| Untracked 
| 530|0x0000000657c00000, 0x0000000657e00000, 0x0000000657e00000|100%|HC|  |TAMS 0x0000000657c00000, 0x0000000657e00000| Untracked 
| 531|0x0000000657e00000, 0x0000000658000000, 0x0000000658000000|100%|HC|  |TAMS 0x0000000657e00000, 0x0000000658000000| Untracked 
| 532|0x0000000658000000, 0x0000000658200000, 0x0000000658200000|100%|HC|  |TAMS 0x0000000658000000, 0x0000000658200000| Untracked 
| 533|0x0000000658200000, 0x0000000658400000, 0x0000000658400000|100%|HC|  |TAMS 0x0000000658200000, 0x0000000658400000| Untracked 
| 534|0x0000000658400000, 0x0000000658600000, 0x0000000658600000|100%|HC|  |TAMS 0x0000000658400000, 0x0000000658600000| Untracked 
| 535|0x0000000658600000, 0x0000000658800000, 0x0000000658800000|100%|HC|  |TAMS 0x0000000658600000, 0x0000000658800000| Untracked 
| 536|0x0000000658800000, 0x0000000658a00000, 0x0000000658a00000|100%|HC|  |TAMS 0x0000000658800000, 0x0000000658a00000| Untracked 
| 537|0x0000000658a00000, 0x0000000658c00000, 0x0000000658c00000|100%|HC|  |TAMS 0x0000000658a00000, 0x0000000658c00000| Untracked 
| 538|0x0000000658c00000, 0x0000000658e00000, 0x0000000658e00000|100%|HC|  |TAMS 0x0000000658c00000, 0x0000000658e00000| Untracked 
| 539|0x0000000658e00000, 0x0000000659000000, 0x0000000659000000|100%|HC|  |TAMS 0x0000000658e00000, 0x0000000659000000| Untracked 
| 540|0x0000000659000000, 0x0000000659200000, 0x0000000659200000|100%|HC|  |TAMS 0x0000000659000000, 0x0000000659200000| Untracked 
| 541|0x0000000659200000, 0x0000000659400000, 0x0000000659400000|100%|HC|  |TAMS 0x0000000659200000, 0x0000000659400000| Untracked 
| 542|0x0000000659400000, 0x0000000659600000, 0x0000000659600000|100%|HC|  |TAMS 0x0000000659400000, 0x0000000659600000| Untracked 
| 543|0x0000000659600000, 0x0000000659800000, 0x0000000659800000|100%|HC|  |TAMS 0x0000000659600000, 0x0000000659800000| Untracked 
| 544|0x0000000659800000, 0x0000000659a00000, 0x0000000659a00000|100%|HC|  |TAMS 0x0000000659800000, 0x0000000659a00000| Untracked 
| 545|0x0000000659a00000, 0x0000000659c00000, 0x0000000659c00000|100%|HC|  |TAMS 0x0000000659a00000, 0x0000000659c00000| Untracked 
| 546|0x0000000659c00000, 0x0000000659e00000, 0x0000000659e00000|100%|HC|  |TAMS 0x0000000659c00000, 0x0000000659e00000| Untracked 
| 547|0x0000000659e00000, 0x000000065a000000, 0x000000065a000000|100%|HC|  |TAMS 0x0000000659e00000, 0x000000065a000000| Untracked 
| 548|0x000000065a000000, 0x000000065a200000, 0x000000065a200000|100%|HC|  |TAMS 0x000000065a000000, 0x000000065a200000| Untracked 
| 549|0x000000065a200000, 0x000000065a400000, 0x000000065a400000|100%|HC|  |TAMS 0x000000065a200000, 0x000000065a400000| Untracked 
| 550|0x000000065a400000, 0x000000065a600000, 0x000000065a600000|100%|HC|  |TAMS 0x000000065a400000, 0x000000065a600000| Untracked 
| 551|0x000000065a600000, 0x000000065a800000, 0x000000065a800000|100%|HC|  |TAMS 0x000000065a600000, 0x000000065a800000| Untracked 
| 552|0x000000065a800000, 0x000000065aa00000, 0x000000065aa00000|100%|HC|  |TAMS 0x000000065a800000, 0x000000065aa00000| Untracked 
| 553|0x000000065aa00000, 0x000000065ac00000, 0x000000065ac00000|100%|HC|  |TAMS 0x000000065aa00000, 0x000000065ac00000| Untracked 
| 554|0x000000065ac00000, 0x000000065ae00000, 0x000000065ae00000|100%|HC|  |TAMS 0x000000065ac00000, 0x000000065ae00000| Untracked 
| 555|0x000000065ae00000, 0x000000065b000000, 0x000000065b000000|100%|HC|  |TAMS 0x000000065ae00000, 0x000000065b000000| Untracked 
| 556|0x000000065b000000, 0x000000065b200000, 0x000000065b200000|100%|HC|  |TAMS 0x000000065b000000, 0x000000065b200000| Untracked 
| 557|0x000000065b200000, 0x000000065b400000, 0x000000065b400000|100%|HC|  |TAMS 0x000000065b200000, 0x000000065b400000| Untracked 
| 558|0x000000065b400000, 0x000000065b600000, 0x000000065b600000|100%|HC|  |TAMS 0x000000065b400000, 0x000000065b600000| Untracked 
| 559|0x000000065b600000, 0x000000065b800000, 0x000000065b800000|100%|HC|  |TAMS 0x000000065b600000, 0x000000065b800000| Untracked 
| 560|0x000000065b800000, 0x000000065ba00000, 0x000000065ba00000|100%|HC|  |TAMS 0x000000065b800000, 0x000000065ba00000| Untracked 
| 561|0x000000065ba00000, 0x000000065bc00000, 0x000000065bc00000|100%|HC|  |TAMS 0x000000065ba00000, 0x000000065bc00000| Untracked 
| 562|0x000000065bc00000, 0x000000065be00000, 0x000000065be00000|100%|HC|  |TAMS 0x000000065bc00000, 0x000000065be00000| Untracked 
| 563|0x000000065be00000, 0x000000065c000000, 0x000000065c000000|100%|HC|  |TAMS 0x000000065be00000, 0x000000065c000000| Untracked 
| 564|0x000000065c000000, 0x000000065c200000, 0x000000065c200000|100%|HC|  |TAMS 0x000000065c000000, 0x000000065c200000| Untracked 
| 565|0x000000065c200000, 0x000000065c400000, 0x000000065c400000|100%|HC|  |TAMS 0x000000065c200000, 0x000000065c400000| Untracked 
| 566|0x000000065c400000, 0x000000065c600000, 0x000000065c600000|100%|HC|  |TAMS 0x000000065c400000, 0x000000065c600000| Untracked 
| 567|0x000000065c600000, 0x000000065c800000, 0x000000065c800000|100%|HC|  |TAMS 0x000000065c600000, 0x000000065c800000| Untracked 
| 568|0x000000065c800000, 0x000000065ca00000, 0x000000065ca00000|100%|HC|  |TAMS 0x000000065c800000, 0x000000065ca00000| Untracked 
| 569|0x000000065ca00000, 0x000000065cc00000, 0x000000065cc00000|100%|HC|  |TAMS 0x000000065ca00000, 0x000000065cc00000| Untracked 
| 570|0x000000065cc00000, 0x000000065ce00000, 0x000000065ce00000|100%|HC|  |TAMS 0x000000065cc00000, 0x000000065ce00000| Untracked 
| 571|0x000000065ce00000, 0x000000065d000000, 0x000000065d000000|100%|HC|  |TAMS 0x000000065ce00000, 0x000000065d000000| Untracked 
| 572|0x000000065d000000, 0x000000065d200000, 0x000000065d200000|100%|HC|  |TAMS 0x000000065d000000, 0x000000065d200000| Untracked 
| 573|0x000000065d200000, 0x000000065d400000, 0x000000065d400000|100%|HC|  |TAMS 0x000000065d200000, 0x000000065d400000| Untracked 
| 574|0x000000065d400000, 0x000000065d600000, 0x000000065d600000|100%|HC|  |TAMS 0x000000065d400000, 0x000000065d600000| Untracked 
| 575|0x000000065d600000, 0x000000065d800000, 0x000000065d800000|100%|HC|  |TAMS 0x000000065d600000, 0x000000065d800000| Untracked 
| 576|0x000000065d800000, 0x000000065da00000, 0x000000065da00000|100%|HC|  |TAMS 0x000000065d800000, 0x000000065da00000| Untracked 
| 577|0x000000065da00000, 0x000000065dc00000, 0x000000065dc00000|100%|HC|  |TAMS 0x000000065da00000, 0x000000065dc00000| Untracked 
| 578|0x000000065dc00000, 0x000000065de00000, 0x000000065de00000|100%|HC|  |TAMS 0x000000065dc00000, 0x000000065de00000| Untracked 
| 579|0x000000065de00000, 0x000000065e000000, 0x000000065e000000|100%|HC|  |TAMS 0x000000065de00000, 0x000000065e000000| Untracked 
| 580|0x000000065e000000, 0x000000065e200000, 0x000000065e200000|100%|HC|  |TAMS 0x000000065e000000, 0x000000065e200000| Untracked 
| 581|0x000000065e200000, 0x000000065e400000, 0x000000065e400000|100%|HC|  |TAMS 0x000000065e200000, 0x000000065e400000| Untracked 
| 582|0x000000065e400000, 0x000000065e600000, 0x000000065e600000|100%|HC|  |TAMS 0x000000065e400000, 0x000000065e600000| Untracked 
| 583|0x000000065e600000, 0x000000065e800000, 0x000000065e800000|100%|HC|  |TAMS 0x000000065e600000, 0x000000065e800000| Untracked 
| 584|0x000000065e800000, 0x000000065ea00000, 0x000000065ea00000|100%|HC|  |TAMS 0x000000065e800000, 0x000000065ea00000| Untracked 
| 585|0x000000065ea00000, 0x000000065ec00000, 0x000000065ec00000|100%|HC|  |TAMS 0x000000065ea00000, 0x000000065ec00000| Untracked 
| 586|0x000000065ec00000, 0x000000065ee00000, 0x000000065ee00000|100%|HC|  |TAMS 0x000000065ec00000, 0x000000065ee00000| Untracked 
| 587|0x000000065ee00000, 0x000000065f000000, 0x000000065f000000|100%|HC|  |TAMS 0x000000065ee00000, 0x000000065f000000| Untracked 
| 588|0x000000065f000000, 0x000000065f200000, 0x000000065f200000|100%|HC|  |TAMS 0x000000065f000000, 0x000000065f200000| Untracked 
| 589|0x000000065f200000, 0x000000065f400000, 0x000000065f400000|100%|HC|  |TAMS 0x000000065f200000, 0x000000065f400000| Untracked 
| 590|0x000000065f400000, 0x000000065f600000, 0x000000065f600000|100%|HC|  |TAMS 0x000000065f400000, 0x000000065f600000| Untracked 
| 591|0x000000065f600000, 0x000000065f800000, 0x000000065f800000|100%|HC|  |TAMS 0x000000065f600000, 0x000000065f800000| Untracked 
| 592|0x000000065f800000, 0x000000065fa00000, 0x000000065fa00000|100%|HC|  |TAMS 0x000000065f800000, 0x000000065fa00000| Untracked 
| 593|0x000000065fa00000, 0x000000065fc00000, 0x000000065fc00000|100%|HC|  |TAMS 0x000000065fa00000, 0x000000065fc00000| Untracked 
| 594|0x000000065fc00000, 0x000000065fe00000, 0x000000065fe00000|100%|HC|  |TAMS 0x000000065fc00000, 0x000000065fe00000| Untracked 
| 595|0x000000065fe00000, 0x0000000660000000, 0x0000000660000000|100%|HC|  |TAMS 0x000000065fe00000, 0x0000000660000000| Untracked 
| 596|0x0000000660000000, 0x0000000660200000, 0x0000000660200000|100%|HC|  |TAMS 0x0000000660000000, 0x0000000660200000| Untracked 
| 597|0x0000000660200000, 0x0000000660400000, 0x0000000660400000|100%|HC|  |TAMS 0x0000000660200000, 0x0000000660400000| Untracked 
| 598|0x0000000660400000, 0x0000000660600000, 0x0000000660600000|100%|HC|  |TAMS 0x0000000660400000, 0x0000000660600000| Untracked 
| 599|0x0000000660600000, 0x0000000660800000, 0x0000000660800000|100%|HC|  |TAMS 0x0000000660600000, 0x0000000660800000| Untracked 
| 600|0x0000000660800000, 0x0000000660a00000, 0x0000000660a00000|100%|HC|  |TAMS 0x0000000660800000, 0x0000000660a00000| Untracked 
| 601|0x0000000660a00000, 0x0000000660c00000, 0x0000000660c00000|100%|HC|  |TAMS 0x0000000660a00000, 0x0000000660c00000| Untracked 
| 602|0x0000000660c00000, 0x0000000660e00000, 0x0000000660e00000|100%|HC|  |TAMS 0x0000000660c00000, 0x0000000660e00000| Untracked 
| 603|0x0000000660e00000, 0x0000000661000000, 0x0000000661000000|100%|HC|  |TAMS 0x0000000660e00000, 0x0000000661000000| Untracked 
| 604|0x0000000661000000, 0x0000000661200000, 0x0000000661200000|100%|HC|  |TAMS 0x0000000661000000, 0x0000000661200000| Untracked 
| 605|0x0000000661200000, 0x0000000661400000, 0x0000000661400000|100%|HC|  |TAMS 0x0000000661200000, 0x0000000661400000| Untracked 
| 606|0x0000000661400000, 0x0000000661600000, 0x0000000661600000|100%|HC|  |TAMS 0x0000000661400000, 0x0000000661600000| Untracked 
| 607|0x0000000661600000, 0x0000000661800000, 0x0000000661800000|100%|HC|  |TAMS 0x0000000661600000, 0x0000000661800000| Untracked 
| 608|0x0000000661800000, 0x0000000661a00000, 0x0000000661a00000|100%|HC|  |TAMS 0x0000000661800000, 0x0000000661a00000| Untracked 
| 609|0x0000000661a00000, 0x0000000661c00000, 0x0000000661c00000|100%|HC|  |TAMS 0x0000000661a00000, 0x0000000661c00000| Untracked 
| 610|0x0000000661c00000, 0x0000000661e00000, 0x0000000661e00000|100%|HC|  |TAMS 0x0000000661c00000, 0x0000000661e00000| Untracked 
| 611|0x0000000661e00000, 0x0000000662000000, 0x0000000662000000|100%|HC|  |TAMS 0x0000000661e00000, 0x0000000662000000| Untracked 
| 612|0x0000000662000000, 0x0000000662200000, 0x0000000662200000|100%|HC|  |TAMS 0x0000000662000000, 0x0000000662200000| Untracked 
| 613|0x0000000662200000, 0x0000000662400000, 0x0000000662400000|100%|HC|  |TAMS 0x0000000662200000, 0x0000000662400000| Untracked 
| 614|0x0000000662400000, 0x0000000662600000, 0x0000000662600000|100%|HC|  |TAMS 0x0000000662400000, 0x0000000662600000| Untracked 
| 615|0x0000000662600000, 0x0000000662800000, 0x0000000662800000|100%|HC|  |TAMS 0x0000000662600000, 0x0000000662800000| Untracked 
| 616|0x0000000662800000, 0x0000000662a00000, 0x0000000662a00000|100%|HC|  |TAMS 0x0000000662800000, 0x0000000662a00000| Untracked 
| 617|0x0000000662a00000, 0x0000000662c00000, 0x0000000662c00000|100%|HC|  |TAMS 0x0000000662a00000, 0x0000000662c00000| Untracked 
| 618|0x0000000662c00000, 0x0000000662e00000, 0x0000000662e00000|100%|HC|  |TAMS 0x0000000662c00000, 0x0000000662e00000| Untracked 
| 619|0x0000000662e00000, 0x0000000663000000, 0x0000000663000000|100%|HC|  |TAMS 0x0000000662e00000, 0x0000000663000000| Untracked 
| 620|0x0000000663000000, 0x0000000663200000, 0x0000000663200000|100%|HC|  |TAMS 0x0000000663000000, 0x0000000663200000| Untracked 
| 621|0x0000000663200000, 0x0000000663400000, 0x0000000663400000|100%|HC|  |TAMS 0x0000000663200000, 0x0000000663400000| Untracked 
| 622|0x0000000663400000, 0x0000000663600000, 0x0000000663600000|100%|HC|  |TAMS 0x0000000663400000, 0x0000000663600000| Untracked 
| 623|0x0000000663600000, 0x0000000663800000, 0x0000000663800000|100%|HC|  |TAMS 0x0000000663600000, 0x0000000663800000| Untracked 
| 624|0x0000000663800000, 0x0000000663a00000, 0x0000000663a00000|100%|HC|  |TAMS 0x0000000663800000, 0x0000000663a00000| Untracked 
| 625|0x0000000663a00000, 0x0000000663c00000, 0x0000000663c00000|100%|HC|  |TAMS 0x0000000663a00000, 0x0000000663c00000| Untracked 
| 626|0x0000000663c00000, 0x0000000663e00000, 0x0000000663e00000|100%|HC|  |TAMS 0x0000000663c00000, 0x0000000663e00000| Untracked 
| 627|0x0000000663e00000, 0x0000000664000000, 0x0000000664000000|100%|HC|  |TAMS 0x0000000663e00000, 0x0000000664000000| Untracked 
| 628|0x0000000664000000, 0x0000000664200000, 0x0000000664200000|100%|HC|  |TAMS 0x0000000664000000, 0x0000000664200000| Untracked 
| 629|0x0000000664200000, 0x0000000664400000, 0x0000000664400000|100%|HC|  |TAMS 0x0000000664200000, 0x0000000664400000| Untracked 
| 630|0x0000000664400000, 0x0000000664600000, 0x0000000664600000|100%|HC|  |TAMS 0x0000000664400000, 0x0000000664600000| Untracked 
| 631|0x0000000664600000, 0x0000000664800000, 0x0000000664800000|100%|HC|  |TAMS 0x0000000664600000, 0x0000000664800000| Untracked 
| 632|0x0000000664800000, 0x0000000664a00000, 0x0000000664a00000|100%|HC|  |TAMS 0x0000000664800000, 0x0000000664a00000| Untracked 
| 633|0x0000000664a00000, 0x0000000664c00000, 0x0000000664c00000|100%|HC|  |TAMS 0x0000000664a00000, 0x0000000664c00000| Untracked 
| 634|0x0000000664c00000, 0x0000000664e00000, 0x0000000664e00000|100%|HC|  |TAMS 0x0000000664c00000, 0x0000000664e00000| Untracked 
| 635|0x0000000664e00000, 0x0000000665000000, 0x0000000665000000|100%|HC|  |TAMS 0x0000000664e00000, 0x0000000665000000| Untracked 
| 636|0x0000000665000000, 0x0000000665200000, 0x0000000665200000|100%|HC|  |TAMS 0x0000000665000000, 0x0000000665200000| Untracked 
| 637|0x0000000665200000, 0x0000000665400000, 0x0000000665400000|100%|HC|  |TAMS 0x0000000665200000, 0x0000000665400000| Untracked 
| 638|0x0000000665400000, 0x0000000665600000, 0x0000000665600000|100%|HC|  |TAMS 0x0000000665400000, 0x0000000665600000| Untracked 
| 639|0x0000000665600000, 0x0000000665800000, 0x0000000665800000|100%|HC|  |TAMS 0x0000000665600000, 0x0000000665800000| Untracked 
| 640|0x0000000665800000, 0x0000000665a00000, 0x0000000665a00000|100%|HC|  |TAMS 0x0000000665800000, 0x0000000665a00000| Untracked 
| 641|0x0000000665a00000, 0x0000000665c00000, 0x0000000665c00000|100%|HC|  |TAMS 0x0000000665a00000, 0x0000000665c00000| Untracked 
| 642|0x0000000665c00000, 0x0000000665e00000, 0x0000000665e00000|100%|HC|  |TAMS 0x0000000665c00000, 0x0000000665e00000| Untracked 
| 643|0x0000000665e00000, 0x0000000666000000, 0x0000000666000000|100%|HC|  |TAMS 0x0000000665e00000, 0x0000000666000000| Untracked 
| 644|0x0000000666000000, 0x0000000666200000, 0x0000000666200000|100%|HC|  |TAMS 0x0000000666000000, 0x0000000666200000| Untracked 
| 645|0x0000000666200000, 0x0000000666400000, 0x0000000666400000|100%|HC|  |TAMS 0x0000000666200000, 0x0000000666400000| Untracked 
| 646|0x0000000666400000, 0x0000000666600000, 0x0000000666600000|100%|HC|  |TAMS 0x0000000666400000, 0x0000000666600000| Untracked 
| 647|0x0000000666600000, 0x0000000666800000, 0x0000000666800000|100%|HC|  |TAMS 0x0000000666600000, 0x0000000666800000| Untracked 
| 648|0x0000000666800000, 0x0000000666a00000, 0x0000000666a00000|100%|HC|  |TAMS 0x0000000666800000, 0x0000000666a00000| Untracked 
| 649|0x0000000666a00000, 0x0000000666c00000, 0x0000000666c00000|100%|HC|  |TAMS 0x0000000666a00000, 0x0000000666c00000| Untracked 
| 650|0x0000000666c00000, 0x0000000666e00000, 0x0000000666e00000|100%|HC|  |TAMS 0x0000000666c00000, 0x0000000666e00000| Untracked 
| 651|0x0000000666e00000, 0x0000000667000000, 0x0000000667000000|100%|HC|  |TAMS 0x0000000666e00000, 0x0000000667000000| Untracked 
| 652|0x0000000667000000, 0x0000000667200000, 0x0000000667200000|100%|HC|  |TAMS 0x0000000667000000, 0x0000000667200000| Untracked 
| 653|0x0000000667200000, 0x0000000667400000, 0x0000000667400000|100%|HC|  |TAMS 0x0000000667200000, 0x0000000667400000| Untracked 
| 654|0x0000000667400000, 0x0000000667600000, 0x0000000667600000|100%|HC|  |TAMS 0x0000000667400000, 0x0000000667600000| Untracked 
| 655|0x0000000667600000, 0x0000000667800000, 0x0000000667800000|100%|HC|  |TAMS 0x0000000667600000, 0x0000000667800000| Untracked 
| 656|0x0000000667800000, 0x0000000667a00000, 0x0000000667a00000|100%|HC|  |TAMS 0x0000000667800000, 0x0000000667a00000| Untracked 
| 657|0x0000000667a00000, 0x0000000667c00000, 0x0000000667c00000|100%|HC|  |TAMS 0x0000000667a00000, 0x0000000667c00000| Untracked 
| 658|0x0000000667c00000, 0x0000000667e00000, 0x0000000667e00000|100%|HC|  |TAMS 0x0000000667c00000, 0x0000000667e00000| Untracked 
| 659|0x0000000667e00000, 0x0000000668000000, 0x0000000668000000|100%|HC|  |TAMS 0x0000000667e00000, 0x0000000668000000| Untracked 
| 660|0x0000000668000000, 0x0000000668200000, 0x0000000668200000|100%|HC|  |TAMS 0x0000000668000000, 0x0000000668200000| Untracked 
| 661|0x0000000668200000, 0x0000000668400000, 0x0000000668400000|100%|HC|  |TAMS 0x0000000668200000, 0x0000000668400000| Untracked 
| 662|0x0000000668400000, 0x0000000668600000, 0x0000000668600000|100%|HC|  |TAMS 0x0000000668400000, 0x0000000668600000| Untracked 
| 663|0x0000000668600000, 0x0000000668800000, 0x0000000668800000|100%|HC|  |TAMS 0x0000000668600000, 0x0000000668800000| Untracked 
| 664|0x0000000668800000, 0x0000000668a00000, 0x0000000668a00000|100%|HC|  |TAMS 0x0000000668800000, 0x0000000668a00000| Untracked 
| 665|0x0000000668a00000, 0x0000000668c00000, 0x0000000668c00000|100%|HC|  |TAMS 0x0000000668a00000, 0x0000000668c00000| Untracked 
| 666|0x0000000668c00000, 0x0000000668e00000, 0x0000000668e00000|100%|HC|  |TAMS 0x0000000668c00000, 0x0000000668e00000| Untracked 
| 667|0x0000000668e00000, 0x0000000669000000, 0x0000000669000000|100%|HC|  |TAMS 0x0000000668e00000, 0x0000000669000000| Untracked 
| 668|0x0000000669000000, 0x0000000669200000, 0x0000000669200000|100%|HC|  |TAMS 0x0000000669000000, 0x0000000669200000| Untracked 
| 669|0x0000000669200000, 0x0000000669400000, 0x0000000669400000|100%|HC|  |TAMS 0x0000000669200000, 0x0000000669400000| Untracked 
| 670|0x0000000669400000, 0x0000000669600000, 0x0000000669600000|100%|HC|  |TAMS 0x0000000669400000, 0x0000000669600000| Untracked 
| 671|0x0000000669600000, 0x0000000669800000, 0x0000000669800000|100%|HC|  |TAMS 0x0000000669600000, 0x0000000669800000| Untracked 
| 672|0x0000000669800000, 0x0000000669a00000, 0x0000000669a00000|100%|HC|  |TAMS 0x0000000669800000, 0x0000000669a00000| Untracked 
| 673|0x0000000669a00000, 0x0000000669c00000, 0x0000000669c00000|100%|HC|  |TAMS 0x0000000669a00000, 0x0000000669c00000| Untracked 
| 674|0x0000000669c00000, 0x0000000669e00000, 0x0000000669e00000|100%|HC|  |TAMS 0x0000000669c00000, 0x0000000669e00000| Untracked 
| 675|0x0000000669e00000, 0x000000066a000000, 0x000000066a000000|100%|HC|  |TAMS 0x0000000669e00000, 0x000000066a000000| Untracked 
| 676|0x000000066a000000, 0x000000066a200000, 0x000000066a200000|100%|HC|  |TAMS 0x000000066a000000, 0x000000066a200000| Untracked 
| 677|0x000000066a200000, 0x000000066a400000, 0x000000066a400000|100%|HC|  |TAMS 0x000000066a200000, 0x000000066a400000| Untracked 
| 678|0x000000066a400000, 0x000000066a600000, 0x000000066a600000|100%|HC|  |TAMS 0x000000066a400000, 0x000000066a600000| Untracked 
| 679|0x000000066a600000, 0x000000066a800000, 0x000000066a800000|100%|HC|  |TAMS 0x000000066a600000, 0x000000066a800000| Untracked 
| 680|0x000000066a800000, 0x000000066aa00000, 0x000000066aa00000|100%|HC|  |TAMS 0x000000066a800000, 0x000000066aa00000| Untracked 
| 681|0x000000066aa00000, 0x000000066ac00000, 0x000000066ac00000|100%|HC|  |TAMS 0x000000066aa00000, 0x000000066ac00000| Untracked 
| 682|0x000000066ac00000, 0x000000066ae00000, 0x000000066ae00000|100%|HC|  |TAMS 0x000000066ac00000, 0x000000066ae00000| Untracked 
| 683|0x000000066ae00000, 0x000000066b000000, 0x000000066b000000|100%|HC|  |TAMS 0x000000066ae00000, 0x000000066b000000| Untracked 
| 684|0x000000066b000000, 0x000000066b200000, 0x000000066b200000|100%|HC|  |TAMS 0x000000066b000000, 0x000000066b200000| Untracked 
| 685|0x000000066b200000, 0x000000066b400000, 0x000000066b400000|100%|HC|  |TAMS 0x000000066b200000, 0x000000066b400000| Untracked 
| 686|0x000000066b400000, 0x000000066b600000, 0x000000066b600000|100%|HC|  |TAMS 0x000000066b400000, 0x000000066b600000| Untracked 
| 687|0x000000066b600000, 0x000000066b800000, 0x000000066b800000|100%|HC|  |TAMS 0x000000066b600000, 0x000000066b800000| Untracked 
| 688|0x000000066b800000, 0x000000066ba00000, 0x000000066ba00000|100%|HC|  |TAMS 0x000000066b800000, 0x000000066ba00000| Untracked 
| 689|0x000000066ba00000, 0x000000066bc00000, 0x000000066bc00000|100%|HC|  |TAMS 0x000000066ba00000, 0x000000066bc00000| Untracked 
| 690|0x000000066bc00000, 0x000000066be00000, 0x000000066be00000|100%|HC|  |TAMS 0x000000066bc00000, 0x000000066be00000| Untracked 
| 691|0x000000066be00000, 0x000000066c000000, 0x000000066c000000|100%|HC|  |TAMS 0x000000066be00000, 0x000000066c000000| Untracked 
| 692|0x000000066c000000, 0x000000066c200000, 0x000000066c200000|100%|HC|  |TAMS 0x000000066c000000, 0x000000066c200000| Untracked 
| 693|0x000000066c200000, 0x000000066c400000, 0x000000066c400000|100%|HC|  |TAMS 0x000000066c200000, 0x000000066c400000| Untracked 
| 694|0x000000066c400000, 0x000000066c600000, 0x000000066c600000|100%|HC|  |TAMS 0x000000066c400000, 0x000000066c600000| Untracked 
| 695|0x000000066c600000, 0x000000066c800000, 0x000000066c800000|100%|HC|  |TAMS 0x000000066c600000, 0x000000066c800000| Untracked 
| 696|0x000000066c800000, 0x000000066ca00000, 0x000000066ca00000|100%|HC|  |TAMS 0x000000066c800000, 0x000000066ca00000| Untracked 
| 697|0x000000066ca00000, 0x000000066cc00000, 0x000000066cc00000|100%|HC|  |TAMS 0x000000066ca00000, 0x000000066cc00000| Untracked 
| 698|0x000000066cc00000, 0x000000066ce00000, 0x000000066ce00000|100%|HC|  |TAMS 0x000000066cc00000, 0x000000066ce00000| Untracked 
| 699|0x000000066ce00000, 0x000000066d000000, 0x000000066d000000|100%|HC|  |TAMS 0x000000066ce00000, 0x000000066d000000| Untracked 
| 700|0x000000066d000000, 0x000000066d200000, 0x000000066d200000|100%|HC|  |TAMS 0x000000066d000000, 0x000000066d200000| Untracked 
| 701|0x000000066d200000, 0x000000066d400000, 0x000000066d400000|100%|HC|  |TAMS 0x000000066d200000, 0x000000066d400000| Untracked 
| 702|0x000000066d400000, 0x000000066d600000, 0x000000066d600000|100%|HC|  |TAMS 0x000000066d400000, 0x000000066d600000| Untracked 
| 703|0x000000066d600000, 0x000000066d800000, 0x000000066d800000|100%|HC|  |TAMS 0x000000066d600000, 0x000000066d800000| Untracked 
| 704|0x000000066d800000, 0x000000066da00000, 0x000000066da00000|100%|HC|  |TAMS 0x000000066d800000, 0x000000066da00000| Untracked 
| 705|0x000000066da00000, 0x000000066dc00000, 0x000000066dc00000|100%|HC|  |TAMS 0x000000066da00000, 0x000000066dc00000| Untracked 
| 706|0x000000066dc00000, 0x000000066de00000, 0x000000066de00000|100%|HC|  |TAMS 0x000000066dc00000, 0x000000066de00000| Untracked 
| 707|0x000000066de00000, 0x000000066e000000, 0x000000066e000000|100%|HC|  |TAMS 0x000000066de00000, 0x000000066e000000| Untracked 
| 708|0x000000066e000000, 0x000000066e200000, 0x000000066e200000|100%|HC|  |TAMS 0x000000066e000000, 0x000000066e200000| Untracked 
| 709|0x000000066e200000, 0x000000066e400000, 0x000000066e400000|100%|HC|  |TAMS 0x000000066e200000, 0x000000066e400000| Untracked 
| 710|0x000000066e400000, 0x000000066e600000, 0x000000066e600000|100%|HC|  |TAMS 0x000000066e400000, 0x000000066e600000| Untracked 
| 711|0x000000066e600000, 0x000000066e800000, 0x000000066e800000|100%|HC|  |TAMS 0x000000066e600000, 0x000000066e800000| Untracked 
| 712|0x000000066e800000, 0x000000066ea00000, 0x000000066ea00000|100%|HC|  |TAMS 0x000000066e800000, 0x000000066ea00000| Untracked 
| 713|0x000000066ea00000, 0x000000066ec00000, 0x000000066ec00000|100%|HC|  |TAMS 0x000000066ea00000, 0x000000066ec00000| Untracked 
| 714|0x000000066ec00000, 0x000000066ee00000, 0x000000066ee00000|100%|HC|  |TAMS 0x000000066ec00000, 0x000000066ee00000| Untracked 
| 715|0x000000066ee00000, 0x000000066f000000, 0x000000066f000000|100%|HC|  |TAMS 0x000000066ee00000, 0x000000066f000000| Untracked 
| 716|0x000000066f000000, 0x000000066f200000, 0x000000066f200000|100%|HC|  |TAMS 0x000000066f000000, 0x000000066f200000| Untracked 
| 717|0x000000066f200000, 0x000000066f400000, 0x000000066f400000|100%|HC|  |TAMS 0x000000066f200000, 0x000000066f400000| Untracked 
| 718|0x000000066f400000, 0x000000066f600000, 0x000000066f600000|100%|HC|  |TAMS 0x000000066f400000, 0x000000066f600000| Untracked 
| 719|0x000000066f600000, 0x000000066f800000, 0x000000066f800000|100%|HC|  |TAMS 0x000000066f600000, 0x000000066f800000| Untracked 
| 720|0x000000066f800000, 0x000000066fa00000, 0x000000066fa00000|100%|HC|  |TAMS 0x000000066f800000, 0x000000066fa00000| Untracked 
| 721|0x000000066fa00000, 0x000000066fc00000, 0x000000066fc00000|100%|HC|  |TAMS 0x000000066fa00000, 0x000000066fc00000| Untracked 
| 722|0x000000066fc00000, 0x000000066fe00000, 0x000000066fe00000|100%|HC|  |TAMS 0x000000066fc00000, 0x000000066fe00000| Untracked 
| 723|0x000000066fe00000, 0x0000000670000000, 0x0000000670000000|100%|HC|  |TAMS 0x000000066fe00000, 0x0000000670000000| Untracked 
| 724|0x0000000670000000, 0x0000000670200000, 0x0000000670200000|100%|HC|  |TAMS 0x0000000670000000, 0x0000000670200000| Untracked 
| 725|0x0000000670200000, 0x0000000670400000, 0x0000000670400000|100%|HC|  |TAMS 0x0000000670200000, 0x0000000670400000| Untracked 
| 726|0x0000000670400000, 0x0000000670600000, 0x0000000670600000|100%|HC|  |TAMS 0x0000000670400000, 0x0000000670600000| Untracked 
| 727|0x0000000670600000, 0x0000000670800000, 0x0000000670800000|100%|HC|  |TAMS 0x0000000670600000, 0x0000000670800000| Untracked 
| 728|0x0000000670800000, 0x0000000670a00000, 0x0000000670a00000|100%|HC|  |TAMS 0x0000000670800000, 0x0000000670a00000| Untracked 
| 729|0x0000000670a00000, 0x0000000670c00000, 0x0000000670c00000|100%|HC|  |TAMS 0x0000000670a00000, 0x0000000670c00000| Untracked 
| 730|0x0000000670c00000, 0x0000000670e00000, 0x0000000670e00000|100%|HC|  |TAMS 0x0000000670c00000, 0x0000000670e00000| Untracked 
| 731|0x0000000670e00000, 0x0000000671000000, 0x0000000671000000|100%|HC|  |TAMS 0x0000000670e00000, 0x0000000671000000| Untracked 
| 732|0x0000000671000000, 0x0000000671200000, 0x0000000671200000|100%|HC|  |TAMS 0x0000000671000000, 0x0000000671200000| Untracked 
| 733|0x0000000671200000, 0x0000000671400000, 0x0000000671400000|100%|HC|  |TAMS 0x0000000671200000, 0x0000000671400000| Untracked 
| 734|0x0000000671400000, 0x0000000671600000, 0x0000000671600000|100%|HC|  |TAMS 0x0000000671400000, 0x0000000671600000| Untracked 
| 735|0x0000000671600000, 0x0000000671800000, 0x0000000671800000|100%|HC|  |TAMS 0x0000000671600000, 0x0000000671800000| Untracked 
| 736|0x0000000671800000, 0x0000000671a00000, 0x0000000671a00000|100%|HC|  |TAMS 0x0000000671800000, 0x0000000671a00000| Untracked 
| 737|0x0000000671a00000, 0x0000000671c00000, 0x0000000671c00000|100%|HC|  |TAMS 0x0000000671a00000, 0x0000000671c00000| Untracked 
| 738|0x0000000671c00000, 0x0000000671e00000, 0x0000000671e00000|100%|HC|  |TAMS 0x0000000671c00000, 0x0000000671e00000| Untracked 
| 739|0x0000000671e00000, 0x0000000672000000, 0x0000000672000000|100%|HC|  |TAMS 0x0000000671e00000, 0x0000000672000000| Untracked 
| 740|0x0000000672000000, 0x0000000672200000, 0x0000000672200000|100%|HC|  |TAMS 0x0000000672000000, 0x0000000672200000| Untracked 
| 741|0x0000000672200000, 0x0000000672400000, 0x0000000672400000|100%|HC|  |TAMS 0x0000000672200000, 0x0000000672400000| Untracked 
| 742|0x0000000672400000, 0x0000000672600000, 0x0000000672600000|100%|HC|  |TAMS 0x0000000672400000, 0x0000000672600000| Untracked 
| 743|0x0000000672600000, 0x0000000672800000, 0x0000000672800000|100%|HC|  |TAMS 0x0000000672600000, 0x0000000672800000| Untracked 
| 744|0x0000000672800000, 0x0000000672a00000, 0x0000000672a00000|100%|HC|  |TAMS 0x0000000672800000, 0x0000000672a00000| Untracked 
| 745|0x0000000672a00000, 0x0000000672c00000, 0x0000000672c00000|100%|HC|  |TAMS 0x0000000672a00000, 0x0000000672c00000| Untracked 
| 746|0x0000000672c00000, 0x0000000672e00000, 0x0000000672e00000|100%|HC|  |TAMS 0x0000000672c00000, 0x0000000672e00000| Untracked 
| 747|0x0000000672e00000, 0x0000000673000000, 0x0000000673000000|100%|HC|  |TAMS 0x0000000672e00000, 0x0000000673000000| Untracked 
| 748|0x0000000673000000, 0x0000000673200000, 0x0000000673200000|100%|HC|  |TAMS 0x0000000673000000, 0x0000000673200000| Untracked 
| 749|0x0000000673200000, 0x0000000673400000, 0x0000000673400000|100%|HC|  |TAMS 0x0000000673200000, 0x0000000673400000| Untracked 
| 750|0x0000000673400000, 0x0000000673600000, 0x0000000673600000|100%|HC|  |TAMS 0x0000000673400000, 0x0000000673600000| Untracked 
| 751|0x0000000673600000, 0x0000000673800000, 0x0000000673800000|100%|HC|  |TAMS 0x0000000673600000, 0x0000000673800000| Untracked 
| 752|0x0000000673800000, 0x0000000673a00000, 0x0000000673a00000|100%|HC|  |TAMS 0x0000000673800000, 0x0000000673a00000| Untracked 
| 753|0x0000000673a00000, 0x0000000673c00000, 0x0000000673c00000|100%|HC|  |TAMS 0x0000000673a00000, 0x0000000673c00000| Untracked 
| 754|0x0000000673c00000, 0x0000000673e00000, 0x0000000673e00000|100%|HC|  |TAMS 0x0000000673c00000, 0x0000000673e00000| Untracked 
| 755|0x0000000673e00000, 0x0000000674000000, 0x0000000674000000|100%|HC|  |TAMS 0x0000000673e00000, 0x0000000674000000| Untracked 
| 756|0x0000000674000000, 0x0000000674200000, 0x0000000674200000|100%|HC|  |TAMS 0x0000000674000000, 0x0000000674200000| Untracked 
| 757|0x0000000674200000, 0x0000000674400000, 0x0000000674400000|100%|HC|  |TAMS 0x0000000674200000, 0x0000000674400000| Untracked 
| 758|0x0000000674400000, 0x0000000674600000, 0x0000000674600000|100%|HC|  |TAMS 0x0000000674400000, 0x0000000674600000| Untracked 
| 759|0x0000000674600000, 0x0000000674800000, 0x0000000674800000|100%|HC|  |TAMS 0x0000000674600000, 0x0000000674800000| Untracked 
| 760|0x0000000674800000, 0x0000000674a00000, 0x0000000674a00000|100%|HC|  |TAMS 0x0000000674800000, 0x0000000674a00000| Untracked 
| 761|0x0000000674a00000, 0x0000000674c00000, 0x0000000674c00000|100%|HC|  |TAMS 0x0000000674a00000, 0x0000000674c00000| Untracked 
| 762|0x0000000674c00000, 0x0000000674e00000, 0x0000000674e00000|100%|HC|  |TAMS 0x0000000674c00000, 0x0000000674e00000| Untracked 
| 763|0x0000000674e00000, 0x0000000675000000, 0x0000000675000000|100%|HC|  |TAMS 0x0000000674e00000, 0x0000000675000000| Untracked 
| 764|0x0000000675000000, 0x0000000675200000, 0x0000000675200000|100%|HC|  |TAMS 0x0000000675000000, 0x0000000675200000| Untracked 
| 765|0x0000000675200000, 0x0000000675400000, 0x0000000675400000|100%|HC|  |TAMS 0x0000000675200000, 0x0000000675400000| Untracked 
| 766|0x0000000675400000, 0x0000000675600000, 0x0000000675600000|100%|HC|  |TAMS 0x0000000675400000, 0x0000000675600000| Untracked 
| 767|0x0000000675600000, 0x0000000675800000, 0x0000000675800000|100%|HC|  |TAMS 0x0000000675600000, 0x0000000675800000| Untracked 
| 768|0x0000000675800000, 0x0000000675a00000, 0x0000000675a00000|100%|HC|  |TAMS 0x0000000675800000, 0x0000000675a00000| Untracked 
| 769|0x0000000675a00000, 0x0000000675c00000, 0x0000000675c00000|100%|HC|  |TAMS 0x0000000675a00000, 0x0000000675c00000| Untracked 
| 770|0x0000000675c00000, 0x0000000675e00000, 0x0000000675e00000|100%|HC|  |TAMS 0x0000000675c00000, 0x0000000675e00000| Untracked 
| 771|0x0000000675e00000, 0x0000000676000000, 0x0000000676000000|100%|HC|  |TAMS 0x0000000675e00000, 0x0000000676000000| Untracked 
| 772|0x0000000676000000, 0x0000000676200000, 0x0000000676200000|100%|HC|  |TAMS 0x0000000676000000, 0x0000000676200000| Untracked 
| 773|0x0000000676200000, 0x0000000676400000, 0x0000000676400000|100%|HC|  |TAMS 0x0000000676200000, 0x0000000676400000| Untracked 
| 774|0x0000000676400000, 0x0000000676600000, 0x0000000676600000|100%|HC|  |TAMS 0x0000000676400000, 0x0000000676600000| Untracked 
| 775|0x0000000676600000, 0x0000000676800000, 0x0000000676800000|100%|HC|  |TAMS 0x0000000676600000, 0x0000000676800000| Untracked 
| 776|0x0000000676800000, 0x0000000676a00000, 0x0000000676a00000|100%|HC|  |TAMS 0x0000000676800000, 0x0000000676a00000| Untracked 
| 777|0x0000000676a00000, 0x0000000676c00000, 0x0000000676c00000|100%|HC|  |TAMS 0x0000000676a00000, 0x0000000676c00000| Untracked 
| 778|0x0000000676c00000, 0x0000000676e00000, 0x0000000676e00000|100%|HC|  |TAMS 0x0000000676c00000, 0x0000000676e00000| Untracked 
| 779|0x0000000676e00000, 0x0000000677000000, 0x0000000677000000|100%|HC|  |TAMS 0x0000000676e00000, 0x0000000677000000| Untracked 
| 780|0x0000000677000000, 0x0000000677200000, 0x0000000677200000|100%|HC|  |TAMS 0x0000000677000000, 0x0000000677200000| Untracked 
| 781|0x0000000677200000, 0x0000000677400000, 0x0000000677400000|100%|HC|  |TAMS 0x0000000677200000, 0x0000000677400000| Untracked 
| 782|0x0000000677400000, 0x0000000677600000, 0x0000000677600000|100%|HC|  |TAMS 0x0000000677400000, 0x0000000677600000| Untracked 
| 783|0x0000000677600000, 0x0000000677800000, 0x0000000677800000|100%|HC|  |TAMS 0x0000000677600000, 0x0000000677800000| Untracked 
| 784|0x0000000677800000, 0x0000000677a00000, 0x0000000677a00000|100%|HC|  |TAMS 0x0000000677800000, 0x0000000677a00000| Untracked 
| 785|0x0000000677a00000, 0x0000000677c00000, 0x0000000677c00000|100%|HC|  |TAMS 0x0000000677a00000, 0x0000000677c00000| Untracked 
| 786|0x0000000677c00000, 0x0000000677e00000, 0x0000000677e00000|100%|HC|  |TAMS 0x0000000677c00000, 0x0000000677e00000| Untracked 
| 787|0x0000000677e00000, 0x0000000678000000, 0x0000000678000000|100%|HC|  |TAMS 0x0000000677e00000, 0x0000000678000000| Untracked 
| 788|0x0000000678000000, 0x0000000678200000, 0x0000000678200000|100%|HC|  |TAMS 0x0000000678000000, 0x0000000678200000| Untracked 
| 789|0x0000000678200000, 0x0000000678400000, 0x0000000678400000|100%|HC|  |TAMS 0x0000000678200000, 0x0000000678400000| Untracked 
| 790|0x0000000678400000, 0x0000000678600000, 0x0000000678600000|100%|HC|  |TAMS 0x0000000678400000, 0x0000000678600000| Untracked 
| 791|0x0000000678600000, 0x0000000678800000, 0x0000000678800000|100%|HC|  |TAMS 0x0000000678600000, 0x0000000678800000| Untracked 
| 792|0x0000000678800000, 0x0000000678a00000, 0x0000000678a00000|100%|HC|  |TAMS 0x0000000678800000, 0x0000000678a00000| Untracked 
| 793|0x0000000678a00000, 0x0000000678c00000, 0x0000000678c00000|100%|HC|  |TAMS 0x0000000678a00000, 0x0000000678c00000| Untracked 
| 794|0x0000000678c00000, 0x0000000678e00000, 0x0000000678e00000|100%|HC|  |TAMS 0x0000000678c00000, 0x0000000678e00000| Untracked 
| 795|0x0000000678e00000, 0x0000000679000000, 0x0000000679000000|100%|HC|  |TAMS 0x0000000678e00000, 0x0000000679000000| Untracked 
| 796|0x0000000679000000, 0x0000000679200000, 0x0000000679200000|100%|HC|  |TAMS 0x0000000679000000, 0x0000000679200000| Untracked 
| 797|0x0000000679200000, 0x0000000679400000, 0x0000000679400000|100%|HC|  |TAMS 0x0000000679200000, 0x0000000679400000| Untracked 
| 798|0x0000000679400000, 0x0000000679600000, 0x0000000679600000|100%|HC|  |TAMS 0x0000000679400000, 0x0000000679600000| Untracked 
| 799|0x0000000679600000, 0x0000000679800000, 0x0000000679800000|100%|HC|  |TAMS 0x0000000679600000, 0x0000000679800000| Untracked 
| 800|0x0000000679800000, 0x0000000679a00000, 0x0000000679a00000|100%|HC|  |TAMS 0x0000000679800000, 0x0000000679a00000| Untracked 
| 801|0x0000000679a00000, 0x0000000679c00000, 0x0000000679c00000|100%|HC|  |TAMS 0x0000000679a00000, 0x0000000679c00000| Untracked 
| 802|0x0000000679c00000, 0x0000000679e00000, 0x0000000679e00000|100%|HC|  |TAMS 0x0000000679c00000, 0x0000000679e00000| Untracked 
| 803|0x0000000679e00000, 0x000000067a000000, 0x000000067a000000|100%|HC|  |TAMS 0x0000000679e00000, 0x000000067a000000| Untracked 
| 804|0x000000067a000000, 0x000000067a200000, 0x000000067a200000|100%|HC|  |TAMS 0x000000067a000000, 0x000000067a200000| Untracked 
| 805|0x000000067a200000, 0x000000067a400000, 0x000000067a400000|100%|HC|  |TAMS 0x000000067a200000, 0x000000067a400000| Untracked 
| 806|0x000000067a400000, 0x000000067a600000, 0x000000067a600000|100%|HC|  |TAMS 0x000000067a400000, 0x000000067a600000| Untracked 
| 807|0x000000067a600000, 0x000000067a800000, 0x000000067a800000|100%|HC|  |TAMS 0x000000067a600000, 0x000000067a800000| Untracked 
| 808|0x000000067a800000, 0x000000067aa00000, 0x000000067aa00000|100%|HC|  |TAMS 0x000000067a800000, 0x000000067aa00000| Untracked 
| 809|0x000000067aa00000, 0x000000067ac00000, 0x000000067ac00000|100%|HC|  |TAMS 0x000000067aa00000, 0x000000067ac00000| Untracked 
| 810|0x000000067ac00000, 0x000000067ae00000, 0x000000067ae00000|100%|HC|  |TAMS 0x000000067ac00000, 0x000000067ae00000| Untracked 
| 811|0x000000067ae00000, 0x000000067b000000, 0x000000067b000000|100%|HC|  |TAMS 0x000000067ae00000, 0x000000067b000000| Untracked 
| 812|0x000000067b000000, 0x000000067b200000, 0x000000067b200000|100%|HC|  |TAMS 0x000000067b000000, 0x000000067b200000| Untracked 
| 813|0x000000067b200000, 0x000000067b400000, 0x000000067b400000|100%|HC|  |TAMS 0x000000067b200000, 0x000000067b400000| Untracked 
| 814|0x000000067b400000, 0x000000067b600000, 0x000000067b600000|100%|HC|  |TAMS 0x000000067b400000, 0x000000067b600000| Untracked 
| 815|0x000000067b600000, 0x000000067b800000, 0x000000067b800000|100%|HC|  |TAMS 0x000000067b600000, 0x000000067b800000| Untracked 
| 816|0x000000067b800000, 0x000000067ba00000, 0x000000067ba00000|100%|HC|  |TAMS 0x000000067b800000, 0x000000067ba00000| Untracked 
| 817|0x000000067ba00000, 0x000000067bc00000, 0x000000067bc00000|100%|HC|  |TAMS 0x000000067ba00000, 0x000000067bc00000| Untracked 
| 818|0x000000067bc00000, 0x000000067be00000, 0x000000067be00000|100%|HC|  |TAMS 0x000000067bc00000, 0x000000067be00000| Untracked 
| 819|0x000000067be00000, 0x000000067c000000, 0x000000067c000000|100%|HC|  |TAMS 0x000000067be00000, 0x000000067c000000| Untracked 
| 820|0x000000067c000000, 0x000000067c200000, 0x000000067c200000|100%|HC|  |TAMS 0x000000067c000000, 0x000000067c200000| Untracked 
| 821|0x000000067c200000, 0x000000067c400000, 0x000000067c400000|100%|HC|  |TAMS 0x000000067c200000, 0x000000067c400000| Untracked 
| 822|0x000000067c400000, 0x000000067c600000, 0x000000067c600000|100%|HC|  |TAMS 0x000000067c400000, 0x000000067c600000| Untracked 
| 823|0x000000067c600000, 0x000000067c800000, 0x000000067c800000|100%|HC|  |TAMS 0x000000067c600000, 0x000000067c800000| Untracked 
| 824|0x000000067c800000, 0x000000067ca00000, 0x000000067ca00000|100%|HC|  |TAMS 0x000000067c800000, 0x000000067ca00000| Untracked 
| 825|0x000000067ca00000, 0x000000067cc00000, 0x000000067cc00000|100%|HC|  |TAMS 0x000000067ca00000, 0x000000067cc00000| Untracked 
| 826|0x000000067cc00000, 0x000000067ce00000, 0x000000067ce00000|100%|HC|  |TAMS 0x000000067cc00000, 0x000000067ce00000| Untracked 
| 827|0x000000067ce00000, 0x000000067d000000, 0x000000067d000000|100%|HC|  |TAMS 0x000000067ce00000, 0x000000067d000000| Untracked 
| 828|0x000000067d000000, 0x000000067d200000, 0x000000067d200000|100%|HC|  |TAMS 0x000000067d000000, 0x000000067d200000| Untracked 
| 829|0x000000067d200000, 0x000000067d400000, 0x000000067d400000|100%|HC|  |TAMS 0x000000067d200000, 0x000000067d400000| Untracked 
| 830|0x000000067d400000, 0x000000067d600000, 0x000000067d600000|100%|HC|  |TAMS 0x000000067d400000, 0x000000067d600000| Untracked 
| 831|0x000000067d600000, 0x000000067d800000, 0x000000067d800000|100%|HC|  |TAMS 0x000000067d600000, 0x000000067d800000| Untracked 
| 832|0x000000067d800000, 0x000000067da00000, 0x000000067da00000|100%|HC|  |TAMS 0x000000067d800000, 0x000000067da00000| Untracked 
| 833|0x000000067da00000, 0x000000067dc00000, 0x000000067dc00000|100%|HC|  |TAMS 0x000000067da00000, 0x000000067dc00000| Untracked 
| 834|0x000000067dc00000, 0x000000067de00000, 0x000000067de00000|100%|HC|  |TAMS 0x000000067dc00000, 0x000000067de00000| Untracked 
| 835|0x000000067de00000, 0x000000067e000000, 0x000000067e000000|100%|HC|  |TAMS 0x000000067de00000, 0x000000067e000000| Untracked 
| 836|0x000000067e000000, 0x000000067e200000, 0x000000067e200000|100%|HC|  |TAMS 0x000000067e000000, 0x000000067e200000| Untracked 
| 837|0x000000067e200000, 0x000000067e400000, 0x000000067e400000|100%|HC|  |TAMS 0x000000067e200000, 0x000000067e400000| Untracked 
| 838|0x000000067e400000, 0x000000067e600000, 0x000000067e600000|100%|HC|  |TAMS 0x000000067e400000, 0x000000067e600000| Untracked 
| 839|0x000000067e600000, 0x000000067e800000, 0x000000067e800000|100%|HC|  |TAMS 0x000000067e600000, 0x000000067e800000| Untracked 
| 840|0x000000067e800000, 0x000000067ea00000, 0x000000067ea00000|100%|HC|  |TAMS 0x000000067e800000, 0x000000067ea00000| Untracked 
| 841|0x000000067ea00000, 0x000000067ec00000, 0x000000067ec00000|100%|HC|  |TAMS 0x000000067ea00000, 0x000000067ec00000| Untracked 
| 842|0x000000067ec00000, 0x000000067ee00000, 0x000000067ee00000|100%|HC|  |TAMS 0x000000067ec00000, 0x000000067ee00000| Untracked 
| 843|0x000000067ee00000, 0x000000067f000000, 0x000000067f000000|100%|HC|  |TAMS 0x000000067ee00000, 0x000000067f000000| Untracked 
| 844|0x000000067f000000, 0x000000067f200000, 0x000000067f200000|100%|HC|  |TAMS 0x000000067f000000, 0x000000067f200000| Untracked 
| 845|0x000000067f200000, 0x000000067f400000, 0x000000067f400000|100%|HC|  |TAMS 0x000000067f200000, 0x000000067f400000| Untracked 
| 846|0x000000067f400000, 0x000000067f600000, 0x000000067f600000|100%|HC|  |TAMS 0x000000067f400000, 0x000000067f600000| Untracked 
| 847|0x000000067f600000, 0x000000067f800000, 0x000000067f800000|100%|HC|  |TAMS 0x000000067f600000, 0x000000067f800000| Untracked 
| 848|0x000000067f800000, 0x000000067fa00000, 0x000000067fa00000|100%|HC|  |TAMS 0x000000067f800000, 0x000000067fa00000| Untracked 
| 849|0x000000067fa00000, 0x000000067fc00000, 0x000000067fc00000|100%|HC|  |TAMS 0x000000067fa00000, 0x000000067fc00000| Untracked 
| 850|0x000000067fc00000, 0x000000067fe00000, 0x000000067fe00000|100%|HC|  |TAMS 0x000000067fc00000, 0x000000067fe00000| Untracked 
| 851|0x000000067fe00000, 0x0000000680000000, 0x0000000680000000|100%|HC|  |TAMS 0x000000067fe00000, 0x0000000680000000| Untracked 
| 852|0x0000000680000000, 0x0000000680200000, 0x0000000680200000|100%|HC|  |TAMS 0x0000000680000000, 0x0000000680200000| Untracked 
| 853|0x0000000680200000, 0x0000000680400000, 0x0000000680400000|100%|HC|  |TAMS 0x0000000680200000, 0x0000000680400000| Untracked 
| 854|0x0000000680400000, 0x0000000680600000, 0x0000000680600000|100%|HC|  |TAMS 0x0000000680400000, 0x0000000680600000| Untracked 
| 855|0x0000000680600000, 0x0000000680800000, 0x0000000680800000|100%|HC|  |TAMS 0x0000000680600000, 0x0000000680800000| Untracked 
| 856|0x0000000680800000, 0x0000000680a00000, 0x0000000680a00000|100%|HC|  |TAMS 0x0000000680800000, 0x0000000680a00000| Untracked 
| 857|0x0000000680a00000, 0x0000000680c00000, 0x0000000680c00000|100%|HC|  |TAMS 0x0000000680a00000, 0x0000000680c00000| Untracked 
| 858|0x0000000680c00000, 0x0000000680e00000, 0x0000000680e00000|100%|HC|  |TAMS 0x0000000680c00000, 0x0000000680e00000| Untracked 
| 859|0x0000000680e00000, 0x0000000681000000, 0x0000000681000000|100%|HC|  |TAMS 0x0000000680e00000, 0x0000000681000000| Untracked 
| 860|0x0000000681000000, 0x0000000681200000, 0x0000000681200000|100%|HC|  |TAMS 0x0000000681000000, 0x0000000681200000| Untracked 
| 861|0x0000000681200000, 0x0000000681400000, 0x0000000681400000|100%|HC|  |TAMS 0x0000000681200000, 0x0000000681400000| Untracked 
| 862|0x0000000681400000, 0x0000000681600000, 0x0000000681600000|100%|HC|  |TAMS 0x0000000681400000, 0x0000000681600000| Untracked 
| 863|0x0000000681600000, 0x0000000681800000, 0x0000000681800000|100%|HC|  |TAMS 0x0000000681600000, 0x0000000681800000| Untracked 
| 864|0x0000000681800000, 0x0000000681a00000, 0x0000000681a00000|100%|HC|  |TAMS 0x0000000681800000, 0x0000000681a00000| Untracked 
| 865|0x0000000681a00000, 0x0000000681c00000, 0x0000000681c00000|100%|HC|  |TAMS 0x0000000681a00000, 0x0000000681c00000| Untracked 
| 866|0x0000000681c00000, 0x0000000681e00000, 0x0000000681e00000|100%|HC|  |TAMS 0x0000000681c00000, 0x0000000681e00000| Untracked 
| 867|0x0000000681e00000, 0x0000000682000000, 0x0000000682000000|100%|HC|  |TAMS 0x0000000681e00000, 0x0000000682000000| Untracked 
| 868|0x0000000682000000, 0x0000000682200000, 0x0000000682200000|100%|HC|  |TAMS 0x0000000682000000, 0x0000000682200000| Untracked 
| 869|0x0000000682200000, 0x0000000682400000, 0x0000000682400000|100%|HC|  |TAMS 0x0000000682200000, 0x0000000682400000| Untracked 
| 870|0x0000000682400000, 0x0000000682600000, 0x0000000682600000|100%|HC|  |TAMS 0x0000000682400000, 0x0000000682600000| Untracked 
| 871|0x0000000682600000, 0x0000000682800000, 0x0000000682800000|100%|HC|  |TAMS 0x0000000682600000, 0x0000000682800000| Untracked 
| 872|0x0000000682800000, 0x0000000682a00000, 0x0000000682a00000|100%|HC|  |TAMS 0x0000000682800000, 0x0000000682a00000| Untracked 
| 873|0x0000000682a00000, 0x0000000682c00000, 0x0000000682c00000|100%|HC|  |TAMS 0x0000000682a00000, 0x0000000682c00000| Untracked 
| 874|0x0000000682c00000, 0x0000000682e00000, 0x0000000682e00000|100%|HC|  |TAMS 0x0000000682c00000, 0x0000000682e00000| Untracked 
| 875|0x0000000682e00000, 0x0000000683000000, 0x0000000683000000|100%|HC|  |TAMS 0x0000000682e00000, 0x0000000683000000| Untracked 
| 876|0x0000000683000000, 0x0000000683200000, 0x0000000683200000|100%|HC|  |TAMS 0x0000000683000000, 0x0000000683200000| Untracked 
| 877|0x0000000683200000, 0x0000000683400000, 0x0000000683400000|100%|HC|  |TAMS 0x0000000683200000, 0x0000000683400000| Untracked 
| 878|0x0000000683400000, 0x0000000683600000, 0x0000000683600000|100%|HC|  |TAMS 0x0000000683400000, 0x0000000683600000| Untracked 
| 879|0x0000000683600000, 0x0000000683800000, 0x0000000683800000|100%|HC|  |TAMS 0x0000000683600000, 0x0000000683800000| Untracked 
| 880|0x0000000683800000, 0x0000000683a00000, 0x0000000683a00000|100%|HC|  |TAMS 0x0000000683800000, 0x0000000683a00000| Untracked 
| 881|0x0000000683a00000, 0x0000000683c00000, 0x0000000683c00000|100%|HC|  |TAMS 0x0000000683a00000, 0x0000000683c00000| Untracked 
| 882|0x0000000683c00000, 0x0000000683e00000, 0x0000000683e00000|100%|HC|  |TAMS 0x0000000683c00000, 0x0000000683e00000| Untracked 
| 883|0x0000000683e00000, 0x0000000684000000, 0x0000000684000000|100%|HC|  |TAMS 0x0000000683e00000, 0x0000000684000000| Untracked 
| 884|0x0000000684000000, 0x0000000684200000, 0x0000000684200000|100%|HC|  |TAMS 0x0000000684000000, 0x0000000684200000| Untracked 
| 885|0x0000000684200000, 0x0000000684400000, 0x0000000684400000|100%|HC|  |TAMS 0x0000000684200000, 0x0000000684400000| Untracked 
| 886|0x0000000684400000, 0x0000000684600000, 0x0000000684600000|100%|HC|  |TAMS 0x0000000684400000, 0x0000000684600000| Untracked 
| 887|0x0000000684600000, 0x0000000684800000, 0x0000000684800000|100%|HC|  |TAMS 0x0000000684600000, 0x0000000684800000| Untracked 
| 888|0x0000000684800000, 0x0000000684a00000, 0x0000000684a00000|100%|HC|  |TAMS 0x0000000684800000, 0x0000000684a00000| Untracked 
| 889|0x0000000684a00000, 0x0000000684c00000, 0x0000000684c00000|100%|HC|  |TAMS 0x0000000684a00000, 0x0000000684c00000| Untracked 
| 890|0x0000000684c00000, 0x0000000684e00000, 0x0000000684e00000|100%|HC|  |TAMS 0x0000000684c00000, 0x0000000684e00000| Untracked 
| 891|0x0000000684e00000, 0x0000000685000000, 0x0000000685000000|100%|HC|  |TAMS 0x0000000684e00000, 0x0000000685000000| Untracked 
| 892|0x0000000685000000, 0x0000000685200000, 0x0000000685200000|100%|HC|  |TAMS 0x0000000685000000, 0x0000000685200000| Untracked 
| 893|0x0000000685200000, 0x0000000685400000, 0x0000000685400000|100%|HC|  |TAMS 0x0000000685200000, 0x0000000685400000| Untracked 
| 894|0x0000000685400000, 0x0000000685600000, 0x0000000685600000|100%|HC|  |TAMS 0x0000000685400000, 0x0000000685600000| Untracked 
| 895|0x0000000685600000, 0x0000000685800000, 0x0000000685800000|100%|HC|  |TAMS 0x0000000685600000, 0x0000000685800000| Untracked 
| 896|0x0000000685800000, 0x0000000685a00000, 0x0000000685a00000|100%|HC|  |TAMS 0x0000000685800000, 0x0000000685a00000| Untracked 
| 897|0x0000000685a00000, 0x0000000685c00000, 0x0000000685c00000|100%|HC|  |TAMS 0x0000000685a00000, 0x0000000685c00000| Untracked 
| 898|0x0000000685c00000, 0x0000000685e00000, 0x0000000685e00000|100%|HC|  |TAMS 0x0000000685c00000, 0x0000000685e00000| Untracked 
| 899|0x0000000685e00000, 0x0000000686000000, 0x0000000686000000|100%|HC|  |TAMS 0x0000000685e00000, 0x0000000686000000| Untracked 
| 900|0x0000000686000000, 0x0000000686200000, 0x0000000686200000|100%|HC|  |TAMS 0x0000000686000000, 0x0000000686200000| Untracked 
| 901|0x0000000686200000, 0x0000000686400000, 0x0000000686400000|100%|HC|  |TAMS 0x0000000686200000, 0x0000000686400000| Untracked 
| 902|0x0000000686400000, 0x0000000686600000, 0x0000000686600000|100%|HC|  |TAMS 0x0000000686400000, 0x0000000686600000| Untracked 
| 903|0x0000000686600000, 0x0000000686800000, 0x0000000686800000|100%|HC|  |TAMS 0x0000000686600000, 0x0000000686800000| Untracked 
| 904|0x0000000686800000, 0x0000000686a00000, 0x0000000686a00000|100%|HC|  |TAMS 0x0000000686800000, 0x0000000686a00000| Untracked 
| 905|0x0000000686a00000, 0x0000000686c00000, 0x0000000686c00000|100%|HC|  |TAMS 0x0000000686a00000, 0x0000000686c00000| Untracked 
| 906|0x0000000686c00000, 0x0000000686e00000, 0x0000000686e00000|100%|HC|  |TAMS 0x0000000686c00000, 0x0000000686e00000| Untracked 
| 907|0x0000000686e00000, 0x0000000687000000, 0x0000000687000000|100%|HC|  |TAMS 0x0000000686e00000, 0x0000000687000000| Untracked 
| 908|0x0000000687000000, 0x0000000687200000, 0x0000000687200000|100%|HC|  |TAMS 0x0000000687000000, 0x0000000687200000| Untracked 
| 909|0x0000000687200000, 0x0000000687400000, 0x0000000687400000|100%|HC|  |TAMS 0x0000000687200000, 0x0000000687400000| Untracked 
| 910|0x0000000687400000, 0x0000000687600000, 0x0000000687600000|100%|HC|  |TAMS 0x0000000687400000, 0x0000000687600000| Untracked 
| 911|0x0000000687600000, 0x0000000687800000, 0x0000000687800000|100%|HC|  |TAMS 0x0000000687600000, 0x0000000687800000| Untracked 
| 912|0x0000000687800000, 0x0000000687a00000, 0x0000000687a00000|100%|HC|  |TAMS 0x0000000687800000, 0x0000000687a00000| Untracked 
| 913|0x0000000687a00000, 0x0000000687c00000, 0x0000000687c00000|100%|HC|  |TAMS 0x0000000687a00000, 0x0000000687c00000| Untracked 
| 914|0x0000000687c00000, 0x0000000687e00000, 0x0000000687e00000|100%|HC|  |TAMS 0x0000000687c00000, 0x0000000687e00000| Untracked 
| 915|0x0000000687e00000, 0x0000000688000000, 0x0000000688000000|100%|HC|  |TAMS 0x0000000687e00000, 0x0000000688000000| Untracked 
| 916|0x0000000688000000, 0x0000000688200000, 0x0000000688200000|100%|HC|  |TAMS 0x0000000688000000, 0x0000000688200000| Untracked 
| 917|0x0000000688200000, 0x0000000688400000, 0x0000000688400000|100%|HC|  |TAMS 0x0000000688200000, 0x0000000688400000| Untracked 
| 918|0x0000000688400000, 0x0000000688600000, 0x0000000688600000|100%|HC|  |TAMS 0x0000000688400000, 0x0000000688600000| Untracked 
| 919|0x0000000688600000, 0x0000000688800000, 0x0000000688800000|100%|HC|  |TAMS 0x0000000688600000, 0x0000000688800000| Untracked 
| 920|0x0000000688800000, 0x0000000688a00000, 0x0000000688a00000|100%|HC|  |TAMS 0x0000000688800000, 0x0000000688a00000| Untracked 
| 921|0x0000000688a00000, 0x0000000688c00000, 0x0000000688c00000|100%|HC|  |TAMS 0x0000000688a00000, 0x0000000688c00000| Untracked 
| 922|0x0000000688c00000, 0x0000000688e00000, 0x0000000688e00000|100%|HC|  |TAMS 0x0000000688c00000, 0x0000000688e00000| Untracked 
| 923|0x0000000688e00000, 0x0000000689000000, 0x0000000689000000|100%|HC|  |TAMS 0x0000000688e00000, 0x0000000689000000| Untracked 
| 924|0x0000000689000000, 0x0000000689200000, 0x0000000689200000|100%|HC|  |TAMS 0x0000000689000000, 0x0000000689200000| Untracked 
| 925|0x0000000689200000, 0x0000000689400000, 0x0000000689400000|100%|HC|  |TAMS 0x0000000689200000, 0x0000000689400000| Untracked 
| 926|0x0000000689400000, 0x0000000689600000, 0x0000000689600000|100%|HC|  |TAMS 0x0000000689400000, 0x0000000689600000| Untracked 
| 927|0x0000000689600000, 0x0000000689800000, 0x0000000689800000|100%|HC|  |TAMS 0x0000000689600000, 0x0000000689800000| Untracked 
| 928|0x0000000689800000, 0x0000000689a00000, 0x0000000689a00000|100%|HC|  |TAMS 0x0000000689800000, 0x0000000689a00000| Untracked 
| 929|0x0000000689a00000, 0x0000000689c00000, 0x0000000689c00000|100%|HC|  |TAMS 0x0000000689a00000, 0x0000000689c00000| Untracked 
| 930|0x0000000689c00000, 0x0000000689e00000, 0x0000000689e00000|100%|HC|  |TAMS 0x0000000689c00000, 0x0000000689e00000| Untracked 
| 931|0x0000000689e00000, 0x000000068a000000, 0x000000068a000000|100%|HC|  |TAMS 0x0000000689e00000, 0x000000068a000000| Untracked 
| 932|0x000000068a000000, 0x000000068a200000, 0x000000068a200000|100%|HC|  |TAMS 0x000000068a000000, 0x000000068a200000| Untracked 
| 933|0x000000068a200000, 0x000000068a400000, 0x000000068a400000|100%|HC|  |TAMS 0x000000068a200000, 0x000000068a400000| Untracked 
| 934|0x000000068a400000, 0x000000068a600000, 0x000000068a600000|100%|HC|  |TAMS 0x000000068a400000, 0x000000068a600000| Untracked 
| 935|0x000000068a600000, 0x000000068a800000, 0x000000068a800000|100%|HC|  |TAMS 0x000000068a600000, 0x000000068a800000| Untracked 
| 936|0x000000068a800000, 0x000000068aa00000, 0x000000068aa00000|100%|HC|  |TAMS 0x000000068a800000, 0x000000068aa00000| Untracked 
| 937|0x000000068aa00000, 0x000000068ac00000, 0x000000068ac00000|100%|HC|  |TAMS 0x000000068aa00000, 0x000000068ac00000| Untracked 
| 938|0x000000068ac00000, 0x000000068ae00000, 0x000000068ae00000|100%|HC|  |TAMS 0x000000068ac00000, 0x000000068ae00000| Untracked 
| 939|0x000000068ae00000, 0x000000068b000000, 0x000000068b000000|100%|HC|  |TAMS 0x000000068ae00000, 0x000000068b000000| Untracked 
| 940|0x000000068b000000, 0x000000068b200000, 0x000000068b200000|100%|HC|  |TAMS 0x000000068b000000, 0x000000068b200000| Untracked 
| 941|0x000000068b200000, 0x000000068b400000, 0x000000068b400000|100%|HC|  |TAMS 0x000000068b200000, 0x000000068b400000| Untracked 
| 942|0x000000068b400000, 0x000000068b600000, 0x000000068b600000|100%|HC|  |TAMS 0x000000068b400000, 0x000000068b600000| Untracked 
| 943|0x000000068b600000, 0x000000068b800000, 0x000000068b800000|100%|HC|  |TAMS 0x000000068b600000, 0x000000068b800000| Untracked 
| 944|0x000000068b800000, 0x000000068ba00000, 0x000000068ba00000|100%|HC|  |TAMS 0x000000068b800000, 0x000000068ba00000| Untracked 
| 945|0x000000068ba00000, 0x000000068bc00000, 0x000000068bc00000|100%|HC|  |TAMS 0x000000068ba00000, 0x000000068bc00000| Untracked 
| 946|0x000000068bc00000, 0x000000068be00000, 0x000000068be00000|100%|HC|  |TAMS 0x000000068bc00000, 0x000000068be00000| Untracked 
| 947|0x000000068be00000, 0x000000068c000000, 0x000000068c000000|100%|HC|  |TAMS 0x000000068be00000, 0x000000068c000000| Untracked 
| 948|0x000000068c000000, 0x000000068c200000, 0x000000068c200000|100%|HC|  |TAMS 0x000000068c000000, 0x000000068c200000| Untracked 
| 949|0x000000068c200000, 0x000000068c400000, 0x000000068c400000|100%|HC|  |TAMS 0x000000068c200000, 0x000000068c400000| Untracked 
| 950|0x000000068c400000, 0x000000068c600000, 0x000000068c600000|100%|HC|  |TAMS 0x000000068c400000, 0x000000068c600000| Untracked 
| 951|0x000000068c600000, 0x000000068c800000, 0x000000068c800000|100%|HC|  |TAMS 0x000000068c600000, 0x000000068c800000| Untracked 
| 952|0x000000068c800000, 0x000000068ca00000, 0x000000068ca00000|100%|HC|  |TAMS 0x000000068c800000, 0x000000068ca00000| Untracked 
| 953|0x000000068ca00000, 0x000000068cc00000, 0x000000068cc00000|100%|HC|  |TAMS 0x000000068ca00000, 0x000000068cc00000| Untracked 
| 954|0x000000068cc00000, 0x000000068ce00000, 0x000000068ce00000|100%|HC|  |TAMS 0x000000068cc00000, 0x000000068ce00000| Untracked 
| 955|0x000000068ce00000, 0x000000068d000000, 0x000000068d000000|100%|HC|  |TAMS 0x000000068ce00000, 0x000000068d000000| Untracked 
| 956|0x000000068d000000, 0x000000068d200000, 0x000000068d200000|100%|HC|  |TAMS 0x000000068d000000, 0x000000068d200000| Untracked 
| 957|0x000000068d200000, 0x000000068d400000, 0x000000068d400000|100%|HC|  |TAMS 0x000000068d200000, 0x000000068d400000| Untracked 
| 958|0x000000068d400000, 0x000000068d600000, 0x000000068d600000|100%|HC|  |TAMS 0x000000068d400000, 0x000000068d600000| Untracked 
| 959|0x000000068d600000, 0x000000068d800000, 0x000000068d800000|100%|HC|  |TAMS 0x000000068d600000, 0x000000068d800000| Untracked 
| 960|0x000000068d800000, 0x000000068da00000, 0x000000068da00000|100%|HC|  |TAMS 0x000000068d800000, 0x000000068da00000| Untracked 
| 961|0x000000068da00000, 0x000000068dc00000, 0x000000068dc00000|100%|HC|  |TAMS 0x000000068da00000, 0x000000068dc00000| Untracked 
| 962|0x000000068dc00000, 0x000000068de00000, 0x000000068de00000|100%|HC|  |TAMS 0x000000068dc00000, 0x000000068de00000| Untracked 
| 963|0x000000068de00000, 0x000000068e000000, 0x000000068e000000|100%|HC|  |TAMS 0x000000068de00000, 0x000000068e000000| Untracked 
| 964|0x000000068e000000, 0x000000068e200000, 0x000000068e200000|100%|HC|  |TAMS 0x000000068e000000, 0x000000068e200000| Untracked 
| 965|0x000000068e200000, 0x000000068e400000, 0x000000068e400000|100%|HC|  |TAMS 0x000000068e200000, 0x000000068e400000| Untracked 
| 966|0x000000068e400000, 0x000000068e600000, 0x000000068e600000|100%|HC|  |TAMS 0x000000068e400000, 0x000000068e600000| Untracked 
| 967|0x000000068e600000, 0x000000068e800000, 0x000000068e800000|100%|HC|  |TAMS 0x000000068e600000, 0x000000068e800000| Untracked 
| 968|0x000000068e800000, 0x000000068ea00000, 0x000000068ea00000|100%|HC|  |TAMS 0x000000068e800000, 0x000000068ea00000| Untracked 
| 969|0x000000068ea00000, 0x000000068ec00000, 0x000000068ec00000|100%|HC|  |TAMS 0x000000068ea00000, 0x000000068ec00000| Untracked 
| 970|0x000000068ec00000, 0x000000068ee00000, 0x000000068ee00000|100%|HC|  |TAMS 0x000000068ec00000, 0x000000068ee00000| Untracked 
| 971|0x000000068ee00000, 0x000000068f000000, 0x000000068f000000|100%|HC|  |TAMS 0x000000068ee00000, 0x000000068f000000| Untracked 
| 972|0x000000068f000000, 0x000000068f200000, 0x000000068f200000|100%|HC|  |TAMS 0x000000068f000000, 0x000000068f200000| Untracked 
| 973|0x000000068f200000, 0x000000068f400000, 0x000000068f400000|100%|HC|  |TAMS 0x000000068f200000, 0x000000068f400000| Untracked 
| 974|0x000000068f400000, 0x000000068f600000, 0x000000068f600000|100%|HC|  |TAMS 0x000000068f400000, 0x000000068f600000| Untracked 
| 975|0x000000068f600000, 0x000000068f800000, 0x000000068f800000|100%|HC|  |TAMS 0x000000068f600000, 0x000000068f800000| Untracked 
| 976|0x000000068f800000, 0x000000068fa00000, 0x000000068fa00000|100%|HC|  |TAMS 0x000000068f800000, 0x000000068fa00000| Untracked 
| 977|0x000000068fa00000, 0x000000068fc00000, 0x000000068fc00000|100%|HC|  |TAMS 0x000000068fa00000, 0x000000068fc00000| Untracked 
| 978|0x000000068fc00000, 0x000000068fe00000, 0x000000068fe00000|100%|HC|  |TAMS 0x000000068fc00000, 0x000000068fe00000| Untracked 
| 979|0x000000068fe00000, 0x0000000690000000, 0x0000000690000000|100%|HC|  |TAMS 0x000000068fe00000, 0x0000000690000000| Untracked 
| 980|0x0000000690000000, 0x0000000690200000, 0x0000000690200000|100%|HC|  |TAMS 0x0000000690000000, 0x0000000690200000| Untracked 
| 981|0x0000000690200000, 0x0000000690400000, 0x0000000690400000|100%|HC|  |TAMS 0x0000000690200000, 0x0000000690400000| Untracked 
| 982|0x0000000690400000, 0x0000000690600000, 0x0000000690600000|100%|HC|  |TAMS 0x0000000690400000, 0x0000000690600000| Untracked 
| 983|0x0000000690600000, 0x0000000690800000, 0x0000000690800000|100%|HC|  |TAMS 0x0000000690600000, 0x0000000690800000| Untracked 
| 984|0x0000000690800000, 0x0000000690a00000, 0x0000000690a00000|100%|HC|  |TAMS 0x0000000690800000, 0x0000000690a00000| Untracked 
| 985|0x0000000690a00000, 0x0000000690c00000, 0x0000000690c00000|100%|HC|  |TAMS 0x0000000690a00000, 0x0000000690c00000| Untracked 
| 986|0x0000000690c00000, 0x0000000690e00000, 0x0000000690e00000|100%|HC|  |TAMS 0x0000000690c00000, 0x0000000690e00000| Untracked 
| 987|0x0000000690e00000, 0x0000000691000000, 0x0000000691000000|100%|HC|  |TAMS 0x0000000690e00000, 0x0000000691000000| Untracked 
| 988|0x0000000691000000, 0x0000000691200000, 0x0000000691200000|100%|HC|  |TAMS 0x0000000691000000, 0x0000000691200000| Untracked 
| 989|0x0000000691200000, 0x0000000691400000, 0x0000000691400000|100%|HC|  |TAMS 0x0000000691200000, 0x0000000691400000| Untracked 
| 990|0x0000000691400000, 0x0000000691600000, 0x0000000691600000|100%|HC|  |TAMS 0x0000000691400000, 0x0000000691600000| Untracked 
| 991|0x0000000691600000, 0x0000000691800000, 0x0000000691800000|100%|HC|  |TAMS 0x0000000691600000, 0x0000000691800000| Untracked 
| 992|0x0000000691800000, 0x0000000691a00000, 0x0000000691a00000|100%|HC|  |TAMS 0x0000000691800000, 0x0000000691a00000| Untracked 
| 993|0x0000000691a00000, 0x0000000691c00000, 0x0000000691c00000|100%|HC|  |TAMS 0x0000000691a00000, 0x0000000691c00000| Untracked 
| 994|0x0000000691c00000, 0x0000000691e00000, 0x0000000691e00000|100%|HC|  |TAMS 0x0000000691c00000, 0x0000000691e00000| Untracked 
| 995|0x0000000691e00000, 0x0000000692000000, 0x0000000692000000|100%|HC|  |TAMS 0x0000000691e00000, 0x0000000692000000| Untracked 
| 996|0x0000000692000000, 0x0000000692200000, 0x0000000692200000|100%|HC|  |TAMS 0x0000000692000000, 0x0000000692200000| Untracked 
| 997|0x0000000692200000, 0x0000000692400000, 0x0000000692400000|100%|HC|  |TAMS 0x0000000692200000, 0x0000000692400000| Untracked 
| 998|0x0000000692400000, 0x0000000692600000, 0x0000000692600000|100%|HC|  |TAMS 0x0000000692400000, 0x0000000692600000| Untracked 
| 999|0x0000000692600000, 0x0000000692800000, 0x0000000692800000|100%|HC|  |TAMS 0x0000000692600000, 0x0000000692800000| Untracked 
|1000|0x0000000692800000, 0x0000000692a00000, 0x0000000692a00000|100%|HC|  |TAMS 0x0000000692800000, 0x0000000692a00000| Untracked 
|1001|0x0000000692a00000, 0x0000000692c00000, 0x0000000692c00000|100%|HC|  |TAMS 0x0000000692a00000, 0x0000000692c00000| Untracked 
|1002|0x0000000692c00000, 0x0000000692e00000, 0x0000000692e00000|100%|HC|  |TAMS 0x0000000692c00000, 0x0000000692e00000| Untracked 
|1003|0x0000000692e00000, 0x0000000693000000, 0x0000000693000000|100%|HC|  |TAMS 0x0000000692e00000, 0x0000000693000000| Untracked 
|1004|0x0000000693000000, 0x0000000693200000, 0x0000000693200000|100%|HC|  |TAMS 0x0000000693000000, 0x0000000693200000| Untracked 
|1005|0x0000000693200000, 0x0000000693400000, 0x0000000693400000|100%|HC|  |TAMS 0x0000000693200000, 0x0000000693400000| Untracked 
|1006|0x0000000693400000, 0x0000000693600000, 0x0000000693600000|100%|HC|  |TAMS 0x0000000693400000, 0x0000000693600000| Untracked 
|1007|0x0000000693600000, 0x0000000693800000, 0x0000000693800000|100%|HC|  |TAMS 0x0000000693600000, 0x0000000693800000| Untracked 
|1008|0x0000000693800000, 0x0000000693a00000, 0x0000000693a00000|100%|HC|  |TAMS 0x0000000693800000, 0x0000000693a00000| Untracked 
|1009|0x0000000693a00000, 0x0000000693c00000, 0x0000000693c00000|100%|HC|  |TAMS 0x0000000693a00000, 0x0000000693c00000| Untracked 
|1010|0x0000000693c00000, 0x0000000693e00000, 0x0000000693e00000|100%|HC|  |TAMS 0x0000000693c00000, 0x0000000693e00000| Untracked 
|1011|0x0000000693e00000, 0x0000000694000000, 0x0000000694000000|100%|HC|  |TAMS 0x0000000693e00000, 0x0000000694000000| Untracked 
|1012|0x0000000694000000, 0x0000000694200000, 0x0000000694200000|100%|HC|  |TAMS 0x0000000694000000, 0x0000000694200000| Untracked 
|1013|0x0000000694200000, 0x0000000694400000, 0x0000000694400000|100%|HC|  |TAMS 0x0000000694200000, 0x0000000694400000| Untracked 
|1014|0x0000000694400000, 0x0000000694600000, 0x0000000694600000|100%|HC|  |TAMS 0x0000000694400000, 0x0000000694600000| Untracked 
|1015|0x0000000694600000, 0x0000000694800000, 0x0000000694800000|100%|HC|  |TAMS 0x0000000694600000, 0x0000000694800000| Untracked 
|1016|0x0000000694800000, 0x0000000694a00000, 0x0000000694a00000|100%|HC|  |TAMS 0x0000000694800000, 0x0000000694a00000| Untracked 
|1017|0x0000000694a00000, 0x0000000694c00000, 0x0000000694c00000|100%|HC|  |TAMS 0x0000000694a00000, 0x0000000694c00000| Untracked 
|1018|0x0000000694c00000, 0x0000000694e00000, 0x0000000694e00000|100%|HC|  |TAMS 0x0000000694c00000, 0x0000000694e00000| Untracked 
|1019|0x0000000694e00000, 0x0000000695000000, 0x0000000695000000|100%|HC|  |TAMS 0x0000000694e00000, 0x0000000695000000| Untracked 
|1020|0x0000000695000000, 0x0000000695200000, 0x0000000695200000|100%|HC|  |TAMS 0x0000000695000000, 0x0000000695200000| Untracked 
|1021|0x0000000695200000, 0x0000000695400000, 0x0000000695400000|100%|HC|  |TAMS 0x0000000695200000, 0x0000000695400000| Untracked 
|1022|0x0000000695400000, 0x0000000695600000, 0x0000000695600000|100%|HC|  |TAMS 0x0000000695400000, 0x0000000695600000| Untracked 
|1023|0x0000000695600000, 0x0000000695800000, 0x0000000695800000|100%|HC|  |TAMS 0x0000000695600000, 0x0000000695800000| Untracked 
|1024|0x0000000695800000, 0x0000000695a00000, 0x0000000695a00000|100%|HC|  |TAMS 0x0000000695800000, 0x0000000695a00000| Untracked 
|1025|0x0000000695a00000, 0x0000000695c00000, 0x0000000695c00000|100%|HC|  |TAMS 0x0000000695a00000, 0x0000000695c00000| Untracked 
|1026|0x0000000695c00000, 0x0000000695e00000, 0x0000000695e00000|100%|HC|  |TAMS 0x0000000695c00000, 0x0000000695e00000| Untracked 
|1027|0x0000000695e00000, 0x0000000696000000, 0x0000000696000000|100%|HC|  |TAMS 0x0000000695e00000, 0x0000000696000000| Untracked 
|1028|0x0000000696000000, 0x0000000696200000, 0x0000000696200000|100%|HC|  |TAMS 0x0000000696000000, 0x0000000696200000| Untracked 
|1029|0x0000000696200000, 0x0000000696400000, 0x0000000696400000|100%|HC|  |TAMS 0x0000000696200000, 0x0000000696400000| Untracked 
|1030|0x0000000696400000, 0x0000000696600000, 0x0000000696600000|100%|HC|  |TAMS 0x0000000696400000, 0x0000000696600000| Untracked 
|1031|0x0000000696600000, 0x0000000696800000, 0x0000000696800000|100%|HC|  |TAMS 0x0000000696600000, 0x0000000696800000| Untracked 
|1032|0x0000000696800000, 0x0000000696a00000, 0x0000000696a00000|100%|HC|  |TAMS 0x0000000696800000, 0x0000000696a00000| Untracked 
|1033|0x0000000696a00000, 0x0000000696c00000, 0x0000000696c00000|100%|HC|  |TAMS 0x0000000696a00000, 0x0000000696c00000| Untracked 
|1034|0x0000000696c00000, 0x0000000696e00000, 0x0000000696e00000|100%|HC|  |TAMS 0x0000000696c00000, 0x0000000696e00000| Untracked 
|1035|0x0000000696e00000, 0x0000000697000000, 0x0000000697000000|100%|HC|  |TAMS 0x0000000696e00000, 0x0000000697000000| Untracked 
|1036|0x0000000697000000, 0x0000000697200000, 0x0000000697200000|100%| O|  |TAMS 0x0000000697000000, 0x0000000697200000| Untracked 
|1037|0x0000000697200000, 0x00000006973ffff0, 0x0000000697400000| 99%| O|  |TAMS 0x0000000697200000, 0x00000006973ffff0| Untracked 
|1038|0x0000000697400000, 0x00000006975ffff0, 0x0000000697600000| 99%| O|  |TAMS 0x0000000697400000, 0x00000006975ffff0| Untracked 
|1039|0x0000000697600000, 0x00000006977ffff8, 0x0000000697800000| 99%| O|  |TAMS 0x0000000697600000, 0x00000006977ffff8| Untracked 
|1040|0x0000000697800000, 0x0000000697a00000, 0x0000000697a00000|100%| O|  |TAMS 0x0000000697800000, 0x0000000697a00000| Untracked 
|1041|0x0000000697a00000, 0x0000000697c00000, 0x0000000697c00000|100%| O|  |TAMS 0x0000000697a00000, 0x0000000697c00000| Untracked 
|1042|0x0000000697c00000, 0x0000000697dffff0, 0x0000000697e00000| 99%| O|  |TAMS 0x0000000697c00000, 0x0000000697dffff0| Untracked 
|1043|0x0000000697e00000, 0x0000000697fffff0, 0x0000000698000000| 99%| O|  |TAMS 0x0000000697e00000, 0x0000000697fffff0| Untracked 
|1044|0x0000000698000000, 0x00000006981ffff0, 0x0000000698200000| 99%| O|  |TAMS 0x0000000698000000, 0x00000006981ffff0| Untracked 
|1045|0x0000000698200000, 0x0000000698400000, 0x0000000698400000|100%| O|  |TAMS 0x0000000698200000, 0x0000000698400000| Untracked 
|1046|0x0000000698400000, 0x0000000698600000, 0x0000000698600000|100%| O|  |TAMS 0x0000000698400000, 0x0000000698600000| Untracked 
|1047|0x0000000698600000, 0x00000006987ffff8, 0x0000000698800000| 99%| O|  |TAMS 0x0000000698600000, 0x00000006987ffff8| Untracked 
|1048|0x0000000698800000, 0x00000006989ffff0, 0x0000000698a00000| 99%| O|  |TAMS 0x0000000698800000, 0x00000006989ffff0| Untracked 
|1049|0x0000000698a00000, 0x0000000698c00000, 0x0000000698c00000|100%| O|  |TAMS 0x0000000698a00000, 0x0000000698c00000| Untracked 
|1050|0x0000000698c00000, 0x0000000698e00000, 0x0000000698e00000|100%| O|  |TAMS 0x0000000698c00000, 0x0000000698e00000| Untracked 
|1051|0x0000000698e00000, 0x0000000699000000, 0x0000000699000000|100%| O|  |TAMS 0x0000000698e00000, 0x0000000699000000| Untracked 
|1052|0x0000000699000000, 0x00000006991ffff8, 0x0000000699200000| 99%| O|  |TAMS 0x0000000699000000, 0x00000006991ffff8| Untracked 
|1053|0x0000000699200000, 0x0000000699400000, 0x0000000699400000|100%| O|  |TAMS 0x0000000699200000, 0x0000000699400000| Untracked 
|1054|0x0000000699400000, 0x0000000699600000, 0x0000000699600000|100%| O|  |TAMS 0x0000000699400000, 0x0000000699600000| Untracked 
|1055|0x0000000699600000, 0x0000000699800000, 0x0000000699800000|100%| O|  |TAMS 0x0000000699600000, 0x0000000699800000| Untracked 
|1056|0x0000000699800000, 0x00000006999ffff8, 0x0000000699a00000| 99%| O|  |TAMS 0x0000000699800000, 0x00000006999ffff8| Untracked 
|1057|0x0000000699a00000, 0x0000000699bffff8, 0x0000000699c00000| 99%| O|  |TAMS 0x0000000699a00000, 0x0000000699bffff8| Untracked 
|1058|0x0000000699c00000, 0x0000000699e00000, 0x0000000699e00000|100%| O|  |TAMS 0x0000000699c00000, 0x0000000699e00000| Untracked 
|1059|0x0000000699e00000, 0x000000069a000000, 0x000000069a000000|100%| O|  |TAMS 0x0000000699e00000, 0x000000069a000000| Untracked 
|1060|0x000000069a000000, 0x000000069a200000, 0x000000069a200000|100%| O|  |TAMS 0x000000069a000000, 0x000000069a200000| Untracked 
|1061|0x000000069a200000, 0x000000069a3ffff8, 0x000000069a400000| 99%| O|  |TAMS 0x000000069a200000, 0x000000069a3ffff8| Untracked 
|1062|0x000000069a400000, 0x000000069a600000, 0x000000069a600000|100%| O|  |TAMS 0x000000069a400000, 0x000000069a600000| Untracked 
|1063|0x000000069a600000, 0x000000069a7ffff0, 0x000000069a800000| 99%| O|  |TAMS 0x000000069a600000, 0x000000069a7ffff0| Untracked 
|1064|0x000000069a800000, 0x000000069a9ffff8, 0x000000069aa00000| 99%| O|  |TAMS 0x000000069a800000, 0x000000069a9ffff8| Untracked 
|1065|0x000000069aa00000, 0x000000069abffff8, 0x000000069ac00000| 99%| O|  |TAMS 0x000000069aa00000, 0x000000069abffff8| Untracked 
|1066|0x000000069ac00000, 0x000000069adffff0, 0x000000069ae00000| 99%| O|  |TAMS 0x000000069ac00000, 0x000000069adffff0| Untracked 
|1067|0x000000069ae00000, 0x000000069b000000, 0x000000069b000000|100%| O|  |TAMS 0x000000069ae00000, 0x000000069b000000| Untracked 
|1068|0x000000069b000000, 0x000000069b200000, 0x000000069b200000|100%| O|  |TAMS 0x000000069b000000, 0x000000069b200000| Untracked 
|1069|0x000000069b200000, 0x000000069b3ffff0, 0x000000069b400000| 99%| O|  |TAMS 0x000000069b200000, 0x000000069b3ffff0| Untracked 
|1070|0x000000069b400000, 0x000000069b5ffff0, 0x000000069b600000| 99%| O|  |TAMS 0x000000069b400000, 0x000000069b5ffff0| Untracked 
|1071|0x000000069b600000, 0x000000069b7ffff8, 0x000000069b800000| 99%| O|  |TAMS 0x000000069b600000, 0x000000069b7ffff8| Untracked 
|1072|0x000000069b800000, 0x000000069b9ffff0, 0x000000069ba00000| 99%| O|  |TAMS 0x000000069b800000, 0x000000069b9ffff0| Untracked 
|1073|0x000000069ba00000, 0x000000069bbffff8, 0x000000069bc00000| 99%| O|  |TAMS 0x000000069ba00000, 0x000000069bbffff8| Untracked 
|1074|0x000000069bc00000, 0x000000069bdffff0, 0x000000069be00000| 99%| O|  |TAMS 0x000000069bc00000, 0x000000069bdffff0| Untracked 
|1075|0x000000069be00000, 0x000000069bfffff0, 0x000000069c000000| 99%| O|  |TAMS 0x000000069be00000, 0x000000069bfffff0| Untracked 
|1076|0x000000069c000000, 0x000000069c200000, 0x000000069c200000|100%| O|  |TAMS 0x000000069c000000, 0x000000069c200000| Untracked 
|1077|0x000000069c200000, 0x000000069c3ffff0, 0x000000069c400000| 99%| O|  |TAMS 0x000000069c200000, 0x000000069c3ffff0| Untracked 
|1078|0x000000069c400000, 0x000000069c5ffff0, 0x000000069c600000| 99%| O|  |TAMS 0x000000069c400000, 0x000000069c5ffff0| Untracked 
|1079|0x000000069c600000, 0x000000069c800000, 0x000000069c800000|100%| O|  |TAMS 0x000000069c600000, 0x000000069c800000| Untracked 
|1080|0x000000069c800000, 0x000000069ca00000, 0x000000069ca00000|100%| O|  |TAMS 0x000000069c800000, 0x000000069ca00000| Untracked 
|1081|0x000000069ca00000, 0x000000069cc00000, 0x000000069cc00000|100%| O|  |TAMS 0x000000069ca00000, 0x000000069cc00000| Untracked 
|1082|0x000000069cc00000, 0x000000069cdffff8, 0x000000069ce00000| 99%| O|  |TAMS 0x000000069cc00000, 0x000000069cdffff8| Untracked 
|1083|0x000000069ce00000, 0x000000069d000000, 0x000000069d000000|100%| O|  |TAMS 0x000000069ce00000, 0x000000069d000000| Untracked 
|1084|0x000000069d000000, 0x000000069d1ffff0, 0x000000069d200000| 99%| O|  |TAMS 0x000000069d000000, 0x000000069d1ffff0| Untracked 
|1085|0x000000069d200000, 0x000000069d400000, 0x000000069d400000|100%| O|  |TAMS 0x000000069d200000, 0x000000069d400000| Untracked 
|1086|0x000000069d400000, 0x000000069d600000, 0x000000069d600000|100%| O|  |TAMS 0x000000069d400000, 0x000000069d600000| Untracked 
|1087|0x000000069d600000, 0x000000069d7ffff8, 0x000000069d800000| 99%| O|  |TAMS 0x000000069d600000, 0x000000069d7ffff8| Untracked 
|1088|0x000000069d800000, 0x000000069d9ffff0, 0x000000069da00000| 99%| O|  |TAMS 0x000000069d800000, 0x000000069d9ffff0| Untracked 
|1089|0x000000069da00000, 0x000000069dbffff8, 0x000000069dc00000| 99%| O|  |TAMS 0x000000069da00000, 0x000000069dbffff8| Untracked 
|1090|0x000000069dc00000, 0x000000069de00000, 0x000000069de00000|100%| O|  |TAMS 0x000000069dc00000, 0x000000069de00000| Untracked 
|1091|0x000000069de00000, 0x000000069dfffff8, 0x000000069e000000| 99%| O|  |TAMS 0x000000069de00000, 0x000000069dfffff8| Untracked 
|1092|0x000000069e000000, 0x000000069e200000, 0x000000069e200000|100%| O|  |TAMS 0x000000069e000000, 0x000000069e200000| Untracked 
|1093|0x000000069e200000, 0x000000069e400000, 0x000000069e400000|100%| O|  |TAMS 0x000000069e200000, 0x000000069e400000| Untracked 
|1094|0x000000069e400000, 0x000000069e5ffff8, 0x000000069e600000| 99%| O|  |TAMS 0x000000069e400000, 0x000000069e5ffff8| Untracked 
|1095|0x000000069e600000, 0x000000069e7ffff8, 0x000000069e800000| 99%| O|  |TAMS 0x000000069e600000, 0x000000069e7ffff8| Untracked 
|1096|0x000000069e800000, 0x000000069ea00000, 0x000000069ea00000|100%| O|  |TAMS 0x000000069e800000, 0x000000069ea00000| Untracked 
|1097|0x000000069ea00000, 0x000000069ec00000, 0x000000069ec00000|100%| O|  |TAMS 0x000000069ea00000, 0x000000069ec00000| Untracked 
|1098|0x000000069ec00000, 0x000000069ee00000, 0x000000069ee00000|100%| O|  |TAMS 0x000000069ec00000, 0x000000069ee00000| Untracked 
|1099|0x000000069ee00000, 0x000000069f000000, 0x000000069f000000|100%| O|  |TAMS 0x000000069ee00000, 0x000000069f000000| Untracked 
|1100|0x000000069f000000, 0x000000069f1ffff8, 0x000000069f200000| 99%| O|  |TAMS 0x000000069f000000, 0x000000069f1ffff8| Untracked 
|1101|0x000000069f200000, 0x000000069f3ffff8, 0x000000069f400000| 99%| O|  |TAMS 0x000000069f200000, 0x000000069f3ffff8| Untracked 
|1102|0x000000069f400000, 0x000000069f600000, 0x000000069f600000|100%| O|  |TAMS 0x000000069f400000, 0x000000069f600000| Untracked 
|1103|0x000000069f600000, 0x000000069f800000, 0x000000069f800000|100%| O|  |TAMS 0x000000069f600000, 0x000000069f800000| Untracked 
|1104|0x000000069f800000, 0x000000069f9ffff8, 0x000000069fa00000| 99%| O|  |TAMS 0x000000069f800000, 0x000000069f9ffff8| Untracked 
|1105|0x000000069fa00000, 0x000000069fc00000, 0x000000069fc00000|100%| O|  |TAMS 0x000000069fa00000, 0x000000069fc00000| Untracked 
|1106|0x000000069fc00000, 0x000000069fdffff8, 0x000000069fe00000| 99%| O|  |TAMS 0x000000069fc00000, 0x000000069fdffff8| Untracked 
|1107|0x000000069fe00000, 0x000000069ffffff8, 0x00000006a0000000| 99%| O|  |TAMS 0x000000069fe00000, 0x000000069ffffff8| Untracked 
|1108|0x00000006a0000000, 0x00000006a01ffff0, 0x00000006a0200000| 99%| O|  |TAMS 0x00000006a0000000, 0x00000006a01ffff0| Untracked 
|1109|0x00000006a0200000, 0x00000006a03ffff8, 0x00000006a0400000| 99%| O|  |TAMS 0x00000006a0200000, 0x00000006a03ffff8| Untracked 
|1110|0x00000006a0400000, 0x00000006a05ffff0, 0x00000006a0600000| 99%| O|  |TAMS 0x00000006a0400000, 0x00000006a05ffff0| Untracked 
|1111|0x00000006a0600000, 0x00000006a07ffff8, 0x00000006a0800000| 99%| O|  |TAMS 0x00000006a0600000, 0x00000006a07ffff8| Untracked 
|1112|0x00000006a0800000, 0x00000006a0a00000, 0x00000006a0a00000|100%| O|  |TAMS 0x00000006a0800000, 0x00000006a0a00000| Untracked 
|1113|0x00000006a0a00000, 0x00000006a0c00000, 0x00000006a0c00000|100%| O|  |TAMS 0x00000006a0a00000, 0x00000006a0c00000| Untracked 
|1114|0x00000006a0c00000, 0x00000006a0e00000, 0x00000006a0e00000|100%| O|  |TAMS 0x00000006a0c00000, 0x00000006a0e00000| Untracked 
|1115|0x00000006a0e00000, 0x00000006a1000000, 0x00000006a1000000|100%| O|  |TAMS 0x00000006a0e00000, 0x00000006a1000000| Untracked 
|1116|0x00000006a1000000, 0x00000006a11ffff0, 0x00000006a1200000| 99%| O|  |TAMS 0x00000006a1000000, 0x00000006a11ffff0| Untracked 
|1117|0x00000006a1200000, 0x00000006a1400000, 0x00000006a1400000|100%| O|  |TAMS 0x00000006a1200000, 0x00000006a1400000| Untracked 
|1118|0x00000006a1400000, 0x00000006a15ffff0, 0x00000006a1600000| 99%| O|  |TAMS 0x00000006a1400000, 0x00000006a15ffff0| Untracked 
|1119|0x00000006a1600000, 0x00000006a17ffff8, 0x00000006a1800000| 99%| O|  |TAMS 0x00000006a1600000, 0x00000006a17ffff8| Untracked 
|1120|0x00000006a1800000, 0x00000006a1a00000, 0x00000006a1a00000|100%| O|  |TAMS 0x00000006a1800000, 0x00000006a1a00000| Untracked 
|1121|0x00000006a1a00000, 0x00000006a1c00000, 0x00000006a1c00000|100%| O|  |TAMS 0x00000006a1a00000, 0x00000006a1c00000| Untracked 
|1122|0x00000006a1c00000, 0x00000006a1dffff0, 0x00000006a1e00000| 99%| O|  |TAMS 0x00000006a1c00000, 0x00000006a1dffff0| Untracked 
|1123|0x00000006a1e00000, 0x00000006a1fffff8, 0x00000006a2000000| 99%| O|  |TAMS 0x00000006a1e00000, 0x00000006a1fffff8| Untracked 
|1124|0x00000006a2000000, 0x00000006a21ffff8, 0x00000006a2200000| 99%| O|  |TAMS 0x00000006a2000000, 0x00000006a21ffff8| Untracked 
|1125|0x00000006a2200000, 0x00000006a23ffff8, 0x00000006a2400000| 99%| O|  |TAMS 0x00000006a2200000, 0x00000006a23ffff8| Untracked 
|1126|0x00000006a2400000, 0x00000006a25ffff0, 0x00000006a2600000| 99%| O|  |TAMS 0x00000006a2400000, 0x00000006a25ffff0| Untracked 
|1127|0x00000006a2600000, 0x00000006a2800000, 0x00000006a2800000|100%| O|  |TAMS 0x00000006a2600000, 0x00000006a2800000| Untracked 
|1128|0x00000006a2800000, 0x00000006a2a00000, 0x00000006a2a00000|100%| O|  |TAMS 0x00000006a2800000, 0x00000006a2a00000| Untracked 
|1129|0x00000006a2a00000, 0x00000006a2c00000, 0x00000006a2c00000|100%| O|  |TAMS 0x00000006a2a00000, 0x00000006a2c00000| Untracked 
|1130|0x00000006a2c00000, 0x00000006a2e00000, 0x00000006a2e00000|100%| O|  |TAMS 0x00000006a2c00000, 0x00000006a2e00000| Untracked 
|1131|0x00000006a2e00000, 0x00000006a2fffff8, 0x00000006a3000000| 99%| O|  |TAMS 0x00000006a2e00000, 0x00000006a2fffff8| Untracked 
|1132|0x00000006a3000000, 0x00000006a3200000, 0x00000006a3200000|100%| O|  |TAMS 0x00000006a3000000, 0x00000006a3200000| Untracked 
|1133|0x00000006a3200000, 0x00000006a33ffff8, 0x00000006a3400000| 99%| O|  |TAMS 0x00000006a3200000, 0x00000006a33ffff8| Untracked 
|1134|0x00000006a3400000, 0x00000006a35ffff8, 0x00000006a3600000| 99%| O|  |TAMS 0x00000006a3400000, 0x00000006a35ffff8| Untracked 
|1135|0x00000006a3600000, 0x00000006a3800000, 0x00000006a3800000|100%| O|  |TAMS 0x00000006a3600000, 0x00000006a3800000| Untracked 
|1136|0x00000006a3800000, 0x00000006a3a00000, 0x00000006a3a00000|100%| O|  |TAMS 0x00000006a3800000, 0x00000006a3a00000| Untracked 
|1137|0x00000006a3a00000, 0x00000006a3c00000, 0x00000006a3c00000|100%| O|  |TAMS 0x00000006a3a00000, 0x00000006a3c00000| Untracked 
|1138|0x00000006a3c00000, 0x00000006a3dffff0, 0x00000006a3e00000| 99%| O|  |TAMS 0x00000006a3c00000, 0x00000006a3dffff0| Untracked 
|1139|0x00000006a3e00000, 0x00000006a3fffff0, 0x00000006a4000000| 99%| O|  |TAMS 0x00000006a3e00000, 0x00000006a3fffff0| Untracked 
|1140|0x00000006a4000000, 0x00000006a4200000, 0x00000006a4200000|100%| O|  |TAMS 0x00000006a4000000, 0x00000006a4200000| Untracked 
|1141|0x00000006a4200000, 0x00000006a43ffff8, 0x00000006a4400000| 99%| O|  |TAMS 0x00000006a4200000, 0x00000006a43ffff8| Untracked 
|1142|0x00000006a4400000, 0x00000006a4600000, 0x00000006a4600000|100%| O|  |TAMS 0x00000006a4400000, 0x00000006a4600000| Untracked 
|1143|0x00000006a4600000, 0x00000006a47ffff0, 0x00000006a4800000| 99%| O|  |TAMS 0x00000006a4600000, 0x00000006a47ffff0| Untracked 
|1144|0x00000006a4800000, 0x00000006a4a00000, 0x00000006a4a00000|100%| O|  |TAMS 0x00000006a4800000, 0x00000006a4a00000| Untracked 
|1145|0x00000006a4a00000, 0x00000006a4c00000, 0x00000006a4c00000|100%| O|  |TAMS 0x00000006a4a00000, 0x00000006a4c00000| Untracked 
|1146|0x00000006a4c00000, 0x00000006a4e00000, 0x00000006a4e00000|100%| O|  |TAMS 0x00000006a4c00000, 0x00000006a4e00000| Untracked 
|1147|0x00000006a4e00000, 0x00000006a5000000, 0x00000006a5000000|100%| O|  |TAMS 0x00000006a4e00000, 0x00000006a5000000| Untracked 
|1148|0x00000006a5000000, 0x00000006a51ffff0, 0x00000006a5200000| 99%| O|  |TAMS 0x00000006a5000000, 0x00000006a51ffff0| Untracked 
|1149|0x00000006a5200000, 0x00000006a5400000, 0x00000006a5400000|100%| O|  |TAMS 0x00000006a5200000, 0x00000006a5400000| Untracked 
|1150|0x00000006a5400000, 0x00000006a5600000, 0x00000006a5600000|100%| O|  |TAMS 0x00000006a5400000, 0x00000006a5600000| Untracked 
|1151|0x00000006a5600000, 0x00000006a57ffff8, 0x00000006a5800000| 99%| O|  |TAMS 0x00000006a5600000, 0x00000006a57ffff8| Untracked 
|1152|0x00000006a5800000, 0x00000006a59ffff0, 0x00000006a5a00000| 99%| O|  |TAMS 0x00000006a5800000, 0x00000006a59ffff0| Untracked 
|1153|0x00000006a5a00000, 0x00000006a5bffff0, 0x00000006a5c00000| 99%| O|  |TAMS 0x00000006a5a00000, 0x00000006a5bffff0| Untracked 
|1154|0x00000006a5c00000, 0x00000006a5e00000, 0x00000006a5e00000|100%| O|  |TAMS 0x00000006a5c00000, 0x00000006a5e00000| Untracked 
|1155|0x00000006a5e00000, 0x00000006a5fffff8, 0x00000006a6000000| 99%| O|  |TAMS 0x00000006a5e00000, 0x00000006a5fffff8| Untracked 
|1156|0x00000006a6000000, 0x00000006a61ffff8, 0x00000006a6200000| 99%| O|  |TAMS 0x00000006a6000000, 0x00000006a61ffff8| Untracked 
|1157|0x00000006a6200000, 0x00000006a63ffff8, 0x00000006a6400000| 99%| O|  |TAMS 0x00000006a6200000, 0x00000006a63ffff8| Untracked 
|1158|0x00000006a6400000, 0x00000006a6600000, 0x00000006a6600000|100%| O|  |TAMS 0x00000006a6400000, 0x00000006a6600000| Untracked 
|1159|0x00000006a6600000, 0x00000006a6800000, 0x00000006a6800000|100%| O|  |TAMS 0x00000006a6600000, 0x00000006a6800000| Untracked 
|1160|0x00000006a6800000, 0x00000006a69ffff8, 0x00000006a6a00000| 99%| O|  |TAMS 0x00000006a6800000, 0x00000006a69ffff8| Untracked 
|1161|0x00000006a6a00000, 0x00000006a6c00000, 0x00000006a6c00000|100%| O|  |TAMS 0x00000006a6a00000, 0x00000006a6c00000| Untracked 
|1162|0x00000006a6c00000, 0x00000006a6e00000, 0x00000006a6e00000|100%| O|  |TAMS 0x00000006a6c00000, 0x00000006a6e00000| Untracked 
|1163|0x00000006a6e00000, 0x00000006a6fffff0, 0x00000006a7000000| 99%| O|  |TAMS 0x00000006a6e00000, 0x00000006a6fffff0| Untracked 
|1164|0x00000006a7000000, 0x00000006a7200000, 0x00000006a7200000|100%| O|  |TAMS 0x00000006a7000000, 0x00000006a7200000| Untracked 
|1165|0x00000006a7200000, 0x00000006a73ffff8, 0x00000006a7400000| 99%| O|  |TAMS 0x00000006a7200000, 0x00000006a73ffff8| Untracked 
|1166|0x00000006a7400000, 0x00000006a7600000, 0x00000006a7600000|100%| O|  |TAMS 0x00000006a7400000, 0x00000006a7600000| Untracked 
|1167|0x00000006a7600000, 0x00000006a77ffff8, 0x00000006a7800000| 99%| O|  |TAMS 0x00000006a7600000, 0x00000006a77ffff8| Untracked 
|1168|0x00000006a7800000, 0x00000006a7a00000, 0x00000006a7a00000|100%| O|  |TAMS 0x00000006a7800000, 0x00000006a7a00000| Untracked 
|1169|0x00000006a7a00000, 0x00000006a7bffff8, 0x00000006a7c00000| 99%| O|  |TAMS 0x00000006a7a00000, 0x00000006a7bffff8| Untracked 
|1170|0x00000006a7c00000, 0x00000006a7e00000, 0x00000006a7e00000|100%| O|  |TAMS 0x00000006a7c00000, 0x00000006a7e00000| Untracked 
|1171|0x00000006a7e00000, 0x00000006a7fffff8, 0x00000006a8000000| 99%| O|  |TAMS 0x00000006a7e00000, 0x00000006a7fffff8| Untracked 
|1172|0x00000006a8000000, 0x00000006a81ffff8, 0x00000006a8200000| 99%| O|  |TAMS 0x00000006a8000000, 0x00000006a81ffff8| Untracked 
|1173|0x00000006a8200000, 0x00000006a8400000, 0x00000006a8400000|100%| O|  |TAMS 0x00000006a8200000, 0x00000006a8400000| Untracked 
|1174|0x00000006a8400000, 0x00000006a8600000, 0x00000006a8600000|100%| O|  |TAMS 0x00000006a8400000, 0x00000006a8600000| Untracked 
|1175|0x00000006a8600000, 0x00000006a8800000, 0x00000006a8800000|100%| O|  |TAMS 0x00000006a8600000, 0x00000006a8800000| Untracked 
|1176|0x00000006a8800000, 0x00000006a8a00000, 0x00000006a8a00000|100%| O|  |TAMS 0x00000006a8800000, 0x00000006a8a00000| Untracked 
|1177|0x00000006a8a00000, 0x00000006a8bffff8, 0x00000006a8c00000| 99%| O|  |TAMS 0x00000006a8a00000, 0x00000006a8bffff8| Untracked 
|1178|0x00000006a8c00000, 0x00000006a8dffff8, 0x00000006a8e00000| 99%| O|  |TAMS 0x00000006a8c00000, 0x00000006a8dffff8| Untracked 
|1179|0x00000006a8e00000, 0x00000006a8ffffe8, 0x00000006a9000000| 99%| O|  |TAMS 0x00000006a8e00000, 0x00000006a8ffffe8| Untracked 
|1180|0x00000006a9000000, 0x00000006a91fffe8, 0x00000006a9200000| 99%| O|  |TAMS 0x00000006a9000000, 0x00000006a91fffe8| Untracked 
|1181|0x00000006a9200000, 0x00000006a9400000, 0x00000006a9400000|100%| O|  |TAMS 0x00000006a9200000, 0x00000006a9400000| Untracked 
|1182|0x00000006a9400000, 0x00000006a95ffff8, 0x00000006a9600000| 99%| O|  |TAMS 0x00000006a9400000, 0x00000006a95ffff8| Untracked 
|1183|0x00000006a9600000, 0x00000006a9800000, 0x00000006a9800000|100%| O|  |TAMS 0x00000006a9600000, 0x00000006a9800000| Untracked 
|1184|0x00000006a9800000, 0x00000006a99ffff0, 0x00000006a9a00000| 99%| O|  |TAMS 0x00000006a9800000, 0x00000006a99ffff0| Untracked 
|1185|0x00000006a9a00000, 0x00000006a9c00000, 0x00000006a9c00000|100%| O|  |TAMS 0x00000006a9a00000, 0x00000006a9c00000| Untracked 
|1186|0x00000006a9c00000, 0x00000006a9dffff8, 0x00000006a9e00000| 99%| O|  |TAMS 0x00000006a9c00000, 0x00000006a9dffff8| Untracked 
|1187|0x00000006a9e00000, 0x00000006a9fffff8, 0x00000006aa000000| 99%| O|  |TAMS 0x00000006a9e00000, 0x00000006a9fffff8| Untracked 
|1188|0x00000006aa000000, 0x00000006aa200000, 0x00000006aa200000|100%| O|  |TAMS 0x00000006aa000000, 0x00000006aa200000| Untracked 
|1189|0x00000006aa200000, 0x00000006aa3ffff0, 0x00000006aa400000| 99%| O|  |TAMS 0x00000006aa200000, 0x00000006aa3ffff0| Untracked 
|1190|0x00000006aa400000, 0x00000006aa600000, 0x00000006aa600000|100%| O|  |TAMS 0x00000006aa400000, 0x00000006aa600000| Untracked 
|1191|0x00000006aa600000, 0x00000006aa7ffff8, 0x00000006aa800000| 99%| O|  |TAMS 0x00000006aa600000, 0x00000006aa7ffff8| Untracked 
|1192|0x00000006aa800000, 0x00000006aa9ffff8, 0x00000006aaa00000| 99%| O|  |TAMS 0x00000006aa800000, 0x00000006aa9ffff8| Untracked 
|1193|0x00000006aaa00000, 0x00000006aac00000, 0x00000006aac00000|100%| O|  |TAMS 0x00000006aaa00000, 0x00000006aac00000| Untracked 
|1194|0x00000006aac00000, 0x00000006aae00000, 0x00000006aae00000|100%| O|  |TAMS 0x00000006aac00000, 0x00000006aae00000| Untracked 
|1195|0x00000006aae00000, 0x00000006aafffff0, 0x00000006ab000000| 99%| O|  |TAMS 0x00000006aae00000, 0x00000006aafffff0| Untracked 
|1196|0x00000006ab000000, 0x00000006ab200000, 0x00000006ab200000|100%| O|  |TAMS 0x00000006ab000000, 0x00000006ab200000| Untracked 
|1197|0x00000006ab200000, 0x00000006ab3ffff0, 0x00000006ab400000| 99%| O|  |TAMS 0x00000006ab200000, 0x00000006ab3ffff0| Untracked 
|1198|0x00000006ab400000, 0x00000006ab5ffff0, 0x00000006ab600000| 99%| O|  |TAMS 0x00000006ab400000, 0x00000006ab5ffff0| Untracked 
|1199|0x00000006ab600000, 0x00000006ab800000, 0x00000006ab800000|100%| O|  |TAMS 0x00000006ab600000, 0x00000006ab800000| Untracked 
|1200|0x00000006ab800000, 0x00000006ab9ffff8, 0x00000006aba00000| 99%| O|  |TAMS 0x00000006ab800000, 0x00000006ab9ffff8| Untracked 
|1201|0x00000006aba00000, 0x00000006abbffff8, 0x00000006abc00000| 99%| O|  |TAMS 0x00000006aba00000, 0x00000006abbffff8| Untracked 
|1202|0x00000006abc00000, 0x00000006abdffff8, 0x00000006abe00000| 99%| O|  |TAMS 0x00000006abc00000, 0x00000006abdffff8| Untracked 
|1203|0x00000006abe00000, 0x00000006abfffff8, 0x00000006ac000000| 99%| O|  |TAMS 0x00000006abe00000, 0x00000006abfffff8| Untracked 
|1204|0x00000006ac000000, 0x00000006ac1ffff0, 0x00000006ac200000| 99%| O|  |TAMS 0x00000006ac000000, 0x00000006ac1ffff0| Untracked 
|1205|0x00000006ac200000, 0x00000006ac400000, 0x00000006ac400000|100%| O|  |TAMS 0x00000006ac200000, 0x00000006ac400000| Untracked 
|1206|0x00000006ac400000, 0x00000006ac5fffe8, 0x00000006ac600000| 99%| O|  |TAMS 0x00000006ac400000, 0x00000006ac5fffe8| Untracked 
|1207|0x00000006ac600000, 0x00000006ac800000, 0x00000006ac800000|100%| O|  |TAMS 0x00000006ac600000, 0x00000006ac800000| Untracked 
|1208|0x00000006ac800000, 0x00000006ac9ffff8, 0x00000006aca00000| 99%| O|  |TAMS 0x00000006ac800000, 0x00000006ac9ffff8| Untracked 
|1209|0x00000006aca00000, 0x00000006acc00000, 0x00000006acc00000|100%| O|  |TAMS 0x00000006aca00000, 0x00000006acc00000| Untracked 
|1210|0x00000006acc00000, 0x00000006acdffff8, 0x00000006ace00000| 99%| O|  |TAMS 0x00000006acc00000, 0x00000006acdffff8| Untracked 
|1211|0x00000006ace00000, 0x00000006ad000000, 0x00000006ad000000|100%| O|  |TAMS 0x00000006ace00000, 0x00000006ad000000| Untracked 
|1212|0x00000006ad000000, 0x00000006ad1ffff8, 0x00000006ad200000| 99%| O|  |TAMS 0x00000006ad000000, 0x00000006ad1ffff8| Untracked 
|1213|0x00000006ad200000, 0x00000006ad400000, 0x00000006ad400000|100%| O|  |TAMS 0x00000006ad200000, 0x00000006ad400000| Untracked 
|1214|0x00000006ad400000, 0x00000006ad600000, 0x00000006ad600000|100%| O|  |TAMS 0x00000006ad400000, 0x00000006ad600000| Untracked 
|1215|0x00000006ad600000, 0x00000006ad7ffff0, 0x00000006ad800000| 99%| O|  |TAMS 0x00000006ad600000, 0x00000006ad7ffff0| Untracked 
|1216|0x00000006ad800000, 0x00000006ad9ffff8, 0x00000006ada00000| 99%| O|  |TAMS 0x00000006ad800000, 0x00000006ad9ffff8| Untracked 
|1217|0x00000006ada00000, 0x00000006adbffff8, 0x00000006adc00000| 99%| O|  |TAMS 0x00000006ada00000, 0x00000006adbffff8| Untracked 
|1218|0x00000006adc00000, 0x00000006ade00000, 0x00000006ade00000|100%| O|  |TAMS 0x00000006adc00000, 0x00000006ade00000| Untracked 
|1219|0x00000006ade00000, 0x00000006ae000000, 0x00000006ae000000|100%| O|  |TAMS 0x00000006ade00000, 0x00000006ae000000| Untracked 
|1220|0x00000006ae000000, 0x00000006ae1ffff8, 0x00000006ae200000| 99%| O|  |TAMS 0x00000006ae000000, 0x00000006ae1ffff8| Untracked 
|1221|0x00000006ae200000, 0x00000006ae3ffff8, 0x00000006ae400000| 99%| O|  |TAMS 0x00000006ae200000, 0x00000006ae3ffff8| Untracked 
|1222|0x00000006ae400000, 0x00000006ae600000, 0x00000006ae600000|100%| O|  |TAMS 0x00000006ae400000, 0x00000006ae600000| Untracked 
|1223|0x00000006ae600000, 0x00000006ae7ffff0, 0x00000006ae800000| 99%| O|  |TAMS 0x00000006ae600000, 0x00000006ae7ffff0| Untracked 
|1224|0x00000006ae800000, 0x00000006ae9ffff8, 0x00000006aea00000| 99%| O|  |TAMS 0x00000006ae800000, 0x00000006ae9ffff8| Untracked 
|1225|0x00000006aea00000, 0x00000006aebffff8, 0x00000006aec00000| 99%| O|  |TAMS 0x00000006aea00000, 0x00000006aebffff8| Untracked 
|1226|0x00000006aec00000, 0x00000006aedffff8, 0x00000006aee00000| 99%| O|  |TAMS 0x00000006aec00000, 0x00000006aedffff8| Untracked 
|1227|0x00000006aee00000, 0x00000006aefffff8, 0x00000006af000000| 99%| O|  |TAMS 0x00000006aee00000, 0x00000006aefffff8| Untracked 
|1228|0x00000006af000000, 0x00000006af1ffff8, 0x00000006af200000| 99%| O|  |TAMS 0x00000006af000000, 0x00000006af1ffff8| Untracked 
|1229|0x00000006af200000, 0x00000006af400000, 0x00000006af400000|100%| O|  |TAMS 0x00000006af200000, 0x00000006af400000| Untracked 
|1230|0x00000006af400000, 0x00000006af5ffff0, 0x00000006af600000| 99%| O|  |TAMS 0x00000006af400000, 0x00000006af5ffff0| Untracked 
|1231|0x00000006af600000, 0x00000006af7ffff8, 0x00000006af800000| 99%| O|  |TAMS 0x00000006af600000, 0x00000006af7ffff8| Untracked 
|1232|0x00000006af800000, 0x00000006af9ffff8, 0x00000006afa00000| 99%| O|  |TAMS 0x00000006af800000, 0x00000006af9ffff8| Untracked 
|1233|0x00000006afa00000, 0x00000006afbffff8, 0x00000006afc00000| 99%| O|  |TAMS 0x00000006afa00000, 0x00000006afbffff8| Untracked 
|1234|0x00000006afc00000, 0x00000006afe00000, 0x00000006afe00000|100%| O|  |TAMS 0x00000006afc00000, 0x00000006afe00000| Untracked 
|1235|0x00000006afe00000, 0x00000006b0000000, 0x00000006b0000000|100%| O|  |TAMS 0x00000006afe00000, 0x00000006b0000000| Untracked 
|1236|0x00000006b0000000, 0x00000006b01ffff0, 0x00000006b0200000| 99%| O|  |TAMS 0x00000006b0000000, 0x00000006b01ffff0| Untracked 
|1237|0x00000006b0200000, 0x00000006b0400000, 0x00000006b0400000|100%| O|  |TAMS 0x00000006b0200000, 0x00000006b0400000| Untracked 
|1238|0x00000006b0400000, 0x00000006b0600000, 0x00000006b0600000|100%| O|  |TAMS 0x00000006b0400000, 0x00000006b0600000| Untracked 
|1239|0x00000006b0600000, 0x00000006b07ffff0, 0x00000006b0800000| 99%| O|  |TAMS 0x00000006b0600000, 0x00000006b07ffff0| Untracked 
|1240|0x00000006b0800000, 0x00000006b0a00000, 0x00000006b0a00000|100%| O|  |TAMS 0x00000006b0800000, 0x00000006b0a00000| Untracked 
|1241|0x00000006b0a00000, 0x00000006b0bffff8, 0x00000006b0c00000| 99%| O|  |TAMS 0x00000006b0a00000, 0x00000006b0bffff8| Untracked 
|1242|0x00000006b0c00000, 0x00000006b0dffff8, 0x00000006b0e00000| 99%| O|  |TAMS 0x00000006b0c00000, 0x00000006b0dffff8| Untracked 
|1243|0x00000006b0e00000, 0x00000006b1000000, 0x00000006b1000000|100%| O|  |TAMS 0x00000006b0e00000, 0x00000006b1000000| Untracked 
|1244|0x00000006b1000000, 0x00000006b1200000, 0x00000006b1200000|100%| O|  |TAMS 0x00000006b1000000, 0x00000006b1200000| Untracked 
|1245|0x00000006b1200000, 0x00000006b13ffff0, 0x00000006b1400000| 99%| O|  |TAMS 0x00000006b1200000, 0x00000006b13ffff0| Untracked 
|1246|0x00000006b1400000, 0x00000006b15ffff8, 0x00000006b1600000| 99%| O|  |TAMS 0x00000006b1400000, 0x00000006b15ffff8| Untracked 
|1247|0x00000006b1600000, 0x00000006b1800000, 0x00000006b1800000|100%| O|  |TAMS 0x00000006b1600000, 0x00000006b1800000| Untracked 
|1248|0x00000006b1800000, 0x00000006b1a00000, 0x00000006b1a00000|100%| O|  |TAMS 0x00000006b1800000, 0x00000006b1a00000| Untracked 
|1249|0x00000006b1a00000, 0x00000006b1c00000, 0x00000006b1c00000|100%| O|  |TAMS 0x00000006b1a00000, 0x00000006b1c00000| Untracked 
|1250|0x00000006b1c00000, 0x00000006b1dffff8, 0x00000006b1e00000| 99%| O|  |TAMS 0x00000006b1c00000, 0x00000006b1dffff8| Untracked 
|1251|0x00000006b1e00000, 0x00000006b1fffff0, 0x00000006b2000000| 99%| O|  |TAMS 0x00000006b1e00000, 0x00000006b1fffff0| Untracked 
|1252|0x00000006b2000000, 0x00000006b2200000, 0x00000006b2200000|100%| O|  |TAMS 0x00000006b2000000, 0x00000006b2200000| Untracked 
|1253|0x00000006b2200000, 0x00000006b23ffff8, 0x00000006b2400000| 99%| O|  |TAMS 0x00000006b2200000, 0x00000006b23ffff8| Untracked 
|1254|0x00000006b2400000, 0x00000006b2600000, 0x00000006b2600000|100%| O|  |TAMS 0x00000006b2400000, 0x00000006b2600000| Untracked 
|1255|0x00000006b2600000, 0x00000006b27ffff0, 0x00000006b2800000| 99%| O|  |TAMS 0x00000006b2600000, 0x00000006b27ffff0| Untracked 
|1256|0x00000006b2800000, 0x00000006b29ffff0, 0x00000006b2a00000| 99%| O|  |TAMS 0x00000006b2800000, 0x00000006b29ffff0| Untracked 
|1257|0x00000006b2a00000, 0x00000006b2bffff8, 0x00000006b2c00000| 99%| O|  |TAMS 0x00000006b2a00000, 0x00000006b2bffff8| Untracked 
|1258|0x00000006b2c00000, 0x00000006b2dffff8, 0x00000006b2e00000| 99%| O|  |TAMS 0x00000006b2c00000, 0x00000006b2dffff8| Untracked 
|1259|0x00000006b2e00000, 0x00000006b2fffff8, 0x00000006b3000000| 99%| O|  |TAMS 0x00000006b2e00000, 0x00000006b2fffff8| Untracked 
|1260|0x00000006b3000000, 0x00000006b3200000, 0x00000006b3200000|100%| O|  |TAMS 0x00000006b3000000, 0x00000006b3200000| Untracked 
|1261|0x00000006b3200000, 0x00000006b3400000, 0x00000006b3400000|100%| O|  |TAMS 0x00000006b3200000, 0x00000006b3400000| Untracked 
|1262|0x00000006b3400000, 0x00000006b35ffff0, 0x00000006b3600000| 99%| O|  |TAMS 0x00000006b3400000, 0x00000006b35ffff0| Untracked 
|1263|0x00000006b3600000, 0x00000006b37ffff8, 0x00000006b3800000| 99%| O|  |TAMS 0x00000006b3600000, 0x00000006b37ffff8| Untracked 
|1264|0x00000006b3800000, 0x00000006b39ffff0, 0x00000006b3a00000| 99%| O|  |TAMS 0x00000006b3800000, 0x00000006b39ffff0| Untracked 
|1265|0x00000006b3a00000, 0x00000006b3bffff8, 0x00000006b3c00000| 99%| O|  |TAMS 0x00000006b3a00000, 0x00000006b3bffff8| Untracked 
|1266|0x00000006b3c00000, 0x00000006b3dffff0, 0x00000006b3e00000| 99%| O|  |TAMS 0x00000006b3c00000, 0x00000006b3dffff0| Untracked 
|1267|0x00000006b3e00000, 0x00000006b3fffff8, 0x00000006b4000000| 99%| O|  |TAMS 0x00000006b3e00000, 0x00000006b3fffff8| Untracked 
|1268|0x00000006b4000000, 0x00000006b4200000, 0x00000006b4200000|100%| O|  |TAMS 0x00000006b4000000, 0x00000006b4200000| Untracked 
|1269|0x00000006b4200000, 0x00000006b4400000, 0x00000006b4400000|100%| O|  |TAMS 0x00000006b4200000, 0x00000006b4400000| Untracked 
|1270|0x00000006b4400000, 0x00000006b4600000, 0x00000006b4600000|100%| O|  |TAMS 0x00000006b4400000, 0x00000006b4600000| Untracked 
|1271|0x00000006b4600000, 0x00000006b4800000, 0x00000006b4800000|100%| O|  |TAMS 0x00000006b4600000, 0x00000006b4800000| Untracked 
|1272|0x00000006b4800000, 0x00000006b49ffff0, 0x00000006b4a00000| 99%| O|  |TAMS 0x00000006b4800000, 0x00000006b49ffff0| Untracked 
|1273|0x00000006b4a00000, 0x00000006b4bffff8, 0x00000006b4c00000| 99%| O|  |TAMS 0x00000006b4a00000, 0x00000006b4bffff8| Untracked 
|1274|0x00000006b4c00000, 0x00000006b4dffff8, 0x00000006b4e00000| 99%| O|  |TAMS 0x00000006b4c00000, 0x00000006b4dffff8| Untracked 
|1275|0x00000006b4e00000, 0x00000006b5000000, 0x00000006b5000000|100%| O|  |TAMS 0x00000006b4e00000, 0x00000006b5000000| Untracked 
|1276|0x00000006b5000000, 0x00000006b51ffff8, 0x00000006b5200000| 99%| O|  |TAMS 0x00000006b5000000, 0x00000006b51ffff8| Untracked 
|1277|0x00000006b5200000, 0x00000006b53ffff8, 0x00000006b5400000| 99%| O|  |TAMS 0x00000006b5200000, 0x00000006b53ffff8| Untracked 
|1278|0x00000006b5400000, 0x00000006b55ffff0, 0x00000006b5600000| 99%| O|  |TAMS 0x00000006b5400000, 0x00000006b55ffff0| Untracked 
|1279|0x00000006b5600000, 0x00000006b5800000, 0x00000006b5800000|100%| O|  |TAMS 0x00000006b5600000, 0x00000006b5800000| Untracked 
|1280|0x00000006b5800000, 0x00000006b59ffff8, 0x00000006b5a00000| 99%| O|  |TAMS 0x00000006b5800000, 0x00000006b59ffff8| Untracked 
|1281|0x00000006b5a00000, 0x00000006b5bffff8, 0x00000006b5c00000| 99%| O|  |TAMS 0x00000006b5a00000, 0x00000006b5bffff8| Untracked 
|1282|0x00000006b5c00000, 0x00000006b5dffff8, 0x00000006b5e00000| 99%| O|  |TAMS 0x00000006b5c00000, 0x00000006b5dffff8| Untracked 
|1283|0x00000006b5e00000, 0x00000006b5fffff8, 0x00000006b6000000| 99%| O|  |TAMS 0x00000006b5e00000, 0x00000006b5fffff8| Untracked 
|1284|0x00000006b6000000, 0x00000006b61ffff0, 0x00000006b6200000| 99%| O|  |TAMS 0x00000006b6000000, 0x00000006b61ffff0| Untracked 
|1285|0x00000006b6200000, 0x00000006b6400000, 0x00000006b6400000|100%| O|  |TAMS 0x00000006b6200000, 0x00000006b6400000| Untracked 
|1286|0x00000006b6400000, 0x00000006b6600000, 0x00000006b6600000|100%| O|  |TAMS 0x00000006b6400000, 0x00000006b6600000| Untracked 
|1287|0x00000006b6600000, 0x00000006b67ffff0, 0x00000006b6800000| 99%| O|  |TAMS 0x00000006b6600000, 0x00000006b67ffff0| Untracked 
|1288|0x00000006b6800000, 0x00000006b69ffff8, 0x00000006b6a00000| 99%| O|  |TAMS 0x00000006b6800000, 0x00000006b69ffff8| Untracked 
|1289|0x00000006b6a00000, 0x00000006b6bffff0, 0x00000006b6c00000| 99%| O|  |TAMS 0x00000006b6a00000, 0x00000006b6bffff0| Untracked 
|1290|0x00000006b6c00000, 0x00000006b6dffff8, 0x00000006b6e00000| 99%| O|  |TAMS 0x00000006b6c00000, 0x00000006b6dffff8| Untracked 
|1291|0x00000006b6e00000, 0x00000006b6fffff8, 0x00000006b7000000| 99%| O|  |TAMS 0x00000006b6e00000, 0x00000006b6fffff8| Untracked 
|1292|0x00000006b7000000, 0x00000006b7200000, 0x00000006b7200000|100%| O|  |TAMS 0x00000006b7000000, 0x00000006b7200000| Untracked 
|1293|0x00000006b7200000, 0x00000006b7400000, 0x00000006b7400000|100%| O|  |TAMS 0x00000006b7200000, 0x00000006b7400000| Untracked 
|1294|0x00000006b7400000, 0x00000006b75ffff0, 0x00000006b7600000| 99%| O|  |TAMS 0x00000006b7400000, 0x00000006b75ffff0| Untracked 
|1295|0x00000006b7600000, 0x00000006b7800000, 0x00000006b7800000|100%| O|  |TAMS 0x00000006b7600000, 0x00000006b7800000| Untracked 
|1296|0x00000006b7800000, 0x00000006b7a00000, 0x00000006b7a00000|100%| O|  |TAMS 0x00000006b7800000, 0x00000006b7a00000| Untracked 
|1297|0x00000006b7a00000, 0x00000006b7c00000, 0x00000006b7c00000|100%| O|  |TAMS 0x00000006b7a00000, 0x00000006b7c00000| Untracked 
|1298|0x00000006b7c00000, 0x00000006b7e00000, 0x00000006b7e00000|100%| O|  |TAMS 0x00000006b7c00000, 0x00000006b7e00000| Untracked 
|1299|0x00000006b7e00000, 0x00000006b7fffff0, 0x00000006b8000000| 99%| O|  |TAMS 0x00000006b7e00000, 0x00000006b7fffff0| Untracked 
|1300|0x00000006b8000000, 0x00000006b81ffff0, 0x00000006b8200000| 99%| O|  |TAMS 0x00000006b8000000, 0x00000006b81ffff0| Untracked 
|1301|0x00000006b8200000, 0x00000006b8400000, 0x00000006b8400000|100%| O|  |TAMS 0x00000006b8200000, 0x00000006b8400000| Untracked 
|1302|0x00000006b8400000, 0x00000006b85ffff0, 0x00000006b8600000| 99%| O|  |TAMS 0x00000006b8400000, 0x00000006b85ffff0| Untracked 
|1303|0x00000006b8600000, 0x00000006b87ffff8, 0x00000006b8800000| 99%| O|  |TAMS 0x00000006b8600000, 0x00000006b87ffff8| Untracked 
|1304|0x00000006b8800000, 0x00000006b89ffff8, 0x00000006b8a00000| 99%| O|  |TAMS 0x00000006b8800000, 0x00000006b89ffff8| Untracked 
|1305|0x00000006b8a00000, 0x00000006b8bffff8, 0x00000006b8c00000| 99%| O|  |TAMS 0x00000006b8a00000, 0x00000006b8bffff8| Untracked 
|1306|0x00000006b8c00000, 0x00000006b8e00000, 0x00000006b8e00000|100%| O|  |TAMS 0x00000006b8c00000, 0x00000006b8e00000| Untracked 
|1307|0x00000006b8e00000, 0x00000006b9000000, 0x00000006b9000000|100%| O|  |TAMS 0x00000006b8e00000, 0x00000006b9000000| Untracked 
|1308|0x00000006b9000000, 0x00000006b9200000, 0x00000006b9200000|100%| O|  |TAMS 0x00000006b9000000, 0x00000006b9200000| Untracked 
|1309|0x00000006b9200000, 0x00000006b93ffff8, 0x00000006b9400000| 99%| O|  |TAMS 0x00000006b9200000, 0x00000006b93ffff8| Untracked 
|1310|0x00000006b9400000, 0x00000006b95ffff8, 0x00000006b9600000| 99%| O|  |TAMS 0x00000006b9400000, 0x00000006b95ffff8| Untracked 
|1311|0x00000006b9600000, 0x00000006b9800000, 0x00000006b9800000|100%| O|  |TAMS 0x00000006b9600000, 0x00000006b9800000| Untracked 
|1312|0x00000006b9800000, 0x00000006b99ffff0, 0x00000006b9a00000| 99%| O|  |TAMS 0x00000006b9800000, 0x00000006b99ffff0| Untracked 
|1313|0x00000006b9a00000, 0x00000006b9bffff8, 0x00000006b9c00000| 99%| O|  |TAMS 0x00000006b9a00000, 0x00000006b9bffff8| Untracked 
|1314|0x00000006b9c00000, 0x00000006b9e00000, 0x00000006b9e00000|100%| O|  |TAMS 0x00000006b9c00000, 0x00000006b9e00000| Untracked 
|1315|0x00000006b9e00000, 0x00000006b9fffff8, 0x00000006ba000000| 99%| O|  |TAMS 0x00000006b9e00000, 0x00000006b9fffff8| Untracked 
|1316|0x00000006ba000000, 0x00000006ba1ffff8, 0x00000006ba200000| 99%| O|  |TAMS 0x00000006ba000000, 0x00000006ba1ffff8| Untracked 
|1317|0x00000006ba200000, 0x00000006ba3ffff0, 0x00000006ba400000| 99%| O|  |TAMS 0x00000006ba200000, 0x00000006ba3ffff0| Untracked 
|1318|0x00000006ba400000, 0x00000006ba600000, 0x00000006ba600000|100%| O|  |TAMS 0x00000006ba400000, 0x00000006ba600000| Untracked 
|1319|0x00000006ba600000, 0x00000006ba7ffff8, 0x00000006ba800000| 99%| O|  |TAMS 0x00000006ba600000, 0x00000006ba7ffff8| Untracked 
|1320|0x00000006ba800000, 0x00000006baa00000, 0x00000006baa00000|100%| O|  |TAMS 0x00000006ba800000, 0x00000006baa00000| Untracked 
|1321|0x00000006baa00000, 0x00000006babffff0, 0x00000006bac00000| 99%| O|  |TAMS 0x00000006baa00000, 0x00000006babffff0| Untracked 
|1322|0x00000006bac00000, 0x00000006bae00000, 0x00000006bae00000|100%| O|  |TAMS 0x00000006bac00000, 0x00000006bae00000| Untracked 
|1323|0x00000006bae00000, 0x00000006bb000000, 0x00000006bb000000|100%| O|  |TAMS 0x00000006bae00000, 0x00000006bb000000| Untracked 
|1324|0x00000006bb000000, 0x00000006bb1ffff8, 0x00000006bb200000| 99%| O|  |TAMS 0x00000006bb000000, 0x00000006bb1ffff8| Untracked 
|1325|0x00000006bb200000, 0x00000006bb3ffff0, 0x00000006bb400000| 99%| O|  |TAMS 0x00000006bb200000, 0x00000006bb3ffff0| Untracked 
|1326|0x00000006bb400000, 0x00000006bb5ffff0, 0x00000006bb600000| 99%| O|  |TAMS 0x00000006bb400000, 0x00000006bb5ffff0| Untracked 
|1327|0x00000006bb600000, 0x00000006bb800000, 0x00000006bb800000|100%| O|  |TAMS 0x00000006bb600000, 0x00000006bb800000| Untracked 
|1328|0x00000006bb800000, 0x00000006bb9ffff8, 0x00000006bba00000| 99%| O|  |TAMS 0x00000006bb800000, 0x00000006bb9ffff8| Untracked 
|1329|0x00000006bba00000, 0x00000006bbbffff8, 0x00000006bbc00000| 99%| O|  |TAMS 0x00000006bba00000, 0x00000006bbbffff8| Untracked 
|1330|0x00000006bbc00000, 0x00000006bbdffff0, 0x00000006bbe00000| 99%| O|  |TAMS 0x00000006bbc00000, 0x00000006bbdffff0| Untracked 
|1331|0x00000006bbe00000, 0x00000006bbfffff8, 0x00000006bc000000| 99%| O|  |TAMS 0x00000006bbe00000, 0x00000006bbfffff8| Untracked 
|1332|0x00000006bc000000, 0x00000006bc200000, 0x00000006bc200000|100%| O|  |TAMS 0x00000006bc000000, 0x00000006bc200000| Untracked 
|1333|0x00000006bc200000, 0x00000006bc3ffff0, 0x00000006bc400000| 99%| O|  |TAMS 0x00000006bc200000, 0x00000006bc3ffff0| Untracked 
|1334|0x00000006bc400000, 0x00000006bc5ffff8, 0x00000006bc600000| 99%| O|  |TAMS 0x00000006bc400000, 0x00000006bc5ffff8| Untracked 
|1335|0x00000006bc600000, 0x00000006bc800000, 0x00000006bc800000|100%| O|  |TAMS 0x00000006bc600000, 0x00000006bc800000| Untracked 
|1336|0x00000006bc800000, 0x00000006bc9ffff8, 0x00000006bca00000| 99%| O|  |TAMS 0x00000006bc800000, 0x00000006bc9ffff8| Untracked 
|1337|0x00000006bca00000, 0x00000006bcc00000, 0x00000006bcc00000|100%| O|  |TAMS 0x00000006bca00000, 0x00000006bcc00000| Untracked 
|1338|0x00000006bcc00000, 0x00000006bcdffff8, 0x00000006bce00000| 99%| O|  |TAMS 0x00000006bcc00000, 0x00000006bcdffff8| Untracked 
|1339|0x00000006bce00000, 0x00000006bcfffff8, 0x00000006bd000000| 99%| O|  |TAMS 0x00000006bce00000, 0x00000006bcfffff8| Untracked 
|1340|0x00000006bd000000, 0x00000006bd1ffff8, 0x00000006bd200000| 99%| O|  |TAMS 0x00000006bd000000, 0x00000006bd1ffff8| Untracked 
|1341|0x00000006bd200000, 0x00000006bd400000, 0x00000006bd400000|100%| O|  |TAMS 0x00000006bd200000, 0x00000006bd400000| Untracked 
|1342|0x00000006bd400000, 0x00000006bd600000, 0x00000006bd600000|100%| O|  |TAMS 0x00000006bd400000, 0x00000006bd600000| Untracked 
|1343|0x00000006bd600000, 0x00000006bd7ffff0, 0x00000006bd800000| 99%| O|  |TAMS 0x00000006bd600000, 0x00000006bd7ffff0| Untracked 
|1344|0x00000006bd800000, 0x00000006bd9ffff8, 0x00000006bda00000| 99%| O|  |TAMS 0x00000006bd800000, 0x00000006bd9ffff8| Untracked 
|1345|0x00000006bda00000, 0x00000006bdbffff0, 0x00000006bdc00000| 99%| O|  |TAMS 0x00000006bda00000, 0x00000006bdbffff0| Untracked 
|1346|0x00000006bdc00000, 0x00000006bde00000, 0x00000006bde00000|100%| O|  |TAMS 0x00000006bdc00000, 0x00000006bde00000| Untracked 
|1347|0x00000006bde00000, 0x00000006bdfffff0, 0x00000006be000000| 99%| O|  |TAMS 0x00000006bde00000, 0x00000006bdfffff0| Untracked 
|1348|0x00000006be000000, 0x00000006be1ffff8, 0x00000006be200000| 99%| O|  |TAMS 0x00000006be000000, 0x00000006be1ffff8| Untracked 
|1349|0x00000006be200000, 0x00000006be3ffff8, 0x00000006be400000| 99%| O|  |TAMS 0x00000006be200000, 0x00000006be3ffff8| Untracked 
|1350|0x00000006be400000, 0x00000006be5ffff8, 0x00000006be600000| 99%| O|  |TAMS 0x00000006be400000, 0x00000006be5ffff8| Untracked 
|1351|0x00000006be600000, 0x00000006be800000, 0x00000006be800000|100%| O|  |TAMS 0x00000006be600000, 0x00000006be800000| Untracked 
|1352|0x00000006be800000, 0x00000006bea00000, 0x00000006bea00000|100%| O|  |TAMS 0x00000006be800000, 0x00000006bea00000| Untracked 
|1353|0x00000006bea00000, 0x00000006bec00000, 0x00000006bec00000|100%| O|  |TAMS 0x00000006bea00000, 0x00000006bec00000| Untracked 
|1354|0x00000006bec00000, 0x00000006bee00000, 0x00000006bee00000|100%| O|  |TAMS 0x00000006bec00000, 0x00000006bee00000| Untracked 
|1355|0x00000006bee00000, 0x00000006befffff8, 0x00000006bf000000| 99%| O|  |TAMS 0x00000006bee00000, 0x00000006befffff8| Untracked 
|1356|0x00000006bf000000, 0x00000006bf200000, 0x00000006bf200000|100%| O|  |TAMS 0x00000006bf000000, 0x00000006bf200000| Untracked 
|1357|0x00000006bf200000, 0x00000006bf400000, 0x00000006bf400000|100%| O|  |TAMS 0x00000006bf200000, 0x00000006bf400000| Untracked 
|1358|0x00000006bf400000, 0x00000006bf5ffff8, 0x00000006bf600000| 99%| O|  |TAMS 0x00000006bf400000, 0x00000006bf5ffff8| Untracked 
|1359|0x00000006bf600000, 0x00000006bf800000, 0x00000006bf800000|100%| O|  |TAMS 0x00000006bf600000, 0x00000006bf800000| Untracked 
|1360|0x00000006bf800000, 0x00000006bfa00000, 0x00000006bfa00000|100%| O|  |TAMS 0x00000006bf800000, 0x00000006bfa00000| Untracked 
|1361|0x00000006bfa00000, 0x00000006bfc00000, 0x00000006bfc00000|100%| O|  |TAMS 0x00000006bfa00000, 0x00000006bfc00000| Untracked 
|1362|0x00000006bfc00000, 0x00000006bfdffff0, 0x00000006bfe00000| 99%| O|  |TAMS 0x00000006bfc00000, 0x00000006bfdffff0| Untracked 
|1363|0x00000006bfe00000, 0x00000006c0000000, 0x00000006c0000000|100%| O|  |TAMS 0x00000006bfe00000, 0x00000006c0000000| Untracked 
|1364|0x00000006c0000000, 0x00000006c01ffff0, 0x00000006c0200000| 99%| O|  |TAMS 0x00000006c0000000, 0x00000006c01ffff0| Untracked 
|1365|0x00000006c0200000, 0x00000006c03ffff0, 0x00000006c0400000| 99%| O|  |TAMS 0x00000006c0200000, 0x00000006c03ffff0| Untracked 
|1366|0x00000006c0400000, 0x00000006c05ffff8, 0x00000006c0600000| 99%| O|  |TAMS 0x00000006c0400000, 0x00000006c05ffff8| Untracked 
|1367|0x00000006c0600000, 0x00000006c07ffff8, 0x00000006c0800000| 99%| O|  |TAMS 0x00000006c0600000, 0x00000006c07ffff8| Untracked 
|1368|0x00000006c0800000, 0x00000006c09ffff8, 0x00000006c0a00000| 99%| O|  |TAMS 0x00000006c0800000, 0x00000006c09ffff8| Untracked 
|1369|0x00000006c0a00000, 0x00000006c0bffff8, 0x00000006c0c00000| 99%| O|  |TAMS 0x00000006c0a00000, 0x00000006c0bffff8| Untracked 
|1370|0x00000006c0c00000, 0x00000006c0e00000, 0x00000006c0e00000|100%| O|  |TAMS 0x00000006c0c00000, 0x00000006c0e00000| Untracked 
|1371|0x00000006c0e00000, 0x00000006c1000000, 0x00000006c1000000|100%| O|  |TAMS 0x00000006c0e00000, 0x00000006c1000000| Untracked 
|1372|0x00000006c1000000, 0x00000006c11ffff8, 0x00000006c1200000| 99%| O|  |TAMS 0x00000006c1000000, 0x00000006c11ffff8| Untracked 
|1373|0x00000006c1200000, 0x00000006c13ffff8, 0x00000006c1400000| 99%| O|  |TAMS 0x00000006c1200000, 0x00000006c13ffff8| Untracked 
|1374|0x00000006c1400000, 0x00000006c1600000, 0x00000006c1600000|100%| O|  |TAMS 0x00000006c1400000, 0x00000006c1600000| Untracked 
|1375|0x00000006c1600000, 0x00000006c1800000, 0x00000006c1800000|100%| O|  |TAMS 0x00000006c1600000, 0x00000006c1800000| Untracked 
|1376|0x00000006c1800000, 0x00000006c1a00000, 0x00000006c1a00000|100%| O|  |TAMS 0x00000006c1800000, 0x00000006c1a00000| Untracked 
|1377|0x00000006c1a00000, 0x00000006c1bffff8, 0x00000006c1c00000| 99%| O|  |TAMS 0x00000006c1a00000, 0x00000006c1bffff8| Untracked 
|1378|0x00000006c1c00000, 0x00000006c1e00000, 0x00000006c1e00000|100%| O|  |TAMS 0x00000006c1c00000, 0x00000006c1e00000| Untracked 
|1379|0x00000006c1e00000, 0x00000006c1fffff8, 0x00000006c2000000| 99%| O|  |TAMS 0x00000006c1e00000, 0x00000006c1fffff8| Untracked 
|1380|0x00000006c2000000, 0x00000006c21ffff8, 0x00000006c2200000| 99%| O|  |TAMS 0x00000006c2000000, 0x00000006c21ffff8| Untracked 
|1381|0x00000006c2200000, 0x00000006c23ffff8, 0x00000006c2400000| 99%| O|  |TAMS 0x00000006c2200000, 0x00000006c23ffff8| Untracked 
|1382|0x00000006c2400000, 0x00000006c25ffff8, 0x00000006c2600000| 99%| O|  |TAMS 0x00000006c2400000, 0x00000006c25ffff8| Untracked 
|1383|0x00000006c2600000, 0x00000006c2800000, 0x00000006c2800000|100%| O|  |TAMS 0x00000006c2600000, 0x00000006c2800000| Untracked 
|1384|0x00000006c2800000, 0x00000006c29ffff0, 0x00000006c2a00000| 99%| O|  |TAMS 0x00000006c2800000, 0x00000006c29ffff0| Untracked 
|1385|0x00000006c2a00000, 0x00000006c2c00000, 0x00000006c2c00000|100%| O|  |TAMS 0x00000006c2a00000, 0x00000006c2c00000| Untracked 
|1386|0x00000006c2c00000, 0x00000006c2dffff8, 0x00000006c2e00000| 99%| O|  |TAMS 0x00000006c2c00000, 0x00000006c2dffff8| Untracked 
|1387|0x00000006c2e00000, 0x00000006c2fffff8, 0x00000006c3000000| 99%| O|  |TAMS 0x00000006c2e00000, 0x00000006c2fffff8| Untracked 
|1388|0x00000006c3000000, 0x00000006c31ffff8, 0x00000006c3200000| 99%| O|  |TAMS 0x00000006c3000000, 0x00000006c31ffff8| Untracked 
|1389|0x00000006c3200000, 0x00000006c33ffff8, 0x00000006c3400000| 99%| O|  |TAMS 0x00000006c3200000, 0x00000006c33ffff8| Untracked 
|1390|0x00000006c3400000, 0x00000006c35ffff8, 0x00000006c3600000| 99%| O|  |TAMS 0x00000006c3400000, 0x00000006c35ffff8| Untracked 
|1391|0x00000006c3600000, 0x00000006c3800000, 0x00000006c3800000|100%| O|  |TAMS 0x00000006c3600000, 0x00000006c3800000| Untracked 
|1392|0x00000006c3800000, 0x00000006c3a00000, 0x00000006c3a00000|100%| O|  |TAMS 0x00000006c3800000, 0x00000006c3a00000| Untracked 
|1393|0x00000006c3a00000, 0x00000006c3bffff8, 0x00000006c3c00000| 99%| O|  |TAMS 0x00000006c3a00000, 0x00000006c3bffff8| Untracked 
|1394|0x00000006c3c00000, 0x00000006c3e00000, 0x00000006c3e00000|100%| O|  |TAMS 0x00000006c3c00000, 0x00000006c3e00000| Untracked 
|1395|0x00000006c3e00000, 0x00000006c3fffff8, 0x00000006c4000000| 99%| O|  |TAMS 0x00000006c3e00000, 0x00000006c3fffff8| Untracked 
|1396|0x00000006c4000000, 0x00000006c41ffff0, 0x00000006c4200000| 99%| O|  |TAMS 0x00000006c4000000, 0x00000006c41ffff0| Untracked 
|1397|0x00000006c4200000, 0x00000006c4400000, 0x00000006c4400000|100%| O|  |TAMS 0x00000006c4200000, 0x00000006c4400000| Untracked 
|1398|0x00000006c4400000, 0x00000006c4600000, 0x00000006c4600000|100%| O|  |TAMS 0x00000006c4400000, 0x00000006c4600000| Untracked 
|1399|0x00000006c4600000, 0x00000006c47ffff8, 0x00000006c4800000| 99%| O|  |TAMS 0x00000006c4600000, 0x00000006c47ffff8| Untracked 
|1400|0x00000006c4800000, 0x00000006c49ffff8, 0x00000006c4a00000| 99%| O|  |TAMS 0x00000006c4800000, 0x00000006c49ffff8| Untracked 
|1401|0x00000006c4a00000, 0x00000006c4c00000, 0x00000006c4c00000|100%| O|  |TAMS 0x00000006c4a00000, 0x00000006c4c00000| Untracked 
|1402|0x00000006c4c00000, 0x00000006c4e00000, 0x00000006c4e00000|100%| O|  |TAMS 0x00000006c4c00000, 0x00000006c4e00000| Untracked 
|1403|0x00000006c4e00000, 0x00000006c4fffff0, 0x00000006c5000000| 99%| O|  |TAMS 0x00000006c4e00000, 0x00000006c4fffff0| Untracked 
|1404|0x00000006c5000000, 0x00000006c5200000, 0x00000006c5200000|100%| O|  |TAMS 0x00000006c5000000, 0x00000006c5200000| Untracked 
|1405|0x00000006c5200000, 0x00000006c53ffff8, 0x00000006c5400000| 99%| O|  |TAMS 0x00000006c5200000, 0x00000006c53ffff8| Untracked 
|1406|0x00000006c5400000, 0x00000006c55ffff8, 0x00000006c5600000| 99%| O|  |TAMS 0x00000006c5400000, 0x00000006c55ffff8| Untracked 
|1407|0x00000006c5600000, 0x00000006c57ffff8, 0x00000006c5800000| 99%| O|  |TAMS 0x00000006c5600000, 0x00000006c57ffff8| Untracked 
|1408|0x00000006c5800000, 0x00000006c59ffff0, 0x00000006c5a00000| 99%| O|  |TAMS 0x00000006c5800000, 0x00000006c59ffff0| Untracked 
|1409|0x00000006c5a00000, 0x00000006c5bffff0, 0x00000006c5c00000| 99%| O|  |TAMS 0x00000006c5a00000, 0x00000006c5bffff0| Untracked 
|1410|0x00000006c5c00000, 0x00000006c5dffff8, 0x00000006c5e00000| 99%| O|  |TAMS 0x00000006c5c00000, 0x00000006c5dffff8| Untracked 
|1411|0x00000006c5e00000, 0x00000006c5fffff8, 0x00000006c6000000| 99%| O|  |TAMS 0x00000006c5e00000, 0x00000006c5fffff8| Untracked 
|1412|0x00000006c6000000, 0x00000006c61ffff8, 0x00000006c6200000| 99%| O|  |TAMS 0x00000006c6000000, 0x00000006c61ffff8| Untracked 
|1413|0x00000006c6200000, 0x00000006c63ffff8, 0x00000006c6400000| 99%| O|  |TAMS 0x00000006c6200000, 0x00000006c63ffff8| Untracked 
|1414|0x00000006c6400000, 0x00000006c6600000, 0x00000006c6600000|100%| O|  |TAMS 0x00000006c6400000, 0x00000006c6600000| Untracked 
|1415|0x00000006c6600000, 0x00000006c67ffff8, 0x00000006c6800000| 99%| O|  |TAMS 0x00000006c6600000, 0x00000006c67ffff8| Untracked 
|1416|0x00000006c6800000, 0x00000006c69ffff8, 0x00000006c6a00000| 99%| O|  |TAMS 0x00000006c6800000, 0x00000006c69ffff8| Untracked 
|1417|0x00000006c6a00000, 0x00000006c6bffff8, 0x00000006c6c00000| 99%| O|  |TAMS 0x00000006c6a00000, 0x00000006c6bffff8| Untracked 
|1418|0x00000006c6c00000, 0x00000006c6e00000, 0x00000006c6e00000|100%| O|  |TAMS 0x00000006c6c00000, 0x00000006c6e00000| Untracked 
|1419|0x00000006c6e00000, 0x00000006c6fffff8, 0x00000006c7000000| 99%| O|  |TAMS 0x00000006c6e00000, 0x00000006c6fffff8| Untracked 
|1420|0x00000006c7000000, 0x00000006c71ffff0, 0x00000006c7200000| 99%| O|  |TAMS 0x00000006c7000000, 0x00000006c71ffff0| Untracked 
|1421|0x00000006c7200000, 0x00000006c73ffff0, 0x00000006c7400000| 99%| O|  |TAMS 0x00000006c7200000, 0x00000006c73ffff0| Untracked 
|1422|0x00000006c7400000, 0x00000006c75ffff8, 0x00000006c7600000| 99%| O|  |TAMS 0x00000006c7400000, 0x00000006c75ffff8| Untracked 
|1423|0x00000006c7600000, 0x00000006c7800000, 0x00000006c7800000|100%| O|  |TAMS 0x00000006c7600000, 0x00000006c7800000| Untracked 
|1424|0x00000006c7800000, 0x00000006c79ffff0, 0x00000006c7a00000| 99%| O|  |TAMS 0x00000006c7800000, 0x00000006c79ffff0| Untracked 
|1425|0x00000006c7a00000, 0x00000006c7c00000, 0x00000006c7c00000|100%| O|  |TAMS 0x00000006c7a00000, 0x00000006c7c00000| Untracked 
|1426|0x00000006c7c00000, 0x00000006c7dffff8, 0x00000006c7e00000| 99%| O|  |TAMS 0x00000006c7c00000, 0x00000006c7dffff8| Untracked 
|1427|0x00000006c7e00000, 0x00000006c7fffff0, 0x00000006c8000000| 99%| O|  |TAMS 0x00000006c7e00000, 0x00000006c7fffff0| Untracked 
|1428|0x00000006c8000000, 0x00000006c81ffff0, 0x00000006c8200000| 99%| O|  |TAMS 0x00000006c8000000, 0x00000006c81ffff0| Untracked 
|1429|0x00000006c8200000, 0x00000006c83ffff0, 0x00000006c8400000| 99%| O|  |TAMS 0x00000006c8200000, 0x00000006c83ffff0| Untracked 
|1430|0x00000006c8400000, 0x00000006c85ffff8, 0x00000006c8600000| 99%| O|  |TAMS 0x00000006c8400000, 0x00000006c85ffff8| Untracked 
|1431|0x00000006c8600000, 0x00000006c8800000, 0x00000006c8800000|100%| O|  |TAMS 0x00000006c8600000, 0x00000006c8800000| Untracked 
|1432|0x00000006c8800000, 0x00000006c8a00000, 0x00000006c8a00000|100%| O|  |TAMS 0x00000006c8800000, 0x00000006c8a00000| Untracked 
|1433|0x00000006c8a00000, 0x00000006c8bffff8, 0x00000006c8c00000| 99%| O|  |TAMS 0x00000006c8a00000, 0x00000006c8bffff8| Untracked 
|1434|0x00000006c8c00000, 0x00000006c8dffff8, 0x00000006c8e00000| 99%| O|  |TAMS 0x00000006c8c00000, 0x00000006c8dffff8| Untracked 
|1435|0x00000006c8e00000, 0x00000006c9000000, 0x00000006c9000000|100%| O|  |TAMS 0x00000006c8e00000, 0x00000006c9000000| Untracked 
|1436|0x00000006c9000000, 0x00000006c91ffff8, 0x00000006c9200000| 99%| O|  |TAMS 0x00000006c9000000, 0x00000006c91ffff8| Untracked 
|1437|0x00000006c9200000, 0x00000006c9400000, 0x00000006c9400000|100%| O|  |TAMS 0x00000006c9200000, 0x00000006c9400000| Untracked 
|1438|0x00000006c9400000, 0x00000006c9600000, 0x00000006c9600000|100%| O|  |TAMS 0x00000006c9400000, 0x00000006c9600000| Untracked 
|1439|0x00000006c9600000, 0x00000006c9800000, 0x00000006c9800000|100%| O|  |TAMS 0x00000006c9600000, 0x00000006c9800000| Untracked 
|1440|0x00000006c9800000, 0x00000006c99ffff8, 0x00000006c9a00000| 99%| O|  |TAMS 0x00000006c9800000, 0x00000006c99ffff8| Untracked 
|1441|0x00000006c9a00000, 0x00000006c9bffff8, 0x00000006c9c00000| 99%| O|  |TAMS 0x00000006c9a00000, 0x00000006c9bffff8| Untracked 
|1442|0x00000006c9c00000, 0x00000006c9dffff8, 0x00000006c9e00000| 99%| O|  |TAMS 0x00000006c9c00000, 0x00000006c9dffff8| Untracked 
|1443|0x00000006c9e00000, 0x00000006ca000000, 0x00000006ca000000|100%| O|  |TAMS 0x00000006c9e00000, 0x00000006ca000000| Untracked 
|1444|0x00000006ca000000, 0x00000006ca200000, 0x00000006ca200000|100%| O|  |TAMS 0x00000006ca000000, 0x00000006ca200000| Untracked 
|1445|0x00000006ca200000, 0x00000006ca3ffff0, 0x00000006ca400000| 99%| O|  |TAMS 0x00000006ca200000, 0x00000006ca3ffff0| Untracked 
|1446|0x00000006ca400000, 0x00000006ca5ffff0, 0x00000006ca600000| 99%| O|  |TAMS 0x00000006ca400000, 0x00000006ca5ffff0| Untracked 
|1447|0x00000006ca600000, 0x00000006ca7ffff0, 0x00000006ca800000| 99%| O|  |TAMS 0x00000006ca600000, 0x00000006ca7ffff0| Untracked 
|1448|0x00000006ca800000, 0x00000006ca9ffff8, 0x00000006caa00000| 99%| O|  |TAMS 0x00000006ca800000, 0x00000006ca9ffff8| Untracked 
|1449|0x00000006caa00000, 0x00000006cabffff8, 0x00000006cac00000| 99%| O|  |TAMS 0x00000006caa00000, 0x00000006cabffff8| Untracked 
|1450|0x00000006cac00000, 0x00000006cae00000, 0x00000006cae00000|100%| O|  |TAMS 0x00000006cac00000, 0x00000006cae00000| Untracked 
|1451|0x00000006cae00000, 0x00000006cafffff8, 0x00000006cb000000| 99%| O|  |TAMS 0x00000006cae00000, 0x00000006cafffff8| Untracked 
|1452|0x00000006cb000000, 0x00000006cb1ffff0, 0x00000006cb200000| 99%| O|  |TAMS 0x00000006cb000000, 0x00000006cb1ffff0| Untracked 
|1453|0x00000006cb200000, 0x00000006cb3ffff8, 0x00000006cb400000| 99%| O|  |TAMS 0x00000006cb200000, 0x00000006cb3ffff8| Untracked 
|1454|0x00000006cb400000, 0x00000006cb5ffff8, 0x00000006cb600000| 99%| O|  |TAMS 0x00000006cb400000, 0x00000006cb5ffff8| Untracked 
|1455|0x00000006cb600000, 0x00000006cb7ffff8, 0x00000006cb800000| 99%| O|  |TAMS 0x00000006cb600000, 0x00000006cb7ffff8| Untracked 
|1456|0x00000006cb800000, 0x00000006cba00000, 0x00000006cba00000|100%| O|  |TAMS 0x00000006cb800000, 0x00000006cba00000| Untracked 
|1457|0x00000006cba00000, 0x00000006cbc00000, 0x00000006cbc00000|100%| O|  |TAMS 0x00000006cba00000, 0x00000006cbc00000| Untracked 
|1458|0x00000006cbc00000, 0x00000006cbdffff8, 0x00000006cbe00000| 99%| O|  |TAMS 0x00000006cbc00000, 0x00000006cbdffff8| Untracked 
|1459|0x00000006cbe00000, 0x00000006cbfffff8, 0x00000006cc000000| 99%| O|  |TAMS 0x00000006cbe00000, 0x00000006cbfffff8| Untracked 
|1460|0x00000006cc000000, 0x00000006cc1ffff0, 0x00000006cc200000| 99%| O|  |TAMS 0x00000006cc000000, 0x00000006cc1ffff0| Untracked 
|1461|0x00000006cc200000, 0x00000006cc3ffff8, 0x00000006cc400000| 99%| O|  |TAMS 0x00000006cc200000, 0x00000006cc3ffff8| Untracked 
|1462|0x00000006cc400000, 0x00000006cc600000, 0x00000006cc600000|100%| O|  |TAMS 0x00000006cc400000, 0x00000006cc600000| Untracked 
|1463|0x00000006cc600000, 0x00000006cc7ffff0, 0x00000006cc800000| 99%| O|  |TAMS 0x00000006cc600000, 0x00000006cc7ffff0| Untracked 
|1464|0x00000006cc800000, 0x00000006cca00000, 0x00000006cca00000|100%| O|  |TAMS 0x00000006cc800000, 0x00000006cca00000| Untracked 
|1465|0x00000006cca00000, 0x00000006ccbffff8, 0x00000006ccc00000| 99%| O|  |TAMS 0x00000006cca00000, 0x00000006ccbffff8| Untracked 
|1466|0x00000006ccc00000, 0x00000006cce00000, 0x00000006cce00000|100%| O|  |TAMS 0x00000006ccc00000, 0x00000006cce00000| Untracked 
|1467|0x00000006cce00000, 0x00000006cd000000, 0x00000006cd000000|100%| O|  |TAMS 0x00000006cce00000, 0x00000006cd000000| Untracked 
|1468|0x00000006cd000000, 0x00000006cd1ffff8, 0x00000006cd200000| 99%| O|  |TAMS 0x00000006cd000000, 0x00000006cd1ffff8| Untracked 
|1469|0x00000006cd200000, 0x00000006cd3ffff8, 0x00000006cd400000| 99%| O|  |TAMS 0x00000006cd200000, 0x00000006cd3ffff8| Untracked 
|1470|0x00000006cd400000, 0x00000006cd5ffff0, 0x00000006cd600000| 99%| O|  |TAMS 0x00000006cd400000, 0x00000006cd5ffff0| Untracked 
|1471|0x00000006cd600000, 0x00000006cd800000, 0x00000006cd800000|100%| O|  |TAMS 0x00000006cd600000, 0x00000006cd800000| Untracked 
|1472|0x00000006cd800000, 0x00000006cda00000, 0x00000006cda00000|100%| O|  |TAMS 0x00000006cd800000, 0x00000006cda00000| Untracked 
|1473|0x00000006cda00000, 0x00000006cdbffff0, 0x00000006cdc00000| 99%| O|  |TAMS 0x00000006cda00000, 0x00000006cdbffff0| Untracked 
|1474|0x00000006cdc00000, 0x00000006cddffff8, 0x00000006cde00000| 99%| O|  |TAMS 0x00000006cdc00000, 0x00000006cddffff8| Untracked 
|1475|0x00000006cde00000, 0x00000006cdfffff8, 0x00000006ce000000| 99%| O|  |TAMS 0x00000006cde00000, 0x00000006cdfffff8| Untracked 
|1476|0x00000006ce000000, 0x00000006ce1ffff8, 0x00000006ce200000| 99%| O|  |TAMS 0x00000006ce000000, 0x00000006ce1ffff8| Untracked 
|1477|0x00000006ce200000, 0x00000006ce400000, 0x00000006ce400000|100%| O|  |TAMS 0x00000006ce200000, 0x00000006ce400000| Untracked 
|1478|0x00000006ce400000, 0x00000006ce5ffff0, 0x00000006ce600000| 99%| O|  |TAMS 0x00000006ce400000, 0x00000006ce5ffff0| Untracked 
|1479|0x00000006ce600000, 0x00000006ce800000, 0x00000006ce800000|100%| O|  |TAMS 0x00000006ce600000, 0x00000006ce800000| Untracked 
|1480|0x00000006ce800000, 0x00000006ce9ffff8, 0x00000006cea00000| 99%| O|  |TAMS 0x00000006ce800000, 0x00000006ce9ffff8| Untracked 
|1481|0x00000006cea00000, 0x00000006cebffff8, 0x00000006cec00000| 99%| O|  |TAMS 0x00000006cea00000, 0x00000006cebffff8| Untracked 
|1482|0x00000006cec00000, 0x00000006cedffff0, 0x00000006cee00000| 99%| O|  |TAMS 0x00000006cec00000, 0x00000006cedffff0| Untracked 
|1483|0x00000006cee00000, 0x00000006cefffff8, 0x00000006cf000000| 99%| O|  |TAMS 0x00000006cee00000, 0x00000006cefffff8| Untracked 
|1484|0x00000006cf000000, 0x00000006cf1ffff0, 0x00000006cf200000| 99%| O|  |TAMS 0x00000006cf000000, 0x00000006cf1ffff0| Untracked 
|1485|0x00000006cf200000, 0x00000006cf400000, 0x00000006cf400000|100%| O|  |TAMS 0x00000006cf200000, 0x00000006cf400000| Untracked 
|1486|0x00000006cf400000, 0x00000006cf5ffff8, 0x00000006cf600000| 99%| O|  |TAMS 0x00000006cf400000, 0x00000006cf5ffff8| Untracked 
|1487|0x00000006cf600000, 0x00000006cf800000, 0x00000006cf800000|100%| O|  |TAMS 0x00000006cf600000, 0x00000006cf800000| Untracked 
|1488|0x00000006cf800000, 0x00000006cf9ffff8, 0x00000006cfa00000| 99%| O|  |TAMS 0x00000006cf800000, 0x00000006cf9ffff8| Untracked 
|1489|0x00000006cfa00000, 0x00000006cfbffff8, 0x00000006cfc00000| 99%| O|  |TAMS 0x00000006cfa00000, 0x00000006cfbffff8| Untracked 
|1490|0x00000006cfc00000, 0x00000006cfe00000, 0x00000006cfe00000|100%| O|  |TAMS 0x00000006cfc00000, 0x00000006cfe00000| Untracked 
|1491|0x00000006cfe00000, 0x00000006d0000000, 0x00000006d0000000|100%| O|  |TAMS 0x00000006cfe00000, 0x00000006d0000000| Untracked 
|1492|0x00000006d0000000, 0x00000006d01ffff8, 0x00000006d0200000| 99%| O|  |TAMS 0x00000006d0000000, 0x00000006d01ffff8| Untracked 
|1493|0x00000006d0200000, 0x00000006d03ffff8, 0x00000006d0400000| 99%| O|  |TAMS 0x00000006d0200000, 0x00000006d03ffff8| Untracked 
|1494|0x00000006d0400000, 0x00000006d0600000, 0x00000006d0600000|100%| O|  |TAMS 0x00000006d0400000, 0x00000006d0600000| Untracked 
|1495|0x00000006d0600000, 0x00000006d07ffff0, 0x00000006d0800000| 99%| O|  |TAMS 0x00000006d0600000, 0x00000006d07ffff0| Untracked 
|1496|0x00000006d0800000, 0x00000006d0a00000, 0x00000006d0a00000|100%| O|  |TAMS 0x00000006d0800000, 0x00000006d0a00000| Untracked 
|1497|0x00000006d0a00000, 0x00000006d0bffff8, 0x00000006d0c00000| 99%| O|  |TAMS 0x00000006d0a00000, 0x00000006d0bffff8| Untracked 
|1498|0x00000006d0c00000, 0x00000006d0e00000, 0x00000006d0e00000|100%| O|  |TAMS 0x00000006d0c00000, 0x00000006d0e00000| Untracked 
|1499|0x00000006d0e00000, 0x00000006d1000000, 0x00000006d1000000|100%| O|  |TAMS 0x00000006d0e00000, 0x00000006d1000000| Untracked 
|1500|0x00000006d1000000, 0x00000006d11ffff0, 0x00000006d1200000| 99%| O|  |TAMS 0x00000006d1000000, 0x00000006d11ffff0| Untracked 
|1501|0x00000006d1200000, 0x00000006d13ffff8, 0x00000006d1400000| 99%| O|  |TAMS 0x00000006d1200000, 0x00000006d13ffff8| Untracked 
|1502|0x00000006d1400000, 0x00000006d15ffff8, 0x00000006d1600000| 99%| O|  |TAMS 0x00000006d1400000, 0x00000006d15ffff8| Untracked 
|1503|0x00000006d1600000, 0x00000006d1800000, 0x00000006d1800000|100%| O|  |TAMS 0x00000006d1600000, 0x00000006d1800000| Untracked 
|1504|0x00000006d1800000, 0x00000006d19ffff8, 0x00000006d1a00000| 99%| O|  |TAMS 0x00000006d1800000, 0x00000006d19ffff8| Untracked 
|1505|0x00000006d1a00000, 0x00000006d1c00000, 0x00000006d1c00000|100%| O|  |TAMS 0x00000006d1a00000, 0x00000006d1c00000| Untracked 
|1506|0x00000006d1c00000, 0x00000006d1dffff8, 0x00000006d1e00000| 99%| O|  |TAMS 0x00000006d1c00000, 0x00000006d1dffff8| Untracked 
|1507|0x00000006d1e00000, 0x00000006d1fffff0, 0x00000006d2000000| 99%| O|  |TAMS 0x00000006d1e00000, 0x00000006d1fffff0| Untracked 
|1508|0x00000006d2000000, 0x00000006d2200000, 0x00000006d2200000|100%| O|  |TAMS 0x00000006d2000000, 0x00000006d2200000| Untracked 
|1509|0x00000006d2200000, 0x00000006d2400000, 0x00000006d2400000|100%| O|  |TAMS 0x00000006d2200000, 0x00000006d2400000| Untracked 
|1510|0x00000006d2400000, 0x00000006d25ffff0, 0x00000006d2600000| 99%| O|  |TAMS 0x00000006d2400000, 0x00000006d25ffff0| Untracked 
|1511|0x00000006d2600000, 0x00000006d27ffff8, 0x00000006d2800000| 99%| O|  |TAMS 0x00000006d2600000, 0x00000006d27ffff8| Untracked 
|1512|0x00000006d2800000, 0x00000006d29ffff8, 0x00000006d2a00000| 99%| O|  |TAMS 0x00000006d2800000, 0x00000006d29ffff8| Untracked 
|1513|0x00000006d2a00000, 0x00000006d2c00000, 0x00000006d2c00000|100%| O|  |TAMS 0x00000006d2a00000, 0x00000006d2c00000| Untracked 
|1514|0x00000006d2c00000, 0x00000006d2dffff0, 0x00000006d2e00000| 99%| O|  |TAMS 0x00000006d2c00000, 0x00000006d2dffff0| Untracked 
|1515|0x00000006d2e00000, 0x00000006d2fffff0, 0x00000006d3000000| 99%| O|  |TAMS 0x00000006d2e00000, 0x00000006d2fffff0| Untracked 
|1516|0x00000006d3000000, 0x00000006d31ffff8, 0x00000006d3200000| 99%| O|  |TAMS 0x00000006d3000000, 0x00000006d31ffff8| Untracked 
|1517|0x00000006d3200000, 0x00000006d3400000, 0x00000006d3400000|100%| O|  |TAMS 0x00000006d3200000, 0x00000006d3400000| Untracked 
|1518|0x00000006d3400000, 0x00000006d35ffff0, 0x00000006d3600000| 99%| O|  |TAMS 0x00000006d3400000, 0x00000006d35ffff0| Untracked 
|1519|0x00000006d3600000, 0x00000006d3800000, 0x00000006d3800000|100%| O|  |TAMS 0x00000006d3600000, 0x00000006d3800000| Untracked 
|1520|0x00000006d3800000, 0x00000006d39ffff8, 0x00000006d3a00000| 99%| O|  |TAMS 0x00000006d3800000, 0x00000006d39ffff8| Untracked 
|1521|0x00000006d3a00000, 0x00000006d3bffff0, 0x00000006d3c00000| 99%| O|  |TAMS 0x00000006d3a00000, 0x00000006d3bffff0| Untracked 
|1522|0x00000006d3c00000, 0x00000006d3e00000, 0x00000006d3e00000|100%| O|  |TAMS 0x00000006d3c00000, 0x00000006d3e00000| Untracked 
|1523|0x00000006d3e00000, 0x00000006d3fffff0, 0x00000006d4000000| 99%| O|  |TAMS 0x00000006d3e00000, 0x00000006d3fffff0| Untracked 
|1524|0x00000006d4000000, 0x00000006d41ffff8, 0x00000006d4200000| 99%| O|  |TAMS 0x00000006d4000000, 0x00000006d41ffff8| Untracked 
|1525|0x00000006d4200000, 0x00000006d43ffff8, 0x00000006d4400000| 99%| O|  |TAMS 0x00000006d4200000, 0x00000006d43ffff8| Untracked 
|1526|0x00000006d4400000, 0x00000006d4600000, 0x00000006d4600000|100%| O|  |TAMS 0x00000006d4400000, 0x00000006d4600000| Untracked 
|1527|0x00000006d4600000, 0x00000006d47ffff8, 0x00000006d4800000| 99%| O|  |TAMS 0x00000006d4600000, 0x00000006d47ffff8| Untracked 
|1528|0x00000006d4800000, 0x00000006d4a00000, 0x00000006d4a00000|100%| O|  |TAMS 0x00000006d4800000, 0x00000006d4a00000| Untracked 
|1529|0x00000006d4a00000, 0x00000006d4bffff8, 0x00000006d4c00000| 99%| O|  |TAMS 0x00000006d4a00000, 0x00000006d4bffff8| Untracked 
|1530|0x00000006d4c00000, 0x00000006d4e00000, 0x00000006d4e00000|100%| O|  |TAMS 0x00000006d4c00000, 0x00000006d4e00000| Untracked 
|1531|0x00000006d4e00000, 0x00000006d4fffff0, 0x00000006d5000000| 99%| O|  |TAMS 0x00000006d4e00000, 0x00000006d4fffff0| Untracked 
|1532|0x00000006d5000000, 0x00000006d5200000, 0x00000006d5200000|100%| O|  |TAMS 0x00000006d5000000, 0x00000006d5200000| Untracked 
|1533|0x00000006d5200000, 0x00000006d53ffff8, 0x00000006d5400000| 99%| O|  |TAMS 0x00000006d5200000, 0x00000006d53ffff8| Untracked 
|1534|0x00000006d5400000, 0x00000006d55ffff8, 0x00000006d5600000| 99%| O|  |TAMS 0x00000006d5400000, 0x00000006d55ffff8| Untracked 
|1535|0x00000006d5600000, 0x00000006d57ffff8, 0x00000006d5800000| 99%| O|  |TAMS 0x00000006d5600000, 0x00000006d57ffff8| Untracked 
|1536|0x00000006d5800000, 0x00000006d59ffff0, 0x00000006d5a00000| 99%| O|  |TAMS 0x00000006d5800000, 0x00000006d59ffff0| Untracked 
|1537|0x00000006d5a00000, 0x00000006d5bffff8, 0x00000006d5c00000| 99%| O|  |TAMS 0x00000006d5a00000, 0x00000006d5bffff8| Untracked 
|1538|0x00000006d5c00000, 0x00000006d5dffff0, 0x00000006d5e00000| 99%| O|  |TAMS 0x00000006d5c00000, 0x00000006d5dffff0| Untracked 
|1539|0x00000006d5e00000, 0x00000006d5fffff0, 0x00000006d6000000| 99%| O|  |TAMS 0x00000006d5e00000, 0x00000006d5fffff0| Untracked 
|1540|0x00000006d6000000, 0x00000006d6200000, 0x00000006d6200000|100%| O|  |TAMS 0x00000006d6000000, 0x00000006d6200000| Untracked 
|1541|0x00000006d6200000, 0x00000006d63ffff8, 0x00000006d6400000| 99%| O|  |TAMS 0x00000006d6200000, 0x00000006d63ffff8| Untracked 
|1542|0x00000006d6400000, 0x00000006d6600000, 0x00000006d6600000|100%| O|  |TAMS 0x00000006d6400000, 0x00000006d6600000| Untracked 
|1543|0x00000006d6600000, 0x00000006d67ffff8, 0x00000006d6800000| 99%| O|  |TAMS 0x00000006d6600000, 0x00000006d67ffff8| Untracked 
|1544|0x00000006d6800000, 0x00000006d6a00000, 0x00000006d6a00000|100%| O|  |TAMS 0x00000006d6800000, 0x00000006d6a00000| Untracked 
|1545|0x00000006d6a00000, 0x00000006d6bffff8, 0x00000006d6c00000| 99%| O|  |TAMS 0x00000006d6a00000, 0x00000006d6bffff8| Untracked 
|1546|0x00000006d6c00000, 0x00000006d6dffff0, 0x00000006d6e00000| 99%| O|  |TAMS 0x00000006d6c00000, 0x00000006d6dffff0| Untracked 
|1547|0x00000006d6e00000, 0x00000006d6fffff8, 0x00000006d7000000| 99%| O|  |TAMS 0x00000006d6e00000, 0x00000006d6fffff8| Untracked 
|1548|0x00000006d7000000, 0x00000006d7200000, 0x00000006d7200000|100%| O|  |TAMS 0x00000006d7000000, 0x00000006d7200000| Untracked 
|1549|0x00000006d7200000, 0x00000006d73ffff8, 0x00000006d7400000| 99%| O|  |TAMS 0x00000006d7200000, 0x00000006d73ffff8| Untracked 
|1550|0x00000006d7400000, 0x00000006d75ffff8, 0x00000006d7600000| 99%| O|  |TAMS 0x00000006d7400000, 0x00000006d75ffff8| Untracked 
|1551|0x00000006d7600000, 0x00000006d7800000, 0x00000006d7800000|100%| O|  |TAMS 0x00000006d7600000, 0x00000006d7800000| Untracked 
|1552|0x00000006d7800000, 0x00000006d79ffff0, 0x00000006d7a00000| 99%| O|  |TAMS 0x00000006d7800000, 0x00000006d79ffff0| Untracked 
|1553|0x00000006d7a00000, 0x00000006d7bffff0, 0x00000006d7c00000| 99%| O|  |TAMS 0x00000006d7a00000, 0x00000006d7bffff0| Untracked 
|1554|0x00000006d7c00000, 0x00000006d7dffff8, 0x00000006d7e00000| 99%| O|  |TAMS 0x00000006d7c00000, 0x00000006d7dffff8| Untracked 
|1555|0x00000006d7e00000, 0x00000006d8000000, 0x00000006d8000000|100%| O|  |TAMS 0x00000006d7e00000, 0x00000006d8000000| Untracked 
|1556|0x00000006d8000000, 0x00000006d8200000, 0x00000006d8200000|100%| O|  |TAMS 0x00000006d8000000, 0x00000006d8200000| Untracked 
|1557|0x00000006d8200000, 0x00000006d8400000, 0x00000006d8400000|100%| O|  |TAMS 0x00000006d8200000, 0x00000006d8400000| Untracked 
|1558|0x00000006d8400000, 0x00000006d8600000, 0x00000006d8600000|100%| O|  |TAMS 0x00000006d8400000, 0x00000006d8600000| Untracked 
|1559|0x00000006d8600000, 0x00000006d87ffff8, 0x00000006d8800000| 99%| O|  |TAMS 0x00000006d8600000, 0x00000006d87ffff8| Untracked 
|1560|0x00000006d8800000, 0x00000006d89ffff8, 0x00000006d8a00000| 99%| O|  |TAMS 0x00000006d8800000, 0x00000006d89ffff8| Untracked 
|1561|0x00000006d8a00000, 0x00000006d8c00000, 0x00000006d8c00000|100%| O|  |TAMS 0x00000006d8a00000, 0x00000006d8c00000| Untracked 
|1562|0x00000006d8c00000, 0x00000006d8dffff0, 0x00000006d8e00000| 99%| O|  |TAMS 0x00000006d8c00000, 0x00000006d8dffff0| Untracked 
|1563|0x00000006d8e00000, 0x00000006d8fffff8, 0x00000006d9000000| 99%| O|  |TAMS 0x00000006d8e00000, 0x00000006d8fffff8| Untracked 
|1564|0x00000006d9000000, 0x00000006d91ffff8, 0x00000006d9200000| 99%| O|  |TAMS 0x00000006d9000000, 0x00000006d91ffff8| Untracked 
|1565|0x00000006d9200000, 0x00000006d93ffff0, 0x00000006d9400000| 99%| O|  |TAMS 0x00000006d9200000, 0x00000006d93ffff0| Untracked 
|1566|0x00000006d9400000, 0x00000006d95ffff0, 0x00000006d9600000| 99%| O|  |TAMS 0x00000006d9400000, 0x00000006d95ffff0| Untracked 
|1567|0x00000006d9600000, 0x00000006d97ffff0, 0x00000006d9800000| 99%| O|  |TAMS 0x00000006d9600000, 0x00000006d97ffff0| Untracked 
|1568|0x00000006d9800000, 0x00000006d99fffe8, 0x00000006d9a00000| 99%| O|  |TAMS 0x00000006d9800000, 0x00000006d99fffe8| Untracked 
|1569|0x00000006d9a00000, 0x00000006d9bffff0, 0x00000006d9c00000| 99%| O|  |TAMS 0x00000006d9a00000, 0x00000006d9bffff0| Untracked 
|1570|0x00000006d9c00000, 0x00000006d9dffff0, 0x00000006d9e00000| 99%| O|  |TAMS 0x00000006d9c00000, 0x00000006d9dffff0| Untracked 
|1571|0x00000006d9e00000, 0x00000006da000000, 0x00000006da000000|100%| O|  |TAMS 0x00000006d9e00000, 0x00000006da000000| Untracked 
|1572|0x00000006da000000, 0x00000006da200000, 0x00000006da200000|100%| O|  |TAMS 0x00000006da000000, 0x00000006da200000| Untracked 
|1573|0x00000006da200000, 0x00000006da3ffff0, 0x00000006da400000| 99%| O|  |TAMS 0x00000006da200000, 0x00000006da3ffff0| Untracked 
|1574|0x00000006da400000, 0x00000006da5ffff8, 0x00000006da600000| 99%| O|  |TAMS 0x00000006da400000, 0x00000006da5ffff8| Untracked 
|1575|0x00000006da600000, 0x00000006da7ffff0, 0x00000006da800000| 99%| O|  |TAMS 0x00000006da600000, 0x00000006da7ffff0| Untracked 
|1576|0x00000006da800000, 0x00000006daa00000, 0x00000006daa00000|100%| O|  |TAMS 0x00000006da800000, 0x00000006daa00000| Untracked 
|1577|0x00000006daa00000, 0x00000006dac00000, 0x00000006dac00000|100%| O|  |TAMS 0x00000006daa00000, 0x00000006dac00000| Untracked 
|1578|0x00000006dac00000, 0x00000006dadffff8, 0x00000006dae00000| 99%| O|  |TAMS 0x00000006dac00000, 0x00000006dadffff8| Untracked 
|1579|0x00000006dae00000, 0x00000006dafffff0, 0x00000006db000000| 99%| O|  |TAMS 0x00000006dae00000, 0x00000006dafffff0| Untracked 
|1580|0x00000006db000000, 0x00000006db200000, 0x00000006db200000|100%| O|  |TAMS 0x00000006db000000, 0x00000006db200000| Untracked 
|1581|0x00000006db200000, 0x00000006db3ffff8, 0x00000006db400000| 99%| O|  |TAMS 0x00000006db200000, 0x00000006db3ffff8| Untracked 
|1582|0x00000006db400000, 0x00000006db600000, 0x00000006db600000|100%| O|  |TAMS 0x00000006db400000, 0x00000006db600000| Untracked 
|1583|0x00000006db600000, 0x00000006db800000, 0x00000006db800000|100%| O|  |TAMS 0x00000006db600000, 0x00000006db800000| Untracked 
|1584|0x00000006db800000, 0x00000006dba00000, 0x00000006dba00000|100%| O|  |TAMS 0x00000006db800000, 0x00000006dba00000| Untracked 
|1585|0x00000006dba00000, 0x00000006dbc00000, 0x00000006dbc00000|100%| O|  |TAMS 0x00000006dba00000, 0x00000006dbc00000| Untracked 
|1586|0x00000006dbc00000, 0x00000006dbe00000, 0x00000006dbe00000|100%| O|  |TAMS 0x00000006dbc00000, 0x00000006dbe00000| Untracked 
|1587|0x00000006dbe00000, 0x00000006dbfffff8, 0x00000006dc000000| 99%| O|  |TAMS 0x00000006dbe00000, 0x00000006dbfffff8| Untracked 
|1588|0x00000006dc000000, 0x00000006dc200000, 0x00000006dc200000|100%| O|  |TAMS 0x00000006dc000000, 0x00000006dc200000| Untracked 
|1589|0x00000006dc200000, 0x00000006dc400000, 0x00000006dc400000|100%| O|  |TAMS 0x00000006dc200000, 0x00000006dc400000| Untracked 
|1590|0x00000006dc400000, 0x00000006dc5ffff8, 0x00000006dc600000| 99%| O|  |TAMS 0x00000006dc400000, 0x00000006dc5ffff8| Untracked 
|1591|0x00000006dc600000, 0x00000006dc7ffff8, 0x00000006dc800000| 99%| O|  |TAMS 0x00000006dc600000, 0x00000006dc7ffff8| Untracked 
|1592|0x00000006dc800000, 0x00000006dc9ffff0, 0x00000006dca00000| 99%| O|  |TAMS 0x00000006dc800000, 0x00000006dc9ffff0| Untracked 
|1593|0x00000006dca00000, 0x00000006dcc00000, 0x00000006dcc00000|100%| O|  |TAMS 0x00000006dca00000, 0x00000006dcc00000| Untracked 
|1594|0x00000006dcc00000, 0x00000006dcdffff8, 0x00000006dce00000| 99%| O|  |TAMS 0x00000006dcc00000, 0x00000006dcdffff8| Untracked 
|1595|0x00000006dce00000, 0x00000006dcfffff8, 0x00000006dd000000| 99%| O|  |TAMS 0x00000006dce00000, 0x00000006dcfffff8| Untracked 
|1596|0x00000006dd000000, 0x00000006dd200000, 0x00000006dd200000|100%| O|  |TAMS 0x00000006dd000000, 0x00000006dd200000| Untracked 
|1597|0x00000006dd200000, 0x00000006dd400000, 0x00000006dd400000|100%| O|  |TAMS 0x00000006dd200000, 0x00000006dd400000| Untracked 
|1598|0x00000006dd400000, 0x00000006dd5ffff8, 0x00000006dd600000| 99%| O|  |TAMS 0x00000006dd400000, 0x00000006dd5ffff8| Untracked 
|1599|0x00000006dd600000, 0x00000006dd800000, 0x00000006dd800000|100%| O|  |TAMS 0x00000006dd600000, 0x00000006dd800000| Untracked 
|1600|0x00000006dd800000, 0x00000006dd9ffff8, 0x00000006dda00000| 99%| O|  |TAMS 0x00000006dd800000, 0x00000006dd9ffff8| Untracked 
|1601|0x00000006dda00000, 0x00000006ddbffff8, 0x00000006ddc00000| 99%| O|  |TAMS 0x00000006dda00000, 0x00000006ddbffff8| Untracked 
|1602|0x00000006ddc00000, 0x00000006dddffff0, 0x00000006dde00000| 99%| O|  |TAMS 0x00000006ddc00000, 0x00000006dddffff0| Untracked 
|1603|0x00000006dde00000, 0x00000006ddfffff0, 0x00000006de000000| 99%| O|  |TAMS 0x00000006dde00000, 0x00000006ddfffff0| Untracked 
|1604|0x00000006de000000, 0x00000006de200000, 0x00000006de200000|100%| O|  |TAMS 0x00000006de000000, 0x00000006de200000| Untracked 
|1605|0x00000006de200000, 0x00000006de3ffff8, 0x00000006de400000| 99%| O|  |TAMS 0x00000006de200000, 0x00000006de3ffff8| Untracked 
|1606|0x00000006de400000, 0x00000006de5ffff0, 0x00000006de600000| 99%| O|  |TAMS 0x00000006de400000, 0x00000006de5ffff0| Untracked 
|1607|0x00000006de600000, 0x00000006de7ffff8, 0x00000006de800000| 99%| O|  |TAMS 0x00000006de600000, 0x00000006de7ffff8| Untracked 
|1608|0x00000006de800000, 0x00000006de9ffff0, 0x00000006dea00000| 99%| O|  |TAMS 0x00000006de800000, 0x00000006de9ffff0| Untracked 
|1609|0x00000006dea00000, 0x00000006dec00000, 0x00000006dec00000|100%| O|  |TAMS 0x00000006dea00000, 0x00000006dec00000| Untracked 
|1610|0x00000006dec00000, 0x00000006dedffff8, 0x00000006dee00000| 99%| O|  |TAMS 0x00000006dec00000, 0x00000006dedffff8| Untracked 
|1611|0x00000006dee00000, 0x00000006df000000, 0x00000006df000000|100%| O|  |TAMS 0x00000006dee00000, 0x00000006df000000| Untracked 
|1612|0x00000006df000000, 0x00000006df200000, 0x00000006df200000|100%| O|  |TAMS 0x00000006df000000, 0x00000006df200000| Untracked 
|1613|0x00000006df200000, 0x00000006df3ffff8, 0x00000006df400000| 99%| O|  |TAMS 0x00000006df200000, 0x00000006df3ffff8| Untracked 
|1614|0x00000006df400000, 0x00000006df600000, 0x00000006df600000|100%| O|  |TAMS 0x00000006df400000, 0x00000006df600000| Untracked 
|1615|0x00000006df600000, 0x00000006df7ffff0, 0x00000006df800000| 99%| O|  |TAMS 0x00000006df600000, 0x00000006df7ffff0| Untracked 
|1616|0x00000006df800000, 0x00000006df9ffff8, 0x00000006dfa00000| 99%| O|  |TAMS 0x00000006df800000, 0x00000006df9ffff8| Untracked 
|1617|0x00000006dfa00000, 0x00000006dfc00000, 0x00000006dfc00000|100%| O|  |TAMS 0x00000006dfa00000, 0x00000006dfc00000| Untracked 
|1618|0x00000006dfc00000, 0x00000006dfdffff0, 0x00000006dfe00000| 99%| O|  |TAMS 0x00000006dfc00000, 0x00000006dfdffff0| Untracked 
|1619|0x00000006dfe00000, 0x00000006dffffff8, 0x00000006e0000000| 99%| O|  |TAMS 0x00000006dfe00000, 0x00000006dffffff8| Untracked 
|1620|0x00000006e0000000, 0x00000006e0200000, 0x00000006e0200000|100%| O|  |TAMS 0x00000006e0000000, 0x00000006e0200000| Untracked 
|1621|0x00000006e0200000, 0x00000006e0400000, 0x00000006e0400000|100%| O|  |TAMS 0x00000006e0200000, 0x00000006e0400000| Untracked 
|1622|0x00000006e0400000, 0x00000006e0600000, 0x00000006e0600000|100%| O|  |TAMS 0x00000006e0400000, 0x00000006e0600000| Untracked 
|1623|0x00000006e0600000, 0x00000006e0800000, 0x00000006e0800000|100%| O|  |TAMS 0x00000006e0600000, 0x00000006e0800000| Untracked 
|1624|0x00000006e0800000, 0x00000006e09ffff8, 0x00000006e0a00000| 99%| O|  |TAMS 0x00000006e0800000, 0x00000006e09ffff8| Untracked 
|1625|0x00000006e0a00000, 0x00000006e0bffff0, 0x00000006e0c00000| 99%| O|  |TAMS 0x00000006e0a00000, 0x00000006e0bffff0| Untracked 
|1626|0x00000006e0c00000, 0x00000006e0dffff8, 0x00000006e0e00000| 99%| O|  |TAMS 0x00000006e0c00000, 0x00000006e0dffff8| Untracked 
|1627|0x00000006e0e00000, 0x00000006e0fffff8, 0x00000006e1000000| 99%| O|  |TAMS 0x00000006e0e00000, 0x00000006e0fffff8| Untracked 
|1628|0x00000006e1000000, 0x00000006e11ffff8, 0x00000006e1200000| 99%| O|  |TAMS 0x00000006e1000000, 0x00000006e11ffff8| Untracked 
|1629|0x00000006e1200000, 0x00000006e1400000, 0x00000006e1400000|100%| O|  |TAMS 0x00000006e1200000, 0x00000006e1400000| Untracked 
|1630|0x00000006e1400000, 0x00000006e15ffff0, 0x00000006e1600000| 99%| O|  |TAMS 0x00000006e1400000, 0x00000006e15ffff0| Untracked 
|1631|0x00000006e1600000, 0x00000006e17ffff8, 0x00000006e1800000| 99%| O|  |TAMS 0x00000006e1600000, 0x00000006e17ffff8| Untracked 
|1632|0x00000006e1800000, 0x00000006e1a00000, 0x00000006e1a00000|100%| O|  |TAMS 0x00000006e1800000, 0x00000006e1a00000| Untracked 
|1633|0x00000006e1a00000, 0x00000006e1bffff8, 0x00000006e1c00000| 99%| O|  |TAMS 0x00000006e1a00000, 0x00000006e1bffff8| Untracked 
|1634|0x00000006e1c00000, 0x00000006e1e00000, 0x00000006e1e00000|100%| O|  |TAMS 0x00000006e1c00000, 0x00000006e1e00000| Untracked 
|1635|0x00000006e1e00000, 0x00000006e1fffff8, 0x00000006e2000000| 99%| O|  |TAMS 0x00000006e1e00000, 0x00000006e1fffff8| Untracked 
|1636|0x00000006e2000000, 0x00000006e21fffe8, 0x00000006e2200000| 99%| O|  |TAMS 0x00000006e2000000, 0x00000006e21fffe8| Untracked 
|1637|0x00000006e2200000, 0x00000006e23ffff8, 0x00000006e2400000| 99%| O|  |TAMS 0x00000006e2200000, 0x00000006e23ffff8| Untracked 
|1638|0x00000006e2400000, 0x00000006e25ffff0, 0x00000006e2600000| 99%| O|  |TAMS 0x00000006e2400000, 0x00000006e25ffff0| Untracked 
|1639|0x00000006e2600000, 0x00000006e27ffff0, 0x00000006e2800000| 99%| O|  |TAMS 0x00000006e2600000, 0x00000006e27ffff0| Untracked 
|1640|0x00000006e2800000, 0x00000006e29ffff8, 0x00000006e2a00000| 99%| O|  |TAMS 0x00000006e2800000, 0x00000006e29ffff8| Untracked 
|1641|0x00000006e2a00000, 0x00000006e2bffff8, 0x00000006e2c00000| 99%| O|  |TAMS 0x00000006e2a00000, 0x00000006e2bffff8| Untracked 
|1642|0x00000006e2c00000, 0x00000006e2dffff8, 0x00000006e2e00000| 99%| O|  |TAMS 0x00000006e2c00000, 0x00000006e2dffff8| Untracked 
|1643|0x00000006e2e00000, 0x00000006e2fffff8, 0x00000006e3000000| 99%| O|  |TAMS 0x00000006e2e00000, 0x00000006e2fffff8| Untracked 
|1644|0x00000006e3000000, 0x00000006e31ffff8, 0x00000006e3200000| 99%| O|  |TAMS 0x00000006e3000000, 0x00000006e31ffff8| Untracked 
|1645|0x00000006e3200000, 0x00000006e33ffff8, 0x00000006e3400000| 99%| O|  |TAMS 0x00000006e3200000, 0x00000006e33ffff8| Untracked 
|1646|0x00000006e3400000, 0x00000006e35ffff8, 0x00000006e3600000| 99%| O|  |TAMS 0x00000006e3400000, 0x00000006e35ffff8| Untracked 
|1647|0x00000006e3600000, 0x00000006e37ffff0, 0x00000006e3800000| 99%| O|  |TAMS 0x00000006e3600000, 0x00000006e37ffff0| Untracked 
|1648|0x00000006e3800000, 0x00000006e3a00000, 0x00000006e3a00000|100%| O|  |TAMS 0x00000006e3800000, 0x00000006e3a00000| Untracked 
|1649|0x00000006e3a00000, 0x00000006e3c00000, 0x00000006e3c00000|100%| O|  |TAMS 0x00000006e3a00000, 0x00000006e3c00000| Untracked 
|1650|0x00000006e3c00000, 0x00000006e3dffff8, 0x00000006e3e00000| 99%| O|  |TAMS 0x00000006e3c00000, 0x00000006e3dffff8| Untracked 
|1651|0x00000006e3e00000, 0x00000006e3fffff8, 0x00000006e4000000| 99%| O|  |TAMS 0x00000006e3e00000, 0x00000006e3fffff8| Untracked 
|1652|0x00000006e4000000, 0x00000006e41ffff8, 0x00000006e4200000| 99%| O|  |TAMS 0x00000006e4000000, 0x00000006e41ffff8| Untracked 
|1653|0x00000006e4200000, 0x00000006e4400000, 0x00000006e4400000|100%| O|  |TAMS 0x00000006e4200000, 0x00000006e4400000| Untracked 
|1654|0x00000006e4400000, 0x00000006e45ffff8, 0x00000006e4600000| 99%| O|  |TAMS 0x00000006e4400000, 0x00000006e45ffff8| Untracked 
|1655|0x00000006e4600000, 0x00000006e47ffff8, 0x00000006e4800000| 99%| O|  |TAMS 0x00000006e4600000, 0x00000006e47ffff8| Untracked 
|1656|0x00000006e4800000, 0x00000006e49ffff0, 0x00000006e4a00000| 99%| O|  |TAMS 0x00000006e4800000, 0x00000006e49ffff0| Untracked 
|1657|0x00000006e4a00000, 0x00000006e4bffff8, 0x00000006e4c00000| 99%| O|  |TAMS 0x00000006e4a00000, 0x00000006e4bffff8| Untracked 
|1658|0x00000006e4c00000, 0x00000006e4dffff0, 0x00000006e4e00000| 99%| O|  |TAMS 0x00000006e4c00000, 0x00000006e4dffff0| Untracked 
|1659|0x00000006e4e00000, 0x00000006e4fffff0, 0x00000006e5000000| 99%| O|  |TAMS 0x00000006e4e00000, 0x00000006e4fffff0| Untracked 
|1660|0x00000006e5000000, 0x00000006e5200000, 0x00000006e5200000|100%| O|  |TAMS 0x00000006e5000000, 0x00000006e5200000| Untracked 
|1661|0x00000006e5200000, 0x00000006e53ffff8, 0x00000006e5400000| 99%| O|  |TAMS 0x00000006e5200000, 0x00000006e53ffff8| Untracked 
|1662|0x00000006e5400000, 0x00000006e55ffff8, 0x00000006e5600000| 99%| O|  |TAMS 0x00000006e5400000, 0x00000006e55ffff8| Untracked 
|1663|0x00000006e5600000, 0x00000006e5800000, 0x00000006e5800000|100%| O|  |TAMS 0x00000006e5600000, 0x00000006e5800000| Untracked 
|1664|0x00000006e5800000, 0x00000006e59ffff8, 0x00000006e5a00000| 99%| O|  |TAMS 0x00000006e5800000, 0x00000006e59ffff8| Untracked 
|1665|0x00000006e5a00000, 0x00000006e5c00000, 0x00000006e5c00000|100%| O|  |TAMS 0x00000006e5a00000, 0x00000006e5c00000| Untracked 
|1666|0x00000006e5c00000, 0x00000006e5dffff0, 0x00000006e5e00000| 99%| O|  |TAMS 0x00000006e5c00000, 0x00000006e5dffff0| Untracked 
|1667|0x00000006e5e00000, 0x00000006e6000000, 0x00000006e6000000|100%| O|  |TAMS 0x00000006e5e00000, 0x00000006e6000000| Untracked 
|1668|0x00000006e6000000, 0x00000006e61ffff8, 0x00000006e6200000| 99%| O|  |TAMS 0x00000006e6000000, 0x00000006e61ffff8| Untracked 
|1669|0x00000006e6200000, 0x00000006e63ffff0, 0x00000006e6400000| 99%| O|  |TAMS 0x00000006e6200000, 0x00000006e63ffff0| Untracked 
|1670|0x00000006e6400000, 0x00000006e65ffff8, 0x00000006e6600000| 99%| O|  |TAMS 0x00000006e6400000, 0x00000006e65ffff8| Untracked 
|1671|0x00000006e6600000, 0x00000006e6800000, 0x00000006e6800000|100%| O|  |TAMS 0x00000006e6600000, 0x00000006e6800000| Untracked 
|1672|0x00000006e6800000, 0x00000006e6a00000, 0x00000006e6a00000|100%| O|  |TAMS 0x00000006e6800000, 0x00000006e6a00000| Untracked 
|1673|0x00000006e6a00000, 0x00000006e6bffff8, 0x00000006e6c00000| 99%| O|  |TAMS 0x00000006e6a00000, 0x00000006e6bffff8| Untracked 
|1674|0x00000006e6c00000, 0x00000006e6dffff8, 0x00000006e6e00000| 99%| O|  |TAMS 0x00000006e6c00000, 0x00000006e6dffff8| Untracked 
|1675|0x00000006e6e00000, 0x00000006e7000000, 0x00000006e7000000|100%| O|  |TAMS 0x00000006e6e00000, 0x00000006e7000000| Untracked 
|1676|0x00000006e7000000, 0x00000006e7200000, 0x00000006e7200000|100%| O|  |TAMS 0x00000006e7000000, 0x00000006e7200000| Untracked 
|1677|0x00000006e7200000, 0x00000006e7400000, 0x00000006e7400000|100%| O|  |TAMS 0x00000006e7200000, 0x00000006e7400000| Untracked 
|1678|0x00000006e7400000, 0x00000006e75ffff8, 0x00000006e7600000| 99%| O|  |TAMS 0x00000006e7400000, 0x00000006e75ffff8| Untracked 
|1679|0x00000006e7600000, 0x00000006e77ffff8, 0x00000006e7800000| 99%| O|  |TAMS 0x00000006e7600000, 0x00000006e77ffff8| Untracked 
|1680|0x00000006e7800000, 0x00000006e79ffff8, 0x00000006e7a00000| 99%| O|  |TAMS 0x00000006e7800000, 0x00000006e79ffff8| Untracked 
|1681|0x00000006e7a00000, 0x00000006e7c00000, 0x00000006e7c00000|100%| O|  |TAMS 0x00000006e7a00000, 0x00000006e7c00000| Untracked 
|1682|0x00000006e7c00000, 0x00000006e7dffff8, 0x00000006e7e00000| 99%| O|  |TAMS 0x00000006e7c00000, 0x00000006e7dffff8| Untracked 
|1683|0x00000006e7e00000, 0x00000006e8000000, 0x00000006e8000000|100%| O|  |TAMS 0x00000006e7e00000, 0x00000006e8000000| Untracked 
|1684|0x00000006e8000000, 0x00000006e81ffff8, 0x00000006e8200000| 99%| O|  |TAMS 0x00000006e8000000, 0x00000006e81ffff8| Untracked 
|1685|0x00000006e8200000, 0x00000006e83ffff8, 0x00000006e8400000| 99%| O|  |TAMS 0x00000006e8200000, 0x00000006e83ffff8| Untracked 
|1686|0x00000006e8400000, 0x00000006e85ffff8, 0x00000006e8600000| 99%| O|  |TAMS 0x00000006e8400000, 0x00000006e85ffff8| Untracked 
|1687|0x00000006e8600000, 0x00000006e87ffff8, 0x00000006e8800000| 99%| O|  |TAMS 0x00000006e8600000, 0x00000006e87ffff8| Untracked 
|1688|0x00000006e8800000, 0x00000006e89ffff0, 0x00000006e8a00000| 99%| O|  |TAMS 0x00000006e8800000, 0x00000006e89ffff0| Untracked 
|1689|0x00000006e8a00000, 0x00000006e8c00000, 0x00000006e8c00000|100%| O|  |TAMS 0x00000006e8a00000, 0x00000006e8c00000| Untracked 
|1690|0x00000006e8c00000, 0x00000006e8dffff8, 0x00000006e8e00000| 99%| O|  |TAMS 0x00000006e8c00000, 0x00000006e8dffff8| Untracked 
|1691|0x00000006e8e00000, 0x00000006e8fffff8, 0x00000006e9000000| 99%| O|  |TAMS 0x00000006e8e00000, 0x00000006e8fffff8| Untracked 
|1692|0x00000006e9000000, 0x00000006e9200000, 0x00000006e9200000|100%| O|  |TAMS 0x00000006e9000000, 0x00000006e9200000| Untracked 
|1693|0x00000006e9200000, 0x00000006e93ffff0, 0x00000006e9400000| 99%| O|  |TAMS 0x00000006e9200000, 0x00000006e93ffff0| Untracked 
|1694|0x00000006e9400000, 0x00000006e95ffff8, 0x00000006e9600000| 99%| O|  |TAMS 0x00000006e9400000, 0x00000006e95ffff8| Untracked 
|1695|0x00000006e9600000, 0x00000006e97ffff8, 0x00000006e9800000| 99%| O|  |TAMS 0x00000006e9600000, 0x00000006e97ffff8| Untracked 
|1696|0x00000006e9800000, 0x00000006e99ffff0, 0x00000006e9a00000| 99%| O|  |TAMS 0x00000006e9800000, 0x00000006e99ffff0| Untracked 
|1697|0x00000006e9a00000, 0x00000006e9c00000, 0x00000006e9c00000|100%| O|  |TAMS 0x00000006e9a00000, 0x00000006e9c00000| Untracked 
|1698|0x00000006e9c00000, 0x00000006e9dffff8, 0x00000006e9e00000| 99%| O|  |TAMS 0x00000006e9c00000, 0x00000006e9dffff8| Untracked 
|1699|0x00000006e9e00000, 0x00000006e9fffff8, 0x00000006ea000000| 99%| O|  |TAMS 0x00000006e9e00000, 0x00000006e9fffff8| Untracked 
|1700|0x00000006ea000000, 0x00000006ea200000, 0x00000006ea200000|100%| O|  |TAMS 0x00000006ea000000, 0x00000006ea200000| Untracked 
|1701|0x00000006ea200000, 0x00000006ea3ffff8, 0x00000006ea400000| 99%| O|  |TAMS 0x00000006ea200000, 0x00000006ea3ffff8| Untracked 
|1702|0x00000006ea400000, 0x00000006ea5ffff8, 0x00000006ea600000| 99%| O|  |TAMS 0x00000006ea400000, 0x00000006ea5ffff8| Untracked 
|1703|0x00000006ea600000, 0x00000006ea7ffff8, 0x00000006ea800000| 99%| O|  |TAMS 0x00000006ea600000, 0x00000006ea7ffff8| Untracked 
|1704|0x00000006ea800000, 0x00000006ea9ffff8, 0x00000006eaa00000| 99%| O|  |TAMS 0x00000006ea800000, 0x00000006ea9ffff8| Untracked 
|1705|0x00000006eaa00000, 0x00000006eac00000, 0x00000006eac00000|100%| O|  |TAMS 0x00000006eaa00000, 0x00000006eac00000| Untracked 
|1706|0x00000006eac00000, 0x00000006eadffff0, 0x00000006eae00000| 99%| O|  |TAMS 0x00000006eac00000, 0x00000006eadffff0| Untracked 
|1707|0x00000006eae00000, 0x00000006eafffff8, 0x00000006eb000000| 99%| O|  |TAMS 0x00000006eae00000, 0x00000006eafffff8| Untracked 
|1708|0x00000006eb000000, 0x00000006eb1ffff0, 0x00000006eb200000| 99%| O|  |TAMS 0x00000006eb000000, 0x00000006eb1ffff0| Untracked 
|1709|0x00000006eb200000, 0x00000006eb3ffff0, 0x00000006eb400000| 99%| O|  |TAMS 0x00000006eb200000, 0x00000006eb3ffff0| Untracked 
|1710|0x00000006eb400000, 0x00000006eb5ffff0, 0x00000006eb600000| 99%| O|  |TAMS 0x00000006eb400000, 0x00000006eb5ffff0| Untracked 
|1711|0x00000006eb600000, 0x00000006eb800000, 0x00000006eb800000|100%| O|  |TAMS 0x00000006eb600000, 0x00000006eb800000| Untracked 
|1712|0x00000006eb800000, 0x00000006eb9ffff0, 0x00000006eba00000| 99%| O|  |TAMS 0x00000006eb800000, 0x00000006eb9ffff0| Untracked 
|1713|0x00000006eba00000, 0x00000006ebbffff8, 0x00000006ebc00000| 99%| O|  |TAMS 0x00000006eba00000, 0x00000006ebbffff8| Untracked 
|1714|0x00000006ebc00000, 0x00000006ebe00000, 0x00000006ebe00000|100%| O|  |TAMS 0x00000006ebc00000, 0x00000006ebe00000| Untracked 
|1715|0x00000006ebe00000, 0x00000006ec000000, 0x00000006ec000000|100%| O|  |TAMS 0x00000006ebe00000, 0x00000006ec000000| Untracked 
|1716|0x00000006ec000000, 0x00000006ec200000, 0x00000006ec200000|100%| O|  |TAMS 0x00000006ec000000, 0x00000006ec200000| Untracked 
|1717|0x00000006ec200000, 0x00000006ec400000, 0x00000006ec400000|100%| O|  |TAMS 0x00000006ec200000, 0x00000006ec400000| Untracked 
|1718|0x00000006ec400000, 0x00000006ec600000, 0x00000006ec600000|100%| O|  |TAMS 0x00000006ec400000, 0x00000006ec600000| Untracked 
|1719|0x00000006ec600000, 0x00000006ec7fffe8, 0x00000006ec800000| 99%| O|  |TAMS 0x00000006ec600000, 0x00000006ec7fffe8| Untracked 
|1720|0x00000006ec800000, 0x00000006ec9ffff8, 0x00000006eca00000| 99%| O|  |TAMS 0x00000006ec800000, 0x00000006ec9ffff8| Untracked 
|1721|0x00000006eca00000, 0x00000006ecbffff0, 0x00000006ecc00000| 99%| O|  |TAMS 0x00000006eca00000, 0x00000006ecbffff0| Untracked 
|1722|0x00000006ecc00000, 0x00000006ecdffff8, 0x00000006ece00000| 99%| O|  |TAMS 0x00000006ecc00000, 0x00000006ecdffff8| Untracked 
|1723|0x00000006ece00000, 0x00000006ecfffff8, 0x00000006ed000000| 99%| O|  |TAMS 0x00000006ece00000, 0x00000006ecfffff8| Untracked 
|1724|0x00000006ed000000, 0x00000006ed200000, 0x00000006ed200000|100%| O|  |TAMS 0x00000006ed000000, 0x00000006ed200000| Untracked 
|1725|0x00000006ed200000, 0x00000006ed3ffff0, 0x00000006ed400000| 99%| O|  |TAMS 0x00000006ed200000, 0x00000006ed3ffff0| Untracked 
|1726|0x00000006ed400000, 0x00000006ed600000, 0x00000006ed600000|100%| O|  |TAMS 0x00000006ed400000, 0x00000006ed600000| Untracked 
|1727|0x00000006ed600000, 0x00000006ed7ffff0, 0x00000006ed800000| 99%| O|  |TAMS 0x00000006ed600000, 0x00000006ed7ffff0| Untracked 
|1728|0x00000006ed800000, 0x00000006eda00000, 0x00000006eda00000|100%| O|  |TAMS 0x00000006ed800000, 0x00000006eda00000| Untracked 
|1729|0x00000006eda00000, 0x00000006edc00000, 0x00000006edc00000|100%| O|  |TAMS 0x00000006eda00000, 0x00000006edc00000| Untracked 
|1730|0x00000006edc00000, 0x00000006eddffff8, 0x00000006ede00000| 99%| O|  |TAMS 0x00000006edc00000, 0x00000006eddffff8| Untracked 
|1731|0x00000006ede00000, 0x00000006edfffff8, 0x00000006ee000000| 99%| O|  |TAMS 0x00000006ede00000, 0x00000006edfffff8| Untracked 
|1732|0x00000006ee000000, 0x00000006ee1ffff0, 0x00000006ee200000| 99%| O|  |TAMS 0x00000006ee000000, 0x00000006ee1ffff0| Untracked 
|1733|0x00000006ee200000, 0x00000006ee400000, 0x00000006ee400000|100%| O|  |TAMS 0x00000006ee200000, 0x00000006ee400000| Untracked 
|1734|0x00000006ee400000, 0x00000006ee600000, 0x00000006ee600000|100%| O|  |TAMS 0x00000006ee400000, 0x00000006ee600000| Untracked 
|1735|0x00000006ee600000, 0x00000006ee7ffff8, 0x00000006ee800000| 99%| O|  |TAMS 0x00000006ee600000, 0x00000006ee7ffff8| Untracked 
|1736|0x00000006ee800000, 0x00000006eea00000, 0x00000006eea00000|100%| O|  |TAMS 0x00000006ee800000, 0x00000006eea00000| Untracked 
|1737|0x00000006eea00000, 0x00000006eec00000, 0x00000006eec00000|100%| O|  |TAMS 0x00000006eea00000, 0x00000006eec00000| Untracked 
|1738|0x00000006eec00000, 0x00000006eedffff0, 0x00000006eee00000| 99%| O|  |TAMS 0x00000006eec00000, 0x00000006eedffff0| Untracked 
|1739|0x00000006eee00000, 0x00000006eefffff8, 0x00000006ef000000| 99%| O|  |TAMS 0x00000006eee00000, 0x00000006eefffff8| Untracked 
|1740|0x00000006ef000000, 0x00000006ef200000, 0x00000006ef200000|100%| O|  |TAMS 0x00000006ef000000, 0x00000006ef200000| Untracked 
|1741|0x00000006ef200000, 0x00000006ef3ffff8, 0x00000006ef400000| 99%| O|  |TAMS 0x00000006ef200000, 0x00000006ef3ffff8| Untracked 
|1742|0x00000006ef400000, 0x00000006ef5ffff8, 0x00000006ef600000| 99%| O|  |TAMS 0x00000006ef400000, 0x00000006ef5ffff8| Untracked 
|1743|0x00000006ef600000, 0x00000006ef800000, 0x00000006ef800000|100%| O|  |TAMS 0x00000006ef600000, 0x00000006ef800000| Untracked 
|1744|0x00000006ef800000, 0x00000006ef9ffff0, 0x00000006efa00000| 99%| O|  |TAMS 0x00000006ef800000, 0x00000006ef9ffff0| Untracked 
|1745|0x00000006efa00000, 0x00000006efc00000, 0x00000006efc00000|100%| O|  |TAMS 0x00000006efa00000, 0x00000006efc00000| Untracked 
|1746|0x00000006efc00000, 0x00000006efdffff8, 0x00000006efe00000| 99%| O|  |TAMS 0x00000006efc00000, 0x00000006efdffff8| Untracked 
|1747|0x00000006efe00000, 0x00000006effffff8, 0x00000006f0000000| 99%| O|  |TAMS 0x00000006efe00000, 0x00000006effffff8| Untracked 
|1748|0x00000006f0000000, 0x00000006f01ffff8, 0x00000006f0200000| 99%| O|  |TAMS 0x00000006f0000000, 0x00000006f01ffff8| Untracked 
|1749|0x00000006f0200000, 0x00000006f0400000, 0x00000006f0400000|100%| O|  |TAMS 0x00000006f0200000, 0x00000006f0400000| Untracked 
|1750|0x00000006f0400000, 0x00000006f05ffff0, 0x00000006f0600000| 99%| O|  |TAMS 0x00000006f0400000, 0x00000006f05ffff0| Untracked 
|1751|0x00000006f0600000, 0x00000006f07ffff8, 0x00000006f0800000| 99%| O|  |TAMS 0x00000006f0600000, 0x00000006f07ffff8| Untracked 
|1752|0x00000006f0800000, 0x00000006f09ffff8, 0x00000006f0a00000| 99%| O|  |TAMS 0x00000006f0800000, 0x00000006f09ffff8| Untracked 
|1753|0x00000006f0a00000, 0x00000006f0bffff8, 0x00000006f0c00000| 99%| O|  |TAMS 0x00000006f0a00000, 0x00000006f0bffff8| Untracked 
|1754|0x00000006f0c00000, 0x00000006f0dffff8, 0x00000006f0e00000| 99%| O|  |TAMS 0x00000006f0c00000, 0x00000006f0dffff8| Untracked 
|1755|0x00000006f0e00000, 0x00000006f1000000, 0x00000006f1000000|100%| O|  |TAMS 0x00000006f0e00000, 0x00000006f1000000| Untracked 
|1756|0x00000006f1000000, 0x00000006f11ffff8, 0x00000006f1200000| 99%| O|  |TAMS 0x00000006f1000000, 0x00000006f11ffff8| Untracked 
|1757|0x00000006f1200000, 0x00000006f1400000, 0x00000006f1400000|100%| O|  |TAMS 0x00000006f1200000, 0x00000006f1400000| Untracked 
|1758|0x00000006f1400000, 0x00000006f1600000, 0x00000006f1600000|100%| O|  |TAMS 0x00000006f1400000, 0x00000006f1600000| Untracked 
|1759|0x00000006f1600000, 0x00000006f17ffff8, 0x00000006f1800000| 99%| O|  |TAMS 0x00000006f1600000, 0x00000006f17ffff8| Untracked 
|1760|0x00000006f1800000, 0x00000006f1a00000, 0x00000006f1a00000|100%| O|  |TAMS 0x00000006f1800000, 0x00000006f1a00000| Untracked 
|1761|0x00000006f1a00000, 0x00000006f1bffff8, 0x00000006f1c00000| 99%| O|  |TAMS 0x00000006f1a00000, 0x00000006f1bffff8| Untracked 
|1762|0x00000006f1c00000, 0x00000006f1e00000, 0x00000006f1e00000|100%| O|  |TAMS 0x00000006f1c00000, 0x00000006f1e00000| Untracked 
|1763|0x00000006f1e00000, 0x00000006f2000000, 0x00000006f2000000|100%| O|  |TAMS 0x00000006f1e00000, 0x00000006f2000000| Untracked 
|1764|0x00000006f2000000, 0x00000006f2200000, 0x00000006f2200000|100%| O|  |TAMS 0x00000006f2000000, 0x00000006f2200000| Untracked 
|1765|0x00000006f2200000, 0x00000006f23ffff8, 0x00000006f2400000| 99%| O|  |TAMS 0x00000006f2200000, 0x00000006f23ffff8| Untracked 
|1766|0x00000006f2400000, 0x00000006f2600000, 0x00000006f2600000|100%| O|  |TAMS 0x00000006f2400000, 0x00000006f2600000| Untracked 
|1767|0x00000006f2600000, 0x00000006f27ffff8, 0x00000006f2800000| 99%| O|  |TAMS 0x00000006f2600000, 0x00000006f27ffff8| Untracked 
|1768|0x00000006f2800000, 0x00000006f29ffff0, 0x00000006f2a00000| 99%| O|  |TAMS 0x00000006f2800000, 0x00000006f29ffff0| Untracked 
|1769|0x00000006f2a00000, 0x00000006f2c00000, 0x00000006f2c00000|100%| O|  |TAMS 0x00000006f2a00000, 0x00000006f2c00000| Untracked 
|1770|0x00000006f2c00000, 0x00000006f2dffff0, 0x00000006f2e00000| 99%| O|  |TAMS 0x00000006f2c00000, 0x00000006f2dffff0| Untracked 
|1771|0x00000006f2e00000, 0x00000006f2fffff8, 0x00000006f3000000| 99%| O|  |TAMS 0x00000006f2e00000, 0x00000006f2fffff8| Untracked 
|1772|0x00000006f3000000, 0x00000006f31ffff8, 0x00000006f3200000| 99%| O|  |TAMS 0x00000006f3000000, 0x00000006f31ffff8| Untracked 
|1773|0x00000006f3200000, 0x00000006f3400000, 0x00000006f3400000|100%| O|  |TAMS 0x00000006f3200000, 0x00000006f3400000| Untracked 
|1774|0x00000006f3400000, 0x00000006f35ffff0, 0x00000006f3600000| 99%| O|  |TAMS 0x00000006f3400000, 0x00000006f35ffff0| Untracked 
|1775|0x00000006f3600000, 0x00000006f37ffff8, 0x00000006f3800000| 99%| O|  |TAMS 0x00000006f3600000, 0x00000006f37ffff8| Untracked 
|1776|0x00000006f3800000, 0x00000006f39ffff8, 0x00000006f3a00000| 99%| O|  |TAMS 0x00000006f3800000, 0x00000006f39ffff8| Untracked 
|1777|0x00000006f3a00000, 0x00000006f3c00000, 0x00000006f3c00000|100%| O|  |TAMS 0x00000006f3a00000, 0x00000006f3c00000| Untracked 
|1778|0x00000006f3c00000, 0x00000006f3dffff0, 0x00000006f3e00000| 99%| O|  |TAMS 0x00000006f3c00000, 0x00000006f3dffff0| Untracked 
|1779|0x00000006f3e00000, 0x00000006f4000000, 0x00000006f4000000|100%| O|  |TAMS 0x00000006f3e00000, 0x00000006f4000000| Untracked 
|1780|0x00000006f4000000, 0x00000006f41ffff8, 0x00000006f4200000| 99%| O|  |TAMS 0x00000006f4000000, 0x00000006f41ffff8| Untracked 
|1781|0x00000006f4200000, 0x00000006f43ffff0, 0x00000006f4400000| 99%| O|  |TAMS 0x00000006f4200000, 0x00000006f43ffff0| Untracked 
|1782|0x00000006f4400000, 0x00000006f4600000, 0x00000006f4600000|100%| O|  |TAMS 0x00000006f4400000, 0x00000006f4600000| Untracked 
|1783|0x00000006f4600000, 0x00000006f47ffff8, 0x00000006f4800000| 99%| O|  |TAMS 0x00000006f4600000, 0x00000006f47ffff8| Untracked 
|1784|0x00000006f4800000, 0x00000006f49ffff8, 0x00000006f4a00000| 99%| O|  |TAMS 0x00000006f4800000, 0x00000006f49ffff8| Untracked 
|1785|0x00000006f4a00000, 0x00000006f4c00000, 0x00000006f4c00000|100%| O|  |TAMS 0x00000006f4a00000, 0x00000006f4c00000| Untracked 
|1786|0x00000006f4c00000, 0x00000006f4dffff8, 0x00000006f4e00000| 99%| O|  |TAMS 0x00000006f4c00000, 0x00000006f4dffff8| Untracked 
|1787|0x00000006f4e00000, 0x00000006f4fffff8, 0x00000006f5000000| 99%| O|  |TAMS 0x00000006f4e00000, 0x00000006f4fffff8| Untracked 
|1788|0x00000006f5000000, 0x00000006f51ffff8, 0x00000006f5200000| 99%| O|  |TAMS 0x00000006f5000000, 0x00000006f51ffff8| Untracked 
|1789|0x00000006f5200000, 0x00000006f5400000, 0x00000006f5400000|100%| O|  |TAMS 0x00000006f5200000, 0x00000006f5400000| Untracked 
|1790|0x00000006f5400000, 0x00000006f5600000, 0x00000006f5600000|100%| O|  |TAMS 0x00000006f5400000, 0x00000006f5600000| Untracked 
|1791|0x00000006f5600000, 0x00000006f57ffff8, 0x00000006f5800000| 99%| O|  |TAMS 0x00000006f5600000, 0x00000006f57ffff8| Untracked 
|1792|0x00000006f5800000, 0x00000006f59ffff0, 0x00000006f5a00000| 99%| O|  |TAMS 0x00000006f5800000, 0x00000006f59ffff0| Untracked 
|1793|0x00000006f5a00000, 0x00000006f5c00000, 0x00000006f5c00000|100%| O|  |TAMS 0x00000006f5a00000, 0x00000006f5c00000| Untracked 
|1794|0x00000006f5c00000, 0x00000006f5dffff0, 0x00000006f5e00000| 99%| O|  |TAMS 0x00000006f5c00000, 0x00000006f5dffff0| Untracked 
|1795|0x00000006f5e00000, 0x00000006f6000000, 0x00000006f6000000|100%| O|  |TAMS 0x00000006f5e00000, 0x00000006f6000000| Untracked 
|1796|0x00000006f6000000, 0x00000006f61ffff8, 0x00000006f6200000| 99%| O|  |TAMS 0x00000006f6000000, 0x00000006f61ffff8| Untracked 
|1797|0x00000006f6200000, 0x00000006f63ffff0, 0x00000006f6400000| 99%| O|  |TAMS 0x00000006f6200000, 0x00000006f63ffff0| Untracked 
|1798|0x00000006f6400000, 0x00000006f65ffff8, 0x00000006f6600000| 99%| O|  |TAMS 0x00000006f6400000, 0x00000006f65ffff8| Untracked 
|1799|0x00000006f6600000, 0x00000006f6800000, 0x00000006f6800000|100%| O|  |TAMS 0x00000006f6600000, 0x00000006f6800000| Untracked 
|1800|0x00000006f6800000, 0x00000006f6a00000, 0x00000006f6a00000|100%| O|  |TAMS 0x00000006f6800000, 0x00000006f6a00000| Untracked 
|1801|0x00000006f6a00000, 0x00000006f6bffff8, 0x00000006f6c00000| 99%| O|  |TAMS 0x00000006f6a00000, 0x00000006f6bffff8| Untracked 
|1802|0x00000006f6c00000, 0x00000006f6dffff8, 0x00000006f6e00000| 99%| O|  |TAMS 0x00000006f6c00000, 0x00000006f6dffff8| Untracked 
|1803|0x00000006f6e00000, 0x00000006f6fffff8, 0x00000006f7000000| 99%| O|  |TAMS 0x00000006f6e00000, 0x00000006f6fffff8| Untracked 
|1804|0x00000006f7000000, 0x00000006f7200000, 0x00000006f7200000|100%| O|  |TAMS 0x00000006f7000000, 0x00000006f7200000| Untracked 
|1805|0x00000006f7200000, 0x00000006f73ffff8, 0x00000006f7400000| 99%| O|  |TAMS 0x00000006f7200000, 0x00000006f73ffff8| Untracked 
|1806|0x00000006f7400000, 0x00000006f7600000, 0x00000006f7600000|100%| O|  |TAMS 0x00000006f7400000, 0x00000006f7600000| Untracked 
|1807|0x00000006f7600000, 0x00000006f77ffff0, 0x00000006f7800000| 99%| O|  |TAMS 0x00000006f7600000, 0x00000006f77ffff0| Untracked 
|1808|0x00000006f7800000, 0x00000006f79ffff0, 0x00000006f7a00000| 99%| O|  |TAMS 0x00000006f7800000, 0x00000006f79ffff0| Untracked 
|1809|0x00000006f7a00000, 0x00000006f7bffff8, 0x00000006f7c00000| 99%| O|  |TAMS 0x00000006f7a00000, 0x00000006f7bffff8| Untracked 
|1810|0x00000006f7c00000, 0x00000006f7dffff0, 0x00000006f7e00000| 99%| O|  |TAMS 0x00000006f7c00000, 0x00000006f7dffff0| Untracked 
|1811|0x00000006f7e00000, 0x00000006f8000000, 0x00000006f8000000|100%| O|  |TAMS 0x00000006f7e00000, 0x00000006f8000000| Untracked 
|1812|0x00000006f8000000, 0x00000006f81ffff8, 0x00000006f8200000| 99%| O|  |TAMS 0x00000006f8000000, 0x00000006f81ffff8| Untracked 
|1813|0x00000006f8200000, 0x00000006f8400000, 0x00000006f8400000|100%| O|  |TAMS 0x00000006f8200000, 0x00000006f8400000| Untracked 
|1814|0x00000006f8400000, 0x00000006f85ffff8, 0x00000006f8600000| 99%| O|  |TAMS 0x00000006f8400000, 0x00000006f85ffff8| Untracked 
|1815|0x00000006f8600000, 0x00000006f8800000, 0x00000006f8800000|100%| O|  |TAMS 0x00000006f8600000, 0x00000006f8800000| Untracked 
|1816|0x00000006f8800000, 0x00000006f89ffff8, 0x00000006f8a00000| 99%| O|  |TAMS 0x00000006f8800000, 0x00000006f89ffff8| Untracked 
|1817|0x00000006f8a00000, 0x00000006f8c00000, 0x00000006f8c00000|100%| O|  |TAMS 0x00000006f8a00000, 0x00000006f8c00000| Untracked 
|1818|0x00000006f8c00000, 0x00000006f8dffff8, 0x00000006f8e00000| 99%| O|  |TAMS 0x00000006f8c00000, 0x00000006f8dffff8| Untracked 
|1819|0x00000006f8e00000, 0x00000006f8fffff0, 0x00000006f9000000| 99%| O|  |TAMS 0x00000006f8e00000, 0x00000006f8fffff0| Untracked 
|1820|0x00000006f9000000, 0x00000006f91ffff8, 0x00000006f9200000| 99%| O|  |TAMS 0x00000006f9000000, 0x00000006f91ffff8| Untracked 
|1821|0x00000006f9200000, 0x00000006f93ffff0, 0x00000006f9400000| 99%| O|  |TAMS 0x00000006f9200000, 0x00000006f93ffff0| Untracked 
|1822|0x00000006f9400000, 0x00000006f95ffff8, 0x00000006f9600000| 99%| O|  |TAMS 0x00000006f9400000, 0x00000006f95ffff8| Untracked 
|1823|0x00000006f9600000, 0x00000006f97ffff0, 0x00000006f9800000| 99%| O|  |TAMS 0x00000006f9600000, 0x00000006f97ffff0| Untracked 
|1824|0x00000006f9800000, 0x00000006f9a00000, 0x00000006f9a00000|100%| O|  |TAMS 0x00000006f9800000, 0x00000006f9a00000| Untracked 
|1825|0x00000006f9a00000, 0x00000006f9bffff8, 0x00000006f9c00000| 99%| O|  |TAMS 0x00000006f9a00000, 0x00000006f9bffff8| Untracked 
|1826|0x00000006f9c00000, 0x00000006f9e00000, 0x00000006f9e00000|100%| O|  |TAMS 0x00000006f9c00000, 0x00000006f9e00000| Untracked 
|1827|0x00000006f9e00000, 0x00000006fa000000, 0x00000006fa000000|100%| O|  |TAMS 0x00000006f9e00000, 0x00000006fa000000| Untracked 
|1828|0x00000006fa000000, 0x00000006fa200000, 0x00000006fa200000|100%| O|  |TAMS 0x00000006fa000000, 0x00000006fa200000| Untracked 
|1829|0x00000006fa200000, 0x00000006fa3ffff8, 0x00000006fa400000| 99%| O|  |TAMS 0x00000006fa200000, 0x00000006fa3ffff8| Untracked 
|1830|0x00000006fa400000, 0x00000006fa600000, 0x00000006fa600000|100%| O|  |TAMS 0x00000006fa400000, 0x00000006fa600000| Untracked 
|1831|0x00000006fa600000, 0x00000006fa7ffff8, 0x00000006fa800000| 99%| O|  |TAMS 0x00000006fa600000, 0x00000006fa7ffff8| Untracked 
|1832|0x00000006fa800000, 0x00000006fa9ffff8, 0x00000006faa00000| 99%| O|  |TAMS 0x00000006fa800000, 0x00000006fa9ffff8| Untracked 
|1833|0x00000006faa00000, 0x00000006fabffff8, 0x00000006fac00000| 99%| O|  |TAMS 0x00000006faa00000, 0x00000006fabffff8| Untracked 
|1834|0x00000006fac00000, 0x00000006fadffff0, 0x00000006fae00000| 99%| O|  |TAMS 0x00000006fac00000, 0x00000006fadffff0| Untracked 
|1835|0x00000006fae00000, 0x00000006fafffff8, 0x00000006fb000000| 99%| O|  |TAMS 0x00000006fae00000, 0x00000006fafffff8| Untracked 
|1836|0x00000006fb000000, 0x00000006fb1ffff0, 0x00000006fb200000| 99%| O|  |TAMS 0x00000006fb000000, 0x00000006fb1ffff0| Untracked 
|1837|0x00000006fb200000, 0x00000006fb3fffe8, 0x00000006fb400000| 99%| O|  |TAMS 0x00000006fb200000, 0x00000006fb3fffe8| Untracked 
|1838|0x00000006fb400000, 0x00000006fb600000, 0x00000006fb600000|100%| O|  |TAMS 0x00000006fb400000, 0x00000006fb600000| Untracked 
|1839|0x00000006fb600000, 0x00000006fb7ffff8, 0x00000006fb800000| 99%| O|  |TAMS 0x00000006fb600000, 0x00000006fb7ffff8| Untracked 
|1840|0x00000006fb800000, 0x00000006fb9ffff8, 0x00000006fba00000| 99%| O|  |TAMS 0x00000006fb800000, 0x00000006fb9ffff8| Untracked 
|1841|0x00000006fba00000, 0x00000006fbc00000, 0x00000006fbc00000|100%| O|  |TAMS 0x00000006fba00000, 0x00000006fbc00000| Untracked 
|1842|0x00000006fbc00000, 0x00000006fbdffff0, 0x00000006fbe00000| 99%| O|  |TAMS 0x00000006fbc00000, 0x00000006fbdffff0| Untracked 
|1843|0x00000006fbe00000, 0x00000006fbfffff0, 0x00000006fc000000| 99%| O|  |TAMS 0x00000006fbe00000, 0x00000006fbfffff0| Untracked 
|1844|0x00000006fc000000, 0x00000006fc200000, 0x00000006fc200000|100%| O|  |TAMS 0x00000006fc000000, 0x00000006fc200000| Untracked 
|1845|0x00000006fc200000, 0x00000006fc400000, 0x00000006fc400000|100%| O|  |TAMS 0x00000006fc200000, 0x00000006fc400000| Untracked 
|1846|0x00000006fc400000, 0x00000006fc5ffff8, 0x00000006fc600000| 99%| O|  |TAMS 0x00000006fc400000, 0x00000006fc5ffff8| Untracked 
|1847|0x00000006fc600000, 0x00000006fc7ffff8, 0x00000006fc800000| 99%| O|  |TAMS 0x00000006fc600000, 0x00000006fc7ffff8| Untracked 
|1848|0x00000006fc800000, 0x00000006fca00000, 0x00000006fca00000|100%| O|  |TAMS 0x00000006fc800000, 0x00000006fca00000| Untracked 
|1849|0x00000006fca00000, 0x00000006fcbffff8, 0x00000006fcc00000| 99%| O|  |TAMS 0x00000006fca00000, 0x00000006fcbffff8| Untracked 
|1850|0x00000006fcc00000, 0x00000006fce00000, 0x00000006fce00000|100%| O|  |TAMS 0x00000006fcc00000, 0x00000006fce00000| Untracked 
|1851|0x00000006fce00000, 0x00000006fd000000, 0x00000006fd000000|100%| O|  |TAMS 0x00000006fce00000, 0x00000006fd000000| Untracked 
|1852|0x00000006fd000000, 0x00000006fd200000, 0x00000006fd200000|100%| O|  |TAMS 0x00000006fd000000, 0x00000006fd200000| Untracked 
|1853|0x00000006fd200000, 0x00000006fd3ffff0, 0x00000006fd400000| 99%| O|  |TAMS 0x00000006fd200000, 0x00000006fd3ffff0| Untracked 
|1854|0x00000006fd400000, 0x00000006fd5ffff8, 0x00000006fd600000| 99%| O|  |TAMS 0x00000006fd400000, 0x00000006fd5ffff8| Untracked 
|1855|0x00000006fd600000, 0x00000006fd7ffff0, 0x00000006fd800000| 99%| O|  |TAMS 0x00000006fd600000, 0x00000006fd7ffff0| Untracked 
|1856|0x00000006fd800000, 0x00000006fda00000, 0x00000006fda00000|100%| O|  |TAMS 0x00000006fd800000, 0x00000006fda00000| Untracked 
|1857|0x00000006fda00000, 0x00000006fdbffff8, 0x00000006fdc00000| 99%| O|  |TAMS 0x00000006fda00000, 0x00000006fdbffff8| Untracked 
|1858|0x00000006fdc00000, 0x00000006fde00000, 0x00000006fde00000|100%| O|  |TAMS 0x00000006fdc00000, 0x00000006fde00000| Untracked 
|1859|0x00000006fde00000, 0x00000006fdfffff8, 0x00000006fe000000| 99%| O|  |TAMS 0x00000006fde00000, 0x00000006fdfffff8| Untracked 
|1860|0x00000006fe000000, 0x00000006fe200000, 0x00000006fe200000|100%| O|  |TAMS 0x00000006fe000000, 0x00000006fe200000| Untracked 
|1861|0x00000006fe200000, 0x00000006fe3fffe8, 0x00000006fe400000| 99%| O|  |TAMS 0x00000006fe200000, 0x00000006fe3fffe8| Untracked 
|1862|0x00000006fe400000, 0x00000006fe5ffff8, 0x00000006fe600000| 99%| O|  |TAMS 0x00000006fe400000, 0x00000006fe5ffff8| Untracked 
|1863|0x00000006fe600000, 0x00000006fe800000, 0x00000006fe800000|100%| O|  |TAMS 0x00000006fe600000, 0x00000006fe800000| Untracked 
|1864|0x00000006fe800000, 0x00000006fe9ffff8, 0x00000006fea00000| 99%| O|  |TAMS 0x00000006fe800000, 0x00000006fe9ffff8| Untracked 
|1865|0x00000006fea00000, 0x00000006febffff0, 0x00000006fec00000| 99%| O|  |TAMS 0x00000006fea00000, 0x00000006febffff0| Untracked 
|1866|0x00000006fec00000, 0x00000006fee00000, 0x00000006fee00000|100%| O|  |TAMS 0x00000006fec00000, 0x00000006fee00000| Untracked 
|1867|0x00000006fee00000, 0x00000006fefffff0, 0x00000006ff000000| 99%| O|  |TAMS 0x00000006fee00000, 0x00000006fefffff0| Untracked 
|1868|0x00000006ff000000, 0x00000006ff200000, 0x00000006ff200000|100%| O|  |TAMS 0x00000006ff000000, 0x00000006ff200000| Untracked 
|1869|0x00000006ff200000, 0x00000006ff3ffff8, 0x00000006ff400000| 99%| O|  |TAMS 0x00000006ff200000, 0x00000006ff3ffff8| Untracked 
|1870|0x00000006ff400000, 0x00000006ff600000, 0x00000006ff600000|100%| O|  |TAMS 0x00000006ff400000, 0x00000006ff600000| Untracked 
|1871|0x00000006ff600000, 0x00000006ff7ffff8, 0x00000006ff800000| 99%| O|  |TAMS 0x00000006ff600000, 0x00000006ff7ffff8| Untracked 
|1872|0x00000006ff800000, 0x00000006ff9ffff8, 0x00000006ffa00000| 99%| O|  |TAMS 0x00000006ff800000, 0x00000006ff9ffff8| Untracked 
|1873|0x00000006ffa00000, 0x00000006ffbffff8, 0x00000006ffc00000| 99%| O|  |TAMS 0x00000006ffa00000, 0x00000006ffbffff8| Untracked 
|1874|0x00000006ffc00000, 0x00000006ffdffff8, 0x00000006ffe00000| 99%| O|  |TAMS 0x00000006ffc00000, 0x00000006ffdffff8| Untracked 
|1875|0x00000006ffe00000, 0x00000006fffffff0, 0x0000000700000000| 99%| O|  |TAMS 0x00000006ffe00000, 0x00000006fffffff0| Untracked 
|1876|0x0000000700000000, 0x0000000700200000, 0x0000000700200000|100%| O|  |TAMS 0x0000000700000000, 0x0000000700200000| Untracked 
|1877|0x0000000700200000, 0x0000000700400000, 0x0000000700400000|100%| O|  |TAMS 0x0000000700200000, 0x0000000700400000| Untracked 
|1878|0x0000000700400000, 0x0000000700600000, 0x0000000700600000|100%| O|  |TAMS 0x0000000700400000, 0x0000000700600000| Untracked 
|1879|0x0000000700600000, 0x0000000700800000, 0x0000000700800000|100%| O|  |TAMS 0x0000000700600000, 0x0000000700800000| Untracked 
|1880|0x0000000700800000, 0x00000007009ffff8, 0x0000000700a00000| 99%| O|  |TAMS 0x0000000700800000, 0x00000007009ffff8| Untracked 
|1881|0x0000000700a00000, 0x0000000700bffff0, 0x0000000700c00000| 99%| O|  |TAMS 0x0000000700a00000, 0x0000000700bffff0| Untracked 
|1882|0x0000000700c00000, 0x0000000700e00000, 0x0000000700e00000|100%| O|  |TAMS 0x0000000700c00000, 0x0000000700e00000| Untracked 
|1883|0x0000000700e00000, 0x0000000700fffff8, 0x0000000701000000| 99%| O|  |TAMS 0x0000000700e00000, 0x0000000700fffff8| Untracked 
|1884|0x0000000701000000, 0x00000007011ffff8, 0x0000000701200000| 99%| O|  |TAMS 0x0000000701000000, 0x00000007011ffff8| Untracked 
|1885|0x0000000701200000, 0x0000000701400000, 0x0000000701400000|100%| O|  |TAMS 0x0000000701200000, 0x0000000701400000| Untracked 
|1886|0x0000000701400000, 0x00000007015ffff8, 0x0000000701600000| 99%| O|  |TAMS 0x0000000701400000, 0x00000007015ffff8| Untracked 
|1887|0x0000000701600000, 0x0000000701800000, 0x0000000701800000|100%| O|  |TAMS 0x0000000701600000, 0x0000000701800000| Untracked 
|1888|0x0000000701800000, 0x00000007019ffff8, 0x0000000701a00000| 99%| O|  |TAMS 0x0000000701800000, 0x00000007019ffff8| Untracked 
|1889|0x0000000701a00000, 0x0000000701bffff8, 0x0000000701c00000| 99%| O|  |TAMS 0x0000000701a00000, 0x0000000701bffff8| Untracked 
|1890|0x0000000701c00000, 0x0000000701dffff8, 0x0000000701e00000| 99%| O|  |TAMS 0x0000000701c00000, 0x0000000701dffff8| Untracked 
|1891|0x0000000701e00000, 0x0000000701fffff0, 0x0000000702000000| 99%| O|  |TAMS 0x0000000701e00000, 0x0000000701fffff0| Untracked 
|1892|0x0000000702000000, 0x00000007021ffff0, 0x0000000702200000| 99%| O|  |TAMS 0x0000000702000000, 0x00000007021ffff0| Untracked 
|1893|0x0000000702200000, 0x00000007023ffff8, 0x0000000702400000| 99%| O|  |TAMS 0x0000000702200000, 0x00000007023ffff8| Untracked 
|1894|0x0000000702400000, 0x00000007025ffff0, 0x0000000702600000| 99%| O|  |TAMS 0x0000000702400000, 0x00000007025ffff0| Untracked 
|1895|0x0000000702600000, 0x00000007027ffff0, 0x0000000702800000| 99%| O|  |TAMS 0x0000000702600000, 0x00000007027ffff0| Untracked 
|1896|0x0000000702800000, 0x0000000702a00000, 0x0000000702a00000|100%| O|  |TAMS 0x0000000702800000, 0x0000000702a00000| Untracked 
|1897|0x0000000702a00000, 0x0000000702bffff8, 0x0000000702c00000| 99%| O|  |TAMS 0x0000000702a00000, 0x0000000702bffff8| Untracked 
|1898|0x0000000702c00000, 0x0000000702e00000, 0x0000000702e00000|100%| O|  |TAMS 0x0000000702c00000, 0x0000000702e00000| Untracked 
|1899|0x0000000702e00000, 0x0000000702fffff8, 0x0000000703000000| 99%| O|  |TAMS 0x0000000702e00000, 0x0000000702fffff8| Untracked 
|1900|0x0000000703000000, 0x00000007031ffff8, 0x0000000703200000| 99%| O|  |TAMS 0x0000000703000000, 0x00000007031ffff8| Untracked 
|1901|0x0000000703200000, 0x00000007033ffff8, 0x0000000703400000| 99%| O|  |TAMS 0x0000000703200000, 0x00000007033ffff8| Untracked 
|1902|0x0000000703400000, 0x00000007035ffff0, 0x0000000703600000| 99%| O|  |TAMS 0x0000000703400000, 0x00000007035ffff0| Untracked 
|1903|0x0000000703600000, 0x00000007037ffff0, 0x0000000703800000| 99%| O|  |TAMS 0x0000000703600000, 0x00000007037ffff0| Untracked 
|1904|0x0000000703800000, 0x00000007039ffff0, 0x0000000703a00000| 99%| O|  |TAMS 0x0000000703800000, 0x00000007039ffff0| Untracked 
|1905|0x0000000703a00000, 0x0000000703c00000, 0x0000000703c00000|100%| O|  |TAMS 0x0000000703a00000, 0x0000000703c00000| Untracked 
|1906|0x0000000703c00000, 0x0000000703dffff8, 0x0000000703e00000| 99%| O|  |TAMS 0x0000000703c00000, 0x0000000703dffff8| Untracked 
|1907|0x0000000703e00000, 0x0000000704000000, 0x0000000704000000|100%| O|  |TAMS 0x0000000703e00000, 0x0000000704000000| Untracked 
|1908|0x0000000704000000, 0x0000000704200000, 0x0000000704200000|100%| O|  |TAMS 0x0000000704000000, 0x0000000704200000| Untracked 
|1909|0x0000000704200000, 0x00000007043ffff8, 0x0000000704400000| 99%| O|  |TAMS 0x0000000704200000, 0x00000007043ffff8| Untracked 
|1910|0x0000000704400000, 0x00000007045ffff8, 0x0000000704600000| 99%| O|  |TAMS 0x0000000704400000, 0x00000007045ffff8| Untracked 
|1911|0x0000000704600000, 0x00000007047ffff8, 0x0000000704800000| 99%| O|  |TAMS 0x0000000704600000, 0x00000007047ffff8| Untracked 
|1912|0x0000000704800000, 0x00000007049ffff8, 0x0000000704a00000| 99%| O|  |TAMS 0x0000000704800000, 0x00000007049ffff8| Untracked 
|1913|0x0000000704a00000, 0x0000000704c00000, 0x0000000704c00000|100%| O|  |TAMS 0x0000000704a00000, 0x0000000704c00000| Untracked 
|1914|0x0000000704c00000, 0x0000000704dffff8, 0x0000000704e00000| 99%| O|  |TAMS 0x0000000704c00000, 0x0000000704dffff8| Untracked 
|1915|0x0000000704e00000, 0x0000000704fffff0, 0x0000000705000000| 99%| O|  |TAMS 0x0000000704e00000, 0x0000000704fffff0| Untracked 
|1916|0x0000000705000000, 0x0000000705200000, 0x0000000705200000|100%| O|  |TAMS 0x0000000705000000, 0x0000000705200000| Untracked 
|1917|0x0000000705200000, 0x0000000705400000, 0x0000000705400000|100%| O|  |TAMS 0x0000000705200000, 0x0000000705400000| Untracked 
|1918|0x0000000705400000, 0x00000007055ffff0, 0x0000000705600000| 99%| O|  |TAMS 0x0000000705400000, 0x00000007055ffff0| Untracked 
|1919|0x0000000705600000, 0x00000007057ffff0, 0x0000000705800000| 99%| O|  |TAMS 0x0000000705600000, 0x00000007057ffff0| Untracked 
|1920|0x0000000705800000, 0x00000007059ffff8, 0x0000000705a00000| 99%| O|  |TAMS 0x0000000705800000, 0x00000007059ffff8| Untracked 
|1921|0x0000000705a00000, 0x0000000705bffff0, 0x0000000705c00000| 99%| O|  |TAMS 0x0000000705a00000, 0x0000000705bffff0| Untracked 
|1922|0x0000000705c00000, 0x0000000705e00000, 0x0000000705e00000|100%| O|  |TAMS 0x0000000705c00000, 0x0000000705e00000| Untracked 
|1923|0x0000000705e00000, 0x0000000706000000, 0x0000000706000000|100%| O|  |TAMS 0x0000000705e00000, 0x0000000706000000| Untracked 
|1924|0x0000000706000000, 0x0000000706200000, 0x0000000706200000|100%| O|  |TAMS 0x0000000706000000, 0x0000000706200000| Untracked 
|1925|0x0000000706200000, 0x00000007063ffff8, 0x0000000706400000| 99%| O|  |TAMS 0x0000000706200000, 0x00000007063ffff8| Untracked 
|1926|0x0000000706400000, 0x00000007065ffff8, 0x0000000706600000| 99%| O|  |TAMS 0x0000000706400000, 0x00000007065ffff8| Untracked 
|1927|0x0000000706600000, 0x00000007067ffff0, 0x0000000706800000| 99%| O|  |TAMS 0x0000000706600000, 0x00000007067ffff0| Untracked 
|1928|0x0000000706800000, 0x00000007069ffff8, 0x0000000706a00000| 99%| O|  |TAMS 0x0000000706800000, 0x00000007069ffff8| Untracked 
|1929|0x0000000706a00000, 0x0000000706bffff8, 0x0000000706c00000| 99%| O|  |TAMS 0x0000000706a00000, 0x0000000706bffff8| Untracked 
|1930|0x0000000706c00000, 0x0000000706dffff8, 0x0000000706e00000| 99%| O|  |TAMS 0x0000000706c00000, 0x0000000706dffff8| Untracked 
|1931|0x0000000706e00000, 0x0000000707000000, 0x0000000707000000|100%| O|  |TAMS 0x0000000706e00000, 0x0000000707000000| Untracked 
|1932|0x0000000707000000, 0x0000000707200000, 0x0000000707200000|100%| O|  |TAMS 0x0000000707000000, 0x0000000707200000| Untracked 
|1933|0x0000000707200000, 0x0000000707400000, 0x0000000707400000|100%| O|  |TAMS 0x0000000707200000, 0x0000000707400000| Untracked 
|1934|0x0000000707400000, 0x0000000707600000, 0x0000000707600000|100%| O|  |TAMS 0x0000000707400000, 0x0000000707600000| Untracked 
|1935|0x0000000707600000, 0x0000000707800000, 0x0000000707800000|100%| O|  |TAMS 0x0000000707600000, 0x0000000707800000| Untracked 
|1936|0x0000000707800000, 0x0000000707a00000, 0x0000000707a00000|100%| O|  |TAMS 0x0000000707800000, 0x0000000707a00000| Untracked 
|1937|0x0000000707a00000, 0x0000000707bffff8, 0x0000000707c00000| 99%| O|  |TAMS 0x0000000707a00000, 0x0000000707bffff8| Untracked 
|1938|0x0000000707c00000, 0x0000000707e00000, 0x0000000707e00000|100%| O|  |TAMS 0x0000000707c00000, 0x0000000707e00000| Untracked 
|1939|0x0000000707e00000, 0x0000000707fffff8, 0x0000000708000000| 99%| O|  |TAMS 0x0000000707e00000, 0x0000000707fffff8| Untracked 
|1940|0x0000000708000000, 0x00000007081ffff8, 0x0000000708200000| 99%| O|  |TAMS 0x0000000708000000, 0x00000007081ffff8| Untracked 
|1941|0x0000000708200000, 0x0000000708400000, 0x0000000708400000|100%| O|  |TAMS 0x0000000708200000, 0x0000000708400000| Untracked 
|1942|0x0000000708400000, 0x0000000708600000, 0x0000000708600000|100%| O|  |TAMS 0x0000000708400000, 0x0000000708600000| Untracked 
|1943|0x0000000708600000, 0x00000007087ffff8, 0x0000000708800000| 99%| O|  |TAMS 0x0000000708600000, 0x00000007087ffff8| Untracked 
|1944|0x0000000708800000, 0x00000007089ffff8, 0x0000000708a00000| 99%| O|  |TAMS 0x0000000708800000, 0x00000007089ffff8| Untracked 
|1945|0x0000000708a00000, 0x0000000708bffff8, 0x0000000708c00000| 99%| O|  |TAMS 0x0000000708a00000, 0x0000000708bffff8| Untracked 
|1946|0x0000000708c00000, 0x0000000708e00000, 0x0000000708e00000|100%| O|  |TAMS 0x0000000708c00000, 0x0000000708e00000| Untracked 
|1947|0x0000000708e00000, 0x0000000708fffff0, 0x0000000709000000| 99%| O|  |TAMS 0x0000000708e00000, 0x0000000708fffff0| Untracked 
|1948|0x0000000709000000, 0x0000000709200000, 0x0000000709200000|100%| O|  |TAMS 0x0000000709000000, 0x0000000709200000| Untracked 
|1949|0x0000000709200000, 0x00000007093ffff0, 0x0000000709400000| 99%| O|  |TAMS 0x0000000709200000, 0x00000007093ffff0| Untracked 
|1950|0x0000000709400000, 0x00000007095ffff8, 0x0000000709600000| 99%| O|  |TAMS 0x0000000709400000, 0x00000007095ffff8| Untracked 
|1951|0x0000000709600000, 0x00000007097ffff8, 0x0000000709800000| 99%| O|  |TAMS 0x0000000709600000, 0x00000007097ffff8| Untracked 
|1952|0x0000000709800000, 0x0000000709a00000, 0x0000000709a00000|100%| O|  |TAMS 0x0000000709800000, 0x0000000709a00000| Untracked 
|1953|0x0000000709a00000, 0x0000000709c00000, 0x0000000709c00000|100%| O|  |TAMS 0x0000000709a00000, 0x0000000709c00000| Untracked 
|1954|0x0000000709c00000, 0x0000000709e00000, 0x0000000709e00000|100%| O|  |TAMS 0x0000000709c00000, 0x0000000709e00000| Untracked 
|1955|0x0000000709e00000, 0x000000070a000000, 0x000000070a000000|100%| O|  |TAMS 0x0000000709e00000, 0x000000070a000000| Untracked 
|1956|0x000000070a000000, 0x000000070a1ffff0, 0x000000070a200000| 99%| O|  |TAMS 0x000000070a000000, 0x000000070a1ffff0| Untracked 
|1957|0x000000070a200000, 0x000000070a3ffff8, 0x000000070a400000| 99%| O|  |TAMS 0x000000070a200000, 0x000000070a3ffff8| Untracked 
|1958|0x000000070a400000, 0x000000070a600000, 0x000000070a600000|100%| O|  |TAMS 0x000000070a400000, 0x000000070a600000| Untracked 
|1959|0x000000070a600000, 0x000000070a7ffff8, 0x000000070a800000| 99%| O|  |TAMS 0x000000070a600000, 0x000000070a7ffff8| Untracked 
|1960|0x000000070a800000, 0x000000070a9ffff0, 0x000000070aa00000| 99%| O|  |TAMS 0x000000070a800000, 0x000000070a9ffff0| Untracked 
|1961|0x000000070aa00000, 0x000000070abffff0, 0x000000070ac00000| 99%| O|  |TAMS 0x000000070aa00000, 0x000000070abffff0| Untracked 
|1962|0x000000070ac00000, 0x000000070ae00000, 0x000000070ae00000|100%| O|  |TAMS 0x000000070ac00000, 0x000000070ae00000| Untracked 
|1963|0x000000070ae00000, 0x000000070b000000, 0x000000070b000000|100%| O|  |TAMS 0x000000070ae00000, 0x000000070b000000| Untracked 
|1964|0x000000070b000000, 0x000000070b200000, 0x000000070b200000|100%| O|  |TAMS 0x000000070b000000, 0x000000070b200000| Untracked 
|1965|0x000000070b200000, 0x000000070b3ffff0, 0x000000070b400000| 99%| O|  |TAMS 0x000000070b200000, 0x000000070b3ffff0| Untracked 
|1966|0x000000070b400000, 0x000000070b600000, 0x000000070b600000|100%| O|  |TAMS 0x000000070b400000, 0x000000070b600000| Untracked 
|1967|0x000000070b600000, 0x000000070b7ffff0, 0x000000070b800000| 99%| O|  |TAMS 0x000000070b600000, 0x000000070b7ffff0| Untracked 
|1968|0x000000070b800000, 0x000000070ba00000, 0x000000070ba00000|100%| O|  |TAMS 0x000000070b800000, 0x000000070ba00000| Untracked 
|1969|0x000000070ba00000, 0x000000070bc00000, 0x000000070bc00000|100%| O|  |TAMS 0x000000070ba00000, 0x000000070bc00000| Untracked 
|1970|0x000000070bc00000, 0x000000070bdffff8, 0x000000070be00000| 99%| O|  |TAMS 0x000000070bc00000, 0x000000070bdffff8| Untracked 
|1971|0x000000070be00000, 0x000000070c000000, 0x000000070c000000|100%| O|  |TAMS 0x000000070be00000, 0x000000070c000000| Untracked 
|1972|0x000000070c000000, 0x000000070c200000, 0x000000070c200000|100%| O|  |TAMS 0x000000070c000000, 0x000000070c200000| Untracked 
|1973|0x000000070c200000, 0x000000070c3ffff8, 0x000000070c400000| 99%| O|  |TAMS 0x000000070c200000, 0x000000070c3ffff8| Untracked 
|1974|0x000000070c400000, 0x000000070c600000, 0x000000070c600000|100%| O|  |TAMS 0x000000070c400000, 0x000000070c600000| Untracked 
|1975|0x000000070c600000, 0x000000070c7ffff8, 0x000000070c800000| 99%| O|  |TAMS 0x000000070c600000, 0x000000070c7ffff8| Untracked 
|1976|0x000000070c800000, 0x000000070ca00000, 0x000000070ca00000|100%| O|  |TAMS 0x000000070c800000, 0x000000070ca00000| Untracked 
|1977|0x000000070ca00000, 0x000000070cc00000, 0x000000070cc00000|100%| O|  |TAMS 0x000000070ca00000, 0x000000070cc00000| Untracked 
|1978|0x000000070cc00000, 0x000000070cdffff0, 0x000000070ce00000| 99%| O|  |TAMS 0x000000070cc00000, 0x000000070cdffff0| Untracked 
|1979|0x000000070ce00000, 0x000000070cfffff8, 0x000000070d000000| 99%| O|  |TAMS 0x000000070ce00000, 0x000000070cfffff8| Untracked 
|1980|0x000000070d000000, 0x000000070d200000, 0x000000070d200000|100%| O|  |TAMS 0x000000070d000000, 0x000000070d200000| Untracked 
|1981|0x000000070d200000, 0x000000070d3ffff0, 0x000000070d400000| 99%| O|  |TAMS 0x000000070d200000, 0x000000070d3ffff0| Untracked 
|1982|0x000000070d400000, 0x000000070d600000, 0x000000070d600000|100%| O|  |TAMS 0x000000070d400000, 0x000000070d600000| Untracked 
|1983|0x000000070d600000, 0x000000070d7ffff8, 0x000000070d800000| 99%| O|  |TAMS 0x000000070d600000, 0x000000070d7ffff8| Untracked 
|1984|0x000000070d800000, 0x000000070da00000, 0x000000070da00000|100%| O|  |TAMS 0x000000070d800000, 0x000000070da00000| Untracked 
|1985|0x000000070da00000, 0x000000070dc00000, 0x000000070dc00000|100%| O|  |TAMS 0x000000070da00000, 0x000000070dc00000| Untracked 
|1986|0x000000070dc00000, 0x000000070de00000, 0x000000070de00000|100%| O|  |TAMS 0x000000070dc00000, 0x000000070de00000| Untracked 
|1987|0x000000070de00000, 0x000000070dfffff8, 0x000000070e000000| 99%| O|  |TAMS 0x000000070de00000, 0x000000070dfffff8| Untracked 
|1988|0x000000070e000000, 0x000000070e200000, 0x000000070e200000|100%| O|  |TAMS 0x000000070e000000, 0x000000070e200000| Untracked 
|1989|0x000000070e200000, 0x000000070e3ffff8, 0x000000070e400000| 99%| O|  |TAMS 0x000000070e200000, 0x000000070e3ffff8| Untracked 
|1990|0x000000070e400000, 0x000000070e5ffff8, 0x000000070e600000| 99%| O|  |TAMS 0x000000070e400000, 0x000000070e5ffff8| Untracked 
|1991|0x000000070e600000, 0x000000070e7ffff8, 0x000000070e800000| 99%| O|  |TAMS 0x000000070e600000, 0x000000070e7ffff8| Untracked 
|1992|0x000000070e800000, 0x000000070e9ffff0, 0x000000070ea00000| 99%| O|  |TAMS 0x000000070e800000, 0x000000070e9ffff0| Untracked 
|1993|0x000000070ea00000, 0x000000070ec00000, 0x000000070ec00000|100%| O|  |TAMS 0x000000070ea00000, 0x000000070ec00000| Untracked 
|1994|0x000000070ec00000, 0x000000070ee00000, 0x000000070ee00000|100%| O|  |TAMS 0x000000070ec00000, 0x000000070ee00000| Untracked 
|1995|0x000000070ee00000, 0x000000070f000000, 0x000000070f000000|100%| O|  |TAMS 0x000000070ee00000, 0x000000070f000000| Untracked 
|1996|0x000000070f000000, 0x000000070f200000, 0x000000070f200000|100%| O|  |TAMS 0x000000070f000000, 0x000000070f200000| Untracked 
|1997|0x000000070f200000, 0x000000070f3ffff8, 0x000000070f400000| 99%| O|  |TAMS 0x000000070f200000, 0x000000070f3ffff8| Untracked 
|1998|0x000000070f400000, 0x000000070f600000, 0x000000070f600000|100%| O|  |TAMS 0x000000070f400000, 0x000000070f600000| Untracked 
|1999|0x000000070f600000, 0x000000070f800000, 0x000000070f800000|100%| O|  |TAMS 0x000000070f600000, 0x000000070f800000| Untracked 
|2000|0x000000070f800000, 0x000000070f9ffff0, 0x000000070fa00000| 99%| O|  |TAMS 0x000000070f800000, 0x000000070f9ffff0| Untracked 
|2001|0x000000070fa00000, 0x000000070fbffff8, 0x000000070fc00000| 99%| O|  |TAMS 0x000000070fa00000, 0x000000070fbffff8| Untracked 
|2002|0x000000070fc00000, 0x000000070fdffff0, 0x000000070fe00000| 99%| O|  |TAMS 0x000000070fc00000, 0x000000070fdffff0| Untracked 
|2003|0x000000070fe00000, 0x000000070ffffff0, 0x0000000710000000| 99%| O|  |TAMS 0x000000070fe00000, 0x000000070ffffff0| Untracked 
|2004|0x0000000710000000, 0x0000000710200000, 0x0000000710200000|100%| O|  |TAMS 0x0000000710000000, 0x0000000710200000| Untracked 
|2005|0x0000000710200000, 0x0000000710400000, 0x0000000710400000|100%| O|  |TAMS 0x0000000710200000, 0x0000000710400000| Untracked 
|2006|0x0000000710400000, 0x00000007105ffff8, 0x0000000710600000| 99%| O|  |TAMS 0x0000000710400000, 0x00000007105ffff8| Untracked 
|2007|0x0000000710600000, 0x0000000710800000, 0x0000000710800000|100%| O|  |TAMS 0x0000000710600000, 0x0000000710800000| Untracked 
|2008|0x0000000710800000, 0x0000000710a00000, 0x0000000710a00000|100%| O|  |TAMS 0x0000000710800000, 0x0000000710a00000| Untracked 
|2009|0x0000000710a00000, 0x0000000710bffff8, 0x0000000710c00000| 99%| O|  |TAMS 0x0000000710a00000, 0x0000000710bffff8| Untracked 
|2010|0x0000000710c00000, 0x0000000710e00000, 0x0000000710e00000|100%| O|  |TAMS 0x0000000710c00000, 0x0000000710e00000| Untracked 
|2011|0x0000000710e00000, 0x0000000711000000, 0x0000000711000000|100%| O|  |TAMS 0x0000000710e00000, 0x0000000711000000| Untracked 
|2012|0x0000000711000000, 0x0000000711200000, 0x0000000711200000|100%| O|  |TAMS 0x0000000711000000, 0x0000000711200000| Untracked 
|2013|0x0000000711200000, 0x00000007113ffff0, 0x0000000711400000| 99%| O|  |TAMS 0x0000000711200000, 0x00000007113ffff0| Untracked 
|2014|0x0000000711400000, 0x00000007115ffff8, 0x0000000711600000| 99%| O|  |TAMS 0x0000000711400000, 0x00000007115ffff8| Untracked 
|2015|0x0000000711600000, 0x00000007117ffff0, 0x0000000711800000| 99%| O|  |TAMS 0x0000000711600000, 0x00000007117ffff0| Untracked 
|2016|0x0000000711800000, 0x0000000711a00000, 0x0000000711a00000|100%| O|  |TAMS 0x0000000711800000, 0x0000000711a00000| Untracked 
|2017|0x0000000711a00000, 0x0000000711bffff8, 0x0000000711c00000| 99%| O|  |TAMS 0x0000000711a00000, 0x0000000711bffff8| Untracked 
|2018|0x0000000711c00000, 0x0000000711e00000, 0x0000000711e00000|100%| O|  |TAMS 0x0000000711c00000, 0x0000000711e00000| Untracked 
|2019|0x0000000711e00000, 0x0000000711fffff8, 0x0000000712000000| 99%| O|  |TAMS 0x0000000711e00000, 0x0000000711fffff8| Untracked 
|2020|0x0000000712000000, 0x00000007121ffff0, 0x0000000712200000| 99%| O|  |TAMS 0x0000000712000000, 0x00000007121ffff0| Untracked 
|2021|0x0000000712200000, 0x00000007123ffff0, 0x0000000712400000| 99%| O|  |TAMS 0x0000000712200000, 0x00000007123ffff0| Untracked 
|2022|0x0000000712400000, 0x00000007125ffff8, 0x0000000712600000| 99%| O|  |TAMS 0x0000000712400000, 0x00000007125ffff8| Untracked 
|2023|0x0000000712600000, 0x0000000712800000, 0x0000000712800000|100%| O|  |TAMS 0x0000000712600000, 0x0000000712800000| Untracked 
|2024|0x0000000712800000, 0x0000000712a00000, 0x0000000712a00000|100%| O|  |TAMS 0x0000000712800000, 0x0000000712a00000| Untracked 
|2025|0x0000000712a00000, 0x0000000712c00000, 0x0000000712c00000|100%| O|  |TAMS 0x0000000712a00000, 0x0000000712c00000| Untracked 
|2026|0x0000000712c00000, 0x0000000712e00000, 0x0000000712e00000|100%| O|  |TAMS 0x0000000712c00000, 0x0000000712e00000| Untracked 
|2027|0x0000000712e00000, 0x0000000712fffff8, 0x0000000713000000| 99%| O|  |TAMS 0x0000000712e00000, 0x0000000712fffff8| Untracked 
|2028|0x0000000713000000, 0x0000000713200000, 0x0000000713200000|100%| O|  |TAMS 0x0000000713000000, 0x0000000713200000| Untracked 
|2029|0x0000000713200000, 0x0000000713400000, 0x0000000713400000|100%| O|  |TAMS 0x0000000713200000, 0x0000000713400000| Untracked 
|2030|0x0000000713400000, 0x00000007135ffff8, 0x0000000713600000| 99%| O|  |TAMS 0x0000000713400000, 0x00000007135ffff8| Untracked 
|2031|0x0000000713600000, 0x00000007137ffff8, 0x0000000713800000| 99%| O|  |TAMS 0x0000000713600000, 0x00000007137ffff8| Untracked 
|2032|0x0000000713800000, 0x00000007139ffff8, 0x0000000713a00000| 99%| O|  |TAMS 0x0000000713800000, 0x00000007139ffff8| Untracked 
|2033|0x0000000713a00000, 0x0000000713bffff8, 0x0000000713c00000| 99%| O|  |TAMS 0x0000000713a00000, 0x0000000713bffff8| Untracked 
|2034|0x0000000713c00000, 0x0000000713dffff8, 0x0000000713e00000| 99%| O|  |TAMS 0x0000000713c00000, 0x0000000713dffff8| Untracked 
|2035|0x0000000713e00000, 0x0000000713fffff8, 0x0000000714000000| 99%| O|  |TAMS 0x0000000713e00000, 0x0000000713fffff8| Untracked 
|2036|0x0000000714000000, 0x00000007141ffff0, 0x0000000714200000| 99%| O|  |TAMS 0x0000000714000000, 0x00000007141ffff0| Untracked 
|2037|0x0000000714200000, 0x00000007143ffff0, 0x0000000714400000| 99%| O|  |TAMS 0x0000000714200000, 0x00000007143ffff0| Untracked 
|2038|0x0000000714400000, 0x00000007145ffff8, 0x0000000714600000| 99%| O|  |TAMS 0x0000000714400000, 0x00000007145ffff8| Untracked 
|2039|0x0000000714600000, 0x00000007147ffff8, 0x0000000714800000| 99%| O|  |TAMS 0x0000000714600000, 0x00000007147ffff8| Untracked 
|2040|0x0000000714800000, 0x0000000714a00000, 0x0000000714a00000|100%| O|  |TAMS 0x0000000714800000, 0x0000000714a00000| Untracked 
|2041|0x0000000714a00000, 0x0000000714c00000, 0x0000000714c00000|100%| O|  |TAMS 0x0000000714a00000, 0x0000000714c00000| Untracked 
|2042|0x0000000714c00000, 0x0000000714dffff0, 0x0000000714e00000| 99%| O|  |TAMS 0x0000000714c00000, 0x0000000714dffff0| Untracked 
|2043|0x0000000714e00000, 0x0000000714fffff0, 0x0000000715000000| 99%| O|  |TAMS 0x0000000714e00000, 0x0000000714fffff0| Untracked 
|2044|0x0000000715000000, 0x00000007151ffff0, 0x0000000715200000| 99%| O|  |TAMS 0x0000000715000000, 0x00000007151ffff0| Untracked 
|2045|0x0000000715200000, 0x00000007153ffff8, 0x0000000715400000| 99%| O|  |TAMS 0x0000000715200000, 0x00000007153ffff8| Untracked 
|2046|0x0000000715400000, 0x00000007155ffff8, 0x0000000715600000| 99%| O|  |TAMS 0x0000000715400000, 0x00000007155ffff8| Untracked 
|2047|0x0000000715600000, 0x00000007157ffff8, 0x0000000715800000| 99%| O|  |TAMS 0x0000000715600000, 0x00000007157ffff8| Untracked 
|2048|0x0000000715800000, 0x00000007159ffff8, 0x0000000715a00000| 99%| O|  |TAMS 0x0000000715800000, 0x00000007159ffff8| Untracked 
|2049|0x0000000715a00000, 0x0000000715bffff8, 0x0000000715c00000| 99%| O|  |TAMS 0x0000000715a00000, 0x0000000715bffff8| Untracked 
|2050|0x0000000715c00000, 0x0000000715dffff8, 0x0000000715e00000| 99%| O|  |TAMS 0x0000000715c00000, 0x0000000715dffff8| Untracked 
|2051|0x0000000715e00000, 0x0000000715fffff8, 0x0000000716000000| 99%| O|  |TAMS 0x0000000715e00000, 0x0000000715fffff8| Untracked 
|2052|0x0000000716000000, 0x0000000716200000, 0x0000000716200000|100%| O|  |TAMS 0x0000000716000000, 0x0000000716200000| Untracked 
|2053|0x0000000716200000, 0x00000007163ffff0, 0x0000000716400000| 99%| O|  |TAMS 0x0000000716200000, 0x00000007163ffff0| Untracked 
|2054|0x0000000716400000, 0x00000007165ffff8, 0x0000000716600000| 99%| O|  |TAMS 0x0000000716400000, 0x00000007165ffff8| Untracked 
|2055|0x0000000716600000, 0x00000007167ffff8, 0x0000000716800000| 99%| O|  |TAMS 0x0000000716600000, 0x00000007167ffff8| Untracked 
|2056|0x0000000716800000, 0x00000007169ffff8, 0x0000000716a00000| 99%| O|  |TAMS 0x0000000716800000, 0x00000007169ffff8| Untracked 
|2057|0x0000000716a00000, 0x0000000716c00000, 0x0000000716c00000|100%| O|  |TAMS 0x0000000716a00000, 0x0000000716c00000| Untracked 
|2058|0x0000000716c00000, 0x0000000716dffff8, 0x0000000716e00000| 99%| O|  |TAMS 0x0000000716c00000, 0x0000000716dffff8| Untracked 
|2059|0x0000000716e00000, 0x0000000716fffff0, 0x0000000717000000| 99%| O|  |TAMS 0x0000000716e00000, 0x0000000716fffff0| Untracked 
|2060|0x0000000717000000, 0x00000007171fffe8, 0x0000000717200000| 99%| O|  |TAMS 0x0000000717000000, 0x00000007171fffe8| Untracked 
|2061|0x0000000717200000, 0x00000007173ffff8, 0x0000000717400000| 99%| O|  |TAMS 0x0000000717200000, 0x00000007173ffff8| Untracked 
|2062|0x0000000717400000, 0x00000007175ffff8, 0x0000000717600000| 99%| O|  |TAMS 0x0000000717400000, 0x00000007175ffff8| Untracked 
|2063|0x0000000717600000, 0x00000007177ffff8, 0x0000000717800000| 99%| O|  |TAMS 0x0000000717600000, 0x00000007177ffff8| Untracked 
|2064|0x0000000717800000, 0x00000007179ffff8, 0x0000000717a00000| 99%| O|  |TAMS 0x0000000717800000, 0x00000007179ffff8| Untracked 
|2065|0x0000000717a00000, 0x0000000717c00000, 0x0000000717c00000|100%| O|  |TAMS 0x0000000717a00000, 0x0000000717c00000| Untracked 
|2066|0x0000000717c00000, 0x0000000717e00000, 0x0000000717e00000|100%| O|  |TAMS 0x0000000717c00000, 0x0000000717e00000| Untracked 
|2067|0x0000000717e00000, 0x0000000717fffff8, 0x0000000718000000| 99%| O|  |TAMS 0x0000000717e00000, 0x0000000717fffff8| Untracked 
|2068|0x0000000718000000, 0x00000007181ffff8, 0x0000000718200000| 99%| O|  |TAMS 0x0000000718000000, 0x00000007181ffff8| Untracked 
|2069|0x0000000718200000, 0x00000007183ffff8, 0x0000000718400000| 99%| O|  |TAMS 0x0000000718200000, 0x00000007183ffff8| Untracked 
|2070|0x0000000718400000, 0x00000007185ffff8, 0x0000000718600000| 99%| O|  |TAMS 0x0000000718400000, 0x00000007185ffff8| Untracked 
|2071|0x0000000718600000, 0x0000000718800000, 0x0000000718800000|100%| O|  |TAMS 0x0000000718600000, 0x0000000718800000| Untracked 
|2072|0x0000000718800000, 0x00000007189ffff8, 0x0000000718a00000| 99%| O|  |TAMS 0x0000000718800000, 0x00000007189ffff8| Untracked 
|2073|0x0000000718a00000, 0x0000000718bffff0, 0x0000000718c00000| 99%| O|  |TAMS 0x0000000718a00000, 0x0000000718bffff0| Untracked 
|2074|0x0000000718c00000, 0x0000000718dffff8, 0x0000000718e00000| 99%| O|  |TAMS 0x0000000718c00000, 0x0000000718dffff8| Untracked 
|2075|0x0000000718e00000, 0x0000000719000000, 0x0000000719000000|100%| O|  |TAMS 0x0000000718e00000, 0x0000000719000000| Untracked 
|2076|0x0000000719000000, 0x0000000719200000, 0x0000000719200000|100%| O|  |TAMS 0x0000000719000000, 0x0000000719200000| Untracked 
|2077|0x0000000719200000, 0x00000007193ffff8, 0x0000000719400000| 99%| O|  |TAMS 0x0000000719200000, 0x00000007193ffff8| Untracked 
|2078|0x0000000719400000, 0x0000000719600000, 0x0000000719600000|100%| O|  |TAMS 0x0000000719400000, 0x0000000719600000| Untracked 
|2079|0x0000000719600000, 0x0000000719800000, 0x0000000719800000|100%| O|  |TAMS 0x0000000719600000, 0x0000000719800000| Untracked 
|2080|0x0000000719800000, 0x00000007199ffff8, 0x0000000719a00000| 99%| O|  |TAMS 0x0000000719800000, 0x00000007199ffff8| Untracked 
|2081|0x0000000719a00000, 0x0000000719bffff0, 0x0000000719c00000| 99%| O|  |TAMS 0x0000000719a00000, 0x0000000719bffff0| Untracked 
|2082|0x0000000719c00000, 0x0000000719e00000, 0x0000000719e00000|100%| O|  |TAMS 0x0000000719c00000, 0x0000000719e00000| Untracked 
|2083|0x0000000719e00000, 0x000000071a000000, 0x000000071a000000|100%| O|  |TAMS 0x0000000719e00000, 0x000000071a000000| Untracked 
|2084|0x000000071a000000, 0x000000071a200000, 0x000000071a200000|100%| O|  |TAMS 0x000000071a000000, 0x000000071a200000| Untracked 
|2085|0x000000071a200000, 0x000000071a400000, 0x000000071a400000|100%| O|  |TAMS 0x000000071a200000, 0x000000071a400000| Untracked 
|2086|0x000000071a400000, 0x000000071a600000, 0x000000071a600000|100%| O|  |TAMS 0x000000071a400000, 0x000000071a600000| Untracked 
|2087|0x000000071a600000, 0x000000071a800000, 0x000000071a800000|100%| O|  |TAMS 0x000000071a600000, 0x000000071a800000| Untracked 
|2088|0x000000071a800000, 0x000000071aa00000, 0x000000071aa00000|100%| O|  |TAMS 0x000000071a800000, 0x000000071aa00000| Untracked 
|2089|0x000000071aa00000, 0x000000071ac00000, 0x000000071ac00000|100%| O|  |TAMS 0x000000071aa00000, 0x000000071ac00000| Untracked 
|2090|0x000000071ac00000, 0x000000071adffff8, 0x000000071ae00000| 99%| O|  |TAMS 0x000000071ac00000, 0x000000071adffff8| Untracked 
|2091|0x000000071ae00000, 0x000000071afffff8, 0x000000071b000000| 99%| O|  |TAMS 0x000000071ae00000, 0x000000071afffff8| Untracked 
|2092|0x000000071b000000, 0x000000071b200000, 0x000000071b200000|100%| O|  |TAMS 0x000000071b000000, 0x000000071b200000| Untracked 
|2093|0x000000071b200000, 0x000000071b3ffff8, 0x000000071b400000| 99%| O|  |TAMS 0x000000071b200000, 0x000000071b3ffff8| Untracked 
|2094|0x000000071b400000, 0x000000071b5ffff0, 0x000000071b600000| 99%| O|  |TAMS 0x000000071b400000, 0x000000071b5ffff0| Untracked 
|2095|0x000000071b600000, 0x000000071b800000, 0x000000071b800000|100%| O|  |TAMS 0x000000071b600000, 0x000000071b800000| Untracked 
|2096|0x000000071b800000, 0x000000071ba00000, 0x000000071ba00000|100%| O|  |TAMS 0x000000071b800000, 0x000000071ba00000| Untracked 
|2097|0x000000071ba00000, 0x000000071bbffff0, 0x000000071bc00000| 99%| O|  |TAMS 0x000000071ba00000, 0x000000071bbffff0| Untracked 
|2098|0x000000071bc00000, 0x000000071be00000, 0x000000071be00000|100%| O|  |TAMS 0x000000071bc00000, 0x000000071be00000| Untracked 
|2099|0x000000071be00000, 0x000000071bfffff8, 0x000000071c000000| 99%| O|  |TAMS 0x000000071be00000, 0x000000071bfffff8| Untracked 
|2100|0x000000071c000000, 0x000000071c1ffff0, 0x000000071c200000| 99%| O|  |TAMS 0x000000071c000000, 0x000000071c1ffff0| Untracked 
|2101|0x000000071c200000, 0x000000071c3ffff8, 0x000000071c400000| 99%| O|  |TAMS 0x000000071c200000, 0x000000071c3ffff8| Untracked 
|2102|0x000000071c400000, 0x000000071c600000, 0x000000071c600000|100%| O|  |TAMS 0x000000071c400000, 0x000000071c600000| Untracked 
|2103|0x000000071c600000, 0x000000071c800000, 0x000000071c800000|100%| O|  |TAMS 0x000000071c600000, 0x000000071c800000| Untracked 
|2104|0x000000071c800000, 0x000000071ca00000, 0x000000071ca00000|100%| O|  |TAMS 0x000000071c800000, 0x000000071ca00000| Untracked 
|2105|0x000000071ca00000, 0x000000071cc00000, 0x000000071cc00000|100%| O|  |TAMS 0x000000071ca00000, 0x000000071cc00000| Untracked 
|2106|0x000000071cc00000, 0x000000071ce00000, 0x000000071ce00000|100%| O|  |TAMS 0x000000071cc00000, 0x000000071ce00000| Untracked 
|2107|0x000000071ce00000, 0x000000071d000000, 0x000000071d000000|100%| O|  |TAMS 0x000000071ce00000, 0x000000071d000000| Untracked 
|2108|0x000000071d000000, 0x000000071d200000, 0x000000071d200000|100%| O|  |TAMS 0x000000071d000000, 0x000000071d200000| Untracked 
|2109|0x000000071d200000, 0x000000071d3fffe8, 0x000000071d400000| 99%| O|  |TAMS 0x000000071d200000, 0x000000071d3fffe8| Untracked 
|2110|0x000000071d400000, 0x000000071d5ffff8, 0x000000071d600000| 99%| O|  |TAMS 0x000000071d400000, 0x000000071d5ffff8| Untracked 
|2111|0x000000071d600000, 0x000000071d7ffff8, 0x000000071d800000| 99%| O|  |TAMS 0x000000071d600000, 0x000000071d7ffff8| Untracked 
|2112|0x000000071d800000, 0x000000071d9ffff8, 0x000000071da00000| 99%| O|  |TAMS 0x000000071d800000, 0x000000071d9ffff8| Untracked 
|2113|0x000000071da00000, 0x000000071dbffff8, 0x000000071dc00000| 99%| O|  |TAMS 0x000000071da00000, 0x000000071dbffff8| Untracked 
|2114|0x000000071dc00000, 0x000000071ddffff8, 0x000000071de00000| 99%| O|  |TAMS 0x000000071dc00000, 0x000000071ddffff8| Untracked 
|2115|0x000000071de00000, 0x000000071e000000, 0x000000071e000000|100%| O|  |TAMS 0x000000071de00000, 0x000000071e000000| Untracked 
|2116|0x000000071e000000, 0x000000071e1ffff8, 0x000000071e200000| 99%| O|  |TAMS 0x000000071e000000, 0x000000071e1ffff8| Untracked 
|2117|0x000000071e200000, 0x000000071e3ffff8, 0x000000071e400000| 99%| O|  |TAMS 0x000000071e200000, 0x000000071e3ffff8| Untracked 
|2118|0x000000071e400000, 0x000000071e5ffff0, 0x000000071e600000| 99%| O|  |TAMS 0x000000071e400000, 0x000000071e5ffff0| Untracked 
|2119|0x000000071e600000, 0x000000071e7ffff8, 0x000000071e800000| 99%| O|  |TAMS 0x000000071e600000, 0x000000071e7ffff8| Untracked 
|2120|0x000000071e800000, 0x000000071e9ffff8, 0x000000071ea00000| 99%| O|  |TAMS 0x000000071e800000, 0x000000071e9ffff8| Untracked 
|2121|0x000000071ea00000, 0x000000071ebffff8, 0x000000071ec00000| 99%| O|  |TAMS 0x000000071ea00000, 0x000000071ebffff8| Untracked 
|2122|0x000000071ec00000, 0x000000071ee00000, 0x000000071ee00000|100%| O|  |TAMS 0x000000071ec00000, 0x000000071ee00000| Untracked 
|2123|0x000000071ee00000, 0x000000071efffff8, 0x000000071f000000| 99%| O|  |TAMS 0x000000071ee00000, 0x000000071efffff8| Untracked 
|2124|0x000000071f000000, 0x000000071f1ffff8, 0x000000071f200000| 99%| O|  |TAMS 0x000000071f000000, 0x000000071f1ffff8| Untracked 
|2125|0x000000071f200000, 0x000000071f3ffff0, 0x000000071f400000| 99%| O|  |TAMS 0x000000071f200000, 0x000000071f3ffff0| Untracked 
|2126|0x000000071f400000, 0x000000071f5ffff0, 0x000000071f600000| 99%| O|  |TAMS 0x000000071f400000, 0x000000071f5ffff0| Untracked 
|2127|0x000000071f600000, 0x000000071f7ffff0, 0x000000071f800000| 99%| O|  |TAMS 0x000000071f600000, 0x000000071f7ffff0| Untracked 
|2128|0x000000071f800000, 0x000000071fa00000, 0x000000071fa00000|100%| O|  |TAMS 0x000000071f800000, 0x000000071fa00000| Untracked 
|2129|0x000000071fa00000, 0x000000071fbffff8, 0x000000071fc00000| 99%| O|  |TAMS 0x000000071fa00000, 0x000000071fbffff8| Untracked 
|2130|0x000000071fc00000, 0x000000071fdffff8, 0x000000071fe00000| 99%| O|  |TAMS 0x000000071fc00000, 0x000000071fdffff8| Untracked 
|2131|0x000000071fe00000, 0x0000000720000000, 0x0000000720000000|100%| O|  |TAMS 0x000000071fe00000, 0x0000000720000000| Untracked 
|2132|0x0000000720000000, 0x00000007201ffff8, 0x0000000720200000| 99%| O|  |TAMS 0x0000000720000000, 0x00000007201ffff8| Untracked 
|2133|0x0000000720200000, 0x00000007203ffff0, 0x0000000720400000| 99%| O|  |TAMS 0x0000000720200000, 0x00000007203ffff0| Untracked 
|2134|0x0000000720400000, 0x00000007205ffff8, 0x0000000720600000| 99%| O|  |TAMS 0x0000000720400000, 0x00000007205ffff8| Untracked 
|2135|0x0000000720600000, 0x00000007207ffff8, 0x0000000720800000| 99%| O|  |TAMS 0x0000000720600000, 0x00000007207ffff8| Untracked 
|2136|0x0000000720800000, 0x0000000720a00000, 0x0000000720a00000|100%| O|  |TAMS 0x0000000720800000, 0x0000000720a00000| Untracked 
|2137|0x0000000720a00000, 0x0000000720bffff8, 0x0000000720c00000| 99%| O|  |TAMS 0x0000000720a00000, 0x0000000720bffff8| Untracked 
|2138|0x0000000720c00000, 0x0000000720dffff0, 0x0000000720e00000| 99%| O|  |TAMS 0x0000000720c00000, 0x0000000720dffff0| Untracked 
|2139|0x0000000720e00000, 0x0000000721000000, 0x0000000721000000|100%| O|  |TAMS 0x0000000720e00000, 0x0000000721000000| Untracked 
|2140|0x0000000721000000, 0x00000007211ffff0, 0x0000000721200000| 99%| O|  |TAMS 0x0000000721000000, 0x00000007211ffff0| Untracked 
|2141|0x0000000721200000, 0x0000000721400000, 0x0000000721400000|100%| O|  |TAMS 0x0000000721200000, 0x0000000721400000| Untracked 
|2142|0x0000000721400000, 0x00000007215ffff8, 0x0000000721600000| 99%| O|  |TAMS 0x0000000721400000, 0x00000007215ffff8| Untracked 
|2143|0x0000000721600000, 0x0000000721800000, 0x0000000721800000|100%| O|  |TAMS 0x0000000721600000, 0x0000000721800000| Untracked 
|2144|0x0000000721800000, 0x00000007219ffff8, 0x0000000721a00000| 99%| O|  |TAMS 0x0000000721800000, 0x00000007219ffff8| Untracked 
|2145|0x0000000721a00000, 0x0000000721bffff8, 0x0000000721c00000| 99%| O|  |TAMS 0x0000000721a00000, 0x0000000721bffff8| Untracked 
|2146|0x0000000721c00000, 0x0000000721e00000, 0x0000000721e00000|100%| O|  |TAMS 0x0000000721c00000, 0x0000000721e00000| Untracked 
|2147|0x0000000721e00000, 0x0000000721fffff8, 0x0000000722000000| 99%| O|  |TAMS 0x0000000721e00000, 0x0000000721fffff8| Untracked 
|2148|0x0000000722000000, 0x0000000722200000, 0x0000000722200000|100%| O|  |TAMS 0x0000000722000000, 0x0000000722200000| Untracked 
|2149|0x0000000722200000, 0x00000007223ffff8, 0x0000000722400000| 99%| O|  |TAMS 0x0000000722200000, 0x00000007223ffff8| Untracked 
|2150|0x0000000722400000, 0x00000007225ffff8, 0x0000000722600000| 99%| O|  |TAMS 0x0000000722400000, 0x00000007225ffff8| Untracked 
|2151|0x0000000722600000, 0x00000007227ffff0, 0x0000000722800000| 99%| O|  |TAMS 0x0000000722600000, 0x00000007227ffff0| Untracked 
|2152|0x0000000722800000, 0x0000000722a00000, 0x0000000722a00000|100%| O|  |TAMS 0x0000000722800000, 0x0000000722a00000| Untracked 
|2153|0x0000000722a00000, 0x0000000722bffff8, 0x0000000722c00000| 99%| O|  |TAMS 0x0000000722a00000, 0x0000000722bffff8| Untracked 
|2154|0x0000000722c00000, 0x0000000722e00000, 0x0000000722e00000|100%| O|  |TAMS 0x0000000722c00000, 0x0000000722e00000| Untracked 
|2155|0x0000000722e00000, 0x0000000722fffff0, 0x0000000723000000| 99%| O|  |TAMS 0x0000000722e00000, 0x0000000722fffff0| Untracked 
|2156|0x0000000723000000, 0x00000007231ffff8, 0x0000000723200000| 99%| O|  |TAMS 0x0000000723000000, 0x00000007231ffff8| Untracked 
|2157|0x0000000723200000, 0x00000007233ffff0, 0x0000000723400000| 99%| O|  |TAMS 0x0000000723200000, 0x00000007233ffff0| Untracked 
|2158|0x0000000723400000, 0x00000007235ffff8, 0x0000000723600000| 99%| O|  |TAMS 0x0000000723400000, 0x00000007235ffff8| Untracked 
|2159|0x0000000723600000, 0x00000007237ffff8, 0x0000000723800000| 99%| O|  |TAMS 0x0000000723600000, 0x00000007237ffff8| Untracked 
|2160|0x0000000723800000, 0x00000007239ffff8, 0x0000000723a00000| 99%| O|  |TAMS 0x0000000723800000, 0x00000007239ffff8| Untracked 
|2161|0x0000000723a00000, 0x0000000723c00000, 0x0000000723c00000|100%| O|  |TAMS 0x0000000723a00000, 0x0000000723c00000| Untracked 
|2162|0x0000000723c00000, 0x0000000723dffff8, 0x0000000723e00000| 99%| O|  |TAMS 0x0000000723c00000, 0x0000000723dffff8| Untracked 
|2163|0x0000000723e00000, 0x0000000723fffff8, 0x0000000724000000| 99%| O|  |TAMS 0x0000000723e00000, 0x0000000723fffff8| Untracked 
|2164|0x0000000724000000, 0x00000007241ffff8, 0x0000000724200000| 99%| O|  |TAMS 0x0000000724000000, 0x00000007241ffff8| Untracked 
|2165|0x0000000724200000, 0x0000000724400000, 0x0000000724400000|100%| O|  |TAMS 0x0000000724200000, 0x0000000724400000| Untracked 
|2166|0x0000000724400000, 0x00000007245ffff0, 0x0000000724600000| 99%| O|  |TAMS 0x0000000724400000, 0x00000007245ffff0| Untracked 
|2167|0x0000000724600000, 0x0000000724800000, 0x0000000724800000|100%| O|  |TAMS 0x0000000724600000, 0x0000000724800000| Untracked 
|2168|0x0000000724800000, 0x00000007249ffff8, 0x0000000724a00000| 99%| O|  |TAMS 0x0000000724800000, 0x00000007249ffff8| Untracked 
|2169|0x0000000724a00000, 0x0000000724c00000, 0x0000000724c00000|100%| O|  |TAMS 0x0000000724a00000, 0x0000000724c00000| Untracked 
|2170|0x0000000724c00000, 0x0000000724dffff8, 0x0000000724e00000| 99%| O|  |TAMS 0x0000000724c00000, 0x0000000724dffff8| Untracked 
|2171|0x0000000724e00000, 0x0000000724fffff8, 0x0000000725000000| 99%| O|  |TAMS 0x0000000724e00000, 0x0000000724fffff8| Untracked 
|2172|0x0000000725000000, 0x0000000725200000, 0x0000000725200000|100%| O|  |TAMS 0x0000000725000000, 0x0000000725200000| Untracked 
|2173|0x0000000725200000, 0x00000007253ffff8, 0x0000000725400000| 99%| O|  |TAMS 0x0000000725200000, 0x00000007253ffff8| Untracked 
|2174|0x0000000725400000, 0x00000007255ffff0, 0x0000000725600000| 99%| O|  |TAMS 0x0000000725400000, 0x00000007255ffff0| Untracked 
|2175|0x0000000725600000, 0x00000007257ffff8, 0x0000000725800000| 99%| O|  |TAMS 0x0000000725600000, 0x00000007257ffff8| Untracked 
|2176|0x0000000725800000, 0x0000000725a00000, 0x0000000725a00000|100%| O|  |TAMS 0x0000000725800000, 0x0000000725a00000| Untracked 
|2177|0x0000000725a00000, 0x0000000725bffff0, 0x0000000725c00000| 99%| O|  |TAMS 0x0000000725a00000, 0x0000000725bffff0| Untracked 
|2178|0x0000000725c00000, 0x0000000725dffff0, 0x0000000725e00000| 99%| O|  |TAMS 0x0000000725c00000, 0x0000000725dffff0| Untracked 
|2179|0x0000000725e00000, 0x0000000725fffff8, 0x0000000726000000| 99%| O|  |TAMS 0x0000000725e00000, 0x0000000725fffff8| Untracked 
|2180|0x0000000726000000, 0x00000007261ffff8, 0x0000000726200000| 99%| O|  |TAMS 0x0000000726000000, 0x00000007261ffff8| Untracked 
|2181|0x0000000726200000, 0x00000007263ffff0, 0x0000000726400000| 99%| O|  |TAMS 0x0000000726200000, 0x00000007263ffff0| Untracked 
|2182|0x0000000726400000, 0x00000007265ffff8, 0x0000000726600000| 99%| O|  |TAMS 0x0000000726400000, 0x00000007265ffff8| Untracked 
|2183|0x0000000726600000, 0x00000007267ffff8, 0x0000000726800000| 99%| O|  |TAMS 0x0000000726600000, 0x00000007267ffff8| Untracked 
|2184|0x0000000726800000, 0x0000000726a00000, 0x0000000726a00000|100%| O|  |TAMS 0x0000000726800000, 0x0000000726a00000| Untracked 
|2185|0x0000000726a00000, 0x0000000726bffff8, 0x0000000726c00000| 99%| O|  |TAMS 0x0000000726a00000, 0x0000000726bffff8| Untracked 
|2186|0x0000000726c00000, 0x0000000726dffff8, 0x0000000726e00000| 99%| O|  |TAMS 0x0000000726c00000, 0x0000000726dffff8| Untracked 
|2187|0x0000000726e00000, 0x0000000726fffff8, 0x0000000727000000| 99%| O|  |TAMS 0x0000000726e00000, 0x0000000726fffff8| Untracked 
|2188|0x0000000727000000, 0x00000007271ffff0, 0x0000000727200000| 99%| O|  |TAMS 0x0000000727000000, 0x00000007271ffff0| Untracked 
|2189|0x0000000727200000, 0x0000000727400000, 0x0000000727400000|100%| O|  |TAMS 0x0000000727200000, 0x0000000727400000| Untracked 
|2190|0x0000000727400000, 0x00000007275ffff0, 0x0000000727600000| 99%| O|  |TAMS 0x0000000727400000, 0x00000007275ffff0| Untracked 
|2191|0x0000000727600000, 0x0000000727800000, 0x0000000727800000|100%| O|  |TAMS 0x0000000727600000, 0x0000000727800000| Untracked 
|2192|0x0000000727800000, 0x0000000727a00000, 0x0000000727a00000|100%| O|  |TAMS 0x0000000727800000, 0x0000000727a00000| Untracked 
|2193|0x0000000727a00000, 0x0000000727bffff0, 0x0000000727c00000| 99%| O|  |TAMS 0x0000000727a00000, 0x0000000727bffff0| Untracked 
|2194|0x0000000727c00000, 0x0000000727dffff8, 0x0000000727e00000| 99%| O|  |TAMS 0x0000000727c00000, 0x0000000727dffff8| Untracked 
|2195|0x0000000727e00000, 0x0000000728000000, 0x0000000728000000|100%| O|  |TAMS 0x0000000727e00000, 0x0000000728000000| Untracked 
|2196|0x0000000728000000, 0x0000000728200000, 0x0000000728200000|100%| O|  |TAMS 0x0000000728000000, 0x0000000728200000| Untracked 
|2197|0x0000000728200000, 0x00000007283ffff8, 0x0000000728400000| 99%| O|  |TAMS 0x0000000728200000, 0x00000007283ffff8| Untracked 
|2198|0x0000000728400000, 0x00000007285ffff8, 0x0000000728600000| 99%| O|  |TAMS 0x0000000728400000, 0x00000007285ffff8| Untracked 
|2199|0x0000000728600000, 0x0000000728800000, 0x0000000728800000|100%| O|  |TAMS 0x0000000728600000, 0x0000000728800000| Untracked 
|2200|0x0000000728800000, 0x00000007289ffff8, 0x0000000728a00000| 99%| O|  |TAMS 0x0000000728800000, 0x00000007289ffff8| Untracked 
|2201|0x0000000728a00000, 0x0000000728c00000, 0x0000000728c00000|100%| O|  |TAMS 0x0000000728a00000, 0x0000000728c00000| Untracked 
|2202|0x0000000728c00000, 0x0000000728e00000, 0x0000000728e00000|100%| O|  |TAMS 0x0000000728c00000, 0x0000000728e00000| Untracked 
|2203|0x0000000728e00000, 0x0000000728fffff8, 0x0000000729000000| 99%| O|  |TAMS 0x0000000728e00000, 0x0000000728fffff8| Untracked 
|2204|0x0000000729000000, 0x00000007291ffff0, 0x0000000729200000| 99%| O|  |TAMS 0x0000000729000000, 0x00000007291ffff0| Untracked 
|2205|0x0000000729200000, 0x00000007293ffff8, 0x0000000729400000| 99%| O|  |TAMS 0x0000000729200000, 0x00000007293ffff8| Untracked 
|2206|0x0000000729400000, 0x0000000729600000, 0x0000000729600000|100%| O|  |TAMS 0x0000000729400000, 0x0000000729600000| Untracked 
|2207|0x0000000729600000, 0x0000000729800000, 0x0000000729800000|100%| O|  |TAMS 0x0000000729600000, 0x0000000729800000| Untracked 
|2208|0x0000000729800000, 0x0000000729a00000, 0x0000000729a00000|100%| O|  |TAMS 0x0000000729800000, 0x0000000729a00000| Untracked 
|2209|0x0000000729a00000, 0x0000000729c00000, 0x0000000729c00000|100%| O|  |TAMS 0x0000000729a00000, 0x0000000729c00000| Untracked 
|2210|0x0000000729c00000, 0x0000000729dffff0, 0x0000000729e00000| 99%| O|  |TAMS 0x0000000729c00000, 0x0000000729dffff0| Untracked 
|2211|0x0000000729e00000, 0x000000072a000000, 0x000000072a000000|100%| O|  |TAMS 0x0000000729e00000, 0x000000072a000000| Untracked 
|2212|0x000000072a000000, 0x000000072a200000, 0x000000072a200000|100%| O|  |TAMS 0x000000072a000000, 0x000000072a200000| Untracked 
|2213|0x000000072a200000, 0x000000072a400000, 0x000000072a400000|100%| O|  |TAMS 0x000000072a200000, 0x000000072a400000| Untracked 
|2214|0x000000072a400000, 0x000000072a5ffff8, 0x000000072a600000| 99%| O|  |TAMS 0x000000072a400000, 0x000000072a5ffff8| Untracked 
|2215|0x000000072a600000, 0x000000072a7ffff8, 0x000000072a800000| 99%| O|  |TAMS 0x000000072a600000, 0x000000072a7ffff8| Untracked 
|2216|0x000000072a800000, 0x000000072a9ffff8, 0x000000072aa00000| 99%| O|  |TAMS 0x000000072a800000, 0x000000072a9ffff8| Untracked 
|2217|0x000000072aa00000, 0x000000072ac00000, 0x000000072ac00000|100%| O|  |TAMS 0x000000072aa00000, 0x000000072ac00000| Untracked 
|2218|0x000000072ac00000, 0x000000072ae00000, 0x000000072ae00000|100%| O|  |TAMS 0x000000072ac00000, 0x000000072ae00000| Untracked 
|2219|0x000000072ae00000, 0x000000072b000000, 0x000000072b000000|100%| O|  |TAMS 0x000000072ae00000, 0x000000072b000000| Untracked 
|2220|0x000000072b000000, 0x000000072b1ffff8, 0x000000072b200000| 99%| O|  |TAMS 0x000000072b000000, 0x000000072b1ffff8| Untracked 
|2221|0x000000072b200000, 0x000000072b3ffff0, 0x000000072b400000| 99%| O|  |TAMS 0x000000072b200000, 0x000000072b3ffff0| Untracked 
|2222|0x000000072b400000, 0x000000072b600000, 0x000000072b600000|100%| O|  |TAMS 0x000000072b400000, 0x000000072b600000| Untracked 
|2223|0x000000072b600000, 0x000000072b800000, 0x000000072b800000|100%| O|  |TAMS 0x000000072b600000, 0x000000072b800000| Untracked 
|2224|0x000000072b800000, 0x000000072ba00000, 0x000000072ba00000|100%| O|  |TAMS 0x000000072b800000, 0x000000072ba00000| Untracked 
|2225|0x000000072ba00000, 0x000000072bc00000, 0x000000072bc00000|100%| O|  |TAMS 0x000000072ba00000, 0x000000072bc00000| Untracked 
|2226|0x000000072bc00000, 0x000000072bdffff8, 0x000000072be00000| 99%| O|  |TAMS 0x000000072bc00000, 0x000000072bdffff8| Untracked 
|2227|0x000000072be00000, 0x000000072bfffff8, 0x000000072c000000| 99%| O|  |TAMS 0x000000072be00000, 0x000000072bfffff8| Untracked 
|2228|0x000000072c000000, 0x000000072c200000, 0x000000072c200000|100%| O|  |TAMS 0x000000072c000000, 0x000000072c200000| Untracked 
|2229|0x000000072c200000, 0x000000072c400000, 0x000000072c400000|100%| O|  |TAMS 0x000000072c200000, 0x000000072c400000| Untracked 
|2230|0x000000072c400000, 0x000000072c5ffff0, 0x000000072c600000| 99%| O|  |TAMS 0x000000072c400000, 0x000000072c5ffff0| Untracked 
|2231|0x000000072c600000, 0x000000072c800000, 0x000000072c800000|100%| O|  |TAMS 0x000000072c600000, 0x000000072c800000| Untracked 
|2232|0x000000072c800000, 0x000000072ca00000, 0x000000072ca00000|100%| O|  |TAMS 0x000000072c800000, 0x000000072ca00000| Untracked 
|2233|0x000000072ca00000, 0x000000072cc00000, 0x000000072cc00000|100%| O|  |TAMS 0x000000072ca00000, 0x000000072cc00000| Untracked 
|2234|0x000000072cc00000, 0x000000072cdffff8, 0x000000072ce00000| 99%| O|  |TAMS 0x000000072cc00000, 0x000000072cdffff8| Untracked 
|2235|0x000000072ce00000, 0x000000072cfffff8, 0x000000072d000000| 99%| O|  |TAMS 0x000000072ce00000, 0x000000072cfffff8| Untracked 
|2236|0x000000072d000000, 0x000000072d1ffff0, 0x000000072d200000| 99%| O|  |TAMS 0x000000072d000000, 0x000000072d1ffff0| Untracked 
|2237|0x000000072d200000, 0x000000072d3ffff8, 0x000000072d400000| 99%| O|  |TAMS 0x000000072d200000, 0x000000072d3ffff8| Untracked 
|2238|0x000000072d400000, 0x000000072d5ffff0, 0x000000072d600000| 99%| O|  |TAMS 0x000000072d400000, 0x000000072d5ffff0| Untracked 
|2239|0x000000072d600000, 0x000000072d7ffff0, 0x000000072d800000| 99%| O|  |TAMS 0x000000072d600000, 0x000000072d7ffff0| Untracked 
|2240|0x000000072d800000, 0x000000072da00000, 0x000000072da00000|100%| O|  |TAMS 0x000000072d800000, 0x000000072da00000| Untracked 
|2241|0x000000072da00000, 0x000000072dc00000, 0x000000072dc00000|100%| O|  |TAMS 0x000000072da00000, 0x000000072dc00000| Untracked 
|2242|0x000000072dc00000, 0x000000072ddffff0, 0x000000072de00000| 99%| O|  |TAMS 0x000000072dc00000, 0x000000072ddffff0| Untracked 
|2243|0x000000072de00000, 0x000000072dfffff0, 0x000000072e000000| 99%| O|  |TAMS 0x000000072de00000, 0x000000072dfffff0| Untracked 
|2244|0x000000072e000000, 0x000000072e1ffff8, 0x000000072e200000| 99%| O|  |TAMS 0x000000072e000000, 0x000000072e1ffff8| Untracked 
|2245|0x000000072e200000, 0x000000072e3ffff8, 0x000000072e400000| 99%| O|  |TAMS 0x000000072e200000, 0x000000072e3ffff8| Untracked 
|2246|0x000000072e400000, 0x000000072e5ffff0, 0x000000072e600000| 99%| O|  |TAMS 0x000000072e400000, 0x000000072e5ffff0| Untracked 
|2247|0x000000072e600000, 0x000000072e7ffff8, 0x000000072e800000| 99%| O|  |TAMS 0x000000072e600000, 0x000000072e7ffff8| Untracked 
|2248|0x000000072e800000, 0x000000072e9ffff8, 0x000000072ea00000| 99%| O|  |TAMS 0x000000072e800000, 0x000000072e9ffff8| Untracked 
|2249|0x000000072ea00000, 0x000000072ec00000, 0x000000072ec00000|100%| O|  |TAMS 0x000000072ea00000, 0x000000072ec00000| Untracked 
|2250|0x000000072ec00000, 0x000000072edffff8, 0x000000072ee00000| 99%| O|  |TAMS 0x000000072ec00000, 0x000000072edffff8| Untracked 
|2251|0x000000072ee00000, 0x000000072efffff0, 0x000000072f000000| 99%| O|  |TAMS 0x000000072ee00000, 0x000000072efffff0| Untracked 
|2252|0x000000072f000000, 0x000000072f200000, 0x000000072f200000|100%| O|  |TAMS 0x000000072f000000, 0x000000072f200000| Untracked 
|2253|0x000000072f200000, 0x000000072f400000, 0x000000072f400000|100%| O|  |TAMS 0x000000072f200000, 0x000000072f400000| Untracked 
|2254|0x000000072f400000, 0x000000072f5ffff8, 0x000000072f600000| 99%| O|  |TAMS 0x000000072f400000, 0x000000072f5ffff8| Untracked 
|2255|0x000000072f600000, 0x000000072f7ffff8, 0x000000072f800000| 99%| O|  |TAMS 0x000000072f600000, 0x000000072f7ffff8| Untracked 
|2256|0x000000072f800000, 0x000000072f9ffff8, 0x000000072fa00000| 99%| O|  |TAMS 0x000000072f800000, 0x000000072f9ffff8| Untracked 
|2257|0x000000072fa00000, 0x000000072fbffff8, 0x000000072fc00000| 99%| O|  |TAMS 0x000000072fa00000, 0x000000072fbffff8| Untracked 
|2258|0x000000072fc00000, 0x000000072fdffff0, 0x000000072fe00000| 99%| O|  |TAMS 0x000000072fc00000, 0x000000072fdffff0| Untracked 
|2259|0x000000072fe00000, 0x0000000730000000, 0x0000000730000000|100%| O|  |TAMS 0x000000072fe00000, 0x0000000730000000| Untracked 
|2260|0x0000000730000000, 0x00000007301ffff8, 0x0000000730200000| 99%| O|  |TAMS 0x0000000730000000, 0x00000007301ffff8| Untracked 
|2261|0x0000000730200000, 0x00000007303ffff8, 0x0000000730400000| 99%| O|  |TAMS 0x0000000730200000, 0x00000007303ffff8| Untracked 
|2262|0x0000000730400000, 0x00000007305ffff8, 0x0000000730600000| 99%| O|  |TAMS 0x0000000730400000, 0x00000007305ffff8| Untracked 
|2263|0x0000000730600000, 0x00000007307ffff8, 0x0000000730800000| 99%| O|  |TAMS 0x0000000730600000, 0x00000007307ffff8| Untracked 
|2264|0x0000000730800000, 0x0000000730a00000, 0x0000000730a00000|100%| O|  |TAMS 0x0000000730800000, 0x0000000730a00000| Untracked 
|2265|0x0000000730a00000, 0x0000000730bffff8, 0x0000000730c00000| 99%| O|  |TAMS 0x0000000730a00000, 0x0000000730bffff8| Untracked 
|2266|0x0000000730c00000, 0x0000000730e00000, 0x0000000730e00000|100%| O|  |TAMS 0x0000000730c00000, 0x0000000730e00000| Untracked 
|2267|0x0000000730e00000, 0x0000000731000000, 0x0000000731000000|100%| O|  |TAMS 0x0000000730e00000, 0x0000000731000000| Untracked 
|2268|0x0000000731000000, 0x0000000731200000, 0x0000000731200000|100%| O|  |TAMS 0x0000000731000000, 0x0000000731200000| Untracked 
|2269|0x0000000731200000, 0x0000000731400000, 0x0000000731400000|100%| O|  |TAMS 0x0000000731200000, 0x0000000731400000| Untracked 
|2270|0x0000000731400000, 0x00000007315ffff8, 0x0000000731600000| 99%| O|  |TAMS 0x0000000731400000, 0x00000007315ffff8| Untracked 
|2271|0x0000000731600000, 0x00000007317ffff8, 0x0000000731800000| 99%| O|  |TAMS 0x0000000731600000, 0x00000007317ffff8| Untracked 
|2272|0x0000000731800000, 0x00000007319ffff0, 0x0000000731a00000| 99%| O|  |TAMS 0x0000000731800000, 0x00000007319ffff0| Untracked 
|2273|0x0000000731a00000, 0x0000000731bffff0, 0x0000000731c00000| 99%| O|  |TAMS 0x0000000731a00000, 0x0000000731bffff0| Untracked 
|2274|0x0000000731c00000, 0x0000000731dffff8, 0x0000000731e00000| 99%| O|  |TAMS 0x0000000731c00000, 0x0000000731dffff8| Untracked 
|2275|0x0000000731e00000, 0x0000000732000000, 0x0000000732000000|100%| O|  |TAMS 0x0000000731e00000, 0x0000000732000000| Untracked 
|2276|0x0000000732000000, 0x00000007321ffff0, 0x0000000732200000| 99%| O|  |TAMS 0x0000000732000000, 0x00000007321ffff0| Untracked 
|2277|0x0000000732200000, 0x0000000732400000, 0x0000000732400000|100%| O|  |TAMS 0x0000000732200000, 0x0000000732400000| Untracked 
|2278|0x0000000732400000, 0x00000007325ffff8, 0x0000000732600000| 99%| O|  |TAMS 0x0000000732400000, 0x00000007325ffff8| Untracked 
|2279|0x0000000732600000, 0x00000007327ffff0, 0x0000000732800000| 99%| O|  |TAMS 0x0000000732600000, 0x00000007327ffff0| Untracked 
|2280|0x0000000732800000, 0x00000007329ffff0, 0x0000000732a00000| 99%| O|  |TAMS 0x0000000732800000, 0x00000007329ffff0| Untracked 
|2281|0x0000000732a00000, 0x0000000732c00000, 0x0000000732c00000|100%| O|  |TAMS 0x0000000732a00000, 0x0000000732c00000| Untracked 
|2282|0x0000000732c00000, 0x0000000732dffff8, 0x0000000732e00000| 99%| O|  |TAMS 0x0000000732c00000, 0x0000000732dffff8| Untracked 
|2283|0x0000000732e00000, 0x0000000732fffff8, 0x0000000733000000| 99%| O|  |TAMS 0x0000000732e00000, 0x0000000732fffff8| Untracked 
|2284|0x0000000733000000, 0x00000007331ffff8, 0x0000000733200000| 99%| O|  |TAMS 0x0000000733000000, 0x00000007331ffff8| Untracked 
|2285|0x0000000733200000, 0x00000007333ffff0, 0x0000000733400000| 99%| O|  |TAMS 0x0000000733200000, 0x00000007333ffff0| Untracked 
|2286|0x0000000733400000, 0x0000000733600000, 0x0000000733600000|100%| O|  |TAMS 0x0000000733400000, 0x0000000733600000| Untracked 
|2287|0x0000000733600000, 0x00000007337ffff8, 0x0000000733800000| 99%| O|  |TAMS 0x0000000733600000, 0x00000007337ffff8| Untracked 
|2288|0x0000000733800000, 0x00000007339ffff0, 0x0000000733a00000| 99%| O|  |TAMS 0x0000000733800000, 0x00000007339ffff0| Untracked 
|2289|0x0000000733a00000, 0x0000000733c00000, 0x0000000733c00000|100%| O|  |TAMS 0x0000000733a00000, 0x0000000733c00000| Untracked 
|2290|0x0000000733c00000, 0x0000000733dffff8, 0x0000000733e00000| 99%| O|  |TAMS 0x0000000733c00000, 0x0000000733dffff8| Untracked 
|2291|0x0000000733e00000, 0x0000000734000000, 0x0000000734000000|100%| O|  |TAMS 0x0000000733e00000, 0x0000000734000000| Untracked 
|2292|0x0000000734000000, 0x0000000734200000, 0x0000000734200000|100%| O|  |TAMS 0x0000000734000000, 0x0000000734200000| Untracked 
|2293|0x0000000734200000, 0x0000000734400000, 0x0000000734400000|100%| O|  |TAMS 0x0000000734200000, 0x0000000734400000| Untracked 
|2294|0x0000000734400000, 0x00000007345ffff0, 0x0000000734600000| 99%| O|  |TAMS 0x0000000734400000, 0x00000007345ffff0| Untracked 
|2295|0x0000000734600000, 0x00000007347ffff8, 0x0000000734800000| 99%| O|  |TAMS 0x0000000734600000, 0x00000007347ffff8| Untracked 
|2296|0x0000000734800000, 0x00000007349ffff0, 0x0000000734a00000| 99%| O|  |TAMS 0x0000000734800000, 0x00000007349ffff0| Untracked 
|2297|0x0000000734a00000, 0x0000000734c00000, 0x0000000734c00000|100%| O|  |TAMS 0x0000000734a00000, 0x0000000734c00000| Untracked 
|2298|0x0000000734c00000, 0x0000000734e00000, 0x0000000734e00000|100%| O|  |TAMS 0x0000000734c00000, 0x0000000734e00000| Untracked 
|2299|0x0000000734e00000, 0x0000000734fffff8, 0x0000000735000000| 99%| O|  |TAMS 0x0000000734e00000, 0x0000000734fffff8| Untracked 
|2300|0x0000000735000000, 0x00000007351ffff0, 0x0000000735200000| 99%| O|  |TAMS 0x0000000735000000, 0x00000007351ffff0| Untracked 
|2301|0x0000000735200000, 0x00000007353ffff8, 0x0000000735400000| 99%| O|  |TAMS 0x0000000735200000, 0x00000007353ffff8| Untracked 
|2302|0x0000000735400000, 0x0000000735600000, 0x0000000735600000|100%| O|  |TAMS 0x0000000735400000, 0x0000000735600000| Untracked 
|2303|0x0000000735600000, 0x0000000735800000, 0x0000000735800000|100%| O|  |TAMS 0x0000000735600000, 0x0000000735800000| Untracked 
|2304|0x0000000735800000, 0x00000007359ffff8, 0x0000000735a00000| 99%| O|  |TAMS 0x0000000735800000, 0x00000007359ffff8| Untracked 
|2305|0x0000000735a00000, 0x0000000735bffff0, 0x0000000735c00000| 99%| O|  |TAMS 0x0000000735a00000, 0x0000000735bffff0| Untracked 
|2306|0x0000000735c00000, 0x0000000735dffff0, 0x0000000735e00000| 99%| O|  |TAMS 0x0000000735c00000, 0x0000000735dffff0| Untracked 
|2307|0x0000000735e00000, 0x0000000735fffff8, 0x0000000736000000| 99%| O|  |TAMS 0x0000000735e00000, 0x0000000735fffff8| Untracked 
|2308|0x0000000736000000, 0x00000007361ffff8, 0x0000000736200000| 99%| O|  |TAMS 0x0000000736000000, 0x00000007361ffff8| Untracked 
|2309|0x0000000736200000, 0x0000000736400000, 0x0000000736400000|100%| O|  |TAMS 0x0000000736200000, 0x0000000736400000| Untracked 
|2310|0x0000000736400000, 0x00000007365ffff0, 0x0000000736600000| 99%| O|  |TAMS 0x0000000736400000, 0x00000007365ffff0| Untracked 
|2311|0x0000000736600000, 0x00000007367ffff8, 0x0000000736800000| 99%| O|  |TAMS 0x0000000736600000, 0x00000007367ffff8| Untracked 
|2312|0x0000000736800000, 0x00000007369ffff8, 0x0000000736a00000| 99%| O|  |TAMS 0x0000000736800000, 0x00000007369ffff8| Untracked 
|2313|0x0000000736a00000, 0x0000000736bffff8, 0x0000000736c00000| 99%| O|  |TAMS 0x0000000736a00000, 0x0000000736bffff8| Untracked 
|2314|0x0000000736c00000, 0x0000000736dffff0, 0x0000000736e00000| 99%| O|  |TAMS 0x0000000736c00000, 0x0000000736dffff0| Untracked 
|2315|0x0000000736e00000, 0x0000000736fffff8, 0x0000000737000000| 99%| O|  |TAMS 0x0000000736e00000, 0x0000000736fffff8| Untracked 
|2316|0x0000000737000000, 0x00000007371ffff8, 0x0000000737200000| 99%| O|  |TAMS 0x0000000737000000, 0x00000007371ffff8| Untracked 
|2317|0x0000000737200000, 0x00000007373ffff8, 0x0000000737400000| 99%| O|  |TAMS 0x0000000737200000, 0x00000007373ffff8| Untracked 
|2318|0x0000000737400000, 0x00000007375ffff8, 0x0000000737600000| 99%| O|  |TAMS 0x0000000737400000, 0x00000007375ffff8| Untracked 
|2319|0x0000000737600000, 0x00000007377ffff8, 0x0000000737800000| 99%| O|  |TAMS 0x0000000737600000, 0x00000007377ffff8| Untracked 
|2320|0x0000000737800000, 0x0000000737a00000, 0x0000000737a00000|100%| O|  |TAMS 0x0000000737800000, 0x0000000737a00000| Untracked 
|2321|0x0000000737a00000, 0x0000000737c00000, 0x0000000737c00000|100%| O|  |TAMS 0x0000000737a00000, 0x0000000737c00000| Untracked 
|2322|0x0000000737c00000, 0x0000000737dffff8, 0x0000000737e00000| 99%| O|  |TAMS 0x0000000737c00000, 0x0000000737dffff8| Untracked 
|2323|0x0000000737e00000, 0x0000000737fffff0, 0x0000000738000000| 99%| O|  |TAMS 0x0000000737e00000, 0x0000000737fffff0| Untracked 
|2324|0x0000000738000000, 0x00000007381ffff8, 0x0000000738200000| 99%| O|  |TAMS 0x0000000738000000, 0x00000007381ffff8| Untracked 
|2325|0x0000000738200000, 0x0000000738400000, 0x0000000738400000|100%| O|  |TAMS 0x0000000738200000, 0x0000000738400000| Untracked 
|2326|0x0000000738400000, 0x0000000738600000, 0x0000000738600000|100%| O|  |TAMS 0x0000000738400000, 0x0000000738600000| Untracked 
|2327|0x0000000738600000, 0x0000000738800000, 0x0000000738800000|100%| O|  |TAMS 0x0000000738600000, 0x0000000738800000| Untracked 
|2328|0x0000000738800000, 0x00000007389fffe8, 0x0000000738a00000| 99%| O|  |TAMS 0x0000000738800000, 0x00000007389fffe8| Untracked 
|2329|0x0000000738a00000, 0x0000000738bffff0, 0x0000000738c00000| 99%| O|  |TAMS 0x0000000738a00000, 0x0000000738bffff0| Untracked 
|2330|0x0000000738c00000, 0x0000000738e00000, 0x0000000738e00000|100%| O|  |TAMS 0x0000000738c00000, 0x0000000738e00000| Untracked 
|2331|0x0000000738e00000, 0x0000000738fffff8, 0x0000000739000000| 99%| O|  |TAMS 0x0000000738e00000, 0x0000000738fffff8| Untracked 
|2332|0x0000000739000000, 0x00000007391ffff0, 0x0000000739200000| 99%| O|  |TAMS 0x0000000739000000, 0x00000007391ffff0| Untracked 
|2333|0x0000000739200000, 0x0000000739400000, 0x0000000739400000|100%| O|  |TAMS 0x0000000739200000, 0x0000000739400000| Untracked 
|2334|0x0000000739400000, 0x00000007395ffff8, 0x0000000739600000| 99%| O|  |TAMS 0x0000000739400000, 0x00000007395ffff8| Untracked 
|2335|0x0000000739600000, 0x00000007397ffff0, 0x0000000739800000| 99%| O|  |TAMS 0x0000000739600000, 0x00000007397ffff0| Untracked 
|2336|0x0000000739800000, 0x0000000739a00000, 0x0000000739a00000|100%| O|  |TAMS 0x0000000739800000, 0x0000000739a00000| Untracked 
|2337|0x0000000739a00000, 0x0000000739c00000, 0x0000000739c00000|100%| O|  |TAMS 0x0000000739a00000, 0x0000000739c00000| Untracked 
|2338|0x0000000739c00000, 0x0000000739dffff8, 0x0000000739e00000| 99%| O|  |TAMS 0x0000000739c00000, 0x0000000739dffff8| Untracked 
|2339|0x0000000739e00000, 0x000000073a000000, 0x000000073a000000|100%| O|  |TAMS 0x0000000739e00000, 0x000000073a000000| Untracked 
|2340|0x000000073a000000, 0x000000073a200000, 0x000000073a200000|100%| O|  |TAMS 0x000000073a000000, 0x000000073a200000| Untracked 
|2341|0x000000073a200000, 0x000000073a3ffff8, 0x000000073a400000| 99%| O|  |TAMS 0x000000073a200000, 0x000000073a3ffff8| Untracked 
|2342|0x000000073a400000, 0x000000073a5ffff8, 0x000000073a600000| 99%| O|  |TAMS 0x000000073a400000, 0x000000073a5ffff8| Untracked 
|2343|0x000000073a600000, 0x000000073a800000, 0x000000073a800000|100%| O|  |TAMS 0x000000073a600000, 0x000000073a800000| Untracked 
|2344|0x000000073a800000, 0x000000073a9ffff8, 0x000000073aa00000| 99%| O|  |TAMS 0x000000073a800000, 0x000000073a9ffff8| Untracked 
|2345|0x000000073aa00000, 0x000000073ac00000, 0x000000073ac00000|100%| O|  |TAMS 0x000000073aa00000, 0x000000073ac00000| Untracked 
|2346|0x000000073ac00000, 0x000000073adffff8, 0x000000073ae00000| 99%| O|  |TAMS 0x000000073ac00000, 0x000000073adffff8| Untracked 
|2347|0x000000073ae00000, 0x000000073afffff8, 0x000000073b000000| 99%| O|  |TAMS 0x000000073ae00000, 0x000000073afffff8| Untracked 
|2348|0x000000073b000000, 0x000000073b200000, 0x000000073b200000|100%| O|  |TAMS 0x000000073b000000, 0x000000073b200000| Untracked 
|2349|0x000000073b200000, 0x000000073b400000, 0x000000073b400000|100%| O|  |TAMS 0x000000073b200000, 0x000000073b400000| Untracked 
|2350|0x000000073b400000, 0x000000073b5ffff0, 0x000000073b600000| 99%| O|  |TAMS 0x000000073b400000, 0x000000073b5ffff0| Untracked 
|2351|0x000000073b600000, 0x000000073b7ffff0, 0x000000073b800000| 99%| O|  |TAMS 0x000000073b600000, 0x000000073b7ffff0| Untracked 
|2352|0x000000073b800000, 0x000000073b9ffff0, 0x000000073ba00000| 99%| O|  |TAMS 0x000000073b800000, 0x000000073b9ffff0| Untracked 
|2353|0x000000073ba00000, 0x000000073bbffff8, 0x000000073bc00000| 99%| O|  |TAMS 0x000000073ba00000, 0x000000073bbffff8| Untracked 
|2354|0x000000073bc00000, 0x000000073bdfffe8, 0x000000073be00000| 99%| O|  |TAMS 0x000000073bc00000, 0x000000073bdfffe8| Untracked 
|2355|0x000000073be00000, 0x000000073bfffff8, 0x000000073c000000| 99%| O|  |TAMS 0x000000073be00000, 0x000000073bfffff8| Untracked 
|2356|0x000000073c000000, 0x000000073c200000, 0x000000073c200000|100%| O|  |TAMS 0x000000073c000000, 0x000000073c200000| Untracked 
|2357|0x000000073c200000, 0x000000073c400000, 0x000000073c400000|100%| O|  |TAMS 0x000000073c200000, 0x000000073c400000| Untracked 
|2358|0x000000073c400000, 0x000000073c5ffff8, 0x000000073c600000| 99%| O|  |TAMS 0x000000073c400000, 0x000000073c5ffff8| Untracked 
|2359|0x000000073c600000, 0x000000073c800000, 0x000000073c800000|100%| O|  |TAMS 0x000000073c600000, 0x000000073c800000| Untracked 
|2360|0x000000073c800000, 0x000000073ca00000, 0x000000073ca00000|100%| O|  |TAMS 0x000000073c800000, 0x000000073ca00000| Untracked 
|2361|0x000000073ca00000, 0x000000073cbffff8, 0x000000073cc00000| 99%| O|  |TAMS 0x000000073ca00000, 0x000000073cbffff8| Untracked 
|2362|0x000000073cc00000, 0x000000073cdffff8, 0x000000073ce00000| 99%| O|  |TAMS 0x000000073cc00000, 0x000000073cdffff8| Untracked 
|2363|0x000000073ce00000, 0x000000073cfffff0, 0x000000073d000000| 99%| O|  |TAMS 0x000000073ce00000, 0x000000073cfffff0| Untracked 
|2364|0x000000073d000000, 0x000000073d200000, 0x000000073d200000|100%| O|  |TAMS 0x000000073d000000, 0x000000073d200000| Untracked 
|2365|0x000000073d200000, 0x000000073d3ffff8, 0x000000073d400000| 99%| O|  |TAMS 0x000000073d200000, 0x000000073d3ffff8| Untracked 
|2366|0x000000073d400000, 0x000000073d600000, 0x000000073d600000|100%| O|  |TAMS 0x000000073d400000, 0x000000073d600000| Untracked 
|2367|0x000000073d600000, 0x000000073d7ffff8, 0x000000073d800000| 99%| O|  |TAMS 0x000000073d600000, 0x000000073d7ffff8| Untracked 
|2368|0x000000073d800000, 0x000000073d9ffff8, 0x000000073da00000| 99%| O|  |TAMS 0x000000073d800000, 0x000000073d9ffff8| Untracked 
|2369|0x000000073da00000, 0x000000073dbffff0, 0x000000073dc00000| 99%| O|  |TAMS 0x000000073da00000, 0x000000073dbffff0| Untracked 
|2370|0x000000073dc00000, 0x000000073de00000, 0x000000073de00000|100%| O|  |TAMS 0x000000073dc00000, 0x000000073de00000| Untracked 
|2371|0x000000073de00000, 0x000000073dfffff8, 0x000000073e000000| 99%| O|  |TAMS 0x000000073de00000, 0x000000073dfffff8| Untracked 
|2372|0x000000073e000000, 0x000000073e1ffff8, 0x000000073e200000| 99%| O|  |TAMS 0x000000073e000000, 0x000000073e1ffff8| Untracked 
|2373|0x000000073e200000, 0x000000073e400000, 0x000000073e400000|100%| O|  |TAMS 0x000000073e200000, 0x000000073e400000| Untracked 
|2374|0x000000073e400000, 0x000000073e5ffff8, 0x000000073e600000| 99%| O|  |TAMS 0x000000073e400000, 0x000000073e5ffff8| Untracked 
|2375|0x000000073e600000, 0x000000073e800000, 0x000000073e800000|100%| O|  |TAMS 0x000000073e600000, 0x000000073e800000| Untracked 
|2376|0x000000073e800000, 0x000000073e9ffff8, 0x000000073ea00000| 99%| O|  |TAMS 0x000000073e800000, 0x000000073e9ffff8| Untracked 
|2377|0x000000073ea00000, 0x000000073ebffff0, 0x000000073ec00000| 99%| O|  |TAMS 0x000000073ea00000, 0x000000073ebffff0| Untracked 
|2378|0x000000073ec00000, 0x000000073ee00000, 0x000000073ee00000|100%| O|  |TAMS 0x000000073ec00000, 0x000000073ee00000| Untracked 
|2379|0x000000073ee00000, 0x000000073f000000, 0x000000073f000000|100%| O|  |TAMS 0x000000073ee00000, 0x000000073f000000| Untracked 
|2380|0x000000073f000000, 0x000000073f1ffff8, 0x000000073f200000| 99%| O|  |TAMS 0x000000073f000000, 0x000000073f1ffff8| Untracked 
|2381|0x000000073f200000, 0x000000073f3ffff8, 0x000000073f400000| 99%| O|  |TAMS 0x000000073f200000, 0x000000073f3ffff8| Untracked 
|2382|0x000000073f400000, 0x000000073f5ffff8, 0x000000073f600000| 99%| O|  |TAMS 0x000000073f400000, 0x000000073f5ffff8| Untracked 
|2383|0x000000073f600000, 0x000000073f800000, 0x000000073f800000|100%| O|  |TAMS 0x000000073f600000, 0x000000073f800000| Untracked 
|2384|0x000000073f800000, 0x000000073fa00000, 0x000000073fa00000|100%| O|  |TAMS 0x000000073f800000, 0x000000073fa00000| Untracked 
|2385|0x000000073fa00000, 0x000000073fbffff8, 0x000000073fc00000| 99%| O|  |TAMS 0x000000073fa00000, 0x000000073fbffff8| Untracked 
|2386|0x000000073fc00000, 0x000000073fe00000, 0x000000073fe00000|100%| O|  |TAMS 0x000000073fc00000, 0x000000073fe00000| Untracked 
|2387|0x000000073fe00000, 0x000000073ffffff8, 0x0000000740000000| 99%| O|  |TAMS 0x000000073fe00000, 0x000000073ffffff8| Untracked 
|2388|0x0000000740000000, 0x0000000740200000, 0x0000000740200000|100%| O|  |TAMS 0x0000000740000000, 0x0000000740200000| Untracked 
|2389|0x0000000740200000, 0x0000000740400000, 0x0000000740400000|100%| O|  |TAMS 0x0000000740200000, 0x0000000740400000| Untracked 
|2390|0x0000000740400000, 0x0000000740600000, 0x0000000740600000|100%| O|  |TAMS 0x0000000740400000, 0x0000000740600000| Untracked 
|2391|0x0000000740600000, 0x00000007407ffff0, 0x0000000740800000| 99%| O|  |TAMS 0x0000000740600000, 0x00000007407ffff0| Untracked 
|2392|0x0000000740800000, 0x0000000740a00000, 0x0000000740a00000|100%| O|  |TAMS 0x0000000740800000, 0x0000000740a00000| Untracked 
|2393|0x0000000740a00000, 0x0000000740bffff8, 0x0000000740c00000| 99%| O|  |TAMS 0x0000000740a00000, 0x0000000740bffff8| Untracked 
|2394|0x0000000740c00000, 0x0000000740e00000, 0x0000000740e00000|100%| O|  |TAMS 0x0000000740c00000, 0x0000000740e00000| Untracked 
|2395|0x0000000740e00000, 0x0000000741000000, 0x0000000741000000|100%| O|  |TAMS 0x0000000740e00000, 0x0000000741000000| Untracked 
|2396|0x0000000741000000, 0x00000007411ffff8, 0x0000000741200000| 99%| O|  |TAMS 0x0000000741000000, 0x00000007411ffff8| Untracked 
|2397|0x0000000741200000, 0x0000000741400000, 0x0000000741400000|100%| O|  |TAMS 0x0000000741200000, 0x0000000741400000| Untracked 
|2398|0x0000000741400000, 0x00000007415ffff0, 0x0000000741600000| 99%| O|  |TAMS 0x0000000741400000, 0x00000007415ffff0| Untracked 
|2399|0x0000000741600000, 0x00000007417ffff8, 0x0000000741800000| 99%| O|  |TAMS 0x0000000741600000, 0x00000007417ffff8| Untracked 
|2400|0x0000000741800000, 0x0000000741a00000, 0x0000000741a00000|100%| O|  |TAMS 0x0000000741800000, 0x0000000741a00000| Untracked 
|2401|0x0000000741a00000, 0x0000000741c00000, 0x0000000741c00000|100%| O|  |TAMS 0x0000000741a00000, 0x0000000741c00000| Untracked 
|2402|0x0000000741c00000, 0x0000000741dffff0, 0x0000000741e00000| 99%| O|  |TAMS 0x0000000741c00000, 0x0000000741dffff0| Untracked 
|2403|0x0000000741e00000, 0x0000000741fffff0, 0x0000000742000000| 99%| O|  |TAMS 0x0000000741e00000, 0x0000000741fffff0| Untracked 
|2404|0x0000000742000000, 0x0000000742200000, 0x0000000742200000|100%| O|  |TAMS 0x0000000742000000, 0x0000000742200000| Untracked 
|2405|0x0000000742200000, 0x00000007423ffff8, 0x0000000742400000| 99%| O|  |TAMS 0x0000000742200000, 0x00000007423ffff8| Untracked 
|2406|0x0000000742400000, 0x00000007425ffff0, 0x0000000742600000| 99%| O|  |TAMS 0x0000000742400000, 0x00000007425ffff0| Untracked 
|2407|0x0000000742600000, 0x0000000742800000, 0x0000000742800000|100%| O|  |TAMS 0x0000000742600000, 0x0000000742800000| Untracked 
|2408|0x0000000742800000, 0x0000000742a00000, 0x0000000742a00000|100%| O|  |TAMS 0x0000000742800000, 0x0000000742a00000| Untracked 
|2409|0x0000000742a00000, 0x0000000742c00000, 0x0000000742c00000|100%| O|  |TAMS 0x0000000742a00000, 0x0000000742c00000| Untracked 
|2410|0x0000000742c00000, 0x0000000742dffff8, 0x0000000742e00000| 99%| O|  |TAMS 0x0000000742c00000, 0x0000000742dffff8| Untracked 
|2411|0x0000000742e00000, 0x0000000743000000, 0x0000000743000000|100%| O|  |TAMS 0x0000000742e00000, 0x0000000743000000| Untracked 
|2412|0x0000000743000000, 0x00000007431ffff8, 0x0000000743200000| 99%| O|  |TAMS 0x0000000743000000, 0x00000007431ffff8| Untracked 
|2413|0x0000000743200000, 0x0000000743400000, 0x0000000743400000|100%| O|  |TAMS 0x0000000743200000, 0x0000000743400000| Untracked 
|2414|0x0000000743400000, 0x00000007435fffe8, 0x0000000743600000| 99%| O|  |TAMS 0x0000000743400000, 0x00000007435fffe8| Untracked 
|2415|0x0000000743600000, 0x0000000743800000, 0x0000000743800000|100%| O|  |TAMS 0x0000000743600000, 0x0000000743800000| Untracked 
|2416|0x0000000743800000, 0x00000007439fffe8, 0x0000000743a00000| 99%| O|  |TAMS 0x0000000743800000, 0x00000007439fffe8| Untracked 
|2417|0x0000000743a00000, 0x0000000743bffff0, 0x0000000743c00000| 99%| O|  |TAMS 0x0000000743a00000, 0x0000000743bffff0| Untracked 
|2418|0x0000000743c00000, 0x0000000743e00000, 0x0000000743e00000|100%| O|  |TAMS 0x0000000743c00000, 0x0000000743e00000| Untracked 
|2419|0x0000000743e00000, 0x0000000743fffff0, 0x0000000744000000| 99%| O|  |TAMS 0x0000000743e00000, 0x0000000743fffff0| Untracked 
|2420|0x0000000744000000, 0x00000007441ffff0, 0x0000000744200000| 99%| O|  |TAMS 0x0000000744000000, 0x00000007441ffff0| Untracked 
|2421|0x0000000744200000, 0x0000000744400000, 0x0000000744400000|100%| O|  |TAMS 0x0000000744200000, 0x0000000744400000| Untracked 
|2422|0x0000000744400000, 0x0000000744600000, 0x0000000744600000|100%| O|  |TAMS 0x0000000744400000, 0x0000000744600000| Untracked 
|2423|0x0000000744600000, 0x0000000744800000, 0x0000000744800000|100%| O|  |TAMS 0x0000000744600000, 0x0000000744800000| Untracked 
|2424|0x0000000744800000, 0x00000007449ffff0, 0x0000000744a00000| 99%| O|  |TAMS 0x0000000744800000, 0x00000007449ffff0| Untracked 
|2425|0x0000000744a00000, 0x0000000744c00000, 0x0000000744c00000|100%| O|  |TAMS 0x0000000744a00000, 0x0000000744c00000| Untracked 
|2426|0x0000000744c00000, 0x0000000744e00000, 0x0000000744e00000|100%| O|  |TAMS 0x0000000744c00000, 0x0000000744e00000| Untracked 
|2427|0x0000000744e00000, 0x0000000745000000, 0x0000000745000000|100%| O|  |TAMS 0x0000000744e00000, 0x0000000745000000| Untracked 
|2428|0x0000000745000000, 0x00000007451ffff8, 0x0000000745200000| 99%| O|  |TAMS 0x0000000745000000, 0x00000007451ffff8| Untracked 
|2429|0x0000000745200000, 0x0000000745400000, 0x0000000745400000|100%| O|  |TAMS 0x0000000745200000, 0x0000000745400000| Untracked 
|2430|0x0000000745400000, 0x00000007455ffff8, 0x0000000745600000| 99%| O|  |TAMS 0x0000000745400000, 0x00000007455ffff8| Untracked 
|2431|0x0000000745600000, 0x00000007457ffff8, 0x0000000745800000| 99%| O|  |TAMS 0x0000000745600000, 0x00000007457ffff8| Untracked 
|2432|0x0000000745800000, 0x00000007459ffff8, 0x0000000745a00000| 99%| O|  |TAMS 0x0000000745800000, 0x00000007459ffff8| Untracked 
|2433|0x0000000745a00000, 0x0000000745bffff0, 0x0000000745c00000| 99%| O|  |TAMS 0x0000000745a00000, 0x0000000745bffff0| Untracked 
|2434|0x0000000745c00000, 0x0000000745dffff0, 0x0000000745e00000| 99%| O|  |TAMS 0x0000000745c00000, 0x0000000745dffff0| Untracked 
|2435|0x0000000745e00000, 0x0000000746000000, 0x0000000746000000|100%| O|  |TAMS 0x0000000745e00000, 0x0000000746000000| Untracked 
|2436|0x0000000746000000, 0x0000000746200000, 0x0000000746200000|100%| O|  |TAMS 0x0000000746000000, 0x0000000746200000| Untracked 
|2437|0x0000000746200000, 0x00000007463ffff0, 0x0000000746400000| 99%| O|  |TAMS 0x0000000746200000, 0x00000007463ffff0| Untracked 
|2438|0x0000000746400000, 0x00000007465ffff0, 0x0000000746600000| 99%| O|  |TAMS 0x0000000746400000, 0x00000007465ffff0| Untracked 
|2439|0x0000000746600000, 0x0000000746800000, 0x0000000746800000|100%| O|  |TAMS 0x0000000746600000, 0x0000000746800000| Untracked 
|2440|0x0000000746800000, 0x0000000746a00000, 0x0000000746a00000|100%| O|  |TAMS 0x0000000746800000, 0x0000000746a00000| Untracked 
|2441|0x0000000746a00000, 0x0000000746c00000, 0x0000000746c00000|100%| O|  |TAMS 0x0000000746a00000, 0x0000000746c00000| Untracked 
|2442|0x0000000746c00000, 0x0000000746dffff8, 0x0000000746e00000| 99%| O|  |TAMS 0x0000000746c00000, 0x0000000746dffff8| Untracked 
|2443|0x0000000746e00000, 0x0000000746fffff0, 0x0000000747000000| 99%| O|  |TAMS 0x0000000746e00000, 0x0000000746fffff0| Untracked 
|2444|0x0000000747000000, 0x00000007471fffe8, 0x0000000747200000| 99%| O|  |TAMS 0x0000000747000000, 0x00000007471fffe8| Untracked 
|2445|0x0000000747200000, 0x00000007473ffff0, 0x0000000747400000| 99%| O|  |TAMS 0x0000000747200000, 0x00000007473ffff0| Untracked 
|2446|0x0000000747400000, 0x0000000747600000, 0x0000000747600000|100%| O|  |TAMS 0x0000000747400000, 0x0000000747600000| Untracked 
|2447|0x0000000747600000, 0x00000007477ffff0, 0x0000000747800000| 99%| O|  |TAMS 0x0000000747600000, 0x00000007477ffff0| Untracked 
|2448|0x0000000747800000, 0x0000000747a00000, 0x0000000747a00000|100%| O|  |TAMS 0x0000000747800000, 0x0000000747a00000| Untracked 
|2449|0x0000000747a00000, 0x0000000747bffff0, 0x0000000747c00000| 99%| O|  |TAMS 0x0000000747a00000, 0x0000000747bffff0| Untracked 
|2450|0x0000000747c00000, 0x0000000747e00000, 0x0000000747e00000|100%| O|  |TAMS 0x0000000747c00000, 0x0000000747e00000| Untracked 
|2451|0x0000000747e00000, 0x0000000747fffff8, 0x0000000748000000| 99%| O|  |TAMS 0x0000000747e00000, 0x0000000747fffff8| Untracked 
|2452|0x0000000748000000, 0x0000000748200000, 0x0000000748200000|100%| O|  |TAMS 0x0000000748000000, 0x0000000748200000| Untracked 
|2453|0x0000000748200000, 0x00000007483ffff0, 0x0000000748400000| 99%| O|  |TAMS 0x0000000748200000, 0x00000007483ffff0| Untracked 
|2454|0x0000000748400000, 0x00000007485ffff0, 0x0000000748600000| 99%| O|  |TAMS 0x0000000748400000, 0x00000007485ffff0| Untracked 
|2455|0x0000000748600000, 0x0000000748800000, 0x0000000748800000|100%| O|  |TAMS 0x0000000748600000, 0x0000000748800000| Untracked 
|2456|0x0000000748800000, 0x0000000748a00000, 0x0000000748a00000|100%| O|  |TAMS 0x0000000748800000, 0x0000000748a00000| Untracked 
|2457|0x0000000748a00000, 0x0000000748bffff8, 0x0000000748c00000| 99%| O|  |TAMS 0x0000000748a00000, 0x0000000748bffff8| Untracked 
|2458|0x0000000748c00000, 0x0000000748dffff0, 0x0000000748e00000| 99%| O|  |TAMS 0x0000000748c00000, 0x0000000748dffff0| Untracked 
|2459|0x0000000748e00000, 0x0000000748fffff0, 0x0000000749000000| 99%| O|  |TAMS 0x0000000748e00000, 0x0000000748fffff0| Untracked 
|2460|0x0000000749000000, 0x00000007491ffff8, 0x0000000749200000| 99%| O|  |TAMS 0x0000000749000000, 0x00000007491ffff8| Untracked 
|2461|0x0000000749200000, 0x00000007493ffff0, 0x0000000749400000| 99%| O|  |TAMS 0x0000000749200000, 0x00000007493ffff0| Untracked 
|2462|0x0000000749400000, 0x0000000749600000, 0x0000000749600000|100%| O|  |TAMS 0x0000000749400000, 0x0000000749600000| Untracked 
|2463|0x0000000749600000, 0x00000007497ffff8, 0x0000000749800000| 99%| O|  |TAMS 0x0000000749600000, 0x00000007497ffff8| Untracked 
|2464|0x0000000749800000, 0x0000000749a00000, 0x0000000749a00000|100%| O|  |TAMS 0x0000000749800000, 0x0000000749a00000| Untracked 
|2465|0x0000000749a00000, 0x0000000749bffff8, 0x0000000749c00000| 99%| O|  |TAMS 0x0000000749a00000, 0x0000000749bffff8| Untracked 
|2466|0x0000000749c00000, 0x0000000749e00000, 0x0000000749e00000|100%| O|  |TAMS 0x0000000749c00000, 0x0000000749e00000| Untracked 
|2467|0x0000000749e00000, 0x0000000749fffff8, 0x000000074a000000| 99%| O|  |TAMS 0x0000000749e00000, 0x0000000749fffff8| Untracked 
|2468|0x000000074a000000, 0x000000074a1ffff8, 0x000000074a200000| 99%| O|  |TAMS 0x000000074a000000, 0x000000074a1ffff8| Untracked 
|2469|0x000000074a200000, 0x000000074a400000, 0x000000074a400000|100%| O|  |TAMS 0x000000074a200000, 0x000000074a400000| Untracked 
|2470|0x000000074a400000, 0x000000074a5ffff8, 0x000000074a600000| 99%| O|  |TAMS 0x000000074a400000, 0x000000074a5ffff8| Untracked 
|2471|0x000000074a600000, 0x000000074a7ffff8, 0x000000074a800000| 99%| O|  |TAMS 0x000000074a600000, 0x000000074a7ffff8| Untracked 
|2472|0x000000074a800000, 0x000000074a9ffff8, 0x000000074aa00000| 99%| O|  |TAMS 0x000000074a800000, 0x000000074a9ffff8| Untracked 
|2473|0x000000074aa00000, 0x000000074ac00000, 0x000000074ac00000|100%| O|  |TAMS 0x000000074aa00000, 0x000000074ac00000| Untracked 
|2474|0x000000074ac00000, 0x000000074adffff8, 0x000000074ae00000| 99%| O|  |TAMS 0x000000074ac00000, 0x000000074adffff8| Untracked 
|2475|0x000000074ae00000, 0x000000074b000000, 0x000000074b000000|100%| O|  |TAMS 0x000000074ae00000, 0x000000074b000000| Untracked 
|2476|0x000000074b000000, 0x000000074b1ffff8, 0x000000074b200000| 99%| O|  |TAMS 0x000000074b000000, 0x000000074b1ffff8| Untracked 
|2477|0x000000074b200000, 0x000000074b400000, 0x000000074b400000|100%| O|  |TAMS 0x000000074b200000, 0x000000074b400000| Untracked 
|2478|0x000000074b400000, 0x000000074b5ffff0, 0x000000074b600000| 99%| O|  |TAMS 0x000000074b400000, 0x000000074b5ffff0| Untracked 
|2479|0x000000074b600000, 0x000000074b800000, 0x000000074b800000|100%| O|  |TAMS 0x000000074b600000, 0x000000074b800000| Untracked 
|2480|0x000000074b800000, 0x000000074b9ffff8, 0x000000074ba00000| 99%| O|  |TAMS 0x000000074b800000, 0x000000074b9ffff8| Untracked 
|2481|0x000000074ba00000, 0x000000074bc00000, 0x000000074bc00000|100%| O|  |TAMS 0x000000074ba00000, 0x000000074bc00000| Untracked 
|2482|0x000000074bc00000, 0x000000074bdffff8, 0x000000074be00000| 99%| O|  |TAMS 0x000000074bc00000, 0x000000074bdffff8| Untracked 
|2483|0x000000074be00000, 0x000000074c000000, 0x000000074c000000|100%| O|  |TAMS 0x000000074be00000, 0x000000074c000000| Untracked 
|2484|0x000000074c000000, 0x000000074c1ffff0, 0x000000074c200000| 99%| O|  |TAMS 0x000000074c000000, 0x000000074c1ffff0| Untracked 
|2485|0x000000074c200000, 0x000000074c3ffff8, 0x000000074c400000| 99%| O|  |TAMS 0x000000074c200000, 0x000000074c3ffff8| Untracked 
|2486|0x000000074c400000, 0x000000074c600000, 0x000000074c600000|100%| O|  |TAMS 0x000000074c400000, 0x000000074c600000| Untracked 
|2487|0x000000074c600000, 0x000000074c7ffff0, 0x000000074c800000| 99%| O|  |TAMS 0x000000074c600000, 0x000000074c7ffff0| Untracked 
|2488|0x000000074c800000, 0x000000074c9ffff8, 0x000000074ca00000| 99%| O|  |TAMS 0x000000074c800000, 0x000000074c9ffff8| Untracked 
|2489|0x000000074ca00000, 0x000000074cc00000, 0x000000074cc00000|100%| O|  |TAMS 0x000000074ca00000, 0x000000074cc00000| Untracked 
|2490|0x000000074cc00000, 0x000000074cdffff0, 0x000000074ce00000| 99%| O|  |TAMS 0x000000074cc00000, 0x000000074cdffff0| Untracked 
|2491|0x000000074ce00000, 0x000000074cfffff8, 0x000000074d000000| 99%| O|  |TAMS 0x000000074ce00000, 0x000000074cfffff8| Untracked 
|2492|0x000000074d000000, 0x000000074d1ffff8, 0x000000074d200000| 99%| O|  |TAMS 0x000000074d000000, 0x000000074d1ffff8| Untracked 
|2493|0x000000074d200000, 0x000000074d400000, 0x000000074d400000|100%| O|  |TAMS 0x000000074d200000, 0x000000074d400000| Untracked 
|2494|0x000000074d400000, 0x000000074d600000, 0x000000074d600000|100%| O|  |TAMS 0x000000074d400000, 0x000000074d600000| Untracked 
|2495|0x000000074d600000, 0x000000074d7ffff8, 0x000000074d800000| 99%| O|  |TAMS 0x000000074d600000, 0x000000074d7ffff8| Untracked 
|2496|0x000000074d800000, 0x000000074d9ffff8, 0x000000074da00000| 99%| O|  |TAMS 0x000000074d800000, 0x000000074d9ffff8| Untracked 
|2497|0x000000074da00000, 0x000000074dc00000, 0x000000074dc00000|100%| O|  |TAMS 0x000000074da00000, 0x000000074dc00000| Untracked 
|2498|0x000000074dc00000, 0x000000074de00000, 0x000000074de00000|100%| O|  |TAMS 0x000000074dc00000, 0x000000074de00000| Untracked 
|2499|0x000000074de00000, 0x000000074e000000, 0x000000074e000000|100%| O|  |TAMS 0x000000074de00000, 0x000000074e000000| Untracked 
|2500|0x000000074e000000, 0x000000074e1ffff8, 0x000000074e200000| 99%| O|  |TAMS 0x000000074e000000, 0x000000074e1ffff8| Untracked 
|2501|0x000000074e200000, 0x000000074e3ffff0, 0x000000074e400000| 99%| O|  |TAMS 0x000000074e200000, 0x000000074e3ffff0| Untracked 
|2502|0x000000074e400000, 0x000000074e5ffff8, 0x000000074e600000| 99%| O|  |TAMS 0x000000074e400000, 0x000000074e5ffff8| Untracked 
|2503|0x000000074e600000, 0x000000074e800000, 0x000000074e800000|100%| O|  |TAMS 0x000000074e600000, 0x000000074e800000| Untracked 
|2504|0x000000074e800000, 0x000000074e9ffff0, 0x000000074ea00000| 99%| O|  |TAMS 0x000000074e800000, 0x000000074e9ffff0| Untracked 
|2505|0x000000074ea00000, 0x000000074ebffff8, 0x000000074ec00000| 99%| O|  |TAMS 0x000000074ea00000, 0x000000074ebffff8| Untracked 
|2506|0x000000074ec00000, 0x000000074edffff8, 0x000000074ee00000| 99%| O|  |TAMS 0x000000074ec00000, 0x000000074edffff8| Untracked 
|2507|0x000000074ee00000, 0x000000074f000000, 0x000000074f000000|100%| O|  |TAMS 0x000000074ee00000, 0x000000074f000000| Untracked 
|2508|0x000000074f000000, 0x000000074f1ffff8, 0x000000074f200000| 99%| O|  |TAMS 0x000000074f000000, 0x000000074f1ffff8| Untracked 
|2509|0x000000074f200000, 0x000000074f3ffff8, 0x000000074f400000| 99%| O|  |TAMS 0x000000074f200000, 0x000000074f3ffff8| Untracked 
|2510|0x000000074f400000, 0x000000074f600000, 0x000000074f600000|100%| O|  |TAMS 0x000000074f400000, 0x000000074f600000| Untracked 
|2511|0x000000074f600000, 0x000000074f7ffff0, 0x000000074f800000| 99%| O|  |TAMS 0x000000074f600000, 0x000000074f7ffff0| Untracked 
|2512|0x000000074f800000, 0x000000074fa00000, 0x000000074fa00000|100%| O|  |TAMS 0x000000074f800000, 0x000000074fa00000| Untracked 
|2513|0x000000074fa00000, 0x000000074fbffff8, 0x000000074fc00000| 99%| O|  |TAMS 0x000000074fa00000, 0x000000074fbffff8| Untracked 
|2514|0x000000074fc00000, 0x000000074fe00000, 0x000000074fe00000|100%| O|  |TAMS 0x000000074fc00000, 0x000000074fe00000| Untracked 
|2515|0x000000074fe00000, 0x000000074fffffe8, 0x0000000750000000| 99%| O|  |TAMS 0x000000074fe00000, 0x000000074fffffe8| Untracked 
|2516|0x0000000750000000, 0x0000000750200000, 0x0000000750200000|100%| O|  |TAMS 0x0000000750000000, 0x0000000750200000| Untracked 
|2517|0x0000000750200000, 0x00000007503ffff8, 0x0000000750400000| 99%| O|  |TAMS 0x0000000750200000, 0x00000007503ffff8| Untracked 
|2518|0x0000000750400000, 0x00000007505ffff8, 0x0000000750600000| 99%| O|  |TAMS 0x0000000750400000, 0x00000007505ffff8| Untracked 
|2519|0x0000000750600000, 0x0000000750800000, 0x0000000750800000|100%| O|  |TAMS 0x0000000750600000, 0x0000000750800000| Untracked 
|2520|0x0000000750800000, 0x0000000750a00000, 0x0000000750a00000|100%| O|  |TAMS 0x0000000750800000, 0x0000000750a00000| Untracked 
|2521|0x0000000750a00000, 0x0000000750bffff8, 0x0000000750c00000| 99%| O|  |TAMS 0x0000000750a00000, 0x0000000750bffff8| Untracked 
|2522|0x0000000750c00000, 0x0000000750e00000, 0x0000000750e00000|100%| O|  |TAMS 0x0000000750c00000, 0x0000000750e00000| Untracked 
|2523|0x0000000750e00000, 0x0000000750fffff8, 0x0000000751000000| 99%| O|  |TAMS 0x0000000750e00000, 0x0000000750fffff8| Untracked 
|2524|0x0000000751000000, 0x00000007511ffff0, 0x0000000751200000| 99%| O|  |TAMS 0x0000000751000000, 0x00000007511ffff0| Untracked 
|2525|0x0000000751200000, 0x00000007513ffff8, 0x0000000751400000| 99%| O|  |TAMS 0x0000000751200000, 0x00000007513ffff8| Untracked 
|2526|0x0000000751400000, 0x0000000751600000, 0x0000000751600000|100%| O|  |TAMS 0x0000000751400000, 0x0000000751600000| Untracked 
|2527|0x0000000751600000, 0x0000000751800000, 0x0000000751800000|100%| O|  |TAMS 0x0000000751600000, 0x0000000751800000| Untracked 
|2528|0x0000000751800000, 0x0000000751a00000, 0x0000000751a00000|100%| O|  |TAMS 0x0000000751800000, 0x0000000751a00000| Untracked 
|2529|0x0000000751a00000, 0x0000000751bffff0, 0x0000000751c00000| 99%| O|  |TAMS 0x0000000751a00000, 0x0000000751bffff0| Untracked 
|2530|0x0000000751c00000, 0x0000000751dffff8, 0x0000000751e00000| 99%| O|  |TAMS 0x0000000751c00000, 0x0000000751dffff8| Untracked 
|2531|0x0000000751e00000, 0x0000000752000000, 0x0000000752000000|100%| O|  |TAMS 0x0000000751e00000, 0x0000000752000000| Untracked 
|2532|0x0000000752000000, 0x0000000752200000, 0x0000000752200000|100%| O|  |TAMS 0x0000000752000000, 0x0000000752200000| Untracked 
|2533|0x0000000752200000, 0x00000007523ffff8, 0x0000000752400000| 99%| O|  |TAMS 0x0000000752200000, 0x00000007523ffff8| Untracked 
|2534|0x0000000752400000, 0x00000007525ffff0, 0x0000000752600000| 99%| O|  |TAMS 0x0000000752400000, 0x00000007525ffff0| Untracked 
|2535|0x0000000752600000, 0x00000007527ffff8, 0x0000000752800000| 99%| O|  |TAMS 0x0000000752600000, 0x00000007527ffff8| Untracked 
|2536|0x0000000752800000, 0x0000000752a00000, 0x0000000752a00000|100%| O|  |TAMS 0x0000000752800000, 0x0000000752a00000| Untracked 
|2537|0x0000000752a00000, 0x0000000752bffff8, 0x0000000752c00000| 99%| O|  |TAMS 0x0000000752a00000, 0x0000000752bffff8| Untracked 
|2538|0x0000000752c00000, 0x0000000752dffff0, 0x0000000752e00000| 99%| O|  |TAMS 0x0000000752c00000, 0x0000000752dffff0| Untracked 
|2539|0x0000000752e00000, 0x0000000752fffff8, 0x0000000753000000| 99%| O|  |TAMS 0x0000000752e00000, 0x0000000752fffff8| Untracked 
|2540|0x0000000753000000, 0x00000007531ffff8, 0x0000000753200000| 99%| O|  |TAMS 0x0000000753000000, 0x00000007531ffff8| Untracked 
|2541|0x0000000753200000, 0x00000007533ffff8, 0x0000000753400000| 99%| O|  |TAMS 0x0000000753200000, 0x00000007533ffff8| Untracked 
|2542|0x0000000753400000, 0x0000000753600000, 0x0000000753600000|100%| O|  |TAMS 0x0000000753400000, 0x0000000753600000| Untracked 
|2543|0x0000000753600000, 0x00000007537ffff0, 0x0000000753800000| 99%| O|  |TAMS 0x0000000753600000, 0x00000007537ffff0| Untracked 
|2544|0x0000000753800000, 0x0000000753a00000, 0x0000000753a00000|100%| O|  |TAMS 0x0000000753800000, 0x0000000753a00000| Untracked 
|2545|0x0000000753a00000, 0x0000000753bffff0, 0x0000000753c00000| 99%| O|  |TAMS 0x0000000753a00000, 0x0000000753bffff0| Untracked 
|2546|0x0000000753c00000, 0x0000000753dffff8, 0x0000000753e00000| 99%| O|  |TAMS 0x0000000753c00000, 0x0000000753dffff8| Untracked 
|2547|0x0000000753e00000, 0x0000000753fffff8, 0x0000000754000000| 99%| O|  |TAMS 0x0000000753e00000, 0x0000000753fffff8| Untracked 
|2548|0x0000000754000000, 0x00000007541ffff0, 0x0000000754200000| 99%| O|  |TAMS 0x0000000754000000, 0x00000007541ffff0| Untracked 
|2549|0x0000000754200000, 0x0000000754400000, 0x0000000754400000|100%| O|  |TAMS 0x0000000754200000, 0x0000000754400000| Untracked 
|2550|0x0000000754400000, 0x0000000754600000, 0x0000000754600000|100%| O|  |TAMS 0x0000000754400000, 0x0000000754600000| Untracked 
|2551|0x0000000754600000, 0x0000000754800000, 0x0000000754800000|100%| O|  |TAMS 0x0000000754600000, 0x0000000754800000| Untracked 
|2552|0x0000000754800000, 0x00000007549ffff0, 0x0000000754a00000| 99%| O|  |TAMS 0x0000000754800000, 0x00000007549ffff0| Untracked 
|2553|0x0000000754a00000, 0x0000000754bffff0, 0x0000000754c00000| 99%| O|  |TAMS 0x0000000754a00000, 0x0000000754bffff0| Untracked 
|2554|0x0000000754c00000, 0x0000000754dffff8, 0x0000000754e00000| 99%| O|  |TAMS 0x0000000754c00000, 0x0000000754dffff8| Untracked 
|2555|0x0000000754e00000, 0x0000000755000000, 0x0000000755000000|100%| O|  |TAMS 0x0000000754e00000, 0x0000000755000000| Untracked 
|2556|0x0000000755000000, 0x0000000755200000, 0x0000000755200000|100%| O|  |TAMS 0x0000000755000000, 0x0000000755200000| Untracked 
|2557|0x0000000755200000, 0x00000007553ffff8, 0x0000000755400000| 99%| O|  |TAMS 0x0000000755200000, 0x00000007553ffff8| Untracked 
|2558|0x0000000755400000, 0x00000007555ffff0, 0x0000000755600000| 99%| O|  |TAMS 0x0000000755400000, 0x00000007555ffff0| Untracked 
|2559|0x0000000755600000, 0x00000007557ffff0, 0x0000000755800000| 99%| O|  |TAMS 0x0000000755600000, 0x00000007557ffff0| Untracked 
|2560|0x0000000755800000, 0x00000007559ffff8, 0x0000000755a00000| 99%| O|  |TAMS 0x0000000755800000, 0x00000007559ffff8| Untracked 
|2561|0x0000000755a00000, 0x0000000755c00000, 0x0000000755c00000|100%| O|  |TAMS 0x0000000755a00000, 0x0000000755c00000| Untracked 
|2562|0x0000000755c00000, 0x0000000755e00000, 0x0000000755e00000|100%| O|  |TAMS 0x0000000755c00000, 0x0000000755e00000| Untracked 
|2563|0x0000000755e00000, 0x0000000755fffff8, 0x0000000756000000| 99%| O|  |TAMS 0x0000000755e00000, 0x0000000755fffff8| Untracked 
|2564|0x0000000756000000, 0x0000000756200000, 0x0000000756200000|100%| O|  |TAMS 0x0000000756000000, 0x0000000756200000| Untracked 
|2565|0x0000000756200000, 0x00000007563ffff8, 0x0000000756400000| 99%| O|  |TAMS 0x0000000756200000, 0x00000007563ffff8| Untracked 
|2566|0x0000000756400000, 0x0000000756600000, 0x0000000756600000|100%| O|  |TAMS 0x0000000756400000, 0x0000000756600000| Untracked 
|2567|0x0000000756600000, 0x0000000756800000, 0x0000000756800000|100%| O|  |TAMS 0x0000000756600000, 0x0000000756800000| Untracked 
|2568|0x0000000756800000, 0x00000007569ffff8, 0x0000000756a00000| 99%| O|  |TAMS 0x0000000756800000, 0x00000007569ffff8| Untracked 
|2569|0x0000000756a00000, 0x0000000756bffff0, 0x0000000756c00000| 99%| O|  |TAMS 0x0000000756a00000, 0x0000000756bffff0| Untracked 
|2570|0x0000000756c00000, 0x0000000756dffff8, 0x0000000756e00000| 99%| O|  |TAMS 0x0000000756c00000, 0x0000000756dffff8| Untracked 
|2571|0x0000000756e00000, 0x0000000757000000, 0x0000000757000000|100%| O|  |TAMS 0x0000000756e00000, 0x0000000757000000| Untracked 
|2572|0x0000000757000000, 0x0000000757200000, 0x0000000757200000|100%| O|  |TAMS 0x0000000757000000, 0x0000000757200000| Untracked 
|2573|0x0000000757200000, 0x0000000757400000, 0x0000000757400000|100%| O|  |TAMS 0x0000000757200000, 0x0000000757400000| Untracked 
|2574|0x0000000757400000, 0x00000007575ffff8, 0x0000000757600000| 99%| O|  |TAMS 0x0000000757400000, 0x00000007575ffff8| Untracked 
|2575|0x0000000757600000, 0x00000007577ffff8, 0x0000000757800000| 99%| O|  |TAMS 0x0000000757600000, 0x00000007577ffff8| Untracked 
|2576|0x0000000757800000, 0x00000007579ffff0, 0x0000000757a00000| 99%| O|  |TAMS 0x0000000757800000, 0x00000007579ffff0| Untracked 
|2577|0x0000000757a00000, 0x0000000757c00000, 0x0000000757c00000|100%| O|  |TAMS 0x0000000757a00000, 0x0000000757c00000| Untracked 
|2578|0x0000000757c00000, 0x0000000757dffff8, 0x0000000757e00000| 99%| O|  |TAMS 0x0000000757c00000, 0x0000000757dffff8| Untracked 
|2579|0x0000000757e00000, 0x0000000757fffff0, 0x0000000758000000| 99%| O|  |TAMS 0x0000000757e00000, 0x0000000757fffff0| Untracked 
|2580|0x0000000758000000, 0x0000000758200000, 0x0000000758200000|100%| O|  |TAMS 0x0000000758000000, 0x0000000758200000| Untracked 
|2581|0x0000000758200000, 0x0000000758400000, 0x0000000758400000|100%| O|  |TAMS 0x0000000758200000, 0x0000000758400000| Untracked 
|2582|0x0000000758400000, 0x00000007585ffff0, 0x0000000758600000| 99%| O|  |TAMS 0x0000000758400000, 0x00000007585ffff0| Untracked 
|2583|0x0000000758600000, 0x00000007587ffff8, 0x0000000758800000| 99%| O|  |TAMS 0x0000000758600000, 0x00000007587ffff8| Untracked 
|2584|0x0000000758800000, 0x00000007589ffff8, 0x0000000758a00000| 99%| O|  |TAMS 0x0000000758800000, 0x00000007589ffff8| Untracked 
|2585|0x0000000758a00000, 0x0000000758bffff8, 0x0000000758c00000| 99%| O|  |TAMS 0x0000000758a00000, 0x0000000758bffff8| Untracked 
|2586|0x0000000758c00000, 0x0000000758dffff8, 0x0000000758e00000| 99%| O|  |TAMS 0x0000000758c00000, 0x0000000758dffff8| Untracked 
|2587|0x0000000758e00000, 0x0000000759000000, 0x0000000759000000|100%| O|  |TAMS 0x0000000758e00000, 0x0000000759000000| Untracked 
|2588|0x0000000759000000, 0x00000007591ffff0, 0x0000000759200000| 99%| O|  |TAMS 0x0000000759000000, 0x00000007591ffff0| Untracked 
|2589|0x0000000759200000, 0x00000007593ffff8, 0x0000000759400000| 99%| O|  |TAMS 0x0000000759200000, 0x00000007593ffff8| Untracked 
|2590|0x0000000759400000, 0x00000007595fffe8, 0x0000000759600000| 99%| O|  |TAMS 0x0000000759400000, 0x00000007595fffe8| Untracked 
|2591|0x0000000759600000, 0x00000007597ffff8, 0x0000000759800000| 99%| O|  |TAMS 0x0000000759600000, 0x00000007597ffff8| Untracked 
|2592|0x0000000759800000, 0x0000000759a00000, 0x0000000759a00000|100%| O|  |TAMS 0x0000000759800000, 0x0000000759a00000| Untracked 
|2593|0x0000000759a00000, 0x0000000759bffff8, 0x0000000759c00000| 99%| O|  |TAMS 0x0000000759a00000, 0x0000000759bffff8| Untracked 
|2594|0x0000000759c00000, 0x0000000759e00000, 0x0000000759e00000|100%| O|  |TAMS 0x0000000759c00000, 0x0000000759e00000| Untracked 
|2595|0x0000000759e00000, 0x0000000759fffff8, 0x000000075a000000| 99%| O|  |TAMS 0x0000000759e00000, 0x0000000759fffff8| Untracked 
|2596|0x000000075a000000, 0x000000075a1fffe8, 0x000000075a200000| 99%| O|  |TAMS 0x000000075a000000, 0x000000075a1fffe8| Untracked 
|2597|0x000000075a200000, 0x000000075a3ffff0, 0x000000075a400000| 99%| O|  |TAMS 0x000000075a200000, 0x000000075a3ffff0| Untracked 
|2598|0x000000075a400000, 0x000000075a5ffff0, 0x000000075a600000| 99%| O|  |TAMS 0x000000075a400000, 0x000000075a5ffff0| Untracked 
|2599|0x000000075a600000, 0x000000075a800000, 0x000000075a800000|100%| O|  |TAMS 0x000000075a600000, 0x000000075a800000| Untracked 
|2600|0x000000075a800000, 0x000000075a9ffff8, 0x000000075aa00000| 99%| O|  |TAMS 0x000000075a800000, 0x000000075a9ffff8| Untracked 
|2601|0x000000075aa00000, 0x000000075abffff0, 0x000000075ac00000| 99%| O|  |TAMS 0x000000075aa00000, 0x000000075abffff0| Untracked 
|2602|0x000000075ac00000, 0x000000075adffff8, 0x000000075ae00000| 99%| O|  |TAMS 0x000000075ac00000, 0x000000075adffff8| Untracked 
|2603|0x000000075ae00000, 0x000000075afffff8, 0x000000075b000000| 99%| O|  |TAMS 0x000000075ae00000, 0x000000075afffff8| Untracked 
|2604|0x000000075b000000, 0x000000075b1ffff8, 0x000000075b200000| 99%| O|  |TAMS 0x000000075b000000, 0x000000075b1ffff8| Untracked 
|2605|0x000000075b200000, 0x000000075b400000, 0x000000075b400000|100%| O|  |TAMS 0x000000075b200000, 0x000000075b400000| Untracked 
|2606|0x000000075b400000, 0x000000075b5ffff8, 0x000000075b600000| 99%| O|  |TAMS 0x000000075b400000, 0x000000075b5ffff8| Untracked 
|2607|0x000000075b600000, 0x000000075b800000, 0x000000075b800000|100%| O|  |TAMS 0x000000075b600000, 0x000000075b800000| Untracked 
|2608|0x000000075b800000, 0x000000075ba00000, 0x000000075ba00000|100%| O|  |TAMS 0x000000075b800000, 0x000000075ba00000| Untracked 
|2609|0x000000075ba00000, 0x000000075bc00000, 0x000000075bc00000|100%| O|  |TAMS 0x000000075ba00000, 0x000000075bc00000| Untracked 
|2610|0x000000075bc00000, 0x000000075bdffff8, 0x000000075be00000| 99%| O|  |TAMS 0x000000075bc00000, 0x000000075bdffff8| Untracked 
|2611|0x000000075be00000, 0x000000075bfffff8, 0x000000075c000000| 99%| O|  |TAMS 0x000000075be00000, 0x000000075bfffff8| Untracked 
|2612|0x000000075c000000, 0x000000075c1ffff8, 0x000000075c200000| 99%| O|  |TAMS 0x000000075c000000, 0x000000075c1ffff8| Untracked 
|2613|0x000000075c200000, 0x000000075c400000, 0x000000075c400000|100%| O|  |TAMS 0x000000075c200000, 0x000000075c400000| Untracked 
|2614|0x000000075c400000, 0x000000075c5ffff0, 0x000000075c600000| 99%| O|  |TAMS 0x000000075c400000, 0x000000075c5ffff0| Untracked 
|2615|0x000000075c600000, 0x000000075c7ffff0, 0x000000075c800000| 99%| O|  |TAMS 0x000000075c600000, 0x000000075c7ffff0| Untracked 
|2616|0x000000075c800000, 0x000000075ca00000, 0x000000075ca00000|100%| O|  |TAMS 0x000000075c800000, 0x000000075ca00000| Untracked 
|2617|0x000000075ca00000, 0x000000075cbffff8, 0x000000075cc00000| 99%| O|  |TAMS 0x000000075ca00000, 0x000000075cbffff8| Untracked 
|2618|0x000000075cc00000, 0x000000075ce00000, 0x000000075ce00000|100%| O|  |TAMS 0x000000075cc00000, 0x000000075ce00000| Untracked 
|2619|0x000000075ce00000, 0x000000075d000000, 0x000000075d000000|100%| O|  |TAMS 0x000000075ce00000, 0x000000075d000000| Untracked 
|2620|0x000000075d000000, 0x000000075d1ffff8, 0x000000075d200000| 99%| O|  |TAMS 0x000000075d000000, 0x000000075d1ffff8| Untracked 
|2621|0x000000075d200000, 0x000000075d3ffff0, 0x000000075d400000| 99%| O|  |TAMS 0x000000075d200000, 0x000000075d3ffff0| Untracked 
|2622|0x000000075d400000, 0x000000075d600000, 0x000000075d600000|100%| O|  |TAMS 0x000000075d400000, 0x000000075d600000| Untracked 
|2623|0x000000075d600000, 0x000000075d800000, 0x000000075d800000|100%| O|  |TAMS 0x000000075d600000, 0x000000075d800000| Untracked 
|2624|0x000000075d800000, 0x000000075da00000, 0x000000075da00000|100%| O|  |TAMS 0x000000075d800000, 0x000000075da00000| Untracked 
|2625|0x000000075da00000, 0x000000075dbffff0, 0x000000075dc00000| 99%| O|  |TAMS 0x000000075da00000, 0x000000075dbffff0| Untracked 
|2626|0x000000075dc00000, 0x000000075ddffff8, 0x000000075de00000| 99%| O|  |TAMS 0x000000075dc00000, 0x000000075ddffff8| Untracked 
|2627|0x000000075de00000, 0x000000075e000000, 0x000000075e000000|100%| O|  |TAMS 0x000000075de00000, 0x000000075e000000| Untracked 
|2628|0x000000075e000000, 0x000000075e1ffff0, 0x000000075e200000| 99%| O|  |TAMS 0x000000075e000000, 0x000000075e1ffff0| Untracked 
|2629|0x000000075e200000, 0x000000075e3ffff8, 0x000000075e400000| 99%| O|  |TAMS 0x000000075e200000, 0x000000075e3ffff8| Untracked 
|2630|0x000000075e400000, 0x000000075e600000, 0x000000075e600000|100%| O|  |TAMS 0x000000075e400000, 0x000000075e600000| Untracked 
|2631|0x000000075e600000, 0x000000075e7ffff8, 0x000000075e800000| 99%| O|  |TAMS 0x000000075e600000, 0x000000075e7ffff8| Untracked 
|2632|0x000000075e800000, 0x000000075e9ffff0, 0x000000075ea00000| 99%| O|  |TAMS 0x000000075e800000, 0x000000075e9ffff0| Untracked 
|2633|0x000000075ea00000, 0x000000075ec00000, 0x000000075ec00000|100%| O|  |TAMS 0x000000075ea00000, 0x000000075ec00000| Untracked 
|2634|0x000000075ec00000, 0x000000075edffff0, 0x000000075ee00000| 99%| O|  |TAMS 0x000000075ec00000, 0x000000075edffff0| Untracked 
|2635|0x000000075ee00000, 0x000000075effffe8, 0x000000075f000000| 99%| O|  |TAMS 0x000000075ee00000, 0x000000075effffe8| Untracked 
|2636|0x000000075f000000, 0x000000075f1ffff8, 0x000000075f200000| 99%| O|  |TAMS 0x000000075f000000, 0x000000075f1ffff8| Untracked 
|2637|0x000000075f200000, 0x000000075f3ffff8, 0x000000075f400000| 99%| O|  |TAMS 0x000000075f200000, 0x000000075f3ffff8| Untracked 
|2638|0x000000075f400000, 0x000000075f5ffff8, 0x000000075f600000| 99%| O|  |TAMS 0x000000075f400000, 0x000000075f5ffff8| Untracked 
|2639|0x000000075f600000, 0x000000075f800000, 0x000000075f800000|100%| O|  |TAMS 0x000000075f600000, 0x000000075f800000| Untracked 
|2640|0x000000075f800000, 0x000000075f9ffff8, 0x000000075fa00000| 99%| O|  |TAMS 0x000000075f800000, 0x000000075f9ffff8| Untracked 
|2641|0x000000075fa00000, 0x000000075fc00000, 0x000000075fc00000|100%| O|  |TAMS 0x000000075fa00000, 0x000000075fc00000| Untracked 
|2642|0x000000075fc00000, 0x000000075fe00000, 0x000000075fe00000|100%| O|  |TAMS 0x000000075fc00000, 0x000000075fe00000| Untracked 
|2643|0x000000075fe00000, 0x000000075ffffff8, 0x0000000760000000| 99%| O|  |TAMS 0x000000075fe00000, 0x000000075ffffff8| Untracked 
|2644|0x0000000760000000, 0x00000007601ffff0, 0x0000000760200000| 99%| O|  |TAMS 0x0000000760000000, 0x00000007601ffff0| Untracked 
|2645|0x0000000760200000, 0x0000000760400000, 0x0000000760400000|100%| O|  |TAMS 0x0000000760200000, 0x0000000760400000| Untracked 
|2646|0x0000000760400000, 0x0000000760600000, 0x0000000760600000|100%| O|  |TAMS 0x0000000760400000, 0x0000000760600000| Untracked 
|2647|0x0000000760600000, 0x00000007607ffff8, 0x0000000760800000| 99%| O|  |TAMS 0x0000000760600000, 0x00000007607ffff8| Untracked 
|2648|0x0000000760800000, 0x00000007609ffff0, 0x0000000760a00000| 99%| O|  |TAMS 0x0000000760800000, 0x00000007609ffff0| Untracked 
|2649|0x0000000760a00000, 0x0000000760bffff8, 0x0000000760c00000| 99%| O|  |TAMS 0x0000000760a00000, 0x0000000760bffff8| Untracked 
|2650|0x0000000760c00000, 0x0000000760e00000, 0x0000000760e00000|100%| O|  |TAMS 0x0000000760c00000, 0x0000000760e00000| Untracked 
|2651|0x0000000760e00000, 0x0000000761000000, 0x0000000761000000|100%| O|  |TAMS 0x0000000760e00000, 0x0000000761000000| Untracked 
|2652|0x0000000761000000, 0x0000000761200000, 0x0000000761200000|100%| O|  |TAMS 0x0000000761000000, 0x0000000761200000| Untracked 
|2653|0x0000000761200000, 0x0000000761400000, 0x0000000761400000|100%| O|  |TAMS 0x0000000761200000, 0x0000000761400000| Untracked 
|2654|0x0000000761400000, 0x00000007615ffff8, 0x0000000761600000| 99%| O|  |TAMS 0x0000000761400000, 0x00000007615ffff8| Untracked 
|2655|0x0000000761600000, 0x0000000761800000, 0x0000000761800000|100%| O|  |TAMS 0x0000000761600000, 0x0000000761800000| Untracked 
|2656|0x0000000761800000, 0x00000007619ffff8, 0x0000000761a00000| 99%| O|  |TAMS 0x0000000761800000, 0x00000007619ffff8| Untracked 
|2657|0x0000000761a00000, 0x0000000761c00000, 0x0000000761c00000|100%| O|  |TAMS 0x0000000761a00000, 0x0000000761c00000| Untracked 
|2658|0x0000000761c00000, 0x0000000761e00000, 0x0000000761e00000|100%| O|  |TAMS 0x0000000761c00000, 0x0000000761e00000| Untracked 
|2659|0x0000000761e00000, 0x0000000762000000, 0x0000000762000000|100%| O|  |TAMS 0x0000000761e00000, 0x0000000762000000| Untracked 
|2660|0x0000000762000000, 0x00000007621ffff0, 0x0000000762200000| 99%| O|  |TAMS 0x0000000762000000, 0x00000007621ffff0| Untracked 
|2661|0x0000000762200000, 0x00000007623ffff8, 0x0000000762400000| 99%| O|  |TAMS 0x0000000762200000, 0x00000007623ffff8| Untracked 
|2662|0x0000000762400000, 0x0000000762600000, 0x0000000762600000|100%| O|  |TAMS 0x0000000762400000, 0x0000000762600000| Untracked 
|2663|0x0000000762600000, 0x00000007627ffff8, 0x0000000762800000| 99%| O|  |TAMS 0x0000000762600000, 0x00000007627ffff8| Untracked 
|2664|0x0000000762800000, 0x0000000762a00000, 0x0000000762a00000|100%| O|  |TAMS 0x0000000762800000, 0x0000000762a00000| Untracked 
|2665|0x0000000762a00000, 0x0000000762bffff8, 0x0000000762c00000| 99%| O|  |TAMS 0x0000000762a00000, 0x0000000762bffff8| Untracked 
|2666|0x0000000762c00000, 0x0000000762e00000, 0x0000000762e00000|100%| O|  |TAMS 0x0000000762c00000, 0x0000000762e00000| Untracked 
|2667|0x0000000762e00000, 0x0000000763000000, 0x0000000763000000|100%| O|  |TAMS 0x0000000762e00000, 0x0000000763000000| Untracked 
|2668|0x0000000763000000, 0x0000000763200000, 0x0000000763200000|100%| O|  |TAMS 0x0000000763000000, 0x0000000763200000| Untracked 
|2669|0x0000000763200000, 0x00000007633ffff0, 0x0000000763400000| 99%| O|  |TAMS 0x0000000763200000, 0x00000007633ffff0| Untracked 
|2670|0x0000000763400000, 0x0000000763600000, 0x0000000763600000|100%| O|  |TAMS 0x0000000763400000, 0x0000000763600000| Untracked 
|2671|0x0000000763600000, 0x0000000763800000, 0x0000000763800000|100%| O|  |TAMS 0x0000000763600000, 0x0000000763800000| Untracked 
|2672|0x0000000763800000, 0x00000007639ffff8, 0x0000000763a00000| 99%| O|  |TAMS 0x0000000763800000, 0x00000007639ffff8| Untracked 
|2673|0x0000000763a00000, 0x0000000763c00000, 0x0000000763c00000|100%| O|  |TAMS 0x0000000763a00000, 0x0000000763c00000| Untracked 
|2674|0x0000000763c00000, 0x0000000763e00000, 0x0000000763e00000|100%| O|  |TAMS 0x0000000763c00000, 0x0000000763e00000| Untracked 
|2675|0x0000000763e00000, 0x0000000764000000, 0x0000000764000000|100%| O|  |TAMS 0x0000000763e00000, 0x0000000764000000| Untracked 
|2676|0x0000000764000000, 0x0000000764200000, 0x0000000764200000|100%| O|  |TAMS 0x0000000764000000, 0x0000000764200000| Untracked 
|2677|0x0000000764200000, 0x0000000764400000, 0x0000000764400000|100%| O|  |TAMS 0x0000000764200000, 0x0000000764400000| Untracked 
|2678|0x0000000764400000, 0x0000000764600000, 0x0000000764600000|100%| O|  |TAMS 0x0000000764400000, 0x0000000764600000| Untracked 
|2679|0x0000000764600000, 0x0000000764800000, 0x0000000764800000|100%| O|  |TAMS 0x0000000764600000, 0x0000000764800000| Untracked 
|2680|0x0000000764800000, 0x00000007649ffff8, 0x0000000764a00000| 99%| O|  |TAMS 0x0000000764800000, 0x00000007649ffff8| Untracked 
|2681|0x0000000764a00000, 0x0000000764c00000, 0x0000000764c00000|100%| O|  |TAMS 0x0000000764a00000, 0x0000000764c00000| Untracked 
|2682|0x0000000764c00000, 0x0000000764dffff0, 0x0000000764e00000| 99%| O|  |TAMS 0x0000000764c00000, 0x0000000764dffff0| Untracked 
|2683|0x0000000764e00000, 0x0000000764fffff8, 0x0000000765000000| 99%| O|  |TAMS 0x0000000764e00000, 0x0000000764fffff8| Untracked 
|2684|0x0000000765000000, 0x00000007651ffff8, 0x0000000765200000| 99%| O|  |TAMS 0x0000000765000000, 0x00000007651ffff8| Untracked 
|2685|0x0000000765200000, 0x0000000765400000, 0x0000000765400000|100%| O|  |TAMS 0x0000000765200000, 0x0000000765400000| Untracked 
|2686|0x0000000765400000, 0x00000007655fffe8, 0x0000000765600000| 99%| O|  |TAMS 0x0000000765400000, 0x00000007655fffe8| Untracked 
|2687|0x0000000765600000, 0x0000000765800000, 0x0000000765800000|100%| O|  |TAMS 0x0000000765600000, 0x0000000765800000| Untracked 
|2688|0x0000000765800000, 0x0000000765a00000, 0x0000000765a00000|100%| O|  |TAMS 0x0000000765800000, 0x0000000765a00000| Untracked 
|2689|0x0000000765a00000, 0x0000000765c00000, 0x0000000765c00000|100%| O|  |TAMS 0x0000000765a00000, 0x0000000765c00000| Untracked 
|2690|0x0000000765c00000, 0x0000000765dffff8, 0x0000000765e00000| 99%| O|  |TAMS 0x0000000765c00000, 0x0000000765dffff8| Untracked 
|2691|0x0000000765e00000, 0x0000000765fffff8, 0x0000000766000000| 99%| O|  |TAMS 0x0000000765e00000, 0x0000000765fffff8| Untracked 
|2692|0x0000000766000000, 0x00000007661ffff8, 0x0000000766200000| 99%| O|  |TAMS 0x0000000766000000, 0x00000007661ffff8| Untracked 
|2693|0x0000000766200000, 0x0000000766400000, 0x0000000766400000|100%| O|  |TAMS 0x0000000766200000, 0x0000000766400000| Untracked 
|2694|0x0000000766400000, 0x00000007665ffff8, 0x0000000766600000| 99%| O|  |TAMS 0x0000000766400000, 0x00000007665ffff8| Untracked 
|2695|0x0000000766600000, 0x0000000766800000, 0x0000000766800000|100%| O|  |TAMS 0x0000000766600000, 0x0000000766800000| Untracked 
|2696|0x0000000766800000, 0x0000000766a00000, 0x0000000766a00000|100%| O|  |TAMS 0x0000000766800000, 0x0000000766a00000| Untracked 
|2697|0x0000000766a00000, 0x0000000766c00000, 0x0000000766c00000|100%| O|  |TAMS 0x0000000766a00000, 0x0000000766c00000| Untracked 
|2698|0x0000000766c00000, 0x0000000766e00000, 0x0000000766e00000|100%| O|  |TAMS 0x0000000766c00000, 0x0000000766e00000| Untracked 
|2699|0x0000000766e00000, 0x0000000766fffff8, 0x0000000767000000| 99%| O|  |TAMS 0x0000000766e00000, 0x0000000766fffff8| Untracked 
|2700|0x0000000767000000, 0x00000007671ffff8, 0x0000000767200000| 99%| O|  |TAMS 0x0000000767000000, 0x00000007671ffff8| Untracked 
|2701|0x0000000767200000, 0x00000007673ffff8, 0x0000000767400000| 99%| O|  |TAMS 0x0000000767200000, 0x00000007673ffff8| Untracked 
|2702|0x0000000767400000, 0x00000007675ffff0, 0x0000000767600000| 99%| O|  |TAMS 0x0000000767400000, 0x00000007675ffff0| Untracked 
|2703|0x0000000767600000, 0x00000007677ffff8, 0x0000000767800000| 99%| O|  |TAMS 0x0000000767600000, 0x00000007677ffff8| Untracked 
|2704|0x0000000767800000, 0x00000007679ffff0, 0x0000000767a00000| 99%| O|  |TAMS 0x0000000767800000, 0x00000007679ffff0| Untracked 
|2705|0x0000000767a00000, 0x0000000767bffff8, 0x0000000767c00000| 99%| O|  |TAMS 0x0000000767a00000, 0x0000000767bffff8| Untracked 
|2706|0x0000000767c00000, 0x0000000767e00000, 0x0000000767e00000|100%| O|  |TAMS 0x0000000767c00000, 0x0000000767e00000| Untracked 
|2707|0x0000000767e00000, 0x0000000768000000, 0x0000000768000000|100%| O|  |TAMS 0x0000000767e00000, 0x0000000768000000| Untracked 
|2708|0x0000000768000000, 0x00000007681ffff0, 0x0000000768200000| 99%| O|  |TAMS 0x0000000768000000, 0x00000007681ffff0| Untracked 
|2709|0x0000000768200000, 0x00000007683fffe8, 0x0000000768400000| 99%| O|  |TAMS 0x0000000768200000, 0x00000007683fffe8| Untracked 
|2710|0x0000000768400000, 0x00000007685ffff8, 0x0000000768600000| 99%| O|  |TAMS 0x0000000768400000, 0x00000007685ffff8| Untracked 
|2711|0x0000000768600000, 0x0000000768800000, 0x0000000768800000|100%| O|  |TAMS 0x0000000768600000, 0x0000000768800000| Untracked 
|2712|0x0000000768800000, 0x00000007689ffff0, 0x0000000768a00000| 99%| O|  |TAMS 0x0000000768800000, 0x00000007689ffff0| Untracked 
|2713|0x0000000768a00000, 0x0000000768bffff8, 0x0000000768c00000| 99%| O|  |TAMS 0x0000000768a00000, 0x0000000768bffff8| Untracked 
|2714|0x0000000768c00000, 0x0000000768dffff0, 0x0000000768e00000| 99%| O|  |TAMS 0x0000000768c00000, 0x0000000768dffff0| Untracked 
|2715|0x0000000768e00000, 0x0000000769000000, 0x0000000769000000|100%| O|  |TAMS 0x0000000768e00000, 0x0000000769000000| Untracked 
|2716|0x0000000769000000, 0x0000000769200000, 0x0000000769200000|100%| O|  |TAMS 0x0000000769000000, 0x0000000769200000| Untracked 
|2717|0x0000000769200000, 0x00000007693ffff8, 0x0000000769400000| 99%| O|  |TAMS 0x0000000769200000, 0x00000007693ffff8| Untracked 
|2718|0x0000000769400000, 0x0000000769600000, 0x0000000769600000|100%| O|  |TAMS 0x0000000769400000, 0x0000000769600000| Untracked 
|2719|0x0000000769600000, 0x00000007697ffff8, 0x0000000769800000| 99%| O|  |TAMS 0x0000000769600000, 0x00000007697ffff8| Untracked 
|2720|0x0000000769800000, 0x00000007699ffff8, 0x0000000769a00000| 99%| O|  |TAMS 0x0000000769800000, 0x00000007699ffff8| Untracked 
|2721|0x0000000769a00000, 0x0000000769c00000, 0x0000000769c00000|100%| O|  |TAMS 0x0000000769a00000, 0x0000000769c00000| Untracked 
|2722|0x0000000769c00000, 0x0000000769e00000, 0x0000000769e00000|100%| O|  |TAMS 0x0000000769c00000, 0x0000000769e00000| Untracked 
|2723|0x0000000769e00000, 0x000000076a000000, 0x000000076a000000|100%| O|  |TAMS 0x0000000769e00000, 0x000000076a000000| Untracked 
|2724|0x000000076a000000, 0x000000076a1ffff8, 0x000000076a200000| 99%| O|  |TAMS 0x000000076a000000, 0x000000076a1ffff8| Untracked 
|2725|0x000000076a200000, 0x000000076a400000, 0x000000076a400000|100%| O|  |TAMS 0x000000076a200000, 0x000000076a400000| Untracked 
|2726|0x000000076a400000, 0x000000076a600000, 0x000000076a600000|100%| O|  |TAMS 0x000000076a400000, 0x000000076a600000| Untracked 
|2727|0x000000076a600000, 0x000000076a7ffff0, 0x000000076a800000| 99%| O|  |TAMS 0x000000076a600000, 0x000000076a7ffff0| Untracked 
|2728|0x000000076a800000, 0x000000076a9ffff8, 0x000000076aa00000| 99%| O|  |TAMS 0x000000076a800000, 0x000000076a9ffff8| Untracked 
|2729|0x000000076aa00000, 0x000000076ac00000, 0x000000076ac00000|100%| O|  |TAMS 0x000000076aa00000, 0x000000076ac00000| Untracked 
|2730|0x000000076ac00000, 0x000000076ae00000, 0x000000076ae00000|100%| O|  |TAMS 0x000000076ac00000, 0x000000076ae00000| Untracked 
|2731|0x000000076ae00000, 0x000000076afffff8, 0x000000076b000000| 99%| O|  |TAMS 0x000000076ae00000, 0x000000076afffff8| Untracked 
|2732|0x000000076b000000, 0x000000076b200000, 0x000000076b200000|100%| O|  |TAMS 0x000000076b000000, 0x000000076b200000| Untracked 
|2733|0x000000076b200000, 0x000000076b400000, 0x000000076b400000|100%| O|  |TAMS 0x000000076b200000, 0x000000076b400000| Untracked 
|2734|0x000000076b400000, 0x000000076b600000, 0x000000076b600000|100%| O|  |TAMS 0x000000076b400000, 0x000000076b600000| Untracked 
|2735|0x000000076b600000, 0x000000076b7ffff8, 0x000000076b800000| 99%| O|  |TAMS 0x000000076b600000, 0x000000076b7ffff8| Untracked 
|2736|0x000000076b800000, 0x000000076ba00000, 0x000000076ba00000|100%| O|  |TAMS 0x000000076b800000, 0x000000076ba00000| Untracked 
|2737|0x000000076ba00000, 0x000000076bc00000, 0x000000076bc00000|100%| O|  |TAMS 0x000000076ba00000, 0x000000076bc00000| Untracked 
|2738|0x000000076bc00000, 0x000000076be00000, 0x000000076be00000|100%| O|  |TAMS 0x000000076bc00000, 0x000000076be00000| Untracked 
|2739|0x000000076be00000, 0x000000076c000000, 0x000000076c000000|100%| O|  |TAMS 0x000000076be00000, 0x000000076c000000| Untracked 
|2740|0x000000076c000000, 0x000000076c1ffff8, 0x000000076c200000| 99%| O|  |TAMS 0x000000076c000000, 0x000000076c1ffff8| Untracked 
|2741|0x000000076c200000, 0x000000076c3fffe8, 0x000000076c400000| 99%| O|  |TAMS 0x000000076c200000, 0x000000076c3fffe8| Untracked 
|2742|0x000000076c400000, 0x000000076c5ffff8, 0x000000076c600000| 99%| O|  |TAMS 0x000000076c400000, 0x000000076c5ffff8| Untracked 
|2743|0x000000076c600000, 0x000000076c7ffff8, 0x000000076c800000| 99%| O|  |TAMS 0x000000076c600000, 0x000000076c7ffff8| Untracked 
|2744|0x000000076c800000, 0x000000076ca00000, 0x000000076ca00000|100%| O|  |TAMS 0x000000076c800000, 0x000000076ca00000| Untracked 
|2745|0x000000076ca00000, 0x000000076cbffff8, 0x000000076cc00000| 99%| O|  |TAMS 0x000000076ca00000, 0x000000076cbffff8| Untracked 
|2746|0x000000076cc00000, 0x000000076ce00000, 0x000000076ce00000|100%| O|  |TAMS 0x000000076cc00000, 0x000000076ce00000| Untracked 
|2747|0x000000076ce00000, 0x000000076cfffff8, 0x000000076d000000| 99%| O|  |TAMS 0x000000076ce00000, 0x000000076cfffff8| Untracked 
|2748|0x000000076d000000, 0x000000076d200000, 0x000000076d200000|100%| O|  |TAMS 0x000000076d000000, 0x000000076d200000| Untracked 
|2749|0x000000076d200000, 0x000000076d3ffff0, 0x000000076d400000| 99%| O|  |TAMS 0x000000076d200000, 0x000000076d3ffff0| Untracked 
|2750|0x000000076d400000, 0x000000076d5ffff8, 0x000000076d600000| 99%| O|  |TAMS 0x000000076d400000, 0x000000076d5ffff8| Untracked 
|2751|0x000000076d600000, 0x000000076d800000, 0x000000076d800000|100%| O|  |TAMS 0x000000076d600000, 0x000000076d800000| Untracked 
|2752|0x000000076d800000, 0x000000076d9ffff8, 0x000000076da00000| 99%| O|  |TAMS 0x000000076d800000, 0x000000076d9ffff8| Untracked 
|2753|0x000000076da00000, 0x000000076dc00000, 0x000000076dc00000|100%| O|  |TAMS 0x000000076da00000, 0x000000076dc00000| Untracked 
|2754|0x000000076dc00000, 0x000000076de00000, 0x000000076de00000|100%| O|  |TAMS 0x000000076dc00000, 0x000000076de00000| Untracked 
|2755|0x000000076de00000, 0x000000076e000000, 0x000000076e000000|100%| O|  |TAMS 0x000000076de00000, 0x000000076e000000| Untracked 
|2756|0x000000076e000000, 0x000000076e200000, 0x000000076e200000|100%| O|  |TAMS 0x000000076e000000, 0x000000076e200000| Untracked 
|2757|0x000000076e200000, 0x000000076e3fffe8, 0x000000076e400000| 99%| O|  |TAMS 0x000000076e200000, 0x000000076e3fffe8| Untracked 
|2758|0x000000076e400000, 0x000000076e5ffff8, 0x000000076e600000| 99%| O|  |TAMS 0x000000076e400000, 0x000000076e5ffff8| Untracked 
|2759|0x000000076e600000, 0x000000076e800000, 0x000000076e800000|100%| O|  |TAMS 0x000000076e600000, 0x000000076e800000| Untracked 
|2760|0x000000076e800000, 0x000000076e9ffff8, 0x000000076ea00000| 99%| O|  |TAMS 0x000000076e800000, 0x000000076e9ffff8| Untracked 
|2761|0x000000076ea00000, 0x000000076ebffff0, 0x000000076ec00000| 99%| O|  |TAMS 0x000000076ea00000, 0x000000076ebffff0| Untracked 
|2762|0x000000076ec00000, 0x000000076edffff8, 0x000000076ee00000| 99%| O|  |TAMS 0x000000076ec00000, 0x000000076edffff8| Untracked 
|2763|0x000000076ee00000, 0x000000076f000000, 0x000000076f000000|100%| O|  |TAMS 0x000000076ee00000, 0x000000076f000000| Untracked 
|2764|0x000000076f000000, 0x000000076f1ffff8, 0x000000076f200000| 99%| O|  |TAMS 0x000000076f000000, 0x000000076f1ffff8| Untracked 
|2765|0x000000076f200000, 0x000000076f3ffff8, 0x000000076f400000| 99%| O|  |TAMS 0x000000076f200000, 0x000000076f3ffff8| Untracked 
|2766|0x000000076f400000, 0x000000076f600000, 0x000000076f600000|100%| O|  |TAMS 0x000000076f400000, 0x000000076f600000| Untracked 
|2767|0x000000076f600000, 0x000000076f7ffff8, 0x000000076f800000| 99%| O|  |TAMS 0x000000076f600000, 0x000000076f7ffff8| Untracked 
|2768|0x000000076f800000, 0x000000076f9ffff8, 0x000000076fa00000| 99%| O|  |TAMS 0x000000076f800000, 0x000000076f9ffff8| Untracked 
|2769|0x000000076fa00000, 0x000000076fbfffe8, 0x000000076fc00000| 99%| O|  |TAMS 0x000000076fa00000, 0x000000076fbfffe8| Untracked 
|2770|0x000000076fc00000, 0x000000076fdffff8, 0x000000076fe00000| 99%| O|  |TAMS 0x000000076fc00000, 0x000000076fdffff8| Untracked 
|2771|0x000000076fe00000, 0x0000000770000000, 0x0000000770000000|100%| O|  |TAMS 0x000000076fe00000, 0x0000000770000000| Untracked 
|2772|0x0000000770000000, 0x00000007701ffff0, 0x0000000770200000| 99%| O|  |TAMS 0x0000000770000000, 0x00000007701ffff0| Untracked 
|2773|0x0000000770200000, 0x0000000770400000, 0x0000000770400000|100%| O|  |TAMS 0x0000000770200000, 0x0000000770400000| Untracked 
|2774|0x0000000770400000, 0x00000007705ffff8, 0x0000000770600000| 99%| O|  |TAMS 0x0000000770400000, 0x00000007705ffff8| Untracked 
|2775|0x0000000770600000, 0x00000007707ffff8, 0x0000000770800000| 99%| O|  |TAMS 0x0000000770600000, 0x00000007707ffff8| Untracked 
|2776|0x0000000770800000, 0x0000000770a00000, 0x0000000770a00000|100%| O|  |TAMS 0x0000000770800000, 0x0000000770a00000| Untracked 
|2777|0x0000000770a00000, 0x0000000770bffff8, 0x0000000770c00000| 99%| O|  |TAMS 0x0000000770a00000, 0x0000000770bffff8| Untracked 
|2778|0x0000000770c00000, 0x0000000770dffff0, 0x0000000770e00000| 99%| O|  |TAMS 0x0000000770c00000, 0x0000000770dffff0| Untracked 
|2779|0x0000000770e00000, 0x0000000771000000, 0x0000000771000000|100%| O|  |TAMS 0x0000000770e00000, 0x0000000771000000| Untracked 
|2780|0x0000000771000000, 0x00000007711ffff0, 0x0000000771200000| 99%| O|  |TAMS 0x0000000771000000, 0x00000007711ffff0| Untracked 
|2781|0x0000000771200000, 0x0000000771400000, 0x0000000771400000|100%| O|  |TAMS 0x0000000771200000, 0x0000000771400000| Untracked 
|2782|0x0000000771400000, 0x0000000771600000, 0x0000000771600000|100%| O|  |TAMS 0x0000000771400000, 0x0000000771600000| Untracked 
|2783|0x0000000771600000, 0x0000000771800000, 0x0000000771800000|100%| O|  |TAMS 0x0000000771600000, 0x0000000771800000| Untracked 
|2784|0x0000000771800000, 0x00000007719ffff8, 0x0000000771a00000| 99%| O|  |TAMS 0x0000000771800000, 0x00000007719ffff8| Untracked 
|2785|0x0000000771a00000, 0x0000000771bffff0, 0x0000000771c00000| 99%| O|  |TAMS 0x0000000771a00000, 0x0000000771bffff0| Untracked 
|2786|0x0000000771c00000, 0x0000000771e00000, 0x0000000771e00000|100%| O|  |TAMS 0x0000000771c00000, 0x0000000771e00000| Untracked 
|2787|0x0000000771e00000, 0x0000000772000000, 0x0000000772000000|100%| O|  |TAMS 0x0000000771e00000, 0x0000000772000000| Untracked 
|2788|0x0000000772000000, 0x0000000772200000, 0x0000000772200000|100%| O|  |TAMS 0x0000000772000000, 0x0000000772200000| Untracked 
|2789|0x0000000772200000, 0x00000007723ffff0, 0x0000000772400000| 99%| O|  |TAMS 0x0000000772200000, 0x00000007723ffff0| Untracked 
|2790|0x0000000772400000, 0x00000007725ffff8, 0x0000000772600000| 99%| O|  |TAMS 0x0000000772400000, 0x00000007725ffff8| Untracked 
|2791|0x0000000772600000, 0x0000000772800000, 0x0000000772800000|100%| O|  |TAMS 0x0000000772600000, 0x0000000772800000| Untracked 
|2792|0x0000000772800000, 0x00000007729ffff8, 0x0000000772a00000| 99%| O|  |TAMS 0x0000000772800000, 0x00000007729ffff8| Untracked 
|2793|0x0000000772a00000, 0x0000000772bffff8, 0x0000000772c00000| 99%| O|  |TAMS 0x0000000772a00000, 0x0000000772bffff8| Untracked 
|2794|0x0000000772c00000, 0x0000000772dffff8, 0x0000000772e00000| 99%| O|  |TAMS 0x0000000772c00000, 0x0000000772dffff8| Untracked 
|2795|0x0000000772e00000, 0x0000000772fffff0, 0x0000000773000000| 99%| O|  |TAMS 0x0000000772e00000, 0x0000000772fffff0| Untracked 
|2796|0x0000000773000000, 0x0000000773200000, 0x0000000773200000|100%| O|  |TAMS 0x0000000773000000, 0x0000000773200000| Untracked 
|2797|0x0000000773200000, 0x0000000773400000, 0x0000000773400000|100%| O|  |TAMS 0x0000000773200000, 0x0000000773400000| Untracked 
|2798|0x0000000773400000, 0x00000007735ffff8, 0x0000000773600000| 99%| O|  |TAMS 0x0000000773400000, 0x00000007735ffff8| Untracked 
|2799|0x0000000773600000, 0x00000007737ffff8, 0x0000000773800000| 99%| O|  |TAMS 0x0000000773600000, 0x00000007737ffff8| Untracked 
|2800|0x0000000773800000, 0x00000007739ffff0, 0x0000000773a00000| 99%| O|  |TAMS 0x0000000773800000, 0x00000007739ffff0| Untracked 
|2801|0x0000000773a00000, 0x0000000773c00000, 0x0000000773c00000|100%| O|  |TAMS 0x0000000773a00000, 0x0000000773c00000| Untracked 
|2802|0x0000000773c00000, 0x0000000773e00000, 0x0000000773e00000|100%| O|  |TAMS 0x0000000773c00000, 0x0000000773e00000| Untracked 
|2803|0x0000000773e00000, 0x0000000774000000, 0x0000000774000000|100%| O|  |TAMS 0x0000000773e00000, 0x0000000774000000| Untracked 
|2804|0x0000000774000000, 0x00000007741ffff8, 0x0000000774200000| 99%| O|  |TAMS 0x0000000774000000, 0x00000007741ffff8| Untracked 
|2805|0x0000000774200000, 0x00000007743ffff8, 0x0000000774400000| 99%| O|  |TAMS 0x0000000774200000, 0x00000007743ffff8| Untracked 
|2806|0x0000000774400000, 0x0000000774600000, 0x0000000774600000|100%| O|  |TAMS 0x0000000774400000, 0x0000000774600000| Untracked 
|2807|0x0000000774600000, 0x00000007747ffff8, 0x0000000774800000| 99%| O|  |TAMS 0x0000000774600000, 0x00000007747ffff8| Untracked 
|2808|0x0000000774800000, 0x0000000774a00000, 0x0000000774a00000|100%| O|  |TAMS 0x0000000774800000, 0x0000000774a00000| Untracked 
|2809|0x0000000774a00000, 0x0000000774c00000, 0x0000000774c00000|100%| O|  |TAMS 0x0000000774a00000, 0x0000000774c00000| Untracked 
|2810|0x0000000774c00000, 0x0000000774dffff0, 0x0000000774e00000| 99%| O|  |TAMS 0x0000000774c00000, 0x0000000774dffff0| Untracked 
|2811|0x0000000774e00000, 0x0000000774fffff0, 0x0000000775000000| 99%| O|  |TAMS 0x0000000774e00000, 0x0000000774fffff0| Untracked 
|2812|0x0000000775000000, 0x0000000775200000, 0x0000000775200000|100%| O|  |TAMS 0x0000000775000000, 0x0000000775200000| Untracked 
|2813|0x0000000775200000, 0x0000000775400000, 0x0000000775400000|100%| O|  |TAMS 0x0000000775200000, 0x0000000775400000| Untracked 
|2814|0x0000000775400000, 0x00000007755ffff8, 0x0000000775600000| 99%| O|  |TAMS 0x0000000775400000, 0x00000007755ffff8| Untracked 
|2815|0x0000000775600000, 0x00000007757ffff8, 0x0000000775800000| 99%| O|  |TAMS 0x0000000775600000, 0x00000007757ffff8| Untracked 
|2816|0x0000000775800000, 0x00000007759ffff8, 0x0000000775a00000| 99%| O|  |TAMS 0x0000000775800000, 0x00000007759ffff8| Untracked 
|2817|0x0000000775a00000, 0x0000000775bffff0, 0x0000000775c00000| 99%| O|  |TAMS 0x0000000775a00000, 0x0000000775bffff0| Untracked 
|2818|0x0000000775c00000, 0x0000000775e00000, 0x0000000775e00000|100%| O|  |TAMS 0x0000000775c00000, 0x0000000775e00000| Untracked 
|2819|0x0000000775e00000, 0x0000000776000000, 0x0000000776000000|100%| O|  |TAMS 0x0000000775e00000, 0x0000000776000000| Untracked 
|2820|0x0000000776000000, 0x00000007761ffff0, 0x0000000776200000| 99%| O|  |TAMS 0x0000000776000000, 0x00000007761ffff0| Untracked 
|2821|0x0000000776200000, 0x00000007763ffff8, 0x0000000776400000| 99%| O|  |TAMS 0x0000000776200000, 0x00000007763ffff8| Untracked 
|2822|0x0000000776400000, 0x0000000776600000, 0x0000000776600000|100%| O|  |TAMS 0x0000000776400000, 0x0000000776600000| Untracked 
|2823|0x0000000776600000, 0x0000000776800000, 0x0000000776800000|100%| O|  |TAMS 0x0000000776600000, 0x0000000776800000| Untracked 
|2824|0x0000000776800000, 0x00000007769ffff8, 0x0000000776a00000| 99%| O|  |TAMS 0x0000000776800000, 0x00000007769ffff8| Untracked 
|2825|0x0000000776a00000, 0x0000000776bffff0, 0x0000000776c00000| 99%| O|  |TAMS 0x0000000776a00000, 0x0000000776bffff0| Untracked 
|2826|0x0000000776c00000, 0x0000000776dffff8, 0x0000000776e00000| 99%| O|  |TAMS 0x0000000776c00000, 0x0000000776dffff8| Untracked 
|2827|0x0000000776e00000, 0x0000000776fffff8, 0x0000000777000000| 99%| O|  |TAMS 0x0000000776e00000, 0x0000000776fffff8| Untracked 
|2828|0x0000000777000000, 0x0000000777200000, 0x0000000777200000|100%| O|  |TAMS 0x0000000777000000, 0x0000000777200000| Untracked 
|2829|0x0000000777200000, 0x00000007773ffff0, 0x0000000777400000| 99%| O|  |TAMS 0x0000000777200000, 0x00000007773ffff0| Untracked 
|2830|0x0000000777400000, 0x00000007775ffff8, 0x0000000777600000| 99%| O|  |TAMS 0x0000000777400000, 0x00000007775ffff8| Untracked 
|2831|0x0000000777600000, 0x00000007777ffff8, 0x0000000777800000| 99%| O|  |TAMS 0x0000000777600000, 0x00000007777ffff8| Untracked 
|2832|0x0000000777800000, 0x0000000777a00000, 0x0000000777a00000|100%| O|  |TAMS 0x0000000777800000, 0x0000000777a00000| Untracked 
|2833|0x0000000777a00000, 0x0000000777c00000, 0x0000000777c00000|100%| O|  |TAMS 0x0000000777a00000, 0x0000000777c00000| Untracked 
|2834|0x0000000777c00000, 0x0000000777e00000, 0x0000000777e00000|100%| O|  |TAMS 0x0000000777c00000, 0x0000000777e00000| Untracked 
|2835|0x0000000777e00000, 0x0000000777fffff8, 0x0000000778000000| 99%| O|  |TAMS 0x0000000777e00000, 0x0000000777fffff8| Untracked 
|2836|0x0000000778000000, 0x0000000778200000, 0x0000000778200000|100%| O|  |TAMS 0x0000000778000000, 0x0000000778200000| Untracked 
|2837|0x0000000778200000, 0x00000007783ffff8, 0x0000000778400000| 99%| O|  |TAMS 0x0000000778200000, 0x00000007783ffff8| Untracked 
|2838|0x0000000778400000, 0x00000007785ffff8, 0x0000000778600000| 99%| O|  |TAMS 0x0000000778400000, 0x00000007785ffff8| Untracked 
|2839|0x0000000778600000, 0x0000000778800000, 0x0000000778800000|100%| O|  |TAMS 0x0000000778600000, 0x0000000778800000| Untracked 
|2840|0x0000000778800000, 0x00000007789ffff0, 0x0000000778a00000| 99%| O|  |TAMS 0x0000000778800000, 0x00000007789ffff0| Untracked 
|2841|0x0000000778a00000, 0x0000000778bffff0, 0x0000000778c00000| 99%| O|  |TAMS 0x0000000778a00000, 0x0000000778bffff0| Untracked 
|2842|0x0000000778c00000, 0x0000000778dffff8, 0x0000000778e00000| 99%| O|  |TAMS 0x0000000778c00000, 0x0000000778dffff8| Untracked 
|2843|0x0000000778e00000, 0x0000000778fffff8, 0x0000000779000000| 99%| O|  |TAMS 0x0000000778e00000, 0x0000000778fffff8| Untracked 
|2844|0x0000000779000000, 0x0000000779200000, 0x0000000779200000|100%| O|  |TAMS 0x0000000779000000, 0x0000000779200000| Untracked 
|2845|0x0000000779200000, 0x00000007793ffff8, 0x0000000779400000| 99%| O|  |TAMS 0x0000000779200000, 0x00000007793ffff8| Untracked 
|2846|0x0000000779400000, 0x00000007795ffff0, 0x0000000779600000| 99%| O|  |TAMS 0x0000000779400000, 0x00000007795ffff0| Untracked 
|2847|0x0000000779600000, 0x00000007797ffff8, 0x0000000779800000| 99%| O|  |TAMS 0x0000000779600000, 0x00000007797ffff8| Untracked 
|2848|0x0000000779800000, 0x00000007799ffff8, 0x0000000779a00000| 99%| O|  |TAMS 0x0000000779800000, 0x00000007799ffff8| Untracked 
|2849|0x0000000779a00000, 0x0000000779bffff8, 0x0000000779c00000| 99%| O|  |TAMS 0x0000000779a00000, 0x0000000779bffff8| Untracked 
|2850|0x0000000779c00000, 0x0000000779dffff8, 0x0000000779e00000| 99%| O|  |TAMS 0x0000000779c00000, 0x0000000779dffff8| Untracked 
|2851|0x0000000779e00000, 0x0000000779ffffe8, 0x000000077a000000| 99%| O|  |TAMS 0x0000000779e00000, 0x0000000779ffffe8| Untracked 
|2852|0x000000077a000000, 0x000000077a1ffff0, 0x000000077a200000| 99%| O|  |TAMS 0x000000077a000000, 0x000000077a1ffff0| Untracked 
|2853|0x000000077a200000, 0x000000077a3ffff8, 0x000000077a400000| 99%| O|  |TAMS 0x000000077a200000, 0x000000077a3ffff8| Untracked 
|2854|0x000000077a400000, 0x000000077a600000, 0x000000077a600000|100%| O|  |TAMS 0x000000077a400000, 0x000000077a600000| Untracked 
|2855|0x000000077a600000, 0x000000077a800000, 0x000000077a800000|100%| O|  |TAMS 0x000000077a600000, 0x000000077a800000| Untracked 
|2856|0x000000077a800000, 0x000000077a9ffff8, 0x000000077aa00000| 99%| O|  |TAMS 0x000000077a800000, 0x000000077a9ffff8| Untracked 
|2857|0x000000077aa00000, 0x000000077abffff8, 0x000000077ac00000| 99%| O|  |TAMS 0x000000077aa00000, 0x000000077abffff8| Untracked 
|2858|0x000000077ac00000, 0x000000077adffff8, 0x000000077ae00000| 99%| O|  |TAMS 0x000000077ac00000, 0x000000077adffff8| Untracked 
|2859|0x000000077ae00000, 0x000000077afffff8, 0x000000077b000000| 99%| O|  |TAMS 0x000000077ae00000, 0x000000077afffff8| Untracked 
|2860|0x000000077b000000, 0x000000077b1ffff8, 0x000000077b200000| 99%| O|  |TAMS 0x000000077b000000, 0x000000077b1ffff8| Untracked 
|2861|0x000000077b200000, 0x000000077b400000, 0x000000077b400000|100%| O|  |TAMS 0x000000077b200000, 0x000000077b400000| Untracked 
|2862|0x000000077b400000, 0x000000077b600000, 0x000000077b600000|100%| O|  |TAMS 0x000000077b400000, 0x000000077b600000| Untracked 
|2863|0x000000077b600000, 0x000000077b800000, 0x000000077b800000|100%| O|  |TAMS 0x000000077b600000, 0x000000077b800000| Untracked 
|2864|0x000000077b800000, 0x000000077ba00000, 0x000000077ba00000|100%| O|  |TAMS 0x000000077b800000, 0x000000077ba00000| Untracked 
|2865|0x000000077ba00000, 0x000000077bbffff0, 0x000000077bc00000| 99%| O|  |TAMS 0x000000077ba00000, 0x000000077bbffff0| Untracked 
|2866|0x000000077bc00000, 0x000000077be00000, 0x000000077be00000|100%| O|  |TAMS 0x000000077bc00000, 0x000000077be00000| Untracked 
|2867|0x000000077be00000, 0x000000077bfffff0, 0x000000077c000000| 99%| O|  |TAMS 0x000000077be00000, 0x000000077bfffff0| Untracked 
|2868|0x000000077c000000, 0x000000077c200000, 0x000000077c200000|100%| O|  |TAMS 0x000000077c000000, 0x000000077c200000| Untracked 
|2869|0x000000077c200000, 0x000000077c3ffff8, 0x000000077c400000| 99%| O|  |TAMS 0x000000077c200000, 0x000000077c3ffff8| Untracked 
|2870|0x000000077c400000, 0x000000077c5ffff0, 0x000000077c600000| 99%| O|  |TAMS 0x000000077c400000, 0x000000077c5ffff0| Untracked 
|2871|0x000000077c600000, 0x000000077c7ffff0, 0x000000077c800000| 99%| O|  |TAMS 0x000000077c600000, 0x000000077c7ffff0| Untracked 
|2872|0x000000077c800000, 0x000000077c9ffff8, 0x000000077ca00000| 99%| O|  |TAMS 0x000000077c800000, 0x000000077c9ffff8| Untracked 
|2873|0x000000077ca00000, 0x000000077cbffff0, 0x000000077cc00000| 99%| O|  |TAMS 0x000000077ca00000, 0x000000077cbffff0| Untracked 
|2874|0x000000077cc00000, 0x000000077cdffff0, 0x000000077ce00000| 99%| O|  |TAMS 0x000000077cc00000, 0x000000077cdffff0| Untracked 
|2875|0x000000077ce00000, 0x000000077cfffff8, 0x000000077d000000| 99%| O|  |TAMS 0x000000077ce00000, 0x000000077cfffff8| Untracked 
|2876|0x000000077d000000, 0x000000077d1ffff8, 0x000000077d200000| 99%| O|  |TAMS 0x000000077d000000, 0x000000077d1ffff8| Untracked 
|2877|0x000000077d200000, 0x000000077d400000, 0x000000077d400000|100%| O|  |TAMS 0x000000077d200000, 0x000000077d400000| Untracked 
|2878|0x000000077d400000, 0x000000077d5ffff0, 0x000000077d600000| 99%| O|  |TAMS 0x000000077d400000, 0x000000077d5ffff0| Untracked 
|2879|0x000000077d600000, 0x000000077d800000, 0x000000077d800000|100%| O|  |TAMS 0x000000077d600000, 0x000000077d800000| Untracked 
|2880|0x000000077d800000, 0x000000077da00000, 0x000000077da00000|100%| O|  |TAMS 0x000000077d800000, 0x000000077da00000| Untracked 
|2881|0x000000077da00000, 0x000000077dbffff0, 0x000000077dc00000| 99%| O|  |TAMS 0x000000077da00000, 0x000000077dbffff0| Untracked 
|2882|0x000000077dc00000, 0x000000077de00000, 0x000000077de00000|100%| O|  |TAMS 0x000000077dc00000, 0x000000077de00000| Untracked 
|2883|0x000000077de00000, 0x000000077e000000, 0x000000077e000000|100%| O|  |TAMS 0x000000077de00000, 0x000000077e000000| Untracked 
|2884|0x000000077e000000, 0x000000077e200000, 0x000000077e200000|100%| O|  |TAMS 0x000000077e000000, 0x000000077e200000| Untracked 
|2885|0x000000077e200000, 0x000000077e400000, 0x000000077e400000|100%| O|  |TAMS 0x000000077e200000, 0x000000077e400000| Untracked 
|2886|0x000000077e400000, 0x000000077e5ffff8, 0x000000077e600000| 99%| O|  |TAMS 0x000000077e400000, 0x000000077e5ffff8| Untracked 
|2887|0x000000077e600000, 0x000000077e7ffff8, 0x000000077e800000| 99%| O|  |TAMS 0x000000077e600000, 0x000000077e7ffff8| Untracked 
|2888|0x000000077e800000, 0x000000077e9fffe8, 0x000000077ea00000| 99%| O|  |TAMS 0x000000077e800000, 0x000000077e9fffe8| Untracked 
|2889|0x000000077ea00000, 0x000000077ec00000, 0x000000077ec00000|100%| O|  |TAMS 0x000000077ea00000, 0x000000077ec00000| Untracked 
|2890|0x000000077ec00000, 0x000000077ee00000, 0x000000077ee00000|100%| O|  |TAMS 0x000000077ec00000, 0x000000077ee00000| Untracked 
|2891|0x000000077ee00000, 0x000000077efffff8, 0x000000077f000000| 99%| O|  |TAMS 0x000000077ee00000, 0x000000077efffff8| Untracked 
|2892|0x000000077f000000, 0x000000077f200000, 0x000000077f200000|100%| O|  |TAMS 0x000000077f000000, 0x000000077f200000| Untracked 
|2893|0x000000077f200000, 0x000000077f400000, 0x000000077f400000|100%| O|  |TAMS 0x000000077f200000, 0x000000077f400000| Untracked 
|2894|0x000000077f400000, 0x000000077f5ffff8, 0x000000077f600000| 99%| O|  |TAMS 0x000000077f400000, 0x000000077f5ffff8| Untracked 
|2895|0x000000077f600000, 0x000000077f800000, 0x000000077f800000|100%| O|  |TAMS 0x000000077f600000, 0x000000077f800000| Untracked 
|2896|0x000000077f800000, 0x000000077fa00000, 0x000000077fa00000|100%| O|  |TAMS 0x000000077f800000, 0x000000077fa00000| Untracked 
|2897|0x000000077fa00000, 0x000000077fbffff0, 0x000000077fc00000| 99%| O|  |TAMS 0x000000077fa00000, 0x000000077fbffff0| Untracked 
|2898|0x000000077fc00000, 0x000000077fe00000, 0x000000077fe00000|100%| O|  |TAMS 0x000000077fc00000, 0x000000077fe00000| Untracked 
|2899|0x000000077fe00000, 0x000000077ffffff8, 0x0000000780000000| 99%| O|  |TAMS 0x000000077fe00000, 0x000000077ffffff8| Untracked 
|2900|0x0000000780000000, 0x00000007801ffff8, 0x0000000780200000| 99%| O|  |TAMS 0x0000000780000000, 0x00000007801ffff8| Untracked 
|2901|0x0000000780200000, 0x0000000780400000, 0x0000000780400000|100%| O|  |TAMS 0x0000000780200000, 0x0000000780400000| Untracked 
|2902|0x0000000780400000, 0x0000000780600000, 0x0000000780600000|100%| O|  |TAMS 0x0000000780400000, 0x0000000780600000| Untracked 
|2903|0x0000000780600000, 0x0000000780800000, 0x0000000780800000|100%| O|  |TAMS 0x0000000780600000, 0x0000000780800000| Untracked 
|2904|0x0000000780800000, 0x00000007809ffff8, 0x0000000780a00000| 99%| O|  |TAMS 0x0000000780800000, 0x00000007809ffff8| Untracked 
|2905|0x0000000780a00000, 0x0000000780c00000, 0x0000000780c00000|100%| O|  |TAMS 0x0000000780a00000, 0x0000000780c00000| Untracked 
|2906|0x0000000780c00000, 0x0000000780e00000, 0x0000000780e00000|100%| O|  |TAMS 0x0000000780c00000, 0x0000000780e00000| Untracked 
|2907|0x0000000780e00000, 0x0000000780fffff0, 0x0000000781000000| 99%| O|  |TAMS 0x0000000780e00000, 0x0000000780fffff0| Untracked 
|2908|0x0000000781000000, 0x00000007811ffff8, 0x0000000781200000| 99%| O|  |TAMS 0x0000000781000000, 0x00000007811ffff8| Untracked 
|2909|0x0000000781200000, 0x00000007813ffff8, 0x0000000781400000| 99%| O|  |TAMS 0x0000000781200000, 0x00000007813ffff8| Untracked 
|2910|0x0000000781400000, 0x0000000781600000, 0x0000000781600000|100%| O|  |TAMS 0x0000000781400000, 0x0000000781600000| Untracked 
|2911|0x0000000781600000, 0x0000000781800000, 0x0000000781800000|100%| O|  |TAMS 0x0000000781600000, 0x0000000781800000| Untracked 
|2912|0x0000000781800000, 0x00000007819ffff8, 0x0000000781a00000| 99%| O|  |TAMS 0x0000000781800000, 0x00000007819ffff8| Untracked 
|2913|0x0000000781a00000, 0x0000000781bffff8, 0x0000000781c00000| 99%| O|  |TAMS 0x0000000781a00000, 0x0000000781bffff8| Untracked 
|2914|0x0000000781c00000, 0x0000000781e00000, 0x0000000781e00000|100%| O|  |TAMS 0x0000000781c00000, 0x0000000781e00000| Untracked 
|2915|0x0000000781e00000, 0x0000000782000000, 0x0000000782000000|100%| O|  |TAMS 0x0000000781e00000, 0x0000000782000000| Untracked 
|2916|0x0000000782000000, 0x00000007821ffff8, 0x0000000782200000| 99%| O|  |TAMS 0x0000000782000000, 0x00000007821ffff8| Untracked 
|2917|0x0000000782200000, 0x0000000782400000, 0x0000000782400000|100%| O|  |TAMS 0x0000000782200000, 0x0000000782400000| Untracked 
|2918|0x0000000782400000, 0x00000007825ffff0, 0x0000000782600000| 99%| O|  |TAMS 0x0000000782400000, 0x00000007825ffff0| Untracked 
|2919|0x0000000782600000, 0x00000007827ffff8, 0x0000000782800000| 99%| O|  |TAMS 0x0000000782600000, 0x00000007827ffff8| Untracked 
|2920|0x0000000782800000, 0x00000007829ffff8, 0x0000000782a00000| 99%| O|  |TAMS 0x0000000782800000, 0x00000007829ffff8| Untracked 
|2921|0x0000000782a00000, 0x0000000782bffff0, 0x0000000782c00000| 99%| O|  |TAMS 0x0000000782a00000, 0x0000000782bffff0| Untracked 
|2922|0x0000000782c00000, 0x0000000782dffff8, 0x0000000782e00000| 99%| O|  |TAMS 0x0000000782c00000, 0x0000000782dffff8| Untracked 
|2923|0x0000000782e00000, 0x0000000783000000, 0x0000000783000000|100%| O|  |TAMS 0x0000000782e00000, 0x0000000783000000| Untracked 
|2924|0x0000000783000000, 0x00000007831ffff8, 0x0000000783200000| 99%| O|  |TAMS 0x0000000783000000, 0x00000007831ffff8| Untracked 
|2925|0x0000000783200000, 0x0000000783400000, 0x0000000783400000|100%| O|  |TAMS 0x0000000783200000, 0x0000000783400000| Untracked 
|2926|0x0000000783400000, 0x0000000783600000, 0x0000000783600000|100%| O|  |TAMS 0x0000000783400000, 0x0000000783600000| Untracked 
|2927|0x0000000783600000, 0x00000007837ffff8, 0x0000000783800000| 99%| O|  |TAMS 0x0000000783600000, 0x00000007837ffff8| Untracked 
|2928|0x0000000783800000, 0x0000000783a00000, 0x0000000783a00000|100%| O|  |TAMS 0x0000000783800000, 0x0000000783a00000| Untracked 
|2929|0x0000000783a00000, 0x0000000783bffff8, 0x0000000783c00000| 99%| O|  |TAMS 0x0000000783a00000, 0x0000000783bffff8| Untracked 
|2930|0x0000000783c00000, 0x0000000783dffff8, 0x0000000783e00000| 99%| O|  |TAMS 0x0000000783c00000, 0x0000000783dffff8| Untracked 
|2931|0x0000000783e00000, 0x0000000783fffff0, 0x0000000784000000| 99%| O|  |TAMS 0x0000000783e00000, 0x0000000783fffff0| Untracked 
|2932|0x0000000784000000, 0x00000007841ffff8, 0x0000000784200000| 99%| O|  |TAMS 0x0000000784000000, 0x00000007841ffff8| Untracked 
|2933|0x0000000784200000, 0x0000000784400000, 0x0000000784400000|100%| O|  |TAMS 0x0000000784200000, 0x0000000784400000| Untracked 
|2934|0x0000000784400000, 0x0000000784600000, 0x0000000784600000|100%| O|  |TAMS 0x0000000784400000, 0x0000000784600000| Untracked 
|2935|0x0000000784600000, 0x0000000784800000, 0x0000000784800000|100%| O|  |TAMS 0x0000000784600000, 0x0000000784800000| Untracked 
|2936|0x0000000784800000, 0x00000007849ffff0, 0x0000000784a00000| 99%| O|  |TAMS 0x0000000784800000, 0x00000007849ffff0| Untracked 
|2937|0x0000000784a00000, 0x0000000784bffff8, 0x0000000784c00000| 99%| O|  |TAMS 0x0000000784a00000, 0x0000000784bffff8| Untracked 
|2938|0x0000000784c00000, 0x0000000784e00000, 0x0000000784e00000|100%| O|  |TAMS 0x0000000784c00000, 0x0000000784e00000| Untracked 
|2939|0x0000000784e00000, 0x0000000785000000, 0x0000000785000000|100%| O|  |TAMS 0x0000000784e00000, 0x0000000785000000| Untracked 
|2940|0x0000000785000000, 0x0000000785200000, 0x0000000785200000|100%| O|  |TAMS 0x0000000785000000, 0x0000000785200000| Untracked 
|2941|0x0000000785200000, 0x0000000785400000, 0x0000000785400000|100%| O|  |TAMS 0x0000000785200000, 0x0000000785400000| Untracked 
|2942|0x0000000785400000, 0x00000007855ffff0, 0x0000000785600000| 99%| O|  |TAMS 0x0000000785400000, 0x00000007855ffff0| Untracked 
|2943|0x0000000785600000, 0x0000000785800000, 0x0000000785800000|100%| O|  |TAMS 0x0000000785600000, 0x0000000785800000| Untracked 
|2944|0x0000000785800000, 0x0000000785a00000, 0x0000000785a00000|100%| O|  |TAMS 0x0000000785800000, 0x0000000785a00000| Untracked 
|2945|0x0000000785a00000, 0x0000000785bffff0, 0x0000000785c00000| 99%| O|  |TAMS 0x0000000785a00000, 0x0000000785bffff0| Untracked 
|2946|0x0000000785c00000, 0x0000000785dffff0, 0x0000000785e00000| 99%| O|  |TAMS 0x0000000785c00000, 0x0000000785dffff0| Untracked 
|2947|0x0000000785e00000, 0x0000000786000000, 0x0000000786000000|100%| O|  |TAMS 0x0000000785e00000, 0x0000000786000000| Untracked 
|2948|0x0000000786000000, 0x0000000786200000, 0x0000000786200000|100%| O|  |TAMS 0x0000000786000000, 0x0000000786200000| Untracked 
|2949|0x0000000786200000, 0x00000007863ffff8, 0x0000000786400000| 99%| O|  |TAMS 0x0000000786200000, 0x00000007863ffff8| Untracked 
|2950|0x0000000786400000, 0x00000007865ffff0, 0x0000000786600000| 99%| O|  |TAMS 0x0000000786400000, 0x00000007865ffff0| Untracked 
|2951|0x0000000786600000, 0x00000007867ffff8, 0x0000000786800000| 99%| O|  |TAMS 0x0000000786600000, 0x00000007867ffff8| Untracked 
|2952|0x0000000786800000, 0x00000007869ffff8, 0x0000000786a00000| 99%| O|  |TAMS 0x0000000786800000, 0x00000007869ffff8| Untracked 
|2953|0x0000000786a00000, 0x0000000786bffff8, 0x0000000786c00000| 99%| O|  |TAMS 0x0000000786a00000, 0x0000000786bffff8| Untracked 
|2954|0x0000000786c00000, 0x0000000786dffff8, 0x0000000786e00000| 99%| O|  |TAMS 0x0000000786c00000, 0x0000000786dffff8| Untracked 
|2955|0x0000000786e00000, 0x0000000786fffff0, 0x0000000787000000| 99%| O|  |TAMS 0x0000000786e00000, 0x0000000786fffff0| Untracked 
|2956|0x0000000787000000, 0x0000000787200000, 0x0000000787200000|100%| O|  |TAMS 0x0000000787000000, 0x0000000787200000| Untracked 
|2957|0x0000000787200000, 0x00000007873ffff0, 0x0000000787400000| 99%| O|  |TAMS 0x0000000787200000, 0x00000007873ffff0| Untracked 
|2958|0x0000000787400000, 0x0000000787600000, 0x0000000787600000|100%| O|  |TAMS 0x0000000787400000, 0x0000000787600000| Untracked 
|2959|0x0000000787600000, 0x0000000787800000, 0x0000000787800000|100%| O|  |TAMS 0x0000000787600000, 0x0000000787800000| Untracked 
|2960|0x0000000787800000, 0x0000000787a00000, 0x0000000787a00000|100%| O|  |TAMS 0x0000000787800000, 0x0000000787a00000| Untracked 
|2961|0x0000000787a00000, 0x0000000787c00000, 0x0000000787c00000|100%| O|  |TAMS 0x0000000787a00000, 0x0000000787c00000| Untracked 
|2962|0x0000000787c00000, 0x0000000787e00000, 0x0000000787e00000|100%| O|  |TAMS 0x0000000787c00000, 0x0000000787e00000| Untracked 
|2963|0x0000000787e00000, 0x0000000787fffff0, 0x0000000788000000| 99%| O|  |TAMS 0x0000000787e00000, 0x0000000787fffff0| Untracked 
|2964|0x0000000788000000, 0x00000007881fffe8, 0x0000000788200000| 99%| O|  |TAMS 0x0000000788000000, 0x00000007881fffe8| Untracked 
|2965|0x0000000788200000, 0x00000007883ffff0, 0x0000000788400000| 99%| O|  |TAMS 0x0000000788200000, 0x00000007883ffff0| Untracked 
|2966|0x0000000788400000, 0x0000000788600000, 0x0000000788600000|100%| O|  |TAMS 0x0000000788400000, 0x0000000788600000| Untracked 
|2967|0x0000000788600000, 0x0000000788800000, 0x0000000788800000|100%| O|  |TAMS 0x0000000788600000, 0x0000000788800000| Untracked 
|2968|0x0000000788800000, 0x0000000788a00000, 0x0000000788a00000|100%| O|  |TAMS 0x0000000788800000, 0x0000000788a00000| Untracked 
|2969|0x0000000788a00000, 0x0000000788c00000, 0x0000000788c00000|100%| O|  |TAMS 0x0000000788a00000, 0x0000000788c00000| Untracked 
|2970|0x0000000788c00000, 0x0000000788dffff8, 0x0000000788e00000| 99%| O|  |TAMS 0x0000000788c00000, 0x0000000788dffff8| Untracked 
|2971|0x0000000788e00000, 0x0000000788fffff8, 0x0000000789000000| 99%| O|  |TAMS 0x0000000788e00000, 0x0000000788fffff8| Untracked 
|2972|0x0000000789000000, 0x0000000789200000, 0x0000000789200000|100%| O|  |TAMS 0x0000000789000000, 0x0000000789200000| Untracked 
|2973|0x0000000789200000, 0x00000007893ffff0, 0x0000000789400000| 99%| O|  |TAMS 0x0000000789200000, 0x00000007893ffff0| Untracked 
|2974|0x0000000789400000, 0x0000000789600000, 0x0000000789600000|100%| O|  |TAMS 0x0000000789400000, 0x0000000789600000| Untracked 
|2975|0x0000000789600000, 0x00000007897ffff0, 0x0000000789800000| 99%| O|  |TAMS 0x0000000789600000, 0x00000007897ffff0| Untracked 
|2976|0x0000000789800000, 0x0000000789a00000, 0x0000000789a00000|100%| O|  |TAMS 0x0000000789800000, 0x0000000789a00000| Untracked 
|2977|0x0000000789a00000, 0x0000000789bffff0, 0x0000000789c00000| 99%| O|  |TAMS 0x0000000789a00000, 0x0000000789bffff0| Untracked 
|2978|0x0000000789c00000, 0x0000000789dffff0, 0x0000000789e00000| 99%| O|  |TAMS 0x0000000789c00000, 0x0000000789dffff0| Untracked 
|2979|0x0000000789e00000, 0x0000000789fffff8, 0x000000078a000000| 99%| O|  |TAMS 0x0000000789e00000, 0x0000000789fffff8| Untracked 
|2980|0x000000078a000000, 0x000000078a1ffff0, 0x000000078a200000| 99%| O|  |TAMS 0x000000078a000000, 0x000000078a1ffff0| Untracked 
|2981|0x000000078a200000, 0x000000078a3ffff0, 0x000000078a400000| 99%| O|  |TAMS 0x000000078a200000, 0x000000078a3ffff0| Untracked 
|2982|0x000000078a400000, 0x000000078a600000, 0x000000078a600000|100%| O|  |TAMS 0x000000078a400000, 0x000000078a600000| Untracked 
|2983|0x000000078a600000, 0x000000078a800000, 0x000000078a800000|100%| O|  |TAMS 0x000000078a600000, 0x000000078a800000| Untracked 
|2984|0x000000078a800000, 0x000000078aa00000, 0x000000078aa00000|100%| O|  |TAMS 0x000000078a800000, 0x000000078aa00000| Untracked 
|2985|0x000000078aa00000, 0x000000078ac00000, 0x000000078ac00000|100%| O|  |TAMS 0x000000078aa00000, 0x000000078ac00000| Untracked 
|2986|0x000000078ac00000, 0x000000078adffff8, 0x000000078ae00000| 99%| O|  |TAMS 0x000000078ac00000, 0x000000078adffff8| Untracked 
|2987|0x000000078ae00000, 0x000000078afffff0, 0x000000078b000000| 99%| O|  |TAMS 0x000000078ae00000, 0x000000078afffff0| Untracked 
|2988|0x000000078b000000, 0x000000078b200000, 0x000000078b200000|100%| O|  |TAMS 0x000000078b000000, 0x000000078b200000| Untracked 
|2989|0x000000078b200000, 0x000000078b3ffff0, 0x000000078b400000| 99%| O|  |TAMS 0x000000078b200000, 0x000000078b3ffff0| Untracked 
|2990|0x000000078b400000, 0x000000078b600000, 0x000000078b600000|100%| O|  |TAMS 0x000000078b400000, 0x000000078b600000| Untracked 
|2991|0x000000078b600000, 0x000000078b7ffff8, 0x000000078b800000| 99%| O|  |TAMS 0x000000078b600000, 0x000000078b7ffff8| Untracked 
|2992|0x000000078b800000, 0x000000078b9ffff8, 0x000000078ba00000| 99%| O|  |TAMS 0x000000078b800000, 0x000000078b9ffff8| Untracked 
|2993|0x000000078ba00000, 0x000000078bc00000, 0x000000078bc00000|100%| O|  |TAMS 0x000000078ba00000, 0x000000078bc00000| Untracked 
|2994|0x000000078bc00000, 0x000000078bdffff8, 0x000000078be00000| 99%| O|  |TAMS 0x000000078bc00000, 0x000000078bdffff8| Untracked 
|2995|0x000000078be00000, 0x000000078c000000, 0x000000078c000000|100%| O|  |TAMS 0x000000078be00000, 0x000000078c000000| Untracked 
|2996|0x000000078c000000, 0x000000078c1ffff8, 0x000000078c200000| 99%| O|  |TAMS 0x000000078c000000, 0x000000078c1ffff8| Untracked 
|2997|0x000000078c200000, 0x000000078c400000, 0x000000078c400000|100%| O|  |TAMS 0x000000078c200000, 0x000000078c400000| Untracked 
|2998|0x000000078c400000, 0x000000078c600000, 0x000000078c600000|100%| O|  |TAMS 0x000000078c400000, 0x000000078c600000| Untracked 
|2999|0x000000078c600000, 0x000000078c7ffff0, 0x000000078c800000| 99%| O|  |TAMS 0x000000078c600000, 0x000000078c7ffff0| Untracked 
|3000|0x000000078c800000, 0x000000078c9fffe8, 0x000000078ca00000| 99%| O|  |TAMS 0x000000078c800000, 0x000000078c9fffe8| Untracked 
|3001|0x000000078ca00000, 0x000000078cc00000, 0x000000078cc00000|100%| O|  |TAMS 0x000000078ca00000, 0x000000078cc00000| Untracked 
|3002|0x000000078cc00000, 0x000000078cdffff0, 0x000000078ce00000| 99%| O|  |TAMS 0x000000078cc00000, 0x000000078cdffff0| Untracked 
|3003|0x000000078ce00000, 0x000000078d000000, 0x000000078d000000|100%| O|  |TAMS 0x000000078ce00000, 0x000000078d000000| Untracked 
|3004|0x000000078d000000, 0x000000078d1ffff0, 0x000000078d200000| 99%| O|  |TAMS 0x000000078d000000, 0x000000078d1ffff0| Untracked 
|3005|0x000000078d200000, 0x000000078d400000, 0x000000078d400000|100%| O|  |TAMS 0x000000078d200000, 0x000000078d400000| Untracked 
|3006|0x000000078d400000, 0x000000078d600000, 0x000000078d600000|100%| O|  |TAMS 0x000000078d400000, 0x000000078d600000| Untracked 
|3007|0x000000078d600000, 0x000000078d800000, 0x000000078d800000|100%| O|  |TAMS 0x000000078d600000, 0x000000078d800000| Untracked 
|3008|0x000000078d800000, 0x000000078da00000, 0x000000078da00000|100%| O|  |TAMS 0x000000078d800000, 0x000000078da00000| Untracked 
|3009|0x000000078da00000, 0x000000078dc00000, 0x000000078dc00000|100%| O|  |TAMS 0x000000078da00000, 0x000000078dc00000| Untracked 
|3010|0x000000078dc00000, 0x000000078ddffff8, 0x000000078de00000| 99%| O|  |TAMS 0x000000078dc00000, 0x000000078ddffff8| Untracked 
|3011|0x000000078de00000, 0x000000078e000000, 0x000000078e000000|100%| O|  |TAMS 0x000000078de00000, 0x000000078e000000| Untracked 
|3012|0x000000078e000000, 0x000000078e1ffff0, 0x000000078e200000| 99%| O|  |TAMS 0x000000078e000000, 0x000000078e1ffff0| Untracked 
|3013|0x000000078e200000, 0x000000078e3ffff0, 0x000000078e400000| 99%| O|  |TAMS 0x000000078e200000, 0x000000078e3ffff0| Untracked 
|3014|0x000000078e400000, 0x000000078e600000, 0x000000078e600000|100%| O|  |TAMS 0x000000078e400000, 0x000000078e600000| Untracked 
|3015|0x000000078e600000, 0x000000078e800000, 0x000000078e800000|100%| O|  |TAMS 0x000000078e600000, 0x000000078e800000| Untracked 
|3016|0x000000078e800000, 0x000000078e9ffff0, 0x000000078ea00000| 99%| O|  |TAMS 0x000000078e800000, 0x000000078e9ffff0| Untracked 
|3017|0x000000078ea00000, 0x000000078ebffff8, 0x000000078ec00000| 99%| O|  |TAMS 0x000000078ea00000, 0x000000078ebffff8| Untracked 
|3018|0x000000078ec00000, 0x000000078edffff8, 0x000000078ee00000| 99%| O|  |TAMS 0x000000078ec00000, 0x000000078edffff8| Untracked 
|3019|0x000000078ee00000, 0x000000078f000000, 0x000000078f000000|100%| O|  |TAMS 0x000000078ee00000, 0x000000078f000000| Untracked 
|3020|0x000000078f000000, 0x000000078f1ffff8, 0x000000078f200000| 99%| O|  |TAMS 0x000000078f000000, 0x000000078f1ffff8| Untracked 
|3021|0x000000078f200000, 0x000000078f400000, 0x000000078f400000|100%| O|  |TAMS 0x000000078f200000, 0x000000078f400000| Untracked 
|3022|0x000000078f400000, 0x000000078f600000, 0x000000078f600000|100%| O|  |TAMS 0x000000078f400000, 0x000000078f600000| Untracked 
|3023|0x000000078f600000, 0x000000078f7ffff0, 0x000000078f800000| 99%| O|  |TAMS 0x000000078f600000, 0x000000078f7ffff0| Untracked 
|3024|0x000000078f800000, 0x000000078f9ffff0, 0x000000078fa00000| 99%| O|  |TAMS 0x000000078f800000, 0x000000078f9ffff0| Untracked 
|3025|0x000000078fa00000, 0x000000078fbffff0, 0x000000078fc00000| 99%| O|  |TAMS 0x000000078fa00000, 0x000000078fbffff0| Untracked 
|3026|0x000000078fc00000, 0x000000078fe00000, 0x000000078fe00000|100%| O|  |TAMS 0x000000078fc00000, 0x000000078fe00000| Untracked 
|3027|0x000000078fe00000, 0x000000078ffffff8, 0x0000000790000000| 99%| O|  |TAMS 0x000000078fe00000, 0x000000078ffffff8| Untracked 
|3028|0x0000000790000000, 0x00000007901ffff0, 0x0000000790200000| 99%| O|  |TAMS 0x0000000790000000, 0x00000007901ffff0| Untracked 
|3029|0x0000000790200000, 0x0000000790400000, 0x0000000790400000|100%| O|  |TAMS 0x0000000790200000, 0x0000000790400000| Untracked 
|3030|0x0000000790400000, 0x0000000790600000, 0x0000000790600000|100%| O|  |TAMS 0x0000000790400000, 0x0000000790600000| Untracked 
|3031|0x0000000790600000, 0x00000007907ffff0, 0x0000000790800000| 99%| O|  |TAMS 0x0000000790600000, 0x00000007907ffff0| Untracked 
|3032|0x0000000790800000, 0x00000007909fffe8, 0x0000000790a00000| 99%| O|  |TAMS 0x0000000790800000, 0x00000007909fffe8| Untracked 
|3033|0x0000000790a00000, 0x0000000790bffff8, 0x0000000790c00000| 99%| O|  |TAMS 0x0000000790a00000, 0x0000000790bffff8| Untracked 
|3034|0x0000000790c00000, 0x0000000790e00000, 0x0000000790e00000|100%| O|  |TAMS 0x0000000790c00000, 0x0000000790e00000| Untracked 
|3035|0x0000000790e00000, 0x0000000790ffffe8, 0x0000000791000000| 99%| O|  |TAMS 0x0000000790e00000, 0x0000000790ffffe8| Untracked 
|3036|0x0000000791000000, 0x0000000791200000, 0x0000000791200000|100%| O|  |TAMS 0x0000000791000000, 0x0000000791200000| Untracked 
|3037|0x0000000791200000, 0x00000007913ffff8, 0x0000000791400000| 99%| O|  |TAMS 0x0000000791200000, 0x00000007913ffff8| Untracked 
|3038|0x0000000791400000, 0x0000000791600000, 0x0000000791600000|100%| O|  |TAMS 0x0000000791400000, 0x0000000791600000| Untracked 
|3039|0x0000000791600000, 0x0000000791800000, 0x0000000791800000|100%| O|  |TAMS 0x0000000791600000, 0x0000000791800000| Untracked 
|3040|0x0000000791800000, 0x0000000791a00000, 0x0000000791a00000|100%| O|  |TAMS 0x0000000791800000, 0x0000000791a00000| Untracked 
|3041|0x0000000791a00000, 0x0000000791bffff8, 0x0000000791c00000| 99%| O|  |TAMS 0x0000000791a00000, 0x0000000791bffff8| Untracked 
|3042|0x0000000791c00000, 0x0000000791e00000, 0x0000000791e00000|100%| O|  |TAMS 0x0000000791c00000, 0x0000000791e00000| Untracked 
|3043|0x0000000791e00000, 0x0000000792000000, 0x0000000792000000|100%| O|  |TAMS 0x0000000791e00000, 0x0000000792000000| Untracked 
|3044|0x0000000792000000, 0x00000007921ffff8, 0x0000000792200000| 99%| O|  |TAMS 0x0000000792000000, 0x00000007921ffff8| Untracked 
|3045|0x0000000792200000, 0x0000000792400000, 0x0000000792400000|100%| O|  |TAMS 0x0000000792200000, 0x0000000792400000| Untracked 
|3046|0x0000000792400000, 0x00000007925ffff8, 0x0000000792600000| 99%| O|  |TAMS 0x0000000792400000, 0x00000007925ffff8| Untracked 
|3047|0x0000000792600000, 0x0000000792800000, 0x0000000792800000|100%| O|  |TAMS 0x0000000792600000, 0x0000000792800000| Untracked 
|3048|0x0000000792800000, 0x0000000792a00000, 0x0000000792a00000|100%| O|  |TAMS 0x0000000792800000, 0x0000000792a00000| Untracked 
|3049|0x0000000792a00000, 0x0000000792bffff8, 0x0000000792c00000| 99%| O|  |TAMS 0x0000000792a00000, 0x0000000792bffff8| Untracked 
|3050|0x0000000792c00000, 0x0000000792e00000, 0x0000000792e00000|100%| O|  |TAMS 0x0000000792c00000, 0x0000000792e00000| Untracked 
|3051|0x0000000792e00000, 0x0000000793000000, 0x0000000793000000|100%| O|  |TAMS 0x0000000792e00000, 0x0000000793000000| Untracked 
|3052|0x0000000793000000, 0x0000000793200000, 0x0000000793200000|100%| O|  |TAMS 0x0000000793000000, 0x0000000793200000| Untracked 
|3053|0x0000000793200000, 0x00000007933ffff8, 0x0000000793400000| 99%| O|  |TAMS 0x0000000793200000, 0x00000007933ffff8| Untracked 
|3054|0x0000000793400000, 0x00000007935ffff8, 0x0000000793600000| 99%| O|  |TAMS 0x0000000793400000, 0x00000007935ffff8| Untracked 
|3055|0x0000000793600000, 0x00000007937ffff8, 0x0000000793800000| 99%| O|  |TAMS 0x0000000793600000, 0x00000007937ffff8| Untracked 
|3056|0x0000000793800000, 0x00000007939ffff8, 0x0000000793a00000| 99%| O|  |TAMS 0x0000000793800000, 0x00000007939ffff8| Untracked 
|3057|0x0000000793a00000, 0x0000000793c00000, 0x0000000793c00000|100%| O|  |TAMS 0x0000000793a00000, 0x0000000793c00000| Untracked 
|3058|0x0000000793c00000, 0x0000000793dffff8, 0x0000000793e00000| 99%| O|  |TAMS 0x0000000793c00000, 0x0000000793dffff8| Untracked 
|3059|0x0000000793e00000, 0x0000000793fffff8, 0x0000000794000000| 99%| O|  |TAMS 0x0000000793e00000, 0x0000000793fffff8| Untracked 
|3060|0x0000000794000000, 0x0000000794200000, 0x0000000794200000|100%| O|  |TAMS 0x0000000794000000, 0x0000000794200000| Untracked 
|3061|0x0000000794200000, 0x0000000794400000, 0x0000000794400000|100%| O|  |TAMS 0x0000000794200000, 0x0000000794400000| Untracked 
|3062|0x0000000794400000, 0x00000007945ffff0, 0x0000000794600000| 99%| O|  |TAMS 0x0000000794400000, 0x00000007945ffff0| Untracked 
|3063|0x0000000794600000, 0x0000000794800000, 0x0000000794800000|100%| O|  |TAMS 0x0000000794600000, 0x0000000794800000| Untracked 
|3064|0x0000000794800000, 0x00000007949ffff0, 0x0000000794a00000| 99%| O|  |TAMS 0x0000000794800000, 0x00000007949ffff0| Untracked 
|3065|0x0000000794a00000, 0x0000000794bffff8, 0x0000000794c00000| 99%| O|  |TAMS 0x0000000794a00000, 0x0000000794bffff8| Untracked 
|3066|0x0000000794c00000, 0x0000000794e00000, 0x0000000794e00000|100%| O|  |TAMS 0x0000000794c00000, 0x0000000794e00000| Untracked 
|3067|0x0000000794e00000, 0x0000000794fffff8, 0x0000000795000000| 99%| O|  |TAMS 0x0000000794e00000, 0x0000000794fffff8| Untracked 
|3068|0x0000000795000000, 0x00000007951ffff0, 0x0000000795200000| 99%| O|  |TAMS 0x0000000795000000, 0x00000007951ffff0| Untracked 
|3069|0x0000000795200000, 0x00000007953ffff8, 0x0000000795400000| 99%| O|  |TAMS 0x0000000795200000, 0x00000007953ffff8| Untracked 
|3070|0x0000000795400000, 0x0000000795600000, 0x0000000795600000|100%| O|  |TAMS 0x0000000795400000, 0x0000000795600000| Untracked 
|3071|0x0000000795600000, 0x00000007957ffff0, 0x0000000795800000| 99%| O|  |TAMS 0x0000000795600000, 0x00000007957ffff0| Untracked 
|3072|0x0000000795800000, 0x00000007959ffff0, 0x0000000795a00000| 99%| O|  |TAMS 0x0000000795800000, 0x00000007959ffff0| Untracked 
|3073|0x0000000795a00000, 0x0000000795c00000, 0x0000000795c00000|100%| O|  |TAMS 0x0000000795a00000, 0x0000000795c00000| Untracked 
|3074|0x0000000795c00000, 0x0000000795e00000, 0x0000000795e00000|100%| O|  |TAMS 0x0000000795c00000, 0x0000000795e00000| Untracked 
|3075|0x0000000795e00000, 0x0000000796000000, 0x0000000796000000|100%| O|  |TAMS 0x0000000795e00000, 0x0000000796000000| Untracked 
|3076|0x0000000796000000, 0x00000007961ffff0, 0x0000000796200000| 99%| O|  |TAMS 0x0000000796000000, 0x00000007961ffff0| Untracked 
|3077|0x0000000796200000, 0x00000007963ffff8, 0x0000000796400000| 99%| O|  |TAMS 0x0000000796200000, 0x00000007963ffff8| Untracked 
|3078|0x0000000796400000, 0x0000000796600000, 0x0000000796600000|100%| O|  |TAMS 0x0000000796400000, 0x0000000796600000| Untracked 
|3079|0x0000000796600000, 0x00000007967ffff8, 0x0000000796800000| 99%| O|  |TAMS 0x0000000796600000, 0x00000007967ffff8| Untracked 
|3080|0x0000000796800000, 0x0000000796a00000, 0x0000000796a00000|100%| O|  |TAMS 0x0000000796800000, 0x0000000796a00000| Untracked 
|3081|0x0000000796a00000, 0x0000000796bffff8, 0x0000000796c00000| 99%| O|  |TAMS 0x0000000796a00000, 0x0000000796bffff8| Untracked 
|3082|0x0000000796c00000, 0x0000000796e00000, 0x0000000796e00000|100%| O|  |TAMS 0x0000000796c00000, 0x0000000796e00000| Untracked 
|3083|0x0000000796e00000, 0x0000000796fffff8, 0x0000000797000000| 99%| O|  |TAMS 0x0000000796e00000, 0x0000000796fffff8| Untracked 
|3084|0x0000000797000000, 0x00000007971ffff0, 0x0000000797200000| 99%| O|  |TAMS 0x0000000797000000, 0x00000007971ffff0| Untracked 
|3085|0x0000000797200000, 0x00000007973ffff8, 0x0000000797400000| 99%| O|  |TAMS 0x0000000797200000, 0x00000007973ffff8| Untracked 
|3086|0x0000000797400000, 0x00000007975ffff0, 0x0000000797600000| 99%| O|  |TAMS 0x0000000797400000, 0x00000007975ffff0| Untracked 
|3087|0x0000000797600000, 0x00000007977fffe8, 0x0000000797800000| 99%| O|  |TAMS 0x0000000797600000, 0x00000007977fffe8| Untracked 
|3088|0x0000000797800000, 0x00000007979ffff8, 0x0000000797a00000| 99%| O|  |TAMS 0x0000000797800000, 0x00000007979ffff8| Untracked 
|3089|0x0000000797a00000, 0x0000000797c00000, 0x0000000797c00000|100%| O|  |TAMS 0x0000000797a00000, 0x0000000797c00000| Untracked 
|3090|0x0000000797c00000, 0x0000000797dffff0, 0x0000000797e00000| 99%| O|  |TAMS 0x0000000797c00000, 0x0000000797dffff0| Untracked 
|3091|0x0000000797e00000, 0x0000000797fffff8, 0x0000000798000000| 99%| O|  |TAMS 0x0000000797e00000, 0x0000000797fffff8| Untracked 
|3092|0x0000000798000000, 0x0000000798200000, 0x0000000798200000|100%| O|  |TAMS 0x0000000798000000, 0x0000000798200000| Untracked 
|3093|0x0000000798200000, 0x00000007983ffff0, 0x0000000798400000| 99%| O|  |TAMS 0x0000000798200000, 0x00000007983ffff0| Untracked 
|3094|0x0000000798400000, 0x0000000798600000, 0x0000000798600000|100%| O|  |TAMS 0x0000000798400000, 0x0000000798600000| Untracked 
|3095|0x0000000798600000, 0x0000000798800000, 0x0000000798800000|100%| O|  |TAMS 0x0000000798600000, 0x0000000798800000| Untracked 
|3096|0x0000000798800000, 0x0000000798a00000, 0x0000000798a00000|100%| O|  |TAMS 0x0000000798800000, 0x0000000798a00000| Untracked 
|3097|0x0000000798a00000, 0x0000000798bffff8, 0x0000000798c00000| 99%| O|  |TAMS 0x0000000798a00000, 0x0000000798bffff8| Untracked 
|3098|0x0000000798c00000, 0x0000000798dfffe8, 0x0000000798e00000| 99%| O|  |TAMS 0x0000000798c00000, 0x0000000798dfffe8| Untracked 
|3099|0x0000000798e00000, 0x0000000799000000, 0x0000000799000000|100%| O|  |TAMS 0x0000000798e00000, 0x0000000799000000| Untracked 
|3100|0x0000000799000000, 0x00000007991ffff8, 0x0000000799200000| 99%| O|  |TAMS 0x0000000799000000, 0x00000007991ffff8| Untracked 
|3101|0x0000000799200000, 0x00000007993ffff0, 0x0000000799400000| 99%| O|  |TAMS 0x0000000799200000, 0x00000007993ffff0| Untracked 
|3102|0x0000000799400000, 0x0000000799600000, 0x0000000799600000|100%| O|  |TAMS 0x0000000799400000, 0x0000000799600000| Untracked 
|3103|0x0000000799600000, 0x00000007997ffff8, 0x0000000799800000| 99%| O|  |TAMS 0x0000000799600000, 0x00000007997ffff8| Untracked 
|3104|0x0000000799800000, 0x00000007999ffff8, 0x0000000799a00000| 99%| O|  |TAMS 0x0000000799800000, 0x00000007999ffff8| Untracked 
|3105|0x0000000799a00000, 0x0000000799c00000, 0x0000000799c00000|100%| O|  |TAMS 0x0000000799a00000, 0x0000000799c00000| Untracked 
|3106|0x0000000799c00000, 0x0000000799dffff8, 0x0000000799e00000| 99%| O|  |TAMS 0x0000000799c00000, 0x0000000799dffff8| Untracked 
|3107|0x0000000799e00000, 0x000000079a000000, 0x000000079a000000|100%| O|  |TAMS 0x0000000799e00000, 0x000000079a000000| Untracked 
|3108|0x000000079a000000, 0x000000079a200000, 0x000000079a200000|100%| O|  |TAMS 0x000000079a000000, 0x000000079a200000| Untracked 
|3109|0x000000079a200000, 0x000000079a400000, 0x000000079a400000|100%| O|  |TAMS 0x000000079a200000, 0x000000079a400000| Untracked 
|3110|0x000000079a400000, 0x000000079a5ffff8, 0x000000079a600000| 99%| O|  |TAMS 0x000000079a400000, 0x000000079a5ffff8| Untracked 
|3111|0x000000079a600000, 0x000000079a800000, 0x000000079a800000|100%| O|  |TAMS 0x000000079a600000, 0x000000079a800000| Untracked 
|3112|0x000000079a800000, 0x000000079aa00000, 0x000000079aa00000|100%| O|  |TAMS 0x000000079a800000, 0x000000079aa00000| Untracked 
|3113|0x000000079aa00000, 0x000000079abffff8, 0x000000079ac00000| 99%| O|  |TAMS 0x000000079aa00000, 0x000000079abffff8| Untracked 
|3114|0x000000079ac00000, 0x000000079adffff8, 0x000000079ae00000| 99%| O|  |TAMS 0x000000079ac00000, 0x000000079adffff8| Untracked 
|3115|0x000000079ae00000, 0x000000079b000000, 0x000000079b000000|100%| O|  |TAMS 0x000000079ae00000, 0x000000079b000000| Untracked 
|3116|0x000000079b000000, 0x000000079b200000, 0x000000079b200000|100%| O|  |TAMS 0x000000079b000000, 0x000000079b200000| Untracked 
|3117|0x000000079b200000, 0x000000079b400000, 0x000000079b400000|100%| O|  |TAMS 0x000000079b200000, 0x000000079b400000| Untracked 
|3118|0x000000079b400000, 0x000000079b600000, 0x000000079b600000|100%| O|  |TAMS 0x000000079b400000, 0x000000079b600000| Untracked 
|3119|0x000000079b600000, 0x000000079b800000, 0x000000079b800000|100%| O|  |TAMS 0x000000079b600000, 0x000000079b800000| Untracked 
|3120|0x000000079b800000, 0x000000079ba00000, 0x000000079ba00000|100%| O|  |TAMS 0x000000079b800000, 0x000000079ba00000| Untracked 
|3121|0x000000079ba00000, 0x000000079bc00000, 0x000000079bc00000|100%| O|  |TAMS 0x000000079ba00000, 0x000000079bc00000| Untracked 
|3122|0x000000079bc00000, 0x000000079be00000, 0x000000079be00000|100%| O|  |TAMS 0x000000079bc00000, 0x000000079be00000| Untracked 
|3123|0x000000079be00000, 0x000000079bfffff8, 0x000000079c000000| 99%| O|  |TAMS 0x000000079be00000, 0x000000079bfffff8| Untracked 
|3124|0x000000079c000000, 0x000000079c200000, 0x000000079c200000|100%| O|  |TAMS 0x000000079c000000, 0x000000079c200000| Untracked 
|3125|0x000000079c200000, 0x000000079c3ffff8, 0x000000079c400000| 99%| O|  |TAMS 0x000000079c200000, 0x000000079c3ffff8| Untracked 
|3126|0x000000079c400000, 0x000000079c5fffe8, 0x000000079c600000| 99%| O|  |TAMS 0x000000079c400000, 0x000000079c5fffe8| Untracked 
|3127|0x000000079c600000, 0x000000079c7ffff8, 0x000000079c800000| 99%| O|  |TAMS 0x000000079c600000, 0x000000079c7ffff8| Untracked 
|3128|0x000000079c800000, 0x000000079c9ffff0, 0x000000079ca00000| 99%| O|  |TAMS 0x000000079c800000, 0x000000079c9ffff0| Untracked 
|3129|0x000000079ca00000, 0x000000079cbffff0, 0x000000079cc00000| 99%| O|  |TAMS 0x000000079ca00000, 0x000000079cbffff0| Untracked 
|3130|0x000000079cc00000, 0x000000079ce00000, 0x000000079ce00000|100%| O|  |TAMS 0x000000079cc00000, 0x000000079ce00000| Untracked 
|3131|0x000000079ce00000, 0x000000079cfffff8, 0x000000079d000000| 99%| O|  |TAMS 0x000000079ce00000, 0x000000079cfffff8| Untracked 
|3132|0x000000079d000000, 0x000000079d1ffff8, 0x000000079d200000| 99%| O|  |TAMS 0x000000079d000000, 0x000000079d1ffff8| Untracked 
|3133|0x000000079d200000, 0x000000079d3ffff0, 0x000000079d400000| 99%| O|  |TAMS 0x000000079d200000, 0x000000079d3ffff0| Untracked 
|3134|0x000000079d400000, 0x000000079d600000, 0x000000079d600000|100%| O|  |TAMS 0x000000079d400000, 0x000000079d600000| Untracked 
|3135|0x000000079d600000, 0x000000079d7ffff8, 0x000000079d800000| 99%| O|  |TAMS 0x000000079d600000, 0x000000079d7ffff8| Untracked 
|3136|0x000000079d800000, 0x000000079da00000, 0x000000079da00000|100%| O|  |TAMS 0x000000079d800000, 0x000000079da00000| Untracked 
|3137|0x000000079da00000, 0x000000079dc00000, 0x000000079dc00000|100%| O|  |TAMS 0x000000079da00000, 0x000000079dc00000| Untracked 
|3138|0x000000079dc00000, 0x000000079de00000, 0x000000079de00000|100%| O|  |TAMS 0x000000079dc00000, 0x000000079de00000| Untracked 
|3139|0x000000079de00000, 0x000000079e000000, 0x000000079e000000|100%| O|  |TAMS 0x000000079de00000, 0x000000079e000000| Untracked 
|3140|0x000000079e000000, 0x000000079e1ffff8, 0x000000079e200000| 99%| O|  |TAMS 0x000000079e000000, 0x000000079e1ffff8| Untracked 
|3141|0x000000079e200000, 0x000000079e400000, 0x000000079e400000|100%| O|  |TAMS 0x000000079e200000, 0x000000079e400000| Untracked 
|3142|0x000000079e400000, 0x000000079e600000, 0x000000079e600000|100%| O|  |TAMS 0x000000079e400000, 0x000000079e600000| Untracked 
|3143|0x000000079e600000, 0x000000079e7ffff8, 0x000000079e800000| 99%| O|  |TAMS 0x000000079e600000, 0x000000079e7ffff8| Untracked 
|3144|0x000000079e800000, 0x000000079ea00000, 0x000000079ea00000|100%| O|  |TAMS 0x000000079e800000, 0x000000079ea00000| Untracked 
|3145|0x000000079ea00000, 0x000000079ebffff0, 0x000000079ec00000| 99%| O|  |TAMS 0x000000079ea00000, 0x000000079ebffff0| Untracked 
|3146|0x000000079ec00000, 0x000000079edffff8, 0x000000079ee00000| 99%| O|  |TAMS 0x000000079ec00000, 0x000000079edffff8| Untracked 
|3147|0x000000079ee00000, 0x000000079f000000, 0x000000079f000000|100%| O|  |TAMS 0x000000079ee00000, 0x000000079f000000| Untracked 
|3148|0x000000079f000000, 0x000000079f200000, 0x000000079f200000|100%| O|  |TAMS 0x000000079f000000, 0x000000079f200000| Untracked 
|3149|0x000000079f200000, 0x000000079f3ffff8, 0x000000079f400000| 99%| O|  |TAMS 0x000000079f200000, 0x000000079f3ffff8| Untracked 
|3150|0x000000079f400000, 0x000000079f5ffff8, 0x000000079f600000| 99%| O|  |TAMS 0x000000079f400000, 0x000000079f5ffff8| Untracked 
|3151|0x000000079f600000, 0x000000079f7fffe8, 0x000000079f800000| 99%| O|  |TAMS 0x000000079f600000, 0x000000079f7fffe8| Untracked 
|3152|0x000000079f800000, 0x000000079fa00000, 0x000000079fa00000|100%| O|  |TAMS 0x000000079f800000, 0x000000079fa00000| Untracked 
|3153|0x000000079fa00000, 0x000000079fbffff0, 0x000000079fc00000| 99%| O|  |TAMS 0x000000079fa00000, 0x000000079fbffff0| Untracked 
|3154|0x000000079fc00000, 0x000000079fe00000, 0x000000079fe00000|100%| O|  |TAMS 0x000000079fc00000, 0x000000079fe00000| Untracked 
|3155|0x000000079fe00000, 0x00000007a0000000, 0x00000007a0000000|100%| O|  |TAMS 0x000000079fe00000, 0x00000007a0000000| Untracked 
|3156|0x00000007a0000000, 0x00000007a01fffe8, 0x00000007a0200000| 99%| O|  |TAMS 0x00000007a0000000, 0x00000007a01fffe8| Untracked 
|3157|0x00000007a0200000, 0x00000007a0400000, 0x00000007a0400000|100%| O|  |TAMS 0x00000007a0200000, 0x00000007a0400000| Untracked 
|3158|0x00000007a0400000, 0x00000007a0600000, 0x00000007a0600000|100%| O|  |TAMS 0x00000007a0400000, 0x00000007a0600000| Untracked 
|3159|0x00000007a0600000, 0x00000007a0800000, 0x00000007a0800000|100%| O|  |TAMS 0x00000007a0600000, 0x00000007a0800000| Untracked 
|3160|0x00000007a0800000, 0x00000007a09ffff8, 0x00000007a0a00000| 99%| O|  |TAMS 0x00000007a0800000, 0x00000007a09ffff8| Untracked 
|3161|0x00000007a0a00000, 0x00000007a0bffff8, 0x00000007a0c00000| 99%| O|  |TAMS 0x00000007a0a00000, 0x00000007a0bffff8| Untracked 
|3162|0x00000007a0c00000, 0x00000007a0e00000, 0x00000007a0e00000|100%| O|  |TAMS 0x00000007a0c00000, 0x00000007a0e00000| Untracked 
|3163|0x00000007a0e00000, 0x00000007a0fffff8, 0x00000007a1000000| 99%| O|  |TAMS 0x00000007a0e00000, 0x00000007a0fffff8| Untracked 
|3164|0x00000007a1000000, 0x00000007a1200000, 0x00000007a1200000|100%| O|  |TAMS 0x00000007a1000000, 0x00000007a1200000| Untracked 
|3165|0x00000007a1200000, 0x00000007a13ffff0, 0x00000007a1400000| 99%| O|  |TAMS 0x00000007a1200000, 0x00000007a13ffff0| Untracked 
|3166|0x00000007a1400000, 0x00000007a1600000, 0x00000007a1600000|100%| O|  |TAMS 0x00000007a1400000, 0x00000007a1600000| Untracked 
|3167|0x00000007a1600000, 0x00000007a1800000, 0x00000007a1800000|100%| O|  |TAMS 0x00000007a1600000, 0x00000007a1800000| Untracked 
|3168|0x00000007a1800000, 0x00000007a19ffff0, 0x00000007a1a00000| 99%| O|  |TAMS 0x00000007a1800000, 0x00000007a19ffff0| Untracked 
|3169|0x00000007a1a00000, 0x00000007a1bffff8, 0x00000007a1c00000| 99%| O|  |TAMS 0x00000007a1a00000, 0x00000007a1bffff8| Untracked 
|3170|0x00000007a1c00000, 0x00000007a1e00000, 0x00000007a1e00000|100%| O|  |TAMS 0x00000007a1c00000, 0x00000007a1e00000| Untracked 
|3171|0x00000007a1e00000, 0x00000007a1fffff8, 0x00000007a2000000| 99%| O|  |TAMS 0x00000007a1e00000, 0x00000007a1fffff8| Untracked 
|3172|0x00000007a2000000, 0x00000007a2200000, 0x00000007a2200000|100%| O|  |TAMS 0x00000007a2000000, 0x00000007a2200000| Untracked 
|3173|0x00000007a2200000, 0x00000007a23ffff8, 0x00000007a2400000| 99%| O|  |TAMS 0x00000007a2200000, 0x00000007a23ffff8| Untracked 
|3174|0x00000007a2400000, 0x00000007a25ffff8, 0x00000007a2600000| 99%| O|  |TAMS 0x00000007a2400000, 0x00000007a25ffff8| Untracked 
|3175|0x00000007a2600000, 0x00000007a27ffff8, 0x00000007a2800000| 99%| O|  |TAMS 0x00000007a2600000, 0x00000007a27ffff8| Untracked 
|3176|0x00000007a2800000, 0x00000007a29ffff8, 0x00000007a2a00000| 99%| O|  |TAMS 0x00000007a2800000, 0x00000007a29ffff8| Untracked 
|3177|0x00000007a2a00000, 0x00000007a2bffff0, 0x00000007a2c00000| 99%| O|  |TAMS 0x00000007a2a00000, 0x00000007a2bffff0| Untracked 
|3178|0x00000007a2c00000, 0x00000007a2dffff0, 0x00000007a2e00000| 99%| O|  |TAMS 0x00000007a2c00000, 0x00000007a2dffff0| Untracked 
|3179|0x00000007a2e00000, 0x00000007a3000000, 0x00000007a3000000|100%| O|  |TAMS 0x00000007a2e00000, 0x00000007a3000000| Untracked 
|3180|0x00000007a3000000, 0x00000007a31ffff8, 0x00000007a3200000| 99%| O|  |TAMS 0x00000007a3000000, 0x00000007a31ffff8| Untracked 
|3181|0x00000007a3200000, 0x00000007a3400000, 0x00000007a3400000|100%| O|  |TAMS 0x00000007a3200000, 0x00000007a3400000| Untracked 
|3182|0x00000007a3400000, 0x00000007a35ffff8, 0x00000007a3600000| 99%| O|  |TAMS 0x00000007a3400000, 0x00000007a35ffff8| Untracked 
|3183|0x00000007a3600000, 0x00000007a3800000, 0x00000007a3800000|100%| O|  |TAMS 0x00000007a3600000, 0x00000007a3800000| Untracked 
|3184|0x00000007a3800000, 0x00000007a3a00000, 0x00000007a3a00000|100%| O|  |TAMS 0x00000007a3800000, 0x00000007a3a00000| Untracked 
|3185|0x00000007a3a00000, 0x00000007a3bffff8, 0x00000007a3c00000| 99%| O|  |TAMS 0x00000007a3a00000, 0x00000007a3bffff8| Untracked 
|3186|0x00000007a3c00000, 0x00000007a3dffff8, 0x00000007a3e00000| 99%| O|  |TAMS 0x00000007a3c00000, 0x00000007a3dffff8| Untracked 
|3187|0x00000007a3e00000, 0x00000007a3fffff0, 0x00000007a4000000| 99%| O|  |TAMS 0x00000007a3e00000, 0x00000007a3fffff0| Untracked 
|3188|0x00000007a4000000, 0x00000007a41ffff0, 0x00000007a4200000| 99%| O|  |TAMS 0x00000007a4000000, 0x00000007a41ffff0| Untracked 
|3189|0x00000007a4200000, 0x00000007a4400000, 0x00000007a4400000|100%| O|  |TAMS 0x00000007a4200000, 0x00000007a4400000| Untracked 
|3190|0x00000007a4400000, 0x00000007a45ffff8, 0x00000007a4600000| 99%| O|  |TAMS 0x00000007a4400000, 0x00000007a45ffff8| Untracked 
|3191|0x00000007a4600000, 0x00000007a47ffff8, 0x00000007a4800000| 99%| O|  |TAMS 0x00000007a4600000, 0x00000007a47ffff8| Untracked 
|3192|0x00000007a4800000, 0x00000007a49ffff8, 0x00000007a4a00000| 99%| O|  |TAMS 0x00000007a4800000, 0x00000007a49ffff8| Untracked 
|3193|0x00000007a4a00000, 0x00000007a4bffff8, 0x00000007a4c00000| 99%| O|  |TAMS 0x00000007a4a00000, 0x00000007a4bffff8| Untracked 
|3194|0x00000007a4c00000, 0x00000007a4dffff8, 0x00000007a4e00000| 99%| O|  |TAMS 0x00000007a4c00000, 0x00000007a4dffff8| Untracked 
|3195|0x00000007a4e00000, 0x00000007a4ffffe8, 0x00000007a5000000| 99%| O|  |TAMS 0x00000007a4e00000, 0x00000007a4ffffe8| Untracked 
|3196|0x00000007a5000000, 0x00000007a51fffe8, 0x00000007a5200000| 99%| O|  |TAMS 0x00000007a5000000, 0x00000007a51fffe8| Untracked 
|3197|0x00000007a5200000, 0x00000007a5400000, 0x00000007a5400000|100%| O|  |TAMS 0x00000007a5200000, 0x00000007a5400000| Untracked 
|3198|0x00000007a5400000, 0x00000007a55ffff8, 0x00000007a5600000| 99%| O|  |TAMS 0x00000007a5400000, 0x00000007a55ffff8| Untracked 
|3199|0x00000007a5600000, 0x00000007a5800000, 0x00000007a5800000|100%| O|  |TAMS 0x00000007a5600000, 0x00000007a5800000| Untracked 
|3200|0x00000007a5800000, 0x00000007a5a00000, 0x00000007a5a00000|100%| O|  |TAMS 0x00000007a5800000, 0x00000007a5a00000| Untracked 
|3201|0x00000007a5a00000, 0x00000007a5c00000, 0x00000007a5c00000|100%| O|  |TAMS 0x00000007a5a00000, 0x00000007a5c00000| Untracked 
|3202|0x00000007a5c00000, 0x00000007a5dffff8, 0x00000007a5e00000| 99%| O|  |TAMS 0x00000007a5c00000, 0x00000007a5dffff8| Untracked 
|3203|0x00000007a5e00000, 0x00000007a5fffff0, 0x00000007a6000000| 99%| O|  |TAMS 0x00000007a5e00000, 0x00000007a5fffff0| Untracked 
|3204|0x00000007a6000000, 0x00000007a6200000, 0x00000007a6200000|100%| O|  |TAMS 0x00000007a6000000, 0x00000007a6200000| Untracked 
|3205|0x00000007a6200000, 0x00000007a63ffff0, 0x00000007a6400000| 99%| O|  |TAMS 0x00000007a6200000, 0x00000007a63ffff0| Untracked 
|3206|0x00000007a6400000, 0x00000007a6600000, 0x00000007a6600000|100%| O|  |TAMS 0x00000007a6400000, 0x00000007a6600000| Untracked 
|3207|0x00000007a6600000, 0x00000007a67ffff8, 0x00000007a6800000| 99%| O|  |TAMS 0x00000007a6600000, 0x00000007a67ffff8| Untracked 
|3208|0x00000007a6800000, 0x00000007a69ffff8, 0x00000007a6a00000| 99%| O|  |TAMS 0x00000007a6800000, 0x00000007a69ffff8| Untracked 
|3209|0x00000007a6a00000, 0x00000007a6c00000, 0x00000007a6c00000|100%| O|  |TAMS 0x00000007a6a00000, 0x00000007a6c00000| Untracked 
|3210|0x00000007a6c00000, 0x00000007a6e00000, 0x00000007a6e00000|100%| O|  |TAMS 0x00000007a6c00000, 0x00000007a6e00000| Untracked 
|3211|0x00000007a6e00000, 0x00000007a6ffffe8, 0x00000007a7000000| 99%| O|  |TAMS 0x00000007a6e00000, 0x00000007a6ffffe8| Untracked 
|3212|0x00000007a7000000, 0x00000007a71ffff8, 0x00000007a7200000| 99%| O|  |TAMS 0x00000007a7000000, 0x00000007a71ffff8| Untracked 
|3213|0x00000007a7200000, 0x00000007a7400000, 0x00000007a7400000|100%| O|  |TAMS 0x00000007a7200000, 0x00000007a7400000| Untracked 
|3214|0x00000007a7400000, 0x00000007a75ffff8, 0x00000007a7600000| 99%| O|  |TAMS 0x00000007a7400000, 0x00000007a75ffff8| Untracked 
|3215|0x00000007a7600000, 0x00000007a7800000, 0x00000007a7800000|100%| O|  |TAMS 0x00000007a7600000, 0x00000007a7800000| Untracked 
|3216|0x00000007a7800000, 0x00000007a7a00000, 0x00000007a7a00000|100%| O|  |TAMS 0x00000007a7800000, 0x00000007a7a00000| Untracked 
|3217|0x00000007a7a00000, 0x00000007a7c00000, 0x00000007a7c00000|100%| O|  |TAMS 0x00000007a7a00000, 0x00000007a7c00000| Untracked 
|3218|0x00000007a7c00000, 0x00000007a7e00000, 0x00000007a7e00000|100%| O|  |TAMS 0x00000007a7c00000, 0x00000007a7e00000| Untracked 
|3219|0x00000007a7e00000, 0x00000007a8000000, 0x00000007a8000000|100%| O|  |TAMS 0x00000007a7e00000, 0x00000007a8000000| Untracked 
|3220|0x00000007a8000000, 0x00000007a8200000, 0x00000007a8200000|100%| O|  |TAMS 0x00000007a8000000, 0x00000007a8200000| Untracked 
|3221|0x00000007a8200000, 0x00000007a8400000, 0x00000007a8400000|100%| O|  |TAMS 0x00000007a8200000, 0x00000007a8400000| Untracked 
|3222|0x00000007a8400000, 0x00000007a85ffff8, 0x00000007a8600000| 99%| O|  |TAMS 0x00000007a8400000, 0x00000007a85ffff8| Untracked 
|3223|0x00000007a8600000, 0x00000007a87ffff0, 0x00000007a8800000| 99%| O|  |TAMS 0x00000007a8600000, 0x00000007a87ffff0| Untracked 
|3224|0x00000007a8800000, 0x00000007a89ffff8, 0x00000007a8a00000| 99%| O|  |TAMS 0x00000007a8800000, 0x00000007a89ffff8| Untracked 
|3225|0x00000007a8a00000, 0x00000007a8bffff0, 0x00000007a8c00000| 99%| O|  |TAMS 0x00000007a8a00000, 0x00000007a8bffff0| Untracked 
|3226|0x00000007a8c00000, 0x00000007a8dffff8, 0x00000007a8e00000| 99%| O|  |TAMS 0x00000007a8c00000, 0x00000007a8dffff8| Untracked 
|3227|0x00000007a8e00000, 0x00000007a9000000, 0x00000007a9000000|100%| O|  |TAMS 0x00000007a8e00000, 0x00000007a9000000| Untracked 
|3228|0x00000007a9000000, 0x00000007a9200000, 0x00000007a9200000|100%| O|  |TAMS 0x00000007a9000000, 0x00000007a9200000| Untracked 
|3229|0x00000007a9200000, 0x00000007a93ffff0, 0x00000007a9400000| 99%| O|  |TAMS 0x00000007a9200000, 0x00000007a93ffff0| Untracked 
|3230|0x00000007a9400000, 0x00000007a95ffff8, 0x00000007a9600000| 99%| O|  |TAMS 0x00000007a9400000, 0x00000007a95ffff8| Untracked 
|3231|0x00000007a9600000, 0x00000007a9800000, 0x00000007a9800000|100%| O|  |TAMS 0x00000007a9600000, 0x00000007a9800000| Untracked 
|3232|0x00000007a9800000, 0x00000007a9a00000, 0x00000007a9a00000|100%| O|  |TAMS 0x00000007a9800000, 0x00000007a9a00000| Untracked 
|3233|0x00000007a9a00000, 0x00000007a9c00000, 0x00000007a9c00000|100%| O|  |TAMS 0x00000007a9a00000, 0x00000007a9c00000| Untracked 
|3234|0x00000007a9c00000, 0x00000007a9e00000, 0x00000007a9e00000|100%| O|  |TAMS 0x00000007a9c00000, 0x00000007a9e00000| Untracked 
|3235|0x00000007a9e00000, 0x00000007aa000000, 0x00000007aa000000|100%| O|  |TAMS 0x00000007a9e00000, 0x00000007aa000000| Untracked 
|3236|0x00000007aa000000, 0x00000007aa1ffff8, 0x00000007aa200000| 99%| O|  |TAMS 0x00000007aa000000, 0x00000007aa1ffff8| Untracked 
|3237|0x00000007aa200000, 0x00000007aa400000, 0x00000007aa400000|100%| O|  |TAMS 0x00000007aa200000, 0x00000007aa400000| Untracked 
|3238|0x00000007aa400000, 0x00000007aa600000, 0x00000007aa600000|100%| O|  |TAMS 0x00000007aa400000, 0x00000007aa600000| Untracked 
|3239|0x00000007aa600000, 0x00000007aa7ffff8, 0x00000007aa800000| 99%| O|  |TAMS 0x00000007aa600000, 0x00000007aa7ffff8| Untracked 
|3240|0x00000007aa800000, 0x00000007aaa00000, 0x00000007aaa00000|100%| O|  |TAMS 0x00000007aa800000, 0x00000007aaa00000| Untracked 
|3241|0x00000007aaa00000, 0x00000007aac00000, 0x00000007aac00000|100%| O|  |TAMS 0x00000007aaa00000, 0x00000007aac00000| Untracked 
|3242|0x00000007aac00000, 0x00000007aae00000, 0x00000007aae00000|100%| O|  |TAMS 0x00000007aac00000, 0x00000007aae00000| Untracked 
|3243|0x00000007aae00000, 0x00000007ab000000, 0x00000007ab000000|100%| O|  |TAMS 0x00000007aae00000, 0x00000007ab000000| Untracked 
|3244|0x00000007ab000000, 0x00000007ab200000, 0x00000007ab200000|100%| O|  |TAMS 0x00000007ab000000, 0x00000007ab200000| Untracked 
|3245|0x00000007ab200000, 0x00000007ab400000, 0x00000007ab400000|100%| O|  |TAMS 0x00000007ab200000, 0x00000007ab400000| Untracked 
|3246|0x00000007ab400000, 0x00000007ab5ffff8, 0x00000007ab600000| 99%| O|  |TAMS 0x00000007ab400000, 0x00000007ab5ffff8| Untracked 
|3247|0x00000007ab600000, 0x00000007ab7fffe8, 0x00000007ab800000| 99%| O|  |TAMS 0x00000007ab600000, 0x00000007ab7fffe8| Untracked 
|3248|0x00000007ab800000, 0x00000007ab9ffff8, 0x00000007aba00000| 99%| O|  |TAMS 0x00000007ab800000, 0x00000007ab9ffff8| Untracked 
|3249|0x00000007aba00000, 0x00000007abbffff8, 0x00000007abc00000| 99%| O|  |TAMS 0x00000007aba00000, 0x00000007abbffff8| Untracked 
|3250|0x00000007abc00000, 0x00000007abe00000, 0x00000007abe00000|100%| O|  |TAMS 0x00000007abc00000, 0x00000007abe00000| Untracked 
|3251|0x00000007abe00000, 0x00000007abfffff0, 0x00000007ac000000| 99%| O|  |TAMS 0x00000007abe00000, 0x00000007abfffff0| Untracked 
|3252|0x00000007ac000000, 0x00000007ac200000, 0x00000007ac200000|100%| O|  |TAMS 0x00000007ac000000, 0x00000007ac200000| Untracked 
|3253|0x00000007ac200000, 0x00000007ac400000, 0x00000007ac400000|100%| O|  |TAMS 0x00000007ac200000, 0x00000007ac400000| Untracked 
|3254|0x00000007ac400000, 0x00000007ac5ffff8, 0x00000007ac600000| 99%| O|  |TAMS 0x00000007ac400000, 0x00000007ac5ffff8| Untracked 
|3255|0x00000007ac600000, 0x00000007ac7ffff0, 0x00000007ac800000| 99%| O|  |TAMS 0x00000007ac600000, 0x00000007ac7ffff0| Untracked 
|3256|0x00000007ac800000, 0x00000007aca00000, 0x00000007aca00000|100%| O|  |TAMS 0x00000007ac800000, 0x00000007aca00000| Untracked 
|3257|0x00000007aca00000, 0x00000007acbffff0, 0x00000007acc00000| 99%| O|  |TAMS 0x00000007aca00000, 0x00000007acbffff0| Untracked 
|3258|0x00000007acc00000, 0x00000007acdffff8, 0x00000007ace00000| 99%| O|  |TAMS 0x00000007acc00000, 0x00000007acdffff8| Untracked 
|3259|0x00000007ace00000, 0x00000007ad000000, 0x00000007ad000000|100%| O|  |TAMS 0x00000007ace00000, 0x00000007ad000000| Untracked 
|3260|0x00000007ad000000, 0x00000007ad1ffff0, 0x00000007ad200000| 99%| O|  |TAMS 0x00000007ad000000, 0x00000007ad1ffff0| Untracked 
|3261|0x00000007ad200000, 0x00000007ad3ffff8, 0x00000007ad400000| 99%| O|  |TAMS 0x00000007ad200000, 0x00000007ad3ffff8| Untracked 
|3262|0x00000007ad400000, 0x00000007ad600000, 0x00000007ad600000|100%| O|  |TAMS 0x00000007ad400000, 0x00000007ad600000| Untracked 
|3263|0x00000007ad600000, 0x00000007ad7ffff8, 0x00000007ad800000| 99%| O|  |TAMS 0x00000007ad600000, 0x00000007ad7ffff8| Untracked 
|3264|0x00000007ad800000, 0x00000007ad9ffff0, 0x00000007ada00000| 99%| O|  |TAMS 0x00000007ad800000, 0x00000007ad9ffff0| Untracked 
|3265|0x00000007ada00000, 0x00000007adbffff8, 0x00000007adc00000| 99%| O|  |TAMS 0x00000007ada00000, 0x00000007adbffff8| Untracked 
|3266|0x00000007adc00000, 0x00000007addffff8, 0x00000007ade00000| 99%| O|  |TAMS 0x00000007adc00000, 0x00000007addffff8| Untracked 
|3267|0x00000007ade00000, 0x00000007ae000000, 0x00000007ae000000|100%| O|  |TAMS 0x00000007ade00000, 0x00000007ae000000| Untracked 
|3268|0x00000007ae000000, 0x00000007ae200000, 0x00000007ae200000|100%| O|  |TAMS 0x00000007ae000000, 0x00000007ae200000| Untracked 
|3269|0x00000007ae200000, 0x00000007ae3ffff8, 0x00000007ae400000| 99%| O|  |TAMS 0x00000007ae200000, 0x00000007ae3ffff8| Untracked 
|3270|0x00000007ae400000, 0x00000007ae5ffff0, 0x00000007ae600000| 99%| O|  |TAMS 0x00000007ae400000, 0x00000007ae5ffff0| Untracked 
|3271|0x00000007ae600000, 0x00000007ae7ffff8, 0x00000007ae800000| 99%| O|  |TAMS 0x00000007ae600000, 0x00000007ae7ffff8| Untracked 
|3272|0x00000007ae800000, 0x00000007aea00000, 0x00000007aea00000|100%| O|  |TAMS 0x00000007ae800000, 0x00000007aea00000| Untracked 
|3273|0x00000007aea00000, 0x00000007aebffff0, 0x00000007aec00000| 99%| O|  |TAMS 0x00000007aea00000, 0x00000007aebffff0| Untracked 
|3274|0x00000007aec00000, 0x00000007aee00000, 0x00000007aee00000|100%| O|  |TAMS 0x00000007aec00000, 0x00000007aee00000| Untracked 
|3275|0x00000007aee00000, 0x00000007aefffff0, 0x00000007af000000| 99%| O|  |TAMS 0x00000007aee00000, 0x00000007aefffff0| Untracked 
|3276|0x00000007af000000, 0x00000007af1ffff0, 0x00000007af200000| 99%| O|  |TAMS 0x00000007af000000, 0x00000007af1ffff0| Untracked 
|3277|0x00000007af200000, 0x00000007af3ffff8, 0x00000007af400000| 99%| O|  |TAMS 0x00000007af200000, 0x00000007af3ffff8| Untracked 
|3278|0x00000007af400000, 0x00000007af600000, 0x00000007af600000|100%| O|  |TAMS 0x00000007af400000, 0x00000007af600000| Untracked 
|3279|0x00000007af600000, 0x00000007af800000, 0x00000007af800000|100%| O|  |TAMS 0x00000007af600000, 0x00000007af800000| Untracked 
|3280|0x00000007af800000, 0x00000007af9ffff8, 0x00000007afa00000| 99%| O|  |TAMS 0x00000007af800000, 0x00000007af9ffff8| Untracked 
|3281|0x00000007afa00000, 0x00000007afbffff8, 0x00000007afc00000| 99%| O|  |TAMS 0x00000007afa00000, 0x00000007afbffff8| Untracked 
|3282|0x00000007afc00000, 0x00000007afe00000, 0x00000007afe00000|100%| O|  |TAMS 0x00000007afc00000, 0x00000007afe00000| Untracked 
|3283|0x00000007afe00000, 0x00000007b0000000, 0x00000007b0000000|100%| O|  |TAMS 0x00000007afe00000, 0x00000007b0000000| Untracked 
|3284|0x00000007b0000000, 0x00000007b0200000, 0x00000007b0200000|100%| O|  |TAMS 0x00000007b0000000, 0x00000007b0200000| Untracked 
|3285|0x00000007b0200000, 0x00000007b0400000, 0x00000007b0400000|100%| O|  |TAMS 0x00000007b0200000, 0x00000007b0400000| Untracked 
|3286|0x00000007b0400000, 0x00000007b05ffff8, 0x00000007b0600000| 99%| O|  |TAMS 0x00000007b0400000, 0x00000007b05ffff8| Untracked 
|3287|0x00000007b0600000, 0x00000007b0800000, 0x00000007b0800000|100%| O|  |TAMS 0x00000007b0600000, 0x00000007b0800000| Untracked 
|3288|0x00000007b0800000, 0x00000007b0a00000, 0x00000007b0a00000|100%| O|  |TAMS 0x00000007b0800000, 0x00000007b0a00000| Untracked 
|3289|0x00000007b0a00000, 0x00000007b0bffff8, 0x00000007b0c00000| 99%| O|  |TAMS 0x00000007b0a00000, 0x00000007b0bffff8| Untracked 
|3290|0x00000007b0c00000, 0x00000007b0dffff8, 0x00000007b0e00000| 99%| O|  |TAMS 0x00000007b0c00000, 0x00000007b0dffff8| Untracked 
|3291|0x00000007b0e00000, 0x00000007b1000000, 0x00000007b1000000|100%| O|  |TAMS 0x00000007b0e00000, 0x00000007b1000000| Untracked 
|3292|0x00000007b1000000, 0x00000007b1200000, 0x00000007b1200000|100%| O|  |TAMS 0x00000007b1000000, 0x00000007b1200000| Untracked 
|3293|0x00000007b1200000, 0x00000007b13ffff0, 0x00000007b1400000| 99%| O|  |TAMS 0x00000007b1200000, 0x00000007b13ffff0| Untracked 
|3294|0x00000007b1400000, 0x00000007b1600000, 0x00000007b1600000|100%| O|  |TAMS 0x00000007b1400000, 0x00000007b1600000| Untracked 
|3295|0x00000007b1600000, 0x00000007b17ffff8, 0x00000007b1800000| 99%| O|  |TAMS 0x00000007b1600000, 0x00000007b17ffff8| Untracked 
|3296|0x00000007b1800000, 0x00000007b1a00000, 0x00000007b1a00000|100%| O|  |TAMS 0x00000007b1800000, 0x00000007b1a00000| Untracked 
|3297|0x00000007b1a00000, 0x00000007b1c00000, 0x00000007b1c00000|100%| O|  |TAMS 0x00000007b1a00000, 0x00000007b1c00000| Untracked 
|3298|0x00000007b1c00000, 0x00000007b1dffff8, 0x00000007b1e00000| 99%| O|  |TAMS 0x00000007b1c00000, 0x00000007b1dffff8| Untracked 
|3299|0x00000007b1e00000, 0x00000007b1fffff8, 0x00000007b2000000| 99%| O|  |TAMS 0x00000007b1e00000, 0x00000007b1fffff8| Untracked 
|3300|0x00000007b2000000, 0x00000007b2200000, 0x00000007b2200000|100%| O|  |TAMS 0x00000007b2000000, 0x00000007b2200000| Untracked 
|3301|0x00000007b2200000, 0x00000007b23ffff8, 0x00000007b2400000| 99%| O|  |TAMS 0x00000007b2200000, 0x00000007b23ffff8| Untracked 
|3302|0x00000007b2400000, 0x00000007b25ffff8, 0x00000007b2600000| 99%| O|  |TAMS 0x00000007b2400000, 0x00000007b25ffff8| Untracked 
|3303|0x00000007b2600000, 0x00000007b27ffff8, 0x00000007b2800000| 99%| O|  |TAMS 0x00000007b2600000, 0x00000007b27ffff8| Untracked 
|3304|0x00000007b2800000, 0x00000007b29ffff8, 0x00000007b2a00000| 99%| O|  |TAMS 0x00000007b2800000, 0x00000007b29ffff8| Untracked 
|3305|0x00000007b2a00000, 0x00000007b2c00000, 0x00000007b2c00000|100%| O|  |TAMS 0x00000007b2a00000, 0x00000007b2c00000| Untracked 
|3306|0x00000007b2c00000, 0x00000007b2e00000, 0x00000007b2e00000|100%| O|  |TAMS 0x00000007b2c00000, 0x00000007b2e00000| Untracked 
|3307|0x00000007b2e00000, 0x00000007b3000000, 0x00000007b3000000|100%| O|  |TAMS 0x00000007b2e00000, 0x00000007b3000000| Untracked 
|3308|0x00000007b3000000, 0x00000007b3200000, 0x00000007b3200000|100%| O|  |TAMS 0x00000007b3000000, 0x00000007b3200000| Untracked 
|3309|0x00000007b3200000, 0x00000007b33ffff0, 0x00000007b3400000| 99%| O|  |TAMS 0x00000007b3200000, 0x00000007b33ffff0| Untracked 
|3310|0x00000007b3400000, 0x00000007b35ffff8, 0x00000007b3600000| 99%| O|  |TAMS 0x00000007b3400000, 0x00000007b35ffff8| Untracked 
|3311|0x00000007b3600000, 0x00000007b3800000, 0x00000007b3800000|100%| O|  |TAMS 0x00000007b3600000, 0x00000007b3800000| Untracked 
|3312|0x00000007b3800000, 0x00000007b39ffff8, 0x00000007b3a00000| 99%| O|  |TAMS 0x00000007b3800000, 0x00000007b39ffff8| Untracked 
|3313|0x00000007b3a00000, 0x00000007b3bffff8, 0x00000007b3c00000| 99%| O|  |TAMS 0x00000007b3a00000, 0x00000007b3bffff8| Untracked 
|3314|0x00000007b3c00000, 0x00000007b3dffff8, 0x00000007b3e00000| 99%| O|  |TAMS 0x00000007b3c00000, 0x00000007b3dffff8| Untracked 
|3315|0x00000007b3e00000, 0x00000007b4000000, 0x00000007b4000000|100%| O|  |TAMS 0x00000007b3e00000, 0x00000007b4000000| Untracked 
|3316|0x00000007b4000000, 0x00000007b4200000, 0x00000007b4200000|100%| O|  |TAMS 0x00000007b4000000, 0x00000007b4200000| Untracked 
|3317|0x00000007b4200000, 0x00000007b43ffff8, 0x00000007b4400000| 99%| O|  |TAMS 0x00000007b4200000, 0x00000007b43ffff8| Untracked 
|3318|0x00000007b4400000, 0x00000007b45ffff8, 0x00000007b4600000| 99%| O|  |TAMS 0x00000007b4400000, 0x00000007b45ffff8| Untracked 
|3319|0x00000007b4600000, 0x00000007b4800000, 0x00000007b4800000|100%| O|  |TAMS 0x00000007b4600000, 0x00000007b4800000| Untracked 
|3320|0x00000007b4800000, 0x00000007b4a00000, 0x00000007b4a00000|100%| O|  |TAMS 0x00000007b4800000, 0x00000007b4a00000| Untracked 
|3321|0x00000007b4a00000, 0x00000007b4bffff0, 0x00000007b4c00000| 99%| O|  |TAMS 0x00000007b4a00000, 0x00000007b4bffff0| Untracked 
|3322|0x00000007b4c00000, 0x00000007b4dffff8, 0x00000007b4e00000| 99%| O|  |TAMS 0x00000007b4c00000, 0x00000007b4dffff8| Untracked 
|3323|0x00000007b4e00000, 0x00000007b4fffff0, 0x00000007b5000000| 99%| O|  |TAMS 0x00000007b4e00000, 0x00000007b4fffff0| Untracked 
|3324|0x00000007b5000000, 0x00000007b51ffff0, 0x00000007b5200000| 99%| O|  |TAMS 0x00000007b5000000, 0x00000007b51ffff0| Untracked 
|3325|0x00000007b5200000, 0x00000007b53ffff8, 0x00000007b5400000| 99%| O|  |TAMS 0x00000007b5200000, 0x00000007b53ffff8| Untracked 
|3326|0x00000007b5400000, 0x00000007b55ffff8, 0x00000007b5600000| 99%| O|  |TAMS 0x00000007b5400000, 0x00000007b55ffff8| Untracked 
|3327|0x00000007b5600000, 0x00000007b57ffff8, 0x00000007b5800000| 99%| O|  |TAMS 0x00000007b5600000, 0x00000007b57ffff8| Untracked 
|3328|0x00000007b5800000, 0x00000007b59ffff8, 0x00000007b5a00000| 99%| O|  |TAMS 0x00000007b5800000, 0x00000007b59ffff8| Untracked 
|3329|0x00000007b5a00000, 0x00000007b5c00000, 0x00000007b5c00000|100%| O|  |TAMS 0x00000007b5a00000, 0x00000007b5c00000| Untracked 
|3330|0x00000007b5c00000, 0x00000007b5dffff8, 0x00000007b5e00000| 99%| O|  |TAMS 0x00000007b5c00000, 0x00000007b5dffff8| Untracked 
|3331|0x00000007b5e00000, 0x00000007b6000000, 0x00000007b6000000|100%| O|  |TAMS 0x00000007b5e00000, 0x00000007b6000000| Untracked 
|3332|0x00000007b6000000, 0x00000007b61ffff8, 0x00000007b6200000| 99%| O|  |TAMS 0x00000007b6000000, 0x00000007b61ffff8| Untracked 
|3333|0x00000007b6200000, 0x00000007b63ffff0, 0x00000007b6400000| 99%| O|  |TAMS 0x00000007b6200000, 0x00000007b63ffff0| Untracked 
|3334|0x00000007b6400000, 0x00000007b6600000, 0x00000007b6600000|100%| O|  |TAMS 0x00000007b6400000, 0x00000007b6600000| Untracked 
|3335|0x00000007b6600000, 0x00000007b6800000, 0x00000007b6800000|100%| O|  |TAMS 0x00000007b6600000, 0x00000007b6800000| Untracked 
|3336|0x00000007b6800000, 0x00000007b69ffff8, 0x00000007b6a00000| 99%| O|  |TAMS 0x00000007b6800000, 0x00000007b69ffff8| Untracked 
|3337|0x00000007b6a00000, 0x00000007b6c00000, 0x00000007b6c00000|100%| O|  |TAMS 0x00000007b6a00000, 0x00000007b6c00000| Untracked 
|3338|0x00000007b6c00000, 0x00000007b6dffff0, 0x00000007b6e00000| 99%| O|  |TAMS 0x00000007b6c00000, 0x00000007b6dffff0| Untracked 
|3339|0x00000007b6e00000, 0x00000007b6fffff8, 0x00000007b7000000| 99%| O|  |TAMS 0x00000007b6e00000, 0x00000007b6fffff8| Untracked 
|3340|0x00000007b7000000, 0x00000007b71ffff0, 0x00000007b7200000| 99%| O|  |TAMS 0x00000007b7000000, 0x00000007b71ffff0| Untracked 
|3341|0x00000007b7200000, 0x00000007b73ffff8, 0x00000007b7400000| 99%| O|  |TAMS 0x00000007b7200000, 0x00000007b73ffff8| Untracked 
|3342|0x00000007b7400000, 0x00000007b75ffff8, 0x00000007b7600000| 99%| O|  |TAMS 0x00000007b7400000, 0x00000007b75ffff8| Untracked 
|3343|0x00000007b7600000, 0x00000007b77ffff8, 0x00000007b7800000| 99%| O|  |TAMS 0x00000007b7600000, 0x00000007b77ffff8| Untracked 
|3344|0x00000007b7800000, 0x00000007b79ffff0, 0x00000007b7a00000| 99%| O|  |TAMS 0x00000007b7800000, 0x00000007b79ffff0| Untracked 
|3345|0x00000007b7a00000, 0x00000007b7c00000, 0x00000007b7c00000|100%| O|  |TAMS 0x00000007b7a00000, 0x00000007b7c00000| Untracked 
|3346|0x00000007b7c00000, 0x00000007b7dffff8, 0x00000007b7e00000| 99%| O|  |TAMS 0x00000007b7c00000, 0x00000007b7dffff8| Untracked 
|3347|0x00000007b7e00000, 0x00000007b8000000, 0x00000007b8000000|100%| O|  |TAMS 0x00000007b7e00000, 0x00000007b8000000| Untracked 
|3348|0x00000007b8000000, 0x00000007b81ffff8, 0x00000007b8200000| 99%| O|  |TAMS 0x00000007b8000000, 0x00000007b81ffff8| Untracked 
|3349|0x00000007b8200000, 0x00000007b8400000, 0x00000007b8400000|100%| O|  |TAMS 0x00000007b8200000, 0x00000007b8400000| Untracked 
|3350|0x00000007b8400000, 0x00000007b85ffff0, 0x00000007b8600000| 99%| O|  |TAMS 0x00000007b8400000, 0x00000007b85ffff0| Untracked 
|3351|0x00000007b8600000, 0x00000007b8800000, 0x00000007b8800000|100%| O|  |TAMS 0x00000007b8600000, 0x00000007b8800000| Untracked 
|3352|0x00000007b8800000, 0x00000007b89ffff8, 0x00000007b8a00000| 99%| O|  |TAMS 0x00000007b8800000, 0x00000007b89ffff8| Untracked 
|3353|0x00000007b8a00000, 0x00000007b8c00000, 0x00000007b8c00000|100%| O|  |TAMS 0x00000007b8a00000, 0x00000007b8c00000| Untracked 
|3354|0x00000007b8c00000, 0x00000007b8dffff8, 0x00000007b8e00000| 99%| O|  |TAMS 0x00000007b8c00000, 0x00000007b8dffff8| Untracked 
|3355|0x00000007b8e00000, 0x00000007b9000000, 0x00000007b9000000|100%| O|  |TAMS 0x00000007b8e00000, 0x00000007b9000000| Untracked 
|3356|0x00000007b9000000, 0x00000007b9200000, 0x00000007b9200000|100%| O|  |TAMS 0x00000007b9000000, 0x00000007b9200000| Untracked 
|3357|0x00000007b9200000, 0x00000007b93ffff8, 0x00000007b9400000| 99%| O|  |TAMS 0x00000007b9200000, 0x00000007b93ffff8| Untracked 
|3358|0x00000007b9400000, 0x00000007b9600000, 0x00000007b9600000|100%| O|  |TAMS 0x00000007b9400000, 0x00000007b9600000| Untracked 
|3359|0x00000007b9600000, 0x00000007b9800000, 0x00000007b9800000|100%| O|  |TAMS 0x00000007b9600000, 0x00000007b9800000| Untracked 
|3360|0x00000007b9800000, 0x00000007b9a00000, 0x00000007b9a00000|100%| O|  |TAMS 0x00000007b9800000, 0x00000007b9a00000| Untracked 
|3361|0x00000007b9a00000, 0x00000007b9c00000, 0x00000007b9c00000|100%| O|  |TAMS 0x00000007b9a00000, 0x00000007b9c00000| Untracked 
|3362|0x00000007b9c00000, 0x00000007b9e00000, 0x00000007b9e00000|100%| O|  |TAMS 0x00000007b9c00000, 0x00000007b9e00000| Untracked 
|3363|0x00000007b9e00000, 0x00000007ba000000, 0x00000007ba000000|100%| O|  |TAMS 0x00000007b9e00000, 0x00000007ba000000| Untracked 
|3364|0x00000007ba000000, 0x00000007ba1ffff0, 0x00000007ba200000| 99%| O|  |TAMS 0x00000007ba000000, 0x00000007ba1ffff0| Untracked 
|3365|0x00000007ba200000, 0x00000007ba400000, 0x00000007ba400000|100%| O|  |TAMS 0x00000007ba200000, 0x00000007ba400000| Untracked 
|3366|0x00000007ba400000, 0x00000007ba600000, 0x00000007ba600000|100%| O|  |TAMS 0x00000007ba400000, 0x00000007ba600000| Untracked 
|3367|0x00000007ba600000, 0x00000007ba800000, 0x00000007ba800000|100%| O|  |TAMS 0x00000007ba600000, 0x00000007ba800000| Untracked 
|3368|0x00000007ba800000, 0x00000007baa00000, 0x00000007baa00000|100%| O|  |TAMS 0x00000007ba800000, 0x00000007baa00000| Untracked 
|3369|0x00000007baa00000, 0x00000007bac00000, 0x00000007bac00000|100%| O|  |TAMS 0x00000007baa00000, 0x00000007bac00000| Untracked 
|3370|0x00000007bac00000, 0x00000007badffff8, 0x00000007bae00000| 99%| O|  |TAMS 0x00000007bac00000, 0x00000007badffff8| Untracked 
|3371|0x00000007bae00000, 0x00000007bafffff0, 0x00000007bb000000| 99%| O|  |TAMS 0x00000007bae00000, 0x00000007bafffff0| Untracked 
|3372|0x00000007bb000000, 0x00000007bb1ffff0, 0x00000007bb200000| 99%| O|  |TAMS 0x00000007bb000000, 0x00000007bb1ffff0| Untracked 
|3373|0x00000007bb200000, 0x00000007bb3ffff0, 0x00000007bb400000| 99%| O|  |TAMS 0x00000007bb200000, 0x00000007bb3ffff0| Untracked 
|3374|0x00000007bb400000, 0x00000007bb5ffff8, 0x00000007bb600000| 99%| O|  |TAMS 0x00000007bb400000, 0x00000007bb5ffff8| Untracked 
|3375|0x00000007bb600000, 0x00000007bb7ffff0, 0x00000007bb800000| 99%| O|  |TAMS 0x00000007bb600000, 0x00000007bb7ffff0| Untracked 
|3376|0x00000007bb800000, 0x00000007bba00000, 0x00000007bba00000|100%| O|  |TAMS 0x00000007bb800000, 0x00000007bba00000| Untracked 
|3377|0x00000007bba00000, 0x00000007bbbffff0, 0x00000007bbc00000| 99%| O|  |TAMS 0x00000007bba00000, 0x00000007bbbffff0| Untracked 
|3378|0x00000007bbc00000, 0x00000007bbe00000, 0x00000007bbe00000|100%| O|  |TAMS 0x00000007bbc00000, 0x00000007bbe00000| Untracked 
|3379|0x00000007bbe00000, 0x00000007bbfffff8, 0x00000007bc000000| 99%| O|  |TAMS 0x00000007bbe00000, 0x00000007bbfffff8| Untracked 
|3380|0x00000007bc000000, 0x00000007bc1ffff0, 0x00000007bc200000| 99%| O|  |TAMS 0x00000007bc000000, 0x00000007bc1ffff0| Untracked 
|3381|0x00000007bc200000, 0x00000007bc3ffff8, 0x00000007bc400000| 99%| O|  |TAMS 0x00000007bc200000, 0x00000007bc3ffff8| Untracked 
|3382|0x00000007bc400000, 0x00000007bc600000, 0x00000007bc600000|100%| O|  |TAMS 0x00000007bc400000, 0x00000007bc600000| Untracked 
|3383|0x00000007bc600000, 0x00000007bc800000, 0x00000007bc800000|100%| O|  |TAMS 0x00000007bc600000, 0x00000007bc800000| Untracked 
|3384|0x00000007bc800000, 0x00000007bca00000, 0x00000007bca00000|100%| O|  |TAMS 0x00000007bc800000, 0x00000007bca00000| Untracked 
|3385|0x00000007bca00000, 0x00000007bcbffff8, 0x00000007bcc00000| 99%| O|  |TAMS 0x00000007bca00000, 0x00000007bcbffff8| Untracked 
|3386|0x00000007bcc00000, 0x00000007bcdffff8, 0x00000007bce00000| 99%| O|  |TAMS 0x00000007bcc00000, 0x00000007bcdffff8| Untracked 
|3387|0x00000007bce00000, 0x00000007bd000000, 0x00000007bd000000|100%| O|  |TAMS 0x00000007bce00000, 0x00000007bd000000| Untracked 
|3388|0x00000007bd000000, 0x00000007bd1ffff8, 0x00000007bd200000| 99%| O|  |TAMS 0x00000007bd000000, 0x00000007bd1ffff8| Untracked 
|3389|0x00000007bd200000, 0x00000007bd3ffff8, 0x00000007bd400000| 99%| O|  |TAMS 0x00000007bd200000, 0x00000007bd3ffff8| Untracked 
|3390|0x00000007bd400000, 0x00000007bd5ffff8, 0x00000007bd600000| 99%| O|  |TAMS 0x00000007bd400000, 0x00000007bd5ffff8| Untracked 
|3391|0x00000007bd600000, 0x00000007bd7ffff0, 0x00000007bd800000| 99%| O|  |TAMS 0x00000007bd600000, 0x00000007bd7ffff0| Untracked 
|3392|0x00000007bd800000, 0x00000007bda00000, 0x00000007bda00000|100%| O|  |TAMS 0x00000007bd800000, 0x00000007bda00000| Untracked 
|3393|0x00000007bda00000, 0x00000007bdc00000, 0x00000007bdc00000|100%| O|  |TAMS 0x00000007bda00000, 0x00000007bdc00000| Untracked 
|3394|0x00000007bdc00000, 0x00000007bddffff0, 0x00000007bde00000| 99%| O|  |TAMS 0x00000007bdc00000, 0x00000007bddffff0| Untracked 
|3395|0x00000007bde00000, 0x00000007bdfffff8, 0x00000007be000000| 99%| O|  |TAMS 0x00000007bde00000, 0x00000007bdfffff8| Untracked 
|3396|0x00000007be000000, 0x00000007be1ffff0, 0x00000007be200000| 99%| O|  |TAMS 0x00000007be000000, 0x00000007be1ffff0| Untracked 
|3397|0x00000007be200000, 0x00000007be400000, 0x00000007be400000|100%| O|  |TAMS 0x00000007be200000, 0x00000007be400000| Untracked 
|3398|0x00000007be400000, 0x00000007be600000, 0x00000007be600000|100%| O|  |TAMS 0x00000007be400000, 0x00000007be600000| Untracked 
|3399|0x00000007be600000, 0x00000007be800000, 0x00000007be800000|100%| O|  |TAMS 0x00000007be600000, 0x00000007be800000| Untracked 
|3400|0x00000007be800000, 0x00000007bea00000, 0x00000007bea00000|100%| O|  |TAMS 0x00000007be800000, 0x00000007bea00000| Untracked 
|3401|0x00000007bea00000, 0x00000007bebffff8, 0x00000007bec00000| 99%| O|  |TAMS 0x00000007bea00000, 0x00000007bebffff8| Untracked 
|3402|0x00000007bec00000, 0x00000007bedffff8, 0x00000007bee00000| 99%| O|  |TAMS 0x00000007bec00000, 0x00000007bedffff8| Untracked 
|3403|0x00000007bee00000, 0x00000007befffff8, 0x00000007bf000000| 99%| O|  |TAMS 0x00000007bee00000, 0x00000007befffff8| Untracked 
|3404|0x00000007bf000000, 0x00000007bf200000, 0x00000007bf200000|100%| O|  |TAMS 0x00000007bf000000, 0x00000007bf200000| Untracked 
|3405|0x00000007bf200000, 0x00000007bf400000, 0x00000007bf400000|100%| O|  |TAMS 0x00000007bf200000, 0x00000007bf400000| Untracked 
|3406|0x00000007bf400000, 0x00000007bf600000, 0x00000007bf600000|100%| O|  |TAMS 0x00000007bf400000, 0x00000007bf600000| Untracked 
|3407|0x00000007bf600000, 0x00000007bf800000, 0x00000007bf800000|100%| O|  |TAMS 0x00000007bf600000, 0x00000007bf800000| Untracked 
|3408|0x00000007bf800000, 0x00000007bf9ffff8, 0x00000007bfa00000| 99%| O|  |TAMS 0x00000007bf800000, 0x00000007bf9ffff8| Untracked 
|3409|0x00000007bfa00000, 0x00000007bfbffff0, 0x00000007bfc00000| 99%| O|  |TAMS 0x00000007bfa00000, 0x00000007bfbffff0| Untracked 
|3410|0x00000007bfc00000, 0x00000007bfc48000, 0x00000007bfe00000| 14%|OA|  |TAMS 0x00000007bfc48000, 0x00000007bfc48000| Untracked 
|3411|0x00000007bfe00000, 0x00000007bfe6b000, 0x00000007c0000000| 20%|CA|  |TAMS 0x00000007bfe6b000, 0x00000007bfe6b000| Untracked 
|3412|0x00000007c0000000, 0x00000007c01ffff0, 0x00000007c0200000| 99%| O|  |TAMS 0x00000007c0000000, 0x00000007c01ffff0| Untracked 
|3413|0x00000007c0200000, 0x00000007c03ffff8, 0x00000007c0400000| 99%| O|  |TAMS 0x00000007c0200000, 0x00000007c03ffff8| Untracked 
|3414|0x00000007c0400000, 0x00000007c05ffff8, 0x00000007c0600000| 99%| O|  |TAMS 0x00000007c0400000, 0x00000007c05ffff8| Untracked 
|3415|0x00000007c0600000, 0x00000007c07ffff0, 0x00000007c0800000| 99%| O|  |TAMS 0x00000007c0600000, 0x00000007c07ffff0| Untracked 
|3416|0x00000007c0800000, 0x00000007c09ffff8, 0x00000007c0a00000| 99%| O|  |TAMS 0x00000007c0800000, 0x00000007c09ffff8| Untracked 
|3417|0x00000007c0a00000, 0x00000007c0c00000, 0x00000007c0c00000|100%| O|  |TAMS 0x00000007c0a00000, 0x00000007c0c00000| Untracked 
|3418|0x00000007c0c00000, 0x00000007c0e00000, 0x00000007c0e00000|100%| O|  |TAMS 0x00000007c0c00000, 0x00000007c0e00000| Untracked 
|3419|0x00000007c0e00000, 0x00000007c0fffff8, 0x00000007c1000000| 99%| O|  |TAMS 0x00000007c0e00000, 0x00000007c0fffff8| Untracked 
|3420|0x00000007c1000000, 0x00000007c1200000, 0x00000007c1200000|100%| O|  |TAMS 0x00000007c1000000, 0x00000007c1200000| Untracked 
|3421|0x00000007c1200000, 0x00000007c13ffff0, 0x00000007c1400000| 99%| O|  |TAMS 0x00000007c1200000, 0x00000007c13ffff0| Untracked 
|3422|0x00000007c1400000, 0x00000007c15ffff0, 0x00000007c1600000| 99%| O|  |TAMS 0x00000007c1400000, 0x00000007c15ffff0| Untracked 
|3423|0x00000007c1600000, 0x00000007c17ffff8, 0x00000007c1800000| 99%| O|  |TAMS 0x00000007c1600000, 0x00000007c17ffff8| Untracked 
|3424|0x00000007c1800000, 0x00000007c1a00000, 0x00000007c1a00000|100%| O|  |TAMS 0x00000007c1800000, 0x00000007c1a00000| Untracked 
|3425|0x00000007c1a00000, 0x00000007c1c00000, 0x00000007c1c00000|100%| O|  |TAMS 0x00000007c1a00000, 0x00000007c1c00000| Untracked 
|3426|0x00000007c1c00000, 0x00000007c1e00000, 0x00000007c1e00000|100%| O|  |TAMS 0x00000007c1c00000, 0x00000007c1e00000| Untracked 
|3427|0x00000007c1e00000, 0x00000007c2000000, 0x00000007c2000000|100%| O|  |TAMS 0x00000007c1e00000, 0x00000007c2000000| Untracked 
|3428|0x00000007c2000000, 0x00000007c21ffff8, 0x00000007c2200000| 99%| O|  |TAMS 0x00000007c2000000, 0x00000007c21ffff8| Untracked 
|3429|0x00000007c2200000, 0x00000007c23ffff8, 0x00000007c2400000| 99%| O|  |TAMS 0x00000007c2200000, 0x00000007c23ffff8| Untracked 
|3430|0x00000007c2400000, 0x00000007c25ffff0, 0x00000007c2600000| 99%| O|  |TAMS 0x00000007c2400000, 0x00000007c25ffff0| Untracked 
|3431|0x00000007c2600000, 0x00000007c27ffff8, 0x00000007c2800000| 99%| O|  |TAMS 0x00000007c2600000, 0x00000007c27ffff8| Untracked 
|3432|0x00000007c2800000, 0x00000007c29ffff8, 0x00000007c2a00000| 99%| O|  |TAMS 0x00000007c2800000, 0x00000007c29ffff8| Untracked 
|3433|0x00000007c2a00000, 0x00000007c2bffff8, 0x00000007c2c00000| 99%| O|  |TAMS 0x00000007c2a00000, 0x00000007c2bffff8| Untracked 
|3434|0x00000007c2c00000, 0x00000007c2dffff8, 0x00000007c2e00000| 99%| O|  |TAMS 0x00000007c2c00000, 0x00000007c2dffff8| Untracked 
|3435|0x00000007c2e00000, 0x00000007c2fffff8, 0x00000007c3000000| 99%| O|  |TAMS 0x00000007c2e00000, 0x00000007c2fffff8| Untracked 
|3436|0x00000007c3000000, 0x00000007c31ffff8, 0x00000007c3200000| 99%| O|  |TAMS 0x00000007c3000000, 0x00000007c31ffff8| Untracked 
|3437|0x00000007c3200000, 0x00000007c3400000, 0x00000007c3400000|100%| O|  |TAMS 0x00000007c3200000, 0x00000007c3400000| Untracked 
|3438|0x00000007c3400000, 0x00000007c3600000, 0x00000007c3600000|100%| O|  |TAMS 0x00000007c3400000, 0x00000007c3600000| Untracked 
|3439|0x00000007c3600000, 0x00000007c3800000, 0x00000007c3800000|100%| O|  |TAMS 0x00000007c3600000, 0x00000007c3800000| Untracked 
|3440|0x00000007c3800000, 0x00000007c3a00000, 0x00000007c3a00000|100%| O|  |TAMS 0x00000007c3800000, 0x00000007c3a00000| Untracked 
|3441|0x00000007c3a00000, 0x00000007c3c00000, 0x00000007c3c00000|100%| O|  |TAMS 0x00000007c3a00000, 0x00000007c3c00000| Untracked 
|3442|0x00000007c3c00000, 0x00000007c3dffff8, 0x00000007c3e00000| 99%| O|  |TAMS 0x00000007c3c00000, 0x00000007c3dffff8| Untracked 
|3443|0x00000007c3e00000, 0x00000007c3fffff8, 0x00000007c4000000| 99%| O|  |TAMS 0x00000007c3e00000, 0x00000007c3fffff8| Untracked 
|3444|0x00000007c4000000, 0x00000007c41ffff8, 0x00000007c4200000| 99%| O|  |TAMS 0x00000007c4000000, 0x00000007c41ffff8| Untracked 
|3445|0x00000007c4200000, 0x00000007c43ffff8, 0x00000007c4400000| 99%| O|  |TAMS 0x00000007c4200000, 0x00000007c43ffff8| Untracked 
|3446|0x00000007c4400000, 0x00000007c45ffff8, 0x00000007c4600000| 99%| O|  |TAMS 0x00000007c4400000, 0x00000007c45ffff8| Untracked 
|3447|0x00000007c4600000, 0x00000007c47ffff0, 0x00000007c4800000| 99%| O|  |TAMS 0x00000007c4600000, 0x00000007c47ffff0| Untracked 
|3448|0x00000007c4800000, 0x00000007c49ffff0, 0x00000007c4a00000| 99%| O|  |TAMS 0x00000007c4800000, 0x00000007c49ffff0| Untracked 
|3449|0x00000007c4a00000, 0x00000007c4c00000, 0x00000007c4c00000|100%| O|  |TAMS 0x00000007c4a00000, 0x00000007c4c00000| Untracked 
|3450|0x00000007c4c00000, 0x00000007c4dffff0, 0x00000007c4e00000| 99%| O|  |TAMS 0x00000007c4c00000, 0x00000007c4dffff0| Untracked 
|3451|0x00000007c4e00000, 0x00000007c5000000, 0x00000007c5000000|100%| O|  |TAMS 0x00000007c4e00000, 0x00000007c5000000| Untracked 
|3452|0x00000007c5000000, 0x00000007c51ffff8, 0x00000007c5200000| 99%| O|  |TAMS 0x00000007c5000000, 0x00000007c51ffff8| Untracked 
|3453|0x00000007c5200000, 0x00000007c53ffff8, 0x00000007c5400000| 99%| O|  |TAMS 0x00000007c5200000, 0x00000007c53ffff8| Untracked 
|3454|0x00000007c5400000, 0x00000007c5600000, 0x00000007c5600000|100%| O|  |TAMS 0x00000007c5400000, 0x00000007c5600000| Untracked 
|3455|0x00000007c5600000, 0x00000007c5800000, 0x00000007c5800000|100%| O|  |TAMS 0x00000007c5600000, 0x00000007c5800000| Untracked 
|3456|0x00000007c5800000, 0x00000007c59ffff8, 0x00000007c5a00000| 99%| O|  |TAMS 0x00000007c5800000, 0x00000007c59ffff8| Untracked 
|3457|0x00000007c5a00000, 0x00000007c5bffff0, 0x00000007c5c00000| 99%| O|  |TAMS 0x00000007c5a00000, 0x00000007c5bffff0| Untracked 
|3458|0x00000007c5c00000, 0x00000007c5dffff8, 0x00000007c5e00000| 99%| O|  |TAMS 0x00000007c5c00000, 0x00000007c5dffff8| Untracked 
|3459|0x00000007c5e00000, 0x00000007c5fffff8, 0x00000007c6000000| 99%| O|  |TAMS 0x00000007c5e00000, 0x00000007c5fffff8| Untracked 
|3460|0x00000007c6000000, 0x00000007c6200000, 0x00000007c6200000|100%| O|  |TAMS 0x00000007c6000000, 0x00000007c6200000| Untracked 
|3461|0x00000007c6200000, 0x00000007c63ffff0, 0x00000007c6400000| 99%| O|  |TAMS 0x00000007c6200000, 0x00000007c63ffff0| Untracked 
|3462|0x00000007c6400000, 0x00000007c65ffff8, 0x00000007c6600000| 99%| O|  |TAMS 0x00000007c6400000, 0x00000007c65ffff8| Untracked 
|3463|0x00000007c6600000, 0x00000007c6800000, 0x00000007c6800000|100%| O|  |TAMS 0x00000007c6600000, 0x00000007c6800000| Untracked 
|3464|0x00000007c6800000, 0x00000007c69ffff8, 0x00000007c6a00000| 99%| O|  |TAMS 0x00000007c6800000, 0x00000007c69ffff8| Untracked 
|3465|0x00000007c6a00000, 0x00000007c6bffff8, 0x00000007c6c00000| 99%| O|  |TAMS 0x00000007c6a00000, 0x00000007c6bffff8| Untracked 
|3466|0x00000007c6c00000, 0x00000007c6e00000, 0x00000007c6e00000|100%| O|  |TAMS 0x00000007c6c00000, 0x00000007c6e00000| Untracked 
|3467|0x00000007c6e00000, 0x00000007c7000000, 0x00000007c7000000|100%| O|  |TAMS 0x00000007c6e00000, 0x00000007c7000000| Untracked 
|3468|0x00000007c7000000, 0x00000007c7200000, 0x00000007c7200000|100%| O|  |TAMS 0x00000007c7000000, 0x00000007c7200000| Untracked 
|3469|0x00000007c7200000, 0x00000007c73ffff8, 0x00000007c7400000| 99%| O|  |TAMS 0x00000007c7200000, 0x00000007c73ffff8| Untracked 
|3470|0x00000007c7400000, 0x00000007c7600000, 0x00000007c7600000|100%| O|  |TAMS 0x00000007c7400000, 0x00000007c7600000| Untracked 
|3471|0x00000007c7600000, 0x00000007c77ffff8, 0x00000007c7800000| 99%| O|  |TAMS 0x00000007c7600000, 0x00000007c77ffff8| Untracked 
|3472|0x00000007c7800000, 0x00000007c7a00000, 0x00000007c7a00000|100%| O|  |TAMS 0x00000007c7800000, 0x00000007c7a00000| Untracked 
|3473|0x00000007c7a00000, 0x00000007c7bffff0, 0x00000007c7c00000| 99%| O|  |TAMS 0x00000007c7a00000, 0x00000007c7bffff0| Untracked 
|3474|0x00000007c7c00000, 0x00000007c7dfffe8, 0x00000007c7e00000| 99%| O|  |TAMS 0x00000007c7c00000, 0x00000007c7dfffe8| Untracked 
|3475|0x00000007c7e00000, 0x00000007c8000000, 0x00000007c8000000|100%| O|  |TAMS 0x00000007c7e00000, 0x00000007c8000000| Untracked 
|3476|0x00000007c8000000, 0x00000007c8200000, 0x00000007c8200000|100%| O|  |TAMS 0x00000007c8000000, 0x00000007c8200000| Untracked 
|3477|0x00000007c8200000, 0x00000007c83ffff8, 0x00000007c8400000| 99%| O|  |TAMS 0x00000007c8200000, 0x00000007c83ffff8| Untracked 
|3478|0x00000007c8400000, 0x00000007c8600000, 0x00000007c8600000|100%| O|  |TAMS 0x00000007c8400000, 0x00000007c8600000| Untracked 
|3479|0x00000007c8600000, 0x00000007c8800000, 0x00000007c8800000|100%| O|  |TAMS 0x00000007c8600000, 0x00000007c8800000| Untracked 
|3480|0x00000007c8800000, 0x00000007c8a00000, 0x00000007c8a00000|100%| O|  |TAMS 0x00000007c8800000, 0x00000007c8a00000| Untracked 
|3481|0x00000007c8a00000, 0x00000007c8c00000, 0x00000007c8c00000|100%| O|  |TAMS 0x00000007c8a00000, 0x00000007c8c00000| Untracked 
|3482|0x00000007c8c00000, 0x00000007c8e00000, 0x00000007c8e00000|100%| O|  |TAMS 0x00000007c8c00000, 0x00000007c8e00000| Untracked 
|3483|0x00000007c8e00000, 0x00000007c9000000, 0x00000007c9000000|100%| O|  |TAMS 0x00000007c8e00000, 0x00000007c9000000| Untracked 
|3484|0x00000007c9000000, 0x00000007c9200000, 0x00000007c9200000|100%| O|  |TAMS 0x00000007c9000000, 0x00000007c9200000| Untracked 
|3485|0x00000007c9200000, 0x00000007c9400000, 0x00000007c9400000|100%| O|  |TAMS 0x00000007c9200000, 0x00000007c9400000| Untracked 
|3486|0x00000007c9400000, 0x00000007c9600000, 0x00000007c9600000|100%| O|  |TAMS 0x00000007c9400000, 0x00000007c9600000| Untracked 
|3487|0x00000007c9600000, 0x00000007c97ffff8, 0x00000007c9800000| 99%| O|  |TAMS 0x00000007c9600000, 0x00000007c97ffff8| Untracked 
|3488|0x00000007c9800000, 0x00000007c99ffff0, 0x00000007c9a00000| 99%| O|  |TAMS 0x00000007c9800000, 0x00000007c99ffff0| Untracked 
|3489|0x00000007c9a00000, 0x00000007c9bffff8, 0x00000007c9c00000| 99%| O|  |TAMS 0x00000007c9a00000, 0x00000007c9bffff8| Untracked 
|3490|0x00000007c9c00000, 0x00000007c9e00000, 0x00000007c9e00000|100%| O|  |TAMS 0x00000007c9c00000, 0x00000007c9e00000| Untracked 
|3491|0x00000007c9e00000, 0x00000007c9fffff0, 0x00000007ca000000| 99%| O|  |TAMS 0x00000007c9e00000, 0x00000007c9fffff0| Untracked 
|3492|0x00000007ca000000, 0x00000007ca1ffff0, 0x00000007ca200000| 99%| O|  |TAMS 0x00000007ca000000, 0x00000007ca1ffff0| Untracked 
|3493|0x00000007ca200000, 0x00000007ca3ffff0, 0x00000007ca400000| 99%| O|  |TAMS 0x00000007ca200000, 0x00000007ca3ffff0| Untracked 
|3494|0x00000007ca400000, 0x00000007ca600000, 0x00000007ca600000|100%| O|  |TAMS 0x00000007ca400000, 0x00000007ca600000| Untracked 
|3495|0x00000007ca600000, 0x00000007ca7ffff0, 0x00000007ca800000| 99%| O|  |TAMS 0x00000007ca600000, 0x00000007ca7ffff0| Untracked 
|3496|0x00000007ca800000, 0x00000007ca9fffe8, 0x00000007caa00000| 99%| O|  |TAMS 0x00000007ca800000, 0x00000007ca9fffe8| Untracked 
|3497|0x00000007caa00000, 0x00000007cabffff0, 0x00000007cac00000| 99%| O|  |TAMS 0x00000007caa00000, 0x00000007cabffff0| Untracked 
|3498|0x00000007cac00000, 0x00000007cadffff8, 0x00000007cae00000| 99%| O|  |TAMS 0x00000007cac00000, 0x00000007cadffff8| Untracked 
|3499|0x00000007cae00000, 0x00000007cb000000, 0x00000007cb000000|100%| O|  |TAMS 0x00000007cae00000, 0x00000007cb000000| Untracked 
|3500|0x00000007cb000000, 0x00000007cb1ffff8, 0x00000007cb200000| 99%| O|  |TAMS 0x00000007cb000000, 0x00000007cb1ffff8| Untracked 
|3501|0x00000007cb200000, 0x00000007cb3ffff8, 0x00000007cb400000| 99%| O|  |TAMS 0x00000007cb200000, 0x00000007cb3ffff8| Untracked 
|3502|0x00000007cb400000, 0x00000007cb600000, 0x00000007cb600000|100%| O|  |TAMS 0x00000007cb400000, 0x00000007cb600000| Untracked 
|3503|0x00000007cb600000, 0x00000007cb800000, 0x00000007cb800000|100%| O|  |TAMS 0x00000007cb600000, 0x00000007cb800000| Untracked 
|3504|0x00000007cb800000, 0x00000007cba00000, 0x00000007cba00000|100%| O|  |TAMS 0x00000007cb800000, 0x00000007cba00000| Untracked 
|3505|0x00000007cba00000, 0x00000007cbc00000, 0x00000007cbc00000|100%| O|  |TAMS 0x00000007cba00000, 0x00000007cbc00000| Untracked 
|3506|0x00000007cbc00000, 0x00000007cbe00000, 0x00000007cbe00000|100%| O|  |TAMS 0x00000007cbc00000, 0x00000007cbe00000| Untracked 
|3507|0x00000007cbe00000, 0x00000007cbfffff8, 0x00000007cc000000| 99%| O|  |TAMS 0x00000007cbe00000, 0x00000007cbfffff8| Untracked 
|3508|0x00000007cc000000, 0x00000007cc1ffff8, 0x00000007cc200000| 99%| O|  |TAMS 0x00000007cc000000, 0x00000007cc1ffff8| Untracked 
|3509|0x00000007cc200000, 0x00000007cc400000, 0x00000007cc400000|100%| O|  |TAMS 0x00000007cc200000, 0x00000007cc400000| Untracked 
|3510|0x00000007cc400000, 0x00000007cc600000, 0x00000007cc600000|100%| O|  |TAMS 0x00000007cc400000, 0x00000007cc600000| Untracked 
|3511|0x00000007cc600000, 0x00000007cc800000, 0x00000007cc800000|100%| O|  |TAMS 0x00000007cc600000, 0x00000007cc800000| Untracked 
|3512|0x00000007cc800000, 0x00000007cc9ffff8, 0x00000007cca00000| 99%| O|  |TAMS 0x00000007cc800000, 0x00000007cc9ffff8| Untracked 
|3513|0x00000007cca00000, 0x00000007ccbffff8, 0x00000007ccc00000| 99%| O|  |TAMS 0x00000007cca00000, 0x00000007ccbffff8| Untracked 
|3514|0x00000007ccc00000, 0x00000007cce00000, 0x00000007cce00000|100%| O|  |TAMS 0x00000007ccc00000, 0x00000007cce00000| Untracked 
|3515|0x00000007cce00000, 0x00000007ccfffff8, 0x00000007cd000000| 99%| O|  |TAMS 0x00000007cce00000, 0x00000007ccfffff8| Untracked 
|3516|0x00000007cd000000, 0x00000007cd1ffff8, 0x00000007cd200000| 99%| O|  |TAMS 0x00000007cd000000, 0x00000007cd1ffff8| Untracked 
|3517|0x00000007cd200000, 0x00000007cd400000, 0x00000007cd400000|100%| O|  |TAMS 0x00000007cd200000, 0x00000007cd400000| Untracked 
|3518|0x00000007cd400000, 0x00000007cd5ffff0, 0x00000007cd600000| 99%| O|  |TAMS 0x00000007cd400000, 0x00000007cd5ffff0| Untracked 
|3519|0x00000007cd600000, 0x00000007cd7ffff8, 0x00000007cd800000| 99%| O|  |TAMS 0x00000007cd600000, 0x00000007cd7ffff8| Untracked 
|3520|0x00000007cd800000, 0x00000007cda00000, 0x00000007cda00000|100%| O|  |TAMS 0x00000007cd800000, 0x00000007cda00000| Untracked 
|3521|0x00000007cda00000, 0x00000007cdc00000, 0x00000007cdc00000|100%| O|  |TAMS 0x00000007cda00000, 0x00000007cdc00000| Untracked 
|3522|0x00000007cdc00000, 0x00000007cde00000, 0x00000007cde00000|100%| O|  |TAMS 0x00000007cdc00000, 0x00000007cde00000| Untracked 
|3523|0x00000007cde00000, 0x00000007cdfffff0, 0x00000007ce000000| 99%| O|  |TAMS 0x00000007cde00000, 0x00000007cdfffff0| Untracked 
|3524|0x00000007ce000000, 0x00000007ce1ffff8, 0x00000007ce200000| 99%| O|  |TAMS 0x00000007ce000000, 0x00000007ce1ffff8| Untracked 
|3525|0x00000007ce200000, 0x00000007ce400000, 0x00000007ce400000|100%| O|  |TAMS 0x00000007ce200000, 0x00000007ce400000| Untracked 
|3526|0x00000007ce400000, 0x00000007ce5ffff0, 0x00000007ce600000| 99%| O|  |TAMS 0x00000007ce400000, 0x00000007ce5ffff0| Untracked 
|3527|0x00000007ce600000, 0x00000007ce7ffff8, 0x00000007ce800000| 99%| O|  |TAMS 0x00000007ce600000, 0x00000007ce7ffff8| Untracked 
|3528|0x00000007ce800000, 0x00000007ce9ffff8, 0x00000007cea00000| 99%| O|  |TAMS 0x00000007ce800000, 0x00000007ce9ffff8| Untracked 
|3529|0x00000007cea00000, 0x00000007cebffff8, 0x00000007cec00000| 99%| O|  |TAMS 0x00000007cea00000, 0x00000007cebffff8| Untracked 
|3530|0x00000007cec00000, 0x00000007cedffff8, 0x00000007cee00000| 99%| O|  |TAMS 0x00000007cec00000, 0x00000007cedffff8| Untracked 
|3531|0x00000007cee00000, 0x00000007cefffff8, 0x00000007cf000000| 99%| O|  |TAMS 0x00000007cee00000, 0x00000007cefffff8| Untracked 
|3532|0x00000007cf000000, 0x00000007cf1ffff8, 0x00000007cf200000| 99%| O|  |TAMS 0x00000007cf000000, 0x00000007cf1ffff8| Untracked 
|3533|0x00000007cf200000, 0x00000007cf3ffff8, 0x00000007cf400000| 99%| O|  |TAMS 0x00000007cf200000, 0x00000007cf3ffff8| Untracked 
|3534|0x00000007cf400000, 0x00000007cf5ffff0, 0x00000007cf600000| 99%| O|  |TAMS 0x00000007cf400000, 0x00000007cf5ffff0| Untracked 
|3535|0x00000007cf600000, 0x00000007cf800000, 0x00000007cf800000|100%| O|  |TAMS 0x00000007cf600000, 0x00000007cf800000| Untracked 
|3536|0x00000007cf800000, 0x00000007cf9ffff8, 0x00000007cfa00000| 99%| O|  |TAMS 0x00000007cf800000, 0x00000007cf9ffff8| Untracked 
|3537|0x00000007cfa00000, 0x00000007cfbffff8, 0x00000007cfc00000| 99%| O|  |TAMS 0x00000007cfa00000, 0x00000007cfbffff8| Untracked 
|3538|0x00000007cfc00000, 0x00000007cfe00000, 0x00000007cfe00000|100%| O|  |TAMS 0x00000007cfc00000, 0x00000007cfe00000| Untracked 
|3539|0x00000007cfe00000, 0x00000007d0000000, 0x00000007d0000000|100%| O|  |TAMS 0x00000007cfe00000, 0x00000007d0000000| Untracked 
|3540|0x00000007d0000000, 0x00000007d01ffff8, 0x00000007d0200000| 99%| O|  |TAMS 0x00000007d0000000, 0x00000007d01ffff8| Untracked 
|3541|0x00000007d0200000, 0x00000007d03ffff0, 0x00000007d0400000| 99%| O|  |TAMS 0x00000007d0200000, 0x00000007d03ffff0| Untracked 
|3542|0x00000007d0400000, 0x00000007d0600000, 0x00000007d0600000|100%| O|  |TAMS 0x00000007d0400000, 0x00000007d0600000| Untracked 
|3543|0x00000007d0600000, 0x00000007d07ffff0, 0x00000007d0800000| 99%| O|  |TAMS 0x00000007d0600000, 0x00000007d07ffff0| Untracked 
|3544|0x00000007d0800000, 0x00000007d0a00000, 0x00000007d0a00000|100%| O|  |TAMS 0x00000007d0800000, 0x00000007d0a00000| Untracked 
|3545|0x00000007d0a00000, 0x00000007d0c00000, 0x00000007d0c00000|100%| O|  |TAMS 0x00000007d0a00000, 0x00000007d0c00000| Untracked 
|3546|0x00000007d0c00000, 0x00000007d0e00000, 0x00000007d0e00000|100%| O|  |TAMS 0x00000007d0c00000, 0x00000007d0e00000| Untracked 
|3547|0x00000007d0e00000, 0x00000007d0fffff8, 0x00000007d1000000| 99%| O|  |TAMS 0x00000007d0e00000, 0x00000007d0fffff8| Untracked 
|3548|0x00000007d1000000, 0x00000007d11ffff0, 0x00000007d1200000| 99%| O|  |TAMS 0x00000007d1000000, 0x00000007d11ffff0| Untracked 
|3549|0x00000007d1200000, 0x00000007d13ffff8, 0x00000007d1400000| 99%| O|  |TAMS 0x00000007d1200000, 0x00000007d13ffff8| Untracked 
|3550|0x00000007d1400000, 0x00000007d15ffff0, 0x00000007d1600000| 99%| O|  |TAMS 0x00000007d1400000, 0x00000007d15ffff0| Untracked 
|3551|0x00000007d1600000, 0x00000007d17ffff8, 0x00000007d1800000| 99%| O|  |TAMS 0x00000007d1600000, 0x00000007d17ffff8| Untracked 
|3552|0x00000007d1800000, 0x00000007d1a00000, 0x00000007d1a00000|100%| O|  |TAMS 0x00000007d1800000, 0x00000007d1a00000| Untracked 
|3553|0x00000007d1a00000, 0x00000007d1bffff8, 0x00000007d1c00000| 99%| O|  |TAMS 0x00000007d1a00000, 0x00000007d1bffff8| Untracked 
|3554|0x00000007d1c00000, 0x00000007d1e00000, 0x00000007d1e00000|100%| O|  |TAMS 0x00000007d1c00000, 0x00000007d1e00000| Untracked 
|3555|0x00000007d1e00000, 0x00000007d1fffff8, 0x00000007d2000000| 99%| O|  |TAMS 0x00000007d1e00000, 0x00000007d1fffff8| Untracked 
|3556|0x00000007d2000000, 0x00000007d2200000, 0x00000007d2200000|100%| O|  |TAMS 0x00000007d2000000, 0x00000007d2200000| Untracked 
|3557|0x00000007d2200000, 0x00000007d2400000, 0x00000007d2400000|100%| O|  |TAMS 0x00000007d2200000, 0x00000007d2400000| Untracked 
|3558|0x00000007d2400000, 0x00000007d25ffff8, 0x00000007d2600000| 99%| O|  |TAMS 0x00000007d2400000, 0x00000007d25ffff8| Untracked 
|3559|0x00000007d2600000, 0x00000007d27ffff8, 0x00000007d2800000| 99%| O|  |TAMS 0x00000007d2600000, 0x00000007d27ffff8| Untracked 
|3560|0x00000007d2800000, 0x00000007d29ffff8, 0x00000007d2a00000| 99%| O|  |TAMS 0x00000007d2800000, 0x00000007d29ffff8| Untracked 
|3561|0x00000007d2a00000, 0x00000007d2bffff8, 0x00000007d2c00000| 99%| O|  |TAMS 0x00000007d2a00000, 0x00000007d2bffff8| Untracked 
|3562|0x00000007d2c00000, 0x00000007d2dffff8, 0x00000007d2e00000| 99%| O|  |TAMS 0x00000007d2c00000, 0x00000007d2dffff8| Untracked 
|3563|0x00000007d2e00000, 0x00000007d2fffff0, 0x00000007d3000000| 99%| O|  |TAMS 0x00000007d2e00000, 0x00000007d2fffff0| Untracked 
|3564|0x00000007d3000000, 0x00000007d3200000, 0x00000007d3200000|100%| O|  |TAMS 0x00000007d3000000, 0x00000007d3200000| Untracked 
|3565|0x00000007d3200000, 0x00000007d33ffff0, 0x00000007d3400000| 99%| O|  |TAMS 0x00000007d3200000, 0x00000007d33ffff0| Untracked 
|3566|0x00000007d3400000, 0x00000007d35ffff0, 0x00000007d3600000| 99%| O|  |TAMS 0x00000007d3400000, 0x00000007d35ffff0| Untracked 
|3567|0x00000007d3600000, 0x00000007d3800000, 0x00000007d3800000|100%| O|  |TAMS 0x00000007d3600000, 0x00000007d3800000| Untracked 
|3568|0x00000007d3800000, 0x00000007d39ffff8, 0x00000007d3a00000| 99%| O|  |TAMS 0x00000007d3800000, 0x00000007d39ffff8| Untracked 
|3569|0x00000007d3a00000, 0x00000007d3bfffe8, 0x00000007d3c00000| 99%| O|  |TAMS 0x00000007d3a00000, 0x00000007d3bfffe8| Untracked 
|3570|0x00000007d3c00000, 0x00000007d3dffff0, 0x00000007d3e00000| 99%| O|  |TAMS 0x00000007d3c00000, 0x00000007d3dffff0| Untracked 
|3571|0x00000007d3e00000, 0x00000007d4000000, 0x00000007d4000000|100%| O|  |TAMS 0x00000007d3e00000, 0x00000007d4000000| Untracked 
|3572|0x00000007d4000000, 0x00000007d4200000, 0x00000007d4200000|100%| O|  |TAMS 0x00000007d4000000, 0x00000007d4200000| Untracked 
|3573|0x00000007d4200000, 0x00000007d4400000, 0x00000007d4400000|100%| O|  |TAMS 0x00000007d4200000, 0x00000007d4400000| Untracked 
|3574|0x00000007d4400000, 0x00000007d4600000, 0x00000007d4600000|100%| O|  |TAMS 0x00000007d4400000, 0x00000007d4600000| Untracked 
|3575|0x00000007d4600000, 0x00000007d4800000, 0x00000007d4800000|100%| O|  |TAMS 0x00000007d4600000, 0x00000007d4800000| Untracked 
|3576|0x00000007d4800000, 0x00000007d4a00000, 0x00000007d4a00000|100%| O|  |TAMS 0x00000007d4800000, 0x00000007d4a00000| Untracked 
|3577|0x00000007d4a00000, 0x00000007d4c00000, 0x00000007d4c00000|100%| O|  |TAMS 0x00000007d4a00000, 0x00000007d4c00000| Untracked 
|3578|0x00000007d4c00000, 0x00000007d4e00000, 0x00000007d4e00000|100%| O|  |TAMS 0x00000007d4c00000, 0x00000007d4e00000| Untracked 
|3579|0x00000007d4e00000, 0x00000007d4fffff8, 0x00000007d5000000| 99%| O|  |TAMS 0x00000007d4e00000, 0x00000007d4fffff8| Untracked 
|3580|0x00000007d5000000, 0x00000007d5200000, 0x00000007d5200000|100%| O|  |TAMS 0x00000007d5000000, 0x00000007d5200000| Untracked 
|3581|0x00000007d5200000, 0x00000007d5400000, 0x00000007d5400000|100%| O|  |TAMS 0x00000007d5200000, 0x00000007d5400000| Untracked 
|3582|0x00000007d5400000, 0x00000007d55ffff8, 0x00000007d5600000| 99%| O|  |TAMS 0x00000007d5400000, 0x00000007d55ffff8| Untracked 
|3583|0x00000007d5600000, 0x00000007d5800000, 0x00000007d5800000|100%| O|  |TAMS 0x00000007d5600000, 0x00000007d5800000| Untracked 
|3584|0x00000007d5800000, 0x00000007d59ffff8, 0x00000007d5a00000| 99%| O|  |TAMS 0x00000007d5800000, 0x00000007d59ffff8| Untracked 
|3585|0x00000007d5a00000, 0x00000007d5c00000, 0x00000007d5c00000|100%| O|  |TAMS 0x00000007d5a00000, 0x00000007d5c00000| Untracked 
|3586|0x00000007d5c00000, 0x00000007d5dffff8, 0x00000007d5e00000| 99%| O|  |TAMS 0x00000007d5c00000, 0x00000007d5dffff8| Untracked 
|3587|0x00000007d5e00000, 0x00000007d5fffff0, 0x00000007d6000000| 99%| O|  |TAMS 0x00000007d5e00000, 0x00000007d5fffff0| Untracked 
|3588|0x00000007d6000000, 0x00000007d61ffff0, 0x00000007d6200000| 99%| O|  |TAMS 0x00000007d6000000, 0x00000007d61ffff0| Untracked 
|3589|0x00000007d6200000, 0x00000007d63ffff0, 0x00000007d6400000| 99%| O|  |TAMS 0x00000007d6200000, 0x00000007d63ffff0| Untracked 
|3590|0x00000007d6400000, 0x00000007d6600000, 0x00000007d6600000|100%| O|  |TAMS 0x00000007d6400000, 0x00000007d6600000| Untracked 
|3591|0x00000007d6600000, 0x00000007d67ffff0, 0x00000007d6800000| 99%| O|  |TAMS 0x00000007d6600000, 0x00000007d67ffff0| Untracked 
|3592|0x00000007d6800000, 0x00000007d6a00000, 0x00000007d6a00000|100%| O|  |TAMS 0x00000007d6800000, 0x00000007d6a00000| Untracked 
|3593|0x00000007d6a00000, 0x00000007d6c00000, 0x00000007d6c00000|100%| O|  |TAMS 0x00000007d6a00000, 0x00000007d6c00000| Untracked 
|3594|0x00000007d6c00000, 0x00000007d6e00000, 0x00000007d6e00000|100%| O|  |TAMS 0x00000007d6c00000, 0x00000007d6e00000| Untracked 
|3595|0x00000007d6e00000, 0x00000007d6fffff8, 0x00000007d7000000| 99%| O|  |TAMS 0x00000007d6e00000, 0x00000007d6fffff8| Untracked 
|3596|0x00000007d7000000, 0x00000007d71ffff8, 0x00000007d7200000| 99%| O|  |TAMS 0x00000007d7000000, 0x00000007d71ffff8| Untracked 
|3597|0x00000007d7200000, 0x00000007d73ffff8, 0x00000007d7400000| 99%| O|  |TAMS 0x00000007d7200000, 0x00000007d73ffff8| Untracked 
|3598|0x00000007d7400000, 0x00000007d7600000, 0x00000007d7600000|100%| O|  |TAMS 0x00000007d7400000, 0x00000007d7600000| Untracked 
|3599|0x00000007d7600000, 0x00000007d77ffff0, 0x00000007d7800000| 99%| O|  |TAMS 0x00000007d7600000, 0x00000007d77ffff0| Untracked 
|3600|0x00000007d7800000, 0x00000007d79ffff0, 0x00000007d7a00000| 99%| O|  |TAMS 0x00000007d7800000, 0x00000007d79ffff0| Untracked 
|3601|0x00000007d7a00000, 0x00000007d7bffff8, 0x00000007d7c00000| 99%| O|  |TAMS 0x00000007d7a00000, 0x00000007d7bffff8| Untracked 
|3602|0x00000007d7c00000, 0x00000007d7dffff8, 0x00000007d7e00000| 99%| O|  |TAMS 0x00000007d7c00000, 0x00000007d7dffff8| Untracked 
|3603|0x00000007d7e00000, 0x00000007d8000000, 0x00000007d8000000|100%| O|  |TAMS 0x00000007d7e00000, 0x00000007d8000000| Untracked 
|3604|0x00000007d8000000, 0x00000007d81ffff8, 0x00000007d8200000| 99%| O|  |TAMS 0x00000007d8000000, 0x00000007d81ffff8| Untracked 
|3605|0x00000007d8200000, 0x00000007d83ffff0, 0x00000007d8400000| 99%| O|  |TAMS 0x00000007d8200000, 0x00000007d83ffff0| Untracked 
|3606|0x00000007d8400000, 0x00000007d85ffff8, 0x00000007d8600000| 99%| O|  |TAMS 0x00000007d8400000, 0x00000007d85ffff8| Untracked 
|3607|0x00000007d8600000, 0x00000007d87ffff0, 0x00000007d8800000| 99%| O|  |TAMS 0x00000007d8600000, 0x00000007d87ffff0| Untracked 
|3608|0x00000007d8800000, 0x00000007d8a00000, 0x00000007d8a00000|100%| O|  |TAMS 0x00000007d8800000, 0x00000007d8a00000| Untracked 
|3609|0x00000007d8a00000, 0x00000007d8c00000, 0x00000007d8c00000|100%| O|  |TAMS 0x00000007d8a00000, 0x00000007d8c00000| Untracked 
|3610|0x00000007d8c00000, 0x00000007d8dffff0, 0x00000007d8e00000| 99%| O|  |TAMS 0x00000007d8c00000, 0x00000007d8dffff0| Untracked 
|3611|0x00000007d8e00000, 0x00000007d8fffff8, 0x00000007d9000000| 99%| O|  |TAMS 0x00000007d8e00000, 0x00000007d8fffff8| Untracked 
|3612|0x00000007d9000000, 0x00000007d91ffff0, 0x00000007d9200000| 99%| O|  |TAMS 0x00000007d9000000, 0x00000007d91ffff0| Untracked 
|3613|0x00000007d9200000, 0x00000007d93ffff8, 0x00000007d9400000| 99%| O|  |TAMS 0x00000007d9200000, 0x00000007d93ffff8| Untracked 
|3614|0x00000007d9400000, 0x00000007d95ffff0, 0x00000007d9600000| 99%| O|  |TAMS 0x00000007d9400000, 0x00000007d95ffff0| Untracked 
|3615|0x00000007d9600000, 0x00000007d9800000, 0x00000007d9800000|100%| O|  |TAMS 0x00000007d9600000, 0x00000007d9800000| Untracked 
|3616|0x00000007d9800000, 0x00000007d99ffff0, 0x00000007d9a00000| 99%| O|  |TAMS 0x00000007d9800000, 0x00000007d99ffff0| Untracked 
|3617|0x00000007d9a00000, 0x00000007d9c00000, 0x00000007d9c00000|100%| O|  |TAMS 0x00000007d9a00000, 0x00000007d9c00000| Untracked 
|3618|0x00000007d9c00000, 0x00000007d9dffff8, 0x00000007d9e00000| 99%| O|  |TAMS 0x00000007d9c00000, 0x00000007d9dffff8| Untracked 
|3619|0x00000007d9e00000, 0x00000007da000000, 0x00000007da000000|100%| O|  |TAMS 0x00000007d9e00000, 0x00000007da000000| Untracked 
|3620|0x00000007da000000, 0x00000007da1ffff0, 0x00000007da200000| 99%| O|  |TAMS 0x00000007da000000, 0x00000007da1ffff0| Untracked 
|3621|0x00000007da200000, 0x00000007da3ffff8, 0x00000007da400000| 99%| O|  |TAMS 0x00000007da200000, 0x00000007da3ffff8| Untracked 
|3622|0x00000007da400000, 0x00000007da600000, 0x00000007da600000|100%| O|  |TAMS 0x00000007da400000, 0x00000007da600000| Untracked 
|3623|0x00000007da600000, 0x00000007da800000, 0x00000007da800000|100%| O|  |TAMS 0x00000007da600000, 0x00000007da800000| Untracked 
|3624|0x00000007da800000, 0x00000007da9ffff0, 0x00000007daa00000| 99%| O|  |TAMS 0x00000007da800000, 0x00000007da9ffff0| Untracked 
|3625|0x00000007daa00000, 0x00000007dac00000, 0x00000007dac00000|100%| O|  |TAMS 0x00000007daa00000, 0x00000007dac00000| Untracked 
|3626|0x00000007dac00000, 0x00000007dae00000, 0x00000007dae00000|100%| O|  |TAMS 0x00000007dac00000, 0x00000007dae00000| Untracked 
|3627|0x00000007dae00000, 0x00000007dafffff0, 0x00000007db000000| 99%| O|  |TAMS 0x00000007dae00000, 0x00000007dafffff0| Untracked 
|3628|0x00000007db000000, 0x00000007db1fffe8, 0x00000007db200000| 99%| O|  |TAMS 0x00000007db000000, 0x00000007db1fffe8| Untracked 
|3629|0x00000007db200000, 0x00000007db3ffff0, 0x00000007db400000| 99%| O|  |TAMS 0x00000007db200000, 0x00000007db3ffff0| Untracked 
|3630|0x00000007db400000, 0x00000007db5ffff8, 0x00000007db600000| 99%| O|  |TAMS 0x00000007db400000, 0x00000007db5ffff8| Untracked 
|3631|0x00000007db600000, 0x00000007db7ffff8, 0x00000007db800000| 99%| O|  |TAMS 0x00000007db600000, 0x00000007db7ffff8| Untracked 
|3632|0x00000007db800000, 0x00000007db9ffff8, 0x00000007dba00000| 99%| O|  |TAMS 0x00000007db800000, 0x00000007db9ffff8| Untracked 
|3633|0x00000007dba00000, 0x00000007dbc00000, 0x00000007dbc00000|100%| O|  |TAMS 0x00000007dba00000, 0x00000007dbc00000| Untracked 
|3634|0x00000007dbc00000, 0x00000007dbe00000, 0x00000007dbe00000|100%| O|  |TAMS 0x00000007dbc00000, 0x00000007dbe00000| Untracked 
|3635|0x00000007dbe00000, 0x00000007dc000000, 0x00000007dc000000|100%| O|  |TAMS 0x00000007dbe00000, 0x00000007dc000000| Untracked 
|3636|0x00000007dc000000, 0x00000007dc1ffff8, 0x00000007dc200000| 99%| O|  |TAMS 0x00000007dc000000, 0x00000007dc1ffff8| Untracked 
|3637|0x00000007dc200000, 0x00000007dc3ffff0, 0x00000007dc400000| 99%| O|  |TAMS 0x00000007dc200000, 0x00000007dc3ffff0| Untracked 
|3638|0x00000007dc400000, 0x00000007dc5ffff8, 0x00000007dc600000| 99%| O|  |TAMS 0x00000007dc400000, 0x00000007dc5ffff8| Untracked 
|3639|0x00000007dc600000, 0x00000007dc800000, 0x00000007dc800000|100%| O|  |TAMS 0x00000007dc600000, 0x00000007dc800000| Untracked 
|3640|0x00000007dc800000, 0x00000007dca00000, 0x00000007dca00000|100%| O|  |TAMS 0x00000007dc800000, 0x00000007dca00000| Untracked 
|3641|0x00000007dca00000, 0x00000007dcc00000, 0x00000007dcc00000|100%| O|  |TAMS 0x00000007dca00000, 0x00000007dcc00000| Untracked 
|3642|0x00000007dcc00000, 0x00000007dcdffff0, 0x00000007dce00000| 99%| O|  |TAMS 0x00000007dcc00000, 0x00000007dcdffff0| Untracked 
|3643|0x00000007dce00000, 0x00000007dd000000, 0x00000007dd000000|100%| O|  |TAMS 0x00000007dce00000, 0x00000007dd000000| Untracked 
|3644|0x00000007dd000000, 0x00000007dd1ffff8, 0x00000007dd200000| 99%| O|  |TAMS 0x00000007dd000000, 0x00000007dd1ffff8| Untracked 
|3645|0x00000007dd200000, 0x00000007dd400000, 0x00000007dd400000|100%| O|  |TAMS 0x00000007dd200000, 0x00000007dd400000| Untracked 
|3646|0x00000007dd400000, 0x00000007dd5ffff0, 0x00000007dd600000| 99%| O|  |TAMS 0x00000007dd400000, 0x00000007dd5ffff0| Untracked 
|3647|0x00000007dd600000, 0x00000007dd800000, 0x00000007dd800000|100%| O|  |TAMS 0x00000007dd600000, 0x00000007dd800000| Untracked 
|3648|0x00000007dd800000, 0x00000007dda00000, 0x00000007dda00000|100%| O|  |TAMS 0x00000007dd800000, 0x00000007dda00000| Untracked 
|3649|0x00000007dda00000, 0x00000007ddbffff0, 0x00000007ddc00000| 99%| O|  |TAMS 0x00000007dda00000, 0x00000007ddbffff0| Untracked 
|3650|0x00000007ddc00000, 0x00000007dddffff0, 0x00000007dde00000| 99%| O|  |TAMS 0x00000007ddc00000, 0x00000007dddffff0| Untracked 
|3651|0x00000007dde00000, 0x00000007ddfffff0, 0x00000007de000000| 99%| O|  |TAMS 0x00000007dde00000, 0x00000007ddfffff0| Untracked 
|3652|0x00000007de000000, 0x00000007de1ffff8, 0x00000007de200000| 99%| O|  |TAMS 0x00000007de000000, 0x00000007de1ffff8| Untracked 
|3653|0x00000007de200000, 0x00000007de400000, 0x00000007de400000|100%| O|  |TAMS 0x00000007de200000, 0x00000007de400000| Untracked 
|3654|0x00000007de400000, 0x00000007de5ffff0, 0x00000007de600000| 99%| O|  |TAMS 0x00000007de400000, 0x00000007de5ffff0| Untracked 
|3655|0x00000007de600000, 0x00000007de800000, 0x00000007de800000|100%| O|  |TAMS 0x00000007de600000, 0x00000007de800000| Untracked 
|3656|0x00000007de800000, 0x00000007de9ffff8, 0x00000007dea00000| 99%| O|  |TAMS 0x00000007de800000, 0x00000007de9ffff8| Untracked 
|3657|0x00000007dea00000, 0x00000007debffff8, 0x00000007dec00000| 99%| O|  |TAMS 0x00000007dea00000, 0x00000007debffff8| Untracked 
|3658|0x00000007dec00000, 0x00000007dedfffe8, 0x00000007dee00000| 99%| O|  |TAMS 0x00000007dec00000, 0x00000007dedfffe8| Untracked 
|3659|0x00000007dee00000, 0x00000007df000000, 0x00000007df000000|100%| O|  |TAMS 0x00000007dee00000, 0x00000007df000000| Untracked 
|3660|0x00000007df000000, 0x00000007df1ffff8, 0x00000007df200000| 99%| O|  |TAMS 0x00000007df000000, 0x00000007df1ffff8| Untracked 
|3661|0x00000007df200000, 0x00000007df400000, 0x00000007df400000|100%| O|  |TAMS 0x00000007df200000, 0x00000007df400000| Untracked 
|3662|0x00000007df400000, 0x00000007df600000, 0x00000007df600000|100%| O|  |TAMS 0x00000007df400000, 0x00000007df600000| Untracked 
|3663|0x00000007df600000, 0x00000007df800000, 0x00000007df800000|100%| O|  |TAMS 0x00000007df600000, 0x00000007df800000| Untracked 
|3664|0x00000007df800000, 0x00000007df9ffff8, 0x00000007dfa00000| 99%| O|  |TAMS 0x00000007df800000, 0x00000007df9ffff8| Untracked 
|3665|0x00000007dfa00000, 0x00000007dfc00000, 0x00000007dfc00000|100%| O|  |TAMS 0x00000007dfa00000, 0x00000007dfc00000| Untracked 
|3666|0x00000007dfc00000, 0x00000007dfdffff8, 0x00000007dfe00000| 99%| O|  |TAMS 0x00000007dfc00000, 0x00000007dfdffff8| Untracked 
|3667|0x00000007dfe00000, 0x00000007dffffff8, 0x00000007e0000000| 99%| O|  |TAMS 0x00000007dfe00000, 0x00000007dffffff8| Untracked 
|3668|0x00000007e0000000, 0x00000007e01ffff0, 0x00000007e0200000| 99%| O|  |TAMS 0x00000007e0000000, 0x00000007e01ffff0| Untracked 
|3669|0x00000007e0200000, 0x00000007e03ffff8, 0x00000007e0400000| 99%| O|  |TAMS 0x00000007e0200000, 0x00000007e03ffff8| Untracked 
|3670|0x00000007e0400000, 0x00000007e0600000, 0x00000007e0600000|100%| O|  |TAMS 0x00000007e0400000, 0x00000007e0600000| Untracked 
|3671|0x00000007e0600000, 0x00000007e07ffff8, 0x00000007e0800000| 99%| O|  |TAMS 0x00000007e0600000, 0x00000007e07ffff8| Untracked 
|3672|0x00000007e0800000, 0x00000007e09ffff8, 0x00000007e0a00000| 99%| O|  |TAMS 0x00000007e0800000, 0x00000007e09ffff8| Untracked 
|3673|0x00000007e0a00000, 0x00000007e0bffff8, 0x00000007e0c00000| 99%| O|  |TAMS 0x00000007e0a00000, 0x00000007e0bffff8| Untracked 
|3674|0x00000007e0c00000, 0x00000007e0dffff0, 0x00000007e0e00000| 99%| O|  |TAMS 0x00000007e0c00000, 0x00000007e0dffff0| Untracked 
|3675|0x00000007e0e00000, 0x00000007e0fffff8, 0x00000007e1000000| 99%| O|  |TAMS 0x00000007e0e00000, 0x00000007e0fffff8| Untracked 
|3676|0x00000007e1000000, 0x00000007e1200000, 0x00000007e1200000|100%| O|  |TAMS 0x00000007e1000000, 0x00000007e1200000| Untracked 
|3677|0x00000007e1200000, 0x00000007e1400000, 0x00000007e1400000|100%| O|  |TAMS 0x00000007e1200000, 0x00000007e1400000| Untracked 
|3678|0x00000007e1400000, 0x00000007e1600000, 0x00000007e1600000|100%| O|  |TAMS 0x00000007e1400000, 0x00000007e1600000| Untracked 
|3679|0x00000007e1600000, 0x00000007e17ffff8, 0x00000007e1800000| 99%| O|  |TAMS 0x00000007e1600000, 0x00000007e17ffff8| Untracked 
|3680|0x00000007e1800000, 0x00000007e1a00000, 0x00000007e1a00000|100%| O|  |TAMS 0x00000007e1800000, 0x00000007e1a00000| Untracked 
|3681|0x00000007e1a00000, 0x00000007e1bffff8, 0x00000007e1c00000| 99%| O|  |TAMS 0x00000007e1a00000, 0x00000007e1bffff8| Untracked 
|3682|0x00000007e1c00000, 0x00000007e1e00000, 0x00000007e1e00000|100%| O|  |TAMS 0x00000007e1c00000, 0x00000007e1e00000| Untracked 
|3683|0x00000007e1e00000, 0x00000007e1fffff8, 0x00000007e2000000| 99%| O|  |TAMS 0x00000007e1e00000, 0x00000007e1fffff8| Untracked 
|3684|0x00000007e2000000, 0x00000007e21ffff0, 0x00000007e2200000| 99%| O|  |TAMS 0x00000007e2000000, 0x00000007e21ffff0| Untracked 
|3685|0x00000007e2200000, 0x00000007e2400000, 0x00000007e2400000|100%| O|  |TAMS 0x00000007e2200000, 0x00000007e2400000| Untracked 
|3686|0x00000007e2400000, 0x00000007e2600000, 0x00000007e2600000|100%| O|  |TAMS 0x00000007e2400000, 0x00000007e2600000| Untracked 
|3687|0x00000007e2600000, 0x00000007e27ffff0, 0x00000007e2800000| 99%| O|  |TAMS 0x00000007e2600000, 0x00000007e27ffff0| Untracked 
|3688|0x00000007e2800000, 0x00000007e2a00000, 0x00000007e2a00000|100%| O|  |TAMS 0x00000007e2800000, 0x00000007e2a00000| Untracked 
|3689|0x00000007e2a00000, 0x00000007e2c00000, 0x00000007e2c00000|100%| O|  |TAMS 0x00000007e2a00000, 0x00000007e2c00000| Untracked 
|3690|0x00000007e2c00000, 0x00000007e2dffff8, 0x00000007e2e00000| 99%| O|  |TAMS 0x00000007e2c00000, 0x00000007e2dffff8| Untracked 
|3691|0x00000007e2e00000, 0x00000007e2fffff8, 0x00000007e3000000| 99%| O|  |TAMS 0x00000007e2e00000, 0x00000007e2fffff8| Untracked 
|3692|0x00000007e3000000, 0x00000007e3200000, 0x00000007e3200000|100%| O|  |TAMS 0x00000007e3000000, 0x00000007e3200000| Untracked 
|3693|0x00000007e3200000, 0x00000007e33ffff0, 0x00000007e3400000| 99%| O|  |TAMS 0x00000007e3200000, 0x00000007e33ffff0| Untracked 
|3694|0x00000007e3400000, 0x00000007e35ffff8, 0x00000007e3600000| 99%| O|  |TAMS 0x00000007e3400000, 0x00000007e35ffff8| Untracked 
|3695|0x00000007e3600000, 0x00000007e37ffff0, 0x00000007e3800000| 99%| O|  |TAMS 0x00000007e3600000, 0x00000007e37ffff0| Untracked 
|3696|0x00000007e3800000, 0x00000007e39ffff8, 0x00000007e3a00000| 99%| O|  |TAMS 0x00000007e3800000, 0x00000007e39ffff8| Untracked 
|3697|0x00000007e3a00000, 0x00000007e3bffff0, 0x00000007e3c00000| 99%| O|  |TAMS 0x00000007e3a00000, 0x00000007e3bffff0| Untracked 
|3698|0x00000007e3c00000, 0x00000007e3dffff8, 0x00000007e3e00000| 99%| O|  |TAMS 0x00000007e3c00000, 0x00000007e3dffff8| Untracked 
|3699|0x00000007e3e00000, 0x00000007e3fffff8, 0x00000007e4000000| 99%| O|  |TAMS 0x00000007e3e00000, 0x00000007e3fffff8| Untracked 
|3700|0x00000007e4000000, 0x00000007e4200000, 0x00000007e4200000|100%| O|  |TAMS 0x00000007e4000000, 0x00000007e4200000| Untracked 
|3701|0x00000007e4200000, 0x00000007e4400000, 0x00000007e4400000|100%| O|  |TAMS 0x00000007e4200000, 0x00000007e4400000| Untracked 
|3702|0x00000007e4400000, 0x00000007e45ffff8, 0x00000007e4600000| 99%| O|  |TAMS 0x00000007e4400000, 0x00000007e45ffff8| Untracked 
|3703|0x00000007e4600000, 0x00000007e47ffff8, 0x00000007e4800000| 99%| O|  |TAMS 0x00000007e4600000, 0x00000007e47ffff8| Untracked 
|3704|0x00000007e4800000, 0x00000007e4a00000, 0x00000007e4a00000|100%| O|  |TAMS 0x00000007e4800000, 0x00000007e4a00000| Untracked 
|3705|0x00000007e4a00000, 0x00000007e4c00000, 0x00000007e4c00000|100%| O|  |TAMS 0x00000007e4a00000, 0x00000007e4c00000| Untracked 
|3706|0x00000007e4c00000, 0x00000007e4dffff0, 0x00000007e4e00000| 99%| O|  |TAMS 0x00000007e4c00000, 0x00000007e4dffff0| Untracked 
|3707|0x00000007e4e00000, 0x00000007e5000000, 0x00000007e5000000|100%| O|  |TAMS 0x00000007e4e00000, 0x00000007e5000000| Untracked 
|3708|0x00000007e5000000, 0x00000007e51ffff0, 0x00000007e5200000| 99%| O|  |TAMS 0x00000007e5000000, 0x00000007e51ffff0| Untracked 
|3709|0x00000007e5200000, 0x00000007e53ffff0, 0x00000007e5400000| 99%| O|  |TAMS 0x00000007e5200000, 0x00000007e53ffff0| Untracked 
|3710|0x00000007e5400000, 0x00000007e5600000, 0x00000007e5600000|100%| O|  |TAMS 0x00000007e5400000, 0x00000007e5600000| Untracked 
|3711|0x00000007e5600000, 0x00000007e57ffff0, 0x00000007e5800000| 99%| O|  |TAMS 0x00000007e5600000, 0x00000007e57ffff0| Untracked 
|3712|0x00000007e5800000, 0x00000007e59ffff8, 0x00000007e5a00000| 99%| O|  |TAMS 0x00000007e5800000, 0x00000007e59ffff8| Untracked 
|3713|0x00000007e5a00000, 0x00000007e5bffff8, 0x00000007e5c00000| 99%| O|  |TAMS 0x00000007e5a00000, 0x00000007e5bffff8| Untracked 
|3714|0x00000007e5c00000, 0x00000007e5dffff8, 0x00000007e5e00000| 99%| O|  |TAMS 0x00000007e5c00000, 0x00000007e5dffff8| Untracked 
|3715|0x00000007e5e00000, 0x00000007e6000000, 0x00000007e6000000|100%| O|  |TAMS 0x00000007e5e00000, 0x00000007e6000000| Untracked 
|3716|0x00000007e6000000, 0x00000007e61ffff8, 0x00000007e6200000| 99%| O|  |TAMS 0x00000007e6000000, 0x00000007e61ffff8| Untracked 
|3717|0x00000007e6200000, 0x00000007e6400000, 0x00000007e6400000|100%| O|  |TAMS 0x00000007e6200000, 0x00000007e6400000| Untracked 
|3718|0x00000007e6400000, 0x00000007e6600000, 0x00000007e6600000|100%| O|  |TAMS 0x00000007e6400000, 0x00000007e6600000| Untracked 
|3719|0x00000007e6600000, 0x00000007e6800000, 0x00000007e6800000|100%| O|  |TAMS 0x00000007e6600000, 0x00000007e6800000| Untracked 
|3720|0x00000007e6800000, 0x00000007e6a00000, 0x00000007e6a00000|100%| O|  |TAMS 0x00000007e6800000, 0x00000007e6a00000| Untracked 
|3721|0x00000007e6a00000, 0x00000007e6bffff8, 0x00000007e6c00000| 99%| O|  |TAMS 0x00000007e6a00000, 0x00000007e6bffff8| Untracked 
|3722|0x00000007e6c00000, 0x00000007e6dffff0, 0x00000007e6e00000| 99%| O|  |TAMS 0x00000007e6c00000, 0x00000007e6dffff0| Untracked 
|3723|0x00000007e6e00000, 0x00000007e6fffff8, 0x00000007e7000000| 99%| O|  |TAMS 0x00000007e6e00000, 0x00000007e6fffff8| Untracked 
|3724|0x00000007e7000000, 0x00000007e71ffff8, 0x00000007e7200000| 99%| O|  |TAMS 0x00000007e7000000, 0x00000007e71ffff8| Untracked 
|3725|0x00000007e7200000, 0x00000007e7400000, 0x00000007e7400000|100%| O|  |TAMS 0x00000007e7200000, 0x00000007e7400000| Untracked 
|3726|0x00000007e7400000, 0x00000007e75ffff8, 0x00000007e7600000| 99%| O|  |TAMS 0x00000007e7400000, 0x00000007e75ffff8| Untracked 
|3727|0x00000007e7600000, 0x00000007e77ffff8, 0x00000007e7800000| 99%| O|  |TAMS 0x00000007e7600000, 0x00000007e77ffff8| Untracked 
|3728|0x00000007e7800000, 0x00000007e79ffff8, 0x00000007e7a00000| 99%| O|  |TAMS 0x00000007e7800000, 0x00000007e79ffff8| Untracked 
|3729|0x00000007e7a00000, 0x00000007e7bffff8, 0x00000007e7c00000| 99%| O|  |TAMS 0x00000007e7a00000, 0x00000007e7bffff8| Untracked 
|3730|0x00000007e7c00000, 0x00000007e7dffff8, 0x00000007e7e00000| 99%| O|  |TAMS 0x00000007e7c00000, 0x00000007e7dffff8| Untracked 
|3731|0x00000007e7e00000, 0x00000007e8000000, 0x00000007e8000000|100%| O|  |TAMS 0x00000007e7e00000, 0x00000007e8000000| Untracked 
|3732|0x00000007e8000000, 0x00000007e81ffff0, 0x00000007e8200000| 99%| O|  |TAMS 0x00000007e8000000, 0x00000007e81ffff0| Untracked 
|3733|0x00000007e8200000, 0x00000007e83ffff8, 0x00000007e8400000| 99%| O|  |TAMS 0x00000007e8200000, 0x00000007e83ffff8| Untracked 
|3734|0x00000007e8400000, 0x00000007e85ffff0, 0x00000007e8600000| 99%| O|  |TAMS 0x00000007e8400000, 0x00000007e85ffff0| Untracked 
|3735|0x00000007e8600000, 0x00000007e8800000, 0x00000007e8800000|100%| O|  |TAMS 0x00000007e8600000, 0x00000007e8800000| Untracked 
|3736|0x00000007e8800000, 0x00000007e89ffff8, 0x00000007e8a00000| 99%| O|  |TAMS 0x00000007e8800000, 0x00000007e89ffff8| Untracked 
|3737|0x00000007e8a00000, 0x00000007e8c00000, 0x00000007e8c00000|100%| O|  |TAMS 0x00000007e8a00000, 0x00000007e8c00000| Untracked 
|3738|0x00000007e8c00000, 0x00000007e8e00000, 0x00000007e8e00000|100%| O|  |TAMS 0x00000007e8c00000, 0x00000007e8e00000| Untracked 
|3739|0x00000007e8e00000, 0x00000007e8fffff8, 0x00000007e9000000| 99%| O|  |TAMS 0x00000007e8e00000, 0x00000007e8fffff8| Untracked 
|3740|0x00000007e9000000, 0x00000007e91ffff8, 0x00000007e9200000| 99%| O|  |TAMS 0x00000007e9000000, 0x00000007e91ffff8| Untracked 
|3741|0x00000007e9200000, 0x00000007e9400000, 0x00000007e9400000|100%| O|  |TAMS 0x00000007e9200000, 0x00000007e9400000| Untracked 
|3742|0x00000007e9400000, 0x00000007e9600000, 0x00000007e9600000|100%| O|  |TAMS 0x00000007e9400000, 0x00000007e9600000| Untracked 
|3743|0x00000007e9600000, 0x00000007e9800000, 0x00000007e9800000|100%| O|  |TAMS 0x00000007e9600000, 0x00000007e9800000| Untracked 
|3744|0x00000007e9800000, 0x00000007e9a00000, 0x00000007e9a00000|100%| O|  |TAMS 0x00000007e9800000, 0x00000007e9a00000| Untracked 
|3745|0x00000007e9a00000, 0x00000007e9bffff0, 0x00000007e9c00000| 99%| O|  |TAMS 0x00000007e9a00000, 0x00000007e9bffff0| Untracked 
|3746|0x00000007e9c00000, 0x00000007e9e00000, 0x00000007e9e00000|100%| O|  |TAMS 0x00000007e9c00000, 0x00000007e9e00000| Untracked 
|3747|0x00000007e9e00000, 0x00000007e9fffff8, 0x00000007ea000000| 99%| O|  |TAMS 0x00000007e9e00000, 0x00000007e9fffff8| Untracked 
|3748|0x00000007ea000000, 0x00000007ea200000, 0x00000007ea200000|100%| O|  |TAMS 0x00000007ea000000, 0x00000007ea200000| Untracked 
|3749|0x00000007ea200000, 0x00000007ea400000, 0x00000007ea400000|100%| O|  |TAMS 0x00000007ea200000, 0x00000007ea400000| Untracked 
|3750|0x00000007ea400000, 0x00000007ea600000, 0x00000007ea600000|100%| O|  |TAMS 0x00000007ea400000, 0x00000007ea600000| Untracked 
|3751|0x00000007ea600000, 0x00000007ea7ffff0, 0x00000007ea800000| 99%| O|  |TAMS 0x00000007ea600000, 0x00000007ea7ffff0| Untracked 
|3752|0x00000007ea800000, 0x00000007ea9ffff0, 0x00000007eaa00000| 99%| O|  |TAMS 0x00000007ea800000, 0x00000007ea9ffff0| Untracked 
|3753|0x00000007eaa00000, 0x00000007eabffff8, 0x00000007eac00000| 99%| O|  |TAMS 0x00000007eaa00000, 0x00000007eabffff8| Untracked 
|3754|0x00000007eac00000, 0x00000007eadffff8, 0x00000007eae00000| 99%| O|  |TAMS 0x00000007eac00000, 0x00000007eadffff8| Untracked 
|3755|0x00000007eae00000, 0x00000007eafffff8, 0x00000007eb000000| 99%| O|  |TAMS 0x00000007eae00000, 0x00000007eafffff8| Untracked 
|3756|0x00000007eb000000, 0x00000007eb200000, 0x00000007eb200000|100%| O|  |TAMS 0x00000007eb000000, 0x00000007eb200000| Untracked 
|3757|0x00000007eb200000, 0x00000007eb400000, 0x00000007eb400000|100%| O|  |TAMS 0x00000007eb200000, 0x00000007eb400000| Untracked 
|3758|0x00000007eb400000, 0x00000007eb600000, 0x00000007eb600000|100%| O|  |TAMS 0x00000007eb400000, 0x00000007eb600000| Untracked 
|3759|0x00000007eb600000, 0x00000007eb800000, 0x00000007eb800000|100%| O|  |TAMS 0x00000007eb600000, 0x00000007eb800000| Untracked 
|3760|0x00000007eb800000, 0x00000007eba00000, 0x00000007eba00000|100%| O|  |TAMS 0x00000007eb800000, 0x00000007eba00000| Untracked 
|3761|0x00000007eba00000, 0x00000007ebc00000, 0x00000007ebc00000|100%| O|  |TAMS 0x00000007eba00000, 0x00000007ebc00000| Untracked 
|3762|0x00000007ebc00000, 0x00000007ebe00000, 0x00000007ebe00000|100%| O|  |TAMS 0x00000007ebc00000, 0x00000007ebe00000| Untracked 
|3763|0x00000007ebe00000, 0x00000007ec000000, 0x00000007ec000000|100%| O|  |TAMS 0x00000007ebe00000, 0x00000007ec000000| Untracked 
|3764|0x00000007ec000000, 0x00000007ec200000, 0x00000007ec200000|100%| O|  |TAMS 0x00000007ec000000, 0x00000007ec200000| Untracked 
|3765|0x00000007ec200000, 0x00000007ec3ffff0, 0x00000007ec400000| 99%| O|  |TAMS 0x00000007ec200000, 0x00000007ec3ffff0| Untracked 
|3766|0x00000007ec400000, 0x00000007ec5ffff0, 0x00000007ec600000| 99%| O|  |TAMS 0x00000007ec400000, 0x00000007ec5ffff0| Untracked 
|3767|0x00000007ec600000, 0x00000007ec7ffff0, 0x00000007ec800000| 99%| O|  |TAMS 0x00000007ec600000, 0x00000007ec7ffff0| Untracked 
|3768|0x00000007ec800000, 0x00000007eca00000, 0x00000007eca00000|100%| O|  |TAMS 0x00000007ec800000, 0x00000007eca00000| Untracked 
|3769|0x00000007eca00000, 0x00000007ecc00000, 0x00000007ecc00000|100%| O|  |TAMS 0x00000007eca00000, 0x00000007ecc00000| Untracked 
|3770|0x00000007ecc00000, 0x00000007ece00000, 0x00000007ece00000|100%| O|  |TAMS 0x00000007ecc00000, 0x00000007ece00000| Untracked 
|3771|0x00000007ece00000, 0x00000007ecfffff0, 0x00000007ed000000| 99%| O|  |TAMS 0x00000007ece00000, 0x00000007ecfffff0| Untracked 
|3772|0x00000007ed000000, 0x00000007ed200000, 0x00000007ed200000|100%| O|  |TAMS 0x00000007ed000000, 0x00000007ed200000| Untracked 
|3773|0x00000007ed200000, 0x00000007ed3ffff8, 0x00000007ed400000| 99%| O|  |TAMS 0x00000007ed200000, 0x00000007ed3ffff8| Untracked 
|3774|0x00000007ed400000, 0x00000007ed5ffff8, 0x00000007ed600000| 99%| O|  |TAMS 0x00000007ed400000, 0x00000007ed5ffff8| Untracked 
|3775|0x00000007ed600000, 0x00000007ed7ffff8, 0x00000007ed800000| 99%| O|  |TAMS 0x00000007ed600000, 0x00000007ed7ffff8| Untracked 
|3776|0x00000007ed800000, 0x00000007eda00000, 0x00000007eda00000|100%| O|  |TAMS 0x00000007ed800000, 0x00000007eda00000| Untracked 
|3777|0x00000007eda00000, 0x00000007edc00000, 0x00000007edc00000|100%| O|  |TAMS 0x00000007eda00000, 0x00000007edc00000| Untracked 
|3778|0x00000007edc00000, 0x00000007eddffff0, 0x00000007ede00000| 99%| O|  |TAMS 0x00000007edc00000, 0x00000007eddffff0| Untracked 
|3779|0x00000007ede00000, 0x00000007ee000000, 0x00000007ee000000|100%| O|  |TAMS 0x00000007ede00000, 0x00000007ee000000| Untracked 
|3780|0x00000007ee000000, 0x00000007ee200000, 0x00000007ee200000|100%| O|  |TAMS 0x00000007ee000000, 0x00000007ee200000| Untracked 
|3781|0x00000007ee200000, 0x00000007ee400000, 0x00000007ee400000|100%| O|  |TAMS 0x00000007ee200000, 0x00000007ee400000| Untracked 
|3782|0x00000007ee400000, 0x00000007ee5ffff8, 0x00000007ee600000| 99%| O|  |TAMS 0x00000007ee400000, 0x00000007ee5ffff8| Untracked 
|3783|0x00000007ee600000, 0x00000007ee800000, 0x00000007ee800000|100%| O|  |TAMS 0x00000007ee600000, 0x00000007ee800000| Untracked 
|3784|0x00000007ee800000, 0x00000007eea00000, 0x00000007eea00000|100%| O|  |TAMS 0x00000007ee800000, 0x00000007eea00000| Untracked 
|3785|0x00000007eea00000, 0x00000007eebffff8, 0x00000007eec00000| 99%| O|  |TAMS 0x00000007eea00000, 0x00000007eebffff8| Untracked 
|3786|0x00000007eec00000, 0x00000007eedffff8, 0x00000007eee00000| 99%| O|  |TAMS 0x00000007eec00000, 0x00000007eedffff8| Untracked 
|3787|0x00000007eee00000, 0x00000007ef000000, 0x00000007ef000000|100%| O|  |TAMS 0x00000007eee00000, 0x00000007ef000000| Untracked 
|3788|0x00000007ef000000, 0x00000007ef1ffff8, 0x00000007ef200000| 99%| O|  |TAMS 0x00000007ef000000, 0x00000007ef1ffff8| Untracked 
|3789|0x00000007ef200000, 0x00000007ef3ffff0, 0x00000007ef400000| 99%| O|  |TAMS 0x00000007ef200000, 0x00000007ef3ffff0| Untracked 
|3790|0x00000007ef400000, 0x00000007ef600000, 0x00000007ef600000|100%| O|  |TAMS 0x00000007ef400000, 0x00000007ef600000| Untracked 
|3791|0x00000007ef600000, 0x00000007ef800000, 0x00000007ef800000|100%| O|  |TAMS 0x00000007ef600000, 0x00000007ef800000| Untracked 
|3792|0x00000007ef800000, 0x00000007ef9ffff8, 0x00000007efa00000| 99%| O|  |TAMS 0x00000007ef800000, 0x00000007ef9ffff8| Untracked 
|3793|0x00000007efa00000, 0x00000007efbffff0, 0x00000007efc00000| 99%| O|  |TAMS 0x00000007efa00000, 0x00000007efbffff0| Untracked 
|3794|0x00000007efc00000, 0x00000007efdffff0, 0x00000007efe00000| 99%| O|  |TAMS 0x00000007efc00000, 0x00000007efdffff0| Untracked 
|3795|0x00000007efe00000, 0x00000007effffff8, 0x00000007f0000000| 99%| O|  |TAMS 0x00000007efe00000, 0x00000007effffff8| Untracked 
|3796|0x00000007f0000000, 0x00000007f01ffff0, 0x00000007f0200000| 99%| O|  |TAMS 0x00000007f0000000, 0x00000007f01ffff0| Untracked 
|3797|0x00000007f0200000, 0x00000007f0400000, 0x00000007f0400000|100%| O|  |TAMS 0x00000007f0200000, 0x00000007f0400000| Untracked 
|3798|0x00000007f0400000, 0x00000007f0600000, 0x00000007f0600000|100%| O|  |TAMS 0x00000007f0400000, 0x00000007f0600000| Untracked 
|3799|0x00000007f0600000, 0x00000007f07ffff8, 0x00000007f0800000| 99%| O|  |TAMS 0x00000007f0600000, 0x00000007f07ffff8| Untracked 
|3800|0x00000007f0800000, 0x00000007f0a00000, 0x00000007f0a00000|100%| O|  |TAMS 0x00000007f0800000, 0x00000007f0a00000| Untracked 
|3801|0x00000007f0a00000, 0x00000007f0c00000, 0x00000007f0c00000|100%| O|  |TAMS 0x00000007f0a00000, 0x00000007f0c00000| Untracked 
|3802|0x00000007f0c00000, 0x00000007f0e00000, 0x00000007f0e00000|100%| O|  |TAMS 0x00000007f0c00000, 0x00000007f0e00000| Untracked 
|3803|0x00000007f0e00000, 0x00000007f0fffff8, 0x00000007f1000000| 99%| O|  |TAMS 0x00000007f0e00000, 0x00000007f0fffff8| Untracked 
|3804|0x00000007f1000000, 0x00000007f11ffff8, 0x00000007f1200000| 99%| O|  |TAMS 0x00000007f1000000, 0x00000007f11ffff8| Untracked 
|3805|0x00000007f1200000, 0x00000007f13fffe8, 0x00000007f1400000| 99%| O|  |TAMS 0x00000007f1200000, 0x00000007f13fffe8| Untracked 
|3806|0x00000007f1400000, 0x00000007f1600000, 0x00000007f1600000|100%| O|  |TAMS 0x00000007f1400000, 0x00000007f1600000| Untracked 
|3807|0x00000007f1600000, 0x00000007f1800000, 0x00000007f1800000|100%| O|  |TAMS 0x00000007f1600000, 0x00000007f1800000| Untracked 
|3808|0x00000007f1800000, 0x00000007f19ffff8, 0x00000007f1a00000| 99%| O|  |TAMS 0x00000007f1800000, 0x00000007f19ffff8| Untracked 
|3809|0x00000007f1a00000, 0x00000007f1c00000, 0x00000007f1c00000|100%| O|  |TAMS 0x00000007f1a00000, 0x00000007f1c00000| Untracked 
|3810|0x00000007f1c00000, 0x00000007f1dffff0, 0x00000007f1e00000| 99%| O|  |TAMS 0x00000007f1c00000, 0x00000007f1dffff0| Untracked 
|3811|0x00000007f1e00000, 0x00000007f2000000, 0x00000007f2000000|100%| O|  |TAMS 0x00000007f1e00000, 0x00000007f2000000| Untracked 
|3812|0x00000007f2000000, 0x00000007f2200000, 0x00000007f2200000|100%| O|  |TAMS 0x00000007f2000000, 0x00000007f2200000| Untracked 
|3813|0x00000007f2200000, 0x00000007f23ffff0, 0x00000007f2400000| 99%| O|  |TAMS 0x00000007f2200000, 0x00000007f23ffff0| Untracked 
|3814|0x00000007f2400000, 0x00000007f25ffff8, 0x00000007f2600000| 99%| O|  |TAMS 0x00000007f2400000, 0x00000007f25ffff8| Untracked 
|3815|0x00000007f2600000, 0x00000007f2800000, 0x00000007f2800000|100%| O|  |TAMS 0x00000007f2600000, 0x00000007f2800000| Untracked 
|3816|0x00000007f2800000, 0x00000007f2a00000, 0x00000007f2a00000|100%| O|  |TAMS 0x00000007f2800000, 0x00000007f2a00000| Untracked 
|3817|0x00000007f2a00000, 0x00000007f2bffff8, 0x00000007f2c00000| 99%| O|  |TAMS 0x00000007f2a00000, 0x00000007f2bffff8| Untracked 
|3818|0x00000007f2c00000, 0x00000007f2e00000, 0x00000007f2e00000|100%| O|  |TAMS 0x00000007f2c00000, 0x00000007f2e00000| Untracked 
|3819|0x00000007f2e00000, 0x00000007f3000000, 0x00000007f3000000|100%| O|  |TAMS 0x00000007f2e00000, 0x00000007f3000000| Untracked 
|3820|0x00000007f3000000, 0x00000007f3200000, 0x00000007f3200000|100%| O|  |TAMS 0x00000007f3000000, 0x00000007f3200000| Untracked 
|3821|0x00000007f3200000, 0x00000007f33ffff8, 0x00000007f3400000| 99%| O|  |TAMS 0x00000007f3200000, 0x00000007f33ffff8| Untracked 
|3822|0x00000007f3400000, 0x00000007f3600000, 0x00000007f3600000|100%| O|  |TAMS 0x00000007f3400000, 0x00000007f3600000| Untracked 
|3823|0x00000007f3600000, 0x00000007f37ffff8, 0x00000007f3800000| 99%| O|  |TAMS 0x00000007f3600000, 0x00000007f37ffff8| Untracked 
|3824|0x00000007f3800000, 0x00000007f39ffff8, 0x00000007f3a00000| 99%| O|  |TAMS 0x00000007f3800000, 0x00000007f39ffff8| Untracked 
|3825|0x00000007f3a00000, 0x00000007f3bffff8, 0x00000007f3c00000| 99%| O|  |TAMS 0x00000007f3a00000, 0x00000007f3bffff8| Untracked 
|3826|0x00000007f3c00000, 0x00000007f3dffff8, 0x00000007f3e00000| 99%| O|  |TAMS 0x00000007f3c00000, 0x00000007f3dffff8| Untracked 
|3827|0x00000007f3e00000, 0x00000007f3fffff8, 0x00000007f4000000| 99%| O|  |TAMS 0x00000007f3e00000, 0x00000007f3fffff8| Untracked 
|3828|0x00000007f4000000, 0x00000007f4200000, 0x00000007f4200000|100%| O|  |TAMS 0x00000007f4000000, 0x00000007f4200000| Untracked 
|3829|0x00000007f4200000, 0x00000007f43ffff8, 0x00000007f4400000| 99%| O|  |TAMS 0x00000007f4200000, 0x00000007f43ffff8| Untracked 
|3830|0x00000007f4400000, 0x00000007f45ffff8, 0x00000007f4600000| 99%| O|  |TAMS 0x00000007f4400000, 0x00000007f45ffff8| Untracked 
|3831|0x00000007f4600000, 0x00000007f47ffff8, 0x00000007f4800000| 99%| O|  |TAMS 0x00000007f4600000, 0x00000007f47ffff8| Untracked 
|3832|0x00000007f4800000, 0x00000007f4a00000, 0x00000007f4a00000|100%| O|  |TAMS 0x00000007f4800000, 0x00000007f4a00000| Untracked 
|3833|0x00000007f4a00000, 0x00000007f4bffff8, 0x00000007f4c00000| 99%| O|  |TAMS 0x00000007f4a00000, 0x00000007f4bffff8| Untracked 
|3834|0x00000007f4c00000, 0x00000007f4e00000, 0x00000007f4e00000|100%| O|  |TAMS 0x00000007f4c00000, 0x00000007f4e00000| Untracked 
|3835|0x00000007f4e00000, 0x00000007f5000000, 0x00000007f5000000|100%| O|  |TAMS 0x00000007f4e00000, 0x00000007f5000000| Untracked 
|3836|0x00000007f5000000, 0x00000007f5200000, 0x00000007f5200000|100%| O|  |TAMS 0x00000007f5000000, 0x00000007f5200000| Untracked 
|3837|0x00000007f5200000, 0x00000007f53ffff8, 0x00000007f5400000| 99%| O|  |TAMS 0x00000007f5200000, 0x00000007f53ffff8| Untracked 
|3838|0x00000007f5400000, 0x00000007f55ffff8, 0x00000007f5600000| 99%| O|  |TAMS 0x00000007f5400000, 0x00000007f55ffff8| Untracked 
|3839|0x00000007f5600000, 0x00000007f5800000, 0x00000007f5800000|100%| O|  |TAMS 0x00000007f5600000, 0x00000007f5800000| Untracked 
|3840|0x00000007f5800000, 0x00000007f59ffff0, 0x00000007f5a00000| 99%| O|  |TAMS 0x00000007f5800000, 0x00000007f59ffff0| Untracked 
|3841|0x00000007f5a00000, 0x00000007f5bffff8, 0x00000007f5c00000| 99%| O|  |TAMS 0x00000007f5a00000, 0x00000007f5bffff8| Untracked 
|3842|0x00000007f5c00000, 0x00000007f5e00000, 0x00000007f5e00000|100%| O|  |TAMS 0x00000007f5c00000, 0x00000007f5e00000| Untracked 
|3843|0x00000007f5e00000, 0x00000007f5fffff0, 0x00000007f6000000| 99%| O|  |TAMS 0x00000007f5e00000, 0x00000007f5fffff0| Untracked 
|3844|0x00000007f6000000, 0x00000007f6200000, 0x00000007f6200000|100%| O|  |TAMS 0x00000007f6000000, 0x00000007f6200000| Untracked 
|3845|0x00000007f6200000, 0x00000007f6400000, 0x00000007f6400000|100%| O|  |TAMS 0x00000007f6200000, 0x00000007f6400000| Untracked 
|3846|0x00000007f6400000, 0x00000007f6600000, 0x00000007f6600000|100%| O|  |TAMS 0x00000007f6400000, 0x00000007f6600000| Untracked 
|3847|0x00000007f6600000, 0x00000007f67ffff8, 0x00000007f6800000| 99%| O|  |TAMS 0x00000007f6600000, 0x00000007f67ffff8| Untracked 
|3848|0x00000007f6800000, 0x00000007f69ffff0, 0x00000007f6a00000| 99%| O|  |TAMS 0x00000007f6800000, 0x00000007f69ffff0| Untracked 
|3849|0x00000007f6a00000, 0x00000007f6bffff0, 0x00000007f6c00000| 99%| O|  |TAMS 0x00000007f6a00000, 0x00000007f6bffff0| Untracked 
|3850|0x00000007f6c00000, 0x00000007f6dffff8, 0x00000007f6e00000| 99%| O|  |TAMS 0x00000007f6c00000, 0x00000007f6dffff8| Untracked 
|3851|0x00000007f6e00000, 0x00000007f6fffff8, 0x00000007f7000000| 99%| O|  |TAMS 0x00000007f6e00000, 0x00000007f6fffff8| Untracked 
|3852|0x00000007f7000000, 0x00000007f7200000, 0x00000007f7200000|100%| O|  |TAMS 0x00000007f7000000, 0x00000007f7200000| Untracked 
|3853|0x00000007f7200000, 0x00000007f7400000, 0x00000007f7400000|100%| O|  |TAMS 0x00000007f7200000, 0x00000007f7400000| Untracked 
|3854|0x00000007f7400000, 0x00000007f75fffe8, 0x00000007f7600000| 99%| O|  |TAMS 0x00000007f7400000, 0x00000007f75fffe8| Untracked 
|3855|0x00000007f7600000, 0x00000007f7800000, 0x00000007f7800000|100%| O|  |TAMS 0x00000007f7600000, 0x00000007f7800000| Untracked 
|3856|0x00000007f7800000, 0x00000007f7a00000, 0x00000007f7a00000|100%| O|  |TAMS 0x00000007f7800000, 0x00000007f7a00000| Untracked 
|3857|0x00000007f7a00000, 0x00000007f7c00000, 0x00000007f7c00000|100%| O|  |TAMS 0x00000007f7a00000, 0x00000007f7c00000| Untracked 
|3858|0x00000007f7c00000, 0x00000007f7dffff8, 0x00000007f7e00000| 99%| O|  |TAMS 0x00000007f7c00000, 0x00000007f7dffff8| Untracked 
|3859|0x00000007f7e00000, 0x00000007f7fffff8, 0x00000007f8000000| 99%| O|  |TAMS 0x00000007f7e00000, 0x00000007f7fffff8| Untracked 
|3860|0x00000007f8000000, 0x00000007f81ffff8, 0x00000007f8200000| 99%| O|  |TAMS 0x00000007f8000000, 0x00000007f81ffff8| Untracked 
|3861|0x00000007f8200000, 0x00000007f83ffff8, 0x00000007f8400000| 99%| O|  |TAMS 0x00000007f8200000, 0x00000007f83ffff8| Untracked 
|3862|0x00000007f8400000, 0x00000007f8600000, 0x00000007f8600000|100%| O|  |TAMS 0x00000007f8400000, 0x00000007f8600000| Untracked 
|3863|0x00000007f8600000, 0x00000007f87ffff8, 0x00000007f8800000| 99%| O|  |TAMS 0x00000007f8600000, 0x00000007f87ffff8| Untracked 
|3864|0x00000007f8800000, 0x00000007f89ffff8, 0x00000007f8a00000| 99%| O|  |TAMS 0x00000007f8800000, 0x00000007f89ffff8| Untracked 
|3865|0x00000007f8a00000, 0x00000007f8bffff8, 0x00000007f8c00000| 99%| O|  |TAMS 0x00000007f8a00000, 0x00000007f8bffff8| Untracked 
|3866|0x00000007f8c00000, 0x00000007f8dffff0, 0x00000007f8e00000| 99%| O|  |TAMS 0x00000007f8c00000, 0x00000007f8dffff0| Untracked 
|3867|0x00000007f8e00000, 0x00000007f8fffff8, 0x00000007f9000000| 99%| O|  |TAMS 0x00000007f8e00000, 0x00000007f8fffff8| Untracked 
|3868|0x00000007f9000000, 0x00000007f91ffff8, 0x00000007f9200000| 99%| O|  |TAMS 0x00000007f9000000, 0x00000007f91ffff8| Untracked 
|3869|0x00000007f9200000, 0x00000007f9400000, 0x00000007f9400000|100%| O|  |TAMS 0x00000007f9200000, 0x00000007f9400000| Untracked 
|3870|0x00000007f9400000, 0x00000007f95ffff0, 0x00000007f9600000| 99%| O|  |TAMS 0x00000007f9400000, 0x00000007f95ffff0| Untracked 
|3871|0x00000007f9600000, 0x00000007f9800000, 0x00000007f9800000|100%| O|  |TAMS 0x00000007f9600000, 0x00000007f9800000| Untracked 
|3872|0x00000007f9800000, 0x00000007f9a00000, 0x00000007f9a00000|100%| O|  |TAMS 0x00000007f9800000, 0x00000007f9a00000| Untracked 
|3873|0x00000007f9a00000, 0x00000007f9bffff8, 0x00000007f9c00000| 99%| O|  |TAMS 0x00000007f9a00000, 0x00000007f9bffff8| Untracked 
|3874|0x00000007f9c00000, 0x00000007f9e00000, 0x00000007f9e00000|100%| O|  |TAMS 0x00000007f9c00000, 0x00000007f9e00000| Untracked 
|3875|0x00000007f9e00000, 0x00000007fa000000, 0x00000007fa000000|100%| O|  |TAMS 0x00000007f9e00000, 0x00000007fa000000| Untracked 
|3876|0x00000007fa000000, 0x00000007fa200000, 0x00000007fa200000|100%| O|  |TAMS 0x00000007fa000000, 0x00000007fa200000| Untracked 
|3877|0x00000007fa200000, 0x00000007fa3ffff8, 0x00000007fa400000| 99%| O|  |TAMS 0x00000007fa200000, 0x00000007fa3ffff8| Untracked 
|3878|0x00000007fa400000, 0x00000007fa5ffff8, 0x00000007fa600000| 99%| O|  |TAMS 0x00000007fa400000, 0x00000007fa5ffff8| Untracked 
|3879|0x00000007fa600000, 0x00000007fa7ffff0, 0x00000007fa800000| 99%| O|  |TAMS 0x00000007fa600000, 0x00000007fa7ffff0| Untracked 
|3880|0x00000007fa800000, 0x00000007fa9ffff0, 0x00000007faa00000| 99%| O|  |TAMS 0x00000007fa800000, 0x00000007fa9ffff0| Untracked 
|3881|0x00000007faa00000, 0x00000007fac00000, 0x00000007fac00000|100%| O|  |TAMS 0x00000007faa00000, 0x00000007fac00000| Untracked 
|3882|0x00000007fac00000, 0x00000007fadffff0, 0x00000007fae00000| 99%| O|  |TAMS 0x00000007fac00000, 0x00000007fadffff0| Untracked 
|3883|0x00000007fae00000, 0x00000007fb000000, 0x00000007fb000000|100%| O|  |TAMS 0x00000007fae00000, 0x00000007fb000000| Untracked 
|3884|0x00000007fb000000, 0x00000007fb200000, 0x00000007fb200000|100%| O|  |TAMS 0x00000007fb000000, 0x00000007fb200000| Untracked 
|3885|0x00000007fb200000, 0x00000007fb3ffff0, 0x00000007fb400000| 99%| O|  |TAMS 0x00000007fb200000, 0x00000007fb3ffff0| Untracked 
|3886|0x00000007fb400000, 0x00000007fb600000, 0x00000007fb600000|100%| O|  |TAMS 0x00000007fb400000, 0x00000007fb600000| Untracked 
|3887|0x00000007fb600000, 0x00000007fb7ffff0, 0x00000007fb800000| 99%| O|  |TAMS 0x00000007fb600000, 0x00000007fb7ffff0| Untracked 
|3888|0x00000007fb800000, 0x00000007fb9ffff0, 0x00000007fba00000| 99%| O|  |TAMS 0x00000007fb800000, 0x00000007fb9ffff0| Untracked 
|3889|0x00000007fba00000, 0x00000007fbbffff0, 0x00000007fbc00000| 99%| O|  |TAMS 0x00000007fba00000, 0x00000007fbbffff0| Untracked 
|3890|0x00000007fbc00000, 0x00000007fbe00000, 0x00000007fbe00000|100%| O|  |TAMS 0x00000007fbc00000, 0x00000007fbe00000| Untracked 
|3891|0x00000007fbe00000, 0x00000007fc000000, 0x00000007fc000000|100%| O|  |TAMS 0x00000007fbe00000, 0x00000007fc000000| Untracked 
|3892|0x00000007fc000000, 0x00000007fc1ffff8, 0x00000007fc200000| 99%| O|  |TAMS 0x00000007fc000000, 0x00000007fc1ffff8| Untracked 
|3893|0x00000007fc200000, 0x00000007fc400000, 0x00000007fc400000|100%| O|  |TAMS 0x00000007fc200000, 0x00000007fc400000| Untracked 
|3894|0x00000007fc400000, 0x00000007fc600000, 0x00000007fc600000|100%| O|  |TAMS 0x00000007fc400000, 0x00000007fc600000| Untracked 
|3895|0x00000007fc600000, 0x00000007fc7ffff8, 0x00000007fc800000| 99%| O|  |TAMS 0x00000007fc600000, 0x00000007fc7ffff8| Untracked 
|3896|0x00000007fc800000, 0x00000007fca00000, 0x00000007fca00000|100%| O|  |TAMS 0x00000007fc800000, 0x00000007fca00000| Untracked 
|3897|0x00000007fca00000, 0x00000007fcc00000, 0x00000007fcc00000|100%| O|  |TAMS 0x00000007fca00000, 0x00000007fcc00000| Untracked 
|3898|0x00000007fcc00000, 0x00000007fcdffff0, 0x00000007fce00000| 99%| O|  |TAMS 0x00000007fcc00000, 0x00000007fcdffff0| Untracked 
|3899|0x00000007fce00000, 0x00000007fcfffff8, 0x00000007fd000000| 99%| O|  |TAMS 0x00000007fce00000, 0x00000007fcfffff8| Untracked 
|3900|0x00000007fd000000, 0x00000007fd1ffff0, 0x00000007fd200000| 99%| O|  |TAMS 0x00000007fd000000, 0x00000007fd1ffff0| Untracked 
|3901|0x00000007fd200000, 0x00000007fd400000, 0x00000007fd400000|100%| O|  |TAMS 0x00000007fd200000, 0x00000007fd400000| Untracked 
|3902|0x00000007fd400000, 0x00000007fd600000, 0x00000007fd600000|100%| O|  |TAMS 0x00000007fd400000, 0x00000007fd600000| Untracked 
|3903|0x00000007fd600000, 0x00000007fd7ffff0, 0x00000007fd800000| 99%| O|  |TAMS 0x00000007fd600000, 0x00000007fd7ffff0| Untracked 
|3904|0x00000007fd800000, 0x00000007fd9ffa58, 0x00000007fda00000| 99%| O|  |TAMS 0x00000007fd800000, 0x00000007fd9ffa58| Untracked 
|3905|0x00000007fda00000, 0x00000007fdbfffe8, 0x00000007fdc00000| 99%| O|  |TAMS 0x00000007fda00000, 0x00000007fdbfffe8| Untracked 
|3906|0x00000007fdc00000, 0x00000007fde00000, 0x00000007fde00000|100%| O|  |TAMS 0x00000007fdc00000, 0x00000007fde00000| Untracked 
|3907|0x00000007fde00000, 0x00000007fdfffff8, 0x00000007fe000000| 99%| O|  |TAMS 0x00000007fde00000, 0x00000007fdfffff8| Untracked 
|3908|0x00000007fe000000, 0x00000007fe200000, 0x00000007fe200000|100%| O|  |TAMS 0x00000007fe000000, 0x00000007fe200000| Untracked 
|3909|0x00000007fe200000, 0x00000007fe36f2f8, 0x00000007fe400000| 71%| O|  |TAMS 0x00000007fe200000, 0x00000007fe36f2f8| Untracked 
|3910|0x00000007fe400000, 0x00000007fe5b5ef8, 0x00000007fe600000| 85%| O|  |TAMS 0x00000007fe400000, 0x00000007fe5b5ef8| Untracked 
|3911|0x00000007fe600000, 0x00000007fe754240, 0x00000007fe800000| 66%| O|  |TAMS 0x00000007fe600000, 0x00000007fe754240| Untracked 
|3912|0x00000007fe800000, 0x00000007fe907a58, 0x00000007fea00000| 51%| O|  |TAMS 0x00000007fe800000, 0x00000007fe907a58| Untracked 
|3913|0x00000007fea00000, 0x00000007febf1480, 0x00000007fec00000| 97%| O|  |TAMS 0x00000007febf1480, 0x00000007febf1480| Untracked 
|3914|0x00000007fec00000, 0x00000007fec78768, 0x00000007fee00000| 23%| O|  |TAMS 0x00000007fec00000, 0x00000007fec78768| Untracked 
|3915|0x00000007fee00000, 0x00000007ff000000, 0x00000007ff000000|100%| O|  |TAMS 0x00000007ff000000, 0x00000007ff000000| Untracked 
|3916|0x00000007ff000000, 0x00000007ff200000, 0x00000007ff200000|100%| O|  |TAMS 0x00000007ff200000, 0x00000007ff200000| Untracked 
|3917|0x00000007ff200000, 0x00000007ff3dd678, 0x00000007ff400000| 93%| O|  |TAMS 0x00000007ff3dd678, 0x00000007ff3dd678| Untracked 
|3918|0x00000007ff400000, 0x00000007ff600000, 0x00000007ff600000|100%| O|  |TAMS 0x00000007ff600000, 0x00000007ff600000| Untracked 
|3919|0x00000007ff600000, 0x00000007ff800000, 0x00000007ff800000|100%| O|  |TAMS 0x00000007ff800000, 0x00000007ff800000| Untracked 
|3920|0x00000007ff800000, 0x00000007ffa00000, 0x00000007ffa00000|100%| O|  |TAMS 0x00000007ffa00000, 0x00000007ffa00000| Untracked 
|3921|0x00000007ffa00000, 0x00000007ffa00018, 0x00000007ffc00000|  0%| O|  |TAMS 0x00000007ffa00000, 0x00000007ffa00018| Untracked 
|3922|0x00000007ffc00000, 0x00000007ffc214a8, 0x00000007ffe00000|  6%| O|  |TAMS 0x00000007ffc00000, 0x00000007ffc214a8| Untracked 
|3923|0x00000007ffe00000, 0x00000007ffe1e120, 0x0000000800000000|  5%| O|  |TAMS 0x00000007ffe00000, 0x00000007ffe1e120| Untracked 

Card table byte_map: [0x000077a476000000,0x000077a476f54000] _byte_map_base: 0x000077a472f54000

Marking Bits (Prev, Next): (CMBitMap*) 0x000077a494069aa8, (CMBitMap*) 0x000077a494069ae0
 Prev Bits: [0x000077a46d400000, 0x000077a474ea0000)
 Next Bits: [0x000077a465800000, 0x000077a46d2a0000)

Polling page: 0x000077a49b6e6000

Metaspace:

Usage:
  Non-class:     29.16 MB capacity,    28.74 MB ( 99%) used,   342.95 KB (  1%) free+waste,    92.56 KB ( <1%) overhead. 
      Class:      3.62 MB capacity,     3.33 MB ( 92%) used,   259.85 KB (  7%) free+waste,    42.62 KB (  1%) overhead. 
       Both:     32.79 MB capacity,    32.07 MB ( 98%) used,   602.80 KB (  2%) free+waste,   135.19 KB ( <1%) overhead. 

Virtual space:
  Non-class space:       32.00 MB reserved,      30.17 MB ( 94%) committed 
      Class space:        1.00 GB reserved,       4.12 MB ( <1%) committed 
             Both:        1.03 GB reserved,      34.30 MB (  3%) committed 

Chunk freelists:
   Non-Class:  840.00 KB
       Class:  449.00 KB
        Both:  1.26 MB

MaxMetaspaceSize: unlimited
CompressedClassSpaceSize: 1.00 GB
Initial GC threshold: 20.80 MB
Current GC threshold: 57.16 MB
CDS: on

CodeHeap 'non-profiled nmethods': size=120032Kb used=5624Kb max_used=5624Kb free=114407Kb
 bounds [0x000077a4842c8000, 0x000077a484848000, 0x000077a48b800000]
CodeHeap 'profiled nmethods': size=120028Kb used=15931Kb max_used=15931Kb free=104096Kb
 bounds [0x000077a47cd91000, 0x000077a47dd21000, 0x000077a4842c8000]
CodeHeap 'non-nmethods': size=5700Kb used=1290Kb max_used=1350Kb free=4409Kb
 bounds [0x000077a47c800000, 0x000077a47ca70000, 0x000077a47cd91000]
 total_blobs=6837 nmethods=6253 adapters=496
 compilation: enabled
              stopped_count=0, restarted_count=0
 full_count=0

Compilation events (20 events):
Event: 85.258 Thread 0x000077a4942b8800 6268       3       org.apache.maven.surefire.booter.ProcessInfo::canUse (52 bytes)
Event: 85.258 Thread 0x000077a4942b8800 nmethod 6268 0x000077a47dd19a10 code [0x000077a47dd19c40, 0x000077a47dd1a200]
Event: 85.259 Thread 0x000077a4942b8800 6269       3       ch.qos.logback.classic.Logger::buildLoggingEventAndAppend (54 bytes)
Event: 85.259 Thread 0x000077a4942b8800 nmethod 6269 0x000077a47dd1a590 code [0x000077a47dd1a780, 0x000077a47dd1aaf0]
Event: 85.259 Thread 0x000077a4942b8800 6270       3       ch.qos.logback.classic.spi.LoggingEvent::setMarker (42 bytes)
Event: 85.259 Thread 0x000077a4942b8800 nmethod 6270 0x000077a47dd1ad10 code [0x000077a47dd1af00, 0x000077a47dd1b250]
Event: 85.259 Thread 0x000077a4942b8800 6271       3       ch.qos.logback.core.spi.FilterAttachableImpl::getFilterChainDecision (107 bytes)
Event: 85.260 Thread 0x000077a4942b8800 nmethod 6271 0x000077a47dd1b410 code [0x000077a47dd1b640, 0x000077a47dd1bd50]
Event: 85.261 Thread 0x000077a4942b8800 6272       3       ch.qos.logback.classic.spi.LoggingEvent::extractThrowableAnRearrangeArguments (57 bytes)
Event: 85.267 Thread 0x000077a4942b6800 nmethod 6258 0x000077a48483e610 code [0x000077a48483e8a0, 0x000077a4848404f0]
Event: 85.267 Thread 0x000077a4942b6800 6267       4       java.lang.invoke.VarHandleGuards::guard_LL_V (103 bytes)
Event: 86.792 Thread 0x000077a4942b8800 nmethod 6272 0x000077a47dd1c110 code [0x000077a47dd1c320, 0x000077a47dd1c7d0]
Event: 86.794 Thread 0x000077a4942b6800 nmethod 6267 0x000077a484841290 code [0x000077a484841440, 0x000077a4848415c8]
Event: 86.794 Thread 0x000077a4942b6800 6273       4       java.lang.StringLatin1::indexOf (61 bytes)
Event: 86.800 Thread 0x000077a4942b6800 nmethod 6273 0x000077a484841810 code [0x000077a4848419a0, 0x000077a484841b18]
Event: 86.800 Thread 0x000077a4942b6800 6266       4       org.evosuite.shaded.org.objectweb.asm.commons.AdviceAdapter::visitInsn (1648 bytes)
Event: 97.461 Thread 0x000077a4942b8800 6278       3       org.evosuite.shaded.org.objectweb.asm.Frame::getAbstractTypeFromDescriptor (555 bytes)
Event: 98.891 Thread 0x000077a4942b8800 nmethod 6278 0x000077a47dd1ca90 code [0x000077a47dd1ce80, 0x000077a47dd1eec0]
Event: 101.942 Thread 0x000077a4942b6800 nmethod 6266 0x000077a484841c10 code [0x000077a484841f20, 0x000077a484844968]
Event: 101.943 Thread 0x000077a4942b6800 6276       4       org.jacoco.agent.rt.internal_4742761.asm.tree.MethodNode::accept (874 bytes)

GC Heap History (20 events):
Event: 107.836 GC heap after
{Heap after GC invocations=260 (full 54):
 garbage-first heap   total 8036352K, used 8006150K [0x0000000615800000, 0x0000000800000000)
  region size 2048K, 0 young (0K), 0 survivors (0K)
 Metaspace       used 32837K, capacity 33575K, committed 35120K, reserved 1081344K
  class space    used 3408K, capacity 3711K, committed 4224K, reserved 1048576K
}
Event: 107.838 GC heap before
{Heap before GC invocations=260 (full 54):
 garbage-first heap   total 8036352K, used 8022534K [0x0000000615800000, 0x0000000800000000)
  region size 2048K, 9 young (18432K), 0 survivors (0K)
 Metaspace       used 32837K, capacity 33575K, committed 35120K, reserved 1081344K
  class space    used 3408K, capacity 3711K, committed 4224K, reserved 1048576K
}
Event: 107.841 GC heap after
{Heap after GC invocations=261 (full 54):
 garbage-first heap   total 8036352K, used 8022389K [0x0000000615800000, 0x0000000800000000)
  region size 2048K, 0 young (0K), 0 survivors (0K)
 Metaspace       used 32837K, capacity 33575K, committed 35120K, reserved 1081344K
  class space    used 3408K, capacity 3711K, committed 4224K, reserved 1048576K
}
Event: 107.842 GC heap before
{Heap before GC invocations=261 (full 54):
 garbage-first heap   total 8036352K, used 8024437K [0x0000000615800000, 0x0000000800000000)
  region size 2048K, 1 young (2048K), 0 survivors (0K)
 Metaspace       used 32837K, capacity 33575K, committed 35120K, reserved 1081344K
  class space    used 3408K, capacity 3711K, committed 4224K, reserved 1048576K
}
Event: 107.843 GC heap after
{Heap after GC invocations=262 (full 54):
 garbage-first heap   total 8036352K, used 8024437K [0x0000000615800000, 0x0000000800000000)
  region size 2048K, 0 young (0K), 0 survivors (0K)
 Metaspace       used 32837K, capacity 33575K, committed 35120K, reserved 1081344K
  class space    used 3408K, capacity 3711K, committed 4224K, reserved 1048576K
}
Event: 107.843 GC heap before
{Heap before GC invocations=262 (full 54):
 garbage-first heap   total 8036352K, used 8024437K [0x0000000615800000, 0x0000000800000000)
  region size 2048K, 0 young (0K), 0 survivors (0K)
 Metaspace       used 32837K, capacity 33575K, committed 35120K, reserved 1081344K
  class space    used 3408K, capacity 3711K, committed 4224K, reserved 1048576K
}
Event: 109.348 GC heap after
{Heap after GC invocations=263 (full 55):
 garbage-first heap   total 8036352K, used 8007665K [0x0000000615800000, 0x0000000800000000)
  region size 2048K, 0 young (0K), 0 survivors (0K)
 Metaspace       used 32837K, capacity 33575K, committed 35120K, reserved 1081344K
  class space    used 3408K, capacity 3711K, committed 4224K, reserved 1048576K
}
Event: 109.349 GC heap before
{Heap before GC invocations=263 (full 55):
 garbage-first heap   total 8036352K, used 8019953K [0x0000000615800000, 0x0000000800000000)
  region size 2048K, 7 young (14336K), 0 survivors (0K)
 Metaspace       used 32837K, capacity 33575K, committed 35120K, reserved 1081344K
  class space    used 3408K, capacity 3711K, committed 4224K, reserved 1048576K
}
Event: 109.352 GC heap after
{Heap after GC invocations=264 (full 55):
 garbage-first heap   total 8036352K, used 8022001K [0x0000000615800000, 0x0000000800000000)
  region size 2048K, 0 young (0K), 0 survivors (0K)
 Metaspace       used 32837K, capacity 33575K, committed 35120K, reserved 1081344K
  class space    used 3408K, capacity 3711K, committed 4224K, reserved 1048576K
}
Event: 109.352 GC heap before
{Heap before GC invocations=264 (full 55):
 garbage-first heap   total 8036352K, used 8022001K [0x0000000615800000, 0x0000000800000000)
  region size 2048K, 0 young (0K), 0 survivors (0K)
 Metaspace       used 32837K, capacity 33575K, committed 35120K, reserved 1081344K
  class space    used 3408K, capacity 3711K, committed 4224K, reserved 1048576K
}
Event: 110.877 GC heap after
{Heap after GC invocations=265 (full 56):
 garbage-first heap   total 8036352K, used 8008195K [0x0000000615800000, 0x0000000800000000)
  region size 2048K, 0 young (0K), 0 survivors (0K)
 Metaspace       used 32837K, capacity 33575K, committed 35120K, reserved 1081344K
  class space    used 3408K, capacity 3711K, committed 4224K, reserved 1048576K
}
Event: 110.878 GC heap before
{Heap before GC invocations=265 (full 56):
 garbage-first heap   total 8036352K, used 8018435K [0x0000000615800000, 0x0000000800000000)
  region size 2048K, 6 young (12288K), 0 survivors (0K)
 Metaspace       used 32837K, capacity 33575K, committed 35120K, reserved 1081344K
  class space    used 3408K, capacity 3711K, committed 4224K, reserved 1048576K
}
Event: 110.880 GC heap after
{Heap after GC invocations=266 (full 56):
 garbage-first heap   total 8036352K, used 8020467K [0x0000000615800000, 0x0000000800000000)
  region size 2048K, 0 young (0K), 0 survivors (0K)
 Metaspace       used 32837K, capacity 33575K, committed 35120K, reserved 1081344K
  class space    used 3408K, capacity 3711K, committed 4224K, reserved 1048576K
}
Event: 110.880 GC heap before
{Heap before GC invocations=266 (full 56):
 garbage-first heap   total 8036352K, used 8020467K [0x0000000615800000, 0x0000000800000000)
  region size 2048K, 0 young (0K), 0 survivors (0K)
 Metaspace       used 32837K, capacity 33575K, committed 35120K, reserved 1081344K
  class space    used 3408K, capacity 3711K, committed 4224K, reserved 1048576K
}
Event: 112.459 GC heap after
{Heap after GC invocations=267 (full 57):
 garbage-first heap   total 8036352K, used 8008602K [0x0000000615800000, 0x0000000800000000)
  region size 2048K, 0 young (0K), 0 survivors (0K)
 Metaspace       used 32837K, capacity 33575K, committed 35120K, reserved 1081344K
  class space    used 3408K, capacity 3711K, committed 4224K, reserved 1048576K
}
Event: 112.460 GC heap before
{Heap before GC invocations=267 (full 57):
 garbage-first heap   total 8036352K, used 8020890K [0x0000000615800000, 0x0000000800000000)
  region size 2048K, 7 young (14336K), 0 survivors (0K)
 Metaspace       used 32837K, capacity 33575K, committed 35120K, reserved 1081344K
  class space    used 3408K, capacity 3711K, committed 4224K, reserved 1048576K
}
Event: 112.462 GC heap after
{Heap after GC invocations=268 (full 57):
 garbage-first heap   total 8036352K, used 8018783K [0x0000000615800000, 0x0000000800000000)
  region size 2048K, 0 young (0K), 0 survivors (0K)
 Metaspace       used 32837K, capacity 33575K, committed 35120K, reserved 1081344K
  class space    used 3408K, capacity 3711K, committed 4224K, reserved 1048576K
}
Event: 112.462 GC heap before
{Heap before GC invocations=268 (full 57):
 garbage-first heap   total 8036352K, used 8020831K [0x0000000615800000, 0x0000000800000000)
  region size 2048K, 2 young (4096K), 0 survivors (0K)
 Metaspace       used 32837K, capacity 33575K, committed 35120K, reserved 1081344K
  class space    used 3408K, capacity 3711K, committed 4224K, reserved 1048576K
}
Event: 112.463 GC heap after
{Heap after GC invocations=269 (full 57):
 garbage-first heap   total 8036352K, used 8022741K [0x0000000615800000, 0x0000000800000000)
  region size 2048K, 0 young (0K), 0 survivors (0K)
 Metaspace       used 32837K, capacity 33575K, committed 35120K, reserved 1081344K
  class space    used 3408K, capacity 3711K, committed 4224K, reserved 1048576K
}
Event: 112.463 GC heap before
{Heap before GC invocations=269 (full 57):
 garbage-first heap   total 8036352K, used 8022741K [0x0000000615800000, 0x0000000800000000)
  region size 2048K, 0 young (0K), 0 survivors (0K)
 Metaspace       used 32837K, capacity 33575K, committed 35120K, reserved 1081344K
  class space    used 3408K, capacity 3711K, committed 4224K, reserved 1048576K
}

Deoptimization events (20 events):
Event: 49.493 Thread 0x000077a494028800 Uncommon trap: trap_request=0xffffff4d fr.pc=0x000077a4846f6b50 relative=0x0000000000001f30
Event: 49.493 Thread 0x000077a494028800 Uncommon trap: reason=unstable_if action=reinterpret pc=0x000077a4846f6b50 method=org.evosuite.shaded.org.objectweb.asm.commons.AdviceAdapter.doVisitMethodInsn(ILjava/lang/String;Ljava/lang/String;)V @ 263 c2
Event: 49.493 Thread 0x000077a494028800 DEOPT PACKING pc=0x000077a4846f6b50 sp=0x000077a499dbeb70
Event: 49.493 Thread 0x000077a494028800 DEOPT UNPACKING pc=0x000077a47c849ea5 sp=0x000077a499dbeb40 mode 2
Event: 61.258 Thread 0x000077a494028800 Uncommon trap: trap_request=0xffffff4d fr.pc=0x000077a4847108bc relative=0x000000000000009c
Event: 61.258 Thread 0x000077a494028800 Uncommon trap: reason=unstable_if action=reinterpret pc=0x000077a4847108bc method=java.lang.StringLatin1.lastIndexOf([BI[BII)I @ 32 c2
Event: 61.258 Thread 0x000077a494028800 DEOPT PACKING pc=0x000077a4847108bc sp=0x000077a499dc3b30
Event: 61.258 Thread 0x000077a494028800 DEOPT UNPACKING pc=0x000077a47c849ea5 sp=0x000077a499dc3aa8 mode 2
Event: 66.276 Thread 0x000077a494028800 Uncommon trap: trap_request=0xffffffc6 fr.pc=0x000077a48445a010 relative=0x0000000000001ab0
Event: 66.276 Thread 0x000077a494028800 Uncommon trap: reason=bimorphic_or_optimized_type_check action=maybe_recompile pc=0x000077a48445a010 method=org.jacoco.agent.rt.internal_4742761.asm.tree.FrameNode.accept(Lorg/jacoco/agent/rt/internal_4742761/asm/MethodVisitor;)V @ 81 c2
Event: 66.276 Thread 0x000077a494028800 DEOPT PACKING pc=0x000077a48445a010 sp=0x000077a499dbee50
Event: 66.276 Thread 0x000077a494028800 DEOPT UNPACKING pc=0x000077a47c849ea5 sp=0x000077a499dbee38 mode 2
Event: 75.989 Thread 0x000077a494028800 DEOPT PACKING pc=0x000077a47d905cb1 sp=0x000077a499dbf7b0
Event: 75.989 Thread 0x000077a494028800 DEOPT UNPACKING pc=0x000077a47c84a64a sp=0x000077a499dbecf8 mode 0
Event: 75.990 Thread 0x000077a494028800 DEOPT PACKING pc=0x000077a47d905cb1 sp=0x000077a499dbf8f0
Event: 75.990 Thread 0x000077a494028800 DEOPT UNPACKING pc=0x000077a47c84a64a sp=0x000077a499dbee38 mode 0
Event: 97.461 Thread 0x000077a494028800 Uncommon trap: trap_request=0xffffff4d fr.pc=0x000077a484696760 relative=0x0000000000000da0
Event: 97.461 Thread 0x000077a494028800 Uncommon trap: reason=unstable_if action=reinterpret pc=0x000077a484696760 method=org.evosuite.shaded.org.objectweb.asm.Frame.getAbstractTypeFromDescriptor(Lorg/evosuite/shaded/org/objectweb/asm/SymbolTable;Ljava/lang/String;I)I @ 228 c2
Event: 97.461 Thread 0x000077a494028800 DEOPT PACKING pc=0x000077a484696760 sp=0x000077a499dbe7a0
Event: 97.461 Thread 0x000077a494028800 DEOPT UNPACKING pc=0x000077a47c849ea5 sp=0x000077a499dbe758 mode 2

Classes redefined (0 events):
No events

Internal exceptions (20 events):
Event: 14.139 Thread 0x000077a494028800 Exception <a 'java/lang/NoClassDefFoundError'{0x00000007e38d5910}: org/springframework/web/reactive/function/server/RouterFunction> (0x00000007e38d5910) thrown at [src/hotspot/share/classfile/systemDictionary.cpp, line 219]
Event: 14.141 Thread 0x000077a494028800 Exception <a 'java/lang/NoClassDefFoundError'{0x00000007e2eacae0}: reactor/core/publisher/Flux> (0x00000007e2eacae0) thrown at [src/hotspot/share/classfile/systemDictionary.cpp, line 219]
Event: 14.141 Thread 0x000077a494028800 Exception <a 'java/lang/NoClassDefFoundError'{0x00000007e2eb66e0}: reactor/core/publisher/Mono> (0x00000007e2eb66e0) thrown at [src/hotspot/share/classfile/systemDictionary.cpp, line 219]
Event: 14.142 Thread 0x000077a494028800 Exception <a 'java/lang/NoClassDefFoundError'{0x00000007e2efbc58}: reactor/core/publisher/SynchronousSink> (0x00000007e2efbc58) thrown at [src/hotspot/share/classfile/systemDictionary.cpp, line 219]
Event: 14.143 Thread 0x000077a494028800 Exception <a 'java/lang/NoClassDefFoundError'{0x00000007e272eb48}: org/reactivestreams/Publisher> (0x00000007e272eb48) thrown at [src/hotspot/share/classfile/systemDictionary.cpp, line 219]
Event: 14.143 Thread 0x000077a494028800 Exception <a 'java/lang/NoClassDefFoundError'{0x00000007e2781008}: reactor/core/publisher/SynchronousSink> (0x00000007e2781008) thrown at [src/hotspot/share/classfile/systemDictionary.cpp, line 219]
Event: 14.144 Thread 0x000077a494028800 Exception <a 'java/lang/NoClassDefFoundError'{0x00000007e279a778}: kotlin/reflect/KParameter> (0x00000007e279a778) thrown at [src/hotspot/share/classfile/systemDictionary.cpp, line 219]
Event: 18.563 Thread 0x000077a494028800 Implicit null exception at 0x000077a4844164f6 to 0x000077a484416dc8
Event: 18.647 Thread 0x000077a4951a0000 Exception <a 'java/lang/NegativeArraySizeException'{0x00000007f54f0600}: -48> (0x00000007f54f0600) thrown at [src/hotspot/share/oops/instanceKlass.cpp, line 1211]
Event: 18.667 Thread 0x000077a4951a0000 Exception <a 'java/lang/NegativeArraySizeException'{0x00000007eccf1400}: -2196> (0x00000007eccf1400) thrown at [src/hotspot/share/oops/instanceKlass.cpp, line 1211]
Event: 18.702 Thread 0x000077a4951a0000 Exception <a 'java/lang/ArrayIndexOutOfBoundsException'{0x00000007fb41e690}: Index 0 out of bounds for length 0> (0x00000007fb41e690) thrown at [src/hotspot/share/interpreter/interpreterRuntime.cpp, line 444]
Event: 18.703 Thread 0x000077a4951a0000 Exception <a 'java/lang/NegativeArraySizeException'{0x00000007fa63cc48}: -21> (0x00000007fa63cc48) thrown at [src/hotspot/share/oops/instanceKlass.cpp, line 1211]
Event: 18.714 Thread 0x000077a4951a0000 Exception <a 'java/lang/NegativeArraySizeException'{0x00000007f57f3908}: -324> (0x00000007f57f3908) thrown at [src/hotspot/share/oops/instanceKlass.cpp, line 1211]
Event: 18.726 Thread 0x000077a4951a0000 Implicit null exception at 0x000077a47dc8ae75 to 0x000077a47dc8df0c
Event: 18.726 Thread 0x000077a4951a0000 Exception <a 'java/lang/NullPointerException'{0x00000007ef43e518}> (0x00000007ef43e518) thrown at [src/hotspot/share/runtime/sharedRuntime.cpp, line 606]
Event: 18.729 Thread 0x000077a4951a0000 Exception <a 'java/lang/NegativeArraySizeException'{0x00000007ee03d498}: -471042> (0x00000007ee03d498) thrown at [src/hotspot/share/oops/instanceKlass.cpp, line 1211]
Event: 18.779 Thread 0x000077a4951a0000 Exception <a 'java/lang/reflect/InvocationTargetException'{0x00000007f4bf72b8}> (0x00000007f4bf72b8) thrown at [src/hotspot/share/runtime/reflection.cpp, line 1247]
Event: 18.779 Thread 0x000077a4951a0000 Exception <a 'java/lang/reflect/InvocationTargetException'{0x00000007f4bf7588}> (0x00000007f4bf7588) thrown at [src/hotspot/share/runtime/reflection.cpp, line 1247]
Event: 31.017 Thread 0x000077a495112000 Exception <a 'java/lang/reflect/InvocationTargetException'{0x00000007f5feb2d8}> (0x00000007f5feb2d8) thrown at [src/hotspot/share/runtime/reflection.cpp, line 1247]
Event: 31.017 Thread 0x000077a495112000 Exception <a 'java/lang/reflect/InvocationTargetException'{0x00000007f5feb5a8}> (0x00000007f5feb5a8) thrown at [src/hotspot/share/runtime/reflection.cpp, line 1247]

Events (20 events):
Event: 107.836 Executing VM operation: G1CollectForAllocation done
Event: 107.837 Executing VM operation: RevokeBias
Event: 107.837 Executing VM operation: RevokeBias done
Event: 107.837 Executing VM operation: RevokeBias
Event: 107.837 Executing VM operation: RevokeBias done
Event: 107.838 Executing VM operation: G1CollectForAllocation
Event: 107.841 Executing VM operation: G1CollectForAllocation done
Event: 107.841 Executing VM operation: G1CollectForAllocation
Event: 109.348 Executing VM operation: G1CollectForAllocation done
Event: 109.349 Executing VM operation: G1CollectForAllocation
Event: 110.877 Executing VM operation: G1CollectForAllocation done
Event: 110.878 Executing VM operation: RevokeBias
Event: 110.878 Executing coalesced safepoint VM operation: RevokeBias
Event: 110.878 Executing coalesced safepoint VM operation: RevokeBias done
Event: 110.878 Executing VM operation: RevokeBias done
Event: 110.878 Executing VM operation: G1CollectForAllocation
Event: 112.459 Executing VM operation: G1CollectForAllocation done
Event: 112.460 Executing VM operation: G1CollectForAllocation
Event: 112.462 Executing VM operation: G1CollectForAllocation done
Event: 112.462 Executing VM operation: G1CollectForAllocation


Dynamic libraries:
615800000-7bfc00000 rw-p 00000000 00:00 0 
7bfc00000-7bfc48000 rw-p 00b15000 00:32 16151944                         /usr/local/openjdk-11/lib/server/classes.jsa
7bfc48000-7bfe00000 rw-p 00000000 00:00 0 
7bfe00000-7bfe6b000 rw-p 00aaa000 00:32 16151944                         /usr/local/openjdk-11/lib/server/classes.jsa
7bfe6b000-800000000 rw-p 00000000 00:00 0 
800000000-800002000 rwxp 00001000 00:32 16151944                         /usr/local/openjdk-11/lib/server/classes.jsa
800002000-8003d1000 rw-p 00003000 00:32 16151944                         /usr/local/openjdk-11/lib/server/classes.jsa
8003d1000-800aa8000 r--p 003d2000 00:32 16151944                         /usr/local/openjdk-11/lib/server/classes.jsa
800aa8000-800aa9000 rw-p 00aa9000 00:32 16151944                         /usr/local/openjdk-11/lib/server/classes.jsa
840000000-840420000 rw-p 00000000 00:00 0 
840420000-880000000 ---p 00000000 00:00 0 
5d2c0b400000-5d2c0b401000 r-xp 00000000 00:32 16151273                   /usr/local/openjdk-11/bin/java
5d2c0b601000-5d2c0b602000 r--p 00001000 00:32 16151273                   /usr/local/openjdk-11/bin/java
5d2c0b602000-5d2c0b603000 rw-p 00002000 00:32 16151273                   /usr/local/openjdk-11/bin/java
5d2c1c3f7000-5d2c1c418000 rw-p 00000000 00:00 0                          [heap]
77a368000000-77a369196000 rw-p 00000000 00:00 0 
77a369196000-77a36c000000 ---p 00000000 00:00 0 
77a370000000-77a370021000 rw-p 00000000 00:00 0 
77a370021000-77a374000000 ---p 00000000 00:00 0 
77a374000000-77a374021000 rw-p 00000000 00:00 0 
77a374021000-77a378000000 ---p 00000000 00:00 0 
77a37c000000-77a37c021000 rw-p 00000000 00:00 0 
77a37c021000-77a380000000 ---p 00000000 00:00 0 
77a380000000-77a380021000 rw-p 00000000 00:00 0 
77a380021000-77a384000000 ---p 00000000 00:00 0 
77a388000000-77a388021000 rw-p 00000000 00:00 0 
77a388021000-77a38c000000 ---p 00000000 00:00 0 
77a38c000000-77a38c021000 rw-p 00000000 00:00 0 
77a38c021000-77a390000000 ---p 00000000 00:00 0 
77a394000000-77a394021000 rw-p 00000000 00:00 0 
77a394021000-77a398000000 ---p 00000000 00:00 0 
77a398000000-77a398021000 rw-p 00000000 00:00 0 
77a398021000-77a39c000000 ---p 00000000 00:00 0 
77a3a0000000-77a3a0511000 rw-p 00000000 00:00 0 
77a3a0511000-77a3a4000000 ---p 00000000 00:00 0 
77a3a4000000-77a3a411c000 rw-p 00000000 00:00 0 
77a3a411c000-77a3a8000000 ---p 00000000 00:00 0 
77a3ac000000-77a3ac07f000 rw-p 00000000 00:00 0 
77a3ac07f000-77a3b0000000 ---p 00000000 00:00 0 
77a3b0000000-77a3b0086000 rw-p 00000000 00:00 0 
77a3b0086000-77a3b4000000 ---p 00000000 00:00 0 
77a3b8000000-77a3b8033000 rw-p 00000000 00:00 0 
77a3b8033000-77a3bc000000 ---p 00000000 00:00 0 
77a3bc000000-77a3bc021000 rw-p 00000000 00:00 0 
77a3bc021000-77a3c0000000 ---p 00000000 00:00 0 
77a3c4000000-77a3c405a000 rw-p 00000000 00:00 0 
77a3c405a000-77a3c8000000 ---p 00000000 00:00 0 
77a3c8000000-77a3c8174000 rw-p 00000000 00:00 0 
77a3c8174000-77a3cc000000 ---p 00000000 00:00 0 
77a3d0000000-77a3d0161000 rw-p 00000000 00:00 0 
77a3d0161000-77a3d4000000 ---p 00000000 00:00 0 
77a3d4000000-77a3d413c000 rw-p 00000000 00:00 0 
77a3d413c000-77a3d8000000 ---p 00000000 00:00 0 
77a3dc000000-77a3dc16b000 rw-p 00000000 00:00 0 
77a3dc16b000-77a3e0000000 ---p 00000000 00:00 0 
77a3e0000000-77a3e03b8000 rw-p 00000000 00:00 0 
77a3e03b8000-77a3e4000000 ---p 00000000 00:00 0 
77a3e8000000-77a3e816f000 rw-p 00000000 00:00 0 
77a3e816f000-77a3ec000000 ---p 00000000 00:00 0 
77a3ec000000-77a3ec147000 rw-p 00000000 00:00 0 
77a3ec147000-77a3f0000000 ---p 00000000 00:00 0 
77a3f4000000-77a3f4130000 rw-p 00000000 00:00 0 
77a3f4130000-77a3f8000000 ---p 00000000 00:00 0 
77a3f8000000-77a3f8150000 rw-p 00000000 00:00 0 
77a3f8150000-77a3fc000000 ---p 00000000 00:00 0 
77a400000000-77a400021000 rw-p 00000000 00:00 0 
77a400021000-77a404000000 ---p 00000000 00:00 0 
77a404000000-77a4050ac000 rw-p 00000000 00:00 0 
77a4050ac000-77a408000000 ---p 00000000 00:00 0 
77a40c000000-77a40c021000 rw-p 00000000 00:00 0 
77a40c021000-77a410000000 ---p 00000000 00:00 0 
77a410000000-77a411784000 rw-p 00000000 00:00 0 
77a411784000-77a414000000 ---p 00000000 00:00 0 
77a418000000-77a418021000 rw-p 00000000 00:00 0 
77a418021000-77a41c000000 ---p 00000000 00:00 0 
77a41c000000-77a41c021000 rw-p 00000000 00:00 0 
77a41c021000-77a420000000 ---p 00000000 00:00 0 
77a424000000-77a424d25000 rw-p 00000000 00:00 0 
77a424d25000-77a428000000 ---p 00000000 00:00 0 
77a428000000-77a4296ba000 rw-p 00000000 00:00 0 
77a4296ba000-77a42c000000 ---p 00000000 00:00 0 
77a430000000-77a430021000 rw-p 00000000 00:00 0 
77a430021000-77a434000000 ---p 00000000 00:00 0 
77a434000000-77a434021000 rw-p 00000000 00:00 0 
77a434021000-77a438000000 ---p 00000000 00:00 0 
77a43c000000-77a43c021000 rw-p 00000000 00:00 0 
77a43c021000-77a440000000 ---p 00000000 00:00 0 
77a440000000-77a440021000 rw-p 00000000 00:00 0 
77a440021000-77a444000000 ---p 00000000 00:00 0 
77a448000000-77a44b418000 rw-p 00000000 00:00 0 
77a44b418000-77a44c000000 ---p 00000000 00:00 0 
77a44c000000-77a44c021000 rw-p 00000000 00:00 0 
77a44c021000-77a450000000 ---p 00000000 00:00 0 
77a451800000-77a451840000 rw-p 00000000 00:00 0 
77a451840000-77a451a00000 ---p 00000000 00:00 0 
77a451af0000-77a451af4000 ---p 00000000 00:00 0 
77a451af4000-77a451bf1000 rw-p 00000000 00:00 0 
77a451bf1000-77a451bf5000 ---p 00000000 00:00 0 
77a451bf5000-77a451cf2000 rw-p 00000000 00:00 0 
77a451cf2000-77a451cf3000 ---p 00000000 00:00 0 
77a451cf3000-77a451df4000 rw-p 00000000 00:00 0 
77a451df4000-77a451df5000 ---p 00000000 00:00 0 
77a451df5000-77a451ef6000 rw-p 00000000 00:00 0 
77a451ef6000-77a451ef7000 ---p 00000000 00:00 0 
77a451ef7000-77a451ff8000 rw-p 00000000 00:00 0 
77a451ff8000-77a451ff9000 ---p 00000000 00:00 0 
77a451ff9000-77a4520fa000 rw-p 00000000 00:00 0 
77a4520fa000-77a4520fb000 ---p 00000000 00:00 0 
77a4520fb000-77a4521fc000 rw-p 00000000 00:00 0 
77a4521fc000-77a4521fd000 ---p 00000000 00:00 0 
77a4521fd000-77a4522fe000 rw-p 00000000 00:00 0 
77a4522fe000-77a4522ff000 ---p 00000000 00:00 0 
77a4522ff000-77a452400000 rw-p 00000000 00:00 0 
77a452400000-77a4525c0000 rw-p 00000000 00:00 0 
77a4525c0000-77a4527c0000 rw-p 00000000 00:00 0 
77a4527c0000-77a4529c0000 rw-p 00000000 00:00 0 
77a4529c0000-77a452c00000 rw-p 00000000 00:00 0 
77a452cff000-77a452d03000 ---p 00000000 00:00 0 
77a452d03000-77a452e00000 rw-p 00000000 00:00 0 
77a452e00000-77a453000000 rw-p 00000000 00:00 0 
77a4530fe000-77a4530ff000 ---p 00000000 00:00 0 
77a4530ff000-77a453200000 rw-p 00000000 00:00 0 
77a453200000-77a4533ec000 rw-p 00000000 00:00 0 
77a4533ec000-77a453400000 ---p 00000000 00:00 0 
77a453465000-77a4535fc000 r-xp 00000000 00:32 16151905                   /usr/local/openjdk-11/lib/libfontmanager.so
77a4535fc000-77a4537fc000 ---p 00197000 00:32 16151905                   /usr/local/openjdk-11/lib/libfontmanager.so
77a4537fc000-77a4537fe000 r--p 00197000 00:32 16151905                   /usr/local/openjdk-11/lib/libfontmanager.so
77a4537fe000-77a4537ff000 rw-p 00199000 00:32 16151905                   /usr/local/openjdk-11/lib/libfontmanager.so
77a4537ff000-77a453a00000 rw-p 00000000 00:00 0 
77a453af5000-77a453af6000 ---p 00000000 00:00 0 
77a453af6000-77a453bf7000 rw-p 00000000 00:00 0 
77a453bf7000-77a453bff000 r-xp 00000000 00:32 16151901                   /usr/local/openjdk-11/lib/libawt_headless.so
77a453bff000-77a453dfe000 ---p 00008000 00:32 16151901                   /usr/local/openjdk-11/lib/libawt_headless.so
77a453dfe000-77a453dff000 r--p 00007000 00:32 16151901                   /usr/local/openjdk-11/lib/libawt_headless.so
77a453dff000-77a453e00000 rw-p 00008000 00:32 16151901                   /usr/local/openjdk-11/lib/libawt_headless.so
77a453e00000-77a454000000 rw-p 00000000 00:00 0 
77a454000000-77a454036000 rw-p 00000000 00:00 0 
77a454036000-77a458000000 ---p 00000000 00:00 0 
77a458000000-77a4580c3000 rw-p 00000000 00:00 0 
77a4580c3000-77a45c000000 ---p 00000000 00:00 0 
77a45c02f000-77a45c0cf000 r-xp 00000000 00:32 16151900                   /usr/local/openjdk-11/lib/libawt.so
77a45c0cf000-77a45c2ce000 ---p 000a0000 00:32 16151900                   /usr/local/openjdk-11/lib/libawt.so
77a45c2ce000-77a45c2cf000 r--p 0009f000 00:32 16151900                   /usr/local/openjdk-11/lib/libawt.so
77a45c2cf000-77a45c2da000 rw-p 000a0000 00:32 16151900                   /usr/local/openjdk-11/lib/libawt.so
77a45c2da000-77a45c2ff000 rw-p 00000000 00:00 0 
77a45c2ff000-77a45c303000 ---p 00000000 00:00 0 
77a45c303000-77a45c400000 rw-p 00000000 00:00 0 
77a45c400000-77a45c5c0000 rw-p 00000000 00:00 0 
77a45c5c0000-77a45c800000 rw-p 00000000 00:00 0 
77a45c8ff000-77a45c903000 ---p 00000000 00:00 0 
77a45c903000-77a45ca00000 rw-p 00000000 00:00 0 
77a45ca00000-77a45cc00000 rw-p 00000000 00:00 0 
77a45ccc7000-77a45cccb000 ---p 00000000 00:00 0 
77a45cccb000-77a45cdc8000 rw-p 00000000 00:00 0 
77a45cdc8000-77a45cdc9000 ---p 00000000 00:00 0 
77a45cdc9000-77a45ceca000 rw-p 00000000 00:00 0 
77a45ceca000-77a45cecb000 ---p 00000000 00:00 0 
77a45cecb000-77a45cfcc000 rw-p 00000000 00:00 0 
77a45cfcc000-77a45cfcd000 ---p 00000000 00:00 0 
77a45cfcd000-77a45d0ce000 rw-p 00000000 00:00 0 
77a45d0ce000-77a45d0cf000 ---p 00000000 00:00 0 
77a45d0cf000-77a45d1d0000 rw-p 00000000 00:00 0 
77a45d1d0000-77a45d1d1000 ---p 00000000 00:00 0 
77a45d1d1000-77a45d2d2000 rw-p 00000000 00:00 0 
77a45d2d2000-77a45d2d3000 ---p 00000000 00:00 0 
77a45d2d3000-77a45d3d4000 rw-p 00000000 00:00 0 
77a45d3d4000-77a45d3d5000 ---p 00000000 00:00 0 
77a45d3d5000-77a45d4d6000 rw-p 00000000 00:00 0 
77a45d4d6000-77a45d4d7000 ---p 00000000 00:00 0 
77a45d4d7000-77a45d5d8000 rw-p 00000000 00:00 0 
77a45d5d8000-77a45d5d9000 ---p 00000000 00:00 0 
77a45d5d9000-77a45d6da000 rw-p 00000000 00:00 0 
77a45d6da000-77a45d6e0000 r-xp 00000000 00:32 16151921                   /usr/local/openjdk-11/lib/libmanagement_ext.so
77a45d6e0000-77a45d8df000 ---p 00006000 00:32 16151921                   /usr/local/openjdk-11/lib/libmanagement_ext.so
77a45d8df000-77a45d8e0000 r--p 00005000 00:32 16151921                   /usr/local/openjdk-11/lib/libmanagement_ext.so
77a45d8e0000-77a45d8e1000 rw-p 00000000 00:00 0 
77a45d8e1000-77a45d8e5000 r-xp 00000000 00:32 16151919                   /usr/local/openjdk-11/lib/libmanagement.so
77a45d8e5000-77a45dae4000 ---p 00004000 00:32 16151919                   /usr/local/openjdk-11/lib/libmanagement.so
77a45dae4000-77a45dae5000 r--p 00003000 00:32 16151919                   /usr/local/openjdk-11/lib/libmanagement.so
77a45dae5000-77a45dae6000 rw-p 00000000 00:00 0 
77a45dae6000-77a45daea000 ---p 00000000 00:00 0 
77a45daea000-77a45dbe7000 rw-p 00000000 00:00 0 
77a45dbe7000-77a45dbeb000 ---p 00000000 00:00 0 
77a45dbeb000-77a45dce8000 rw-p 00000000 00:00 0 
77a45dce8000-77a45dce9000 ---p 00000000 00:00 0 
77a45dce9000-77a45ddea000 rw-p 00000000 00:00 0 
77a45ddea000-77a45ddff000 r-xp 00000000 00:32 16151923                   /usr/local/openjdk-11/lib/libnet.so
77a45ddff000-77a45dffe000 ---p 00015000 00:32 16151923                   /usr/local/openjdk-11/lib/libnet.so
77a45dffe000-77a45dfff000 r--p 00014000 00:32 16151923                   /usr/local/openjdk-11/lib/libnet.so
77a45dfff000-77a45e000000 rw-p 00015000 00:32 16151923                   /usr/local/openjdk-11/lib/libnet.so
77a45e000000-77a460000000 rw-p 00000000 00:00 0 
77a460000000-77a460021000 rw-p 00000000 00:00 0 
77a460021000-77a464000000 ---p 00000000 00:00 0 
77a464070000-77a464080000 r-xp 00000000 00:32 16151924                   /usr/local/openjdk-11/lib/libnio.so
77a464080000-77a464280000 ---p 00010000 00:32 16151924                   /usr/local/openjdk-11/lib/libnio.so
77a464280000-77a464281000 r--p 00010000 00:32 16151924                   /usr/local/openjdk-11/lib/libnio.so
77a464281000-77a464282000 rw-p 00011000 00:32 16151924                   /usr/local/openjdk-11/lib/libnio.so
77a464282000-77a464286000 ---p 00000000 00:00 0 
77a464286000-77a464383000 rw-p 00000000 00:00 0 
77a464383000-77a464387000 ---p 00000000 00:00 0 
77a464387000-77a464484000 rw-p 00000000 00:00 0 
77a464484000-77a464488000 ---p 00000000 00:00 0 
77a464488000-77a464585000 rw-p 00000000 00:00 0 
77a464585000-77a464589000 ---p 00000000 00:00 0 
77a464589000-77a464686000 rw-p 00000000 00:00 0 
77a464686000-77a46468a000 ---p 00000000 00:00 0 
77a46468a000-77a464787000 rw-p 00000000 00:00 0 
77a464787000-77a46478b000 ---p 00000000 00:00 0 
77a46478b000-77a464888000 rw-p 00000000 00:00 0 
77a464888000-77a46488c000 ---p 00000000 00:00 0 
77a46488c000-77a464989000 rw-p 00000000 00:00 0 
77a464989000-77a464afc000 r--p 00000000 00:32 16136407                   /usr/lib/locale/C.UTF-8/LC_COLLATE
77a464afc000-77a464b00000 ---p 00000000 00:00 0 
77a464b00000-77a464bfd000 rw-p 00000000 00:00 0 
77a464bfd000-77a464c01000 ---p 00000000 00:00 0 
77a464c01000-77a464cfe000 rw-p 00000000 00:00 0 
77a464cfe000-77a464cff000 ---p 00000000 00:00 0 
77a464cff000-77a464e00000 rw-p 00000000 00:00 0 
77a464e00000-77a465600000 rw-p 00000000 00:00 0 
77a46563b000-77a465648000 r--p 00000000 00:32 16150710                   /usr/lib/x86_64-linux-gnu/libfreetype.so.6.17.4
77a465648000-77a4656cb000 r-xp 0000d000 00:32 16150710                   /usr/lib/x86_64-linux-gnu/libfreetype.so.6.17.4
77a4656cb000-77a4656f5000 r--p 00090000 00:32 16150710                   /usr/lib/x86_64-linux-gnu/libfreetype.so.6.17.4
77a4656f5000-77a4656f6000 ---p 000ba000 00:32 16150710                   /usr/lib/x86_64-linux-gnu/libfreetype.so.6.17.4
77a4656f6000-77a4656fd000 r--p 000ba000 00:32 16150710                   /usr/lib/x86_64-linux-gnu/libfreetype.so.6.17.4
77a4656fd000-77a4656fe000 rw-p 000c1000 00:32 16150710                   /usr/lib/x86_64-linux-gnu/libfreetype.so.6.17.4
77a4656fe000-77a4656ff000 ---p 00000000 00:00 0 
77a4656ff000-77a465800000 rw-p 00000000 00:00 0 
77a465800000-77a46c1a0000 rw-p 00000000 00:00 0 
77a46c1a0000-77a46d2a0000 rw-p 00000000 00:00 0 
77a46d2fe000-77a46d2ff000 ---p 00000000 00:00 0 
77a46d2ff000-77a46d400000 rw-p 00000000 00:00 0 
77a46d400000-77a473da0000 rw-p 00000000 00:00 0 
77a473da0000-77a474ea0000 rw-p 00000000 00:00 0 
77a474eff000-77a475d34000 rw-p 00000000 00:00 0 
77a475d34000-77a475f54000 rw-p 00000000 00:00 0 
77a476000000-77a476d34000 rw-p 00000000 00:00 0 
77a476d34000-77a476f54000 rw-p 00000000 00:00 0 
77a476fc6000-77a476fcc000 r--p 00000000 00:32 16150712                   /usr/lib/x86_64-linux-gnu/libpng16.so.16.37.0
77a476fcc000-77a476ff2000 r-xp 00006000 00:32 16150712                   /usr/lib/x86_64-linux-gnu/libpng16.so.16.37.0
77a476ff2000-77a476ffe000 r--p 0002c000 00:32 16150712                   /usr/lib/x86_64-linux-gnu/libpng16.so.16.37.0
77a476ffe000-77a476fff000 r--p 00037000 00:32 16150712                   /usr/lib/x86_64-linux-gnu/libpng16.so.16.37.0
77a476fff000-77a477000000 rw-p 00038000 00:32 16150712                   /usr/lib/x86_64-linux-gnu/libpng16.so.16.37.0
77a477000000-77a477d34000 rw-p 00000000 00:00 0 
77a477d34000-77a477f54000 rw-p 00000000 00:00 0 
77a477f66000-77a477f67000 r--p 00000000 00:32 16143188                   /usr/lib/x86_64-linux-gnu/libbrotlicommon.so.1.0.9
77a477f67000-77a477f68000 r-xp 00001000 00:32 16143188                   /usr/lib/x86_64-linux-gnu/libbrotlicommon.so.1.0.9
77a477f68000-77a477f87000 r--p 00002000 00:32 16143188                   /usr/lib/x86_64-linux-gnu/libbrotlicommon.so.1.0.9
77a477f87000-77a477f88000 r--p 00020000 00:32 16143188                   /usr/lib/x86_64-linux-gnu/libbrotlicommon.so.1.0.9
77a477f88000-77a477f89000 rw-p 00021000 00:32 16143188                   /usr/lib/x86_64-linux-gnu/libbrotlicommon.so.1.0.9
77a477f89000-77a477f8d000 ---p 00000000 00:00 0 
77a477f8d000-77a477fab000 rw-p 00000000 00:00 0 
77a477fab000-77a478000000 r--p 00000000 00:32 16136408                   /usr/lib/locale/C.UTF-8/LC_CTYPE
77a478000000-77a47815f000 rw-p 00000000 00:00 0 
77a47815f000-77a47c000000 ---p 00000000 00:00 0 
77a47c00f000-77a47c010000 r--p 00000000 00:32 16143190                   /usr/lib/x86_64-linux-gnu/libbrotlidec.so.1.0.9
77a47c010000-77a47c018000 r-xp 00001000 00:32 16143190                   /usr/lib/x86_64-linux-gnu/libbrotlidec.so.1.0.9
77a47c018000-77a47c01b000 r--p 00009000 00:32 16143190                   /usr/lib/x86_64-linux-gnu/libbrotlidec.so.1.0.9
77a47c01b000-77a47c01c000 r--p 0000b000 00:32 16143190                   /usr/lib/x86_64-linux-gnu/libbrotlidec.so.1.0.9
77a47c01c000-77a47c01d000 rw-p 0000c000 00:32 16143190                   /usr/lib/x86_64-linux-gnu/libbrotlidec.so.1.0.9
77a47c01d000-77a47c800000 rw-p 00000000 00:00 0 
77a47c800000-77a47ca70000 rwxp 00000000 00:00 0 
77a47ca70000-77a47cd91000 ---p 00000000 00:00 0 
77a47cd91000-77a47dd21000 rwxp 00000000 00:00 0 
77a47dd21000-77a4842c8000 ---p 00000000 00:00 0 
77a4842c8000-77a484848000 rwxp 00000000 00:00 0 
77a484848000-77a48b800000 ---p 00000000 00:00 0 
77a48b809000-77a48b80a000 r--p 00000000 00:32 16136415                   /usr/lib/locale/C.UTF-8/LC_NUMERIC
77a48b80a000-77a48b811000 r--s 00000000 00:32 16136688                   /usr/lib/x86_64-linux-gnu/gconv/gconv-modules.cache
77a48b811000-77a494000000 r--s 00000000 00:32 16151934                   /usr/local/openjdk-11/lib/modules
77a494000000-77a4960a2000 rw-p 00000000 00:00 0 
77a4960a2000-77a498000000 ---p 00000000 00:00 0 
77a498000000-77a498001000 r--p 00000000 00:32 16136418                   /usr/lib/locale/C.UTF-8/LC_TIME
77a498001000-77a498002000 r--p 00000000 00:32 16136413                   /usr/lib/locale/C.UTF-8/LC_MONETARY
77a498002000-77a498204000 rw-p 00000000 00:00 0 
77a498204000-77a498205000 ---p 00000000 00:00 0 
77a498205000-77a498306000 rw-p 00000000 00:00 0 
77a498306000-77a498307000 ---p 00000000 00:00 0 
77a498307000-77a498408000 rw-p 00000000 00:00 0 
77a498408000-77a498f4d000 rw-p 00000000 00:00 0 
77a498f4d000-77a498f4e000 ---p 00000000 00:00 0 
77a498f4e000-77a49904f000 rw-p 00000000 00:00 0 
77a49904f000-77a49905a000 rw-p 00000000 00:00 0 
77a49905a000-77a49913a000 ---p 00000000 00:00 0 
77a49913a000-77a49915a000 rw-p 00000000 00:00 0 
77a49915a000-77a499225000 ---p 00000000 00:00 0 
77a499225000-77a49922a000 rw-p 00000000 00:00 0 
77a49922a000-77a499231000 ---p 00000000 00:00 0 
77a499231000-77a499238000 r-xp 00000000 00:32 16151933                   /usr/local/openjdk-11/lib/libzip.so
77a499238000-77a499438000 ---p 00007000 00:32 16151933                   /usr/local/openjdk-11/lib/libzip.so
77a499438000-77a499439000 r--p 00007000 00:32 16151933                   /usr/local/openjdk-11/lib/libzip.so
77a499439000-77a49943a000 rw-p 00000000 00:00 0 
77a49943a000-77a499442000 rw-s 00000000 00:32 16152262                   /tmp/hsperfdata_root/78
77a499442000-77a499445000 r--p 00000000 00:32 16136011                   /lib/x86_64-linux-gnu/libnss_files-2.31.so
77a499445000-77a49944c000 r-xp 00003000 00:32 16136011                   /lib/x86_64-linux-gnu/libnss_files-2.31.so
77a49944c000-77a49944e000 r--p 0000a000 00:32 16136011                   /lib/x86_64-linux-gnu/libnss_files-2.31.so
77a49944e000-77a49944f000 r--p 0000b000 00:32 16136011                   /lib/x86_64-linux-gnu/libnss_files-2.31.so
77a49944f000-77a499450000 rw-p 0000c000 00:32 16136011                   /lib/x86_64-linux-gnu/libnss_files-2.31.so
77a499450000-77a499456000 rw-p 00000000 00:00 0 
77a499456000-77a499457000 r--p 00000000 00:32 16136412                   /usr/lib/locale/C.UTF-8/LC_MESSAGES/SYS_LC_MESSAGES
77a499457000-77a499458000 r--p 00000000 00:32 16136416                   /usr/lib/locale/C.UTF-8/LC_PAPER
77a499458000-77a499459000 r--p 00000000 00:32 16136414                   /usr/lib/locale/C.UTF-8/LC_NAME
77a499459000-77a49945a000 r--p 00000000 00:32 16136406                   /usr/lib/locale/C.UTF-8/LC_ADDRESS
77a49945a000-77a499464000 r-xp 00000000 00:32 16151906                   /usr/local/openjdk-11/lib/libinstrument.so
77a499464000-77a499663000 ---p 0000a000 00:32 16151906                   /usr/local/openjdk-11/lib/libinstrument.so
77a499663000-77a499664000 r--p 00009000 00:32 16151906                   /usr/local/openjdk-11/lib/libinstrument.so
77a499664000-77a499665000 rw-p 0000a000 00:32 16151906                   /usr/local/openjdk-11/lib/libinstrument.so
77a499665000-77a499680000 r-xp 00000000 00:32 16151915                   /usr/local/openjdk-11/lib/libjimage.so
77a499680000-77a49987f000 ---p 0001b000 00:32 16151915                   /usr/local/openjdk-11/lib/libjimage.so
77a49987f000-77a499881000 r--p 0001a000 00:32 16151915                   /usr/local/openjdk-11/lib/libjimage.so
77a499881000-77a499882000 rw-p 0001c000 00:32 16151915                   /usr/local/openjdk-11/lib/libjimage.so
77a499882000-77a4998ab000 r-xp 00000000 00:32 16151911                   /usr/local/openjdk-11/lib/libjava.so
77a4998ab000-77a499aaa000 ---p 00029000 00:32 16151911                   /usr/local/openjdk-11/lib/libjava.so
77a499aaa000-77a499aab000 r--p 00028000 00:32 16151911                   /usr/local/openjdk-11/lib/libjava.so
77a499aab000-77a499aac000 rw-p 00029000 00:32 16151911                   /usr/local/openjdk-11/lib/libjava.so
77a499aac000-77a499aad000 rw-p 00000000 00:00 0 
77a499aad000-77a499aba000 r-xp 00000000 00:32 16151932                   /usr/local/openjdk-11/lib/libverify.so
77a499aba000-77a499cb9000 ---p 0000d000 00:32 16151932                   /usr/local/openjdk-11/lib/libverify.so
77a499cb9000-77a499cbb000 r--p 0000c000 00:32 16151932                   /usr/local/openjdk-11/lib/libverify.so
77a499cbb000-77a499cbc000 rw-p 00000000 00:00 0 
77a499cbc000-77a499cbf000 r--p 00000000 00:32 16136028                   /lib/x86_64-linux-gnu/librt-2.31.so
77a499cbf000-77a499cc3000 r-xp 00003000 00:32 16136028                   /lib/x86_64-linux-gnu/librt-2.31.so
77a499cc3000-77a499cc4000 r--p 00007000 00:32 16136028                   /lib/x86_64-linux-gnu/librt-2.31.so
77a499cc4000-77a499cc5000 ---p 00008000 00:32 16136028                   /lib/x86_64-linux-gnu/librt-2.31.so
77a499cc5000-77a499cc6000 r--p 00008000 00:32 16136028                   /lib/x86_64-linux-gnu/librt-2.31.so
77a499cc6000-77a499cc7000 rw-p 00009000 00:32 16136028                   /lib/x86_64-linux-gnu/librt-2.31.so
77a499cc7000-77a499ccb000 ---p 00000000 00:00 0 
77a499ccb000-77a499dc8000 rw-p 00000000 00:00 0 
77a499dc8000-77a499dd7000 r--p 00000000 00:32 16136000                   /lib/x86_64-linux-gnu/libm-2.31.so
77a499dd7000-77a499e71000 r-xp 0000f000 00:32 16136000                   /lib/x86_64-linux-gnu/libm-2.31.so
77a499e71000-77a499f0a000 r--p 000a9000 00:32 16136000                   /lib/x86_64-linux-gnu/libm-2.31.so
77a499f0a000-77a499f0b000 r--p 00141000 00:32 16136000                   /lib/x86_64-linux-gnu/libm-2.31.so
77a499f0b000-77a499f0c000 rw-p 00142000 00:32 16136000                   /lib/x86_64-linux-gnu/libm-2.31.so
77a499f0c000-77a49af73000 r-xp 00000000 00:32 16151946                   /usr/local/openjdk-11/lib/server/libjvm.so
77a49af73000-77a49b173000 ---p 01067000 00:32 16151946                   /usr/local/openjdk-11/lib/server/libjvm.so
77a49b173000-77a49b235000 r--p 01067000 00:32 16151946                   /usr/local/openjdk-11/lib/server/libjvm.so
77a49b235000-77a49b26f000 rw-p 01129000 00:32 16151946                   /usr/local/openjdk-11/lib/server/libjvm.so
77a49b26f000-77a49b2c8000 rw-p 00000000 00:00 0 
77a49b2c8000-77a49b2ed000 r--p 00000000 00:32 16135979                   /lib/x86_64-linux-gnu/libc-2.31.so
77a49b2ed000-77a49b438000 r-xp 00025000 00:32 16135979                   /lib/x86_64-linux-gnu/libc-2.31.so
77a49b438000-77a49b482000 r--p 00170000 00:32 16135979                   /lib/x86_64-linux-gnu/libc-2.31.so
77a49b482000-77a49b483000 ---p 001ba000 00:32 16135979                   /lib/x86_64-linux-gnu/libc-2.31.so
77a49b483000-77a49b486000 r--p 001ba000 00:32 16135979                   /lib/x86_64-linux-gnu/libc-2.31.so
77a49b486000-77a49b489000 rw-p 001bd000 00:32 16135979                   /lib/x86_64-linux-gnu/libc-2.31.so
77a49b489000-77a49b48d000 rw-p 00000000 00:00 0 
77a49b48d000-77a49b48e000 r--p 00000000 00:32 16135987                   /lib/x86_64-linux-gnu/libdl-2.31.so
77a49b48e000-77a49b490000 r-xp 00001000 00:32 16135987                   /lib/x86_64-linux-gnu/libdl-2.31.so
77a49b490000-77a49b491000 r--p 00003000 00:32 16135987                   /lib/x86_64-linux-gnu/libdl-2.31.so
77a49b491000-77a49b492000 r--p 00003000 00:32 16135987                   /lib/x86_64-linux-gnu/libdl-2.31.so
77a49b492000-77a49b493000 rw-p 00004000 00:32 16135987                   /lib/x86_64-linux-gnu/libdl-2.31.so
77a49b493000-77a49b4a2000 r-xp 00000000 00:32 16151895                   /usr/local/openjdk-11/lib/jli/libjli.so
77a49b4a2000-77a49b6a1000 ---p 0000f000 00:32 16151895                   /usr/local/openjdk-11/lib/jli/libjli.so
77a49b6a1000-77a49b6a2000 r--p 0000e000 00:32 16151895                   /usr/local/openjdk-11/lib/jli/libjli.so
77a49b6a2000-77a49b6a3000 rw-p 0000f000 00:32 16151895                   /usr/local/openjdk-11/lib/jli/libjli.so
77a49b6a3000-77a49b6aa000 r--p 00000000 00:32 16136024                   /lib/x86_64-linux-gnu/libpthread-2.31.so
77a49b6aa000-77a49b6ba000 r-xp 00007000 00:32 16136024                   /lib/x86_64-linux-gnu/libpthread-2.31.so
77a49b6ba000-77a49b6bf000 r--p 00017000 00:32 16136024                   /lib/x86_64-linux-gnu/libpthread-2.31.so
77a49b6bf000-77a49b6c0000 r--p 0001b000 00:32 16136024                   /lib/x86_64-linux-gnu/libpthread-2.31.so
77a49b6c0000-77a49b6c1000 rw-p 0001c000 00:32 16136024                   /lib/x86_64-linux-gnu/libpthread-2.31.so
77a49b6c1000-77a49b6c5000 rw-p 00000000 00:00 0 
77a49b6c5000-77a49b6c8000 r--p 00000000 00:32 16136043                   /lib/x86_64-linux-gnu/libz.so.1.2.11
77a49b6c8000-77a49b6d9000 r-xp 00003000 00:32 16136043                   /lib/x86_64-linux-gnu/libz.so.1.2.11
77a49b6d9000-77a49b6df000 r--p 00014000 00:32 16136043                   /lib/x86_64-linux-gnu/libz.so.1.2.11
77a49b6df000-77a49b6e0000 ---p 0001a000 00:32 16136043                   /lib/x86_64-linux-gnu/libz.so.1.2.11
77a49b6e0000-77a49b6e1000 r--p 0001a000 00:32 16136043                   /lib/x86_64-linux-gnu/libz.so.1.2.11
77a49b6e1000-77a49b6e2000 rw-p 0001b000 00:32 16136043                   /lib/x86_64-linux-gnu/libz.so.1.2.11
77a49b6e2000-77a49b6e4000 rw-p 00000000 00:00 0 
77a49b6e4000-77a49b6e5000 r--p 00000000 00:32 16136417                   /usr/lib/locale/C.UTF-8/LC_TELEPHONE
77a49b6e5000-77a49b6e6000 r--p 00000000 00:32 16136410                   /usr/lib/locale/C.UTF-8/LC_MEASUREMENT
77a49b6e6000-77a49b6e7000 ---p 00000000 00:00 0 
77a49b6e7000-77a49b6e8000 r--p 00000000 00:00 0 
77a49b6e8000-77a49b6ec000 r--p 00000000 00:00 0                          [vvar]
77a49b6ec000-77a49b6ee000 r-xp 00000000 00:00 0                          [vdso]
77a49b6ee000-77a49b6ef000 r--p 00000000 00:32 16135967                   /lib/x86_64-linux-gnu/ld-2.31.so
77a49b6ef000-77a49b70f000 r-xp 00001000 00:32 16135967                   /lib/x86_64-linux-gnu/ld-2.31.so
77a49b70f000-77a49b717000 r--p 00021000 00:32 16135967                   /lib/x86_64-linux-gnu/ld-2.31.so
77a49b717000-77a49b718000 r--p 00000000 00:32 16136409                   /usr/lib/locale/C.UTF-8/LC_IDENTIFICATION
77a49b718000-77a49b719000 r--p 00029000 00:32 16135967                   /lib/x86_64-linux-gnu/ld-2.31.so
77a49b719000-77a49b71a000 rw-p 0002a000 00:32 16135967                   /lib/x86_64-linux-gnu/ld-2.31.so
77a49b71a000-77a49b71b000 rw-p 00000000 00:00 0 
7ffeac4ed000-7ffeac50e000 rw-p 00000000 00:00 0                          [stack]
ffffffffff600000-ffffffffff601000 --xp 00000000 00:00 0                  [vsyscall]


VM Arguments:
jvm_args: -javaagent:/root/.m2/repository/org/jacoco/org.jacoco.agent/0.8.11/org.jacoco.agent-0.8.11-runtime.jar=destfile=/app/target/jacoco.exec 
java_command: /app/target/surefire/surefirebooter10834136649120472577.jar /app/target/surefire 2026-04-08T05-24-26_777-jvmRun1 surefire7085896815092169983tmp surefire_015130223343924725244tmp
java_class_path (initial): /app/target/surefire/surefirebooter10834136649120472577.jar
Launcher Type: SUN_STANDARD

[Global flags]
     intx CICompilerCount                          = 4                                         {product} {ergonomic}
     uint ConcGCThreads                            = 3                                         {product} {ergonomic}
     uint G1ConcRefinementThreads                  = 10                                        {product} {ergonomic}
   size_t G1HeapRegionSize                         = 2097152                                   {product} {ergonomic}
    uintx GCDrainStackTargetSize                   = 64                                        {product} {ergonomic}
   size_t InitialHeapSize                          = 515899392                                 {product} {ergonomic}
   size_t MarkStackSize                            = 4194304                                   {product} {ergonomic}
   size_t MaxHeapSize                              = 8229224448                                {product} {ergonomic}
   size_t MaxNewSize                               = 4936695808                                {product} {ergonomic}
   size_t MinHeapDeltaBytes                        = 2097152                                   {product} {ergonomic}
    uintx NonNMethodCodeHeapSize                   = 5836300                                {pd product} {ergonomic}
    uintx NonProfiledCodeHeapSize                  = 122910970                              {pd product} {ergonomic}
    uintx ProfiledCodeHeapSize                     = 122910970                              {pd product} {ergonomic}
    uintx ReservedCodeCacheSize                    = 251658240                              {pd product} {ergonomic}
     bool SegmentedCodeCache                       = true                                      {product} {ergonomic}
     bool UseCompressedClassPointers               = true                                 {lp64_product} {ergonomic}
     bool UseCompressedOops                        = true                                 {lp64_product} {ergonomic}
     bool UseG1GC                                  = true                                      {product} {ergonomic}

Logging:
Log output configuration:
 #0: stdout all=warning uptime,level,tags
 #1: stderr all=off uptime,level,tags

Environment Variables:
JAVA_HOME=/usr/local/openjdk-11
PATH=/usr/local/openjdk-11/bin:/usr/local/sbin:/usr/local/bin:/usr/sbin:/usr/bin:/sbin:/bin
LANG=C.UTF-8

Signal Handlers:
SIGSEGV: [libjvm.so+0xd9b640], sa_mask[0]=11111111011111111101111111111110, sa_flags=SA_RESTART|SA_SIGINFO
SIGBUS: [libjvm.so+0xd9b640], sa_mask[0]=11111111011111111101111111111110, sa_flags=SA_RESTART|SA_SIGINFO
SIGFPE: [libjvm.so+0xd9b640], sa_mask[0]=11111111011111111101111111111110, sa_flags=SA_RESTART|SA_SIGINFO
SIGPIPE: [libjvm.so+0xb9de10], sa_mask[0]=11111111011111111101111111111110, sa_flags=SA_RESTART|SA_SIGINFO
SIGXFSZ: [libjvm.so+0xb9de10], sa_mask[0]=11111111011111111101111111111110, sa_flags=SA_RESTART|SA_SIGINFO
SIGILL: [libjvm.so+0xd9b640], sa_mask[0]=11111111011111111101111111111110, sa_flags=SA_RESTART|SA_SIGINFO
SIGUSR2: [libjvm.so+0xb9dca0], sa_mask[0]=00000000000000000000000000000000, sa_flags=SA_RESTART|SA_SIGINFO
SIGHUP: [libjvm.so+0xb9e460], sa_mask[0]=11111111011111111101111111111110, sa_flags=SA_RESTART|SA_SIGINFO
SIGINT: [libjvm.so+0xb9e460], sa_mask[0]=11111111011111111101111111111110, sa_flags=SA_RESTART|SA_SIGINFO
SIGTERM: [libjvm.so+0xb9e460], sa_mask[0]=11111111011111111101111111111110, sa_flags=SA_RESTART|SA_SIGINFO
SIGQUIT: [libjvm.so+0xb9e460], sa_mask[0]=11111111011111111101111111111110, sa_flags=SA_RESTART|SA_SIGINFO


---------------  S Y S T E M  ---------------

OS:PRETTY_NAME="Debian GNU/Linux 11 (bullseye)"
NAME="Debian GNU/Linux"
VERSION_ID="11"
VERSION="11 (bullseye)"
VERSION_CODENAME=bullseye
ID=debian
HOME_URL="https://www.debian.org/"
SUPPORT_URL="https://www.debian.org/support"
BUG_REPORT_URL="https://bugs.debian.org/"
uname:Linux 6.9.3-76060903-generic #202405300957~1721174657~22.04~abb7c06 SMP PREEMPT_DYNAMIC Wed J x86_64
OS uptime: 0 days 18:16 hours
libc:glibc 2.31 NPTL 2.31 
rlimit (soft/hard): STACK 8192k/infinity , CORE infinity/infinity , NPROC infinity/infinity , NOFILE 1048576/1048576 , AS infinity/infinity , CPU infinity/infinity , DATA infinity/infinity , FSIZE infinity/infinity , MEMLOCK 8192k/8192k
load average:10.86 6.35 4.23

/proc/meminfo:
MemTotal:       32138292 kB
MemFree:         1924832 kB
MemAvailable:    9982796 kB
Buffers:          836684 kB
Cached:          7884448 kB
SwapCached:        10096 kB
Active:         17203856 kB
Inactive:        7447428 kB
Active(anon):   15018656 kB
Inactive(anon):   985168 kB
Active(file):    2185200 kB
Inactive(file):  6462260 kB
Unevictable:         264 kB
Mlocked:             264 kB
SwapTotal:      20970996 kB
SwapFree:       13898228 kB
Zswap:                 0 kB
Zswapped:              0 kB
Dirty:               372 kB
Writeback:             0 kB
AnonPages:      15923252 kB
Mapped:           932092 kB
Shmem:             73880 kB
KReclaimable:    2109768 kB
Slab:            2551136 kB
SReclaimable:    2109768 kB
SUnreclaim:       441368 kB
KernelStack:       38432 kB
PageTables:       133600 kB
SecPageTables:         0 kB
NFS_Unstable:          0 kB
Bounce:                0 kB
WritebackTmp:          0 kB
CommitLimit:    37040140 kB
Committed_AS:   50579280 kB
VmallocTotal:   34359738367 kB
VmallocUsed:      205164 kB
VmallocChunk:          0 kB
Percpu:            16608 kB
HardwareCorrupted:     0 kB
AnonHugePages:      6144 kB
ShmemHugePages:        0 kB
ShmemPmdMapped:        0 kB
FileHugePages:         0 kB
FilePmdMapped:         0 kB
Unaccepted:            0 kB
HugePages_Total:       0
HugePages_Free:        0
HugePages_Rsvd:        0
HugePages_Surp:        0
Hugepagesize:       2048 kB
Hugetlb:               0 kB
DirectMap4k:     3015820 kB
DirectMap2M:    26656768 kB
DirectMap1G:     4194304 kB

/sys/kernel/mm/transparent_hugepage/enabled:
always [madvise] never
/sys/kernel/mm/transparent_hugepage/defrag (defrag/compaction efforts parameter):
always defer defer+madvise [madvise] never

Process Memory:
Virtual Size: 12854388K (peak: 19709148K)
Resident Set Size: 8590952K (peak: 8593500K) (anon: 8559592K, file: 31360K, shmem: 0K)
Swapped out: 0K
C-Heap outstanding allocations: 130370K, retained: 74549K (may have wrapped)
glibc malloc tunables: (default)

/proc/sys/kernel/threads-max (system-wide limit on the number of threads):
250393
/proc/sys/vm/max_map_count (maximum number of memory map areas a process may have):
2147483642
/proc/sys/kernel/pid_max (system-wide limit on number of process identifiers):
4194304

container (cgroup) information:
container_type: cgroupv2
cpu_cpuset_cpus: not supported
cpu_memory_nodes: not supported
active_processor_count: 12
cpu_quota: no quota
cpu_period: 100000
cpu_shares: no shares
memory_limit_in_bytes: unlimited
memory_and_swap_limit_in_bytes: unlimited
memory_soft_limit_in_bytes: unlimited
memory_usage_in_bytes: 9443708928
memory_max_usage_in_bytes: not supported

Steal ticks since vm start: 0
Steal ticks percentage since vm start:  0.000

CPU:total 12 (initial active 12) (12 cores per cpu, 2 threads per core) family 25 model 80 stepping 0 microcode 0xa50000d, cmov, cx8, fxsr, mmx, sse, sse2, sse3, ssse3, sse4.1, sse4.2, popcnt, avx, avx2, aes, clmul, erms, mmxext, 3dnowpref, lzcnt, sse4a, ht, tsc, tscinvbit, tscinv, bmi1, bmi2, adx, sha, fma
CPU Model and flags from /proc/cpuinfo:
model name	: AMD Ryzen 5 5600G with Radeon Graphics
flags		: fpu vme de pse tsc msr pae mce cx8 apic sep mtrr pge mca cmov pat pse36 clflush mmx fxsr sse sse2 ht syscall nx mmxext fxsr_opt pdpe1gb rdtscp lm constant_tsc rep_good nopl xtopology nonstop_tsc cpuid extd_apicid aperfmperf rapl pni pclmulqdq monitor ssse3 fma cx16 sse4_1 sse4_2 x2apic movbe popcnt aes xsave avx f16c rdrand lahf_lm cmp_legacy svm extapic cr8_legacy abm sse4a misalignsse 3dnowprefetch osvw ibs skinit wdt tce topoext perfctr_core perfctr_nb bpext perfctr_llc mwaitx cpb cat_l3 cdp_l3 hw_pstate ssbd mba ibrs ibpb stibp vmmcall fsgsbase bmi1 avx2 smep bmi2 erms invpcid cqm rdt_a rdseed adx smap clflushopt clwb sha_ni xsaveopt xsavec xgetbv1 xsaves cqm_llc cqm_occup_llc cqm_mbm_total cqm_mbm_local user_shstk clzero irperf xsaveerptr rdpru wbnoinvd cppc arat npt lbrv svm_lock nrip_save tsc_scale vmcb_clean flushbyasid decodeassists pausefilter pfthreshold avic v_vmsave_vmload vgif v_spec_ctrl umip pku ospke vaes vpclmulqdq rdpid overflow_recov succor smca fsrm debug_swap
Online cpus:
0-11
Offline cpus:

BIOS frequency limitation:
<Not Available>
Frequency switch latency (ns):
0
Available cpu frequencies:
<Not Available>
Current governor:
powersave
Core performance/turbo boost:
<Not Available>

Memory: 4k page, physical 32138292k(1924832k free), swap 20970996k(13898228k free)

vm_info: OpenJDK 64-Bit Server VM (11.0.16+8) for linux-amd64 JRE (11.0.16+8), built on Jul 16 2022 23:58:30 by "openjdk" with gcc 8.3.1 20190311 (Red Hat 8.3.1-3)

END.
