[INFO] Scanning for projects...
[INFO] 
[INFO] ------------------------< com.nttdata.ta:todo >-------------------------
[INFO] Building todo 0.0.1-SNAPSHOT
[INFO] --------------------------------[ war ]---------------------------------
[INFO] 
[INFO] --- maven-clean-plugin:3.1.0:clean (default-clean) @ todo ---
[INFO] Deleting /app/target
[INFO] 
[INFO] --- jacoco-maven-plugin:0.8.11:prepare-agent (default) @ todo ---
[INFO] argLine set to -javaagent:/root/.m2/repository/org/jacoco/org.jacoco.agent/0.8.11/org.jacoco.agent-0.8.11-runtime.jar=destfile=/app/target/jacoco.exec
[INFO] 
[INFO] --- maven-resources-plugin:3.1.0:resources (default-resources) @ todo ---
[INFO] Using 'UTF-8' encoding to copy filtered resources.
[INFO] Copying 1 resource
[INFO] Copying 2 resources
[INFO] 
[INFO] --- maven-compiler-plugin:3.8.1:compile (default-compile) @ todo ---
[INFO] Changes detected - recompiling the module!
[INFO] Compiling 7 source files to /app/target/classes
[INFO] 
[INFO] --- build-helper-maven-plugin:3.3.0:add-test-source (add-kex-test-source) @ todo ---
[INFO] Test Source directory: /app/src/test/java/kex-tests added.
[INFO] 
[INFO] --- maven-resources-plugin:3.1.0:testResources (default-testResources) @ todo ---
[INFO] Using 'UTF-8' encoding to copy filtered resources.
[INFO] Copying 1 resource
[INFO] 
[INFO] --- maven-compiler-plugin:3.8.1:testCompile (default-testCompile) @ todo ---
[INFO] Changes detected - recompiling the module!
[INFO] Compiling 58 source files to /app/target/test-classes
[WARNING] /app/src/test/java/kex-tests/tests/com/nttdata/ta/todo/ReflectionUtils.java:[9,16] sun.misc.Unsafe is internal proprietary API and may be removed in a future release
[WARNING] /app/src/test/java/kex-tests/tests/com/nttdata/ta/todo/ReflectionUtils.java:[13,25] sun.misc.Unsafe is internal proprietary API and may be removed in a future release
[WARNING] /app/src/test/java/kex-tests/tests/com/nttdata/ta/todo/ReflectionUtils.java:[17,31] sun.misc.Unsafe is internal proprietary API and may be removed in a future release
[WARNING] /app/src/test/java/kex-tests/tests/com/nttdata/ta/todo/ReflectionUtils.java:[19,23] sun.misc.Unsafe is internal proprietary API and may be removed in a future release
[INFO] /app/src/test/java/kex-tests/tests/com/nttdata/ta/todo/TodoItem_setId_9517574758.java: Some input files use or override a deprecated API.
[INFO] /app/src/test/java/kex-tests/tests/com/nttdata/ta/todo/TodoItem_setId_9517574758.java: Recompile with -Xlint:deprecation for details.
[INFO] /app/src/test/java/kex-tests/tests/com/nttdata/ta/todo/TodoListViewModel_init_11411053082.java: Some input files use unchecked or unsafe operations.
[INFO] /app/src/test/java/kex-tests/tests/com/nttdata/ta/todo/TodoListViewModel_init_11411053082.java: Recompile with -Xlint:unchecked for details.
[INFO] 
[INFO] --- maven-surefire-plugin:2.22.2:test (default-test) @ todo ---
[INFO] 
[INFO] -------------------------------------------------------
[INFO]  T E S T S
[INFO] -------------------------------------------------------
Apr 08, 2026 1:23:29 AM org.junit.platform.launcher.core.DefaultLauncher handleThrowable
WARNING: TestEngine with ID 'junit-vintage' failed to discover tests
java.lang.NoClassDefFoundError: org/junit/platform/commons/util/LruCache
	at org.junit.vintage.engine.descriptor.TestSourceProvider.<init>(TestSourceProvider.java:44)
	at org.junit.vintage.engine.discovery.RunnerTestDescriptorPostProcessor.<init>(RunnerTestDescriptorPostProcessor.java:38)
	at org.junit.vintage.engine.discovery.VintageDiscoverer.discover(VintageDiscoverer.java:43)
	at org.junit.vintage.engine.VintageTestEngine.discover(VintageTestEngine.java:64)
	at org.junit.platform.launcher.core.DefaultLauncher.discoverEngineRoot(DefaultLauncher.java:168)
	at org.junit.platform.launcher.core.DefaultLauncher.discoverRoot(DefaultLauncher.java:155)
	at org.junit.platform.launcher.core.DefaultLauncher.discover(DefaultLauncher.java:120)
	at org.apache.maven.surefire.junitplatform.TestPlanScannerFilter.accept(TestPlanScannerFilter.java:56)
	at org.apache.maven.surefire.util.DefaultScanResult.applyFilter(DefaultScanResult.java:102)
	at org.apache.maven.surefire.junitplatform.JUnitPlatformProvider.scanClasspath(JUnitPlatformProvider.java:143)
	at org.apache.maven.surefire.junitplatform.JUnitPlatformProvider.invoke(JUnitPlatformProvider.java:124)
	at org.apache.maven.surefire.booter.ForkedBooter.invokeProviderInSameClassLoader(ForkedBooter.java:384)
	at org.apache.maven.surefire.booter.ForkedBooter.runSuitesInProcess(ForkedBooter.java:345)
	at org.apache.maven.surefire.booter.ForkedBooter.execute(ForkedBooter.java:126)
	at org.apache.maven.surefire.booter.ForkedBooter.main(ForkedBooter.java:418)
Caused by: java.lang.ClassNotFoundException: org.junit.platform.commons.util.LruCache
	at java.base/jdk.internal.loader.BuiltinClassLoader.loadClass(BuiltinClassLoader.java:581)
	at java.base/jdk.internal.loader.ClassLoaders$AppClassLoader.loadClass(ClassLoaders.java:178)
	at java.base/java.lang.ClassLoader.loadClass(ClassLoader.java:522)
	... 15 more

Apr 08, 2026 1:23:30 AM org.junit.platform.launcher.core.DefaultLauncher handleThrowable
WARNING: TestEngine with ID 'junit-vintage' failed to discover tests
java.lang.NoClassDefFoundError: org/junit/platform/commons/util/LruCache
	at org.junit.vintage.engine.descriptor.TestSourceProvider.<init>(TestSourceProvider.java:44)
	at org.junit.vintage.engine.discovery.RunnerTestDescriptorPostProcessor.<init>(RunnerTestDescriptorPostProcessor.java:38)
	at org.junit.vintage.engine.discovery.VintageDiscoverer.discover(VintageDiscoverer.java:43)
	at org.junit.vintage.engine.VintageTestEngine.discover(VintageTestEngine.java:64)
	at org.junit.platform.launcher.core.DefaultLauncher.discoverEngineRoot(DefaultLauncher.java:168)
	at org.junit.platform.launcher.core.DefaultLauncher.discoverRoot(DefaultLauncher.java:155)
	at org.junit.platform.launcher.core.DefaultLauncher.discover(DefaultLauncher.java:120)
	at org.apache.maven.surefire.junitplatform.TestPlanScannerFilter.accept(TestPlanScannerFilter.java:56)
	at org.apache.maven.surefire.util.DefaultScanResult.applyFilter(DefaultScanResult.java:102)
	at org.apache.maven.surefire.junitplatform.JUnitPlatformProvider.scanClasspath(JUnitPlatformProvider.java:143)
	at org.apache.maven.surefire.junitplatform.JUnitPlatformProvider.invoke(JUnitPlatformProvider.java:124)
	at org.apache.maven.surefire.booter.ForkedBooter.invokeProviderInSameClassLoader(ForkedBooter.java:384)
	at org.apache.maven.surefire.booter.ForkedBooter.runSuitesInProcess(ForkedBooter.java:345)
	at org.apache.maven.surefire.booter.ForkedBooter.execute(ForkedBooter.java:126)
	at org.apache.maven.surefire.booter.ForkedBooter.main(ForkedBooter.java:418)

Apr 08, 2026 1:23:30 AM org.junit.platform.launcher.core.DefaultLauncher handleThrowable
WARNING: TestEngine with ID 'junit-vintage' failed to discover tests
java.lang.NoClassDefFoundError: org/junit/platform/commons/util/LruCache
	at org.junit.vintage.engine.descriptor.TestSourceProvider.<init>(TestSourceProvider.java:44)
	at org.junit.vintage.engine.discovery.RunnerTestDescriptorPostProcessor.<init>(RunnerTestDescriptorPostProcessor.java:38)
	at org.junit.vintage.engine.discovery.VintageDiscoverer.discover(VintageDiscoverer.java:43)
	at org.junit.vintage.engine.VintageTestEngine.discover(VintageTestEngine.java:64)
	at org.junit.platform.launcher.core.DefaultLauncher.discoverEngineRoot(DefaultLauncher.java:168)
	at org.junit.platform.launcher.core.DefaultLauncher.discoverRoot(DefaultLauncher.java:155)
	at org.junit.platform.launcher.core.DefaultLauncher.discover(DefaultLauncher.java:120)
	at org.apache.maven.surefire.junitplatform.TestPlanScannerFilter.accept(TestPlanScannerFilter.java:56)
	at org.apache.maven.surefire.util.DefaultScanResult.applyFilter(DefaultScanResult.java:102)
	at org.apache.maven.surefire.junitplatform.JUnitPlatformProvider.scanClasspath(JUnitPlatformProvider.java:143)
	at org.apache.maven.surefire.junitplatform.JUnitPlatformProvider.invoke(JUnitPlatformProvider.java:124)
	at org.apache.maven.surefire.booter.ForkedBooter.invokeProviderInSameClassLoader(ForkedBooter.java:384)
	at org.apache.maven.surefire.booter.ForkedBooter.runSuitesInProcess(ForkedBooter.java:345)
	at org.apache.maven.surefire.booter.ForkedBooter.execute(ForkedBooter.java:126)
	at org.apache.maven.surefire.booter.ForkedBooter.main(ForkedBooter.java:418)

Apr 08, 2026 1:23:30 AM org.junit.platform.launcher.core.DefaultLauncher handleThrowable
WARNING: TestEngine with ID 'junit-vintage' failed to discover tests
java.lang.NoClassDefFoundError: org/junit/platform/commons/util/LruCache
	at org.junit.vintage.engine.descriptor.TestSourceProvider.<init>(TestSourceProvider.java:44)
	at org.junit.vintage.engine.discovery.RunnerTestDescriptorPostProcessor.<init>(RunnerTestDescriptorPostProcessor.java:38)
	at org.junit.vintage.engine.discovery.VintageDiscoverer.discover(VintageDiscoverer.java:43)
	at org.junit.vintage.engine.VintageTestEngine.discover(VintageTestEngine.java:64)
	at org.junit.platform.launcher.core.DefaultLauncher.discoverEngineRoot(DefaultLauncher.java:168)
	at org.junit.platform.launcher.core.DefaultLauncher.discoverRoot(DefaultLauncher.java:155)
	at org.junit.platform.launcher.core.DefaultLauncher.discover(DefaultLauncher.java:120)
	at org.apache.maven.surefire.junitplatform.TestPlanScannerFilter.accept(TestPlanScannerFilter.java:56)
	at org.apache.maven.surefire.util.DefaultScanResult.applyFilter(DefaultScanResult.java:102)
	at org.apache.maven.surefire.junitplatform.JUnitPlatformProvider.scanClasspath(JUnitPlatformProvider.java:143)
	at org.apache.maven.surefire.junitplatform.JUnitPlatformProvider.invoke(JUnitPlatformProvider.java:124)
	at org.apache.maven.surefire.booter.ForkedBooter.invokeProviderInSameClassLoader(ForkedBooter.java:384)
	at org.apache.maven.surefire.booter.ForkedBooter.runSuitesInProcess(ForkedBooter.java:345)
	at org.apache.maven.surefire.booter.ForkedBooter.execute(ForkedBooter.java:126)
	at org.apache.maven.surefire.booter.ForkedBooter.main(ForkedBooter.java:418)

Apr 08, 2026 1:23:30 AM org.junit.platform.launcher.core.DefaultLauncher handleThrowable
WARNING: TestEngine with ID 'junit-vintage' failed to discover tests
java.lang.NoClassDefFoundError: org/junit/platform/commons/util/LruCache
	at org.junit.vintage.engine.descriptor.TestSourceProvider.<init>(TestSourceProvider.java:44)
	at org.junit.vintage.engine.discovery.RunnerTestDescriptorPostProcessor.<init>(RunnerTestDescriptorPostProcessor.java:38)
	at org.junit.vintage.engine.discovery.VintageDiscoverer.discover(VintageDiscoverer.java:43)
	at org.junit.vintage.engine.VintageTestEngine.discover(VintageTestEngine.java:64)
	at org.junit.platform.launcher.core.DefaultLauncher.discoverEngineRoot(DefaultLauncher.java:168)
	at org.junit.platform.launcher.core.DefaultLauncher.discoverRoot(DefaultLauncher.java:155)
	at org.junit.platform.launcher.core.DefaultLauncher.discover(DefaultLauncher.java:120)
	at org.apache.maven.surefire.junitplatform.TestPlanScannerFilter.accept(TestPlanScannerFilter.java:56)
	at org.apache.maven.surefire.util.DefaultScanResult.applyFilter(DefaultScanResult.java:102)
	at org.apache.maven.surefire.junitplatform.JUnitPlatformProvider.scanClasspath(JUnitPlatformProvider.java:143)
	at org.apache.maven.surefire.junitplatform.JUnitPlatformProvider.invoke(JUnitPlatformProvider.java:124)
	at org.apache.maven.surefire.booter.ForkedBooter.invokeProviderInSameClassLoader(ForkedBooter.java:384)
	at org.apache.maven.surefire.booter.ForkedBooter.runSuitesInProcess(ForkedBooter.java:345)
	at org.apache.maven.surefire.booter.ForkedBooter.execute(ForkedBooter.java:126)
	at org.apache.maven.surefire.booter.ForkedBooter.main(ForkedBooter.java:418)

Apr 08, 2026 1:23:30 AM org.junit.platform.launcher.core.DefaultLauncher handleThrowable
WARNING: TestEngine with ID 'junit-vintage' failed to discover tests
java.lang.NoClassDefFoundError: org/junit/platform/commons/util/LruCache
	at org.junit.vintage.engine.descriptor.TestSourceProvider.<init>(TestSourceProvider.java:44)
	at org.junit.vintage.engine.discovery.RunnerTestDescriptorPostProcessor.<init>(RunnerTestDescriptorPostProcessor.java:38)
	at org.junit.vintage.engine.discovery.VintageDiscoverer.discover(VintageDiscoverer.java:43)
	at org.junit.vintage.engine.VintageTestEngine.discover(VintageTestEngine.java:64)
	at org.junit.platform.launcher.core.DefaultLauncher.discoverEngineRoot(DefaultLauncher.java:168)
	at org.junit.platform.launcher.core.DefaultLauncher.discoverRoot(DefaultLauncher.java:155)
	at org.junit.platform.launcher.core.DefaultLauncher.discover(DefaultLauncher.java:120)
	at org.apache.maven.surefire.junitplatform.TestPlanScannerFilter.accept(TestPlanScannerFilter.java:56)
	at org.apache.maven.surefire.util.DefaultScanResult.applyFilter(DefaultScanResult.java:102)
	at org.apache.maven.surefire.junitplatform.JUnitPlatformProvider.scanClasspath(JUnitPlatformProvider.java:143)
	at org.apache.maven.surefire.junitplatform.JUnitPlatformProvider.invoke(JUnitPlatformProvider.java:124)
	at org.apache.maven.surefire.booter.ForkedBooter.invokeProviderInSameClassLoader(ForkedBooter.java:384)
	at org.apache.maven.surefire.booter.ForkedBooter.runSuitesInProcess(ForkedBooter.java:345)
	at org.apache.maven.surefire.booter.ForkedBooter.execute(ForkedBooter.java:126)
	at org.apache.maven.surefire.booter.ForkedBooter.main(ForkedBooter.java:418)

Apr 08, 2026 1:23:30 AM org.junit.platform.launcher.core.DefaultLauncher handleThrowable
WARNING: TestEngine with ID 'junit-vintage' failed to discover tests
java.lang.NoClassDefFoundError: org/junit/platform/commons/util/LruCache
	at org.junit.vintage.engine.descriptor.TestSourceProvider.<init>(TestSourceProvider.java:44)
	at org.junit.vintage.engine.discovery.RunnerTestDescriptorPostProcessor.<init>(RunnerTestDescriptorPostProcessor.java:38)
	at org.junit.vintage.engine.discovery.VintageDiscoverer.discover(VintageDiscoverer.java:43)
	at org.junit.vintage.engine.VintageTestEngine.discover(VintageTestEngine.java:64)
	at org.junit.platform.launcher.core.DefaultLauncher.discoverEngineRoot(DefaultLauncher.java:168)
	at org.junit.platform.launcher.core.DefaultLauncher.discoverRoot(DefaultLauncher.java:155)
	at org.junit.platform.launcher.core.DefaultLauncher.discover(DefaultLauncher.java:120)
	at org.apache.maven.surefire.junitplatform.TestPlanScannerFilter.accept(TestPlanScannerFilter.java:56)
	at org.apache.maven.surefire.util.DefaultScanResult.applyFilter(DefaultScanResult.java:102)
	at org.apache.maven.surefire.junitplatform.JUnitPlatformProvider.scanClasspath(JUnitPlatformProvider.java:143)
	at org.apache.maven.surefire.junitplatform.JUnitPlatformProvider.invoke(JUnitPlatformProvider.java:124)
	at org.apache.maven.surefire.booter.ForkedBooter.invokeProviderInSameClassLoader(ForkedBooter.java:384)
	at org.apache.maven.surefire.booter.ForkedBooter.runSuitesInProcess(ForkedBooter.java:345)
	at org.apache.maven.surefire.booter.ForkedBooter.execute(ForkedBooter.java:126)
	at org.apache.maven.surefire.booter.ForkedBooter.main(ForkedBooter.java:418)

Apr 08, 2026 1:23:30 AM org.junit.platform.launcher.core.DefaultLauncher handleThrowable
WARNING: TestEngine with ID 'junit-vintage' failed to discover tests
java.lang.NoClassDefFoundError: org/junit/platform/commons/util/LruCache
	at org.junit.vintage.engine.descriptor.TestSourceProvider.<init>(TestSourceProvider.java:44)
	at org.junit.vintage.engine.discovery.RunnerTestDescriptorPostProcessor.<init>(RunnerTestDescriptorPostProcessor.java:38)
	at org.junit.vintage.engine.discovery.VintageDiscoverer.discover(VintageDiscoverer.java:43)
	at org.junit.vintage.engine.VintageTestEngine.discover(VintageTestEngine.java:64)
	at org.junit.platform.launcher.core.DefaultLauncher.discoverEngineRoot(DefaultLauncher.java:168)
	at org.junit.platform.launcher.core.DefaultLauncher.discoverRoot(DefaultLauncher.java:155)
	at org.junit.platform.launcher.core.DefaultLauncher.discover(DefaultLauncher.java:120)
	at org.apache.maven.surefire.junitplatform.TestPlanScannerFilter.accept(TestPlanScannerFilter.java:56)
	at org.apache.maven.surefire.util.DefaultScanResult.applyFilter(DefaultScanResult.java:102)
	at org.apache.maven.surefire.junitplatform.JUnitPlatformProvider.scanClasspath(JUnitPlatformProvider.java:143)
	at org.apache.maven.surefire.junitplatform.JUnitPlatformProvider.invoke(JUnitPlatformProvider.java:124)
	at org.apache.maven.surefire.booter.ForkedBooter.invokeProviderInSameClassLoader(ForkedBooter.java:384)
	at org.apache.maven.surefire.booter.ForkedBooter.runSuitesInProcess(ForkedBooter.java:345)
	at org.apache.maven.surefire.booter.ForkedBooter.execute(ForkedBooter.java:126)
	at org.apache.maven.surefire.booter.ForkedBooter.main(ForkedBooter.java:418)

Apr 08, 2026 1:23:30 AM org.junit.platform.launcher.core.DefaultLauncher handleThrowable
WARNING: TestEngine with ID 'junit-vintage' failed to discover tests
java.lang.NoClassDefFoundError: org/junit/platform/commons/util/LruCache
	at org.junit.vintage.engine.descriptor.TestSourceProvider.<init>(TestSourceProvider.java:44)
	at org.junit.vintage.engine.discovery.RunnerTestDescriptorPostProcessor.<init>(RunnerTestDescriptorPostProcessor.java:38)
	at org.junit.vintage.engine.discovery.VintageDiscoverer.discover(VintageDiscoverer.java:43)
	at org.junit.vintage.engine.VintageTestEngine.discover(VintageTestEngine.java:64)
	at org.junit.platform.launcher.core.DefaultLauncher.discoverEngineRoot(DefaultLauncher.java:168)
	at org.junit.platform.launcher.core.DefaultLauncher.discoverRoot(DefaultLauncher.java:155)
	at org.junit.platform.launcher.core.DefaultLauncher.discover(DefaultLauncher.java:120)
	at org.apache.maven.surefire.junitplatform.TestPlanScannerFilter.accept(TestPlanScannerFilter.java:56)
	at org.apache.maven.surefire.util.DefaultScanResult.applyFilter(DefaultScanResult.java:102)
	at org.apache.maven.surefire.junitplatform.JUnitPlatformProvider.scanClasspath(JUnitPlatformProvider.java:143)
	at org.apache.maven.surefire.junitplatform.JUnitPlatformProvider.invoke(JUnitPlatformProvider.java:124)
	at org.apache.maven.surefire.booter.ForkedBooter.invokeProviderInSameClassLoader(ForkedBooter.java:384)
	at org.apache.maven.surefire.booter.ForkedBooter.runSuitesInProcess(ForkedBooter.java:345)
	at org.apache.maven.surefire.booter.ForkedBooter.execute(ForkedBooter.java:126)
	at org.apache.maven.surefire.booter.ForkedBooter.main(ForkedBooter.java:418)

Apr 08, 2026 1:23:30 AM org.junit.platform.launcher.core.DefaultLauncher handleThrowable
WARNING: TestEngine with ID 'junit-vintage' failed to discover tests
java.lang.NoClassDefFoundError: org/junit/platform/commons/util/LruCache
	at org.junit.vintage.engine.descriptor.TestSourceProvider.<init>(TestSourceProvider.java:44)
	at org.junit.vintage.engine.discovery.RunnerTestDescriptorPostProcessor.<init>(RunnerTestDescriptorPostProcessor.java:38)
	at org.junit.vintage.engine.discovery.VintageDiscoverer.discover(VintageDiscoverer.java:43)
	at org.junit.vintage.engine.VintageTestEngine.discover(VintageTestEngine.java:64)
	at org.junit.platform.launcher.core.DefaultLauncher.discoverEngineRoot(DefaultLauncher.java:168)
	at org.junit.platform.launcher.core.DefaultLauncher.discoverRoot(DefaultLauncher.java:155)
	at org.junit.platform.launcher.core.DefaultLauncher.discover(DefaultLauncher.java:120)
	at org.apache.maven.surefire.junitplatform.TestPlanScannerFilter.accept(TestPlanScannerFilter.java:56)
	at org.apache.maven.surefire.util.DefaultScanResult.applyFilter(DefaultScanResult.java:102)
	at org.apache.maven.surefire.junitplatform.JUnitPlatformProvider.scanClasspath(JUnitPlatformProvider.java:143)
	at org.apache.maven.surefire.junitplatform.JUnitPlatformProvider.invoke(JUnitPlatformProvider.java:124)
	at org.apache.maven.surefire.booter.ForkedBooter.invokeProviderInSameClassLoader(ForkedBooter.java:384)
	at org.apache.maven.surefire.booter.ForkedBooter.runSuitesInProcess(ForkedBooter.java:345)
	at org.apache.maven.surefire.booter.ForkedBooter.execute(ForkedBooter.java:126)
	at org.apache.maven.surefire.booter.ForkedBooter.main(ForkedBooter.java:418)

Apr 08, 2026 1:23:30 AM org.junit.platform.launcher.core.DefaultLauncher handleThrowable
WARNING: TestEngine with ID 'junit-vintage' failed to discover tests
java.lang.NoClassDefFoundError: org/junit/platform/commons/util/LruCache
	at org.junit.vintage.engine.descriptor.TestSourceProvider.<init>(TestSourceProvider.java:44)
	at org.junit.vintage.engine.discovery.RunnerTestDescriptorPostProcessor.<init>(RunnerTestDescriptorPostProcessor.java:38)
	at org.junit.vintage.engine.discovery.VintageDiscoverer.discover(VintageDiscoverer.java:43)
	at org.junit.vintage.engine.VintageTestEngine.discover(VintageTestEngine.java:64)
	at org.junit.platform.launcher.core.DefaultLauncher.discoverEngineRoot(DefaultLauncher.java:168)
	at org.junit.platform.launcher.core.DefaultLauncher.discoverRoot(DefaultLauncher.java:155)
	at org.junit.platform.launcher.core.DefaultLauncher.discover(DefaultLauncher.java:120)
	at org.apache.maven.surefire.junitplatform.TestPlanScannerFilter.accept(TestPlanScannerFilter.java:56)
	at org.apache.maven.surefire.util.DefaultScanResult.applyFilter(DefaultScanResult.java:102)
	at org.apache.maven.surefire.junitplatform.JUnitPlatformProvider.scanClasspath(JUnitPlatformProvider.java:143)
	at org.apache.maven.surefire.junitplatform.JUnitPlatformProvider.invoke(JUnitPlatformProvider.java:124)
	at org.apache.maven.surefire.booter.ForkedBooter.invokeProviderInSameClassLoader(ForkedBooter.java:384)
	at org.apache.maven.surefire.booter.ForkedBooter.runSuitesInProcess(ForkedBooter.java:345)
	at org.apache.maven.surefire.booter.ForkedBooter.execute(ForkedBooter.java:126)
	at org.apache.maven.surefire.booter.ForkedBooter.main(ForkedBooter.java:418)

Apr 08, 2026 1:23:30 AM org.junit.platform.launcher.core.DefaultLauncher handleThrowable
WARNING: TestEngine with ID 'junit-vintage' failed to discover tests
java.lang.NoClassDefFoundError: org/junit/platform/commons/util/LruCache
	at org.junit.vintage.engine.descriptor.TestSourceProvider.<init>(TestSourceProvider.java:44)
	at org.junit.vintage.engine.discovery.RunnerTestDescriptorPostProcessor.<init>(RunnerTestDescriptorPostProcessor.java:38)
	at org.junit.vintage.engine.discovery.VintageDiscoverer.discover(VintageDiscoverer.java:43)
	at org.junit.vintage.engine.VintageTestEngine.discover(VintageTestEngine.java:64)
	at org.junit.platform.launcher.core.DefaultLauncher.discoverEngineRoot(DefaultLauncher.java:168)
	at org.junit.platform.launcher.core.DefaultLauncher.discoverRoot(DefaultLauncher.java:155)
	at org.junit.platform.launcher.core.DefaultLauncher.discover(DefaultLauncher.java:120)
	at org.apache.maven.surefire.junitplatform.TestPlanScannerFilter.accept(TestPlanScannerFilter.java:56)
	at org.apache.maven.surefire.util.DefaultScanResult.applyFilter(DefaultScanResult.java:102)
	at org.apache.maven.surefire.junitplatform.JUnitPlatformProvider.scanClasspath(JUnitPlatformProvider.java:143)
	at org.apache.maven.surefire.junitplatform.JUnitPlatformProvider.invoke(JUnitPlatformProvider.java:124)
	at org.apache.maven.surefire.booter.ForkedBooter.invokeProviderInSameClassLoader(ForkedBooter.java:384)
	at org.apache.maven.surefire.booter.ForkedBooter.runSuitesInProcess(ForkedBooter.java:345)
	at org.apache.maven.surefire.booter.ForkedBooter.execute(ForkedBooter.java:126)
	at org.apache.maven.surefire.booter.ForkedBooter.main(ForkedBooter.java:418)

Apr 08, 2026 1:23:30 AM org.junit.platform.launcher.core.DefaultLauncher handleThrowable
WARNING: TestEngine with ID 'junit-vintage' failed to discover tests
java.lang.NoClassDefFoundError: org/junit/platform/commons/util/LruCache
	at org.junit.vintage.engine.descriptor.TestSourceProvider.<init>(TestSourceProvider.java:44)
	at org.junit.vintage.engine.discovery.RunnerTestDescriptorPostProcessor.<init>(RunnerTestDescriptorPostProcessor.java:38)
	at org.junit.vintage.engine.discovery.VintageDiscoverer.discover(VintageDiscoverer.java:43)
	at org.junit.vintage.engine.VintageTestEngine.discover(VintageTestEngine.java:64)
	at org.junit.platform.launcher.core.DefaultLauncher.discoverEngineRoot(DefaultLauncher.java:168)
	at org.junit.platform.launcher.core.DefaultLauncher.discoverRoot(DefaultLauncher.java:155)
	at org.junit.platform.launcher.core.DefaultLauncher.discover(DefaultLauncher.java:120)
	at org.apache.maven.surefire.junitplatform.TestPlanScannerFilter.accept(TestPlanScannerFilter.java:56)
	at org.apache.maven.surefire.util.DefaultScanResult.applyFilter(DefaultScanResult.java:102)
	at org.apache.maven.surefire.junitplatform.JUnitPlatformProvider.scanClasspath(JUnitPlatformProvider.java:143)
	at org.apache.maven.surefire.junitplatform.JUnitPlatformProvider.invoke(JUnitPlatformProvider.java:124)
	at org.apache.maven.surefire.booter.ForkedBooter.invokeProviderInSameClassLoader(ForkedBooter.java:384)
	at org.apache.maven.surefire.booter.ForkedBooter.runSuitesInProcess(ForkedBooter.java:345)
	at org.apache.maven.surefire.booter.ForkedBooter.execute(ForkedBooter.java:126)
	at org.apache.maven.surefire.booter.ForkedBooter.main(ForkedBooter.java:418)

Apr 08, 2026 1:23:30 AM org.junit.platform.launcher.core.DefaultLauncher handleThrowable
WARNING: TestEngine with ID 'junit-vintage' failed to discover tests
java.lang.NoClassDefFoundError: org/junit/platform/commons/util/LruCache
	at org.junit.vintage.engine.descriptor.TestSourceProvider.<init>(TestSourceProvider.java:44)
	at org.junit.vintage.engine.discovery.RunnerTestDescriptorPostProcessor.<init>(RunnerTestDescriptorPostProcessor.java:38)
	at org.junit.vintage.engine.discovery.VintageDiscoverer.discover(VintageDiscoverer.java:43)
	at org.junit.vintage.engine.VintageTestEngine.discover(VintageTestEngine.java:64)
	at org.junit.platform.launcher.core.DefaultLauncher.discoverEngineRoot(DefaultLauncher.java:168)
	at org.junit.platform.launcher.core.DefaultLauncher.discoverRoot(DefaultLauncher.java:155)
	at org.junit.platform.launcher.core.DefaultLauncher.discover(DefaultLauncher.java:120)
	at org.apache.maven.surefire.junitplatform.TestPlanScannerFilter.accept(TestPlanScannerFilter.java:56)
	at org.apache.maven.surefire.util.DefaultScanResult.applyFilter(DefaultScanResult.java:102)
	at org.apache.maven.surefire.junitplatform.JUnitPlatformProvider.scanClasspath(JUnitPlatformProvider.java:143)
	at org.apache.maven.surefire.junitplatform.JUnitPlatformProvider.invoke(JUnitPlatformProvider.java:124)
	at org.apache.maven.surefire.booter.ForkedBooter.invokeProviderInSameClassLoader(ForkedBooter.java:384)
	at org.apache.maven.surefire.booter.ForkedBooter.runSuitesInProcess(ForkedBooter.java:345)
	at org.apache.maven.surefire.booter.ForkedBooter.execute(ForkedBooter.java:126)
	at org.apache.maven.surefire.booter.ForkedBooter.main(ForkedBooter.java:418)

Apr 08, 2026 1:23:30 AM org.junit.platform.launcher.core.DefaultLauncher handleThrowable
WARNING: TestEngine with ID 'junit-vintage' failed to discover tests
java.lang.NoClassDefFoundError: org/junit/platform/commons/util/LruCache
	at org.junit.vintage.engine.descriptor.TestSourceProvider.<init>(TestSourceProvider.java:44)
	at org.junit.vintage.engine.discovery.RunnerTestDescriptorPostProcessor.<init>(RunnerTestDescriptorPostProcessor.java:38)
	at org.junit.vintage.engine.discovery.VintageDiscoverer.discover(VintageDiscoverer.java:43)
	at org.junit.vintage.engine.VintageTestEngine.discover(VintageTestEngine.java:64)
	at org.junit.platform.launcher.core.DefaultLauncher.discoverEngineRoot(DefaultLauncher.java:168)
	at org.junit.platform.launcher.core.DefaultLauncher.discoverRoot(DefaultLauncher.java:155)
	at org.junit.platform.launcher.core.DefaultLauncher.discover(DefaultLauncher.java:120)
	at org.apache.maven.surefire.junitplatform.TestPlanScannerFilter.accept(TestPlanScannerFilter.java:56)
	at org.apache.maven.surefire.util.DefaultScanResult.applyFilter(DefaultScanResult.java:102)
	at org.apache.maven.surefire.junitplatform.JUnitPlatformProvider.scanClasspath(JUnitPlatformProvider.java:143)
	at org.apache.maven.surefire.junitplatform.JUnitPlatformProvider.invoke(JUnitPlatformProvider.java:124)
	at org.apache.maven.surefire.booter.ForkedBooter.invokeProviderInSameClassLoader(ForkedBooter.java:384)
	at org.apache.maven.surefire.booter.ForkedBooter.runSuitesInProcess(ForkedBooter.java:345)
	at org.apache.maven.surefire.booter.ForkedBooter.execute(ForkedBooter.java:126)
	at org.apache.maven.surefire.booter.ForkedBooter.main(ForkedBooter.java:418)

Apr 08, 2026 1:23:30 AM org.junit.platform.launcher.core.DefaultLauncher handleThrowable
WARNING: TestEngine with ID 'junit-vintage' failed to discover tests
java.lang.NoClassDefFoundError: org/junit/platform/commons/util/LruCache
	at org.junit.vintage.engine.descriptor.TestSourceProvider.<init>(TestSourceProvider.java:44)
	at org.junit.vintage.engine.discovery.RunnerTestDescriptorPostProcessor.<init>(RunnerTestDescriptorPostProcessor.java:38)
	at org.junit.vintage.engine.discovery.VintageDiscoverer.discover(VintageDiscoverer.java:43)
	at org.junit.vintage.engine.VintageTestEngine.discover(VintageTestEngine.java:64)
	at org.junit.platform.launcher.core.DefaultLauncher.discoverEngineRoot(DefaultLauncher.java:168)
	at org.junit.platform.launcher.core.DefaultLauncher.discoverRoot(DefaultLauncher.java:155)
	at org.junit.platform.launcher.core.DefaultLauncher.discover(DefaultLauncher.java:120)
	at org.apache.maven.surefire.junitplatform.TestPlanScannerFilter.accept(TestPlanScannerFilter.java:56)
	at org.apache.maven.surefire.util.DefaultScanResult.applyFilter(DefaultScanResult.java:102)
	at org.apache.maven.surefire.junitplatform.JUnitPlatformProvider.scanClasspath(JUnitPlatformProvider.java:143)
	at org.apache.maven.surefire.junitplatform.JUnitPlatformProvider.invoke(JUnitPlatformProvider.java:124)
	at org.apache.maven.surefire.booter.ForkedBooter.invokeProviderInSameClassLoader(ForkedBooter.java:384)
	at org.apache.maven.surefire.booter.ForkedBooter.runSuitesInProcess(ForkedBooter.java:345)
	at org.apache.maven.surefire.booter.ForkedBooter.execute(ForkedBooter.java:126)
	at org.apache.maven.surefire.booter.ForkedBooter.main(ForkedBooter.java:418)

Apr 08, 2026 1:23:30 AM org.junit.platform.launcher.core.DefaultLauncher handleThrowable
WARNING: TestEngine with ID 'junit-vintage' failed to discover tests
java.lang.NoClassDefFoundError: org/junit/platform/commons/util/LruCache
	at org.junit.vintage.engine.descriptor.TestSourceProvider.<init>(TestSourceProvider.java:44)
	at org.junit.vintage.engine.discovery.RunnerTestDescriptorPostProcessor.<init>(RunnerTestDescriptorPostProcessor.java:38)
	at org.junit.vintage.engine.discovery.VintageDiscoverer.discover(VintageDiscoverer.java:43)
	at org.junit.vintage.engine.VintageTestEngine.discover(VintageTestEngine.java:64)
	at org.junit.platform.launcher.core.DefaultLauncher.discoverEngineRoot(DefaultLauncher.java:168)
	at org.junit.platform.launcher.core.DefaultLauncher.discoverRoot(DefaultLauncher.java:155)
	at org.junit.platform.launcher.core.DefaultLauncher.discover(DefaultLauncher.java:120)
	at org.apache.maven.surefire.junitplatform.TestPlanScannerFilter.accept(TestPlanScannerFilter.java:56)
	at org.apache.maven.surefire.util.DefaultScanResult.applyFilter(DefaultScanResult.java:102)
	at org.apache.maven.surefire.junitplatform.JUnitPlatformProvider.scanClasspath(JUnitPlatformProvider.java:143)
	at org.apache.maven.surefire.junitplatform.JUnitPlatformProvider.invoke(JUnitPlatformProvider.java:124)
	at org.apache.maven.surefire.booter.ForkedBooter.invokeProviderInSameClassLoader(ForkedBooter.java:384)
	at org.apache.maven.surefire.booter.ForkedBooter.runSuitesInProcess(ForkedBooter.java:345)
	at org.apache.maven.surefire.booter.ForkedBooter.execute(ForkedBooter.java:126)
	at org.apache.maven.surefire.booter.ForkedBooter.main(ForkedBooter.java:418)

Apr 08, 2026 1:23:30 AM org.junit.platform.launcher.core.DefaultLauncher handleThrowable
WARNING: TestEngine with ID 'junit-vintage' failed to discover tests
java.lang.NoClassDefFoundError: org/junit/platform/commons/util/LruCache
	at org.junit.vintage.engine.descriptor.TestSourceProvider.<init>(TestSourceProvider.java:44)
	at org.junit.vintage.engine.discovery.RunnerTestDescriptorPostProcessor.<init>(RunnerTestDescriptorPostProcessor.java:38)
	at org.junit.vintage.engine.discovery.VintageDiscoverer.discover(VintageDiscoverer.java:43)
	at org.junit.vintage.engine.VintageTestEngine.discover(VintageTestEngine.java:64)
	at org.junit.platform.launcher.core.DefaultLauncher.discoverEngineRoot(DefaultLauncher.java:168)
	at org.junit.platform.launcher.core.DefaultLauncher.discoverRoot(DefaultLauncher.java:155)
	at org.junit.platform.launcher.core.DefaultLauncher.discover(DefaultLauncher.java:120)
	at org.apache.maven.surefire.junitplatform.TestPlanScannerFilter.accept(TestPlanScannerFilter.java:56)
	at org.apache.maven.surefire.util.DefaultScanResult.applyFilter(DefaultScanResult.java:102)
	at org.apache.maven.surefire.junitplatform.JUnitPlatformProvider.scanClasspath(JUnitPlatformProvider.java:143)
	at org.apache.maven.surefire.junitplatform.JUnitPlatformProvider.invoke(JUnitPlatformProvider.java:124)
	at org.apache.maven.surefire.booter.ForkedBooter.invokeProviderInSameClassLoader(ForkedBooter.java:384)
	at org.apache.maven.surefire.booter.ForkedBooter.runSuitesInProcess(ForkedBooter.java:345)
	at org.apache.maven.surefire.booter.ForkedBooter.execute(ForkedBooter.java:126)
	at org.apache.maven.surefire.booter.ForkedBooter.main(ForkedBooter.java:418)

Apr 08, 2026 1:23:30 AM org.junit.platform.launcher.core.DefaultLauncher handleThrowable
WARNING: TestEngine with ID 'junit-vintage' failed to discover tests
java.lang.NoClassDefFoundError: org/junit/platform/commons/util/LruCache
	at org.junit.vintage.engine.descriptor.TestSourceProvider.<init>(TestSourceProvider.java:44)
	at org.junit.vintage.engine.discovery.RunnerTestDescriptorPostProcessor.<init>(RunnerTestDescriptorPostProcessor.java:38)
	at org.junit.vintage.engine.discovery.VintageDiscoverer.discover(VintageDiscoverer.java:43)
	at org.junit.vintage.engine.VintageTestEngine.discover(VintageTestEngine.java:64)
	at org.junit.platform.launcher.core.DefaultLauncher.discoverEngineRoot(DefaultLauncher.java:168)
	at org.junit.platform.launcher.core.DefaultLauncher.discoverRoot(DefaultLauncher.java:155)
	at org.junit.platform.launcher.core.DefaultLauncher.discover(DefaultLauncher.java:120)
	at org.apache.maven.surefire.junitplatform.TestPlanScannerFilter.accept(TestPlanScannerFilter.java:56)
	at org.apache.maven.surefire.util.DefaultScanResult.applyFilter(DefaultScanResult.java:102)
	at org.apache.maven.surefire.junitplatform.JUnitPlatformProvider.scanClasspath(JUnitPlatformProvider.java:143)
	at org.apache.maven.surefire.junitplatform.JUnitPlatformProvider.invoke(JUnitPlatformProvider.java:124)
	at org.apache.maven.surefire.booter.ForkedBooter.invokeProviderInSameClassLoader(ForkedBooter.java:384)
	at org.apache.maven.surefire.booter.ForkedBooter.runSuitesInProcess(ForkedBooter.java:345)
	at org.apache.maven.surefire.booter.ForkedBooter.execute(ForkedBooter.java:126)
	at org.apache.maven.surefire.booter.ForkedBooter.main(ForkedBooter.java:418)

Apr 08, 2026 1:23:30 AM org.junit.platform.launcher.core.DefaultLauncher handleThrowable
WARNING: TestEngine with ID 'junit-vintage' failed to discover tests
java.lang.NoClassDefFoundError: org/junit/platform/commons/util/LruCache
	at org.junit.vintage.engine.descriptor.TestSourceProvider.<init>(TestSourceProvider.java:44)
	at org.junit.vintage.engine.discovery.RunnerTestDescriptorPostProcessor.<init>(RunnerTestDescriptorPostProcessor.java:38)
	at org.junit.vintage.engine.discovery.VintageDiscoverer.discover(VintageDiscoverer.java:43)
	at org.junit.vintage.engine.VintageTestEngine.discover(VintageTestEngine.java:64)
	at org.junit.platform.launcher.core.DefaultLauncher.discoverEngineRoot(DefaultLauncher.java:168)
	at org.junit.platform.launcher.core.DefaultLauncher.discoverRoot(DefaultLauncher.java:155)
	at org.junit.platform.launcher.core.DefaultLauncher.discover(DefaultLauncher.java:120)
	at org.apache.maven.surefire.junitplatform.TestPlanScannerFilter.accept(TestPlanScannerFilter.java:56)
	at org.apache.maven.surefire.util.DefaultScanResult.applyFilter(DefaultScanResult.java:102)
	at org.apache.maven.surefire.junitplatform.JUnitPlatformProvider.scanClasspath(JUnitPlatformProvider.java:143)
	at org.apache.maven.surefire.junitplatform.JUnitPlatformProvider.invoke(JUnitPlatformProvider.java:124)
	at org.apache.maven.surefire.booter.ForkedBooter.invokeProviderInSameClassLoader(ForkedBooter.java:384)
	at org.apache.maven.surefire.booter.ForkedBooter.runSuitesInProcess(ForkedBooter.java:345)
	at org.apache.maven.surefire.booter.ForkedBooter.execute(ForkedBooter.java:126)
	at org.apache.maven.surefire.booter.ForkedBooter.main(ForkedBooter.java:418)

Apr 08, 2026 1:23:30 AM org.junit.platform.launcher.core.DefaultLauncher handleThrowable
WARNING: TestEngine with ID 'junit-vintage' failed to discover tests
java.lang.NoClassDefFoundError: org/junit/platform/commons/util/LruCache
	at org.junit.vintage.engine.descriptor.TestSourceProvider.<init>(TestSourceProvider.java:44)
	at org.junit.vintage.engine.discovery.RunnerTestDescriptorPostProcessor.<init>(RunnerTestDescriptorPostProcessor.java:38)
	at org.junit.vintage.engine.discovery.VintageDiscoverer.discover(VintageDiscoverer.java:43)
	at org.junit.vintage.engine.VintageTestEngine.discover(VintageTestEngine.java:64)
	at org.junit.platform.launcher.core.DefaultLauncher.discoverEngineRoot(DefaultLauncher.java:168)
	at org.junit.platform.launcher.core.DefaultLauncher.discoverRoot(DefaultLauncher.java:155)
	at org.junit.platform.launcher.core.DefaultLauncher.discover(DefaultLauncher.java:120)
	at org.apache.maven.surefire.junitplatform.TestPlanScannerFilter.accept(TestPlanScannerFilter.java:56)
	at org.apache.maven.surefire.util.DefaultScanResult.applyFilter(DefaultScanResult.java:102)
	at org.apache.maven.surefire.junitplatform.JUnitPlatformProvider.scanClasspath(JUnitPlatformProvider.java:143)
	at org.apache.maven.surefire.junitplatform.JUnitPlatformProvider.invoke(JUnitPlatformProvider.java:124)
	at org.apache.maven.surefire.booter.ForkedBooter.invokeProviderInSameClassLoader(ForkedBooter.java:384)
	at org.apache.maven.surefire.booter.ForkedBooter.runSuitesInProcess(ForkedBooter.java:345)
	at org.apache.maven.surefire.booter.ForkedBooter.execute(ForkedBooter.java:126)
	at org.apache.maven.surefire.booter.ForkedBooter.main(ForkedBooter.java:418)

Apr 08, 2026 1:23:30 AM org.junit.platform.launcher.core.DefaultLauncher handleThrowable
WARNING: TestEngine with ID 'junit-vintage' failed to discover tests
java.lang.NoClassDefFoundError: org/junit/platform/commons/util/LruCache
	at org.junit.vintage.engine.descriptor.TestSourceProvider.<init>(TestSourceProvider.java:44)
	at org.junit.vintage.engine.discovery.RunnerTestDescriptorPostProcessor.<init>(RunnerTestDescriptorPostProcessor.java:38)
	at org.junit.vintage.engine.discovery.VintageDiscoverer.discover(VintageDiscoverer.java:43)
	at org.junit.vintage.engine.VintageTestEngine.discover(VintageTestEngine.java:64)
	at org.junit.platform.launcher.core.DefaultLauncher.discoverEngineRoot(DefaultLauncher.java:168)
	at org.junit.platform.launcher.core.DefaultLauncher.discoverRoot(DefaultLauncher.java:155)
	at org.junit.platform.launcher.core.DefaultLauncher.discover(DefaultLauncher.java:120)
	at org.apache.maven.surefire.junitplatform.TestPlanScannerFilter.accept(TestPlanScannerFilter.java:56)
	at org.apache.maven.surefire.util.DefaultScanResult.applyFilter(DefaultScanResult.java:102)
	at org.apache.maven.surefire.junitplatform.JUnitPlatformProvider.scanClasspath(JUnitPlatformProvider.java:143)
	at org.apache.maven.surefire.junitplatform.JUnitPlatformProvider.invoke(JUnitPlatformProvider.java:124)
	at org.apache.maven.surefire.booter.ForkedBooter.invokeProviderInSameClassLoader(ForkedBooter.java:384)
	at org.apache.maven.surefire.booter.ForkedBooter.runSuitesInProcess(ForkedBooter.java:345)
	at org.apache.maven.surefire.booter.ForkedBooter.execute(ForkedBooter.java:126)
	at org.apache.maven.surefire.booter.ForkedBooter.main(ForkedBooter.java:418)

Apr 08, 2026 1:23:30 AM org.junit.platform.launcher.core.DefaultLauncher handleThrowable
WARNING: TestEngine with ID 'junit-vintage' failed to discover tests
java.lang.NoClassDefFoundError: org/junit/platform/commons/util/LruCache
	at org.junit.vintage.engine.descriptor.TestSourceProvider.<init>(TestSourceProvider.java:44)
	at org.junit.vintage.engine.discovery.RunnerTestDescriptorPostProcessor.<init>(RunnerTestDescriptorPostProcessor.java:38)
	at org.junit.vintage.engine.discovery.VintageDiscoverer.discover(VintageDiscoverer.java:43)
	at org.junit.vintage.engine.VintageTestEngine.discover(VintageTestEngine.java:64)
	at org.junit.platform.launcher.core.DefaultLauncher.discoverEngineRoot(DefaultLauncher.java:168)
	at org.junit.platform.launcher.core.DefaultLauncher.discoverRoot(DefaultLauncher.java:155)
	at org.junit.platform.launcher.core.DefaultLauncher.discover(DefaultLauncher.java:120)
	at org.apache.maven.surefire.junitplatform.TestPlanScannerFilter.accept(TestPlanScannerFilter.java:56)
	at org.apache.maven.surefire.util.DefaultScanResult.applyFilter(DefaultScanResult.java:102)
	at org.apache.maven.surefire.junitplatform.JUnitPlatformProvider.scanClasspath(JUnitPlatformProvider.java:143)
	at org.apache.maven.surefire.junitplatform.JUnitPlatformProvider.invoke(JUnitPlatformProvider.java:124)
	at org.apache.maven.surefire.booter.ForkedBooter.invokeProviderInSameClassLoader(ForkedBooter.java:384)
	at org.apache.maven.surefire.booter.ForkedBooter.runSuitesInProcess(ForkedBooter.java:345)
	at org.apache.maven.surefire.booter.ForkedBooter.execute(ForkedBooter.java:126)
	at org.apache.maven.surefire.booter.ForkedBooter.main(ForkedBooter.java:418)

Apr 08, 2026 1:23:30 AM org.junit.platform.launcher.core.DefaultLauncher handleThrowable
WARNING: TestEngine with ID 'junit-vintage' failed to discover tests
java.lang.NoClassDefFoundError: org/junit/platform/commons/util/LruCache
	at org.junit.vintage.engine.descriptor.TestSourceProvider.<init>(TestSourceProvider.java:44)
	at org.junit.vintage.engine.discovery.RunnerTestDescriptorPostProcessor.<init>(RunnerTestDescriptorPostProcessor.java:38)
	at org.junit.vintage.engine.discovery.VintageDiscoverer.discover(VintageDiscoverer.java:43)
	at org.junit.vintage.engine.VintageTestEngine.discover(VintageTestEngine.java:64)
	at org.junit.platform.launcher.core.DefaultLauncher.discoverEngineRoot(DefaultLauncher.java:168)
	at org.junit.platform.launcher.core.DefaultLauncher.discoverRoot(DefaultLauncher.java:155)
	at org.junit.platform.launcher.core.DefaultLauncher.discover(DefaultLauncher.java:120)
	at org.apache.maven.surefire.junitplatform.TestPlanScannerFilter.accept(TestPlanScannerFilter.java:56)
	at org.apache.maven.surefire.util.DefaultScanResult.applyFilter(DefaultScanResult.java:102)
	at org.apache.maven.surefire.junitplatform.JUnitPlatformProvider.scanClasspath(JUnitPlatformProvider.java:143)
	at org.apache.maven.surefire.junitplatform.JUnitPlatformProvider.invoke(JUnitPlatformProvider.java:124)
	at org.apache.maven.surefire.booter.ForkedBooter.invokeProviderInSameClassLoader(ForkedBooter.java:384)
	at org.apache.maven.surefire.booter.ForkedBooter.runSuitesInProcess(ForkedBooter.java:345)
	at org.apache.maven.surefire.booter.ForkedBooter.execute(ForkedBooter.java:126)
	at org.apache.maven.surefire.booter.ForkedBooter.main(ForkedBooter.java:418)

Apr 08, 2026 1:23:30 AM org.junit.platform.launcher.core.DefaultLauncher handleThrowable
WARNING: TestEngine with ID 'junit-vintage' failed to discover tests
java.lang.NoClassDefFoundError: org/junit/platform/commons/util/LruCache
	at org.junit.vintage.engine.descriptor.TestSourceProvider.<init>(TestSourceProvider.java:44)
	at org.junit.vintage.engine.discovery.RunnerTestDescriptorPostProcessor.<init>(RunnerTestDescriptorPostProcessor.java:38)
	at org.junit.vintage.engine.discovery.VintageDiscoverer.discover(VintageDiscoverer.java:43)
	at org.junit.vintage.engine.VintageTestEngine.discover(VintageTestEngine.java:64)
	at org.junit.platform.launcher.core.DefaultLauncher.discoverEngineRoot(DefaultLauncher.java:168)
	at org.junit.platform.launcher.core.DefaultLauncher.discoverRoot(DefaultLauncher.java:155)
	at org.junit.platform.launcher.core.DefaultLauncher.discover(DefaultLauncher.java:120)
	at org.apache.maven.surefire.junitplatform.TestPlanScannerFilter.accept(TestPlanScannerFilter.java:56)
	at org.apache.maven.surefire.util.DefaultScanResult.applyFilter(DefaultScanResult.java:102)
	at org.apache.maven.surefire.junitplatform.JUnitPlatformProvider.scanClasspath(JUnitPlatformProvider.java:143)
	at org.apache.maven.surefire.junitplatform.JUnitPlatformProvider.invoke(JUnitPlatformProvider.java:124)
	at org.apache.maven.surefire.booter.ForkedBooter.invokeProviderInSameClassLoader(ForkedBooter.java:384)
	at org.apache.maven.surefire.booter.ForkedBooter.runSuitesInProcess(ForkedBooter.java:345)
	at org.apache.maven.surefire.booter.ForkedBooter.execute(ForkedBooter.java:126)
	at org.apache.maven.surefire.booter.ForkedBooter.main(ForkedBooter.java:418)

Apr 08, 2026 1:23:30 AM org.junit.platform.launcher.core.DefaultLauncher handleThrowable
WARNING: TestEngine with ID 'junit-vintage' failed to discover tests
java.lang.NoClassDefFoundError: org/junit/platform/commons/util/LruCache
	at org.junit.vintage.engine.descriptor.TestSourceProvider.<init>(TestSourceProvider.java:44)
	at org.junit.vintage.engine.discovery.RunnerTestDescriptorPostProcessor.<init>(RunnerTestDescriptorPostProcessor.java:38)
	at org.junit.vintage.engine.discovery.VintageDiscoverer.discover(VintageDiscoverer.java:43)
	at org.junit.vintage.engine.VintageTestEngine.discover(VintageTestEngine.java:64)
	at org.junit.platform.launcher.core.DefaultLauncher.discoverEngineRoot(DefaultLauncher.java:168)
	at org.junit.platform.launcher.core.DefaultLauncher.discoverRoot(DefaultLauncher.java:155)
	at org.junit.platform.launcher.core.DefaultLauncher.discover(DefaultLauncher.java:120)
	at org.apache.maven.surefire.junitplatform.TestPlanScannerFilter.accept(TestPlanScannerFilter.java:56)
	at org.apache.maven.surefire.util.DefaultScanResult.applyFilter(DefaultScanResult.java:102)
	at org.apache.maven.surefire.junitplatform.JUnitPlatformProvider.scanClasspath(JUnitPlatformProvider.java:143)
	at org.apache.maven.surefire.junitplatform.JUnitPlatformProvider.invoke(JUnitPlatformProvider.java:124)
	at org.apache.maven.surefire.booter.ForkedBooter.invokeProviderInSameClassLoader(ForkedBooter.java:384)
	at org.apache.maven.surefire.booter.ForkedBooter.runSuitesInProcess(ForkedBooter.java:345)
	at org.apache.maven.surefire.booter.ForkedBooter.execute(ForkedBooter.java:126)
	at org.apache.maven.surefire.booter.ForkedBooter.main(ForkedBooter.java:418)

Apr 08, 2026 1:23:30 AM org.junit.platform.launcher.core.DefaultLauncher handleThrowable
WARNING: TestEngine with ID 'junit-vintage' failed to discover tests
java.lang.NoClassDefFoundError: org/junit/platform/commons/util/LruCache
	at org.junit.vintage.engine.descriptor.TestSourceProvider.<init>(TestSourceProvider.java:44)
	at org.junit.vintage.engine.discovery.RunnerTestDescriptorPostProcessor.<init>(RunnerTestDescriptorPostProcessor.java:38)
	at org.junit.vintage.engine.discovery.VintageDiscoverer.discover(VintageDiscoverer.java:43)
	at org.junit.vintage.engine.VintageTestEngine.discover(VintageTestEngine.java:64)
	at org.junit.platform.launcher.core.DefaultLauncher.discoverEngineRoot(DefaultLauncher.java:168)
	at org.junit.platform.launcher.core.DefaultLauncher.discoverRoot(DefaultLauncher.java:155)
	at org.junit.platform.launcher.core.DefaultLauncher.discover(DefaultLauncher.java:120)
	at org.apache.maven.surefire.junitplatform.TestPlanScannerFilter.accept(TestPlanScannerFilter.java:56)
	at org.apache.maven.surefire.util.DefaultScanResult.applyFilter(DefaultScanResult.java:102)
	at org.apache.maven.surefire.junitplatform.JUnitPlatformProvider.scanClasspath(JUnitPlatformProvider.java:143)
	at org.apache.maven.surefire.junitplatform.JUnitPlatformProvider.invoke(JUnitPlatformProvider.java:124)
	at org.apache.maven.surefire.booter.ForkedBooter.invokeProviderInSameClassLoader(ForkedBooter.java:384)
	at org.apache.maven.surefire.booter.ForkedBooter.runSuitesInProcess(ForkedBooter.java:345)
	at org.apache.maven.surefire.booter.ForkedBooter.execute(ForkedBooter.java:126)
	at org.apache.maven.surefire.booter.ForkedBooter.main(ForkedBooter.java:418)

Apr 08, 2026 1:23:30 AM org.junit.platform.launcher.core.DefaultLauncher handleThrowable
WARNING: TestEngine with ID 'junit-vintage' failed to discover tests
java.lang.NoClassDefFoundError: org/junit/platform/commons/util/LruCache
	at org.junit.vintage.engine.descriptor.TestSourceProvider.<init>(TestSourceProvider.java:44)
	at org.junit.vintage.engine.discovery.RunnerTestDescriptorPostProcessor.<init>(RunnerTestDescriptorPostProcessor.java:38)
	at org.junit.vintage.engine.discovery.VintageDiscoverer.discover(VintageDiscoverer.java:43)
	at org.junit.vintage.engine.VintageTestEngine.discover(VintageTestEngine.java:64)
	at org.junit.platform.launcher.core.DefaultLauncher.discoverEngineRoot(DefaultLauncher.java:168)
	at org.junit.platform.launcher.core.DefaultLauncher.discoverRoot(DefaultLauncher.java:155)
	at org.junit.platform.launcher.core.DefaultLauncher.discover(DefaultLauncher.java:120)
	at org.apache.maven.surefire.junitplatform.TestPlanScannerFilter.accept(TestPlanScannerFilter.java:56)
	at org.apache.maven.surefire.util.DefaultScanResult.applyFilter(DefaultScanResult.java:102)
	at org.apache.maven.surefire.junitplatform.JUnitPlatformProvider.scanClasspath(JUnitPlatformProvider.java:143)
	at org.apache.maven.surefire.junitplatform.JUnitPlatformProvider.invoke(JUnitPlatformProvider.java:124)
	at org.apache.maven.surefire.booter.ForkedBooter.invokeProviderInSameClassLoader(ForkedBooter.java:384)
	at org.apache.maven.surefire.booter.ForkedBooter.runSuitesInProcess(ForkedBooter.java:345)
	at org.apache.maven.surefire.booter.ForkedBooter.execute(ForkedBooter.java:126)
	at org.apache.maven.surefire.booter.ForkedBooter.main(ForkedBooter.java:418)

Apr 08, 2026 1:23:30 AM org.junit.platform.launcher.core.DefaultLauncher handleThrowable
WARNING: TestEngine with ID 'junit-vintage' failed to discover tests
java.lang.NoClassDefFoundError: org/junit/platform/commons/util/LruCache
	at org.junit.vintage.engine.descriptor.TestSourceProvider.<init>(TestSourceProvider.java:44)
	at org.junit.vintage.engine.discovery.RunnerTestDescriptorPostProcessor.<init>(RunnerTestDescriptorPostProcessor.java:38)
	at org.junit.vintage.engine.discovery.VintageDiscoverer.discover(VintageDiscoverer.java:43)
	at org.junit.vintage.engine.VintageTestEngine.discover(VintageTestEngine.java:64)
	at org.junit.platform.launcher.core.DefaultLauncher.discoverEngineRoot(DefaultLauncher.java:168)
	at org.junit.platform.launcher.core.DefaultLauncher.discoverRoot(DefaultLauncher.java:155)
	at org.junit.platform.launcher.core.DefaultLauncher.discover(DefaultLauncher.java:120)
	at org.apache.maven.surefire.junitplatform.TestPlanScannerFilter.accept(TestPlanScannerFilter.java:56)
	at org.apache.maven.surefire.util.DefaultScanResult.applyFilter(DefaultScanResult.java:102)
	at org.apache.maven.surefire.junitplatform.JUnitPlatformProvider.scanClasspath(JUnitPlatformProvider.java:143)
	at org.apache.maven.surefire.junitplatform.JUnitPlatformProvider.invoke(JUnitPlatformProvider.java:124)
	at org.apache.maven.surefire.booter.ForkedBooter.invokeProviderInSameClassLoader(ForkedBooter.java:384)
	at org.apache.maven.surefire.booter.ForkedBooter.runSuitesInProcess(ForkedBooter.java:345)
	at org.apache.maven.surefire.booter.ForkedBooter.execute(ForkedBooter.java:126)
	at org.apache.maven.surefire.booter.ForkedBooter.main(ForkedBooter.java:418)

Apr 08, 2026 1:23:30 AM org.junit.platform.launcher.core.DefaultLauncher handleThrowable
WARNING: TestEngine with ID 'junit-vintage' failed to discover tests
java.lang.NoClassDefFoundError: org/junit/platform/commons/util/LruCache
	at org.junit.vintage.engine.descriptor.TestSourceProvider.<init>(TestSourceProvider.java:44)
	at org.junit.vintage.engine.discovery.RunnerTestDescriptorPostProcessor.<init>(RunnerTestDescriptorPostProcessor.java:38)
	at org.junit.vintage.engine.discovery.VintageDiscoverer.discover(VintageDiscoverer.java:43)
	at org.junit.vintage.engine.VintageTestEngine.discover(VintageTestEngine.java:64)
	at org.junit.platform.launcher.core.DefaultLauncher.discoverEngineRoot(DefaultLauncher.java:168)
	at org.junit.platform.launcher.core.DefaultLauncher.discoverRoot(DefaultLauncher.java:155)
	at org.junit.platform.launcher.core.DefaultLauncher.discover(DefaultLauncher.java:120)
	at org.apache.maven.surefire.junitplatform.TestPlanScannerFilter.accept(TestPlanScannerFilter.java:56)
	at org.apache.maven.surefire.util.DefaultScanResult.applyFilter(DefaultScanResult.java:102)
	at org.apache.maven.surefire.junitplatform.JUnitPlatformProvider.scanClasspath(JUnitPlatformProvider.java:143)
	at org.apache.maven.surefire.junitplatform.JUnitPlatformProvider.invoke(JUnitPlatformProvider.java:124)
	at org.apache.maven.surefire.booter.ForkedBooter.invokeProviderInSameClassLoader(ForkedBooter.java:384)
	at org.apache.maven.surefire.booter.ForkedBooter.runSuitesInProcess(ForkedBooter.java:345)
	at org.apache.maven.surefire.booter.ForkedBooter.execute(ForkedBooter.java:126)
	at org.apache.maven.surefire.booter.ForkedBooter.main(ForkedBooter.java:418)

Apr 08, 2026 1:23:30 AM org.junit.platform.launcher.core.DefaultLauncher handleThrowable
WARNING: TestEngine with ID 'junit-vintage' failed to discover tests
java.lang.NoClassDefFoundError: org/junit/platform/commons/util/LruCache
	at org.junit.vintage.engine.descriptor.TestSourceProvider.<init>(TestSourceProvider.java:44)
	at org.junit.vintage.engine.discovery.RunnerTestDescriptorPostProcessor.<init>(RunnerTestDescriptorPostProcessor.java:38)
	at org.junit.vintage.engine.discovery.VintageDiscoverer.discover(VintageDiscoverer.java:43)
	at org.junit.vintage.engine.VintageTestEngine.discover(VintageTestEngine.java:64)
	at org.junit.platform.launcher.core.DefaultLauncher.discoverEngineRoot(DefaultLauncher.java:168)
	at org.junit.platform.launcher.core.DefaultLauncher.discoverRoot(DefaultLauncher.java:155)
	at org.junit.platform.launcher.core.DefaultLauncher.discover(DefaultLauncher.java:120)
	at org.apache.maven.surefire.junitplatform.TestPlanScannerFilter.accept(TestPlanScannerFilter.java:56)
	at org.apache.maven.surefire.util.DefaultScanResult.applyFilter(DefaultScanResult.java:102)
	at org.apache.maven.surefire.junitplatform.JUnitPlatformProvider.scanClasspath(JUnitPlatformProvider.java:143)
	at org.apache.maven.surefire.junitplatform.JUnitPlatformProvider.invoke(JUnitPlatformProvider.java:124)
	at org.apache.maven.surefire.booter.ForkedBooter.invokeProviderInSameClassLoader(ForkedBooter.java:384)
	at org.apache.maven.surefire.booter.ForkedBooter.runSuitesInProcess(ForkedBooter.java:345)
	at org.apache.maven.surefire.booter.ForkedBooter.execute(ForkedBooter.java:126)
	at org.apache.maven.surefire.booter.ForkedBooter.main(ForkedBooter.java:418)

Apr 08, 2026 1:23:30 AM org.junit.platform.launcher.core.DefaultLauncher handleThrowable
WARNING: TestEngine with ID 'junit-vintage' failed to discover tests
java.lang.NoClassDefFoundError: org/junit/platform/commons/util/LruCache
	at org.junit.vintage.engine.descriptor.TestSourceProvider.<init>(TestSourceProvider.java:44)
	at org.junit.vintage.engine.discovery.RunnerTestDescriptorPostProcessor.<init>(RunnerTestDescriptorPostProcessor.java:38)
	at org.junit.vintage.engine.discovery.VintageDiscoverer.discover(VintageDiscoverer.java:43)
	at org.junit.vintage.engine.VintageTestEngine.discover(VintageTestEngine.java:64)
	at org.junit.platform.launcher.core.DefaultLauncher.discoverEngineRoot(DefaultLauncher.java:168)
	at org.junit.platform.launcher.core.DefaultLauncher.discoverRoot(DefaultLauncher.java:155)
	at org.junit.platform.launcher.core.DefaultLauncher.discover(DefaultLauncher.java:120)
	at org.apache.maven.surefire.junitplatform.TestPlanScannerFilter.accept(TestPlanScannerFilter.java:56)
	at org.apache.maven.surefire.util.DefaultScanResult.applyFilter(DefaultScanResult.java:102)
	at org.apache.maven.surefire.junitplatform.JUnitPlatformProvider.scanClasspath(JUnitPlatformProvider.java:143)
	at org.apache.maven.surefire.junitplatform.JUnitPlatformProvider.invoke(JUnitPlatformProvider.java:124)
	at org.apache.maven.surefire.booter.ForkedBooter.invokeProviderInSameClassLoader(ForkedBooter.java:384)
	at org.apache.maven.surefire.booter.ForkedBooter.runSuitesInProcess(ForkedBooter.java:345)
	at org.apache.maven.surefire.booter.ForkedBooter.execute(ForkedBooter.java:126)
	at org.apache.maven.surefire.booter.ForkedBooter.main(ForkedBooter.java:418)

Apr 08, 2026 1:23:30 AM org.junit.platform.launcher.core.DefaultLauncher handleThrowable
WARNING: TestEngine with ID 'junit-vintage' failed to discover tests
java.lang.NoClassDefFoundError: org/junit/platform/commons/util/LruCache
	at org.junit.vintage.engine.descriptor.TestSourceProvider.<init>(TestSourceProvider.java:44)
	at org.junit.vintage.engine.discovery.RunnerTestDescriptorPostProcessor.<init>(RunnerTestDescriptorPostProcessor.java:38)
	at org.junit.vintage.engine.discovery.VintageDiscoverer.discover(VintageDiscoverer.java:43)
	at org.junit.vintage.engine.VintageTestEngine.discover(VintageTestEngine.java:64)
	at org.junit.platform.launcher.core.DefaultLauncher.discoverEngineRoot(DefaultLauncher.java:168)
	at org.junit.platform.launcher.core.DefaultLauncher.discoverRoot(DefaultLauncher.java:155)
	at org.junit.platform.launcher.core.DefaultLauncher.discover(DefaultLauncher.java:120)
	at org.apache.maven.surefire.junitplatform.TestPlanScannerFilter.accept(TestPlanScannerFilter.java:56)
	at org.apache.maven.surefire.util.DefaultScanResult.applyFilter(DefaultScanResult.java:102)
	at org.apache.maven.surefire.junitplatform.JUnitPlatformProvider.scanClasspath(JUnitPlatformProvider.java:143)
	at org.apache.maven.surefire.junitplatform.JUnitPlatformProvider.invoke(JUnitPlatformProvider.java:124)
	at org.apache.maven.surefire.booter.ForkedBooter.invokeProviderInSameClassLoader(ForkedBooter.java:384)
	at org.apache.maven.surefire.booter.ForkedBooter.runSuitesInProcess(ForkedBooter.java:345)
	at org.apache.maven.surefire.booter.ForkedBooter.execute(ForkedBooter.java:126)
	at org.apache.maven.surefire.booter.ForkedBooter.main(ForkedBooter.java:418)

Apr 08, 2026 1:23:30 AM org.junit.platform.launcher.core.DefaultLauncher handleThrowable
WARNING: TestEngine with ID 'junit-vintage' failed to discover tests
java.lang.NoClassDefFoundError: org/junit/platform/commons/util/LruCache
	at org.junit.vintage.engine.descriptor.TestSourceProvider.<init>(TestSourceProvider.java:44)
	at org.junit.vintage.engine.discovery.RunnerTestDescriptorPostProcessor.<init>(RunnerTestDescriptorPostProcessor.java:38)
	at org.junit.vintage.engine.discovery.VintageDiscoverer.discover(VintageDiscoverer.java:43)
	at org.junit.vintage.engine.VintageTestEngine.discover(VintageTestEngine.java:64)
	at org.junit.platform.launcher.core.DefaultLauncher.discoverEngineRoot(DefaultLauncher.java:168)
	at org.junit.platform.launcher.core.DefaultLauncher.discoverRoot(DefaultLauncher.java:155)
	at org.junit.platform.launcher.core.DefaultLauncher.discover(DefaultLauncher.java:120)
	at org.apache.maven.surefire.junitplatform.TestPlanScannerFilter.accept(TestPlanScannerFilter.java:56)
	at org.apache.maven.surefire.util.DefaultScanResult.applyFilter(DefaultScanResult.java:102)
	at org.apache.maven.surefire.junitplatform.JUnitPlatformProvider.scanClasspath(JUnitPlatformProvider.java:143)
	at org.apache.maven.surefire.junitplatform.JUnitPlatformProvider.invoke(JUnitPlatformProvider.java:124)
	at org.apache.maven.surefire.booter.ForkedBooter.invokeProviderInSameClassLoader(ForkedBooter.java:384)
	at org.apache.maven.surefire.booter.ForkedBooter.runSuitesInProcess(ForkedBooter.java:345)
	at org.apache.maven.surefire.booter.ForkedBooter.execute(ForkedBooter.java:126)
	at org.apache.maven.surefire.booter.ForkedBooter.main(ForkedBooter.java:418)

Apr 08, 2026 1:23:30 AM org.junit.platform.launcher.core.DefaultLauncher handleThrowable
WARNING: TestEngine with ID 'junit-vintage' failed to discover tests
java.lang.NoClassDefFoundError: org/junit/platform/commons/util/LruCache
	at org.junit.vintage.engine.descriptor.TestSourceProvider.<init>(TestSourceProvider.java:44)
	at org.junit.vintage.engine.discovery.RunnerTestDescriptorPostProcessor.<init>(RunnerTestDescriptorPostProcessor.java:38)
	at org.junit.vintage.engine.discovery.VintageDiscoverer.discover(VintageDiscoverer.java:43)
	at org.junit.vintage.engine.VintageTestEngine.discover(VintageTestEngine.java:64)
	at org.junit.platform.launcher.core.DefaultLauncher.discoverEngineRoot(DefaultLauncher.java:168)
	at org.junit.platform.launcher.core.DefaultLauncher.discoverRoot(DefaultLauncher.java:155)
	at org.junit.platform.launcher.core.DefaultLauncher.discover(DefaultLauncher.java:120)
	at org.apache.maven.surefire.junitplatform.TestPlanScannerFilter.accept(TestPlanScannerFilter.java:56)
	at org.apache.maven.surefire.util.DefaultScanResult.applyFilter(DefaultScanResult.java:102)
	at org.apache.maven.surefire.junitplatform.JUnitPlatformProvider.scanClasspath(JUnitPlatformProvider.java:143)
	at org.apache.maven.surefire.junitplatform.JUnitPlatformProvider.invoke(JUnitPlatformProvider.java:124)
	at org.apache.maven.surefire.booter.ForkedBooter.invokeProviderInSameClassLoader(ForkedBooter.java:384)
	at org.apache.maven.surefire.booter.ForkedBooter.runSuitesInProcess(ForkedBooter.java:345)
	at org.apache.maven.surefire.booter.ForkedBooter.execute(ForkedBooter.java:126)
	at org.apache.maven.surefire.booter.ForkedBooter.main(ForkedBooter.java:418)

Apr 08, 2026 1:23:30 AM org.junit.platform.launcher.core.DefaultLauncher handleThrowable
WARNING: TestEngine with ID 'junit-vintage' failed to discover tests
java.lang.NoClassDefFoundError: org/junit/platform/commons/util/LruCache
	at org.junit.vintage.engine.descriptor.TestSourceProvider.<init>(TestSourceProvider.java:44)
	at org.junit.vintage.engine.discovery.RunnerTestDescriptorPostProcessor.<init>(RunnerTestDescriptorPostProcessor.java:38)
	at org.junit.vintage.engine.discovery.VintageDiscoverer.discover(VintageDiscoverer.java:43)
	at org.junit.vintage.engine.VintageTestEngine.discover(VintageTestEngine.java:64)
	at org.junit.platform.launcher.core.DefaultLauncher.discoverEngineRoot(DefaultLauncher.java:168)
	at org.junit.platform.launcher.core.DefaultLauncher.discoverRoot(DefaultLauncher.java:155)
	at org.junit.platform.launcher.core.DefaultLauncher.discover(DefaultLauncher.java:120)
	at org.apache.maven.surefire.junitplatform.TestPlanScannerFilter.accept(TestPlanScannerFilter.java:56)
	at org.apache.maven.surefire.util.DefaultScanResult.applyFilter(DefaultScanResult.java:102)
	at org.apache.maven.surefire.junitplatform.JUnitPlatformProvider.scanClasspath(JUnitPlatformProvider.java:143)
	at org.apache.maven.surefire.junitplatform.JUnitPlatformProvider.invoke(JUnitPlatformProvider.java:124)
	at org.apache.maven.surefire.booter.ForkedBooter.invokeProviderInSameClassLoader(ForkedBooter.java:384)
	at org.apache.maven.surefire.booter.ForkedBooter.runSuitesInProcess(ForkedBooter.java:345)
	at org.apache.maven.surefire.booter.ForkedBooter.execute(ForkedBooter.java:126)
	at org.apache.maven.surefire.booter.ForkedBooter.main(ForkedBooter.java:418)

Apr 08, 2026 1:23:30 AM org.junit.platform.launcher.core.DefaultLauncher handleThrowable
WARNING: TestEngine with ID 'junit-vintage' failed to discover tests
java.lang.NoClassDefFoundError: org/junit/platform/commons/util/LruCache
	at org.junit.vintage.engine.descriptor.TestSourceProvider.<init>(TestSourceProvider.java:44)
	at org.junit.vintage.engine.discovery.RunnerTestDescriptorPostProcessor.<init>(RunnerTestDescriptorPostProcessor.java:38)
	at org.junit.vintage.engine.discovery.VintageDiscoverer.discover(VintageDiscoverer.java:43)
	at org.junit.vintage.engine.VintageTestEngine.discover(VintageTestEngine.java:64)
	at org.junit.platform.launcher.core.DefaultLauncher.discoverEngineRoot(DefaultLauncher.java:168)
	at org.junit.platform.launcher.core.DefaultLauncher.discoverRoot(DefaultLauncher.java:155)
	at org.junit.platform.launcher.core.DefaultLauncher.discover(DefaultLauncher.java:120)
	at org.apache.maven.surefire.junitplatform.TestPlanScannerFilter.accept(TestPlanScannerFilter.java:56)
	at org.apache.maven.surefire.util.DefaultScanResult.applyFilter(DefaultScanResult.java:102)
	at org.apache.maven.surefire.junitplatform.JUnitPlatformProvider.scanClasspath(JUnitPlatformProvider.java:143)
	at org.apache.maven.surefire.junitplatform.JUnitPlatformProvider.invoke(JUnitPlatformProvider.java:124)
	at org.apache.maven.surefire.booter.ForkedBooter.invokeProviderInSameClassLoader(ForkedBooter.java:384)
	at org.apache.maven.surefire.booter.ForkedBooter.runSuitesInProcess(ForkedBooter.java:345)
	at org.apache.maven.surefire.booter.ForkedBooter.execute(ForkedBooter.java:126)
	at org.apache.maven.surefire.booter.ForkedBooter.main(ForkedBooter.java:418)

Apr 08, 2026 1:23:30 AM org.junit.platform.launcher.core.DefaultLauncher handleThrowable
WARNING: TestEngine with ID 'junit-vintage' failed to discover tests
java.lang.NoClassDefFoundError: org/junit/platform/commons/util/LruCache
	at org.junit.vintage.engine.descriptor.TestSourceProvider.<init>(TestSourceProvider.java:44)
	at org.junit.vintage.engine.discovery.RunnerTestDescriptorPostProcessor.<init>(RunnerTestDescriptorPostProcessor.java:38)
	at org.junit.vintage.engine.discovery.VintageDiscoverer.discover(VintageDiscoverer.java:43)
	at org.junit.vintage.engine.VintageTestEngine.discover(VintageTestEngine.java:64)
	at org.junit.platform.launcher.core.DefaultLauncher.discoverEngineRoot(DefaultLauncher.java:168)
	at org.junit.platform.launcher.core.DefaultLauncher.discoverRoot(DefaultLauncher.java:155)
	at org.junit.platform.launcher.core.DefaultLauncher.discover(DefaultLauncher.java:120)
	at org.apache.maven.surefire.junitplatform.TestPlanScannerFilter.accept(TestPlanScannerFilter.java:56)
	at org.apache.maven.surefire.util.DefaultScanResult.applyFilter(DefaultScanResult.java:102)
	at org.apache.maven.surefire.junitplatform.JUnitPlatformProvider.scanClasspath(JUnitPlatformProvider.java:143)
	at org.apache.maven.surefire.junitplatform.JUnitPlatformProvider.invoke(JUnitPlatformProvider.java:124)
	at org.apache.maven.surefire.booter.ForkedBooter.invokeProviderInSameClassLoader(ForkedBooter.java:384)
	at org.apache.maven.surefire.booter.ForkedBooter.runSuitesInProcess(ForkedBooter.java:345)
	at org.apache.maven.surefire.booter.ForkedBooter.execute(ForkedBooter.java:126)
	at org.apache.maven.surefire.booter.ForkedBooter.main(ForkedBooter.java:418)

Apr 08, 2026 1:23:30 AM org.junit.platform.launcher.core.DefaultLauncher handleThrowable
WARNING: TestEngine with ID 'junit-vintage' failed to discover tests
java.lang.NoClassDefFoundError: org/junit/platform/commons/util/LruCache
	at org.junit.vintage.engine.descriptor.TestSourceProvider.<init>(TestSourceProvider.java:44)
	at org.junit.vintage.engine.discovery.RunnerTestDescriptorPostProcessor.<init>(RunnerTestDescriptorPostProcessor.java:38)
	at org.junit.vintage.engine.discovery.VintageDiscoverer.discover(VintageDiscoverer.java:43)
	at org.junit.vintage.engine.VintageTestEngine.discover(VintageTestEngine.java:64)
	at org.junit.platform.launcher.core.DefaultLauncher.discoverEngineRoot(DefaultLauncher.java:168)
	at org.junit.platform.launcher.core.DefaultLauncher.discoverRoot(DefaultLauncher.java:155)
	at org.junit.platform.launcher.core.DefaultLauncher.discover(DefaultLauncher.java:120)
	at org.apache.maven.surefire.junitplatform.TestPlanScannerFilter.accept(TestPlanScannerFilter.java:56)
	at org.apache.maven.surefire.util.DefaultScanResult.applyFilter(DefaultScanResult.java:102)
	at org.apache.maven.surefire.junitplatform.JUnitPlatformProvider.scanClasspath(JUnitPlatformProvider.java:143)
	at org.apache.maven.surefire.junitplatform.JUnitPlatformProvider.invoke(JUnitPlatformProvider.java:124)
	at org.apache.maven.surefire.booter.ForkedBooter.invokeProviderInSameClassLoader(ForkedBooter.java:384)
	at org.apache.maven.surefire.booter.ForkedBooter.runSuitesInProcess(ForkedBooter.java:345)
	at org.apache.maven.surefire.booter.ForkedBooter.execute(ForkedBooter.java:126)
	at org.apache.maven.surefire.booter.ForkedBooter.main(ForkedBooter.java:418)

Apr 08, 2026 1:23:30 AM org.junit.platform.launcher.core.DefaultLauncher handleThrowable
WARNING: TestEngine with ID 'junit-vintage' failed to discover tests
java.lang.NoClassDefFoundError: org/junit/platform/commons/util/LruCache
	at org.junit.vintage.engine.descriptor.TestSourceProvider.<init>(TestSourceProvider.java:44)
	at org.junit.vintage.engine.discovery.RunnerTestDescriptorPostProcessor.<init>(RunnerTestDescriptorPostProcessor.java:38)
	at org.junit.vintage.engine.discovery.VintageDiscoverer.discover(VintageDiscoverer.java:43)
	at org.junit.vintage.engine.VintageTestEngine.discover(VintageTestEngine.java:64)
	at org.junit.platform.launcher.core.DefaultLauncher.discoverEngineRoot(DefaultLauncher.java:168)
	at org.junit.platform.launcher.core.DefaultLauncher.discoverRoot(DefaultLauncher.java:155)
	at org.junit.platform.launcher.core.DefaultLauncher.discover(DefaultLauncher.java:120)
	at org.apache.maven.surefire.junitplatform.TestPlanScannerFilter.accept(TestPlanScannerFilter.java:56)
	at org.apache.maven.surefire.util.DefaultScanResult.applyFilter(DefaultScanResult.java:102)
	at org.apache.maven.surefire.junitplatform.JUnitPlatformProvider.scanClasspath(JUnitPlatformProvider.java:143)
	at org.apache.maven.surefire.junitplatform.JUnitPlatformProvider.invoke(JUnitPlatformProvider.java:124)
	at org.apache.maven.surefire.booter.ForkedBooter.invokeProviderInSameClassLoader(ForkedBooter.java:384)
	at org.apache.maven.surefire.booter.ForkedBooter.runSuitesInProcess(ForkedBooter.java:345)
	at org.apache.maven.surefire.booter.ForkedBooter.execute(ForkedBooter.java:126)
	at org.apache.maven.surefire.booter.ForkedBooter.main(ForkedBooter.java:418)

Apr 08, 2026 1:23:30 AM org.junit.platform.launcher.core.DefaultLauncher handleThrowable
WARNING: TestEngine with ID 'junit-vintage' failed to discover tests
java.lang.NoClassDefFoundError: org/junit/platform/commons/util/LruCache
	at org.junit.vintage.engine.descriptor.TestSourceProvider.<init>(TestSourceProvider.java:44)
	at org.junit.vintage.engine.discovery.RunnerTestDescriptorPostProcessor.<init>(RunnerTestDescriptorPostProcessor.java:38)
	at org.junit.vintage.engine.discovery.VintageDiscoverer.discover(VintageDiscoverer.java:43)
	at org.junit.vintage.engine.VintageTestEngine.discover(VintageTestEngine.java:64)
	at org.junit.platform.launcher.core.DefaultLauncher.discoverEngineRoot(DefaultLauncher.java:168)
	at org.junit.platform.launcher.core.DefaultLauncher.discoverRoot(DefaultLauncher.java:155)
	at org.junit.platform.launcher.core.DefaultLauncher.discover(DefaultLauncher.java:120)
	at org.apache.maven.surefire.junitplatform.TestPlanScannerFilter.accept(TestPlanScannerFilter.java:56)
	at org.apache.maven.surefire.util.DefaultScanResult.applyFilter(DefaultScanResult.java:102)
	at org.apache.maven.surefire.junitplatform.JUnitPlatformProvider.scanClasspath(JUnitPlatformProvider.java:143)
	at org.apache.maven.surefire.junitplatform.JUnitPlatformProvider.invoke(JUnitPlatformProvider.java:124)
	at org.apache.maven.surefire.booter.ForkedBooter.invokeProviderInSameClassLoader(ForkedBooter.java:384)
	at org.apache.maven.surefire.booter.ForkedBooter.runSuitesInProcess(ForkedBooter.java:345)
	at org.apache.maven.surefire.booter.ForkedBooter.execute(ForkedBooter.java:126)
	at org.apache.maven.surefire.booter.ForkedBooter.main(ForkedBooter.java:418)

Apr 08, 2026 1:23:30 AM org.junit.platform.launcher.core.DefaultLauncher handleThrowable
WARNING: TestEngine with ID 'junit-vintage' failed to discover tests
java.lang.NoClassDefFoundError: org/junit/platform/commons/util/LruCache
	at org.junit.vintage.engine.descriptor.TestSourceProvider.<init>(TestSourceProvider.java:44)
	at org.junit.vintage.engine.discovery.RunnerTestDescriptorPostProcessor.<init>(RunnerTestDescriptorPostProcessor.java:38)
	at org.junit.vintage.engine.discovery.VintageDiscoverer.discover(VintageDiscoverer.java:43)
	at org.junit.vintage.engine.VintageTestEngine.discover(VintageTestEngine.java:64)
	at org.junit.platform.launcher.core.DefaultLauncher.discoverEngineRoot(DefaultLauncher.java:168)
	at org.junit.platform.launcher.core.DefaultLauncher.discoverRoot(DefaultLauncher.java:155)
	at org.junit.platform.launcher.core.DefaultLauncher.discover(DefaultLauncher.java:120)
	at org.apache.maven.surefire.junitplatform.TestPlanScannerFilter.accept(TestPlanScannerFilter.java:56)
	at org.apache.maven.surefire.util.DefaultScanResult.applyFilter(DefaultScanResult.java:102)
	at org.apache.maven.surefire.junitplatform.JUnitPlatformProvider.scanClasspath(JUnitPlatformProvider.java:143)
	at org.apache.maven.surefire.junitplatform.JUnitPlatformProvider.invoke(JUnitPlatformProvider.java:124)
	at org.apache.maven.surefire.booter.ForkedBooter.invokeProviderInSameClassLoader(ForkedBooter.java:384)
	at org.apache.maven.surefire.booter.ForkedBooter.runSuitesInProcess(ForkedBooter.java:345)
	at org.apache.maven.surefire.booter.ForkedBooter.execute(ForkedBooter.java:126)
	at org.apache.maven.surefire.booter.ForkedBooter.main(ForkedBooter.java:418)

Apr 08, 2026 1:23:30 AM org.junit.platform.launcher.core.DefaultLauncher handleThrowable
WARNING: TestEngine with ID 'junit-vintage' failed to discover tests
java.lang.NoClassDefFoundError: org/junit/platform/commons/util/LruCache
	at org.junit.vintage.engine.descriptor.TestSourceProvider.<init>(TestSourceProvider.java:44)
	at org.junit.vintage.engine.discovery.RunnerTestDescriptorPostProcessor.<init>(RunnerTestDescriptorPostProcessor.java:38)
	at org.junit.vintage.engine.discovery.VintageDiscoverer.discover(VintageDiscoverer.java:43)
	at org.junit.vintage.engine.VintageTestEngine.discover(VintageTestEngine.java:64)
	at org.junit.platform.launcher.core.DefaultLauncher.discoverEngineRoot(DefaultLauncher.java:168)
	at org.junit.platform.launcher.core.DefaultLauncher.discoverRoot(DefaultLauncher.java:155)
	at org.junit.platform.launcher.core.DefaultLauncher.discover(DefaultLauncher.java:120)
	at org.apache.maven.surefire.junitplatform.TestPlanScannerFilter.accept(TestPlanScannerFilter.java:56)
	at org.apache.maven.surefire.util.DefaultScanResult.applyFilter(DefaultScanResult.java:102)
	at org.apache.maven.surefire.junitplatform.JUnitPlatformProvider.scanClasspath(JUnitPlatformProvider.java:143)
	at org.apache.maven.surefire.junitplatform.JUnitPlatformProvider.invoke(JUnitPlatformProvider.java:124)
	at org.apache.maven.surefire.booter.ForkedBooter.invokeProviderInSameClassLoader(ForkedBooter.java:384)
	at org.apache.maven.surefire.booter.ForkedBooter.runSuitesInProcess(ForkedBooter.java:345)
	at org.apache.maven.surefire.booter.ForkedBooter.execute(ForkedBooter.java:126)
	at org.apache.maven.surefire.booter.ForkedBooter.main(ForkedBooter.java:418)

Apr 08, 2026 1:23:30 AM org.junit.platform.launcher.core.DefaultLauncher handleThrowable
WARNING: TestEngine with ID 'junit-vintage' failed to discover tests
java.lang.NoClassDefFoundError: org/junit/platform/commons/util/LruCache
	at org.junit.vintage.engine.descriptor.TestSourceProvider.<init>(TestSourceProvider.java:44)
	at org.junit.vintage.engine.discovery.RunnerTestDescriptorPostProcessor.<init>(RunnerTestDescriptorPostProcessor.java:38)
	at org.junit.vintage.engine.discovery.VintageDiscoverer.discover(VintageDiscoverer.java:43)
	at org.junit.vintage.engine.VintageTestEngine.discover(VintageTestEngine.java:64)
	at org.junit.platform.launcher.core.DefaultLauncher.discoverEngineRoot(DefaultLauncher.java:168)
	at org.junit.platform.launcher.core.DefaultLauncher.discoverRoot(DefaultLauncher.java:155)
	at org.junit.platform.launcher.core.DefaultLauncher.discover(DefaultLauncher.java:120)
	at org.apache.maven.surefire.junitplatform.TestPlanScannerFilter.accept(TestPlanScannerFilter.java:56)
	at org.apache.maven.surefire.util.DefaultScanResult.applyFilter(DefaultScanResult.java:102)
	at org.apache.maven.surefire.junitplatform.JUnitPlatformProvider.scanClasspath(JUnitPlatformProvider.java:143)
	at org.apache.maven.surefire.junitplatform.JUnitPlatformProvider.invoke(JUnitPlatformProvider.java:124)
	at org.apache.maven.surefire.booter.ForkedBooter.invokeProviderInSameClassLoader(ForkedBooter.java:384)
	at org.apache.maven.surefire.booter.ForkedBooter.runSuitesInProcess(ForkedBooter.java:345)
	at org.apache.maven.surefire.booter.ForkedBooter.execute(ForkedBooter.java:126)
	at org.apache.maven.surefire.booter.ForkedBooter.main(ForkedBooter.java:418)

Apr 08, 2026 1:23:30 AM org.junit.platform.launcher.core.DefaultLauncher handleThrowable
WARNING: TestEngine with ID 'junit-vintage' failed to discover tests
java.lang.NoClassDefFoundError: org/junit/platform/commons/util/LruCache
	at org.junit.vintage.engine.descriptor.TestSourceProvider.<init>(TestSourceProvider.java:44)
	at org.junit.vintage.engine.discovery.RunnerTestDescriptorPostProcessor.<init>(RunnerTestDescriptorPostProcessor.java:38)
	at org.junit.vintage.engine.discovery.VintageDiscoverer.discover(VintageDiscoverer.java:43)
	at org.junit.vintage.engine.VintageTestEngine.discover(VintageTestEngine.java:64)
	at org.junit.platform.launcher.core.DefaultLauncher.discoverEngineRoot(DefaultLauncher.java:168)
	at org.junit.platform.launcher.core.DefaultLauncher.discoverRoot(DefaultLauncher.java:155)
	at org.junit.platform.launcher.core.DefaultLauncher.discover(DefaultLauncher.java:120)
	at org.apache.maven.surefire.junitplatform.TestPlanScannerFilter.accept(TestPlanScannerFilter.java:56)
	at org.apache.maven.surefire.util.DefaultScanResult.applyFilter(DefaultScanResult.java:102)
	at org.apache.maven.surefire.junitplatform.JUnitPlatformProvider.scanClasspath(JUnitPlatformProvider.java:143)
	at org.apache.maven.surefire.junitplatform.JUnitPlatformProvider.invoke(JUnitPlatformProvider.java:124)
	at org.apache.maven.surefire.booter.ForkedBooter.invokeProviderInSameClassLoader(ForkedBooter.java:384)
	at org.apache.maven.surefire.booter.ForkedBooter.runSuitesInProcess(ForkedBooter.java:345)
	at org.apache.maven.surefire.booter.ForkedBooter.execute(ForkedBooter.java:126)
	at org.apache.maven.surefire.booter.ForkedBooter.main(ForkedBooter.java:418)

Apr 08, 2026 1:23:30 AM org.junit.platform.launcher.core.DefaultLauncher handleThrowable
WARNING: TestEngine with ID 'junit-vintage' failed to discover tests
java.lang.NoClassDefFoundError: org/junit/platform/commons/util/LruCache
	at org.junit.vintage.engine.descriptor.TestSourceProvider.<init>(TestSourceProvider.java:44)
	at org.junit.vintage.engine.discovery.RunnerTestDescriptorPostProcessor.<init>(RunnerTestDescriptorPostProcessor.java:38)
	at org.junit.vintage.engine.discovery.VintageDiscoverer.discover(VintageDiscoverer.java:43)
	at org.junit.vintage.engine.VintageTestEngine.discover(VintageTestEngine.java:64)
	at org.junit.platform.launcher.core.DefaultLauncher.discoverEngineRoot(DefaultLauncher.java:168)
	at org.junit.platform.launcher.core.DefaultLauncher.discoverRoot(DefaultLauncher.java:155)
	at org.junit.platform.launcher.core.DefaultLauncher.discover(DefaultLauncher.java:120)
	at org.apache.maven.surefire.junitplatform.TestPlanScannerFilter.accept(TestPlanScannerFilter.java:56)
	at org.apache.maven.surefire.util.DefaultScanResult.applyFilter(DefaultScanResult.java:102)
	at org.apache.maven.surefire.junitplatform.JUnitPlatformProvider.scanClasspath(JUnitPlatformProvider.java:143)
	at org.apache.maven.surefire.junitplatform.JUnitPlatformProvider.invoke(JUnitPlatformProvider.java:124)
	at org.apache.maven.surefire.booter.ForkedBooter.invokeProviderInSameClassLoader(ForkedBooter.java:384)
	at org.apache.maven.surefire.booter.ForkedBooter.runSuitesInProcess(ForkedBooter.java:345)
	at org.apache.maven.surefire.booter.ForkedBooter.execute(ForkedBooter.java:126)
	at org.apache.maven.surefire.booter.ForkedBooter.main(ForkedBooter.java:418)

Apr 08, 2026 1:23:30 AM org.junit.platform.launcher.core.DefaultLauncher handleThrowable
WARNING: TestEngine with ID 'junit-vintage' failed to discover tests
java.lang.NoClassDefFoundError: org/junit/platform/commons/util/LruCache
	at org.junit.vintage.engine.descriptor.TestSourceProvider.<init>(TestSourceProvider.java:44)
	at org.junit.vintage.engine.discovery.RunnerTestDescriptorPostProcessor.<init>(RunnerTestDescriptorPostProcessor.java:38)
	at org.junit.vintage.engine.discovery.VintageDiscoverer.discover(VintageDiscoverer.java:43)
	at org.junit.vintage.engine.VintageTestEngine.discover(VintageTestEngine.java:64)
	at org.junit.platform.launcher.core.DefaultLauncher.discoverEngineRoot(DefaultLauncher.java:168)
	at org.junit.platform.launcher.core.DefaultLauncher.discoverRoot(DefaultLauncher.java:155)
	at org.junit.platform.launcher.core.DefaultLauncher.discover(DefaultLauncher.java:120)
	at org.apache.maven.surefire.junitplatform.TestPlanScannerFilter.accept(TestPlanScannerFilter.java:56)
	at org.apache.maven.surefire.util.DefaultScanResult.applyFilter(DefaultScanResult.java:102)
	at org.apache.maven.surefire.junitplatform.JUnitPlatformProvider.scanClasspath(JUnitPlatformProvider.java:143)
	at org.apache.maven.surefire.junitplatform.JUnitPlatformProvider.invoke(JUnitPlatformProvider.java:124)
	at org.apache.maven.surefire.booter.ForkedBooter.invokeProviderInSameClassLoader(ForkedBooter.java:384)
	at org.apache.maven.surefire.booter.ForkedBooter.runSuitesInProcess(ForkedBooter.java:345)
	at org.apache.maven.surefire.booter.ForkedBooter.execute(ForkedBooter.java:126)
	at org.apache.maven.surefire.booter.ForkedBooter.main(ForkedBooter.java:418)

Apr 08, 2026 1:23:30 AM org.junit.platform.launcher.core.DefaultLauncher handleThrowable
WARNING: TestEngine with ID 'junit-vintage' failed to discover tests
java.lang.NoClassDefFoundError: org/junit/platform/commons/util/LruCache
	at org.junit.vintage.engine.descriptor.TestSourceProvider.<init>(TestSourceProvider.java:44)
	at org.junit.vintage.engine.discovery.RunnerTestDescriptorPostProcessor.<init>(RunnerTestDescriptorPostProcessor.java:38)
	at org.junit.vintage.engine.discovery.VintageDiscoverer.discover(VintageDiscoverer.java:43)
	at org.junit.vintage.engine.VintageTestEngine.discover(VintageTestEngine.java:64)
	at org.junit.platform.launcher.core.DefaultLauncher.discoverEngineRoot(DefaultLauncher.java:168)
	at org.junit.platform.launcher.core.DefaultLauncher.discoverRoot(DefaultLauncher.java:155)
	at org.junit.platform.launcher.core.DefaultLauncher.discover(DefaultLauncher.java:120)
	at org.apache.maven.surefire.junitplatform.TestPlanScannerFilter.accept(TestPlanScannerFilter.java:56)
	at org.apache.maven.surefire.util.DefaultScanResult.applyFilter(DefaultScanResult.java:102)
	at org.apache.maven.surefire.junitplatform.JUnitPlatformProvider.scanClasspath(JUnitPlatformProvider.java:143)
	at org.apache.maven.surefire.junitplatform.JUnitPlatformProvider.invoke(JUnitPlatformProvider.java:124)
	at org.apache.maven.surefire.booter.ForkedBooter.invokeProviderInSameClassLoader(ForkedBooter.java:384)
	at org.apache.maven.surefire.booter.ForkedBooter.runSuitesInProcess(ForkedBooter.java:345)
	at org.apache.maven.surefire.booter.ForkedBooter.execute(ForkedBooter.java:126)
	at org.apache.maven.surefire.booter.ForkedBooter.main(ForkedBooter.java:418)

Apr 08, 2026 1:23:30 AM org.junit.platform.launcher.core.DefaultLauncher handleThrowable
WARNING: TestEngine with ID 'junit-vintage' failed to discover tests
java.lang.NoClassDefFoundError: org/junit/platform/commons/util/LruCache
	at org.junit.vintage.engine.descriptor.TestSourceProvider.<init>(TestSourceProvider.java:44)
	at org.junit.vintage.engine.discovery.RunnerTestDescriptorPostProcessor.<init>(RunnerTestDescriptorPostProcessor.java:38)
	at org.junit.vintage.engine.discovery.VintageDiscoverer.discover(VintageDiscoverer.java:43)
	at org.junit.vintage.engine.VintageTestEngine.discover(VintageTestEngine.java:64)
	at org.junit.platform.launcher.core.DefaultLauncher.discoverEngineRoot(DefaultLauncher.java:168)
	at org.junit.platform.launcher.core.DefaultLauncher.discoverRoot(DefaultLauncher.java:155)
	at org.junit.platform.launcher.core.DefaultLauncher.discover(DefaultLauncher.java:120)
	at org.apache.maven.surefire.junitplatform.TestPlanScannerFilter.accept(TestPlanScannerFilter.java:56)
	at org.apache.maven.surefire.util.DefaultScanResult.applyFilter(DefaultScanResult.java:102)
	at org.apache.maven.surefire.junitplatform.JUnitPlatformProvider.scanClasspath(JUnitPlatformProvider.java:143)
	at org.apache.maven.surefire.junitplatform.JUnitPlatformProvider.invoke(JUnitPlatformProvider.java:124)
	at org.apache.maven.surefire.booter.ForkedBooter.invokeProviderInSameClassLoader(ForkedBooter.java:384)
	at org.apache.maven.surefire.booter.ForkedBooter.runSuitesInProcess(ForkedBooter.java:345)
	at org.apache.maven.surefire.booter.ForkedBooter.execute(ForkedBooter.java:126)
	at org.apache.maven.surefire.booter.ForkedBooter.main(ForkedBooter.java:418)

Apr 08, 2026 1:23:30 AM org.junit.platform.launcher.core.DefaultLauncher handleThrowable
WARNING: TestEngine with ID 'junit-vintage' failed to discover tests
java.lang.NoClassDefFoundError: org/junit/platform/commons/util/LruCache
	at org.junit.vintage.engine.descriptor.TestSourceProvider.<init>(TestSourceProvider.java:44)
	at org.junit.vintage.engine.discovery.RunnerTestDescriptorPostProcessor.<init>(RunnerTestDescriptorPostProcessor.java:38)
	at org.junit.vintage.engine.discovery.VintageDiscoverer.discover(VintageDiscoverer.java:43)
	at org.junit.vintage.engine.VintageTestEngine.discover(VintageTestEngine.java:64)
	at org.junit.platform.launcher.core.DefaultLauncher.discoverEngineRoot(DefaultLauncher.java:168)
	at org.junit.platform.launcher.core.DefaultLauncher.discoverRoot(DefaultLauncher.java:155)
	at org.junit.platform.launcher.core.DefaultLauncher.discover(DefaultLauncher.java:120)
	at org.apache.maven.surefire.junitplatform.TestPlanScannerFilter.accept(TestPlanScannerFilter.java:56)
	at org.apache.maven.surefire.util.DefaultScanResult.applyFilter(DefaultScanResult.java:102)
	at org.apache.maven.surefire.junitplatform.JUnitPlatformProvider.scanClasspath(JUnitPlatformProvider.java:143)
	at org.apache.maven.surefire.junitplatform.JUnitPlatformProvider.invoke(JUnitPlatformProvider.java:124)
	at org.apache.maven.surefire.booter.ForkedBooter.invokeProviderInSameClassLoader(ForkedBooter.java:384)
	at org.apache.maven.surefire.booter.ForkedBooter.runSuitesInProcess(ForkedBooter.java:345)
	at org.apache.maven.surefire.booter.ForkedBooter.execute(ForkedBooter.java:126)
	at org.apache.maven.surefire.booter.ForkedBooter.main(ForkedBooter.java:418)

Apr 08, 2026 1:23:30 AM org.junit.platform.launcher.core.DefaultLauncher handleThrowable
WARNING: TestEngine with ID 'junit-vintage' failed to discover tests
java.lang.NoClassDefFoundError: org/junit/platform/commons/util/LruCache
	at org.junit.vintage.engine.descriptor.TestSourceProvider.<init>(TestSourceProvider.java:44)
	at org.junit.vintage.engine.discovery.RunnerTestDescriptorPostProcessor.<init>(RunnerTestDescriptorPostProcessor.java:38)
	at org.junit.vintage.engine.discovery.VintageDiscoverer.discover(VintageDiscoverer.java:43)
	at org.junit.vintage.engine.VintageTestEngine.discover(VintageTestEngine.java:64)
	at org.junit.platform.launcher.core.DefaultLauncher.discoverEngineRoot(DefaultLauncher.java:168)
	at org.junit.platform.launcher.core.DefaultLauncher.discoverRoot(DefaultLauncher.java:155)
	at org.junit.platform.launcher.core.DefaultLauncher.discover(DefaultLauncher.java:120)
	at org.apache.maven.surefire.junitplatform.TestPlanScannerFilter.accept(TestPlanScannerFilter.java:56)
	at org.apache.maven.surefire.util.DefaultScanResult.applyFilter(DefaultScanResult.java:102)
	at org.apache.maven.surefire.junitplatform.JUnitPlatformProvider.scanClasspath(JUnitPlatformProvider.java:143)
	at org.apache.maven.surefire.junitplatform.JUnitPlatformProvider.invoke(JUnitPlatformProvider.java:124)
	at org.apache.maven.surefire.booter.ForkedBooter.invokeProviderInSameClassLoader(ForkedBooter.java:384)
	at org.apache.maven.surefire.booter.ForkedBooter.runSuitesInProcess(ForkedBooter.java:345)
	at org.apache.maven.surefire.booter.ForkedBooter.execute(ForkedBooter.java:126)
	at org.apache.maven.surefire.booter.ForkedBooter.main(ForkedBooter.java:418)

Apr 08, 2026 1:23:30 AM org.junit.platform.launcher.core.DefaultLauncher handleThrowable
WARNING: TestEngine with ID 'junit-vintage' failed to discover tests
java.lang.NoClassDefFoundError: org/junit/platform/commons/util/LruCache
	at org.junit.vintage.engine.descriptor.TestSourceProvider.<init>(TestSourceProvider.java:44)
	at org.junit.vintage.engine.discovery.RunnerTestDescriptorPostProcessor.<init>(RunnerTestDescriptorPostProcessor.java:38)
	at org.junit.vintage.engine.discovery.VintageDiscoverer.discover(VintageDiscoverer.java:43)
	at org.junit.vintage.engine.VintageTestEngine.discover(VintageTestEngine.java:64)
	at org.junit.platform.launcher.core.DefaultLauncher.discoverEngineRoot(DefaultLauncher.java:168)
	at org.junit.platform.launcher.core.DefaultLauncher.discoverRoot(DefaultLauncher.java:155)
	at org.junit.platform.launcher.core.DefaultLauncher.discover(DefaultLauncher.java:120)
	at org.apache.maven.surefire.junitplatform.TestPlanScannerFilter.accept(TestPlanScannerFilter.java:56)
	at org.apache.maven.surefire.util.DefaultScanResult.applyFilter(DefaultScanResult.java:102)
	at org.apache.maven.surefire.junitplatform.JUnitPlatformProvider.scanClasspath(JUnitPlatformProvider.java:143)
	at org.apache.maven.surefire.junitplatform.JUnitPlatformProvider.invoke(JUnitPlatformProvider.java:124)
	at org.apache.maven.surefire.booter.ForkedBooter.invokeProviderInSameClassLoader(ForkedBooter.java:384)
	at org.apache.maven.surefire.booter.ForkedBooter.runSuitesInProcess(ForkedBooter.java:345)
	at org.apache.maven.surefire.booter.ForkedBooter.execute(ForkedBooter.java:126)
	at org.apache.maven.surefire.booter.ForkedBooter.main(ForkedBooter.java:418)

Apr 08, 2026 1:23:30 AM org.junit.platform.launcher.core.DefaultLauncher handleThrowable
WARNING: TestEngine with ID 'junit-vintage' failed to discover tests
java.lang.NoClassDefFoundError: org/junit/platform/commons/util/LruCache
	at org.junit.vintage.engine.descriptor.TestSourceProvider.<init>(TestSourceProvider.java:44)
	at org.junit.vintage.engine.discovery.RunnerTestDescriptorPostProcessor.<init>(RunnerTestDescriptorPostProcessor.java:38)
	at org.junit.vintage.engine.discovery.VintageDiscoverer.discover(VintageDiscoverer.java:43)
	at org.junit.vintage.engine.VintageTestEngine.discover(VintageTestEngine.java:64)
	at org.junit.platform.launcher.core.DefaultLauncher.discoverEngineRoot(DefaultLauncher.java:168)
	at org.junit.platform.launcher.core.DefaultLauncher.discoverRoot(DefaultLauncher.java:155)
	at org.junit.platform.launcher.core.DefaultLauncher.discover(DefaultLauncher.java:120)
	at org.apache.maven.surefire.junitplatform.TestPlanScannerFilter.accept(TestPlanScannerFilter.java:56)
	at org.apache.maven.surefire.util.DefaultScanResult.applyFilter(DefaultScanResult.java:102)
	at org.apache.maven.surefire.junitplatform.JUnitPlatformProvider.scanClasspath(JUnitPlatformProvider.java:143)
	at org.apache.maven.surefire.junitplatform.JUnitPlatformProvider.invoke(JUnitPlatformProvider.java:124)
	at org.apache.maven.surefire.booter.ForkedBooter.invokeProviderInSameClassLoader(ForkedBooter.java:384)
	at org.apache.maven.surefire.booter.ForkedBooter.runSuitesInProcess(ForkedBooter.java:345)
	at org.apache.maven.surefire.booter.ForkedBooter.execute(ForkedBooter.java:126)
	at org.apache.maven.surefire.booter.ForkedBooter.main(ForkedBooter.java:418)

Apr 08, 2026 1:23:30 AM org.junit.platform.launcher.core.DefaultLauncher handleThrowable
WARNING: TestEngine with ID 'junit-vintage' failed to discover tests
java.lang.NoClassDefFoundError: org/junit/platform/commons/util/LruCache
	at org.junit.vintage.engine.descriptor.TestSourceProvider.<init>(TestSourceProvider.java:44)
	at org.junit.vintage.engine.discovery.RunnerTestDescriptorPostProcessor.<init>(RunnerTestDescriptorPostProcessor.java:38)
	at org.junit.vintage.engine.discovery.VintageDiscoverer.discover(VintageDiscoverer.java:43)
	at org.junit.vintage.engine.VintageTestEngine.discover(VintageTestEngine.java:64)
	at org.junit.platform.launcher.core.DefaultLauncher.discoverEngineRoot(DefaultLauncher.java:168)
	at org.junit.platform.launcher.core.DefaultLauncher.discoverRoot(DefaultLauncher.java:155)
	at org.junit.platform.launcher.core.DefaultLauncher.discover(DefaultLauncher.java:120)
	at org.apache.maven.surefire.junitplatform.TestPlanScannerFilter.accept(TestPlanScannerFilter.java:56)
	at org.apache.maven.surefire.util.DefaultScanResult.applyFilter(DefaultScanResult.java:102)
	at org.apache.maven.surefire.junitplatform.JUnitPlatformProvider.scanClasspath(JUnitPlatformProvider.java:143)
	at org.apache.maven.surefire.junitplatform.JUnitPlatformProvider.invoke(JUnitPlatformProvider.java:124)
	at org.apache.maven.surefire.booter.ForkedBooter.invokeProviderInSameClassLoader(ForkedBooter.java:384)
	at org.apache.maven.surefire.booter.ForkedBooter.runSuitesInProcess(ForkedBooter.java:345)
	at org.apache.maven.surefire.booter.ForkedBooter.execute(ForkedBooter.java:126)
	at org.apache.maven.surefire.booter.ForkedBooter.main(ForkedBooter.java:418)

Apr 08, 2026 1:23:30 AM org.junit.platform.launcher.core.DefaultLauncher handleThrowable
WARNING: TestEngine with ID 'junit-vintage' failed to discover tests
java.lang.NoClassDefFoundError: org/junit/platform/commons/util/LruCache
	at org.junit.vintage.engine.descriptor.TestSourceProvider.<init>(TestSourceProvider.java:44)
	at org.junit.vintage.engine.discovery.RunnerTestDescriptorPostProcessor.<init>(RunnerTestDescriptorPostProcessor.java:38)
	at org.junit.vintage.engine.discovery.VintageDiscoverer.discover(VintageDiscoverer.java:43)
	at org.junit.vintage.engine.VintageTestEngine.discover(VintageTestEngine.java:64)
	at org.junit.platform.launcher.core.DefaultLauncher.discoverEngineRoot(DefaultLauncher.java:168)
	at org.junit.platform.launcher.core.DefaultLauncher.discoverRoot(DefaultLauncher.java:155)
	at org.junit.platform.launcher.core.DefaultLauncher.discover(DefaultLauncher.java:120)
	at org.apache.maven.surefire.junitplatform.TestPlanScannerFilter.accept(TestPlanScannerFilter.java:56)
	at org.apache.maven.surefire.util.DefaultScanResult.applyFilter(DefaultScanResult.java:102)
	at org.apache.maven.surefire.junitplatform.JUnitPlatformProvider.scanClasspath(JUnitPlatformProvider.java:143)
	at org.apache.maven.surefire.junitplatform.JUnitPlatformProvider.invoke(JUnitPlatformProvider.java:124)
	at org.apache.maven.surefire.booter.ForkedBooter.invokeProviderInSameClassLoader(ForkedBooter.java:384)
	at org.apache.maven.surefire.booter.ForkedBooter.runSuitesInProcess(ForkedBooter.java:345)
	at org.apache.maven.surefire.booter.ForkedBooter.execute(ForkedBooter.java:126)
	at org.apache.maven.surefire.booter.ForkedBooter.main(ForkedBooter.java:418)

Apr 08, 2026 1:23:30 AM org.junit.platform.launcher.core.DefaultLauncher handleThrowable
WARNING: TestEngine with ID 'junit-vintage' failed to discover tests
java.lang.NoClassDefFoundError: org/junit/platform/commons/util/LruCache
	at org.junit.vintage.engine.descriptor.TestSourceProvider.<init>(TestSourceProvider.java:44)
	at org.junit.vintage.engine.discovery.RunnerTestDescriptorPostProcessor.<init>(RunnerTestDescriptorPostProcessor.java:38)
	at org.junit.vintage.engine.discovery.VintageDiscoverer.discover(VintageDiscoverer.java:43)
	at org.junit.vintage.engine.VintageTestEngine.discover(VintageTestEngine.java:64)
	at org.junit.platform.launcher.core.DefaultLauncher.discoverEngineRoot(DefaultLauncher.java:168)
	at org.junit.platform.launcher.core.DefaultLauncher.discoverRoot(DefaultLauncher.java:155)
	at org.junit.platform.launcher.core.DefaultLauncher.discover(DefaultLauncher.java:120)
	at org.apache.maven.surefire.junitplatform.TestPlanScannerFilter.accept(TestPlanScannerFilter.java:56)
	at org.apache.maven.surefire.util.DefaultScanResult.applyFilter(DefaultScanResult.java:102)
	at org.apache.maven.surefire.junitplatform.JUnitPlatformProvider.scanClasspath(JUnitPlatformProvider.java:143)
	at org.apache.maven.surefire.junitplatform.JUnitPlatformProvider.invoke(JUnitPlatformProvider.java:124)
	at org.apache.maven.surefire.booter.ForkedBooter.invokeProviderInSameClassLoader(ForkedBooter.java:384)
	at org.apache.maven.surefire.booter.ForkedBooter.runSuitesInProcess(ForkedBooter.java:345)
	at org.apache.maven.surefire.booter.ForkedBooter.execute(ForkedBooter.java:126)
	at org.apache.maven.surefire.booter.ForkedBooter.main(ForkedBooter.java:418)

Apr 08, 2026 1:23:30 AM org.junit.platform.launcher.core.DefaultLauncher handleThrowable
WARNING: TestEngine with ID 'junit-vintage' failed to discover tests
java.lang.NoClassDefFoundError: org/junit/platform/commons/util/LruCache
	at org.junit.vintage.engine.descriptor.TestSourceProvider.<init>(TestSourceProvider.java:44)
	at org.junit.vintage.engine.discovery.RunnerTestDescriptorPostProcessor.<init>(RunnerTestDescriptorPostProcessor.java:38)
	at org.junit.vintage.engine.discovery.VintageDiscoverer.discover(VintageDiscoverer.java:43)
	at org.junit.vintage.engine.VintageTestEngine.discover(VintageTestEngine.java:64)
	at org.junit.platform.launcher.core.DefaultLauncher.discoverEngineRoot(DefaultLauncher.java:168)
	at org.junit.platform.launcher.core.DefaultLauncher.discoverRoot(DefaultLauncher.java:155)
	at org.junit.platform.launcher.core.DefaultLauncher.execute(DefaultLauncher.java:128)
	at org.apache.maven.surefire.junitplatform.JUnitPlatformProvider.invokeAllTests(JUnitPlatformProvider.java:150)
	at org.apache.maven.surefire.junitplatform.JUnitPlatformProvider.invoke(JUnitPlatformProvider.java:124)
	at org.apache.maven.surefire.booter.ForkedBooter.invokeProviderInSameClassLoader(ForkedBooter.java:384)
	at org.apache.maven.surefire.booter.ForkedBooter.runSuitesInProcess(ForkedBooter.java:345)
	at org.apache.maven.surefire.booter.ForkedBooter.execute(ForkedBooter.java:126)
	at org.apache.maven.surefire.booter.ForkedBooter.main(ForkedBooter.java:418)

[INFO] Running com.nttdata.ta.todo.TodoApplicationTests
01:23:30.350 [main] DEBUG org.springframework.test.context.BootstrapUtils - Instantiating CacheAwareContextLoaderDelegate from class [org.springframework.test.context.cache.DefaultCacheAwareContextLoaderDelegate]
01:23:30.367 [main] DEBUG org.springframework.test.context.BootstrapUtils - Instantiating BootstrapContext using constructor [public org.springframework.test.context.support.DefaultBootstrapContext(java.lang.Class,org.springframework.test.context.CacheAwareContextLoaderDelegate)]
01:23:30.405 [main] DEBUG org.springframework.test.context.BootstrapUtils - Instantiating TestContextBootstrapper for test class [com.nttdata.ta.todo.TodoApplicationTests] from class [org.springframework.boot.test.context.SpringBootTestContextBootstrapper]
01:23:30.429 [main] INFO org.springframework.boot.test.context.SpringBootTestContextBootstrapper - Neither @ContextConfiguration nor @ContextHierarchy found for test class [com.nttdata.ta.todo.TodoApplicationTests], using SpringBootContextLoader
01:23:30.437 [main] DEBUG org.springframework.test.context.support.AbstractContextLoader - Did not detect default resource location for test class [com.nttdata.ta.todo.TodoApplicationTests]: class path resource [com/nttdata/ta/todo/TodoApplicationTests-context.xml] does not exist
01:23:30.437 [main] DEBUG org.springframework.test.context.support.AbstractContextLoader - Did not detect default resource location for test class [com.nttdata.ta.todo.TodoApplicationTests]: class path resource [com/nttdata/ta/todo/TodoApplicationTestsContext.groovy] does not exist
01:23:30.437 [main] INFO org.springframework.test.context.support.AbstractContextLoader - Could not detect default resource locations for test class [com.nttdata.ta.todo.TodoApplicationTests]: no resource found for suffixes {-context.xml, Context.groovy}.
01:23:30.439 [main] INFO org.springframework.test.context.support.AnnotationConfigContextLoaderUtils - Could not detect default configuration classes for test class [com.nttdata.ta.todo.TodoApplicationTests]: TodoApplicationTests does not declare any static, non-private, non-final, nested classes annotated with @Configuration.
01:23:30.488 [main] DEBUG org.springframework.test.context.support.ActiveProfilesUtils - Could not find an 'annotation declaring class' for annotation type [org.springframework.test.context.ActiveProfiles] and class [com.nttdata.ta.todo.TodoApplicationTests]
01:23:30.586 [main] DEBUG org.springframework.context.annotation.ClassPathScanningCandidateComponentProvider - Identified candidate component class: file [/app/target/classes/com/nttdata/ta/todo/TodoApplication.class]
01:23:30.589 [main] INFO org.springframework.boot.test.context.SpringBootTestContextBootstrapper - Found @SpringBootConfiguration com.nttdata.ta.todo.TodoApplication for test class com.nttdata.ta.todo.TodoApplicationTests
01:23:30.687 [main] DEBUG org.springframework.boot.test.context.SpringBootTestContextBootstrapper - @TestExecutionListeners is not present for class [com.nttdata.ta.todo.TodoApplicationTests]: using defaults.
01:23:30.687 [main] INFO org.springframework.boot.test.context.SpringBootTestContextBootstrapper - Loaded default TestExecutionListener class names from location [META-INF/spring.factories]: [org.springframework.boot.test.mock.mockito.MockitoTestExecutionListener, org.springframework.boot.test.mock.mockito.ResetMocksTestExecutionListener, org.springframework.boot.test.autoconfigure.restdocs.RestDocsTestExecutionListener, org.springframework.boot.test.autoconfigure.web.client.MockRestServiceServerResetTestExecutionListener, org.springframework.boot.test.autoconfigure.web.servlet.MockMvcPrintOnlyOnFailureTestExecutionListener, org.springframework.boot.test.autoconfigure.web.servlet.WebDriverTestExecutionListener, org.springframework.test.context.web.ServletTestExecutionListener, org.springframework.test.context.support.DirtiesContextBeforeModesTestExecutionListener, org.springframework.test.context.support.DependencyInjectionTestExecutionListener, org.springframework.test.context.support.DirtiesContextTestExecutionListener, org.springframework.test.context.transaction.TransactionalTestExecutionListener, org.springframework.test.context.jdbc.SqlScriptsTestExecutionListener, org.springframework.test.context.event.EventPublishingTestExecutionListener]
01:23:30.708 [main] INFO org.springframework.boot.test.context.SpringBootTestContextBootstrapper - Using TestExecutionListeners: [org.springframework.test.context.web.ServletTestExecutionListener@76f9e000, org.springframework.test.context.support.DirtiesContextBeforeModesTestExecutionListener@7612116b, org.springframework.boot.test.mock.mockito.MockitoTestExecutionListener@1c05097c, org.springframework.boot.test.autoconfigure.SpringBootDependencyInjectionTestExecutionListener@562f6681, org.springframework.test.context.support.DirtiesContextTestExecutionListener@6f6f65a4, org.springframework.test.context.transaction.TransactionalTestExecutionListener@990b86b, org.springframework.test.context.jdbc.SqlScriptsTestExecutionListener@3dea1ecc, org.springframework.test.context.event.EventPublishingTestExecutionListener@105c6c9e, org.springframework.boot.test.mock.mockito.ResetMocksTestExecutionListener@40a7974, org.springframework.boot.test.autoconfigure.restdocs.RestDocsTestExecutionListener@8d5da7e, org.springframework.boot.test.autoconfigure.web.client.MockRestServiceServerResetTestExecutionListener@65a4b9d6, org.springframework.boot.test.autoconfigure.web.servlet.MockMvcPrintOnlyOnFailureTestExecutionListener@16ef1160, org.springframework.boot.test.autoconfigure.web.servlet.WebDriverTestExecutionListener@41f90b10]
01:23:30.712 [main] DEBUG org.springframework.test.context.support.AbstractDirtiesContextTestExecutionListener - Before test class: context [DefaultTestContext@55746340 testClass = TodoApplicationTests, testInstance = [null], testMethod = [null], testException = [null], mergedContextConfiguration = [WebMergedContextConfiguration@6a0c7af6 testClass = TodoApplicationTests, locations = '{}', classes = '{class com.nttdata.ta.todo.TodoApplication}', contextInitializerClasses = '[]', activeProfiles = '{}', propertySourceLocations = '{}', propertySourceProperties = '{org.springframework.boot.test.context.SpringBootTestContextBootstrapper=true}', contextCustomizers = set[org.springframework.boot.test.context.filter.ExcludeFilterContextCustomizer@6af5b246, org.springframework.boot.test.json.DuplicateJsonObjectContextCustomizerFactory$DuplicateJsonObjectContextCustomizer@50085d9c, org.springframework.boot.test.mock.mockito.MockitoContextCustomizer@0, org.springframework.boot.test.web.client.TestRestTemplateContextCustomizer@739e8b96, org.springframework.boot.test.autoconfigure.properties.PropertyMappingContextCustomizer@0, org.springframework.boot.test.autoconfigure.web.servlet.WebDriverContextCustomizerFactory$Customizer@58dad04a], resourceBasePath = 'src/main/webapp', contextLoader = 'org.springframework.boot.test.context.SpringBootContextLoader', parent = [null]], attributes = map['org.springframework.test.context.web.ServletTestExecutionListener.activateListener' -> true]], class annotated with @DirtiesContext [false] with mode [null].
01:23:30.744 [main] DEBUG org.springframework.test.context.support.TestPropertySourceUtils - Adding inlined properties to environment: {spring.jmx.enabled=false, org.springframework.boot.test.context.SpringBootTestContextBootstrapper=true, server.port=-1}

  .   ____          _            __ _ _
 /\\ / ___'_ __ _ _(_)_ __  __ _ \ \ \ \
( ( )\___ | '_ | '_| | '_ \/ _` | \ \ \ \
 \\/  ___)| |_)| | | | | || (_| |  ) ) ) )
  '  |____| .__|_| |_|_| |_\__, | / / / /
 =========|_|==============|___/=/_/_/_/
 :: Spring Boot ::        (v2.2.6.RELEASE)

2026-04-08 01:23:30.971  INFO 70 --- [           main] c.nttdata.ta.todo.TodoApplicationTests   : Starting TodoApplicationTests on 2af56d04f3b5 with PID 70 (started by root in /app)
2026-04-08 01:23:30.972  INFO 70 --- [           main] c.nttdata.ta.todo.TodoApplicationTests   : No active profile set, falling back to default profiles: default
2026-04-08 01:23:31.506  INFO 70 --- [           main] .s.d.r.c.RepositoryConfigurationDelegate : Bootstrapping Spring Data JPA repositories in DEFAULT mode.
2026-04-08 01:23:31.560  INFO 70 --- [           main] .s.d.r.c.RepositoryConfigurationDelegate : Finished Spring Data repository scanning in 44ms. Found 1 JPA repository interfaces.
2026-04-08 01:23:32.067  INFO 70 --- [           main] com.zaxxer.hikari.HikariDataSource       : HikariPool-1 - Starting...
2026-04-08 01:23:32.300  INFO 70 --- [           main] com.zaxxer.hikari.HikariDataSource       : HikariPool-1 - Start completed.
2026-04-08 01:23:32.380  INFO 70 --- [           main] o.hibernate.jpa.internal.util.LogHelper  : HHH000204: Processing PersistenceUnitInfo [name: default]
2026-04-08 01:23:32.467  INFO 70 --- [           main] org.hibernate.Version                    : HHH000412: Hibernate ORM core version 5.4.12.Final
2026-04-08 01:23:32.579  INFO 70 --- [           main] o.hibernate.annotations.common.Version   : HCANN000001: Hibernate Commons Annotations {5.1.0.Final}
2026-04-08 01:23:32.692  INFO 70 --- [           main] org.hibernate.dialect.Dialect            : HHH000400: Using dialect: org.hibernate.dialect.H2Dialect
2026-04-08 01:23:33.261  INFO 70 --- [           main] o.h.e.t.j.p.i.JtaPlatformInitiator       : HHH000490: Using JtaPlatform implementation: [org.hibernate.engine.transaction.jta.platform.internal.NoJtaPlatform]
2026-04-08 01:23:33.266  INFO 70 --- [           main] j.LocalContainerEntityManagerFactoryBean : Initialized JPA EntityManagerFactory for persistence unit 'default'
2026-04-08 01:23:33.663  WARN 70 --- [           main] JpaBaseConfiguration$JpaWebConfiguration : spring.jpa.open-in-view is enabled by default. Therefore, database queries may be performed during view rendering. Explicitly configure spring.jpa.open-in-view to disable this warning
2026-04-08 01:23:33.853  INFO 70 --- [           main] o.s.s.concurrent.ThreadPoolTaskExecutor  : Initializing ExecutorService 'applicationTaskExecutor'
2026-04-08 01:23:33.933  INFO 70 --- [           main] o.s.b.a.w.s.WelcomePageHandlerMapping    : Adding welcome page template: index
2026-04-08 01:23:34.121  INFO 70 --- [           main] c.nttdata.ta.todo.TodoApplicationTests   : Started TodoApplicationTests in 3.364 seconds (JVM running for 4.572)
[INFO] Tests run: 1, Failures: 0, Errors: 0, Skipped: 0, Time elapsed: 3.932 s - in com.nttdata.ta.todo.TodoApplicationTests
2026-04-08 01:23:34.224  INFO 70 --- [extShutdownHook] o.s.s.concurrent.ThreadPoolTaskExecutor  : Shutting down ExecutorService 'applicationTaskExecutor'
2026-04-08 01:23:34.225  INFO 70 --- [extShutdownHook] j.LocalContainerEntityManagerFactoryBean : Closing JPA EntityManagerFactory for persistence unit 'default'
2026-04-08 01:23:34.226  INFO 70 --- [extShutdownHook] .SchemaDropperImpl$DelayedDropActionImpl : HHH000477: Starting delayed evictData of schema as part of SessionFactory shut-down'
2026-04-08 01:23:34.335  INFO 70 --- [extShutdownHook] com.zaxxer.hikari.HikariDataSource       : HikariPool-1 - Shutdown initiated...
2026-04-08 01:23:34.336  INFO 70 --- [extShutdownHook] com.zaxxer.hikari.HikariDataSource       : HikariPool-1 - Shutdown completed.
[INFO] 
[INFO] Results:
[INFO] 
[INFO] Tests run: 1, Failures: 0, Errors: 0, Skipped: 0
[INFO] 
[INFO] 
[INFO] --- jacoco-maven-plugin:0.8.11:report (report) @ todo ---
[INFO] Loading execution data file /app/target/jacoco.exec
[INFO] Analyzed bundle 'todo' with 7 classes
[INFO] 
[INFO] --- jacoco-maven-plugin:0.8.11:report (default-cli) @ todo ---
[INFO] Loading execution data file /app/target/jacoco.exec
[INFO] Analyzed bundle 'todo' with 7 classes
[INFO] ------------------------------------------------------------------------
[INFO] BUILD SUCCESS
[INFO] ------------------------------------------------------------------------
[INFO] Total time:  7.538 s
[INFO] Finished at: 2026-04-08T01:23:34Z
[INFO] ------------------------------------------------------------------------
