id,Project Name,Repo URL,Number of dependencies with vulnerabilities (Before),Number of dependencies with vulnerabilities (After),Number of vulnerabilities (Before),Number of vulnerabilities (After),Low vulnerabilities (Before),Low vulnerabilities (After),Medium vulnerabilities (Before),Medium vulnerabilities (After),High vulnerabilities (Before),High vulnerabilities (After),Critical vulnerabilities (Before),Critical vulnerabilities (After),Build Tool,Tests,Project Type,Execution Time (s),Artifacts,Improved,javaVersion,countMajor,countMinor,countPatch,countPrerelease,countBuildmetadata
4,runabol_piper,https://github.com/runabol/piper,15,14,348,346,20,19,167,166,143,143,18,18,maven,False,open source,12387,1d0f9f393c6d307824275129370a17191c3ac070,improvement,11,1,0,0,0,0
64,wcmc-its_ReCiter,https://github.com/wcmc-its/ReCiter,24,17,832,725,22,20,208,179,425,374,177,152,maven,True,open source,10650,ea0b4f65f2c29f55c3ad04f68b8f3c8899932cff,improvement,11,3,4,0,0,0
116,mikaelgrev_miglayout,https://github.com/mikaelgrev/miglayout,1,1,1,1,0,0,1,1,0,0,0,0,maven,False,open source,7138,0d75360e1d255cdae9dda74e2e39c3b3db17bcc3,no improvement,11,0,0,0,0,0
147,eclipse-collections_eclipse-collections-kata,https://github.com/eclipse-collections/eclipse-collections-kata,0,0,0,0,0,0,0,0,0,0,0,0,maven,False,open source,907,3d374def8d7a838710b5fccf0d04232dddf2ee6d,no improvement,11,0,0,0,0,0
158,brianburton_java-immutable-collections,https://github.com/brianburton/java-immutable-collections,0,0,0,0,0,0,0,0,0,0,0,0,maven,True,open source,157,d335487768ce7e24463a303034e861052772c5be,no improvement,11,0,0,0,0,0
365,stratospheric-dev_cdk-constructs,https://github.com/stratospheric-dev/cdk-constructs,0,0,0,0,0,0,0,0,0,0,0,0,maven,True,open source,511,9e0c41ac966f16e5317f0c4b20ad6868c53fea45,no improvement,11,0,0,0,0,0
381,albfernandez_juniversalchardet,https://github.com/albfernandez/juniversalchardet,0,0,0,0,0,0,0,0,0,0,0,0,maven,True,open source,92,4809df3772bb50bc0527af6ad7a6653d9ef196a8,no improvement,11,0,0,0,0,0
496,qoomon_maven-git-versioning-extension,https://github.com/qoomon/maven-git-versioning-extension,2,1,3,2,0,0,2,1,1,1,0,0,maven,True,open source,77,c6e4cfa885a26ba551e55901d08cc76dd634b9f0,improvement,11,0,0,1,0,0
512,reugn_dev-tools,https://github.com/reugn/dev-tools,1,1,2,2,1,1,1,1,0,0,0,0,maven,False,open source,442,0fcd6ad624bc2151920601fea4adefac375e8535,no improvement,11,3,0,0,0,0
733,wkrzywiec_library-hexagonal,https://github.com/wkrzywiec/library-hexagonal,15,8,277,215,16,13,120,97,122,91,19,14,maven,True,open source,2950,e2b77ab1d03e7d13ad52699d86d191b75791b536,improvement,11,1,4,1,0,0
754,zowe_zowe-client-java-sdk,https://github.com/zowe/zowe-client-java-sdk,1,1,1,1,0,0,1,1,0,0,0,0,maven,True,open source,121,64592bf305b34d18d3bd7778ca2f4cf5c07b5825,no improvement,11,0,0,0,0,0
765,Hack23_sonar-cloudformation-plugin,https://github.com/Hack23/sonar-cloudformation-plugin,1,0,1,0,0,0,0,0,1,0,0,0,maven,True,open source,125,a13d02acd5d180aeb8ac86f20aa911598219230b,improvement,11,0,1,0,0,0
782,myxzjie_cms,https://github.com/myxzjie/cms,28,14,488,128,34,6,187,30,236,69,31,23,maven,False,open source,479,9f2ff021896fe350768b787cb4d1824dad24e4f2,improvement,11,15,4,3,0,0
811,bhlangonijr_chesslib,https://github.com/bhlangonijr/chesslib,0,0,0,0,0,0,0,0,0,0,0,0,maven,True,open source,69,a2e6d6acfbc40018b666406a9b5fd0770e5e2af2,no improvement,11,0,0,0,0,0
832,raydac_java-binary-block-parser,https://github.com/raydac/java-binary-block-parser,1,0,1,0,0,0,0,0,1,0,0,0,maven,False,open source,66,3acb2e538e16da8f4bc5c143409a43b33e741dc1,improvement,11,0,0,1,0,0
842,crawler-commons_crawler-commons,https://github.com/crawler-commons/crawler-commons,1,0,5,0,0,0,0,0,2,0,3,0,maven,True,open source,76,a8c0e95713c966bac4da722afa0cc3cdbe95eda4,improvement,11,0,0,1,0,0
907,nikoo28_java-solutions,https://github.com/nikoo28/java-solutions,0,0,0,0,0,0,0,0,0,0,0,0,maven,True,open source,71,a7f282d36a96a486af2259f5fd15deb96b00667a,no improvement,11,0,0,1,0,0
923,monarch-initiative_phenol,https://github.com/monarch-initiative/phenol,4,2,17,12,1,0,9,8,7,4,0,0,maven,False,open source,163,7df95fc4bd9cd6f17400dd51e71dec11e2eb1931,improvement,11,0,2,0,0,0
992,10cks_fofaEX,https://github.com/10cks/fofaEX,5,0,15,0,1,0,7,0,6,0,1,0,maven,False,open source,80,9a228815c04e81f5cba52f1cfe7ada4fbbe4e3c9,improvement,11,2,3,1,0,0
1054,ls1intum_Ares,https://github.com/ls1intum/Ares,1,0,2,0,1,0,1,0,0,0,0,0,maven,False,open source,745,267e744b391c7f2482566461356494704fcefa01,improvement,11,0,0,1,0,0
1115,oVirt_ovirt-engine-api-model,https://github.com/oVirt/ovirt-engine-api-model,0,0,0,0,0,0,0,0,0,0,0,0,maven,False,open source,125,3b9fdb8974be0a6d3c4e193dbd62a65272a510b1,no improvement,11,0,0,0,0,0
1221,bigintpro_csdn_downloader,https://github.com/bigintpro/csdn_downloader,0,0,0,0,0,0,0,0,0,0,0,0,maven,False,open source,42,92f219d4ef5444fc0c180240eebd919e85d9e100,no improvement,11,0,0,0,0,0
117,zalando_tokens,https://github.com/zalando/tokens,1,0,1,0,0,0,0,0,1,0,0,0,maven,True,open source,188,227be9b81106297551a577227a687e5c5e25f346,improvement,11,0,0,1,0,0
156,zakariamaaraki_RemoteCodeCompiler,https://github.com/zakariamaaraki/RemoteCodeCompiler,22,13,496,282,26,18,186,114,223,116,61,34,maven,False,open source,3488,69a060724def1fb529346b8c574ce21b0bd08832,improvement,11,6,7,1,0,0
252,pac4j_spark-pac4j,https://github.com/pac4j/spark-pac4j,1,1,7,7,2,2,4,4,1,1,0,0,maven,False,open source,87,99491fa002bab4e4ede17e8a73c5714e098e80dd,no improvement,11,0,0,0,0,0
271,LeonardoZ_java-concurrency-patterns,https://github.com/LeonardoZ/java-concurrency-patterns,0,0,0,0,0,0,0,0,0,0,0,0,maven,False,open source,32,38de4e96329c35da1ac699dbb697edd1e79df214,no improvement,11,0,0,0,0,0
338,kakawait_cas-security-spring-boot-starter,https://github.com/kakawait/cas-security-spring-boot-starter,8,3,171,64,16,3,73,30,68,23,14,8,maven,False,open source,136,fb48505a4efc5f33a3e4ba72bd90231d944ebbcf,improvement,11,9,0,0,0,0
348,Jakarta-EE-Petclinic_petclinic-jakartaee,https://github.com/Jakarta-EE-Petclinic/petclinic-jakartaee,25,22,253,202,18,18,134,106,77,58,24,20,maven,True,open source,2415,242b5d79724ba4ce51168b713a814b47c3f6675b,improvement,11,3,0,1,0,0
386,spotify_github-java-client,https://github.com/spotify/github-java-client,5,5,10,10,2,2,8,8,0,0,0,0,maven,True,open source,519,92bb6eaf26f4c8dc7f2bf56f0f15ba1e4f03ba0f,no improvement,11,0,0,0,0,0
400,lukehutch_pikaparser,https://github.com/lukehutch/pikaparser,0,0,0,0,0,0,0,0,0,0,0,0,maven,True,open source,40,7e8772f306b9e8fed93b14f61441fe1261ed8818,no improvement,11,0,0,0,0,0
448,resteasy_resteasy-examples,https://github.com/resteasy/resteasy-examples,2,1,12,10,0,0,0,0,6,4,6,6,maven,False,open source,1489,02dd356abb79ff22da5c65410f8be7ba9f72a946,improvement,11,2,0,0,0,0
544,AxonIQ_axonserver-connector-java,https://github.com/AxonIQ/axonserver-connector-java,4,4,23,23,2,2,17,17,4,4,0,0,maven,False,open source,123,a9d44630ffa9dc494a97dcee8d325dc691e92add,no improvement,11,0,0,0,0,0
599,xabgesagtx_telegram-spring-boot-starter,https://github.com/xabgesagtx/telegram-spring-boot-starter,3,1,58,22,6,2,24,10,26,9,2,1,maven,True,open source,407,7d1a773ccbe47883fde3a90a4fc1468dc91ccd2f,improvement,11,2,0,0,0,0
643,commoncrawl_cc-index-table,https://github.com/commoncrawl/cc-index-table,3,2,33,4,2,0,19,1,10,3,2,0,maven,False,open source,172,d5d71455955e1c3af5cd5bd870df9f22f35ba7f1,improvement,11,0,0,2,0,0
685,bonigarcia_webdrivermanager-examples,https://github.com/bonigarcia/webdrivermanager-examples,1,1,6,6,1,1,4,4,1,1,0,0,maven,True,open source,70,b91facafd0841453ac49df1d07e531faf149030b,no improvement,11,0,0,0,0,0
679,HubSpot_prettier-maven-plugin,https://github.com/HubSpot/prettier-maven-plugin,4,1,13,6,1,1,8,2,2,1,2,2,maven,False,open source,590,d7c381a73e0ae01597143af5cd68f55204e51991,improvement,11,0,1,1,0,0
688,leanstacks_skeleton-ws-spring-boot,https://github.com/leanstacks/skeleton-ws-spring-boot,12,11,470,468,18,17,137,136,237,237,78,78,maven,True,open source,3055,0e76bb55a045e0c4784d71096a32d340bed20a71,improvement,11,1,0,0,0,0
790,datafusion-contrib_datafusion-sqlancer,https://github.com/datafusion-contrib/datafusion-sqlancer,8,3,22,7,2,0,9,3,10,4,1,0,maven,False,open source,762,321c9d16f5676905a85be3845165478be971451c,improvement,11,0,4,3,1,0
791,sonar-auth-oidc_sonar-auth-oidc,https://github.com/sonar-auth-oidc/sonar-auth-oidc,1,0,2,0,0,0,2,0,0,0,0,0,maven,True,open source,49,614a361fce13f5fa262955ee9652642260827ae8,improvement,11,0,1,0,0,0
883,nwangtw_GrokkingStreamingSystems,https://github.com/nwangtw/GrokkingStreamingSystems,3,2,19,13,5,4,11,8,3,1,0,0,maven,False,open source,498,dceb752475127a4b7bb390e01f860bbbf06e955f,improvement,11,0,2,0,0,0
900,praveensirvi1212_DevSecOps-project,https://github.com/praveensirvi1212/DevSecOps-project,2,0,88,0,6,0,39,0,37,0,6,0,maven,True,open source,70,cf8011475f91173a7bffa1a5c03ec7bf685116dc,improvement,11,2,0,0,0,0
920,tericcabrel_spring-user-management,https://github.com/tericcabrel/spring-user-management,17,14,474,259,23,21,167,87,218,121,66,30,maven,False,open source,1135,ca0fadad72dc59e374c0b00944c648f94659cc64,improvement,11,8,5,1,0,0
930,GoogleCloudPlatform_bigquery-antipattern-recognition,https://github.com/GoogleCloudPlatform/bigquery-antipattern-recognition,9,2,134,15,14,0,60,8,57,7,3,0,maven,False,open source,453,8ea9eaf1de871141894a13e3ef7e31725c0471e1,improvement,11,2,5,0,0,0
949,Trendyol_Jdempotent,https://github.com/Trendyol/Jdempotent,10,1,228,36,20,4,112,16,80,10,16,6,maven,False,open source,396,1645ea62a9d20dd1066b434023178c52093879b0,improvement,11,8,3,1,0,0
992,ashwanthkumar_gocd-slack-build-notifier,https://github.com/ashwanthkumar/gocd-slack-build-notifier,3,1,8,6,0,0,4,4,4,2,0,0,maven,True,open source,129,2f738b3bf518016abf7544f0ed92e0c354bf5deb,improvement,11,0,1,0,0,0
1041,freedev_solr-import-export-json,https://github.com/freedev/solr-import-export-json,3,2,14,10,1,0,9,7,4,3,0,0,maven,False,open source,280,e11942d771da4a849970b2d092d99187ad51e576,improvement,11,0,1,2,0,0
1159,he2121_MyRPCFromZero,https://github.com/he2121/MyRPCFromZero,2,2,17,5,1,0,6,4,6,1,4,0,maven,False,open source,98,61b878e5cf6a6c6dcb66a27dbeaa47b746364f97,improvement,11,0,1,1,0,0
1153,THLfi_koronavilkku-backend,https://github.com/THLfi/koronavilkku-backend,10,2,265,13,25,1,118,8,113,3,9,1,maven,False,open source,366,0d8c5f0ea3e7cede070bca3b1bbca2f3a7f14d4a,improvement,11,9,1,2,0,0
1166,future-architect_uroborosql,https://github.com/future-architect/uroborosql,11,6,27,14,2,1,16,13,7,0,2,0,maven,False,open source,418,f47a53a4877c8f3d531c7df2eb5d099444f92087,improvement,11,2,1,2,0,0
1173,commoncrawl_cc-webgraph,https://github.com/commoncrawl/cc-webgraph,4,4,214,214,14,14,71,71,98,98,31,31,maven,True,open source,87,23a4aed91110b71623373970d65f798acdf01ade,no improvement,11,0,0,0,0,0
1129,timpeeters_spring-boot-graceful-shutdown,https://github.com/timpeeters/spring-boot-graceful-shutdown,14,14,240,240,14,14,108,108,101,101,17,17,maven,True,open source,4897,6db79270990fae65fd8ef516fc25b1d3e2c6ac41,no improvement,11,0,0,0,0,0
1185,YunaBraska_nats-server-embedded,https://github.com/YunaBraska/nats-server-embedded,2,2,35,35,5,5,17,17,13,13,0,0,maven,True,open source,913,ebb2adc347dd7c1bfc438e5cbf4bddea25afbca8,no improvement,11,0,0,0,0,0
1197,ahmet-cetinkaya_hrms-project-backend,https://github.com/ahmet-cetinkaya/hrms-project-backend,9,9,263,120,16,14,95,53,118,48,34,5,maven,False,open source,1065,07074fc137f9c62a5125f003febedcbde21b82f8,improvement,11,5,1,0,0,0
1207,EricSoftTM_OrionAlpha,https://github.com/EricSoftTM/OrionAlpha,1,0,1,0,0,0,1,0,0,0,0,0,maven,False,open source,109,815b6c08a44f446c49213975aa231b6829dbcdf5,improvement,11,0,0,1,0,0
1267,mariofusco_from-gof-to-lambda,https://github.com/mariofusco/from-gof-to-lambda,0,0,0,0,0,0,0,0,0,0,0,0,maven,False,open source,42,95406fbfeebc5d82472baaa2bb1a4330a0a6af7f,no improvement,11,0,0,0,0,0
1269,ModelioOpenSource_Modelio,https://github.com/ModelioOpenSource/Modelio,0,0,0,0,0,0,0,0,0,0,0,0,maven,False,open source,53,7df85e67933f25adda1f7ed8ad82c6f03e5fb9c4,no improvement,11,0,0,0,0,0
1270,matthewgallina_smockin,https://github.com/matthewgallina/smockin,11,7,332,138,24,14,101,65,161,55,46,4,maven,True,open source,1290,9aa3b939e04f6878a6a11e568c4ce35ac3fab916,improvement,11,3,1,3,0,0
1293,pipauwel_IFCtoRDF,https://github.com/pipauwel/IFCtoRDF,4,3,17,11,0,0,5,5,9,6,3,0,maven,False,open source,227,04e836f5bfca195942d73795d09d49dbab08c375,improvement,11,0,1,1,0,0
1342,spring-petclinic_spring-petclinic-reactive,https://github.com/spring-petclinic/spring-petclinic-reactive,12,9,307,196,19,12,144,96,127,76,17,12,maven,True,open source,1186,68534cf88a9d022467b9590b953ea4fc7f78bd6b,improvement,11,2,4,0,0,0
1345,Jubilee101_SweetHome,https://github.com/Jubilee101/SweetHome,9,7,218,207,14,12,72,68,107,102,25,25,maven,False,open source,1098,6b8a9c21985f08fea62e2e535f436b53acd3f936,improvement,11,1,0,0,0,0
1389,SelimHorri_project-tracking-system-backend-app,https://github.com/SelimHorri/project-tracking-system-backend-app,15,13,423,124,25,21,168,55,182,41,48,7,maven,True,open source,1130,b236c3a96c9d2e7afc026a38c4f3572410112b62,improvement,11,11,1,0,0,0
1542,ngageoint_tiff-java,https://github.com/ngageoint/tiff-java,0,0,0,0,0,0,0,0,0,0,0,0,maven,True,open source,101,0b3d9be69b704129f39e7ba5b8528f2e969fdb30,no improvement,11,0,0,0,0,0
1558,hkamel_sonar-auth-aad,https://github.com/hkamel/sonar-auth-aad,5,1,9,1,1,0,5,0,3,1,0,0,maven,True,open source,277,e0beada341605b76b4a181abd426036e10b21ab8,improvement,11,0,3,0,0,0
1572,Kaysoro_KaellyBot,https://github.com/Kaysoro/KaellyBot,3,1,7,1,1,0,3,0,3,1,0,0,maven,False,open source,128,5b39c1952e1f42edf37479d29b2f1bf7ca49dbb6,improvement,11,0,3,0,0,0
1567,hackrslab_studyolle,https://github.com/hackrslab/studyolle,15,15,315,168,21,22,136,70,125,56,33,20,maven,False,open source,1546,7c21c5621834dd740fd7edbde46bd407031edf9e,improvement,11,6,0,2,0,0
1589,luontola_cqrs-hotel,https://github.com/luontola/cqrs-hotel,8,8,284,284,13,13,77,77,150,150,44,44,maven,False,open source,1997,5c9f358034a1fbbc4158166ca78ead92d939f89f,no improvement,11,0,0,0,0,0
1658,rexma0721_spring-boot-otp,https://github.com/rexma0721/spring-boot-otp,10,7,251,186,16,11,118,84,97,77,20,14,maven,True,open source,1647,31072657fcbbe421e43acc1a3861f7b06ae7970b,improvement,11,3,0,0,0,0
1717,HouariZegai_Calculator,https://github.com/HouariZegai/Calculator,1,0,1,0,0,0,0,0,1,0,0,0,maven,False,open source,52,2a459a169330e06d93548a7520e9dc6a2c93d1b1,improvement,11,0,1,0,0,0
1855,rusakovichma_TicTaaC,https://github.com/rusakovichma/TicTaaC,0,0,0,0,0,0,0,0,0,0,0,0,maven,True,open source,94,313b8828034a0309ebe04f0d4c781e0a76e339e7,no improvement,11,0,0,0,0,0
1862,ammaralii_interview-preparation-kit,https://github.com/ammaralii/interview-preparation-kit,0,0,0,0,0,0,0,0,0,0,0,0,maven,True,open source,67,93dbc402a2b11cfbe9915403532333dcbef233dd,no improvement,11,0,0,0,0,0
1891,geneontology_obographs,https://github.com/geneontology/obographs,11,4,180,102,5,1,55,34,96,48,24,19,maven,False,open source,782,6676b10a5cce04707d75b9dd46fa08de70322b0b,improvement,11,0,9,1,0,0
1894,bansh2eBreak_SpringVulnBoot-backend,https://github.com/bansh2eBreak/SpringVulnBoot-backend,14,13,273,168,19,15,97,42,121,87,36,24,maven,True,open source,1493,49ff753f9bb8a40bc95cf5f86d8b040605c996c5,improvement,11,6,1,1,0,0
1972,ImSejin_lezhin-comics-downloader,https://github.com/ImSejin/lezhin-comics-downloader,7,1,19,3,3,0,12,2,3,1,1,0,maven,True,open source,328,79b007aad216342f12b3cd76204f773d9b1f0f54,improvement,11,3,3,0,0,0
2066,Perfecto-Quantum_Quantum-Starter-Kit,https://github.com/Perfecto-Quantum/Quantum-Starter-Kit,2,1,23,6,3,1,11,4,7,1,2,0,maven,False,open source,297,f419fc1be9aecb084906fac29ebd4043fc0eadce,improvement,11,1,0,1,0,0
2095,ASSERT-KTH_spork,https://github.com/ASSERT-KTH/spork,4,4,17,17,2,2,9,9,6,6,0,0,maven,True,open source,819,c1b35d81c44d61d883da7ca91ae0088b6b8f3f2f,no improvement,11,0,0,0,0,0
2134,springframeworkguru_springbootwebapp,https://github.com/springframeworkguru/springbootwebapp,7,4,216,25,12,10,98,8,88,6,18,1,maven,True,open source,274,afa695b7b1be1e5978320175ea2aaf13be0bd013,improvement,11,7,0,0,0,0
2144,ctron_rpm-builder,https://github.com/ctron/rpm-builder,2,1,13,4,2,1,7,2,3,0,1,1,maven,False,open source,205,b4a3a705cf39eab6f1d9b0c633f46e11af8311f4,improvement,11,0,1,1,0,0
2234,chris-ali_j6dof-flight-sim,https://github.com/chris-ali/j6dof-flight-sim,3,2,6,5,0,0,3,2,3,3,0,0,maven,False,open source,974,931dbcbd5a71b35adfdc2dc2cd9471247715d453,improvement,11,0,1,0,0,0
2261,FileSysOrg_jfileserver,https://github.com/FileSysOrg/jfileserver,1,1,4,4,0,0,4,4,0,0,0,0,maven,False,open source,82,60561313cd5b99dba439dfc5c132419145a8be61,no improvement,11,0,0,0,0,0
2317,mbC6zC_jAlbum,https://github.com/mbC6zC/jAlbum,35,7,396,20,33,0,194,12,143,3,26,5,maven,False,open source,377,5a1e8bee37e792bc18f843099df1e54297a3b738,improvement,11,16,5,10,0,0
2353,jzheng2017_spotify-web-api-wrapper,https://github.com/jzheng2017/spotify-web-api-wrapper,3,0,8,0,0,0,2,0,3,0,3,0,maven,True,open source,165,9689290b04dd8f8eabb4be30dd240975fdae22fb,improvement,11,2,0,0,0,0
2379,soujava_pom-editor-maven-plugin,https://github.com/soujava/pom-editor-maven-plugin,4,4,16,16,2,2,6,6,4,4,4,4,maven,True,open source,261,03f2f0d212bc1f1d6ef767358d591cffd8458333,no improvement,11,0,0,0,0,0
17,robsonbittencourt_gafanhoto,https://github.com/robsonbittencourt/gafanhoto,5,5,128,128,4,4,36,36,59,59,29,29,maven,True,open source,1303,b066562c5fbdf393d359613d76a54275be282aac,no improvement,11,0,0,0,0,0
48,payara_Cloud-Connectors,https://github.com/payara/Cloud-Connectors,10,4,202,158,2,2,68,34,106,96,26,26,maven,False,open source,337,1765896f884bcc93407482e0b0915dc6b362a926,improvement,11,0,10,2,0,0
67,strategicblue_parquet-floor,https://github.com/strategicblue/parquet-floor,1,1,52,52,3,3,20,20,22,22,7,7,maven,True,open source,47,27ffe1e9c13a35900696074a308fe133e45577e5,no improvement,11,0,0,0,0,0
99,sethm_symon,https://github.com/sethm/symon,0,0,0,0,0,0,0,0,0,0,0,0,maven,True,open source,61,47c87aac56465d076b7d32c3a2686624273d8e6a,no improvement,11,0,0,0,0,0
166,fugazi_carbonfour-selenium-4,https://github.com/fugazi/carbonfour-selenium-4,2,2,18,18,0,0,12,12,4,4,2,2,maven,False,open source,59,7612d6a50297b4d95bb757320e76b3e68798c41e,no improvement,11,0,0,0,0,0
219,zwaldeck_mollie,https://github.com/zwaldeck/mollie,0,0,0,0,0,0,0,0,0,0,0,0,maven,True,open source,65,e5875580cb8956445fe4263f0425b327e36f3c20,no improvement,11,0,0,0,0,0
263,gaul_java-httpbin,https://github.com/gaul/java-httpbin,2,2,2,2,0,0,2,2,0,0,0,0,maven,True,open source,139,e6f2010114be4399f5f8a73c5b05c1d37889e30d,no improvement,11,0,0,0,0,0
274,seculayer_AutoAPE-mrms,https://github.com/seculayer/AutoAPE-mrms,13,5,157,46,13,4,48,24,62,17,34,1,maven,False,open source,1160,2c24d5c3c97b617a8b31d7cb7e13760956da9dce,improvement,11,0,5,3,0,0
333,google_robotstxt-java,https://github.com/google/robotstxt-java,3,0,8,0,2,0,3,0,3,0,0,0,maven,True,open source,123,ef74a3c5d7bb7047c018a24391a66081e5ff8688,improvement,11,1,1,1,0,0
338,cosen1024_community,https://github.com/cosen1024/community,18,18,600,599,28,28,204,204,300,299,68,68,maven,False,open source,8983,103f0a21a560f336912655c2d7d6e6a530d2aa12,improvement,11,0,1,0,0,0
399,openshift-roadshow_nationalparks,https://github.com/openshift-roadshow/nationalparks,5,5,307,307,8,8,88,88,137,137,74,74,maven,False,open source,2396,7e863e5974eeb00c74a29b516aad5965e0be7013,no improvement,11,0,1,0,0,0
421,knowm_memristor-discovery,https://github.com/knowm/memristor-discovery,2,0,10,0,0,0,9,0,1,0,0,0,maven,False,open source,146,9e01a9b7103545fa5fecabcaada6bac462c3ecda,improvement,11,0,1,1,0,0
437,Luncher91_A2LParser,https://github.com/Luncher91/A2LParser,0,0,0,0,0,0,0,0,0,0,0,0,maven,True,open source,75,55d0880e368f75bc683fd273a3e299d5e766e176,no improvement,11,0,0,0,0,0
401,Ogefest_filehunter,https://github.com/Ogefest/filehunter,14,14,172,172,3,3,83,83,82,82,4,4,maven,False,open source,6197,1eb899a54fcdc4939e66d9561d3215753f75aa0e,no improvement,11,0,0,0,0,0
451,Kvark900_spring-jpa-thymeleaf-bootstrap,https://github.com/Kvark900/spring-jpa-thymeleaf-bootstrap,12,9,263,227,17,15,121,106,103,90,22,16,maven,False,open source,1902,6359bd124dc4b12e7cde10e57bcd56a1aa7496d1,improvement,11,0,2,1,0,0
464,callicoder_spring-boot-mysql-rest-api-tutorial,https://github.com/callicoder/spring-boot-mysql-rest-api-tutorial,6,1,159,1,11,0,74,0,65,1,9,0,maven,False,open source,171,842e64455ce9bc2dee07299c4acaf748e165de9c,improvement,11,5,0,1,0,0
508,dhaneeshtb_scaleguard,https://github.com/dhaneeshtb/scaleguard,5,1,60,49,0,0,12,3,29,27,19,19,maven,True,open source,259,795378b508c2a9de96dcdc21b860fd3014e38a62,improvement,11,0,3,1,0,0
543,projectbarbel_barbelhisto-core,https://github.com/projectbarbel/barbelhisto-core,4,2,59,56,1,0,4,4,31,40,23,12,maven,True,open source,220,a6f5877ab6fdd7aea3c2f920ae8906cf8ebd6ac1,improvement,11,0,2,0,0,0
555,CourseOrchestra_2bass,https://github.com/CourseOrchestra/2bass,5,5,9,9,0,0,8,8,1,1,0,0,maven,False,open source,98,821123b8b37a9107f1324ca7f966e36bfd854bab,no improvement,11,0,0,0,0,0
573,wiverson_jtoolprovider-plugin,https://github.com/wiverson/jtoolprovider-plugin,3,2,11,5,1,1,5,2,3,1,2,1,maven,True,open source,82,969fb4114884a67463fc3db814adbae922d76c55,improvement,11,0,0,1,0,0
604,callicoder_spring-boot-file-upload-download-rest-api-example,https://github.com/callicoder/spring-boot-file-upload-download-rest-api-example,2,0,87,0,6,0,39,0,36,0,6,0,maven,False,open source,78,13b64dece35131b4723a63b21888ffa4be059508,improvement,11,2,0,0,0,0
751,bThink-BGU_BPjs,https://github.com/bThink-BGU/BPjs,0,0,0,0,0,0,0,0,0,0,0,0,maven,False,open source,75,64040f14c734e5904438e9b0f9c0a01268c7e5bf,no improvement,11,0,0,0,0,0
915,microsoft_vscode-remote-try-java,https://github.com/microsoft/vscode-remote-try-java,0,0,0,0,0,0,0,0,0,0,0,0,maven,True,open source,52,4638a925031f05cca946b8ce6ab640c433c93585,no improvement,11,0,0,0,0,0
978,jodastephen_jpms-module-names,https://github.com/jodastephen/jpms-module-names,1,0,64,0,0,0,12,0,33,0,19,0,maven,True,open source,395,86232667f236baae5851d0f7d152a7adee58c339,improvement,11,0,1,0,0,0
980,manticore-projects_H2MigrationTool,https://github.com/manticore-projects/H2MigrationTool,0,0,0,0,0,0,0,0,0,0,0,0,maven,True,open source,53,5b715410331e0e8dd66c5b81e60a2edf894112b2,no improvement,11,0,0,0,0,0
1021,Project-Books_books-api,https://github.com/Project-Books/books-api,10,7,269,96,15,6,115,41,111,40,28,9,maven,True,open source,843,1634e7766c27a99c5a5594a6ba9c856ea0eebaf5,improvement,11,5,0,0,0,0
1040,dhatim_dropwizard-jwt-cookie-authentication,https://github.com/dhatim/dropwizard-jwt-cookie-authentication,1,1,1,1,0,0,1,1,0,0,0,0,maven,True,open source,93,72f25ec139539d2a8fb330f7daad74e92cc9cb69,no improvement,11,0,0,0,0,0
1053,ngageoint_simple-features-geojson-java,https://github.com/ngageoint/simple-features-geojson-java,0,0,0,0,0,0,0,0,0,0,0,0,maven,True,open source,61,f0c7b96acf2ffbcc892d85379e17803e17d080ff,no improvement,11,0,0,0,0,0
1095,spannm_ucanaccess,https://github.com/spannm/ucanaccess,0,0,0,0,0,0,0,0,0,0,0,0,maven,True,open source,168,6db0373a8209ecc5f635e8d963b80ad7e735fca5,no improvement,11,0,0,0,0,0
1203,nla_outbackcdx,https://github.com/nla/outbackcdx,0,0,0,0,0,0,0,0,0,0,0,0,maven,False,open source,96,0ef4990d2c7bcc1cd067bfd34c9c399fd9f8003e,no improvement,11,0,0,0,0,0
1288,philippefichet_sonarlint4netbeans,https://github.com/philippefichet/sonarlint4netbeans,1,0,2,0,0,0,2,0,0,0,0,0,maven,False,open source,729,5e31bce20614395b1dc3b005a1bb27c9d5a4d76a,improvement,11,0,0,0,0,0
1311,agoncal_agoncal-fascicle-quarkus-pract,https://github.com/agoncal/agoncal-fascicle-quarkus-pract,18,1,401,16,5,0,248,10,147,6,1,0,maven,False,open source,1245,3e8b92db89b4888d221c88f66e42bf3092becad0,improvement,11,23,12,0,0,0
1349,toomasr_sgf4j,https://github.com/toomasr/sgf4j,2,0,5,0,0,0,1,0,2,0,2,0,maven,False,open source,427,bb4f45024357a9131aea8656ada913707b6ce08c,improvement,11,0,1,0,0,0
1385,ngageoint_geopackage-core-java,https://github.com/ngageoint/geopackage-core-java,0,0,0,0,0,0,0,0,0,0,0,0,maven,True,open source,95,83ba47617d086f0a3b44929cd08171864fbb468e,no improvement,11,0,0,0,0,0
1512,gflewis_sndml3,https://github.com/gflewis/sndml3,1,0,5,0,1,0,1,0,1,0,2,0,maven,True,open source,94,fde636075268cfeb2482ff4dcd33379a6612f4d6,improvement,11,0,1,0,0,0
1683,uLucasFraga_restassured_for_studies,https://github.com/uLucasFraga/restassured_for_studies,8,2,139,9,1,0,24,6,90,3,24,0,maven,False,open source,127,bc9d6b9c804f4916c0e2f69cd3369e87946932fd,improvement,11,1,3,2,0,0
1719,nlpub_watset-java,https://github.com/nlpub/watset-java,0,0,0,0,0,0,0,0,0,0,0,0,maven,True,open source,59,0769fa7ab3f7cbeef9e18f95c356fc1aeebadfcd,no improvement,11,0,0,0,0,0
1710,dbmdz_iiif-server-hymir,https://github.com/dbmdz/iiif-server-hymir,15,13,283,279,20,19,105,103,120,119,38,38,maven,False,open source,1099,a541214e0760c3ce471f298a282e33b40ad5a12c,improvement,11,1,0,0,0,0
1766,novuhq_novu-java,https://github.com/novuhq/novu-java,5,0,7,0,0,0,6,0,1,0,0,0,maven,False,open source,108,c36eebc8a11ab4d547e5ae85373e5370c83d1b40,improvement,11,2,3,0,0,0
1809,Infosys_CouchbaseLiteTester,https://github.com/Infosys/CouchbaseLiteTester,7,1,23,1,1,0,7,1,10,0,5,0,maven,False,open source,321,c00147926c8e67fd74b40432265e66f685caf201,improvement,11,1,3,2,0,0
1854,twilio_twilio-oai-generator,https://github.com/twilio/twilio-oai-generator,0,0,0,0,0,0,0,0,0,0,0,0,maven,True,open source,64,9e06108881481946bb75f4db5628018d3f18fe0e,no improvement,11,0,0,0,0,0
1906,SandraSmolerEisenberg_TuringTurtles_Application,https://github.com/SandraSmolerEisenberg/TuringTurtles_Application,2,0,112,0,0,0,7,0,78,0,27,0,maven,False,open source,262,f9cd99a6e0592c6ee34503a8c682beb636f49b69,improvement,11,0,2,0,0,0
1911,gustavoponce7_spring-login,https://github.com/gustavoponce7/spring-login,10,9,257,255,13,13,115,113,108,108,21,21,maven,False,open source,2997,f4f0e9522b683962402b874bbe66f9b7eaac9489,improvement,11,0,0,0,0,0
1928,untisapi_untis4j,https://github.com/untisapi/untis4j,1,0,1,0,0,0,0,0,1,0,0,0,maven,False,open source,70,ce0df3081ca583a2f9b38a2bae38cdc3cb1561e7,improvement,11,0,0,0,0,0
2075,MFinnnne_react-admin-server,https://github.com/MFinnnne/react-admin-server,22,11,409,166,24,14,193,80,163,66,29,6,maven,False,open source,2191,c314415d13b6467fa8663070ba8515d1dafa5aea,improvement,11,8,5,2,0,0
2142,adarlan_plankton,https://github.com/adarlan/plankton,5,2,126,85,8,5,58,37,53,37,7,6,maven,False,open source,660,a6a8355d1c3a4873645df7fa8d13d9862e48dd29,improvement,11,1,1,0,0,0
2146,pac4j_dropwizard-pac4j,https://github.com/pac4j/dropwizard-pac4j,0,0,0,0,0,0,0,0,0,0,0,0,maven,True,open source,394,dc120c4a059f1d0a35d48daaab1109a644ef6ed8,no improvement,11,0,0,0,0,0
2194,rcardin_kafkaesque,https://github.com/rcardin/kafkaesque,4,3,10,8,1,1,9,7,0,0,0,0,maven,False,open source,69,148d66d1bad7dec89f225948fca6a9a3e6eb1cf3,improvement,11,0,1,0,0,0
2246,sormuras_testing-in-the-modular-world,https://github.com/sormuras/testing-in-the-modular-world,0,0,0,0,0,0,0,0,0,0,0,0,maven,True,open source,55,222a6cb7f71ec516163f7f8c8a1cab031d5749e1,no improvement,11,0,0,0,0,0
2291,adobe_aemanalyser-maven-plugin,https://github.com/adobe/aemanalyser-maven-plugin,11,7,34,15,3,1,14,5,16,9,1,0,maven,False,open source,927,8d858ae9b4231e21be9867f464e4c90c945c38d7,improvement,11,0,3,6,0,0
2373,phip1611_docx4j-search-and-replace-util,https://github.com/phip1611/docx4j-search-and-replace-util,0,0,0,0,0,0,0,0,0,0,0,0,maven,True,open source,70,190d3739bff06050ecddb3b7acf13999a813b533,no improvement,11,0,0,0,0,0
2378,PedroLucasOM_SpringBatchLearning,https://github.com/PedroLucasOM/SpringBatchLearning,6,2,125,2,8,1,57,0,54,1,6,0,maven,False,open source,100,ababfb44c208b3d7e8211db8df772fe256ba9026,improvement,11,4,1,1,0,0
2384,konovalov-maksim_play_market_parser,https://github.com/konovalov-maksim/play_market_parser,2,0,2,0,1,0,1,0,0,0,0,0,maven,False,open source,721,b0952e6c788685110ae82322602f45b961299497,improvement,11,0,2,0,0,0
2395,wdrammeh_utg-student-dashboard,https://github.com/wdrammeh/utg-student-dashboard,2,2,38,11,3,1,23,7,9,2,3,1,maven,True,open source,441,4dc1e7c8bad4338943edc9a3eed04fed9f734b37,improvement,11,1,1,0,0,0
2416,backstreetbrogrammer_11_JavaSpark,https://github.com/backstreetbrogrammer/11_JavaSpark,7,5,287,67,23,4,115,29,117,28,32,6,maven,False,open source,849,c50d414251801ebbbe20afa7a93526bb17a828cf,improvement,11,0,6,0,0,0
2517,axel3rd_mpg-coach-bot,https://github.com/axel3rd/mpg-coach-bot,1,1,4,4,1,1,2,2,1,1,0,0,maven,True,open source,83,91edd92025745296d46c2f6b03b5718f25f6f5dd,no improvement,11,0,0,0,0,0
2541,analysys_presto-hbase-connector,https://github.com/analysys/presto-hbase-connector,12,7,343,89,20,10,79,39,170,34,74,6,maven,True,open source,1669,ea7d5c1c62b3f4d572e4edeaf4c8018d8018b999,improvement,11,1,3,0,0,0
2565,ssherwood_spring-boot-jpa,https://github.com/ssherwood/spring-boot-jpa,14,12,270,268,19,19,125,125,106,105,20,19,maven,True,open source,1759,ce1a5a76eb58f9b51756124aa83f75eae7046ab7,improvement,11,0,1,0,0,0
2566,s1ck_gdl,https://github.com/s1ck/gdl,0,0,0,0,0,0,0,0,0,0,0,0,maven,True,open source,47,0728c05284753c81a8c9bc6e03e57012779c5ef2,no improvement,11,0,0,0,0,0
2639,samuelalmeida95_giveMeBack-api,https://github.com/samuelalmeida95/giveMeBack-api,9,7,190,115,13,11,86,51,76,49,15,4,maven,True,open source,856,7ee80fc3237cfd4301d8d6643287aac95b86c7b6,improvement,11,2,6,0,0,0
2709,Coreoz_Windmill,https://github.com/Coreoz/Windmill,3,0,9,0,1,0,4,0,4,0,0,0,maven,True,open source,84,dff3bc5f4b194c263f99eb9c8e8e45de7c94239f,improvement,11,0,3,0,0,0
2728,52North_jackson-datatype-jts,https://github.com/52North/jackson-datatype-jts,0,0,0,0,0,0,0,0,0,0,0,0,maven,True,open source,72,b3d5a58916367456bb7d00b19827f53d51498022,no improvement,11,0,0,0,0,0
2793,NeoTheCapt_PowerScanner,https://github.com/NeoTheCapt/PowerScanner,4,1,8,1,1,0,2,0,5,1,0,0,maven,False,open source,53,10b8fa1f02a2cb337af2e72ef6f6cb49774e1ab9,improvement,11,1,1,1,0,0
2797,Nylle_JavaFixture,https://github.com/Nylle/JavaFixture,0,0,0,0,0,0,0,0,0,0,0,0,maven,True,open source,64,883f6f3e2899f9096af34da2040fc20c20def060,no improvement,11,0,0,0,0,0
2805,volodya-lombrozo_xnav,https://github.com/volodya-lombrozo/xnav,0,0,0,0,0,0,0,0,0,0,0,0,maven,True,open source,60,422a35dc79e81acf5014a7a4e074164cbc3d0cf5,no improvement,11,0,0,0,0,0
2845,ngageoint_simple-features-wkb-java,https://github.com/ngageoint/simple-features-wkb-java,0,0,0,0,0,0,0,0,0,0,0,0,maven,True,open source,57,48cb9746c757e8df9de62303dc7b4818254eb8a9,no improvement,11,0,0,0,0,0
2849,jonashackt_traefik-cache-nginx-spring-boot,https://github.com/jonashackt/traefik-cache-nginx-spring-boot,6,2,245,44,29,3,113,23,95,16,8,2,maven,False,open source,121,8a338264575111d6744a9278422cb72d46557b20,improvement,11,9,0,0,0,0
2846,mincong-h_learning-elasticsearch,https://github.com/mincong-h/learning-elasticsearch,9,1,279,72,0,0,192,56,75,16,12,0,maven,False,open source,887,679521467151d9ae0cff2ba57e9ad04a4e52c6fb,improvement,11,1,23,1,0,0
2873,jzheng2017_resultset-mapper,https://github.com/jzheng2017/resultset-mapper,0,0,0,0,0,0,0,0,0,0,0,0,maven,True,open source,78,f8a701f8f030c283551a0c0c2b4ec181739ac281,no improvement,11,0,0,0,0,0
2927,zonaut_keycloak-extensions,https://github.com/zonaut/keycloak-extensions,4,2,1075,6,84,0,560,6,378,0,53,0,maven,False,open source,155,6a626afd77202cffc2dc25ae47faa7fc6a1b6e56,improvement,11,16,0,0,0,0
2930,Patresss_Java-Own-Framework---step-by-step,https://github.com/Patresss/Java-Own-Framework---step-by-step,2,1,10,5,0,0,0,0,4,2,6,3,maven,False,open source,42,a2fe7b50b1b1182034fc34e9a3cee1d471878998,improvement,11,0,0,1,0,0
2937,docusign_code-examples-java,https://github.com/docusign/code-examples-java,6,5,106,75,11,11,42,25,46,35,7,4,maven,False,open source,673,cf83a8e52d9ca3d361da13ca600e8739e124884d,improvement,11,4,1,1,0,0
2965,brenoepics_at4j,https://github.com/brenoepics/at4j,0,0,0,0,0,0,0,0,0,0,0,0,maven,True,open source,62,a85ecb251cfc2e5236bb147bb214ba0facd033d6,no improvement,11,0,0,0,0,0
2997,InfluxCommunity_influxdb3-java,https://github.com/InfluxCommunity/influxdb3-java,0,0,0,0,0,0,0,0,0,0,0,0,maven,True,open source,110,a12fa649a8f9252616ca07c4b2a8b7aafce5f1de,no improvement,11,0,0,0,0,0
3061,PGSSoft_HttpClientMock,https://github.com/PGSSoft/HttpClientMock,0,0,0,0,0,0,0,0,0,0,0,0,maven,True,open source,58,7d0a27d9dff9470f1937595b2a9a5b0258729cd5,no improvement,11,0,0,0,0,0
3056,kawasima_bouncr,https://github.com/kawasima/bouncr,15,11,442,385,3,3,91,71,277,241,71,70,maven,False,open source,1362,d32fea91cb46e577e94fff7dcf7d5733fb36b54d,improvement,11,0,8,1,0,0
3087,eh3rrera_graphql-java-spring-boot-example,https://github.com/eh3rrera/graphql-java-spring-boot-example,13,12,363,329,24,22,154,137,153,140,32,30,maven,True,open source,1774,6e03098cd329a705ffd9e62211216034cee2ae4d,improvement,11,1,1,0,0,0
3100,Aquazus_D1Proxy,https://github.com/Aquazus/D1Proxy,3,0,21,0,1,0,10,0,8,0,2,0,maven,False,open source,71,d8bfbddb6e42366f5c51b695c8da46d5a66460db,improvement,11,2,1,0,0,0
3177,slack-samples_bolt-java-starter-template,https://github.com/slack-samples/bolt-java-starter-template,1,1,2,2,0,0,1,1,1,1,0,0,maven,True,open source,81,623b2fe8a7a78b4e0b94f6bd67ac99a706b71d08,no improvement,11,0,0,0,0,0
3193,camunda-community-hub_zeebe-dmn-worker,https://github.com/camunda-community-hub/zeebe-dmn-worker,8,5,160,99,14,10,78,47,65,40,3,2,maven,False,open source,1483,15f02c98f09cdda083355c67dfe89a068b9501b7,improvement,11,0,3,0,0,0
3210,StefanoPenazzi_chameleonQuant,https://github.com/StefanoPenazzi/chameleonQuant,4,2,15,3,1,1,6,1,6,1,2,0,maven,True,open source,112,30d3820247963c5dbfbaa98d38e5d31cf74c3845,improvement,11,1,1,0,0,0
3229,Invictum_serenity-reportportal-integration,https://github.com/Invictum/serenity-reportportal-integration,5,3,20,14,3,2,9,6,7,6,1,0,maven,False,open source,576,a5a7b14e32146ae33f58fcd3c839563f8f89bfbc,improvement,11,0,1,2,0,0
3252,nscuro_bradamsa-ng,https://github.com/nscuro/bradamsa-ng,1,0,1,0,0,0,0,0,1,0,0,0,maven,True,open source,77,fa92e5a8a3fd740482480585f781dbd2b6727cad,improvement,11,0,1,0,0,0
3270,mipo256_properties-maven-plugin,https://github.com/mipo256/properties-maven-plugin,2,0,4,0,1,0,2,0,1,0,0,0,maven,True,open source,113,2ab2e8ebc17f3b39eafdd09d6c05f51221b1af17,improvement,11,0,0,2,0,0
3282,kmandalas_webclient-showcase,https://github.com/kmandalas/webclient-showcase,15,4,1314,96,93,4,606,58,525,30,90,4,maven,False,open source,785,5fe90400108306a26fc8a67ba1b0de368e5461f9,improvement,11,31,6,2,0,0
3332,sola-st_DiffSearch,https://github.com/sola-st/DiffSearch,11,3,50,7,6,0,24,2,14,2,6,3,maven,True,open source,137,8cc9584fbf20ca0823ea284acc488116ea647f96,improvement,11,1,2,2,0,0
3387,sttp-book_code-examples,https://github.com/sttp-book/code-examples,1,0,1,0,0,0,1,0,0,0,0,0,maven,True,open source,89,f31fb6331ae730ff762116023cd70a6acdce7274,improvement,11,0,1,0,0,0
3429,StyraInc_opa-java-wasm,https://github.com/StyraInc/opa-java-wasm,0,0,0,0,0,0,0,0,0,0,0,0,maven,False,open source,64,230550b92417ec3415b56d9db8f02e3219799a25,no improvement,11,0,0,0,0,0
3434,jitsi_jitsi-utils,https://github.com/jitsi/jitsi-utils,1,1,1,1,0,0,1,1,0,0,0,0,maven,True,open source,379,3b921419c73fc31b1b17175044a66882e92910ae,no improvement,11,0,0,2,0,0
3607,chipolaris_BootForum,https://github.com/chipolaris/BootForum,17,8,221,80,18,8,96,37,93,33,14,2,maven,False,open source,993,37b46ca8a49cb59893abcad82adb9a35adda8f9f,improvement,11,10,1,3,0,0
3698,ocielgp_armstrong-desktop,https://github.com/ocielgp/armstrong-desktop,2,2,6,6,1,1,1,1,4,4,0,0,maven,False,open source,1538,1b2883dfe9e3f85c9396ac40e9c047cc032ae406,no improvement,11,0,0,0,0,0
3783,ggomes_otm-sim,https://github.com/ggomes/otm-sim,0,0,0,0,0,0,0,0,0,0,0,0,maven,False,open source,71,f2e6f7a82a06ef364f0c4644d91c6a4149937c8f,no improvement,11,0,0,1,0,0
3801,aws_aws-secretsmanager-jdbc,https://github.com/aws/aws-secretsmanager-jdbc,2,2,6,6,0,0,5,5,1,1,0,0,maven,True,open source,163,f6021d0d56ebd686a44f3a398f9643fd196092ba,no improvement,11,0,0,0,0,0
3831,stickfigure_hattery,https://github.com/stickfigure/hattery,1,0,2,0,1,0,1,0,0,0,0,0,maven,True,open source,127,2a13e192443e9d8fe7a4dcd4c027797c7c571365,improvement,11,0,0,1,0,0
3834,moacirrf_netbeans-markdown,https://github.com/moacirrf/netbeans-markdown,4,1,12,9,0,0,3,2,6,4,3,3,maven,True,open source,1042,8760053805f913de08710f51dac1ac5a8c61d4b8,improvement,11,0,0,1,0,0
3878,SimplQ_simplQ-backend,https://github.com/SimplQ/simplQ-backend,14,2,319,24,17,2,117,14,149,6,36,2,maven,False,open source,332,77226452f8177a936095ea9d496b80951d7c1616,improvement,11,7,6,1,0,0
3867,botorabi_HomieCenter,https://github.com/botorabi/HomieCenter,7,7,280,280,15,15,141,141,106,106,18,18,maven,True,open source,1694,a8e70b5a6e1046f18656a9be139ef17d2839725f,no improvement,11,0,0,0,0,0
3894,guohai163_java-sql-web,https://github.com/guohai163/java-sql-web,10,10,142,125,12,12,64,56,61,54,5,3,maven,True,open source,1090,296872c53eefce7a9a0cd32dccf5ab872735d5f2,improvement,11,0,1,2,0,0
3919,jakubowiczish_codewars-solutions,https://github.com/jakubowiczish/codewars-solutions,2,0,4,0,0,0,4,0,0,0,0,0,maven,False,open source,68,59bf89f8e8077f1d698dae31d0131b889906ea4d,improvement,11,0,2,0,0,0
4010,ofpay_logback-mdc-ttl,https://github.com/ofpay/logback-mdc-ttl,0,0,0,0,0,0,0,0,0,0,0,0,maven,True,open source,56,fb4a2ed76612317cf97b2aa748b4371ad4428193,no improvement,11,0,0,0,0,0
4016,vpro_jcr-criteria,https://github.com/vpro/jcr-criteria,0,0,0,0,0,0,0,0,0,0,0,0,maven,False,open source,199,3909dd8f79bd8f1919d496fe0b60f4c64cdbce1f,no improvement,11,0,0,0,0,0
33,oswaldobapvicjr_performetrics,https://github.com/oswaldobapvicjr/performetrics,0,0,0,0,0,0,0,0,0,0,0,0,maven,True,open source,89,6508c067cd7c846fed00e1b07cf35ffbf5dcd03e,no improvement,11,0,0,0,0,0
79,omnifaces_omniutils,https://github.com/omnifaces/omniutils,0,0,0,0,0,0,0,0,0,0,0,0,maven,True,open source,66,6d1220490deb8df55d3aa7dfeda939d590475acd,no improvement,11,0,0,0,0,0
80,Pradyuman7_Algorithmics,https://github.com/Pradyuman7/Algorithmics,0,0,0,0,0,0,0,0,0,0,0,0,maven,True,open source,52,8eac23b76fb4b7ca50396fa1b7af2f1f4c81a31b,no improvement,11,0,0,0,0,0
81,malabz_HAlign-3,https://github.com/malabz/HAlign-3,0,0,0,0,0,0,0,0,0,0,0,0,maven,False,open source,29,ed6b7e8a9e90f9e32497aa3889bc2972f5ac5218,no improvement,11,0,0,0,0,0
86,supaldubey_blog-server,https://github.com/supaldubey/blog-server,16,16,262,262,2,2,109,109,124,124,27,27,maven,True,open source,8299,7474143d706c0752109d60c6e0235c1191222325,no improvement,11,0,0,0,0,0
100,Manni-MinM_JClashRoyale,https://github.com/Manni-MinM/JClashRoyale,1,1,7,5,0,0,1,1,6,4,0,0,maven,False,open source,274,0fdffda691a29c3ff6b68a3b8841508dabcf8f03,improvement,11,0,0,1,0,0
150,IanDarwin_edj,https://github.com/IanDarwin/edj,0,0,0,0,0,0,0,0,0,0,0,0,maven,False,open source,37,e1f9e269f64a4a491610f9334f0a80dd7c2823d6,no improvement,11,0,0,0,0,0
146,arxila_atomichash,https://github.com/arxila/atomichash,0,0,0,0,0,0,0,0,0,0,0,0,maven,True,open source,1978,de96f49c07ee4310d449676bd4c02036f46ff74b,no improvement,11,0,0,0,0,0
176,yusufyilmazfr_podcast4j,https://github.com/yusufyilmazfr/podcast4j,0,0,0,0,0,0,0,0,0,0,0,0,maven,True,open source,43,878f8d3cae3890ec390285054b29aeb583270d1b,no improvement,11,0,0,0,0,0
156,wkrzywiec_NoticeBoard,https://github.com/wkrzywiec/NoticeBoard,13,8,301,183,16,13,106,83,140,74,39,13,maven,True,open source,1686,277050107a39d936220b0fe2a5163d4fa4d1d9f2,improvement,11,3,4,1,0,0
181,callicoder_spring-webflux-reactive-rest-api-demo,https://github.com/callicoder/spring-webflux-reactive-rest-api-demo,5,0,135,0,9,0,65,0,53,0,8,0,maven,False,open source,141,2ae9fa7f91d60ac7c6b895b8f9aa82e52578e467,improvement,11,5,0,0,0,0
206,devslm_proguard-spring-boot-example,https://github.com/devslm/proguard-spring-boot-example,2,2,87,87,6,6,39,39,36,36,6,6,maven,True,open source,784,21bc711df095bcca61efae807149e499b0d1477f,no improvement,11,0,0,0,0,0
116,JanYork_YunMailServer,https://github.com/JanYork/YunMailServer,31,31,569,558,40,41,248,244,244,237,37,36,maven,False,open source,10190,6c7f12ace2cafb743c1e4e36a228fe16310cbc5f,improvement,11,0,1,1,0,0
223,awslabs_kinesis-kafka-connector,https://github.com/awslabs/kinesis-kafka-connector,4,1,44,11,2,0,22,8,19,2,1,1,maven,True,open source,174,4b70584c74014fc645097a2fd1b9c8e336250d4e,improvement,11,1,2,1,0,0
362,sahaRatul_sela-java,https://github.com/sahaRatul/sela-java,1,0,1,0,0,0,1,0,0,0,0,0,maven,True,open source,44,3fa9af60851d5efc01e1977c70deda7b7d254768,improvement,11,0,0,0,0,0
422,volodya-lombrozo_jsmith,https://github.com/volodya-lombrozo/jsmith,0,0,0,0,0,0,0,0,0,0,0,0,maven,True,open source,50,f6d27ac2ce3ce4416c81d24ae7f6b77958320168,no improvement,11,0,0,0,0,0
425,msbaek_atdd-example,https://github.com/msbaek/atdd-example,8,5,154,51,9,9,72,17,60,19,13,6,maven,False,open source,370,7cb8e5c3268115297327bcf125ab000b7af009ba,improvement,11,4,0,0,0,0
433,waigitdas_Neo4j-Genealogy-PlugIns,https://github.com/waigitdas/Neo4j-Genealogy-PlugIns,9,1,200,5,8,0,39,0,117,2,36,3,maven,False,open source,308,d212a16df6580285a6940d850607f616f50b26af,improvement,11,2,3,1,0,0
494,svanteschubert_en16931-data-extractor,https://github.com/svanteschubert/en16931-data-extractor,1,1,3,3,0,0,2,2,1,1,0,0,maven,False,open source,54,9d30681481b5c09ac46dab3b0d3f66c64c7c2e71,no improvement,11,0,0,0,0,0
505,ard333_spring-boot-webflux-jjwt,https://github.com/ard333/spring-boot-webflux-jjwt,6,4,183,92,9,4,72,42,86,37,16,9,maven,False,open source,412,8a9dabc6e1e00ff93176aaa2c6fcc109e1c1dc51,improvement,11,3,1,0,0,0
527,Bechol_SkillBox_Java,https://github.com/Bechol/SkillBox_Java,15,4,494,35,21,2,172,15,231,15,70,3,maven,False,open source,3038,56cb4ff2e5243c69c93ec13d507c36b3fac03987,improvement,11,9,4,5,0,0
553,ASSERT-KTH_deptrim,https://github.com/ASSERT-KTH/deptrim,8,5,39,29,4,3,11,7,11,8,13,11,maven,True,open source,161,15dd1c97d2b3f7a0f27541d13657116fb4da6b63,improvement,11,0,3,0,0,0
574,streamx-co_ExTree,https://github.com/streamx-co/ExTree,0,0,0,0,0,0,0,0,0,0,0,0,maven,True,open source,55,76ea6fc943c0ef0afb95b2661dcb4a7089ec41c0,no improvement,11,0,0,0,0,0
620,JacksonHoggard_voodoo2d,https://github.com/JacksonHoggard/voodoo2d,0,0,0,0,0,0,0,0,0,0,0,0,maven,False,open source,200,4a7e2c84799f506486afbbfe1016a3cddc82e048,no improvement,11,0,0,0,0,0
657,rpeleias-v1_personapi_digital_innovation_one,https://github.com/rpeleias-v1/personapi_digital_innovation_one,6,5,180,148,11,8,78,62,78,66,13,12,maven,True,open source,1611,ced092672ced99238e28ab319f4284bf68e391d0,improvement,11,1,0,0,0,0
664,htmfilho_digger,https://github.com/htmfilho/digger,9,9,213,213,15,15,86,86,92,92,20,20,maven,True,open source,1611,9c92a4ba13671d17566e58a5c5b3f68e27e61360,no improvement,11,0,0,3,0,0
703,tls-attacker_TLS-Breaker,https://github.com/tls-attacker/TLS-Breaker,5,2,458,158,46,10,310,118,102,30,0,0,maven,False,open source,2087,0362492ad4b720e4cc5b1e8b17340018fd45f922,improvement,11,24,0,0,0,0
715,Rapter1990_SpringBootMicroservices,https://github.com/Rapter1990/SpringBootMicroservices,18,3,1626,10,123,0,757,7,678,3,68,0,maven,False,open source,1297,2c7d011cf661f36257230acfa65087eb34ff07f4,improvement,11,50,0,3,0,0
725,fcrepo-exts_migration-utils,https://github.com/fcrepo-exts/migration-utils,7,6,22,21,2,2,8,8,12,11,0,0,maven,True,open source,1300,e8610b56717c0d354768b44a30a44463ae78206a,improvement,11,0,0,1,0,0
709,desarrolladorSLP_technovationslp-backend,https://github.com/desarrolladorSLP/technovationslp-backend,9,9,253,248,11,11,88,85,124,122,30,30,maven,False,open source,3232,d053d450b403271e50bfb651fe2eb7eea4725b9a,improvement,11,0,1,0,0,0
823,oVirt_java-client-kubevirt,https://github.com/oVirt/java-client-kubevirt,2,1,35,34,1,1,18,18,16,15,0,0,maven,False,open source,887,2cd69335f3167b6c8a89fc412f78aa97e366facb,improvement,11,0,1,0,0,0
46,AndriyKalashnykov_spring-microservices-k8s,https://github.com/AndriyKalashnykov/spring-microservices-k8s,10,6,1249,409,65,30,492,225,554,137,138,17,maven,False,open source,809,199b751b2bb00e3d036591bac772890deb4c8b50,improvement,11,20,0,3,0,0
95,javarushcommunity_javarush-telegrambot,https://github.com/javarushcommunity/javarush-telegrambot,6,4,115,30,9,6,54,11,48,13,4,0,maven,False,open source,559,8fcb5021d636dd4245145aff6a35c11af6b8778b,improvement,11,4,1,0,0,0
110,Azure-Samples_workshop-migrate-jboss-on-app-service,https://github.com/Azure-Samples/workshop-migrate-jboss-on-app-service,1,0,6,0,1,0,2,0,2,0,1,0,maven,False,open source,85,620a6720488220f6f9686c1ca87e1671b800ed6b,improvement,11,0,1,0,0,0
87,jethronap_jstat,https://github.com/jethronap/jstat,7,4,99,39,3,1,21,12,62,24,13,2,maven,True,open source,1864,36869c9d55f5b6c34679984c48bec5b35d02db04,improvement,11,0,4,0,1,0
227,fairms_MapleServer,https://github.com/fairms/MapleServer,6,1,26,1,2,0,10,0,12,1,2,0,maven,False,open source,205,70c8914a083e2f24555ba4a410136fec5672c01e,improvement,11,0,2,3,0,0
260,koushikkothagal_betterreads-webapp,https://github.com/koushikkothagal/betterreads-webapp,11,3,372,3,20,0,164,3,151,0,37,0,maven,False,open source,159,ff53cc41c0a7c1f5129e5cfa3fffbe085d2137ea,improvement,11,10,1,0,0,0
298,syqu22_spring-boot-shop-sample,https://github.com/syqu22/spring-boot-shop-sample,13,12,358,108,21,22,164,37,139,35,34,14,maven,True,open source,1077,7ce26d711e9fcff80bad07b6bfa7ba6fd2aac532,improvement,11,10,0,1,1,0
358,oneteme_assertapi-core,https://github.com/oneteme/assertapi-core,6,3,19,5,0,0,5,2,12,2,2,1,maven,True,open source,550,40c9c90650ef6c26dc69abecc03431d5f558c7e1,improvement,11,0,4,0,0,0
362,jckleiner_notion-backup,https://github.com/jckleiner/notion-backup,9,0,53,0,3,0,26,0,24,0,0,0,maven,True,open source,497,26bc0aa2d0c21a561d30540d7f81e304495534b8,improvement,11,2,7,0,0,0
377,bonigarcia_job-tracker,https://github.com/bonigarcia/job-tracker,0,0,0,0,0,0,0,0,0,0,0,0,maven,False,open source,102,e71be50c4baa880df4599c4e79a5eed8e28b187b,no improvement,11,0,0,0,0,0
349,joneconsulting_toy-msa,https://github.com/joneconsulting/toy-msa,23,20,1502,1211,122,96,650,524,653,516,77,75,maven,False,open source,5669,9ff5032f37dfd71f9942f9e146f0d28daa51efb1,improvement,11,7,1,0,0,0
450,loyispa_jgc_exporter,https://github.com/loyispa/jgc_exporter,1,0,2,0,1,0,1,0,0,0,0,0,maven,True,open source,115,1106a3c53ecd1702d1587c7d1a862534167b48c6,improvement,11,0,0,1,0,0
452,mal-lang_coreLang,https://github.com/mal-lang/coreLang,0,0,0,0,0,0,0,0,0,0,0,0,maven,True,open source,139,63df37bc8105945e3e5d024d3871052613d8f4a6,no improvement,11,0,0,0,0,0
455,tlabs-data_tablesaw-parquet,https://github.com/tlabs-data/tablesaw-parquet,4,4,113,113,7,7,47,47,50,50,9,9,maven,False,open source,119,e7d549d7efd92cdecd2bb2edc802045c4d840bbd,no improvement,11,0,0,0,0,0
467,azam_ulidj,https://github.com/azam/ulidj,0,0,0,0,0,0,0,0,0,0,0,0,maven,True,open source,99,0ef67e21bbeea5c4516c6346b236a2ed3d0be4b6,no improvement,11,0,0,0,0,0
492,siemens_LightweightCmpRa,https://github.com/siemens/LightweightCmpRa,4,2,4,2,0,0,1,0,3,2,0,0,maven,False,open source,711,d6ce2e5faff30ea7b2c17a340e44afeedfb81d50,improvement,11,1,1,0,0,0
504,nhenneaux_resilient-httpclient,https://github.com/nhenneaux/resilient-httpclient,0,0,0,0,0,0,0,0,0,0,0,0,maven,False,open source,75,ccc08767fefbda8d21c56adccb918d12802a380b,no improvement,11,0,0,0,0,0
506,oscerd_finnhub-java-client,https://github.com/oscerd/finnhub-java-client,0,0,0,0,0,0,0,0,0,0,0,0,maven,True,open source,105,cdf8b6a535c8f709c48a503a1155e0ad35e2dad2,no improvement,11,0,0,0,0,0
500,TV-Box-Support_tms-springboot,https://github.com/TV-Box-Support/tms-springboot,11,8,248,151,17,12,87,42,116,75,28,22,maven,False,open source,1276,959e58597a7bfdd3418ed5146cbbfecbdc0c7f63,improvement,11,6,2,0,0,0
434,SevenParadigms_r2dbc-dsl,https://github.com/SevenParadigms/r2dbc-dsl,33,26,174,127,8,8,74,64,76,45,16,10,maven,False,open source,7627,d54991017890066cd55f4c5a32fc99c623d3f49c,improvement,11,1,6,6,0,0
530,Hen1ng_lindorm-tsdb-contest-java,https://github.com/Hen1ng/lindorm-tsdb-contest-java,1,0,3,0,0,0,3,0,0,0,0,0,maven,False,open source,76,255d53518904f14ebe8d99b350dfa4fabd16884f,improvement,11,0,1,1,0,0
533,Nick-Triller_accounting,https://github.com/Nick-Triller/accounting,1,0,2,0,1,0,1,0,0,0,0,0,maven,True,open source,66,b23004988c00471ae4fcc4048542c0c3a4965f5f,improvement,11,0,0,0,0,0
550,nf-core_nft-utils,https://github.com/nf-core/nft-utils,0,0,0,0,0,0,0,0,0,0,0,0,maven,False,open source,35,d2bcb9e7582cb914980bc3eaf8c0b5459cf2362e,no improvement,11,0,0,0,0,0
548,MistraR_springboot-advance,https://github.com/MistraR/springboot-advance,25,24,643,538,30,27,240,208,301,245,72,58,maven,False,open source,4414,b9c968e37204f36533fde9143304dd01fb648b35,improvement,11,1,0,0,0,0
588,cloudgyb_questionnaire,https://github.com/cloudgyb/questionnaire,12,11,336,196,22,22,165,86,132,84,17,4,maven,False,open source,1809,2dbb9d3e2c159e06ac7bd2ffe5e6231531cd337f,improvement,11,6,2,1,0,0
659,GuillaumeFalourd_java-training-api,https://github.com/GuillaumeFalourd/java-training-api,7,7,183,183,13,13,86,86,72,72,12,12,maven,True,open source,1629,e26035fb70646a3ff5a6bf6496a3ccd7be3dd509,no improvement,11,0,0,0,0,0
670,serlesen_backend-social-network,https://github.com/serlesen/backend-social-network,10,7,310,266,14,10,110,89,143,127,43,40,maven,False,open source,1878,96e975ea6a9ae691f21730b7f5dc8b659197b7ec,improvement,11,1,1,1,0,0
715,cantryDev_CSGOCaseStatsViewerV2,https://github.com/cantryDev/CSGOCaseStatsViewerV2,0,0,0,0,0,0,0,0,0,0,0,0,maven,False,open source,45,4612517150451fbcb49cf1250f9cb86d888f83df,no improvement,11,0,0,0,0,0
602,bijukunjummen_spring-cloud-ping-pong-sample,https://github.com/bijukunjummen/spring-cloud-ping-pong-sample,17,17,1566,1566,93,93,714,714,680,680,79,79,maven,False,open source,8989,4d8d788c749f197e3f4f9860cf1acf0d8ddcc402,no improvement,11,0,0,0,0,0
741,MatHeartGaming_G-Repo,https://github.com/MatHeartGaming/G-Repo,5,3,15,5,1,1,9,2,5,2,0,0,maven,False,open source,377,e77f884b9bbe143d6f062dbc4dc35ee032089792,improvement,11,0,1,2,0,0
750,gurkanucar_spring-boot-webrtc-peer2peer,https://github.com/gurkanucar/spring-boot-webrtc-peer2peer,3,3,83,72,6,6,39,31,34,32,4,3,maven,True,open source,513,f04ff330b8e7bfdda5a285d139cefe95eaf2b849,improvement,11,1,0,0,0,0
787,camunda-community-hub_zeebe-worker-java-testutils,https://github.com/camunda-community-hub/zeebe-worker-java-testutils,1,1,13,13,1,1,6,6,6,6,0,0,maven,True,open source,706,8f2a1f8fdcda6f05af707dc4d7ec084c7084b61e,no improvement,11,0,0,0,0,0
810,clean-arch-enablers-project_cae-framework,https://github.com/clean-arch-enablers-project/cae-framework,0,0,0,0,0,0,0,0,0,0,0,0,maven,True,open source,50,d2a2527581d5ba5b233706a6bb6ec52155f4e40b,no improvement,11,0,0,0,0,0
844,mkhamkha_breedersbook,https://github.com/mkhamkha/breedersbook,8,1,136,21,14,1,63,10,55,9,4,1,maven,False,open source,207,7a3aae86f215b530f24b2a2ea66924866bbd6496,improvement,11,5,2,1,0,0
858,janlely_jparser,https://github.com/janlely/jparser,0,0,0,0,0,0,0,0,0,0,0,0,maven,True,open source,87,4699f5c62adf11c143eb5a1ba1fd10cc25328981,no improvement,11,0,0,0,0,0
859,eliasnogueira_appium-parallel-execution,https://github.com/eliasnogueira/appium-parallel-execution,5,2,45,29,3,3,19,15,22,10,1,1,maven,False,open source,220,8ca9a93f09df0aefed877c7318565b58ba8e90cd,improvement,11,0,3,0,0,0
889,jmdevall_opencodeplan,https://github.com/jmdevall/opencodeplan,1,0,1,0,0,0,1,0,0,0,0,0,maven,False,open source,113,a18d2327f2af325f950b020310d8f555b98623de,improvement,11,0,1,0,0,0
9,instaclustr_cassandra-sstable-tools,https://github.com/instaclustr/cassandra-sstable-tools,1,1,21,15,1,1,10,6,10,8,0,0,maven,False,open source,578,f2d98e5e48315827ee4122ba13693da7a4c72320,improvement,11,0,0,1,0,0
13,rahulrathore44_SeleniumCucumber,https://github.com/rahulrathore44/SeleniumCucumber,8,6,178,150,5,4,59,44,76,68,38,34,maven,False,open source,2247,7394ef7c3eb4b5ad88213a62ab41d84789ff0940,improvement,11,2,1,3,0,0
37,DokiYoloo_CareUEveryDay,https://github.com/DokiYoloo/CareUEveryDay,5,1,104,8,4,0,33,0,56,4,11,4,maven,False,open source,698,0c58fbf583ad97e0887c1f6b9017cd5eabcecddb,improvement,11,0,5,0,0,0
43,openraven_security-rules,https://github.com/openraven/security-rules,0,0,0,0,0,0,0,0,0,0,0,0,maven,False,open source,145,95ca61daa9dfb5f121e57b31a02d704959a386f4,no improvement,11,0,0,0,0,0
38,tugcekonuklar_account-service,https://github.com/tugcekonuklar/account-service,8,8,253,94,13,11,84,37,120,40,36,6,maven,True,open source,1173,fd6e0f046aa34bd789c5958a171af9adc23229b1,improvement,11,5,1,0,0,0
140,p2p-org_solanaj,https://github.com/p2p-org/solanaj,4,1,20,12,1,1,14,8,5,3,0,0,maven,False,open source,468,6032513d56f9eefbdff9b74ef9e9a85ced1354b1,improvement,11,0,4,0,0,0
148,oldweipro_hik-dev,https://github.com/oldweipro/hik-dev,6,4,108,96,9,8,45,43,49,42,5,3,maven,False,open source,990,beb50d803ab77bc11004b63d503568d0d7ca3d3b,improvement,11,0,0,2,0,0
138,dromara_ujcms,https://github.com/dromara/ujcms,31,27,501,424,41,40,217,150,210,203,33,31,maven,False,open source,6470,142da7a922b3a4043ab4d39215487e127c4045a2,improvement,11,13,0,3,0,0
133,thomasdarimont_spring-boot-keycloak-server-example,https://github.com/thomasdarimont/spring-boot-keycloak-server-example,21,11,703,282,43,18,353,130,273,118,34,16,maven,False,open source,7411,d60791b8044afad403daa1e51d53c14450abdfeb,improvement,11,14,1,0,0,0
234,ath31st_s21_decimal_starter,https://github.com/ath31st/s21_decimal_starter,0,0,0,0,0,0,0,0,0,0,0,0,maven,True,open source,86,6ff9a5f1a99e94f161f0828fb5640b6017354326,no improvement,11,0,0,0,0,0
245,arthur-rule_Extra_Sources_For_SDETs,https://github.com/arthur-rule/Extra_Sources_For_SDETs,3,2,43,14,2,1,25,9,13,4,3,0,maven,False,open source,204,2fb283f5438b2c137017e27663feb101c4501767,improvement,11,1,1,0,1,0
228,alkemyTech_OT275-server,https://github.com/alkemyTech/OT275-server,12,11,265,180,14,12,91,76,131,82,29,10,maven,True,open source,2774,9247f789a305c173dd47719067630781241504ae,improvement,11,1,1,0,0,0
257,nhenneaux_jersey-httpclient-connector,https://github.com/nhenneaux/jersey-httpclient-connector,2,0,2,0,0,0,1,0,1,0,0,0,maven,False,open source,406,909e8dca14f2b7c2b524a6f047e7ee6ea1ff8c26,improvement,11,1,0,1,0,0
263,medovina_MarioAI,https://github.com/medovina/MarioAI,0,0,0,0,0,0,0,0,0,0,0,0,maven,False,open source,110,a52217763a430b8a3577b6089f3d22b217996221,no improvement,11,0,0,0,0,0
277,semantic-gitlog_maven-semantic-gitlog,https://github.com/semantic-gitlog/maven-semantic-gitlog,1,1,1,1,0,0,1,1,0,0,0,0,maven,False,open source,233,44cfd0ec1544bb7394add5de1a23d1710f0473ae,no improvement,11,0,0,0,0,0
311,arieslab_jnose-core,https://github.com/arieslab/jnose-core,0,0,0,0,0,0,0,0,0,0,0,0,maven,True,open source,160,e701f4fbde6eebab9d6fedd60a1f779dbb43340d,no improvement,11,0,0,0,0,0
315,nuriofernandez_ReflectedEventHandler,https://github.com/nuriofernandez/ReflectedEventHandler,0,0,0,0,0,0,0,0,0,0,0,0,maven,True,open source,147,5ea98a6527cd8d94e68a728310554a628c535b03,no improvement,11,0,0,0,0,0
339,SpoonLabs_spoon-examples,https://github.com/SpoonLabs/spoon-examples,1,0,6,0,0,0,2,0,4,0,0,0,maven,False,open source,569,4f34f70eda51aa3b6611fa0ac99bd4f42533fc00,improvement,11,0,1,0,0,0
432,tkmru_lazyCSRF,https://github.com/tkmru/lazyCSRF,0,0,0,0,0,0,0,0,0,0,0,0,maven,False,open source,54,3ce6900436a2049467c7f08c0cbf08c732213f82,no improvement,11,0,0,0,0,0
436,cami-la_testes_selenium_webdriver_java_curso,https://github.com/cami-la/testes_selenium_webdriver_java_curso,2,0,14,0,2,0,10,0,0,0,2,0,maven,False,open source,190,74bb633663006b7a4c5912d02053239f3e5477ba,improvement,11,0,2,0,0,0
433,ddxy_whispercat,https://github.com/ddxy/whispercat,0,0,0,0,0,0,0,0,0,0,0,0,maven,False,open source,643,d878dfb3a357212842b9d0f89d15661a764f0a21,no improvement,11,0,0,0,0,0
484,jiashunx_masker-rest,https://github.com/jiashunx/masker-rest,10,4,161,125,4,0,57,39,81,67,19,19,maven,False,open source,569,dd71f8cd91432d7f7c41bfff467327d14749fa0a,improvement,11,0,6,3,0,0
497,WebChatting_chatting,https://github.com/WebChatting/chatting,12,10,190,150,16,13,89,72,79,61,6,4,maven,False,open source,4873,49faed554ac1b0346f67f3e47c3b3630fbbf6821,improvement,11,1,1,3,0,0
526,globalworming_serenity-junit-screenplay-starter,https://github.com/globalworming/serenity-junit-screenplay-starter,12,2,213,15,9,1,137,10,54,3,13,1,maven,False,open source,958,8964e992753661c98c583208f0b029ebb6c67237,improvement,11,0,10,0,0,0
547,pitzzahh_library-management-system,https://github.com/pitzzahh/library-management-system,1,0,1,0,0,0,0,0,0,0,1,0,maven,False,open source,1580,6bdecf8b24a53908ea0c1426888c0bc2efab1a3c,improvement,11,0,0,1,0,0
553,elvintaghizade14_java-course-turing-1-classes,https://github.com/elvintaghizade14/java-course-turing-1-classes,2,2,24,2,6,0,12,2,4,0,2,0,maven,False,open source,399,64c08ad34f571b481ea394a2c23322344afebd66,improvement,11,0,0,2,0,0
586,marinsborg_UrlShortener-API,https://github.com/marinsborg/UrlShortener-API,7,5,243,58,12,9,80,25,118,21,33,3,maven,False,open source,912,ba6c62368105b2340fae0d01b498b1cd4aff82e1,improvement,11,4,1,1,0,0
593,Youngerjesus_Querydsl,https://github.com/Youngerjesus/Querydsl,5,5,127,119,9,8,54,52,52,50,12,9,maven,False,open source,1356,4551f6b70f4254292384a99b43cb72277fbdf284,improvement,11,1,0,0,0,0
606,Raiffeisen-DGTL_sbp-sdk-java,https://github.com/Raiffeisen-DGTL/sbp-sdk-java,3,0,13,0,0,0,3,0,10,0,0,0,maven,False,open source,351,a8372f639c23a736febe9723515873b9f31f5ffb,improvement,11,0,2,1,0,0
623,APEXNovaLabs_Casier-Judiciaire-N3,https://github.com/APEXNovaLabs/Casier-Judiciaire-N3,0,0,0,0,0,0,0,0,0,0,0,0,maven,False,open source,240,b54aa1dfb01dc62d749d5a9411d5223d3c83a3f6,no improvement,11,0,0,0,0,0
652,MikhailZentsov_java-filmorate,https://github.com/MikhailZentsov/java-filmorate,6,6,98,98,10,10,44,44,42,42,2,2,maven,True,open source,1546,f6c8383c5ff3c33867c35fcd0a35eab1ce200c5a,no improvement,11,0,0,0,0,0
656,Johaney-s_StIFT,https://github.com/Johaney-s/StIFT,2,0,3,0,1,0,1,0,1,0,0,0,maven,False,open source,1345,f31537abe99514c69f29098de62181ea2db5e947,improvement,11,0,1,0,0,0
659,PROMISE-I_Compiler-Lab,https://github.com/PROMISE-I/Compiler-Lab,0,0,0,0,0,0,0,0,0,0,0,0,maven,False,open source,2232,979ebfa5d1450863da9dcd1fbe2f05031fb81c50,no improvement,11,0,0,0,0,0
694,anhnmt_java-coffee-shop-management,https://github.com/anhnmt/java-coffee-shop-management,3,1,15,5,0,0,4,0,8,2,3,3,maven,False,open source,215,b88193d55fc02bdef8a6c946faa19e2ec2b9072b,improvement,11,1,1,0,0,0
743,jeonjeunghoon_Kculter,https://github.com/jeonjeunghoon/Kculter,11,10,407,224,13,13,93,74,215,114,86,23,maven,True,open source,1287,2348d13cc976d4178fd2b070ca7d86c611ecd96a,improvement,11,3,1,1,0,0
3,czetsuyatech_spring-keycloak-multi-tenant,https://github.com/czetsuyatech/spring-keycloak-multi-tenant,8,1,307,1,21,0,147,1,119,0,20,0,maven,True,open source,111,fe6fa0f7d6c1153a669d3d10e2f0dace28270fa3,improvement,11,8,0,0,0,0
12,lakshygupta_Blog-App-APIs,https://github.com/lakshygupta/Blog-App-APIs,9,8,228,170,14,11,78,43,110,93,26,23,maven,False,open source,925,58f1ab9309b45d63d2d7484d4657c5461b820097,improvement,11,5,0,0,0,0
31,ali-bouali_gestion-de-stock-api,https://github.com/ali-bouali/gestion-de-stock-api,9,7,278,139,12,6,97,37,132,74,37,22,maven,True,open source,480,38b48c59db11fcd7c5b76b9debe8f311d4337eca,improvement,11,5,0,1,0,0
138,guang19_leaf,https://github.com/guang19/leaf,8,3,167,55,8,3,62,19,77,24,20,9,maven,False,open source,153,f4508b2841772fb4284c8e0603f9d3ae78c57ce4,improvement,11,4,1,0,0,0
167,Kevded_integration-test-spring-kafka-with-embedded-kafka-consumer-and-producer,https://github.com/Kevded/integration-test-spring-kafka-with-embedded-kafka-consumer-and-producer,8,6,145,139,9,9,68,67,59,56,9,7,maven,True,open source,2672,1352602283e7556618401e436293374b64d319e4,improvement,11,1,1,0,0,0
329,GZYangKui_ChangLiao-Desktop,https://github.com/GZYangKui/ChangLiao-Desktop,4,2,168,18,3,1,30,6,94,6,41,5,maven,False,open source,761,adb96068ed3bc0c00f83e2d1f3960a8c73ab972f,improvement,11,5,2,0,0,0
331,prakarshs_Jhethia,https://github.com/prakarshs/Jhethia,0,0,0,0,0,0,0,0,0,0,0,0,maven,False,open source,54,0937889a20cb24a45a054469d53d4ace40885940,no improvement,11,0,0,0,0,0
359,aehrc_fhir-owl,https://github.com/aehrc/fhir-owl,9,3,239,121,11,2,60,18,122,60,46,41,maven,True,open source,605,bf5851071ce877ab22f4830b71a3ee4c66ddd763,improvement,11,4,0,2,0,0
360,abdulkadirkg_HRMS,https://github.com/abdulkadirkg/HRMS,9,9,265,121,16,14,95,53,120,49,34,5,maven,False,open source,1362,4a4336974bf1078629ae5a307089daaa34a66bc5,improvement,11,5,1,0,0,0
353,mariorez_kanban-quarkus,https://github.com/mariorez/kanban-quarkus,14,12,190,184,3,3,97,93,78,77,12,11,maven,True,open source,8979,51bfa16722d6d34811c851b86e8867bbdd6b7a41,improvement,11,1,0,1,0,0
391,rieckpil_hands-on-mocking-with-mockito,https://github.com/rieckpil/hands-on-mocking-with-mockito,0,0,0,0,0,0,0,0,0,0,0,0,maven,True,open source,50,1f069c734a9234b70f680245421513250456eb0c,no improvement,11,0,0,0,0,0
395,antkorwin_github-actions,https://github.com/antkorwin/github-actions,4,0,176,0,10,0,80,0,74,0,12,0,maven,True,open source,153,1e6bd9c1463f8f49996aa36233d426d681260e2a,improvement,11,4,0,0,0,0
418,Tyjoh_GameOfLifeSimulator,https://github.com/Tyjoh/GameOfLifeSimulator,0,0,0,0,0,0,0,0,0,0,0,0,maven,False,open source,278,2f96e076a5440cd02a30e19c17252774ac0b2e03,no improvement,11,1,0,0,0,0
425,pyropy_user-eats-rest-api,https://github.com/pyropy/user-eats-rest-api,12,12,370,370,15,15,122,122,186,186,47,47,maven,False,open source,2937,e6c5925b6a16d0dce74787d6a0048896c4027f30,no improvement,11,0,0,0,0,0
474,codingspecialist_Eazyup-Photogram,https://github.com/codingspecialist/Eazyup-Photogram,14,4,360,31,22,1,158,12,143,11,37,7,maven,False,open source,522,c721a4ca2d1dff2ca5da697eff8de8eb4b078655,improvement,11,11,0,1,0,0
473,SelimHorri_hr-management-system,https://github.com/SelimHorri/hr-management-system,10,9,333,83,19,15,124,37,150,27,40,4,maven,True,open source,575,674b5dcf14ea2925b1451e37d7b6f945f724f613,improvement,11,8,1,0,0,0
491,bh5k_spring-security-conference,https://github.com/bh5k/spring-security-conference,12,10,320,308,16,16,143,135,131,128,30,29,maven,False,open source,3036,b4b79bdb0f1f33b14c1a45e9bd08175e7038235a,improvement,11,0,2,0,0,0
540,cxzero_CVE-2022-42889-text4shell,https://github.com/cxzero/CVE-2022-42889-text4shell,3,2,66,65,6,6,29,29,28,28,3,2,maven,True,open source,474,18e0da21f2d96af151aa116e2f7900f860074353,improvement,11,0,0,0,0,0
626,c-guntur_jvms-compare,https://github.com/c-guntur/jvms-compare,1,0,1,0,0,0,1,0,0,0,0,0,maven,True,open source,92,e91582f0d6144f73bf57b7056eaf52de2e00818a,improvement,11,1,0,0,0,0
650,digitalfondue_vatchecker,https://github.com/digitalfondue/vatchecker,0,0,0,0,0,0,0,0,0,0,0,0,maven,True,open source,62,8ef4df593e5774f83a853fa37a3b9e87855414d5,no improvement,11,0,0,0,0,0
656,Herdo_keycloak-remember-me-authenticator,https://github.com/Herdo/keycloak-remember-me-authenticator,4,2,99,8,13,2,56,3,29,3,1,0,maven,False,open source,283,de35b3603de348c44a532c011079d3e687ab10b6,improvement,11,2,0,2,0,0
162,eideasy_eideasy-external-pades-digital-signatures,https://github.com/eideasy/eideasy-external-pades-digital-signatures,3,0,116,0,8,0,52,0,48,0,8,0,maven,True,open source,94,20d3e524665a96b6daef437b69c77161cf2554cb,improvement,11,3,0,0,0,0
177,salaboy_zeebe-worker-spring-boot-example,https://github.com/salaboy/zeebe-worker-spring-boot-example,4,2,179,92,10,4,84,42,77,40,8,6,maven,True,open source,768,f0c57b2b9e4f49555eccf4e3c2e8bfd8d41a1d22,improvement,11,2,0,0,0,0
261,mariamihai_spring-security-amigoscode-tutorial,https://github.com/mariamihai/spring-security-amigoscode-tutorial,5,4,194,127,10,7,70,55,98,53,16,12,maven,True,open source,789,a23eeb4c60e26d0d33e4f72fa1b85ef74b6bdcff,improvement,11,1,1,1,0,0
298,Arghh_binance-trade-tracker,https://github.com/Arghh/binance-trade-tracker,10,3,201,31,15,5,90,11,78,10,18,5,maven,True,open source,917,2caf6eb107dcfd84c6f462eef34d1d2c048e28a6,improvement,11,5,3,0,0,0
377,rinneIsland_r6-snipe,https://github.com/rinneIsland/r6-snipe,7,5,88,85,8,8,39,39,38,36,3,2,maven,False,open source,537,1d92b8a1dcd359b92be32d92ed5ffc41e32d5677,improvement,11,0,0,3,0,0
460,tharukaCodeWorks_springboot-jwt-boilerplate,https://github.com/tharukaCodeWorks/springboot-jwt-boilerplate,15,6,411,114,20,5,165,29,174,52,52,28,maven,False,open source,359,b2ac6bc6adfaa047ac5a0999001040da43b42c9f,improvement,11,8,2,2,0,0
530,xxuzhengg_eastmoney,https://github.com/xxuzhengg/eastmoney,5,5,150,146,10,10,69,69,62,58,9,9,maven,True,open source,1427,bc34744bd6b2cf8a6da69ce91bce2d2fb5190239,improvement,11,0,0,1,0,0
593,henry-azer_book-recommendation-system,https://github.com/henry-azer/book-recommendation-system,11,9,203,180,17,16,93,83,83,73,10,8,maven,False,open source,1506,dcb668940d50ccf34721a294b77f87d70ea256a1,improvement,11,1,2,0,0,0
718,Munoon_Spring-Boot-Telegram-MFA-example,https://github.com/Munoon/Spring-Boot-Telegram-MFA-example,13,10,371,298,20,15,158,127,160,129,33,27,maven,False,open source,2859,05f5c2a3fb7eb642d02e954e97e29c85fe91af72,improvement,11,4,0,1,0,0
758,gabrielsyphan_Raccoon-File,https://github.com/gabrielsyphan/Raccoon-File,9,5,183,81,16,7,81,38,82,34,4,2,maven,False,open source,783,830ddf02d9fb204631d76ecf39b6565dbae138c3,improvement,11,4,1,1,0,0
798,micw_tibber-meter-uploader,https://github.com/micw/tibber-meter-uploader,5,2,31,21,2,2,13,11,16,8,0,0,maven,False,open source,294,16d0d503d99be3c3b21b3a26d310e977ec93720e,improvement,11,0,3,0,0,0
909,SAP-samples_cloud-objectstore-java-sample,https://github.com/SAP-samples/cloud-objectstore-java-sample,9,5,103,78,11,8,41,32,48,36,3,2,maven,False,open source,694,ac6ab3de8d3ae8d75556155486a4f89a7ba5e4c9,improvement,11,0,5,0,0,0
995,ProgrammerZamanNow_belajar-jenkins-pipeline,https://github.com/ProgrammerZamanNow/belajar-jenkins-pipeline,2,0,54,0,5,0,28,0,19,0,2,0,maven,True,open source,98,f80ad07324518d54358e5a5dc3872b553ecf224b,improvement,11,2,0,0,0,0
976,iwamih31_AccountBook,https://github.com/iwamih31/AccountBook,9,8,144,140,15,15,65,62,61,60,3,3,maven,True,open source,1379,583257d018ddd1fd66a6bbd754ede1286a0ab9bc,improvement,11,0,1,0,0,0
1092,alizeynalli90_solid-principles,https://github.com/alizeynalli90/solid-principles,8,1,216,1,13,0,96,0,92,1,15,0,maven,False,open source,160,4a465e4ffd108a605dbcffb2f78a620f5ab111a7,improvement,11,7,0,1,0,0
1147,moorseio_whatsapp-api-java,https://github.com/moorseio/whatsapp-api-java,7,4,169,108,11,7,74,44,73,48,11,9,maven,False,open source,814,194a2be026ba4c5d3272e5d55e02988b8c7bfab4,improvement,11,2,2,2,0,0
1253,onjsdnjs_spring-batch-lecture,https://github.com/onjsdnjs/spring-batch-lecture,4,2,96,2,6,1,41,0,46,1,3,0,maven,False,open source,107,8020bbbc93c4115a25e40777a5af7103d90104f3,improvement,11,3,0,1,0,0
1374,callicoder_spring-boot-quartz-scheduler-email-scheduling,https://github.com/callicoder/spring-boot-quartz-scheduler-email-scheduling,7,1,197,1,14,0,94,0,79,1,10,0,maven,False,open source,233,57af273ead8bbf038cc9c894fb394ab4e243fc5c,improvement,11,6,0,1,0,0
1384,sofieneBK_Hands-on-ci-cd-for-springboot-apps,https://github.com/sofieneBK/Hands-on-ci-cd-for-springboot-apps,3,3,97,97,6,6,44,44,41,41,6,6,maven,True,open source,651,93ca91ee344b9e945c2cffc69eca10dd44dd8083,no improvement,11,0,0,0,0,0
32,andrewkkchan_client-ledger-core-db,https://github.com/andrewkkchan/client-ledger-core-db,9,0,246,0,15,0,85,0,121,0,25,0,maven,True,open source,301,482e33ed3873361526d18102e51f1e73875b8440,improvement,11,7,1,0,0,0
73,Jeka1978_coronadesinfectorlifedemo,https://github.com/Jeka1978/coronadesinfectorlifedemo,0,0,0,0,0,0,0,0,0,0,0,0,maven,False,open source,48,508d84e6d73800e89effdc276848ad0eada3c5b9,no improvement,11,0,0,0,0,0
88,c-guntur_java-handles-kata,https://github.com/c-guntur/java-handles-kata,0,0,0,0,0,0,0,0,0,0,0,0,maven,True,open source,55,ea889a81db490be38ace03c1298887f1bd065a5e,no improvement,11,0,0,0,0,0
148,liubenlong_springcloudGreenwichDemo,https://github.com/liubenlong/springcloudGreenwichDemo,22,9,4509,543,132,31,1223,218,2529,245,625,49,maven,False,open source,791,8a0ca5dd9974c3d7b8540296179f07c8f63e2c7e,improvement,11,35,9,14,0,0
158,As-12_Spring-boot-example-Send-Email-Template,https://github.com/As-12/Spring-boot-example-Send-Email-Template,7,6,148,141,11,11,70,67,58,55,9,8,maven,True,open source,779,bea9ec55f23aa30ba303c2b236d824cab753221a,improvement,11,0,0,2,0,0
192,SyntaxTechnologies_SDETBatch17,https://github.com/SyntaxTechnologies/SDETBatch17,2,0,12,0,1,0,8,0,2,0,1,0,maven,False,open source,93,568a3c49224a4a8f9ee55520f650458f73532cc5,improvement,11,0,2,0,0,0
251,sebsui_JavaRank,https://github.com/sebsui/JavaRank,5,1,373,3,9,0,79,1,194,2,91,0,maven,False,open source,253,c4b96f351605527d46fd1dbe76fa75ff31d95cb0,improvement,11,3,2,0,0,0
309,anicetkeric_aws-cognito-spring-auth-server,https://github.com/anicetkeric/aws-cognito-spring-auth-server,4,2,120,84,8,5,53,37,52,36,7,6,maven,True,open source,430,cb8b86c5570949c16011d911ea0edb3849ac470f,improvement,11,1,0,1,0,0
316,bulutluoz_udemy-API,https://github.com/bulutluoz/udemy-API,1,0,2,0,0,0,0,0,2,0,0,0,maven,True,open source,54,9bed4cab49f16562bcf75e2604b82be0179b9349,improvement,11,0,0,0,0,0
384,scbushan05_spring-boot-jpa-unit-testing,https://github.com/scbushan05/spring-boot-jpa-unit-testing,4,1,91,1,8,0,39,0,42,1,2,0,maven,False,open source,97,cd2c83db8bbc35301ab2e9d7b05b8b26bd836e61,improvement,11,3,0,1,0,0
391,HouariZegai_web-scraping,https://github.com/HouariZegai/web-scraping,0,0,0,0,0,0,0,0,0,0,0,0,maven,False,open source,44,3d6feb6994d7cff25ba36ea4347b1adf8b6c4de7,no improvement,11,0,0,0,0,0
537,martinspielmann_haveibeenpwned4j,https://github.com/martinspielmann/haveibeenpwned4j,2,0,2,0,0,0,0,0,2,0,0,0,maven,False,open source,110,a7150fe7d89275eff004bf8e2875cde61431ef3e,improvement,11,0,2,0,0,0
653,jcgallo1_Proyecto-poo-grupo-6,https://github.com/jcgallo1/Proyecto-poo-grupo-6,0,0,0,0,0,0,0,0,0,0,0,0,maven,False,open source,41,a42d89276ac33c77fbbbd344d74bbb05d7fe52a3,no improvement,11,0,0,0,0,0
716,max-jang_korea-music-chart-api,https://github.com/max-jang/korea-music-chart-api,4,4,122,122,8,8,57,57,49,49,8,8,maven,True,open source,708,60aa4e21dc248c0a0c4e270c3cce2a8d6aa4f8d9,no improvement,11,0,0,0,0,0
866,alblue_jvmulator,https://github.com/alblue/jvmulator,0,0,0,0,0,0,0,0,0,0,0,0,maven,True,open source,57,19c7e7225fb9f23f917950289093bbad9246d52e,no improvement,11,0,0,0,0,0
947,milpol_gorilla4j,https://github.com/milpol/gorilla4j,0,0,0,0,0,0,0,0,0,0,0,0,maven,True,open source,47,2a5c21e6d9b0bd29f948b68a170bd9019af58bee,no improvement,11,0,0,0,0,0
952,Skrrytch_map2mc,https://github.com/Skrrytch/map2mc,2,0,3,0,0,0,2,0,1,0,0,0,maven,False,open source,59,9374b357372009e79304fd8c91cf03912fd2469d,improvement,11,0,0,0,0,0
1273,springframeworkguru_tdd-by-example,https://github.com/springframeworkguru/tdd-by-example,0,0,0,0,0,0,0,0,0,0,0,0,maven,False,open source,47,50b78d96fd1a6255959b6c7ad733d71694c7f1e0,no improvement,11,0,0,0,0,0
1358,igoricelic_dtomapper,https://github.com/igoricelic/dtomapper,0,0,0,0,0,0,0,0,0,0,0,0,maven,True,open source,60,aedab0fda03cbdd4e98051994ea6c91561eaaa99,no improvement,11,0,0,0,0,0
1486,tofitaV_TelegramDataValidation,https://github.com/tofitaV/TelegramDataValidation,0,0,0,0,0,0,0,0,0,0,0,0,maven,False,open source,36,4a5482c4d5a8bb899ddacd9c6bf714edcb1f0a1f,no improvement,11,0,0,0,0,0
1530,UADE-Programacion-III_Practica,https://github.com/UADE-Programacion-III/Practica,0,0,0,0,0,0,0,0,0,0,0,0,maven,False,open source,48,f2b217411c01cf8df5f77e6b7ea85146745efa2a,no improvement,11,0,0,0,0,0
1576,alexandreaquiles_dibujo,https://github.com/alexandreaquiles/dibujo,0,0,0,0,0,0,0,0,0,0,0,0,maven,True,open source,51,8ee50a8a6fead8aec13f95c482bdb787f6dc1714,no improvement,11,0,0,0,0,0
1590,bossfriday_bossfriday-cloudmusic-converter,https://github.com/bossfriday/bossfriday-cloudmusic-converter,1,0,1,0,0,0,0,0,1,0,0,0,maven,False,open source,55,f5344a15584acf8b4f74c8ae65bf0ca16802751e,improvement,11,0,0,1,0,0
1769,fredoverflow_pangit,https://github.com/fredoverflow/pangit,0,0,0,0,0,0,0,0,0,0,0,0,maven,False,open source,42,775b423c032f99ff995b6e1ef588fa20eec2c0cb,no improvement,11,0,0,0,0,0
1734,GCS-ZHN_movie-on-server,https://github.com/GCS-ZHN/movie-on-server,3,2,69,48,6,3,30,20,31,23,2,2,maven,True,open source,278,00d3c5a1c966234a5a2ffed4de30c06662c27d19,improvement,11,1,0,0,0,0
2105,marwaneRomani_easyorm,https://github.com/marwaneRomani/easyorm,3,1,7,1,0,0,2,1,4,0,1,0,maven,False,open source,57,7cc2f24d06841c667cdcb27826f92f92e2e9e1b1,improvement,11,0,1,1,0,0
2148,wonderdev007_Calculator,https://github.com/wonderdev007/Calculator,1,0,2,0,0,0,0,0,2,0,0,0,maven,False,open source,48,dbe2f162c2c3549e9c4caf46d9e7a82cea95f362,improvement,11,0,1,0,0,0
2258,GulsumStc_TinyProjects,https://github.com/GulsumStc/TinyProjects,0,0,0,0,0,0,0,0,0,0,0,0,maven,False,open source,38,def61877710e3bb8ab16b2f5ddd9de6414c21276,no improvement,11,0,0,0,0,0
7,Hakky54_certificate-ripper,https://github.com/Hakky54/certificate-ripper,1,1,4,4,0,0,3,3,1,1,0,0,maven,False,open source,62,2991ddb9e0c45239b1a289096849eb5559c06f04,no improvement,11,0,0,0,0,0
67,GCS-ZHN_AutoCard,https://github.com/GCS-ZHN/AutoCard,3,3,60,60,5,5,30,30,23,23,2,2,maven,True,open source,721,b83efd4fe56bbd48a446fa9030997bea9a46a258,no improvement,11,0,0,0,0,0
173,pitschr_knx-core,https://github.com/pitschr/knx-core,3,2,8,6,2,1,4,3,2,2,0,0,maven,True,open source,318,30f9866936ebbfdbb86ff2ac4edfca4930790dac,improvement,11,0,1,0,0,0
188,diggsweden_dgc-java,https://github.com/diggsweden/dgc-java,6,1,21,4,1,0,16,4,4,0,0,0,maven,False,open source,351,cc34d89625e15a002a29244074bdb4f79970ec3a,improvement,11,2,4,1,0,0
212,fireinrain_javbus-telegram-bot,https://github.com/fireinrain/javbus-telegram-bot,7,2,16,4,2,1,7,2,7,1,0,0,maven,True,open source,223,ac2b7068b47fc9f29e7095e48c42705f8e888299,improvement,11,0,5,1,0,0
236,agroportal_fairness,https://github.com/agroportal/fairness,4,1,11,1,0,0,1,0,10,1,0,0,maven,False,open source,85,2d098790b954d64a6f5c3d2bc38346b63da53223,improvement,11,0,1,1,0,0
246,crispyricepc_mcpkg,https://github.com/crispyricepc/mcpkg,1,0,1,0,0,0,1,0,0,0,0,0,maven,False,open source,55,2fd983b423984d4df8a857e71c58410cb441b098,improvement,11,0,0,1,0,0
248,f-lab-edu_share-my-hobby,https://github.com/f-lab-edu/share-my-hobby,12,9,216,116,15,14,101,46,87,53,13,3,maven,False,open source,1110,8d76cfb29089a97bbcef8f03bca198f62f20c532,improvement,11,6,1,0,0,0
254,benaclejames_GumCord,https://github.com/benaclejames/GumCord,1,0,2,0,1,0,1,0,0,0,0,0,maven,False,open source,67,5e49e9ae40a348f7b0b0db56ef0726e9677c6d27,improvement,11,0,0,1,0,0
268,koushikkothagal_ipl-dashboard,https://github.com/koushikkothagal/ipl-dashboard,7,2,183,4,12,1,81,2,79,1,11,0,maven,True,open source,243,9f8ba217b4a6f9b88a3c22d8a19496677bbba4b5,improvement,11,6,1,0,0,0
270,inkarnadin_alarh-camera-scanner,https://github.com/inkarnadin/alarh-camera-scanner,5,0,27,0,7,0,15,0,5,0,0,0,maven,True,open source,193,e8dc3480289e7cfe59e355d342e095743af0866f,improvement,11,1,2,0,0,0
304,dmatik_oref-alerts-proxy-ms,https://github.com/dmatik/oref-alerts-proxy-ms,5,4,105,89,8,6,48,40,42,37,7,6,maven,True,open source,552,8035d86838c1654583fcdbff15470d8d3c840520,improvement,11,1,0,0,0,0
6,Keyfactor_ejbca-cert-cvc,https://github.com/Keyfactor/ejbca-cert-cvc,0,0,0,0,0,0,0,0,0,0,0,0,maven,False,open source,46,bacb14219959bb6c662ba1a062ba47553228aefa,no improvement,11,0,0,0,0,0
17,x-USantaTecla-project-ustUML_back-spring,https://github.com/x-USantaTecla-project-ustUML/back-spring,11,5,348,30,18,2,128,19,160,7,42,2,maven,True,open source,664,16306d9300cd49a6c87b8315045db55592d4e359,improvement,11,9,2,0,0,0
26,samuelalmeida95_bookstore-api,https://github.com/samuelalmeida95/bookstore-api,8,1,188,3,13,0,85,2,75,1,15,0,maven,False,open source,159,d867431dd57a94327513c9cfc9da861c3e5ac067,improvement,11,7,1,0,0,0
28,SnkSynthesis_voxel-game,https://github.com/SnkSynthesis/voxel-game,1,1,2,2,0,0,2,2,0,0,0,0,maven,True,open source,297,22c7f152746626645549371ae8ebb16d2b17754c,no improvement,11,0,0,0,0,0
29,code-it-team_gotcha-be,https://github.com/code-it-team/gotcha-be,14,11,431,217,21,11,144,76,199,99,67,31,maven,True,open source,1247,2fd964881a3012ecb99fa58b0406d3fddff17811,improvement,11,5,3,0,0,0
39,coding-parrot_chess-engine,https://github.com/coding-parrot/chess-engine,0,0,0,0,0,0,0,0,0,0,0,0,maven,True,open source,89,676266cccd1b06e4d7c7367fe83c281e7cee40ed,no improvement,11,0,0,0,0,0
50,duydo_opensearch-analysis-vietnamese,https://github.com/duydo/opensearch-analysis-vietnamese,4,0,10,0,1,0,4,0,3,0,2,0,maven,False,open source,184,878cac5ce42f877a6617211bdfe0b94067968b7a,improvement,11,0,3,0,0,0
51,nishihatapalmer_TreeTable,https://github.com/nishihatapalmer/TreeTable,0,0,0,0,0,0,0,0,0,0,0,0,maven,True,open source,60,bac388308f28f14cfebc85449c36fc4af0f05b76,no improvement,11,0,0,0,0,0
64,konfidas_TTC,https://github.com/konfidas/TTC,7,3,23,10,2,1,15,9,6,0,0,0,maven,False,open source,159,6308022efc5336ca8a2bcd73aa6a3f185939b3e6,improvement,11,0,3,1,0,0
66,joshuacrotts_logic-learning-assistance-tool,https://github.com/joshuacrotts/logic-learning-assistance-tool,2,2,10,2,0,0,3,0,7,2,0,0,maven,True,open source,774,4fd9717db5e16568f5d22ff7d35dfb8f3a0c5f14,improvement,11,0,0,1,0,0
76,mangila_spring-restful-mongodb,https://github.com/mangila/spring-restful-mongodb,15,12,222,164,18,17,99,83,97,60,8,4,maven,False,open source,1224,4ffb83afe8bdc3a5145a8f5f834aa76596c14e63,improvement,11,3,7,1,0,0
97,gavinklfong_stream-api-exercises,https://github.com/gavinklfong/stream-api-exercises,5,1,130,3,9,0,58,2,53,1,10,0,maven,True,open source,172,ca14b6f438ac9d58911b635a26fc0591fa2ad8e8,improvement,11,5,0,0,0,0
104,admin-shell-io_java-serializer,https://github.com/admin-shell-io/java-serializer,21,8,207,142,17,13,73,51,106,66,11,12,maven,False,open source,1737,e0ba016bc28e23132ca4776a989121aa6ebe73ae,improvement,11,4,11,6,0,0
112,volodya-lombrozo_conventional-commit-linter,https://github.com/volodya-lombrozo/conventional-commit-linter,2,1,14,1,1,0,6,0,4,1,3,0,maven,False,open source,99,b798759099920bd5912fff4bcf3f6a25d9bdd70e,improvement,11,1,0,0,0,0
124,tensorflow_java-ndarray,https://github.com/tensorflow/java-ndarray,0,0,0,0,0,0,0,0,0,0,0,0,maven,False,open source,71,dc83b8254ff108a487f2e27d3c293425471bb6e0,no improvement,11,0,0,0,0,0
132,jfree_skijagraphics2d,https://github.com/jfree/skijagraphics2d,0,0,0,0,0,0,0,0,0,0,0,0,maven,False,open source,111,b2bb2a29640b94ec7e1d14ab39f1b0ca26f5a7b3,no improvement,11,0,0,0,0,0
138,mauricioaniche_codesheriff,https://github.com/mauricioaniche/codesheriff,1,1,8,8,1,1,1,1,3,3,3,3,maven,False,open source,134,49be4843bedc35318bbd3e78b7a9c3337973466d,no improvement,11,0,0,0,0,0
153,DevUpgrade-online_season-2,https://github.com/DevUpgrade-online/season-2,8,2,173,4,11,0,77,3,70,1,15,0,maven,True,open source,184,2b3776697d382422a799da41b0abdfddb9dbd9e0,improvement,11,6,1,1,0,0
167,SelimHorri_tiny-movie-catalog-microservice-app,https://github.com/SelimHorri/tiny-movie-catalog-microservice-app,9,1,844,9,54,0,357,6,391,3,42,0,maven,False,open source,1563,22a57d9c602e027405d59cc2ab1864dd56483e14,improvement,11,20,0,0,0,0
169,obrunodelgado_camelboilerplate,https://github.com/obrunodelgado/camelboilerplate,11,8,276,206,23,18,131,97,107,82,15,9,maven,True,open source,3090,9a8c066bcd70e416490e8ad8a941a27b0e3e820a,improvement,11,1,4,0,0,0
204,wso2_contract-test-runner,https://github.com/wso2/contract-test-runner,6,1,12,1,0,0,5,1,5,0,2,0,maven,False,open source,185,c4a3966e8571f9aae42812dbe5830afe952717b7,improvement,11,0,4,1,0,0
207,SirSkaro_pokeapi-reactor,https://github.com/SirSkaro/pokeapi-reactor,6,0,126,0,7,0,65,0,48,0,6,0,maven,True,open source,235,d6d372b482e16963588ff6780519923e9b9dbd78,improvement,11,5,1,0,0,0
223,olein_Java-AWS-RnD,https://github.com/olein/Java-AWS-RnD,3,3,86,37,7,9,38,11,38,15,3,2,maven,True,open source,248,7140b9328317bb5e22ec5fcfed32d6cb6932674a,improvement,11,3,0,0,0,0
236,redis-developer_redi2read,https://github.com/redis-developer/redi2read,10,8,254,188,16,11,119,89,98,74,21,14,maven,False,open source,1076,af0dbda89af95d4f6f7e169fbeea53cff1cac7cf,improvement,11,3,0,0,0,0
257,imduchy_cloud-workshop,https://github.com/imduchy/cloud-workshop,5,1,123,3,9,0,54,2,50,1,10,0,maven,True,open source,115,79edc5e481a4197443e83a2c0ca284e6f5fc121e,improvement,11,4,1,0,0,0
260,executeautomation_SpringBootSelenium,https://github.com/executeautomation/SpringBootSelenium,7,3,113,13,12,2,56,10,42,1,3,0,maven,False,open source,122,10ee08acbe65cf0903ea93dee1afb610c78f0c0b,improvement,11,4,3,0,0,0
268,darinpope_java-web-app,https://github.com/darinpope/java-web-app,2,1,88,3,6,0,39,2,37,1,6,0,maven,True,open source,70,6a2cb7516ac81c63dcdf03696c5e8f07a7768ae2,improvement,11,2,0,0,0,0
266,JavaerLQ_ddisk-file,https://github.com/JavaerLQ/ddisk-file,11,6,265,64,16,7,118,24,109,25,22,8,maven,False,open source,349,e6b46e5ccaaec8ae3e3641e39fb2802c27eed02c,improvement,11,7,1,1,0,0
270,BestSolution-at_mac-codesigner,https://github.com/BestSolution-at/mac-codesigner,4,0,51,0,1,0,17,0,31,0,2,0,maven,True,open source,156,3e0fe0c0c3376765befc41ea2e81beb455402b14,improvement,11,4,0,0,0,0
295,J0B10_SMA-Speedwire,https://github.com/J0B10/SMA-Speedwire,0,0,0,0,0,0,0,0,0,0,0,0,maven,False,open source,45,5b6b523cdd472bf4624768b9f5c4ca32ff9140ff,no improvement,11,0,0,0,0,0
296,berndruecker_kafka-camunda-spring-simple,https://github.com/berndruecker/kafka-camunda-spring-simple,3,2,66,27,6,3,33,15,26,9,1,0,maven,False,open source,419,4bbc8cf202bdf34f80d3edb2968f0443228c39db,improvement,11,0,1,1,0,0
299,schauder_talk-beyond,https://github.com/schauder/talk-beyond,5,2,85,50,7,4,41,26,32,18,5,2,maven,True,open source,517,d95ece4a850a08c5dd0e715a77374b4415ec805e,improvement,11,2,0,0,0,0
303,teteusAraujo_carros,https://github.com/teteusAraujo/carros,5,4,136,31,9,8,61,10,58,12,8,1,maven,False,open source,274,2d7b3f91093318889a2c2165196f46b76dab5903,improvement,11,4,0,1,0,0
316,NewbieOrange_SUSTech-SQL-Project2-Public,https://github.com/NewbieOrange/SUSTech-SQL-Project2-Public,3,1,16,5,1,0,6,3,8,2,1,0,maven,True,open source,104,3065f4f6bcdff9ff4f811673f81aaa83502f4a5b,improvement,11,0,2,0,0,0
317,birdiecare_connect-smts,https://github.com/birdiecare/connect-smts,3,1,5,3,1,1,4,2,0,0,0,0,maven,True,open source,402,6322f07cf77ca583056aa9ab621288e6e60ff582,improvement,11,0,2,0,0,0
319,MichelliBrito_ms-email,https://github.com/MichelliBrito/ms-email,7,1,137,3,14,0,66,2,54,1,3,0,maven,False,open source,131,4c425bbd735a0080e8efd6c277048b7bd84b1b91,improvement,11,6,0,1,0,0
318,Online-Job-Portal-CG_Backend,https://github.com/Online-Job-Portal-CG/Backend,9,8,206,119,15,14,101,50,77,50,13,5,maven,True,open source,722,f8e7a3fedd9496d722921c9c37e458b416fae4c7,improvement,11,6,0,0,0,0
329,maximilianoalves_restassured-arch-example,https://github.com/maximilianoalves/restassured-arch-example,7,1,30,8,2,0,13,5,13,3,2,0,maven,False,open source,90,ac4830f4ad2770245f7f5c12a8619270c92b7bdd,improvement,11,1,3,1,0,0
336,juliengalet_reactor-flow,https://github.com/juliengalet/reactor-flow,0,0,0,0,0,0,0,0,0,0,0,0,maven,True,open source,72,c1475604b3a2dc5cb365722880f409b95c6d28a2,no improvement,11,0,0,0,0,0
342,Youngerjesus_spring-boot-kafka-guide,https://github.com/Youngerjesus/spring-boot-kafka-guide,6,1,174,3,10,0,81,2,71,1,12,0,maven,True,open source,445,26b834135a674241b252db2938741f9771620289,improvement,11,4,2,0,0,0
764,MichelliBrito_springboot-azure,https://github.com/MichelliBrito/springboot-azure,3,0,110,0,7,0,53,0,43,0,7,0,maven,True,open source,112,5aa5266f2601936cf6707fea884a05f496c58d48,improvement,11,3,0,0,0,0
765,baofeidyz_wtwu,https://github.com/baofeidyz/wtwu,4,3,119,24,8,6,54,10,49,7,8,1,maven,False,open source,252,515faa487b257318d22c0973aa5b1918eb0324c5,improvement,11,3,0,1,0,0
766,oooooomy_know-api,https://github.com/oooooomy/know-api,4,4,96,87,5,5,41,38,43,37,7,7,maven,False,open source,533,746d438a49d3a2cca2dc9e28b31e0d27751020ad,improvement,11,0,0,2,0,0
767,bseitkazin_spring-jwt-realization,https://github.com/bseitkazin/spring-jwt-realization,8,8,247,197,13,13,88,88,115,77,31,19,maven,False,open source,1921,26d7c09360c207d18a4fdcd4a4024cdc097ad88a,improvement,11,0,1,0,0,0
777,gnu-gnu_spring-kafka-example,https://github.com/gnu-gnu/spring-kafka-example,7,1,208,3,13,0,99,2,82,1,14,0,maven,True,open source,222,aa076e7db8d8975df76d08fc4d8f82a720b90f4c,improvement,11,6,1,0,0,0
782,Nuralam51_Spring-Boot-Payment-Gateway,https://github.com/Nuralam51/Spring-Boot-Payment-Gateway,4,2,102,60,7,3,45,24,43,28,7,5,maven,False,open source,381,dc131bdb16b6ae408f2d938d4caf19f662c24d70,improvement,11,2,0,0,0,0
339,chenggangpro_reactive-lock,https://github.com/chenggangpro/reactive-lock,4,4,84,84,8,8,41,41,34,34,1,1,maven,False,open source,9291,c53a918486bd769511c5c3539fcf989261ff4a60,no improvement,11,0,0,0,0,0
801,SloppyJack_EasyExcelPlus,https://github.com/SloppyJack/EasyExcelPlus,2,1,4,3,0,0,3,3,0,0,1,0,maven,False,open source,63,557c4d50bf38a4f9b5e2004f1537b5b1f592bf65,improvement,11,1,0,0,0,0
805,springframeworkguru_reactive-examples,https://github.com/springframeworkguru/reactive-examples,2,0,83,0,5,0,39,0,34,0,5,0,maven,True,open source,72,f6cf91e586919e83c19fbea575656e7c5694b6be,improvement,11,2,0,0,0,0
818,dykstrom_mazela-man,https://github.com/dykstrom/mazela-man,1,1,88,77,11,11,33,22,44,44,0,0,maven,False,open source,261,9174dc8e858251c15e2b650aad6af278d4fe2be5,improvement,11,0,0,0,0,0
829,GitHub-ZC_kuwo_flac_decrypt,https://github.com/GitHub-ZC/kuwo_flac_decrypt,0,0,0,0,0,0,0,0,0,0,0,0,maven,False,open source,37,b50f91cd155687fa4977969a65228dcdbe696761,no improvement,11,0,0,0,0,0
830,anton-goncharov_camel-opentelemetry-grafana-demo,https://github.com/anton-goncharov/camel-opentelemetry-grafana-demo,5,3,167,28,11,2,79,13,68,13,9,0,maven,False,open source,1022,54c622100bc4ea24107b9cfa525b84a8d7eabf72,improvement,11,2,3,0,0,0
839,mustafamuratcoskun_spring-boot-exception-handling,https://github.com/mustafamuratcoskun/spring-boot-exception-handling,4,2,118,85,8,5,52,37,49,37,9,6,maven,False,open source,525,de6da80511d5362676b54eaec7acc8a9c2d2ec34,improvement,11,2,0,0,0,0
862,Ashish2030_Swagger_Static_Website,https://github.com/Ashish2030/Swagger_Static_Website,5,5,204,76,11,9,64,32,98,32,31,3,maven,True,open source,455,b88699c7b1a35aad5d3780528059e6fc985e2f6f,improvement,11,4,1,0,0,0
863,monodot_hello-java-spring-boot,https://github.com/monodot/hello-java-spring-boot,2,1,88,3,6,0,39,2,37,1,6,0,maven,True,open source,73,865fbe04b9a9136bcf58f181b80e45cd64db2665,improvement,11,2,0,0,0,0
874,gscaramuzzino_quarkus-testing-restassured,https://github.com/gscaramuzzino/quarkus-testing-restassured,9,0,112,0,2,0,50,0,55,0,5,0,maven,False,open source,298,a6b96a091c4280a6c3a349fa81da2bc7acc10496,improvement,11,8,1,0,0,0
893,SelimHorri_upload-download-files-over-http,https://github.com/SelimHorri/upload-download-files-over-http,3,1,101,3,7,0,45,2,42,1,7,0,maven,True,open source,101,8718fcac1f8feee470457a1379b2c8730e8abdaa,improvement,11,3,0,0,0,0
885,chahirchalouati_cchaalouati.adidas-back-end,https://github.com/chahirchalouati/cchaalouati.adidas-back-end,9,9,277,231,13,11,105,86,126,106,33,28,maven,False,open source,1230,c42288d2363608ed863f8c42895bade2ea588870,improvement,11,1,0,1,0,0
901,andres-sacco_example-jxls,https://github.com/andres-sacco/example-jxls,3,3,24,16,2,1,11,9,11,6,0,0,maven,False,open source,58,734654f734289bb39b7c46d365b0d5f098d3d49f,improvement,11,1,1,0,0,0
906,hazelcast-demos_zerodowntime,https://github.com/hazelcast-demos/zerodowntime,12,5,223,18,12,0,89,10,100,6,22,2,maven,False,open source,165,72bdf15f0ee56bd6fd61103ace749dd362b9a71d,improvement,11,6,0,1,0,0
910,acenelio_aula-camadas,https://github.com/acenelio/aula-camadas,6,3,181,5,11,0,79,4,72,1,19,0,maven,True,open source,139,c874dbcdccca99f23367561c3f8f00f412863738,improvement,11,6,0,0,0,0
911,anuva04_springboot-user-registration-login,https://github.com/anuva04/springboot-user-registration-login,11,9,288,143,17,8,133,69,112,53,26,13,maven,False,open source,1103,4cae3decd84a8ed9acc17751d9194e519c4087f4,improvement,11,4,0,0,0,0
912,doTruongGiang-IT_Restful-API-with-Spring-Boot-and-PostgreSQL,https://github.com/doTruongGiang-IT/Restful-API-with-Spring-Boot-and-PostgreSQL,6,1,159,3,12,0,75,2,62,1,10,0,maven,False,open source,100,bf7a39240800c070b1fc3d2d3550cdec343d0cf5,improvement,11,5,1,0,0,0
925,ivanjakimovski_spring-boot-pdf-generator,https://github.com/ivanjakimovski/spring-boot-pdf-generator,2,1,88,59,6,3,39,24,37,27,6,5,maven,True,open source,347,7011588f334175847a94d645ad0ba52cb2ed33c9,improvement,11,1,0,0,0,0
930,codspire_JPA-HikariCP-without-Spring,https://github.com/codspire/JPA-HikariCP-without-Spring,3,0,12,0,0,0,2,0,4,0,6,0,maven,False,open source,72,ab983a6cf191585b68e065ec6c4c0c0900082dfd,improvement,11,1,2,0,0,0
928,Oldcauldron_rescuer_pp_task_313,https://github.com/Oldcauldron/rescuer_pp_task_313,10,9,258,257,15,15,115,114,103,103,25,25,maven,False,open source,1497,003362a421aaf9ac684ab5fc36f5c218b554b753,improvement,11,1,0,0,0,0
945,TechPrimers_spring-cloud-aws-example-1,https://github.com/TechPrimers/spring-cloud-aws-example-1,6,5,177,112,9,5,62,35,87,59,19,13,maven,False,open source,1961,6d321dd9fa40d145331d42cd7bfb2b84495b821b,improvement,11,2,0,0,0,0
955,ziobrando_homechef,https://github.com/ziobrando/homechef,6,3,161,68,7,6,75,35,74,24,5,3,maven,True,open source,1222,f47aaa65694749d84a0bfb29c9f393eed844330d,improvement,11,1,2,1,0,0
1009,projectdiscovery_nuclei-burp-plugin,https://github.com/projectdiscovery/nuclei-burp-plugin,1,1,1,1,0,0,0,0,1,1,0,0,maven,True,open source,68,979753430e9b04463e3760583f664589bb6bb166,no improvement,11,0,0,0,0,0
1095,SelimHorri_ecommerce-microservice-backend-app,https://github.com/SelimHorri/ecommerce-microservice-backend-app,29,28,4941,4818,301,301,2220,2196,2129,2052,291,269,maven,False,open source,13523,695a6d49a8fb5559b025e22017df1ec657104309,improvement,11,0,11,0,0,0
1127,Zowe-Java-SDK_ZosShell,https://github.com/Zowe-Java-SDK/ZosShell,1,1,1,1,0,0,0,0,1,1,0,0,maven,False,open source,48,a22a74e897d686bab0994655e1c83e8bf1638182,no improvement,11,0,0,0,0,0
1121,getindata_flink-http-connector,https://github.com/getindata/flink-http-connector,11,7,57,20,7,0,33,14,17,6,0,0,maven,True,open source,2544,bc340abe08c54a79f7153e554008b061724505dd,improvement,11,1,3,0,0,0
1135,askimed_nf-test,https://github.com/askimed/nf-test,5,1,14,8,2,0,7,5,5,3,0,0,maven,False,open source,157,62bd674442bf793877449b6fa688930cde79a1ea,improvement,11,0,0,3,0,0
1130,rubyangxg_jd-qinglong,https://github.com/rubyangxg/jd-qinglong,10,7,197,79,13,11,91,40,79,24,14,4,maven,False,open source,1159,810ca1bf88de56e71c51285862b8c0eb676bccd4,improvement,11,2,0,0,0,0
1148,gxywy_pixiv-daily,https://github.com/gxywy/pixiv-daily,1,1,2,1,0,0,1,1,1,0,0,0,maven,False,open source,45,41907ed83b38d11133e166c6ca99749f4d4c76d1,improvement,11,0,0,1,0,0
1190,CN-GuoZiyang_MYDB,https://github.com/CN-GuoZiyang/MYDB,1,0,2,0,1,0,1,0,0,0,0,0,maven,True,open source,462,bda575c1dfe75df1c670a10262e0eadf628650fb,improvement,11,1,0,0,0,0
1230,getindata_kafka-connect-iceberg-sink,https://github.com/getindata/kafka-connect-iceberg-sink,22,7,396,87,23,8,167,48,159,26,47,5,maven,False,open source,1613,4bf9e475eacf5f0fd9c99e0b47e9433539447d76,improvement,11,3,13,3,0,0
1262,qinhang3_a-puzzle-a-day,https://github.com/qinhang3/a-puzzle-a-day,1,0,2,0,1,0,1,0,0,0,0,0,maven,False,open source,63,a2fb693f0941ace51afb7febfb919b6995614028,improvement,11,1,0,0,0,0
1264,metaStor_SpringScan,https://github.com/metaStor/SpringScan,1,1,2,1,0,0,1,1,1,0,0,0,maven,False,open source,55,d852eb7b83e1e59f26948a3290ab975983641507,improvement,11,0,0,1,0,0
1279,alexandermakeev_toy-language,https://github.com/alexandermakeev/toy-language,0,0,0,0,0,0,0,0,0,0,0,0,maven,True,open source,52,a837d7ca132eaa9cf259aee262c9dd112cb79da8,no improvement,11,0,0,0,0,0
1291,jonelo_jacksum,https://github.com/jonelo/jacksum,0,0,0,0,0,0,0,0,0,0,0,0,maven,False,open source,70,4eb61182fd8e7e364ebcd35036f0c94ba7b9e4f7,no improvement,11,0,0,0,0,0
1299,barisseckin_E-Commerce,https://github.com/barisseckin/E-Commerce,13,3,281,77,16,0,89,8,137,50,39,19,maven,False,open source,276,9cb96417a52ef62a3f2abb2441045f2e4225395b,improvement,11,8,0,2,0,0
1311,schambon_SimRunner,https://github.com/schambon/SimRunner,5,3,13,10,1,0,8,6,4,4,0,0,maven,True,open source,286,10daefcf9c57be6775ccc87a4aa782513e39a02a,improvement,11,0,2,0,0,0
1336,PramodKumarYadav_happium,https://github.com/PramodKumarYadav/happium,7,2,44,25,2,2,15,13,22,9,5,1,maven,False,open source,238,31442d370897fe006e043d7048c494a78ac0affd,improvement,11,0,3,1,0,0
1340,kousen_mockitobook,https://github.com/kousen/mockitobook,2,0,3,0,0,0,2,0,1,0,0,0,maven,False,open source,79,bb53e9cc29a98b50d355eac8d38620ebcc1ed6fd,improvement,11,2,0,0,0,0
1344,nativejdb_nativejdb,https://github.com/nativejdb/nativejdb,0,0,0,0,0,0,0,0,0,0,0,0,maven,True,open source,62,0b8981577c5c5455c14b9d4f07345cd8b8a8efc5,no improvement,11,0,0,0,0,0
1354,capa-cloud_capa-bff,https://github.com/capa-cloud/capa-bff,12,5,279,32,18,1,119,14,125,17,17,0,maven,False,open source,372,f7bede4d7d30ced499201185ec6ab6ba7f7ab6e3,improvement,11,6,2,2,0,0
1395,leewyatt_rxcontrols,https://github.com/leewyatt/rxcontrols,1,0,1,0,1,0,0,0,0,0,0,0,maven,False,open source,170,5040a5a36d7f9a43bd565291c14b9b9e34ac94ee,improvement,11,0,0,0,0,0
1403,blibli-badak_selenium-har-util,https://github.com/blibli-badak/selenium-har-util,1,1,20,6,2,1,11,4,6,1,1,0,maven,False,open source,143,9f56868ea70a41000466f71d2192c59a6dd80be0,improvement,11,1,0,0,0,0
1432,Akuien_Power_Bank,https://github.com/Akuien/Power_Bank,1,0,1,0,0,0,0,0,1,0,0,0,maven,True,open source,45,62fd9f80e992ef018c8323c868602a0ccd4dfbe6,improvement,11,0,0,1,0,0
1380,yagol2020_PaperWebCrawler,https://github.com/yagol2020/PaperWebCrawler,12,9,121,74,7,4,63,36,37,25,14,9,maven,False,open source,4983,a6c4cc684b745084d11ba52d256119633af978f4,improvement,11,2,3,0,0,0
1450,ringcentral_metrics-facade,https://github.com/ringcentral/metrics-facade,17,4,235,80,34,10,114,40,85,30,2,0,maven,False,open source,722,545e0b64a8b1d377a863620fd2a16fe90f0c7b1c,improvement,11,10,2,3,0,0
1460,yaml-path_YamlPath,https://github.com/yaml-path/YamlPath,0,0,0,0,0,0,0,0,0,0,0,0,maven,True,open source,111,98145ed5dcaafff5ddfa317dea8d103a93c603b9,no improvement,11,0,0,0,0,0
1481,JavaMoney_jakarta-money,https://github.com/JavaMoney/jakarta-money,0,0,0,0,0,0,0,0,0,0,0,0,maven,True,open source,93,2daa32c9fe57cac1d23ec3a7b2663394c3af9b5d,no improvement,11,0,0,0,0,0
1513,ozifirebrand_printHia,https://github.com/ozifirebrand/printHia,8,5,135,42,10,5,50,16,63,18,12,3,maven,True,open source,1823,5db9ced25d63d2bde263bb359901179628ea3963,improvement,11,3,0,3,0,0
1564,AndreyCordeiro_sistema-gerenciamento-estoque,https://github.com/AndreyCordeiro/sistema-gerenciamento-estoque,12,9,273,202,17,13,98,68,131,99,27,22,maven,True,open source,855,d2a22152d59c1b7d20c0b8e7c00682eb03d37e33,improvement,11,2,3,1,0,0
1593,drasyl_netty-tun,https://github.com/drasyl/netty-tun,0,0,0,0,0,0,0,0,0,0,0,0,maven,True,open source,53,7b7cff87936130eab5cd5d99e21f3321c2e36766,no improvement,11,0,0,0,0,0
1597,FlowingCode_GridHelpers,https://github.com/FlowingCode/GridHelpers,6,6,92,92,3,3,26,26,62,62,1,1,maven,True,open source,1116,816cf173cd60f552686b616f0194ac4bdf8fddcd,no improvement,11,0,0,0,0,0
1601,lofi-enjoyer_Valkyrie,https://github.com/lofi-enjoyer/Valkyrie,0,0,0,0,0,0,0,0,0,0,0,0,maven,False,open source,233,a30e4b4c578e48522448da11bb3fd7defcb98051,no improvement,11,0,0,0,0,0
1603,Le36_chip36,https://github.com/Le36/chip36,0,0,0,0,0,0,0,0,0,0,0,0,maven,True,open source,173,7bdda9e9e378430d1eced68e10636523c70316e0,no improvement,11,0,0,0,0,0
1605,mertyalcin-code_rentACar,https://github.com/mertyalcin-code/rentACar,7,5,171,54,13,9,70,22,75,20,13,3,maven,False,open source,463,816cbda46e353b08de1236b22ebed764cfb782df,improvement,11,5,1,0,0,0
1635,joseluisgs_Blog-Relacional-AccesoDatos-2021-2022,https://github.com/joseluisgs/Blog-Relacional-AccesoDatos-2021-2022,1,0,1,0,0,0,0,0,1,0,0,0,maven,False,open source,61,fac3c850a499b838f027ba79579207b0cb0aa59b,improvement,11,0,0,1,0,0
1636,ZenWave360_json-schema-ref-parser-jvm,https://github.com/ZenWave360/json-schema-ref-parser-jvm,3,1,7,1,1,0,4,0,1,1,1,0,maven,True,open source,126,e36f545f6b67866aad6b66323601f315c49c06e0,improvement,11,0,2,0,0,0
1663,slamapp_server,https://github.com/slamapp/server,21,16,529,380,26,21,178,139,246,171,79,49,maven,False,open source,1374,fb79977f8acb6abb6dda4f148ff79cc5694fbe18,improvement,11,3,2,0,0,0
1689,ffffffff0x_JVWA,https://github.com/ffffffff0x/JVWA,11,11,361,361,19,19,113,113,186,186,43,43,maven,False,open source,2062,448f659d9d98023a104022d638cd38d6d843b7e8,no improvement,11,0,0,0,0,0
1708,zhining-lu_netty-quic-proxy,https://github.com/zhining-lu/netty-quic-proxy,4,2,17,8,0,0,12,8,5,0,0,0,maven,False,open source,87,35778356878d9194deace08dd56afc1435d935cc,improvement,11,0,1,1,0,0
1720,qq253498229_spring-boot-oauth2-example,https://github.com/qq253498229/spring-boot-oauth2-example,14,8,634,136,42,14,244,46,266,52,82,24,maven,False,open source,1228,114efae40c3a5c00832fa63071d70715cd938cc3,improvement,11,20,2,6,0,0
1729,Youngerjesus_refactoring-2nd-edition,https://github.com/Youngerjesus/refactoring-2nd-edition,2,0,54,0,5,0,28,0,19,0,2,0,maven,True,open source,86,5723cbf93dbb11e95df73a40c27512c0948e0e8a,improvement,11,2,0,0,0,0
1736,KillBait_AutoDrive_Course_Editor,https://github.com/KillBait/AutoDrive_Course_Editor,0,0,0,0,0,0,0,0,0,0,0,0,maven,False,open source,69,f7064ee9d9ebf8f73640260ecc096439c5ee8876,no improvement,11,0,0,0,0,0
1763,joseluisgs_ProgServiciosProcesos-02-Ejercicios-2021-2022,https://github.com/joseluisgs/ProgServiciosProcesos-02-Ejercicios-2021-2022,0,0,0,0,0,0,0,0,0,0,0,0,maven,False,open source,39,4355d20e0d2512f0bdcf1ea080bf95859058544c,no improvement,11,0,0,0,0,0
1773,ecovaci_winfoom,https://github.com/ecovaci/winfoom,8,5,82,76,8,8,36,34,33,31,5,3,maven,True,open source,843,671c931f233ea9c60e0d538b2f5adcc1f0791958,improvement,11,0,2,0,0,0
2608,codingspecialist_-Springboot-Security-OAuth2.0-V3,https://github.com/codingspecialist/-Springboot-Security-OAuth2.0-V3,9,3,253,3,16,0,109,2,104,1,24,0,maven,False,open source,136,d48d7c8af265ec5d015ed80f20f5d3d5ab30316f,improvement,11,8,0,1,0,0
2612,marhali_json5-java,https://github.com/marhali/json5-java,0,0,0,0,0,0,0,0,0,0,0,0,maven,True,open source,69,d220224342fac20d9636fe37b6379afe2faef53e,no improvement,11,0,0,0,0,0
2614,CarlosLoorB_ProyectoPOO,https://github.com/CarlosLoorB/ProyectoPOO,1,0,2,0,1,0,1,0,0,0,0,0,maven,False,open source,53,dd00d1545c8898dc44762abefcbb8a7409c0ed49,improvement,11,1,0,0,0,0
2623,vadeghar_option-chain,https://github.com/vadeghar/option-chain,7,1,204,1,13,0,90,0,86,1,15,0,maven,False,open source,146,bbd9114cf2db0d4983be41cc3f65663765c0151e,improvement,11,6,0,1,0,0
2624,patricklaux_perfect-code,https://github.com/patricklaux/perfect-code,0,0,0,0,0,0,0,0,0,0,0,0,maven,True,open source,50,ea4c952b42f69494f499c34e51d5522509feefc4,no improvement,11,0,0,0,0,0
2647,yoandypv_todo-api,https://github.com/yoandypv/todo-api,6,6,210,85,12,10,63,33,102,37,33,5,maven,True,open source,460,274053972ff59444f977a6d66555b7f0a8a0971f,improvement,11,4,1,0,0,0
2650,tucke_java-jtt809-2011,https://github.com/tucke/java-jtt809-2011,3,0,17,0,1,0,13,0,3,0,0,0,maven,False,open source,101,416eed913c646f568d7d3613a7ee626ba8ba68e1,improvement,11,0,0,2,0,0
2658,Azure-Samples_cosmosdb-springboot-aks,https://github.com/Azure-Samples/cosmosdb-springboot-aks,4,4,128,101,10,10,58,46,56,42,4,3,maven,False,open source,492,fdf62a5a3b577f0f3ea80f558fc5fa15814f3faa,improvement,11,1,0,0,0,0
2660,TheGeekPharaoh_asc4j,https://github.com/TheGeekPharaoh/asc4j,3,0,32,0,1,0,15,0,16,0,0,0,maven,False,open source,124,a37114e1ea4be852fbeeea6d0c77160a6a840923,improvement,11,2,1,0,0,0
19,souris-dev_samosac-jvm,https://github.com/souris-dev/samosac-jvm,2,0,2,0,0,0,0,0,1,0,1,0,maven,True,open source,262,bd30b0e2989bcabdcdd16cedeee48546b96efa9f,improvement,11,0,2,4,0,0
32,heyrmi_API-Testing-Framework,https://github.com/heyrmi/API-Testing-Framework,5,1,24,8,2,0,11,5,11,3,0,0,maven,False,open source,181,f7a18c623871a0712b004848cca4f40259437d02,improvement,11,0,2,1,0,0
18,Ontotext-AD_kafka-sink-graphdb,https://github.com/Ontotext-AD/kafka-sink-graphdb,22,5,114,86,4,3,28,20,54,37,28,26,maven,True,open source,980,66a1c774d62b85b07f5106ea79b1368b9ddf14b6,improvement,11,0,3,16,0,0
21,zhao-rgb_daily-practice,https://github.com/zhao-rgb/daily-practice,20,14,344,199,18,17,124,94,158,76,44,12,maven,True,open source,2070,d7a35b035c72996b88465cd96db418357b4a1e6d,improvement,11,3,3,7,0,0
30,norberttalpos_ev-charger-app,https://github.com/norberttalpos/ev-charger-app,16,9,414,103,26,9,155,50,178,37,55,7,maven,False,open source,1609,f0475979ecdba38241416cebcbad386857de758d,improvement,11,9,5,1,0,0
39,miroapp_miro-plantuml,https://github.com/miroapp/miro-plantuml,10,5,144,31,13,3,65,16,63,12,3,0,maven,False,open source,1060,3567da43576f7165ba457c7abd862cb77650a3f9,improvement,11,5,1,0,0,0
47,OBezpoiasnyi_ProjectGroup5,https://github.com/OBezpoiasnyi/ProjectGroup5,3,1,42,6,5,1,24,4,11,1,2,0,maven,True,open source,86,37bdeea98346a700846cb149e02c116d2c2127a6,improvement,11,2,0,0,0,0
57,OmarAlHaj24_OnDriver,https://github.com/OmarAlHaj24/OnDriver,4,4,101,66,8,8,40,31,45,25,8,2,maven,True,open source,846,6d22afe7ad243ebf53449b694f7db5f6dd34cc69,improvement,11,0,0,4,0,0
79,Borgotto_OOP21-air-hockey,https://github.com/Borgotto/OOP21-air-hockey,0,0,0,0,0,0,0,0,0,0,0,0,maven,False,open source,48,7ae08514eb98a81f620c66bfe835eaab8c9c1d18,no improvement,11,0,0,0,0,0
88,netcracker-edu_2021-msk-food-delivery,https://github.com/netcracker-edu/2021-msk-food-delivery,12,8,316,257,14,11,98,74,148,125,56,47,maven,False,open source,1194,721685b8c1eca601c7a318cfd4e7970b34fec2da,improvement,11,2,2,1,0,0
96,h1alexbel_realo,https://github.com/h1alexbel/realo,14,14,253,249,18,18,95,93,113,111,27,27,maven,False,open source,1470,821dace57b94a02361f443f05e0cb93ad9c04b7e,improvement,11,0,3,0,0,0
102,Hasior888_databasehelper,https://github.com/Hasior888/databasehelper,0,0,0,0,0,0,0,0,0,0,0,0,maven,False,open source,53,7ec076463531dd1daad71ff16dbb5fce387e40e2,no improvement,11,0,0,1,0,0
126,lenve_scheduling,https://github.com/lenve/scheduling,4,1,121,1,8,0,55,0,51,1,7,0,maven,False,open source,91,5271aef28ace083bb4643b780723cf9c63647569,improvement,11,3,0,1,0,0
127,jiangnanboy_jcorrector,https://github.com/jiangnanboy/jcorrector,2,1,13,4,0,0,5,3,6,1,2,0,maven,False,open source,293,87f490c8c4cd93097b83c5475a3767964fcc3153,improvement,11,0,2,0,1,0
112,strategyengine_fsedistributionservice,https://github.com/strategyengine/fsedistributionservice,18,16,355,343,28,27,158,152,133,129,36,35,maven,True,open source,2104,6c505d4e6815a1893ff16c39247766cdd0ad2fb4,improvement,11,0,1,0,0,0
129,gx304419380_ai-service,https://github.com/gx304419380/ai-service,10,4,126,61,7,7,59,23,39,27,21,4,maven,True,open source,812,c611c46fe3289a84106a01ddebb80740b073c3d5,improvement,11,2,7,0,0,0
136,lx1169732264_zdm,https://github.com/lx1169732264/zdm,1,1,1,1,0,0,1,1,0,0,0,0,maven,False,open source,102,1076ac63986dc1eb1da71f47e055d2f0df8af333,no improvement,11,0,0,1,0,0
140,spdx_spdx-to-osv,https://github.com/spdx/spdx-to-osv,1,1,10,7,1,1,5,4,4,2,0,0,maven,True,open source,386,98c4b890712bef3a28c3fa77b4983d6f6a369151,improvement,11,0,0,1,0,0
148,YunaBraska_nats-server-junit,https://github.com/YunaBraska/nats-server-junit,0,0,0,0,0,0,0,0,0,0,0,0,maven,True,open source,76,391c47d40869f9761e1c0d0b2996fc934a4e4a46,no improvement,11,0,0,0,0,0
168,cbarkinozer_OnlineBankingRestAPI,https://github.com/cbarkinozer/OnlineBankingRestAPI,12,10,336,291,18,14,111,93,162,141,45,43,maven,False,open source,1411,bd9d6fce91d0fe80a7abbbeac173f37d540344b0,improvement,11,2,1,0,0,0
179,tomstillcoding_Simple-RPC,https://github.com/tomstillcoding/Simple-RPC,0,0,0,0,0,0,0,0,0,0,0,0,maven,False,open source,42,4d3dc61f73bc462722123e47da9fded7c204d693,no improvement,11,0,0,0,0,0
186,AFFT-520_NIEBot,https://github.com/AFFT-520/NIEBot,5,2,18,9,1,1,10,6,6,1,1,1,maven,False,open source,369,15c937bcfd07bb0acab2197f483783ea0138aee1,improvement,11,0,2,1,0,0
200,google_quota-monitoring-solution,https://github.com/google/quota-monitoring-solution,0,0,0,0,0,0,0,0,0,0,0,0,maven,False,open source,37,c0054476abcf4a09bd67899429087b3a4bbc65e2,no improvement,11,0,0,0,0,0
204,kumait_kafkavisualizer,https://github.com/kumait/kafkavisualizer,1,0,6,0,0,0,4,0,2,0,0,0,maven,False,open source,64,25acd6c2579330e297dd4c6242a0603cc7b54975,improvement,11,0,1,0,0,0
207,willyancaetano_junit5-exemplos,https://github.com/willyancaetano/junit5-exemplos,0,0,0,0,0,0,0,0,0,0,0,0,maven,False,open source,51,01e024cf59e28d8b6737851b398b4f3febe7d122,no improvement,11,0,0,0,0,0
210,Kamilahsantos_serie-todo-list-youtube,https://github.com/Kamilahsantos/serie-todo-list-youtube,7,5,225,92,13,7,73,42,105,37,34,6,maven,False,open source,418,8bfed50dcca7295d23134510570baf9d0d553329,improvement,11,2,4,0,0,0
217,dream11_vertx-rest,https://github.com/dream11/vertx-rest,14,12,52,44,4,4,37,30,11,10,0,0,maven,True,open source,790,7bcd1cf1198476113ae7623bb502207f7fa71389,improvement,11,0,0,2,0,0
229,AharonSambol_PrettyPrintTreeJava,https://github.com/AharonSambol/PrettyPrintTreeJava,0,0,0,0,0,0,0,0,0,0,0,0,maven,False,open source,59,c357a94eb9f04a937ed5db70b2e459a3d5a76c18,no improvement,11,0,0,0,0,0
230,microsoft_credential-secure-storage-for-java,https://github.com/microsoft/credential-secure-storage-for-java,0,0,0,0,0,0,0,0,0,0,0,0,maven,True,open source,83,2390f511abcde07d68a927b4b70d663c43fde3fd,no improvement,11,0,0,0,0,0
233,LuanPSantos_Clean-Architecture,https://github.com/LuanPSantos/Clean-Architecture,2,0,87,0,6,0,39,0,36,0,6,0,maven,True,open source,85,9cae0e9ca3ad2a10c923c14c3aa1f987753c6a85,improvement,11,2,0,0,0,0
253,spring2go_graphql_event_app,https://github.com/spring2go/graphql_event_app,7,2,197,54,12,3,80,20,90,26,15,5,maven,True,open source,406,2f1df5dc100d15468766dd2ca02b0c0d0163243e,improvement,11,2,1,2,0,0
260,piinalpin_springboot-jpa-specification,https://github.com/piinalpin/springboot-jpa-specification,4,0,101,0,8,0,38,0,46,0,9,0,maven,True,open source,144,9aad8b89f8c3d1d3b1cc44a3582e26c858194870,improvement,11,4,0,0,0,0
262,shannah_shellmarks,https://github.com/shannah/shellmarks,3,1,5,1,0,0,1,0,4,1,0,0,maven,False,open source,1980,0d36a0d10e48a6a7595c05ed52ec506e46fc6bda,improvement,11,0,0,0,0,0
312,minji0123_SpringBootShoppingMall,https://github.com/minji0123/SpringBootShoppingMall,13,10,260,103,17,7,103,41,110,45,30,10,maven,False,open source,817,d226d8ba8bf2d008869bfd511af1eb765a4f7890,improvement,11,5,2,0,0,0
323,hannotify_eleven-crazy-java-things,https://github.com/hannotify/eleven-crazy-java-things,0,0,0,0,0,0,0,0,0,0,0,0,maven,True,open source,51,df317204fbfc57b0e7198ce9d10eda7249247954,no improvement,11,0,0,0,0,0
316,dlsc-software-consulting-gmbh_ShowcaseFX,https://github.com/dlsc-software-consulting-gmbh/ShowcaseFX,2,2,2,2,2,2,0,0,0,0,0,0,maven,False,open source,1972,6e26a5f14d1c4a1ee0d9155091eec3948a33f7fc,no improvement,11,0,0,0,0,0
339,koval666_springspecwrapper,https://github.com/koval666/springspecwrapper,3,3,49,49,5,5,23,23,19,19,2,2,maven,True,open source,336,49f19834d56a6ded6a83834a67d06c140ba0789a,no improvement,11,0,0,0,0,0
345,Rain238_rain-robot,https://github.com/Rain238/rain-robot,8,6,142,93,10,8,64,40,63,41,5,4,maven,False,open source,620,138bb087271c77ca6c4c53472852dcdc355cc31d,improvement,11,2,2,1,0,0
346,kiberohrannik_webflux-log,https://github.com/kiberohrannik/webflux-log,4,4,122,94,13,11,54,42,49,39,6,2,maven,True,open source,1106,257e23d1ef441874920d787904470271e99a4a6d,improvement,11,1,2,0,0,0
355,emthaibara_joint-cinema,https://github.com/emthaibara/joint-cinema,0,0,0,0,0,0,0,0,0,0,0,0,maven,False,open source,44,808da31ba96bebecabc6d8ea589a007d6637d48c,no improvement,11,0,0,0,0,0
356,RameshMF_spring-boot-jpa-course,https://github.com/RameshMF/spring-boot-jpa-course,3,1,54,1,5,0,22,0,25,1,2,0,maven,False,open source,314,d2cda31bf5d0e0b817719ffec2fd41b04fe77e3f,improvement,11,2,0,1,0,0
343,lydtechconsulting_kafka-streams,https://github.com/lydtechconsulting/kafka-streams,17,9,309,115,18,7,160,61,116,44,15,3,maven,True,open source,4444,c88914bc868b40251d95e5869c14fe78a06ed6b8,improvement,11,4,5,4,0,0
381,gurkanucar_jwt-project,https://github.com/gurkanucar/jwt-project,10,7,250,115,18,13,101,37,111,54,20,11,maven,False,open source,854,0ea6a937308140d75646bd6caeac56c4f6b65ca5,improvement,11,7,0,1,0,0
389,hsbc_cranker-connector,https://github.com/hsbc/cranker-connector,1,1,3,3,0,0,2,2,1,1,0,0,maven,True,open source,166,fc5d160c4bc5a2ce8d7264a921c695172e6c030b,no improvement,11,0,0,0,0,0
397,MichelliBrito_parking-control-api,https://github.com/MichelliBrito/parking-control-api,5,0,128,0,11,0,53,0,55,0,9,0,maven,False,open source,93,19b23c71b8aecb3a34eca38f16f368f3550b017e,improvement,11,4,0,1,0,0
414,Rapter1990_SpringBootElk,https://github.com/Rapter1990/SpringBootElk,6,5,124,119,11,10,49,48,61,58,3,3,maven,False,open source,631,683d5fc0d1b719dc9092a98aed8e475dd0c02585,improvement,11,0,0,0,0,0
425,hellodk34_link-cleaner,https://github.com/hellodk34/link-cleaner,1,0,8,0,0,0,0,0,5,0,3,0,maven,False,open source,64,ddb8d86558cb8902f2911c0020a1afbf63accbf5,improvement,11,0,1,0,0,0
427,cami-la_academia-digital,https://github.com/cami-la/academia-digital,5,0,137,0,11,0,61,0,56,0,9,0,maven,False,open source,108,0b7dfb5bca30603b0047bbd0100db556fd6721f7,improvement,11,4,0,1,0,0
434,ecsimsw_fast-crud,https://github.com/ecsimsw/fast-crud,3,3,96,96,6,6,43,43,40,40,7,7,maven,False,open source,642,0daf8aba9b13d5bed05155f5f07453f7dfa5ab53,no improvement,11,0,0,0,0,0
444,ugurcanlacin_backendstory,https://github.com/ugurcanlacin/backendstory,6,3,730,12,36,0,230,12,396,0,68,0,maven,True,open source,224,89421bc7ccef59bf5ea1c306ca4e8c78fa419089,improvement,11,14,6,0,0,0
457,mxsm_rain,https://github.com/mxsm/rain,11,6,156,27,14,4,65,12,73,11,4,0,maven,False,open source,172,f4121740e542c8c86921a7d8ea7374ff83c921b6,improvement,11,4,2,4,0,0
461,tdonuk_restaurant-management-system,https://github.com/tdonuk/restaurant-management-system,14,3,357,9,24,0,171,8,132,1,30,0,maven,False,open source,172,74ea436412b972d9ad85e216de21e3fe73ed4383,improvement,11,11,2,1,0,0
465,jtablesaw_plotly.java,https://github.com/jtablesaw/plotly.java,3,1,6,1,1,0,1,0,3,1,1,0,maven,True,open source,76,22329c72f05596f20d282a6c7e684f9385f98412,improvement,11,0,0,2,0,0
477,willyancaetano_mockito-exemplos,https://github.com/willyancaetano/mockito-exemplos,0,0,0,0,0,0,0,0,0,0,0,0,maven,True,open source,48,bf3bfaa25f14602aa0d1ff7b302c947dd2109612,no improvement,11,0,0,0,0,0
505,rentianle2023_LipsticksGeek-BackEnd,https://github.com/rentianle2023/LipsticksGeek-BackEnd,18,15,437,305,28,22,177,134,194,122,38,27,maven,False,open source,1854,db4f74d4d4137c3504ef18236168c0da5a064dce,improvement,11,2,6,2,0,0
518,aws-samples_amazon-appflow-custom-jdbc-connector,https://github.com/aws-samples/amazon-appflow-custom-jdbc-connector,4,1,25,8,1,1,9,2,14,5,1,0,maven,True,open source,148,214944bbfc437f43676b97c5e71824d3c42a8e7c,improvement,11,0,1,0,0,0
524,joseluisgs_SpringBoot-Productos-REST-DAM-2021-2022,https://github.com/joseluisgs/SpringBoot-Productos-REST-DAM-2021-2022,9,9,213,130,13,14,75,51,101,47,24,18,maven,True,open source,856,e24812f89a327769055d8f73207d0578aa6a5acd,improvement,11,3,1,0,0,0
532,CuteLuoBo_live-danmu-archive,https://github.com/CuteLuoBo/live-danmu-archive,6,1,34,10,1,1,12,5,19,4,2,0,maven,True,open source,233,3189480b9590a50360e751fa58d5fb55b036b767,improvement,11,0,2,3,0,0
542,dreamlike-ocean_oceanet,https://github.com/dreamlike-ocean/oceanet,1,0,1,0,0,0,0,0,1,0,0,0,maven,True,open source,55,b5bd9bd89aca0ba3d04ace722f905099ea5865f6,improvement,11,0,1,0,0,0
554,polyzos_pulsar-flink-stateful-streams,https://github.com/polyzos/pulsar-flink-stateful-streams,5,4,31,27,1,0,19,18,11,9,0,0,maven,False,open source,181,3520d861b137fed71b94e597b37b39d444590929,improvement,11,0,1,0,0,0
555,bulutluoz_Selenium_4-Yenilikler,https://github.com/bulutluoz/Selenium_4-Yenilikler,3,2,52,13,5,2,29,9,15,1,3,1,maven,True,open source,323,ee1690d7f0d3a27263846ba952cc269fa9cb0472,improvement,11,1,2,0,0,0
557,Azure-Samples_java-docs-spring-hello-world,https://github.com/Azure-Samples/java-docs-spring-hello-world,2,0,69,0,6,0,29,0,32,0,2,0,maven,True,open source,98,09629beece4cfb71f189c649951d927f717ac58e,improvement,11,2,0,0,0,0
560,Rapter1990_SpringBootNeo4jShortestPath,https://github.com/Rapter1990/SpringBootNeo4jShortestPath,6,6,125,125,10,10,58,58,54,54,3,3,maven,False,open source,688,c10872c79e53e27305c20182abbcd91b05f0b6ee,no improvement,11,0,0,0,0,0
567,shabbirdwd53_spring-security-tutorial,https://github.com/shabbirdwd53/spring-security-tutorial,11,4,598,9,36,0,227,7,254,2,81,0,maven,False,open source,327,bc7c35dfa14527fa0e5fad27e16d3d80849b60cf,improvement,11,18,1,2,0,0
580,paneladev_agenda-service,https://github.com/paneladev/agenda-service,12,8,257,117,18,9,111,54,103,44,25,10,maven,True,open source,1063,faf956d56017b123162b3ac7ab9e79616ade6785,improvement,11,6,1,0,0,0
591,bulutluoz_30-dakikada-Selenium-Serisi,https://github.com/bulutluoz/30-dakikada-Selenium-Serisi,3,1,43,6,5,1,27,4,8,1,3,0,maven,True,open source,95,49a36eea610e7fa93e0c7889da8c858bfae8bcea,improvement,11,1,1,0,0,0
593,dingan-work_digital-asset-wallet,https://github.com/dingan-work/digital-asset-wallet,9,9,247,247,12,12,103,103,127,127,5,5,maven,False,open source,905,d8415823e446b8a1fb90ff7b41bc4a07843d1484,no improvement,11,0,0,0,0,0
614,infinistor_ifsmoverrest,https://github.com/infinistor/ifsmoverrest,7,1,26,1,4,0,10,1,12,0,0,0,maven,False,open source,278,727cfacd3a03e546b88c2b3f541669bf167821ab,improvement,11,0,4,2,0,0
615,hamitmizrak_InnovaMVC,https://github.com/hamitmizrak/InnovaMVC,7,1,161,1,12,0,63,0,75,1,11,0,maven,True,open source,161,daa03a08856db031331ea0fecb9bc5a72b1ad213,improvement,11,5,0,2,0,0
618,bertoxious_SpringBootJWT,https://github.com/bertoxious/SpringBootJWT,6,6,209,209,10,10,62,62,102,102,35,35,maven,True,open source,708,7d54eab59d3c4bc4b7c0d0209b95f055d9c67e84,no improvement,11,0,0,0,0,0
621,pratovv_CourseWork,https://github.com/pratovv/CourseWork,8,8,199,97,11,11,67,42,95,39,26,5,maven,False,open source,450,6d311fd90eda5c414921d19406a1bdbf3aa943a5,improvement,11,3,1,0,0,0
650,sethmachine_universal-sound-board,https://github.com/sethmachine/universal-sound-board,13,12,304,303,28,28,99,99,126,126,51,50,maven,False,open source,1026,21251246d2122d5d8dee55a3c4f6549827c15afa,improvement,11,0,1,0,0,0
673,joseluisgs_Programacion-AlumnosClase,https://github.com/joseluisgs/Programacion-AlumnosClase,0,0,0,0,0,0,0,0,0,0,0,0,maven,False,open source,55,02482dcb4f9974c00684da346cfb91db98a6158d,no improvement,11,0,0,0,0,0
678,Xpectuer_miniJuliaSonar,https://github.com/Xpectuer/miniJuliaSonar,3,1,5,1,1,0,2,1,2,0,0,0,maven,True,open source,73,26d3336c5510f6287bc7b2ee940e6a4330dc7419,improvement,11,0,1,1,0,0
679,howareyouo_kafka-connect-timestamp-converter,https://github.com/howareyouo/kafka-connect-timestamp-converter,2,2,29,2,3,0,12,2,11,0,3,0,maven,True,open source,85,bce0bebb0931fdec7c8cb7b4420ddfd31f6252ae,improvement,11,0,2,0,0,0
687,moacirrf_nb-java-decompiler,https://github.com/moacirrf/nb-java-decompiler,0,0,0,0,0,0,0,0,0,0,0,0,maven,True,open source,365,b11fea574b8e8abadb5044101554698360bf5ded,no improvement,11,0,0,0,0,0
695,sbahadirm_mobile-action-bootcamp,https://github.com/sbahadirm/mobile-action-bootcamp,13,11,331,280,20,16,122,102,157,133,32,29,maven,False,open source,1008,8d0d6ff96b7be5762f0a31b0774c8cec558e2ed5,improvement,11,2,1,0,0,0
696,arbade_aws-demo-day,https://github.com/arbade/aws-demo-day,9,7,272,107,17,12,99,49,121,42,35,4,maven,False,open source,896,75c27c37731ba15330d2866764e5e57a38f99610,improvement,11,5,2,1,0,0
703,seanpmaxwell_simple-spring-boot,https://github.com/seanpmaxwell/simple-spring-boot,6,6,140,140,12,12,58,58,60,60,10,10,maven,False,open source,800,368b27cca75d81695de2bdb4d084cb6f2b71d958,no improvement,11,0,0,0,0,0
711,kegisa_TinkoffStockService,https://github.com/kegisa/TinkoffStockService,5,4,132,112,7,7,59,50,57,48,9,7,maven,True,open source,454,e1ae2a9c1eb84f797627c1c3e95b3831348c5b1e,improvement,11,0,2,1,0,0
713,ludovicianul_dvt,https://github.com/ludovicianul/dvt,3,3,7,7,0,0,1,1,4,4,2,2,maven,False,open source,650,776032e3bf226d408dc62c2a374a7d07c96b3b1f,no improvement,11,0,0,0,0,0
716,wesleyosantos91_poc-arch-hexagonal-springboot,https://github.com/wesleyosantos91/poc-arch-hexagonal-springboot,8,7,202,155,13,10,80,65,94,70,15,10,maven,False,open source,779,ec8e143bed402edb821be2fad8fd14ae1c0aa033,improvement,11,1,2,0,0,0
731,LearnCodeWithDurgesh_Backend-Course-Blogging-Application,https://github.com/LearnCodeWithDurgesh/Backend-Course-Blogging-Application,10,8,229,168,14,11,79,43,110,91,26,23,maven,False,open source,849,ecb924f5f9086752516b27e5f29e0024455ef813,improvement,11,5,0,1,0,0
734,jyeonjyan_GoF,https://github.com/jyeonjyan/GoF,3,3,61,53,5,5,29,26,23,19,4,3,maven,False,open source,597,f56f60f4a273bf45f38d3a55e4522bb944ce02e6,improvement,11,0,0,1,0,0
740,jdubois_nubesgen-cli,https://github.com/jdubois/nubesgen-cli,0,0,0,0,0,0,0,0,0,0,0,0,maven,False,open source,53,55ab88efd202b8d294a424632350baf48253c7d9,no improvement,11,0,0,0,0,0
738,hamitmizrak_SpringMvcSpringDataSpringRest,https://github.com/hamitmizrak/SpringMvcSpringDataSpringRest,11,3,261,58,18,3,103,24,116,23,24,8,maven,True,open source,444,d121a7ffb300f8875c9a2225e5134f51a708d298,improvement,11,8,1,1,0,0
774,Dylan666666_Certificate-Management-System,https://github.com/Dylan666666/Certificate-Management-System,14,10,236,143,13,12,103,60,97,62,23,9,maven,False,open source,1086,a633b8fc9e5ea006b7a086d4bca96be87abbc14d,improvement,11,4,3,1,0,0
777,v1bh0r_spring-boot-local-dev-docker,https://github.com/v1bh0r/spring-boot-local-dev-docker,5,0,123,0,9,0,59,0,47,0,8,0,maven,False,open source,122,047cb2aa1e02fc51bad24b076cb7ed8dccda2aeb,improvement,11,4,1,0,0,0
783,akhunovaa_customer-service,https://github.com/akhunovaa/customer-service,7,7,112,112,5,5,48,48,59,59,0,0,maven,True,open source,2545,dfc16df640b7bb2cf7aa59901e536524096ee51c,no improvement,11,0,0,0,0,0
793,sbahadirm_softtech-spring-boot,https://github.com/sbahadirm/softtech-spring-boot,12,10,353,299,19,15,121,99,166,142,47,43,maven,False,open source,1146,cfddbf35e4bff17740d4ce534519ddb84db68ae0,improvement,11,2,1,0,0,0
810,lmlx66_snowflake-spring-boot-starter,https://github.com/lmlx66/snowflake-spring-boot-starter,1,1,19,19,2,2,9,9,8,8,0,0,maven,False,open source,233,0caba0fc9eec38c3077f3dfb115a218f66b12f31,no improvement,11,0,0,0,0,0
812,git-cloner_classnotfound,https://github.com/git-cloner/classnotfound,8,6,142,36,11,11,59,10,62,14,10,1,maven,False,open source,298,e4876448d58e0303cc89fd6e4b4eca63e5041e4b,improvement,11,6,1,0,0,0
817,sunilpatro1985_SeleniumJavaFramework,https://github.com/sunilpatro1985/SeleniumJavaFramework,7,1,65,6,7,1,40,4,15,1,3,0,maven,False,open source,117,dfe15f0b0e253f57c5a7fbf97775fa1a9483d7f5,improvement,11,1,5,1,0,0
818,SimonHarmonicMinor_mts-teta-entrance-exam-java-middle-2022,https://github.com/SimonHarmonicMinor/mts-teta-entrance-exam-java-middle-2022,2,1,7,3,2,1,2,1,3,1,0,0,maven,False,open source,136,24c4500338a86db312b72755d191d19037bd7fc6,improvement,11,0,1,0,0,0
831,gofabian_junit-fixture-extension,https://github.com/gofabian/junit-fixture-extension,0,0,0,0,0,0,0,0,0,0,0,0,maven,True,open source,47,d138cef0a838cb36be225ce47b694dd0ae61274e,no improvement,11,0,0,0,0,0
853,ethanflower1903_microservices-project,https://github.com/ethanflower1903/microservices-project,23,6,3636,303,124,26,1058,147,1970,114,484,16,maven,False,open source,1356,210bb0a67d63e2f8103264c51f33ec8235ca02fc,improvement,11,46,6,10,0,0
874,guilherj_tqi_evolution_backend_2021,https://github.com/guilherj/tqi_evolution_backend_2021,4,2,105,76,8,5,42,31,46,34,9,6,maven,True,open source,392,e96af7f692f41951fb6dc9e15e5a1ee7d3f6cbfc,improvement,11,2,0,0,0,0
875,jjeanjacques10_solid,https://github.com/jjeanjacques10/solid,5,0,252,0,20,0,102,0,110,0,20,0,maven,False,open source,146,0b1ca569af32757ac14605a85315729fda1ae9c4,improvement,11,10,0,0,0,0
877,bourgesl_marlin-math,https://github.com/bourgesl/marlin-math,0,0,0,0,0,0,0,0,0,0,0,0,maven,False,open source,52,c9bbfbac4565e81e54ce79fc02c38fcaa2fe0e48,no improvement,11,0,0,0,0,0
892,leungsteve_realtime_enrichment,https://github.com/leungsteve/realtime_enrichment,2,0,12,0,0,0,4,0,8,0,0,0,maven,False,open source,54,f1a956d57bbcdd050090368ecda6753a8c89dfd7,improvement,11,1,0,0,0,0
897,hajali-amine_image-resizer,https://github.com/hajali-amine/image-resizer,5,2,80,66,6,6,34,28,38,30,2,2,maven,False,open source,488,b83e27c247a4534c4fef170567f3f537df2f9c50,improvement,11,0,3,1,0,0
899,eimantas_gpasas-javalin,https://github.com/eimantas/gpasas-javalin,2,2,33,10,4,1,20,7,9,2,0,0,maven,False,open source,279,28a16f4e5f3002b2fb94e48c5dca2c8f77dc1948,improvement,11,0,2,0,0,0
906,rednit-team_tinder4j,https://github.com/rednit-team/tinder4j,2,0,6,0,0,0,3,0,3,0,0,0,maven,False,open source,61,56c48eb23324607f1b20af1598b21d5ab676723b,improvement,11,0,1,1,0,0
910,sadtrain_auto-trans,https://github.com/sadtrain/auto-trans,17,8,199,110,15,7,93,50,73,43,18,10,maven,False,open source,668,d8b1261a2aaa44ec701b82450b408391858022f5,improvement,11,3,6,4,0,0
929,Kloping_landlord_game,https://github.com/Kloping/landlord_game,2,2,16,16,0,0,14,14,2,2,0,0,maven,False,open source,291,b3b1d0dde132d962d4493cbb2747cda58946b4de,no improvement,11,0,0,0,0,0
931,puzpuzpuz_java-concurrency-samples,https://github.com/puzpuzpuz/java-concurrency-samples,0,0,0,0,0,0,0,0,0,0,0,0,maven,True,open source,44,5bdfc514a859867e90ab36217f952a32835f94ea,no improvement,11,0,0,0,0,0
947,wgzhao_trino-event-logger,https://github.com/wgzhao/trino-event-logger,2,0,7,0,1,0,1,0,2,0,3,0,maven,False,open source,57,04e54fb17a66af438f194fbf47ebb08d32f63a55,improvement,11,0,0,1,0,0
949,Ugonna1054_springboot-security-with-keycloak,https://github.com/Ugonna1054/springboot-security-with-keycloak,2,1,122,38,5,2,60,17,47,14,10,5,maven,False,open source,225,7ed6ceae09cc33a85137cf579ed19aec12409541,improvement,11,1,0,0,0,0
952,kousen_questjpa,https://github.com/kousen/questjpa,7,0,128,0,14,0,59,0,52,0,3,0,maven,True,open source,158,924349984a8ce6513728625ec6f9a4ace79520ba,improvement,11,6,1,0,0,0
957,domain-primitives_domain-primitives-java,https://github.com/domain-primitives/domain-primitives-java,0,0,0,0,0,0,0,0,0,0,0,0,maven,True,open source,60,e5870075d8ce72e051edd09434126c46679be3cf,no improvement,11,0,0,0,0,0
962,feltex_cliente-api,https://github.com/feltex/cliente-api,4,2,118,21,8,4,52,7,51,9,7,1,maven,False,open source,164,6e981443137b06f149ef6a94a54903839022c846,improvement,11,3,0,1,0,0
982,gavinklfong_spring-investment-platform,https://github.com/gavinklfong/spring-investment-platform,6,4,208,95,17,11,91,45,90,37,10,2,maven,True,open source,620,65e10735e48b67539e3afc1100c035497b955628,improvement,11,2,3,0,0,0
985,ethanflower1903_petclinic-microservice,https://github.com/ethanflower1903/petclinic-microservice,23,6,3636,303,124,26,1058,147,1970,114,484,16,maven,False,open source,1350,7c120b27cc9870921cba6c54b7a7076d5eb2eb6c,improvement,11,46,6,10,0,0
1001,GustavoBoaz_projeto_BlogPessoal_SpringBoot_T34,https://github.com/GustavoBoaz/projeto_BlogPessoal_SpringBoot_T34,9,8,234,112,16,13,111,40,91,55,16,4,maven,False,open source,672,0abcc8503b35f81217f4c0f9557077310f80fed5,improvement,11,7,0,0,0,0
1012,Today-I-Learn_domain-analysis-inflearn,https://github.com/Today-I-Learn/domain-analysis-inflearn,8,1,164,1,11,0,75,0,67,1,11,0,maven,False,open source,145,8cfd7ea68ec85ecd171bf87f276dd1688b75e6b4,improvement,11,6,1,1,0,0
1013,old-horizon_selenium-k8s-dynamic-grid,https://github.com/old-horizon/selenium-k8s-dynamic-grid,2,1,9,4,0,0,7,2,2,2,0,0,maven,False,open source,194,3e70648ec0af70d0f5b7555ff5944ee7b571635e,improvement,11,0,2,0,0,0
1025,folksdev_movie-api,https://github.com/folksdev/movie-api,12,10,266,247,16,16,119,111,111,102,20,18,maven,True,open source,1461,55e3bdde35c24cafa6b4909c7533a3a88bc56847,improvement,11,0,3,0,0,0
1065,ShafiqSadat_KankorRobot,https://github.com/ShafiqSadat/KankorRobot,4,0,14,0,1,0,4,0,9,0,0,0,maven,False,open source,77,a31f2b49eb216d861f847639eb614f8ef3b5be24,improvement,11,0,4,0,0,0
1064,Katibat_java-filmorate,https://github.com/Katibat/java-filmorate,6,3,111,88,10,8,48,38,50,40,3,2,maven,True,open source,624,9945c2a0d8d3e01583ec1e7d65a21768b476b546,improvement,11,1,1,1,0,0
1082,sunnyvale-it_CVE-2021-44228-PoC,https://github.com/sunnyvale-it/CVE-2021-44228-PoC,1,0,4,0,0,0,1,0,1,0,2,0,maven,False,open source,48,fb13959c4ee9989b71cc9ce541e585fccb21955a,improvement,11,0,1,0,0,0
1075,zakariamaaraki_Distributed-LRU-Cache,https://github.com/zakariamaaraki/Distributed-LRU-Cache,7,6,291,168,16,11,105,80,130,65,40,12,maven,True,open source,1024,b8ccd9d3810d33821297b60667696233736a5b29,improvement,11,2,2,0,0,0
1083,HeavyTiger_mall,https://github.com/HeavyTiger/mall,10,4,282,146,10,3,83,36,133,70,56,37,maven,False,open source,403,6fc76473c4154d88b57e68eaf36086f48eaea933,improvement,11,2,5,2,0,0
1095,SelimHorri_elastic-boot,https://github.com/SelimHorri/elastic-boot,4,0,154,0,9,0,79,0,58,0,8,0,maven,True,open source,148,f9c7b8f6ff6e147cbf8b3e16db7ecf99697ddb5e,improvement,11,4,0,0,0,0
1112,gumpdev_worm,https://github.com/gumpdev/worm,1,1,9,1,0,0,3,0,6,1,0,0,maven,False,open source,80,a848b4f3ef87e9fcdffbfef9f39877cb1521b092,improvement,11,0,0,1,0,0
1117,feltex_feltex-excel-util,https://github.com/feltex/feltex-excel-util,3,2,11,4,2,2,5,2,4,0,0,0,maven,True,open source,163,d76ab8eb373c86bae99eb51cda7050bbf7edb609,improvement,11,0,1,2,0,0
1119,nuriyeyldrm_car-rental,https://github.com/nuriyeyldrm/car-rental,12,11,390,215,19,17,122,63,186,105,63,30,maven,False,open source,974,09653adf19f3113cee702097dcae25e29e3973f5,improvement,11,8,2,0,0,0
1128,tspannhw_airquality,https://github.com/tspannhw/airquality,6,1,117,11,9,1,58,6,47,4,3,0,maven,False,open source,308,d13ce03cb6ce0120fca3556d42380e2a4bdc5c9a,improvement,11,3,1,1,0,0
1137,IBM_ibm-ix-aem-sonarqube-plugin,https://github.com/IBM/ibm-ix-aem-sonarqube-plugin,0,0,0,0,0,0,0,0,0,0,0,0,maven,True,open source,127,8e34d93ae5ac9e67d4bfc028a55c5d31b6ae8cda,no improvement,11,0,0,0,0,0
1138,jpkhawam_WordleFX,https://github.com/jpkhawam/WordleFX,0,0,0,0,0,0,0,0,0,0,0,0,maven,False,open source,448,0ac0b18b94aacddcab16de8aceee687dc32dffd3,no improvement,11,0,0,0,0,0
1140,PlayerHOI_Iron-Workshop-Flag-Creator,https://github.com/PlayerHOI/Iron-Workshop-Flag-Creator,3,1,13,1,0,0,4,0,9,1,0,0,maven,False,open source,513,5b14fd219e8471803fed0c80fbc1640bc75fc974,improvement,11,0,1,0,0,0
1159,ivanmorozfd_tvsuStudent,https://github.com/ivanmorozfd/tvsuStudent,9,9,252,246,18,18,100,99,112,107,22,22,maven,False,open source,1370,fb4dac7f9d170ed5538b6477a8bd86ed9f740476,improvement,11,0,0,1,0,0
1161,chengjundong_imooc-flink,https://github.com/chengjundong/imooc-flink,8,3,99,54,0,0,34,32,63,22,2,0,maven,False,open source,1033,c286eb4af5604832819d42bb4d534e7485df372f,improvement,11,0,4,10,0,0
1166,Fliskey_qbot,https://github.com/Fliskey/qbot,11,8,196,148,15,11,85,66,86,67,10,4,maven,False,open source,976,75a179bd5dfb80c494adaa9a848bbd24ff0b16f3,improvement,11,3,1,1,0,0
1171,kmandalas_spring-cloud-component-tests,https://github.com/kmandalas/spring-cloud-component-tests,14,13,456,305,26,25,211,142,192,125,27,13,maven,False,open source,1288,f92db7c6ef67c1cc6d79734b80327887ce5bb367,improvement,11,4,1,4,0,0
1177,Until-You-Possible_javaDemo,https://github.com/Until-You-Possible/javaDemo,5,2,138,83,10,6,60,35,59,36,9,6,maven,True,open source,533,4016d06a9a13b00dec06e3ca036970bbca5171fe,improvement,11,2,1,0,0,0
1176,folksdev_account-api,https://github.com/folksdev/account-api,10,8,199,180,12,12,91,83,82,73,14,12,maven,True,open source,1440,eadcb3a060d8621cb50ad138a299959262f28e7a,improvement,11,0,3,0,0,0
1182,JacksonElia_EthermineTracker,https://github.com/JacksonElia/EthermineTracker,3,1,53,6,5,1,29,4,15,1,4,0,maven,False,open source,301,ab62121d673b7a78b01ac64bf712cbda9f88087c,improvement,11,3,2,0,0,0
1190,manuelernesto_subscription-system,https://github.com/manuelernesto/subscription-system,0,0,0,0,0,0,0,0,0,0,0,0,maven,False,open source,35,7576ea822859a2a1540dfd1b4d1379b4271dd25f,no improvement,11,0,0,0,0,0
1181,rocketseat-creators-program_spring-rest-pdf-endpoint-2021-10-12,https://github.com/rocketseat-creators-program/spring-rest-pdf-endpoint-2021-10-12,7,6,162,130,11,8,78,61,61,51,12,10,maven,True,open source,1014,06ee3c732b2d839a59bdd63a6a8473b6acd537e0,improvement,11,1,0,1,0,0
1191,rabia-cakir_CreditApplicationProject,https://github.com/rabia-cakir/CreditApplicationProject,11,10,305,212,18,16,97,85,144,88,46,23,maven,False,open source,1671,449ea5a233c1e8f26b4378b15988aebbd910604c,improvement,11,2,1,0,0,0
1206,natanielpaiva_arquitetura-hexagonal-spring,https://github.com/natanielpaiva/arquitetura-hexagonal-spring,5,5,145,145,11,11,63,63,61,61,10,10,maven,False,open source,714,a0dc7879606a43fa689f47cbec16e9b7863d281d,no improvement,11,0,0,0,0,0
1212,zhao520a1a_processon-to-md,https://github.com/zhao520a1a/processon-to-md,3,1,9,3,0,0,3,1,5,1,1,1,maven,False,open source,90,5bf6450171603acbc305e55b8dcf15f2d504afd9,improvement,11,0,2,0,0,0
1210,aalmiray_mn-cli,https://github.com/aalmiray/mn-cli,7,7,27,27,1,1,13,13,13,13,0,0,maven,False,open source,1179,759b32e7e32c085d6b55565c52e9406f45139555,no improvement,11,0,0,0,0,0
1235,MoussaOustouh_design-patterns,https://github.com/MoussaOustouh/design-patterns,0,0,0,0,0,0,0,0,0,0,0,0,maven,False,open source,41,e713ee29c3a9372f98a68f50ad34398acf17c0ad,no improvement,11,0,0,0,0,0
1233,JonathanRamirez1_Spring-Boot-ChallengeBackend-Alkemy,https://github.com/JonathanRamirez1/Spring-Boot-ChallengeBackend-Alkemy,9,7,270,217,11,11,73,66,135,108,51,32,maven,False,open source,1040,a605c3f29345fbafb67e9f8be0e4987390c037f6,improvement,11,0,2,0,0,0
1236,camunda-community-hub_zeebe-keycloak-interceptor,https://github.com/camunda-community-hub/zeebe-keycloak-interceptor,7,6,127,50,9,4,75,32,43,14,0,0,maven,False,open source,914,d41983a3cbae83d7e9a964415b6d96315d95dfb1,improvement,11,2,2,1,0,0
1238,cghislai_resourcewatcher,https://github.com/cghislai/resourcewatcher,7,3,185,73,3,2,106,39,75,32,1,0,maven,False,open source,1231,f37e05e9630abdaa4245efb7e0687ba8c52e92c0,improvement,11,5,0,0,0,0
1255,katumbac_proyecto1_grupo11,https://github.com/katumbac/proyecto1_grupo11,0,0,0,0,0,0,0,0,0,0,0,0,maven,False,open source,55,9a9c448e81172f6cb96e0bbb777dc40a75b7e4c7,no improvement,11,0,0,0,0,0
1261,SysObligatoriskOpgave22_BackendWebApp,https://github.com/SysObligatoriskOpgave22/BackendWebApp,7,6,150,132,10,10,58,55,71,58,11,9,maven,True,open source,919,cad8c28b043a203636c975b58557680a031f9aa6,improvement,11,0,2,1,0,0
1277,hamitmizrak_Patika_SpringBoot_Docker,https://github.com/hamitmizrak/Patika_SpringBoot_Docker,11,2,246,21,18,1,99,10,111,9,18,1,maven,True,open source,186,8799f46b6d23513cea43031a9573258175e7c133,improvement,11,9,1,1,0,0
1278,Mardoqueu_helpdesk-backend,https://github.com/Mardoqueu/helpdesk-backend,9,8,265,234,13,10,100,84,113,103,39,37,maven,False,open source,1235,9d02f53136939790f8625b45f0e0581f5fafc84a,improvement,11,1,1,0,0,0
1279,hamitmizrak_AllSpringBlogProject,https://github.com/hamitmizrak/AllSpringBlogProject,14,9,375,264,20,15,130,86,171,119,54,44,maven,True,open source,1212,c3ea07418b3a3b5422deee610ce769137d0f25c2,improvement,11,6,1,1,0,0
1308,GCS-ZHN_ddddocr-for-java,https://github.com/GCS-ZHN/ddddocr-for-java,2,1,3,1,0,0,2,1,1,0,0,0,maven,True,open source,83,b7e705b67002b9d1676b3ca8eefd3f7daf0f9489,improvement,11,0,0,1,0,0
1317,julianazanelatto_devweek,https://github.com/julianazanelatto/devweek,6,1,125,8,9,0,49,2,57,6,10,0,maven,False,open source,104,76d893f04ee54a70d0f188b95a3a1f12b3d18844,improvement,11,5,0,0,0,0
1329,gabrieldim_CSV-Export-Spring-Boot,https://github.com/gabrieldim/CSV-Export-Spring-Boot,3,0,113,0,8,0,52,0,45,0,8,0,maven,True,open source,157,ad29168dcb92be54366638ab4f6642719df22182,improvement,11,3,0,0,0,0
1331,iamprafful_rest-api-authentication-tutorial,https://github.com/iamprafful/rest-api-authentication-tutorial,7,5,198,115,12,7,68,46,96,48,22,14,maven,True,open source,531,353bfdff8ab467b8f1dc8f1eef3042f30a4c68b2,improvement,11,3,1,0,0,0
1347,datmt_Keycloak-Spring-Boot-Login-Create-User,https://github.com/datmt/Keycloak-Spring-Boot-Login-Create-User,8,7,269,160,15,11,126,70,106,66,22,13,maven,False,open source,899,ca4ece1d5883e94020bf4b78ae0bb6d1be69ce97,improvement,11,3,0,0,0,0
1348,ProgrammerZamanNow_belajar-spring-dasar,https://github.com/ProgrammerZamanNow/belajar-spring-dasar,2,0,54,0,5,0,28,0,19,0,2,0,maven,True,open source,76,a278b9e311682c77e604eafc3a1d33ebd7901511,improvement,11,2,0,0,0,0
1351,F-JH_static-chain-analysis,https://github.com/F-JH/static-chain-analysis,5,2,12,3,1,0,5,1,5,1,1,1,maven,False,open source,66,208382857bcae1591245ed50cbebd18eaddaff57,improvement,11,1,2,1,0,0
1361,ErgunAhmet_DataJpaYt,https://github.com/ErgunAhmet/DataJpaYt,5,1,125,12,9,1,56,7,50,3,10,1,maven,True,open source,143,e6730e947915d3708539a884fd101ee2b9d8cf95,improvement,11,4,0,0,0,0
1368,danileao_spring_auth_youtube,https://github.com/danileao/spring_auth_youtube,5,0,114,0,9,0,46,0,50,0,9,0,maven,False,open source,126,1a5d9dbb1ed1ba97f8233bca18e3c17948a11cef,improvement,11,4,0,1,0,0
1372,sayan-d99_Spring-Security-JWT-Authentication,https://github.com/sayan-d99/Spring-Security-JWT-Authentication,7,4,179,9,11,0,73,4,73,3,22,2,maven,True,open source,224,a8cb0ca331e70642f37baef433de46bc54790f28,improvement,11,5,1,0,0,0
1376,taksebe-official_writeReadRightBot,https://github.com/taksebe-official/writeReadRightBot,5,4,165,68,8,9,75,32,73,25,9,2,maven,False,open source,1093,2ece29ae7db9c40257469db2382c0644f4d444c3,improvement,11,1,4,0,0,0
1382,marcobehlerjetbrains_maven-tutorial,https://github.com/marcobehlerjetbrains/maven-tutorial,0,0,0,0,0,0,0,0,0,0,0,0,maven,True,open source,49,78fb0447daf93543e972d1b8bdefda8f0baac419,no improvement,11,0,0,0,0,0
1380,zevolution_netflix-hexagonal-architecture,https://github.com/zevolution/netflix-hexagonal-architecture,16,9,447,276,25,18,189,130,192,111,41,17,maven,True,open source,1715,c518ea6fe12fdcbd4495a5ad6468e4dde5ce154e,improvement,11,4,5,1,0,0
1388,yusufyilmazfr_cqrs-design-pattern-java,https://github.com/yusufyilmazfr/cqrs-design-pattern-java,6,3,128,33,5,4,68,16,49,12,6,1,maven,False,open source,1004,df8d99b44fe82ecdd72445986afc42b8daae0a3a,improvement,11,3,2,1,0,0
1390,Zhou1998ZQ_springboot-summary,https://github.com/Zhou1998ZQ/springboot-summary,21,8,2431,94,186,8,973,49,1058,32,214,5,maven,False,open source,1538,0472bd7546604d231b54a696c2848dcd08226d68,improvement,11,81,20,5,0,0
1398,RameshMF_springboot-dto-tutorial,https://github.com/RameshMF/springboot-dto-tutorial,4,4,116,36,8,9,52,11,47,13,9,3,maven,True,open source,313,191abb1a4b18272ffe3f6fa97f4a988ba95ee6ca,improvement,11,3,0,0,0,0
1400,supuna97_mobile_accessories_sales_server,https://github.com/supuna97/mobile_accessories_sales_server,9,1,173,1,13,0,69,0,79,1,12,0,maven,False,open source,194,a76717c62b40f1f2974cbe92f5eb1dd84db7759a,improvement,11,8,0,1,0,0
1407,shabbirdwd53_spring-boot-file-upload,https://github.com/shabbirdwd53/spring-boot-file-upload,4,1,107,1,8,0,42,0,50,1,7,0,maven,False,open source,100,71931f33bb11994f10875bf5097fa6b9da78b6f1,improvement,11,3,0,1,0,0
1416,rahul26021999_QrCode-JavaSpringBoot,https://github.com/rahul26021999/QrCode-JavaSpringBoot,4,0,126,0,9,0,58,0,50,0,9,0,maven,True,open source,135,4aa5b78aa1cebd0153613d0fb9035ad6110ffd17,improvement,11,4,0,0,0,0
1418,shabbirdwd53_facebook-clone-service,https://github.com/shabbirdwd53/facebook-clone-service,4,1,107,1,8,0,42,0,50,1,7,0,maven,False,open source,99,9889f162e39d9a21cc7fd4e908f28c958327f335,improvement,11,3,0,1,0,0
1419,dr-mod_tidy-flappy-bird,https://github.com/dr-mod/tidy-flappy-bird,1,1,12,5,0,1,3,2,6,0,3,2,maven,True,open source,68,e3f99c6ddf6bd124c8859b719a5e797602cf59fe,improvement,11,0,1,0,0,0
1429,kegisa_YandexTaxiScheduler,https://github.com/kegisa/YandexTaxiScheduler,6,6,171,171,13,13,73,73,73,73,12,12,maven,False,open source,700,716e025d0ba7b9693e39141dd65613cdb93b4513,no improvement,11,0,0,0,0,0
1436,andreygrigoriev_spring_authorization_server_password_grant,https://github.com/andreygrigoriev/spring_authorization_server_password_grant,14,10,204,91,15,15,84,37,88,29,17,10,maven,False,open source,892,0e2f6ab15eb7478fbbe27b934a307d8fdf1e058e,improvement,11,6,2,1,0,0
1447,hajedkh_hbm2ddl,https://github.com/hajedkh/hbm2ddl,1,0,3,0,0,0,1,0,1,0,1,0,maven,False,open source,71,4da33c4fcaa96aa838027b4b397a05c26413c4cc,improvement,11,0,0,1,0,0
1449,feltex_whatsapp-bot,https://github.com/feltex/whatsapp-bot,3,0,90,0,7,0,41,0,36,0,6,0,maven,False,open source,108,3d9f4e23ccb3d706209b494083f375acc243075d,improvement,11,3,0,0,0,0
1456,zhansheng97_food_dashboard_backend,https://github.com/zhansheng97/food_dashboard_backend,9,5,293,190,14,7,111,61,134,92,34,30,maven,False,open source,785,089b81b84dbdf3a3ff00baf1af175faf25846640,improvement,11,4,0,1,0,0
1460,kanajin_Aqua-docker,https://github.com/kanajin/Aqua-docker,10,5,184,122,15,11,78,51,73,49,18,11,maven,True,open source,1190,70305f2759e818288b27090ccfd935e59e114a4a,improvement,11,2,1,2,0,0
1474,codingthought_ddd-aggregate-helper,https://github.com/codingthought/ddd-aggregate-helper,0,0,0,0,0,0,0,0,0,0,0,0,maven,True,open source,47,3827aea39d0870f6c82e7d98cb600a5d1c05e269,no improvement,11,0,0,0,0,0
1477,dkambale_multi-tenant-microservice,https://github.com/dkambale/multi-tenant-microservice,5,0,143,0,11,0,62,0,60,0,10,0,maven,True,open source,95,82deaad38b3ec11c600173c604d7caf3adbb13cf,improvement,11,4,0,1,0,0
1479,artmcoder_Buysell,https://github.com/artmcoder/Buysell,5,1,156,1,11,0,70,1,62,0,13,0,maven,True,open source,110,8dfa460ac58e98fcfc4e016aa64f0c5ee475ff51,improvement,11,5,0,0,0,0
1485,xggz_mqb-app,https://github.com/xggz/mqb-app,3,2,109,107,6,6,41,41,50,50,12,10,maven,False,open source,369,84db018e8c5c338e53fdc8674efca76e69a85cd5,improvement,11,0,1,0,0,0
1489,educostadev_spring-websocket-message-broker,https://github.com/educostadev/spring-websocket-message-broker,8,6,227,214,12,12,106,96,88,85,21,21,maven,True,open source,1379,1b285b693edb4f1e9fd3df406d00b78e20f9ddab,improvement,11,0,1,1,0,0
1490,daglii_graylog-spring,https://github.com/daglii/graylog-spring,3,3,90,51,7,7,39,17,38,26,6,1,maven,True,open source,301,6e2edf2f2045fe1b0eaeeaa365c949abebeea95d,improvement,11,3,0,0,0,0
1502,WQL-KXJ_SmpleSeckillCase,https://github.com/WQL-KXJ/SmpleSeckillCase,14,11,263,176,18,16,116,79,103,69,26,12,maven,False,open source,1097,de2604ef3c969a6763d8141606e8f2a8587b75e2,improvement,11,1,2,3,0,0
1507,liquidpie_lenses-java,https://github.com/liquidpie/lenses-java,0,0,0,0,0,0,0,0,0,0,0,0,maven,True,open source,44,bb05672c164ffe02d4eb03091a99dfcc3fd61e81,no improvement,11,0,0,0,0,0
1509,prgrms-web-devcourse_slam-server,https://github.com/prgrms-web-devcourse/slam-server,21,16,608,380,28,21,183,139,296,171,101,49,maven,False,open source,1321,a0f96bbb2a2cadb9e6b52c427cce0c0049bd0336,improvement,11,4,3,0,0,0
1510,Enokiy_cve-2022-22947-spring-cloud-gateway,https://github.com/Enokiy/cve-2022-22947-spring-cloud-gateway,3,2,112,51,6,4,54,22,45,24,7,1,maven,False,open source,314,9053c5a8021bda8113ed551e4fe8bc2ec8d4eb65,improvement,11,1,2,0,0,0
1522,Col-E_FxSampler,https://github.com/Col-E/FxSampler,0,0,0,0,0,0,0,0,0,0,0,0,maven,False,open source,299,a188490817bfeafd00f77a678cbb868201dde9d4,no improvement,11,0,0,0,0,0
1531,LinkedInLearning_spring-boot-actuator-3010189,https://github.com/LinkedInLearning/spring-boot-actuator-3010189,4,0,116,0,8,0,52,0,47,0,9,0,maven,False,open source,153,62dc4f36d0e1387196aa44c78177f4a52440c1f1,improvement,11,4,0,0,0,0
1533,piinalpin_springboot-data-jpa-soft-delete,https://github.com/piinalpin/springboot-data-jpa-soft-delete,4,0,104,0,8,0,41,0,46,0,9,0,maven,False,open source,96,d2322f101d38ba25977337fe6a80da9e6a0d1929,improvement,11,4,0,0,0,0
1542,Kamilahsantos_Consumindo-api-rick-morty-com-webclient,https://github.com/Kamilahsantos/Consumindo-api-rick-morty-com-webclient,2,1,77,49,5,2,36,22,31,21,5,4,maven,True,open source,330,dac55422a8f180fda1b31a3bc7c55c4cae0d8167,improvement,11,1,0,0,0,0
1544,itsecurityco_CVE-2022-22965,https://github.com/itsecurityco/CVE-2022-22965,3,0,93,0,7,0,36,0,43,0,7,0,maven,True,open source,86,1f2a33b76d011c1ebe5c86aba33baa1b72303eec,improvement,11,3,0,0,0,0
1551,feltex_feltex-bot-telegram,https://github.com/feltex/feltex-bot-telegram,1,0,11,0,1,0,3,0,7,0,0,0,maven,False,open source,53,1062c474efd5afa38ff563032991d47faa503d57,improvement,11,1,0,0,0,0
1555,feltex_snake-game,https://github.com/feltex/snake-game,0,0,0,0,0,0,0,0,0,0,0,0,maven,False,open source,47,0c7d0eefc5a8ae83d02ab8c4a784e36f462291f9,no improvement,11,0,0,0,0,0
1568,Bihan001_spring-boot-rest-boilerplate,https://github.com/Bihan001/spring-boot-rest-boilerplate,6,1,128,1,11,0,51,0,63,1,3,0,maven,False,open source,110,3107a35891d9cb67b936a0caac040431dfbcf6be,improvement,11,5,0,1,0,0
1571,BrkSe_SpringBoot_Security_Tutorial,https://github.com/BrkSe/SpringBoot_Security_Tutorial,4,2,138,2,9,0,53,2,57,0,19,0,maven,True,open source,99,dec996494f0f08bc13bc3198906d92387e3ae1e2,improvement,11,4,0,0,0,0
1574,legacyfighter_dodatkowe-zadania-java,https://github.com/legacyfighter/dodatkowe-zadania-java,5,1,159,1,10,0,70,1,65,0,14,0,maven,True,open source,127,67c4660f1369b8751257f189bfbfd8dc49acaaa5,improvement,11,5,0,0,0,0
1576,WoMakersCode_bootcamp-java-starwars-restapi,https://github.com/WoMakersCode/bootcamp-java-starwars-restapi,8,7,168,114,9,10,75,42,67,52,17,10,maven,True,open source,445,b05ba82f49a53f437e8e527a19291075bdb1cd0f,improvement,11,3,2,0,0,0
1577,ronith256_Microsoft-Stream-Downloader,https://github.com/ronith256/Microsoft-Stream-Downloader,3,0,13,0,2,0,8,0,2,0,1,0,maven,False,open source,74,2fc8c0e7a74fa5e49f7960af4f348165870ff77e,improvement,11,0,2,0,0,0
1583,markbdsouza_hateoas-with-pagination,https://github.com/markbdsouza/hateoas-with-pagination,5,0,148,0,11,0,59,0,70,0,8,0,maven,True,open source,118,7e6d9e38a861ff3ee5e00a3b2753b847358434c8,improvement,11,5,0,0,0,0
1585,lydtechconsulting_kafka-consumer-retry,https://github.com/lydtechconsulting/kafka-consumer-retry,10,2,254,50,16,2,131,28,92,16,15,4,maven,False,open source,612,3bdb15b5231684eef48237996feb06f990a8bfc0,improvement,11,6,2,0,0,0
4,tarasvladyka_volunteer-telegram-bot,https://github.com/tarasvladyka/volunteer-telegram-bot,3,2,53,7,5,2,18,3,28,2,2,0,maven,False,open source,100,baae68f9d6568a3e94884ae3b4126d0b4e7d43b3,improvement,11,3,0,0,0,0
5,raviyasas_sample-room,https://github.com/raviyasas/sample-room,7,0,167,0,12,0,75,0,67,0,13,0,maven,True,open source,155,6d36b3b614c2488f11fe5c6f99222bc2b9f1892f,improvement,11,6,1,0,0,0
10,cami-la_unit_testing_JUnit5,https://github.com/cami-la/unit_testing_JUnit5,0,0,0,0,0,0,0,0,0,0,0,0,maven,True,open source,50,7a8090fcb876f57ef03508577c5c46dda57c9c04,no improvement,11,0,0,0,0,0
16,Mozenn_spring-boot-keycloak,https://github.com/Mozenn/spring-boot-keycloak,6,4,230,123,13,7,103,50,93,51,21,15,maven,True,open source,694,55095e747959039052d3271038eaf60433fc4cf0,improvement,11,2,0,0,0,0
33,Mr-Hades1_minimq,https://github.com/Mr-Hades1/minimq,3,1,10,1,0,0,1,1,5,0,4,0,maven,True,open source,65,20ed9130abdc0b10f9ee1951a7e9aebbf36d3003,improvement,11,0,1,2,0,0
35,Hitachi_hitachi-fapi-java,https://github.com/Hitachi/hitachi-fapi-java,5,0,379,0,27,0,174,0,151,0,27,0,maven,False,open source,144,59060357a9002ebfdcf49e269226e540b46febe8,improvement,11,12,0,0,0,0
40,RameshMF_springboot-testcontainers-demo,https://github.com/RameshMF/springboot-testcontainers-demo,7,7,115,115,8,8,50,50,50,50,7,7,maven,False,open source,721,0019e36ee3f9e88175a40db345590106009ff261,no improvement,11,0,0,0,0,0
45,betaiotazeta_FractalMusicGenerator,https://github.com/betaiotazeta/FractalMusicGenerator,2,1,3,1,0,0,0,0,1,0,2,1,maven,False,open source,59,c0b18150da9972bcc825bf5d959cf67269257d3b,improvement,11,0,0,2,0,0
52,nicklasdean_free-money-no-scam,https://github.com/nicklasdean/free-money-no-scam,5,3,135,24,9,5,61,8,56,10,9,1,maven,False,open source,189,fa58515b973725604ec5921cc34665bbd09acd69,improvement,11,4,0,1,0,0
65,LinkedInLearning_spring-code-challenges-3161306,https://github.com/LinkedInLearning/spring-code-challenges-3161306,8,1,191,1,12,1,88,0,78,0,13,0,maven,True,open source,189,a54c60f69fbbb30526de4ea267984f905a1f6dfc,improvement,11,7,0,1,0,0
78,WeiJiLab_Spring4Shell-POC,https://github.com/WeiJiLab/Spring4Shell-POC,2,2,76,76,6,6,29,29,35,35,6,6,maven,False,open source,407,a8b61a718460434dd880e1412eb05044ab52fa46,no improvement,11,0,0,0,0,0
83,Mozenn_spring-boot-hibernate-search,https://github.com/Mozenn/spring-boot-hibernate-search,5,3,126,97,10,7,51,40,55,43,10,7,maven,True,open source,657,b5ef4ddb677e1201bbd894515f877d9b6bf98b27,improvement,11,2,0,0,0,0
101,feltex_mensageiro,https://github.com/feltex/mensageiro,4,0,142,0,9,0,69,0,55,0,9,0,maven,False,open source,98,b6751dd21590645a7e9108b7e468a109a48144b1,improvement,11,4,0,0,0,0
102,timschneeb_CscKeystringDecrypt,https://github.com/timschneeb/CscKeystringDecrypt,1,1,7,4,0,0,6,4,0,0,1,0,maven,False,open source,47,b56a867cb97dcc21d5a9f01842bec1fa2692051b,improvement,11,0,0,0,0,0
94,gavinklfong_spring-online-supermarket,https://github.com/gavinklfong/spring-online-supermarket,9,9,183,171,10,10,88,88,77,65,8,8,maven,False,open source,1104,4ff244ca4df2d603f00524565964bab5292107d1,improvement,11,0,3,0,0,0
106,simplyi_NewSpringAuthorizationServer,https://github.com/simplyi/NewSpringAuthorizationServer,5,3,166,30,10,1,63,12,69,12,24,5,maven,True,open source,234,2f6ff02e0f0436660ecfb7d7c25276cbf2a35ef3,improvement,11,4,0,0,0,0
115,RobertMaz_spring-openapi-rest,https://github.com/RobertMaz/spring-openapi-rest,8,5,149,113,12,9,63,50,70,51,4,3,maven,False,open source,831,ce16e041d285948e30b987d67ab83cd44728fcb7,improvement,11,1,1,2,0,0
130,shabbirdwd53_crypto-rankings-service,https://github.com/shabbirdwd53/crypto-rankings-service,3,3,88,81,6,6,38,37,41,36,3,2,maven,False,open source,414,13e54ee129c7e4e23d0fa72898d5521fe6b372c3,improvement,11,1,0,0,0,0
139,bykowski_invoice-spring-mvc-example,https://github.com/bykowski/invoice-spring-mvc-example,4,0,111,0,9,0,45,0,49,0,8,0,maven,True,open source,98,6fb9ba76aaf829d0010061279b5d25fffcdda366,improvement,11,4,0,0,0,0
141,dharmesh-poriya_JT-project-Clothings-,https://github.com/dharmesh-poriya/JT-project-Clothings-,9,7,173,143,14,12,70,59,78,62,11,10,maven,False,open source,1060,0f16d365bbbc8467782b40bfe1bb320c7a624c4b,improvement,11,1,0,2,0,0
146,mmarcosab_rabbitmq-example,https://github.com/mmarcosab/rabbitmq-example,6,0,187,0,12,0,90,0,73,0,12,0,maven,True,open source,135,acad57737405db8809f4e90a60aa5ba32a0e4d27,improvement,11,6,0,0,0,0
145,EhsanAsaDev_mancala-game,https://github.com/EhsanAsaDev/mancala-game,8,6,212,97,14,12,97,36,85,47,16,2,maven,False,open source,927,99fc19339eb3870aa6cb344296425625d1427082,improvement,11,7,1,0,0,0
149,CanalStephanieSantos_Api-de-Aposta,https://github.com/CanalStephanieSantos/Api-de-Aposta,5,4,122,101,10,8,47,38,55,46,10,9,maven,True,open source,638,da4714d498967836200b9e8485a52a2ebfeac262,improvement,11,1,0,0,0,0
157,bhathiya_growatt-inverter-client,https://github.com/bhathiya/growatt-inverter-client,4,0,5,0,0,0,3,0,2,0,0,0,maven,False,open source,72,279b1ec1c2f4ed410f950306461d2b2e547dcf66,improvement,11,3,0,0,0,0
169,mamin11_batch_email_sender,https://github.com/mamin11/batch_email_sender,7,2,193,2,13,1,82,0,88,1,10,0,maven,False,open source,129,8df5dc45b10f191514ced19f6ead19cae7e50070,improvement,11,6,0,1,0,0
171,jacqueline-oliveira_challenge,https://github.com/jacqueline-oliveira/challenge,6,6,140,47,11,12,56,15,64,19,9,1,maven,False,open source,404,d99f122b5ae27c7f4955bd12076e79272607930d,improvement,11,5,0,0,0,0
180,chalamalasettichamundeswari_SpringBootRestExample,https://github.com/chalamalasettichamundeswari/SpringBootRestExample,7,2,181,2,16,0,72,1,77,1,16,0,maven,False,open source,128,caa14305758077f67abeb8193729052dad59feda,improvement,11,6,0,1,0,0
177,SaidovSirojiddin_app-click,https://github.com/SaidovSirojiddin/app-click,5,5,144,144,11,11,58,58,60,60,15,15,maven,False,open source,881,e7db2e96a7d96a317f3bdbd42a83999ac25c7fee,no improvement,11,0,0,0,0,0
198,scbushan05_spring-boot-thymeleaf-database-application,https://github.com/scbushan05/spring-boot-thymeleaf-database-application,6,1,160,1,11,0,74,0,65,1,10,0,maven,False,open source,118,fa8e2f0578b64d67beed30f4115e32fb01b801d3,improvement,11,5,0,1,0,0
201,visa2learn_spring-cloud-vault-db-cred-rotation,https://github.com/visa2learn/spring-cloud-vault-db-cred-rotation,6,0,189,0,13,0,91,0,74,0,11,0,maven,False,open source,113,a62891fb12424439b60f99523e7fe76897c79d50,improvement,11,5,1,0,0,0
203,SaidovSirojiddin_app-payme-saving-account,https://github.com/SaidovSirojiddin/app-payme-saving-account,7,6,181,180,12,12,81,81,70,69,18,18,maven,False,open source,1257,b9dfb9c6653c6510178d84e4a2339035c1ecf30b,improvement,11,0,0,0,0,0
207,salaheddine-zemmouri_Spring-Boot-OAuth-2.0-Client-MySQL,https://github.com/salaheddine-zemmouri/Spring-Boot-OAuth-2.0-Client-MySQL,8,5,196,59,13,5,75,18,86,32,22,4,maven,False,open source,574,183453ecf24eb540a3d2c866772f38d86ed043b4,improvement,11,6,0,0,0,0
209,cloudgyb_es-spring-boot,https://github.com/cloudgyb/es-spring-boot,6,1,192,1,12,0,94,0,76,1,10,0,maven,False,open source,225,ac79ff139e309c8e133c1a2a07d8bdad6ef82a66,improvement,11,5,0,1,0,0
213,koushikkothagal_spring-reactive-github-login-starter,https://github.com/koushikkothagal/spring-reactive-github-login-starter,7,3,219,3,12,0,97,3,86,0,24,0,maven,False,open source,112,467fb613ef6629f464c4ad3f730b71447dca78ea,improvement,11,7,0,0,0,0
218,CavidAfand_Rent-a-home-bot,https://github.com/CavidAfand/Rent-a-home-bot,5,3,110,60,7,5,51,28,46,25,6,2,maven,False,open source,559,655e5162cb1942337fcf08cf9e49410b44c1307c,improvement,11,1,1,0,0,0
219,Kirill89_CVE-2022-22963-PoC,https://github.com/Kirill89/CVE-2022-22963-PoC,2,0,65,0,4,0,24,0,30,0,7,0,maven,False,open source,96,e3142b9ea889707d21d11e1811d33a4d59a10770,improvement,11,2,0,0,0,0
220,dhakre_APIBook,https://github.com/dhakre/APIBook,7,5,192,137,13,9,84,61,83,60,12,7,maven,False,open source,1181,489e4e33d3703a714b5107f6c052ab84c7c8e8e2,improvement,11,1,0,1,0,0
221,ozmenab_java_backend,https://github.com/ozmenab/java_backend,8,7,262,92,16,12,94,37,118,39,34,4,maven,False,open source,747,01f5708d0ea07c562c35cdbc6512c4989aeed32b,improvement,11,6,1,0,0,0
227,cami-la_spring-security-full-course-amigoscode,https://github.com/cami-la/spring-security-full-course-amigoscode,6,4,179,123,11,7,71,55,84,49,13,12,maven,True,open source,740,eead076c5b47eeb1fefc7cfc4a33feb7d5543a52,improvement,11,1,1,0,0,0
229,mercadopago_pix-payment-sample-java,https://github.com/mercadopago/pix-payment-sample-java,4,4,122,111,7,7,54,51,50,45,11,8,maven,False,open source,686,21a964dd0c383b097991597786d75c2b0d78ecaa,improvement,11,0,1,0,0,0
237,Richard-Tang_FlatLafTabFrame,https://github.com/Richard-Tang/FlatLafTabFrame,0,0,0,0,0,0,0,0,0,0,0,0,maven,False,open source,48,f336c41ff88777caed6ad245e27eab4e234075bd,no improvement,11,0,0,0,0,0
238,liudaolunboluo_easyTestcontainer,https://github.com/liudaolunboluo/easyTestcontainer,5,4,10,8,0,0,10,8,0,0,0,0,maven,False,open source,70,cf841f3a2b66779fa8861f2ae2d6b3c368cd39aa,improvement,11,0,0,1,0,0
243,hamitmizrak_Ecodation_JavaFullStack1_tutorials,https://github.com/hamitmizrak/Ecodation_JavaFullStack1_tutorials,14,9,375,197,20,15,130,80,171,77,54,25,maven,True,open source,1192,76c6bf97bfd57b3adfe52bfa9faa4845f2d9ad50,improvement,11,6,2,1,0,0
255,meteergin_medium-java-streams,https://github.com/meteergin/medium-java-streams,2,0,54,0,5,0,28,0,19,0,2,0,maven,True,open source,79,9a04a0e792d644bbde0ffa0e78d08ebe423521fd,improvement,11,2,0,0,0,0
261,Mozenn_spring-boot-rest-api-with-pagination-and-sorting,https://github.com/Mozenn/spring-boot-rest-api-with-pagination-and-sorting,4,3,111,84,8,5,47,34,47,37,9,8,maven,True,open source,516,7d6dd72620ec0b5cc027eeaa95a403dfb8e22ca2,improvement,11,1,0,0,0,0
271,RexJonesII_Selenium-4-TAU,https://github.com/RexJonesII/Selenium-4-TAU,3,1,50,6,5,1,29,4,13,1,3,0,maven,False,open source,66,f00ade73f8eaa1e1285c3ac11dc920a11fbfcf7c,improvement,11,1,2,0,0,0
274,oburakcinar_Student-Management-System,https://github.com/oburakcinar/Student-Management-System,10,3,251,3,17,0,101,2,105,1,28,0,maven,False,open source,118,419da2fc13c837fb50e5371ae17ec864f45c55e2,improvement,11,8,1,1,0,0
277,Tonel_spring-boot-custom-error-handling,https://github.com/Tonel/spring-boot-custom-error-handling,3,3,112,112,8,8,52,52,45,45,7,7,maven,True,open source,525,cfe2e69b5d17ccb57ccc0e24b6e1aa6b0eaf2b75,no improvement,11,0,0,0,0,0
280,miliariadnane_spring-security-jwt-auth0,https://github.com/miliariadnane/spring-security-jwt-auth0,7,3,172,5,12,0,67,4,72,1,21,0,maven,False,open source,133,f037b761357eb1d7150b444951b8b1ac0a5c3269,improvement,11,5,1,1,0,0
291,carter-yagemann_MARSARA,https://github.com/carter-yagemann/MARSARA,8,1,120,3,3,0,39,2,62,1,16,0,maven,False,open source,134,b06406738d878a17e2be3090dd9f1481d05ff669,improvement,11,0,3,2,0,0
26,reactive-learning-io_spring-boot-reactive-webclient,https://github.com/reactive-learning-io/spring-boot-reactive-webclient,4,1,91,49,6,2,42,22,37,21,6,4,maven,True,open source,402,3bb256676973b81a13371ab10def2d915e4d99c0,improvement,11,2,0,0,0,0
32,aFlyBird0_tech_search,https://github.com/aFlyBird0/tech_search,9,4,363,114,14,8,106,53,175,46,68,7,maven,False,open source,1051,b8ace7048140633441ccf49757b8bbe616a54ffa,improvement,11,2,2,2,0,0
47,xftxyz2001_psmss,https://github.com/xftxyz2001/psmss,0,0,0,0,0,0,0,0,0,0,0,0,maven,False,open source,604,4acfc62290b4b3263c12dcaba7dab0c224b8b2fe,no improvement,11,0,0,0,0,0
48,mariaccc_netty-websocket-gateway-nacos-demo,https://github.com/mariaccc/netty-websocket-gateway-nacos-demo,9,2,332,4,18,0,162,0,137,4,15,0,maven,False,open source,139,dfa861911b18070885e13fc5f9cceeb07afafad2,improvement,11,6,2,0,0,0
58,PraveenGNair_springboot-drools-demo,https://github.com/PraveenGNair/springboot-drools-demo,7,7,108,102,8,8,49,47,47,43,4,4,maven,True,open source,1340,7cecb6437a7ef8bdc876b17f35154324b6301ae6,improvement,11,0,2,0,0,0
77,isuru89_springboot-patch-operations,https://github.com/isuru89/springboot-patch-operations,6,5,194,190,9,9,51,51,102,100,32,30,maven,True,open source,535,9209895fc8a588fb3ed7e9705493caaf2f573d64,improvement,11,1,0,0,0,0
79,rabia-cakir_demo,https://github.com/rabia-cakir/demo,8,0,190,0,16,0,78,0,83,0,13,0,maven,False,open source,120,ca1a489283776e21c4873740abbb63270402d4cc,improvement,11,7,0,1,0,0
81,Arthur-Rosa_PigBank_SpringBoot,https://github.com/Arthur-Rosa/PigBank_SpringBoot,6,1,129,1,11,0,51,0,64,1,3,0,maven,False,open source,102,95c19821de633c4d3f952c655898eab0bd12850e,improvement,11,5,0,1,0,0
84,feltex_java-stream,https://github.com/feltex/java-stream,0,0,0,0,0,0,0,0,0,0,0,0,maven,False,open source,42,a6416e9e26d203ae4e70665233dc95a5bbb0bdb2,no improvement,11,0,0,0,0,0
85,software-testing-bootcamp_S2E2-Appium-2.0-Java-Mobile-Automation,https://github.com/software-testing-bootcamp/S2E2-Appium-2.0-Java-Mobile-Automation,3,0,20,0,2,0,10,0,6,0,2,0,maven,True,open source,118,fa8d83ecc71dd5555f97714c04eb76cb55ac46cf,improvement,11,0,2,0,0,0
94,BilgehanYildiz_SpringBootDemo,https://github.com/BilgehanYildiz/SpringBootDemo,5,2,142,84,10,5,65,37,57,36,10,6,maven,True,open source,458,ec2c634e3564605828c3301f7b2f604c3a282be2,improvement,11,3,0,0,0,0
95,l33t-c0d3r-66_csv-to-mysql-spring-batch,https://github.com/l33t-c0d3r-66/csv-to-mysql-spring-batch,5,2,140,2,9,1,51,0,72,1,8,0,maven,False,open source,87,59d7dd4a2f0c600a00dfd60528fc8993858a105a,improvement,11,4,0,1,0,0
156,88250_symphony,https://github.com/88250/symphony,8,5,70,21,3,0,43,9,23,12,1,0,maven,True,open source,635,cfa6162f265f47d0fcaca8b524d85e4767b17b9f,improvement,11,2,0,1,0,0
238,88250_solo,https://github.com/88250/solo,7,5,36,23,1,0,18,10,17,13,0,0,maven,True,open source,1414,33433c7fe8ed57877e33928d1e8b3d810502852e,improvement,11,0,1,1,0,0
241,openapi-json-schema-tools_openapi-json-schema-generator,https://github.com/openapi-json-schema-tools/openapi-json-schema-generator,15,5,69,9,7,3,26,5,34,1,2,0,maven,True,open source,3212,9006de722f74b7ca917e4e5d38e4cd6ab5ea6e78,improvement,11,2,5,5,0,0
38,jfree_jfreechart,https://github.com/jfree/jfreechart,0,0,0,0,0,0,0,0,0,0,0,0,maven,False,open source,88,54c810f4a633956ad6fe2a1d65699f6130e9654f,no improvement,11,0,0,0,0,0
208,dlsc-software-consulting-gmbh_PreferencesFX,https://github.com/dlsc-software-consulting-gmbh/PreferencesFX,2,2,2,2,2,2,0,0,0,0,0,0,maven,False,open source,3380,4c65404ae58502277d27ec7cd8ff06d4b5375811,no improvement,11,0,0,0,0,0
358,speedment_jpa-streamer,https://github.com/speedment/jpa-streamer,2,1,9,2,2,1,4,1,3,0,0,0,maven,False,open source,475,34b3255d4263e3f1e8bdebfaf7cd1d1af002f2c8,improvement,11,1,0,0,0,0
405,szerhusenBC_jwt-spring-security-demo,https://github.com/szerhusenBC/jwt-spring-security-demo,8,8,301,301,12,12,83,83,161,161,45,45,maven,True,open source,1858,dcf718c67c0d403f78ee390c23715c3f5e6f5f4c,no improvement,11,0,0,0,0,0
5,mescedia_mescedia-core,https://github.com/mescedia/mescedia-core,20,4,69,8,4,0,44,3,18,5,3,0,maven,False,open source,631,9a7f1ded3bda83c6e77d3fb905f12707fca221cf,improvement,11,0,2,1,0,0
17,kwai_kwai-business-extension-framwork,https://github.com/kwai/kwai-business-extension-framwork,7,6,184,66,23,17,85,33,72,16,4,0,maven,False,open source,2870,ec647a62b64c2546bfe04fa25b325a56c1edf26c,improvement,11,2,0,7,0,0
52,matt-mangia_kafka-admin,https://github.com/matt-mangia/kafka-admin,7,0,49,0,0,0,21,0,28,0,0,0,maven,False,open source,145,5a875b4441d63a23c80edcd2d5c8fecdf7d9fd45,improvement,11,1,3,1,0,0
48,digitalinnovationone_lab-padroes-projeto-spring,https://github.com/digitalinnovationone/lab-padroes-projeto-spring,6,6,194,178,11,11,88,82,81,73,14,12,maven,True,open source,777,230350d0eb6ef22b9014f01e02e683e607804468,improvement,11,0,1,0,0,0
62,hhimanshu_spring-boot-liquibase,https://github.com/hhimanshu/spring-boot-liquibase,5,0,127,0,9,0,56,0,52,0,10,0,maven,True,open source,147,7edcf62c7b0fdf29c48e4927136dab98cf51f90a,improvement,11,5,0,0,0,0
102,jonashackt_spring-boot-buildpack,https://github.com/jonashackt/spring-boot-buildpack,2,0,48,0,5,0,22,0,20,0,1,0,maven,True,open source,93,b6ae8f276d9fc6695b53299ebf44898c85fb4765,improvement,11,2,0,0,0,0
127,discospiff_SpringBootMicroservicesWithIntelliJIDEA,https://github.com/discospiff/SpringBootMicroservicesWithIntelliJIDEA,9,5,177,134,11,9,82,62,72,55,12,8,maven,False,open source,1002,0bcf62f1e0fb942237499ecf173d5474773c092b,improvement,11,3,1,1,0,0
137,ugioni_selenium-webdriver-java,https://github.com/ugioni/selenium-webdriver-java,2,2,20,20,1,1,12,12,7,7,0,0,maven,False,open source,99,6c38cd5c59cfba1515a58d85f855e612b85a775c,no improvement,11,0,0,0,0,0
185,SeanWrightSec_CVE-2022-42889-PoC,https://github.com/SeanWrightSec/CVE-2022-42889-PoC,1,0,1,0,0,0,0,0,0,0,1,0,maven,False,open source,38,6b6fc05b200a1fcbd9a69db05e02f24279b6d7b3,improvement,11,0,0,0,0,0
190,neo4j-contrib_neo4j-faker,https://github.com/neo4j-contrib/neo4j-faker,2,1,74,2,6,0,38,1,24,1,6,0,maven,False,open source,580,b30afa9d883f52de172b9e3e862ff0796a36a8a1,improvement,11,1,0,1,0,0
287,arothuis_antlr4-calculator,https://github.com/arothuis/antlr4-calculator,0,0,0,0,0,0,0,0,0,0,0,0,maven,True,open source,71,d7b6405b8736627ef7395479e8f96b1f63b14613,no improvement,11,0,0,0,0,0
332,nfrankel_jvm-controller,https://github.com/nfrankel/jvm-controller,1,0,15,0,0,0,8,0,7,0,0,0,maven,False,open source,75,c804d5a81dcc5ced8c4576d073a4df460ce99f13,improvement,11,1,0,0,0,0
344,gunnarmorling_quarkus-qute,https://github.com/gunnarmorling/quarkus-qute,8,0,129,0,2,0,68,0,56,0,3,0,maven,False,open source,247,dac4c8ebfffd84bd79d77e81d37bd8bd25f83183,improvement,11,7,1,0,0,0
443,sunilpatro1985_AppiumJavaFramework_Android_iOS,https://github.com/sunilpatro1985/AppiumJavaFramework_Android_iOS,3,0,13,0,0,0,9,0,2,0,2,0,maven,False,open source,152,a84e9b466a9ad626a7375d46153dbbd7f9cbfa50,improvement,11,1,2,0,0,0
454,leonjaramillo_udea_ruta2_ciclo2,https://github.com/leonjaramillo/udea_ruta2_ciclo2,1,1,9,1,0,0,3,0,6,1,0,0,maven,False,open source,80,2fd456ea90d98d68eebacf50adea868f7445c2e0,improvement,11,0,0,1,0,0
490,snicoll_spring-boot-loves-k8s,https://github.com/snicoll/spring-boot-loves-k8s,5,0,197,0,11,0,84,0,87,0,15,0,maven,False,open source,126,e4c0512a50b152c5bc37706feef602ef5f367ebb,improvement,11,5,0,0,0,0
534,TarikKaanKoc_HRMS-Backend,https://github.com/TarikKaanKoc/HRMS-Backend,9,9,265,142,16,14,95,67,120,56,34,5,maven,False,open source,1121,020bbaadc6cd1dbdbc5fd44643bed29ac000c481,improvement,11,1,6,0,0,0
541,BitgetLimited_proof-of-reserves,https://github.com/BitgetLimited/proof-of-reserves,1,1,1,1,0,0,1,1,0,0,0,0,maven,False,open source,52,c8a61864cfb91808300ac0e26418a42f49e8ed84,no improvement,11,0,0,0,0,0
531,RTBHOUSE_kafka-workers,https://github.com/RTBHOUSE/kafka-workers,8,6,91,49,4,0,36,21,37,24,14,4,maven,True,open source,1624,d65e3425fdfad975e41b2ea2afb88a91aa7aaa33,improvement,11,3,1,0,0,0
625,HubertWo_java-stream-kata,https://github.com/HubertWo/java-stream-kata,0,0,0,0,0,0,0,0,0,0,0,0,maven,False,open source,45,c020be62b6dc25eecf91abeee31c91bc1fcf8f0f,no improvement,11,0,0,0,0,0
654,s1rat-dev_HRMSProject,https://github.com/s1rat-dev/HRMSProject,7,7,237,123,14,12,79,57,111,49,33,5,maven,False,open source,649,013f21182e0fe3defde58bb6973bf4f9f9c5778d,improvement,11,1,5,0,0,0
741,sashinpivotal_spring-boot-tdd,https://github.com/sashinpivotal/spring-boot-tdd,5,0,154,0,10,0,69,0,64,0,11,0,maven,True,open source,124,d232502be4ad6537e876298917865e1611abc57b,improvement,11,5,0,0,0,0
746,digitalpetri_strict-machine,https://github.com/digitalpetri/strict-machine,0,0,0,0,0,0,0,0,0,0,0,0,maven,True,open source,49,9490e6fe0666d2f15fd7a6135b1462dc9b20aa23,no improvement,11,0,0,0,0,0
755,HaydiKodlayalim_online-shop,https://github.com/HaydiKodlayalim/online-shop,6,4,190,150,11,7,98,78,72,57,9,8,maven,False,open source,877,aff41c70c82bfffc31686d74e1c774625ae1be5c,improvement,11,1,1,0,0,0
793,callicoder_spring-boot-postgresql-jpa-hibernate-rest-api-demo,https://github.com/callicoder/spring-boot-postgresql-jpa-hibernate-rest-api-demo,5,0,144,0,11,0,67,0,57,0,9,0,maven,False,open source,102,15e8161c390d709958b121384dbbe96aa514f357,improvement,11,4,1,0,0,0
844,NeilMadden_salty-coffee,https://github.com/NeilMadden/salty-coffee,0,0,0,0,0,0,0,0,0,0,0,0,maven,True,open source,43,2a5b07f493e9d5d7e9bd65ce3ec86cab0822de6c,no improvement,11,0,0,0,0,0
854,mbasa_pgrServer,https://github.com/mbasa/pgrServer,8,8,211,115,15,14,95,45,87,51,14,5,maven,False,open source,768,beff569cdfd6287ae178a19cc5b2f65a084d539c,improvement,11,5,1,0,0,0
896,rashidmakki_inventory-management-system,https://github.com/rashidmakki/inventory-management-system,25,6,45,15,3,1,18,4,23,9,1,1,maven,False,open source,1435,d7621e6fda4dc0fe2936dfbcc2490198b6559593,improvement,11,7,9,1,0,0
932,HasinduEshan_mvc-maven-pos,https://github.com/HasinduEshan/mvc-maven-pos,0,0,0,0,0,0,0,0,0,0,0,0,maven,False,open source,376,06ca768a86e935513cc6fe88bb46cbd3bad45782,no improvement,11,0,0,0,0,0
997,mariazevedo88_travels-api,https://github.com/mariazevedo88/travels-api,4,4,95,95,6,6,40,40,40,40,9,9,maven,True,open source,491,4d7e5ccdd5ed976e1644740cdd11089c3c6bb378,no improvement,11,0,0,0,0,0
1007,ineat_spring-keycloak-multitenant,https://github.com/ineat/spring-keycloak-multitenant,7,6,273,178,15,12,128,81,107,71,23,14,maven,False,open source,655,b23aa459b74bc437ce7009510ce1804cae8cb922,improvement,11,2,0,0,0,0
1028,NO-ob_LoliSnatcher,https://github.com/NO-ob/LoliSnatcher,1,0,1,0,0,0,0,0,1,0,0,0,maven,True,open source,570,0f8bf2559fbc8d258b9b2d8e001114fe6d0450bd,improvement,11,0,1,0,0,0
1101,aws-samples_aws-saas-factory-billing-and-metering-reference-implementation,https://github.com/aws-samples/aws-saas-factory-billing-and-metering-reference-implementation,4,0,45,0,0,0,23,0,20,0,2,0,maven,False,open source,232,bb59a42e83789bce7d20d808c48f40d2175de8a3,improvement,11,0,4,0,0,0
1196,star-love-letter_star-love-letter-back,https://github.com/star-love-letter/star-love-letter-back,10,10,181,141,15,15,78,57,76,62,12,7,maven,False,open source,1057,c7310d86eed89c7922726252e3c08195617ad997,improvement,11,2,1,0,0,0
1241,gurkanucar_post-sharing-be,https://github.com/gurkanucar/post-sharing-be,5,0,141,0,12,0,63,0,63,0,3,0,maven,False,open source,143,ca6fe42f4573c0643f8d34d7b648e65bcb7bd85b,improvement,11,5,0,0,0,0
1247,jdlopez_holidayapi,https://github.com/jdlopez/holidayapi,5,3,118,49,10,5,51,16,53,26,4,2,maven,False,open source,430,7f6cba38a77dd9addec809adf143d456ac039731,improvement,11,4,0,0,0,0
1255,taksebe-official_mentalCalculationBot,https://github.com/taksebe-official/mentalCalculationBot,4,1,35,4,2,0,8,3,22,1,3,0,maven,True,open source,283,eb0543adcbba75b1f21906514fe3d05c976a811f,improvement,11,3,0,1,0,0
1271,iainporter_spring-file-poller,https://github.com/iainporter/spring-file-poller,3,3,59,52,6,6,27,24,23,20,3,2,maven,True,open source,599,ca1ba76f545316e4cfff8c8b6ed1cab814952ba9,improvement,11,0,0,1,0,0
1284,strimzi_kafka-kubernetes-config-provider,https://github.com/strimzi/kafka-kubernetes-config-provider,0,0,0,0,0,0,0,0,0,0,0,0,maven,False,open source,122,fa76f35f15c01954f5e1f6d4c3fef0a5a87f4f36,no improvement,11,0,0,0,0,0
1289,maciejwalkowiak_paseq-maven-plugin,https://github.com/maciejwalkowiak/paseq-maven-plugin,5,1,17,1,2,0,7,0,6,1,2,0,maven,True,open source,258,9cd0293f3a82b88fc025d6fa18715063d3776422,improvement,11,0,5,0,0,0
1294,momentumsuite_java-appium-testng-momentumsuite,https://github.com/momentumsuite/java-appium-testng-momentumsuite,5,1,12,1,1,0,6,1,4,0,1,0,maven,False,open source,134,68ce43e4b90b471c742b3d345beebf4bb4dbed0b,improvement,11,0,4,0,0,0
1306,dborchard_tiny-db,https://github.com/dborchard/tiny-db,2,2,22,5,2,1,9,1,11,3,0,0,maven,False,open source,93,816330ef0d7e3a1f56a079de1a9950ea082b76a6,improvement,11,0,1,0,0,0
1379,Quantencomputer_cyoastudio,https://github.com/Quantencomputer/cyoastudio,6,0,16,0,3,0,3,0,6,0,4,0,maven,False,open source,1741,0f44433d28944f30e95754c31c7aa97feadbbb99,improvement,11,0,0,0,0,0
1386,dhatim_dropwizard-prometheus,https://github.com/dhatim/dropwizard-prometheus,0,0,0,0,0,0,0,0,0,0,0,0,maven,True,open source,109,a674a1696a67186823a464383484809738665282,no improvement,11,0,0,0,0,0
1408,xabgesagtx_telegram-spring-boot-starter-example,https://github.com/xabgesagtx/telegram-spring-boot-starter-example,1,1,32,32,3,3,12,12,16,16,1,1,maven,False,open source,68,5b3da3a062b7264dbea664a5db7027408b44e9bb,no improvement,11,0,0,0,0,0
1424,zcagdasgurbuz_FractalMatic,https://github.com/zcagdasgurbuz/FractalMatic,0,0,0,0,0,0,0,0,0,0,0,0,maven,False,open source,258,139c81cbaeb0af682130263ea613245dd59e677f,no improvement,11,2,0,0,0,0
1440,Flowingsun007_house_spider,https://github.com/Flowingsun007/house_spider,8,8,225,211,8,8,72,67,114,110,31,26,maven,False,open source,1160,3860bf21b8a1f22c7b3e82b30e139bcf2c14ba18,improvement,11,1,0,0,0,0
1450,datastaxdevs_workshop-microservices-java,https://github.com/datastaxdevs/workshop-microservices-java,10,2,256,42,14,1,109,18,121,20,12,3,maven,False,open source,292,9d6366d8843526d2d57739d122b388c2d876aa9b,improvement,11,4,6,0,0,0
1453,mrsonmez10_effective-java-deep-tutorial,https://github.com/mrsonmez10/effective-java-deep-tutorial,2,0,89,0,6,0,39,0,38,0,6,0,maven,True,open source,99,96df8da87e792e125453c5906641153a1de2b672,improvement,11,2,0,0,0,0
1460,forax_kata-restrospective-11,https://github.com/forax/kata-restrospective-11,0,0,0,0,0,0,0,0,0,0,0,0,maven,True,open source,43,8c34fce24911ee369576ef2776d90d7ba67375ff,no improvement,11,0,0,0,0,0
1530,octodemo_sbom-dependency-submission,https://github.com/octodemo/sbom-dependency-submission,5,3,24,21,6,6,11,10,7,5,0,0,maven,True,open source,382,9dc0a5c4b4cd4d43488b0c7c19a3b1ac1815b2dc,improvement,11,0,0,0,0,0
1556,nipafx_effective-java,https://github.com/nipafx/effective-java,1,0,2,0,1,0,1,0,0,0,0,0,maven,True,open source,107,3eed46bf28bce3c25c9b20b731dd932344275dd2,improvement,11,0,0,0,0,0
1573,aws-samples_aws-photosharing-example,https://github.com/aws-samples/aws-photosharing-example,9,3,106,41,1,1,23,17,66,18,16,5,maven,False,open source,511,b62256ca57132b5f3c6c3a9dd454daeffc662419,improvement,11,2,1,4,0,0
1585,swtestacademy_api-automation-rest-assured-basic,https://github.com/swtestacademy/api-automation-rest-assured-basic,2,0,9,0,1,0,2,0,6,0,0,0,maven,True,open source,76,d852cef42066d9ef48f45780d830da31edcb8643,improvement,11,1,1,0,0,0
1588,codeworth-gh_PanelMatic,https://github.com/codeworth-gh/PanelMatic,0,0,0,0,0,0,0,0,0,0,0,0,maven,True,open source,49,e23cfcbfc899ebc2d3c0bc994948cc315b87f24d,no improvement,11,0,0,0,0,0
1590,K1rsN7_Competition-organization,https://github.com/K1rsN7/Competition-organization,2,0,4,0,0,0,1,0,3,0,0,0,maven,False,open source,629,54fb0e0d23b379358537e5448ea50dfb2cb7973c,improvement,11,0,2,1,0,0
1599,jeastham1993_java-spring-on-lambda,https://github.com/jeastham1993/java-spring-on-lambda,11,4,114,81,7,7,55,37,49,35,3,2,maven,True,open source,975,645796789757d96134b6431e3831d5258f39f25f,improvement,11,0,6,2,0,0
1606,spatnaik77_system-design-examples,https://github.com/spatnaik77/system-design-examples,0,0,0,0,0,0,0,0,0,0,0,0,maven,False,open source,51,406b12e48bf8410cb20f1a8ac65e7bd78b8c2a49,no improvement,11,0,0,0,0,0
1677,jiangnanboy_AutoText,https://github.com/jiangnanboy/AutoText,12,2,50,5,1,0,25,4,9,1,15,0,maven,False,open source,1055,9241ed57ff4cb1b8688e84353944761d6a6b4133,improvement,11,1,8,2,1,0
1706,gematik_app-referencevalidator,https://github.com/gematik/app-referencevalidator,4,3,55,52,3,2,5,4,47,46,0,0,maven,False,open source,418,ec4899809c1d5d795c98092cb7603ae0e330f777,improvement,11,1,0,0,0,0
1720,agschnitzer_multitenant,https://github.com/agschnitzer/multitenant,10,8,242,183,13,10,96,80,109,73,24,20,maven,True,open source,1145,7e81957984b31487dd1078f0c4a260fb4216435e,improvement,11,1,2,0,0,0
1764,williewheeler_otel-demo,https://github.com/williewheeler/otel-demo,6,2,472,4,24,0,201,0,213,4,34,0,maven,False,open source,181,d6ac7e635170b055c17b524d6409b0904990f4bf,improvement,11,9,0,2,0,0
1809,C0urante_joplin,https://github.com/C0urante/joplin,1,0,7,0,0,0,7,0,0,0,0,0,maven,False,open source,69,38f701bee19d04accebdce818dffe412414a2233,improvement,11,0,0,0,0,0
1830,K1rsN7_Iron_Event,https://github.com/K1rsN7/Iron_Event,2,0,4,0,0,0,1,0,3,0,0,0,maven,False,open source,882,fb3a7fd5b71b1a0137b99c0cfd582bd0939d8802,improvement,11,0,2,1,0,0
1898,salesforce_bazel-maven-proxy,https://github.com/salesforce/bazel-maven-proxy,10,7,46,7,6,0,32,6,8,1,0,0,maven,False,open source,342,fc423f0fbf46b6f25bcbabdc68dc3940e44d0131,improvement,11,2,1,6,0,0
1930,dlsc-software-consulting-gmbh_PickerFX,https://github.com/dlsc-software-consulting-gmbh/PickerFX,0,0,0,0,0,0,0,0,0,0,0,0,maven,False,open source,1250,016b1c9cba153036c43210bc64b945f7a4a82048,no improvement,11,0,0,0,0,0
1942,ayortanli_kafka-with-springboot,https://github.com/ayortanli/kafka-with-springboot,5,3,153,68,8,7,71,33,64,26,10,2,maven,True,open source,667,d99b4bb6756a126dc56572958163fb75c7a18817,improvement,11,1,4,0,0,0
1967,SilasYan_baolong-picture-backend,https://github.com/SilasYan/baolong-picture-backend,13,12,264,187,21,17,120,82,112,79,11,9,maven,False,open source,1222,dedfcf704bbb0a68e474ec236cf3af03c8b53311,improvement,11,3,1,0,0,0
1981,heathcetide_shiguang-brand,https://github.com/heathcetide/shiguang-brand,29,12,684,310,32,11,282,101,304,152,66,46,maven,False,open source,1182,07513c35474b207f003b76c69666a523182673f7,improvement,11,9,5,5,0,0
2007,daviscook477_kparser,https://github.com/daviscook477/kparser,0,0,0,0,0,0,0,0,0,0,0,0,maven,False,open source,52,9f541566ab264533af095c3724625f9904f5316e,no improvement,11,0,0,0,0,0
2023,bslota_optimistic-api,https://github.com/bslota/optimistic-api,4,0,132,0,8,0,57,0,57,0,10,0,maven,True,open source,198,a7ac177c76f1a4d3a2d6adcb3b357458a419a8cb,improvement,11,4,0,0,0,0
2079,ibaca_la-abadia-del-crimen,https://github.com/ibaca/la-abadia-del-crimen,1,1,33,19,6,4,14,8,10,5,3,2,maven,False,open source,244,0ff782451ff2ee513b7195d647ab95d69868ec66,improvement,11,0,0,1,0,0
2128,TomCools_dropwizard-websocket-jsr356-bundle,https://github.com/TomCools/dropwizard-websocket-jsr356-bundle,4,4,34,31,9,8,17,15,8,8,0,0,maven,True,open source,187,a32cef77625099d7ed9acf862d5eb1654ecc04cb,improvement,11,0,0,1,0,0
2135,cfrasinaru_Graph4J,https://github.com/cfrasinaru/Graph4J,0,0,0,0,0,0,0,0,0,0,0,0,maven,True,open source,60,f2a4accd0a5fb9d7e7f9ec2d17d98c0836dbdba7,no improvement,11,0,0,0,0,0
2158,xyongfeng_meeting_system_backend,https://github.com/xyongfeng/meeting_system_backend,15,15,417,328,21,19,136,97,199,153,61,59,maven,False,open source,890,33b0d0f0cffc41a52415fe2febb98163d6bd2412,improvement,11,3,1,2,0,0
2175,Cyecize_Magic-IoC-Container,https://github.com/Cyecize/Magic-IoC-Container,0,0,0,0,0,0,0,0,0,0,0,0,maven,False,open source,42,a986ac42602a344b2cf9f9ddb99809d592608d49,no improvement,11,0,0,0,0,0
2251,colddenial_lovense-lan-api,https://github.com/colddenial/lovense-lan-api,1,0,2,0,0,0,0,0,2,0,0,0,maven,False,open source,44,daf11186fca68c2e072c06e7c0379715c957ec09,improvement,11,0,0,0,0,0
2262,MithunTechnologiesDevOps_maven-standalone-application,https://github.com/MithunTechnologiesDevOps/maven-standalone-application,0,0,0,0,0,0,0,0,0,0,0,0,maven,False,open source,37,97d7f79b61a8fb7323bb35b6764fff57234c9423,no improvement,11,0,0,0,0,0
2269,cfryanr_hikvision-download-assistant,https://github.com/cfryanr/hikvision-download-assistant,1,1,7,5,0,0,2,2,5,3,0,0,maven,False,open source,203,5e32b8967c9c9cbaf6579ae2a4520fbb7fe97034,improvement,11,0,1,0,0,0
129,cloudblue_xml-doclet,https://github.com/cloudblue/xml-doclet,0,0,0,0,0,0,0,0,0,0,0,0,maven,True,open source,151,0972354c40176ab30aa8f5c9c1867c5fbac8d861,no improvement,11,0,0,0,0,0
170,Smith-Cruise_Spring-Boot-Security-Thymeleaf-Demo,https://github.com/Smith-Cruise/Spring-Boot-Security-Thymeleaf-Demo,7,2,283,2,13,0,97,2,133,0,40,0,maven,True,open source,150,be3c395199aabfdc13a94bce80e46c18933465f6,improvement,11,6,1,0,0,0
392,nadvolod_selenium-java,https://github.com/nadvolod/selenium-java,4,2,33,7,5,1,15,5,12,1,1,0,maven,False,open source,91,dc0776d8e61811a1f2f53d5d0e4c3b223765f9b4,improvement,11,2,1,0,0,0
447,kamer_spring-boot-user-registration,https://github.com/kamer/spring-boot-user-registration,8,2,284,2,15,0,97,2,137,0,35,0,maven,True,open source,188,a9777ab1fd02cfd26a22a3b62ee58dd7c6a2d126,improvement,11,8,0,0,0,0
475,librucha_servlet-logging-filter,https://github.com/librucha/servlet-logging-filter,5,1,23,2,1,0,8,1,12,0,2,1,maven,True,open source,299,a326e738e0640545f46e3d5ab595237cd0d78751,improvement,11,0,3,2,0,0
519,barnaste_plantinarium,https://github.com/barnaste/plantinarium,0,0,0,0,0,0,0,0,0,0,0,0,maven,False,open source,70,91c419e03c47cd4ee891554c4e71a41052bc5152,no improvement,11,0,0,0,0,0
664,felixgilioli_complete-o-codigo-java,https://github.com/felixgilioli/complete-o-codigo-java,1,0,1,0,0,0,0,0,1,0,0,0,maven,True,open source,55,bb5b5d4c362daa15395199b69affa942f8e6399f,improvement,11,0,0,1,0,0
698,MrGraversen_minecraft-rcon,https://github.com/MrGraversen/minecraft-rcon,3,0,4,0,1,0,1,0,1,0,1,0,maven,True,open source,87,651eee4ff135b81b021108f418d5dc21f094adf2,improvement,11,0,0,1,0,0
715,ohbus_retail-banking,https://github.com/ohbus/retail-banking,10,3,259,3,16,0,115,2,105,1,23,0,maven,False,open source,166,9917b1358840765a2537879ef6c1eb8ae3e8eb4c,improvement,11,9,0,1,0,0
736,kawansoft_SympleGit-Java,https://github.com/kawansoft/SympleGit-Java,1,0,1,0,0,0,0,0,1,0,0,0,maven,False,open source,62,a21480fd89483723e30aac32606fdfc14e1d2c1a,improvement,11,0,0,0,0,0
754,AdrianSeguraOrtiz_MOEBA-BIO,https://github.com/AdrianSeguraOrtiz/MOEBA-BIO,6,5,124,57,6,3,43,20,60,29,15,5,maven,False,open source,267,09e08d964b8aad7826f7885e1795249c0f27f83f,improvement,11,0,1,0,0,0
759,aws-samples_amazon-kinesis-replay,https://github.com/aws-samples/amazon-kinesis-replay,2,0,4,0,0,0,2,0,2,0,0,0,maven,False,open source,99,3b208b6cd9d76fbd206bea6547ee6de2a4527f8f,improvement,11,0,2,0,0,0
788,Wikidata-Toolkit_Wikidata-Toolkit-Examples,https://github.com/Wikidata-Toolkit/Wikidata-Toolkit-Examples,0,0,0,0,0,0,0,0,0,0,0,0,maven,False,open source,76,641ce94b113d8604114c92192dbc10e91e425c77,no improvement,11,0,0,0,0,0
815,koushikkothagal_inbox-app,https://github.com/koushikkothagal/inbox-app,10,8,320,255,18,13,142,112,127,104,33,26,maven,False,open source,1567,0aa5f341340e78cd5769f21bca2540a0b015c72f,improvement,11,3,0,0,0,0
890,keesun_spring-security-basic,https://github.com/keesun/spring-security-basic,9,8,305,271,15,13,107,94,141,129,42,35,maven,False,open source,1946,4ed44a25712c442141f8876a0494e018ab6733ed,improvement,11,2,0,0,0,0
895,amigoscode_spring-boot-security-course,https://github.com/amigoscode/spring-boot-security-course,2,0,104,0,6,0,45,0,46,0,7,0,maven,True,open source,93,c4ab0d60d65aee0a91573beaa8098fba4b06d5d5,improvement,11,2,0,0,0,0
912,bperhaps_Recovering-KakaoTalk-Expired-Files,https://github.com/bperhaps/Recovering-KakaoTalk-Expired-Files,2,2,8,2,0,0,3,1,2,1,3,0,maven,False,open source,283,319f6261c6bc986e2823159454998c9b4417b717,improvement,11,1,1,0,0,0
946,marcoaparaujo_padroes-projeto,https://github.com/marcoaparaujo/padroes-projeto,0,0,0,0,0,0,0,0,0,0,0,0,maven,True,open source,46,3d6cfb4b7dbf785984ac08ab23415072658e73b1,no improvement,11,0,0,0,0,0
964,nnn149_MeetingServer,https://github.com/nnn149/MeetingServer,15,12,445,263,21,19,167,80,210,135,47,29,maven,False,open source,1626,30d0f2472691fd14c3cae041bbf1d6eee899a52a,improvement,11,5,6,0,0,0
976,dianjiu_job-plus,https://github.com/dianjiu/job-plus,14,12,442,268,22,19,141,118,203,105,76,26,maven,False,open source,1010,b4bf35b3901bed45803db010ec92c2d492b363f6,improvement,11,3,4,2,0,0
984,callicoder_spring-webclient-webtestclient-demo,https://github.com/callicoder/spring-webclient-webtestclient-demo,3,0,105,0,7,0,51,0,41,0,6,0,maven,False,open source,126,c66f4608d72eb27d51e37c3cb4975b412ee1e1f0,improvement,11,2,1,0,0,0
985,saiGou-14H_FaceSystem,https://github.com/saiGou-14H/FaceSystem,18,10,408,254,28,17,174,113,171,104,35,20,maven,True,open source,955,90bc976b14f2a4148e95308fe59d9502311ffe0e,improvement,11,2,0,4,0,0
1031,gtiwari333_java-inventory-management-system-swing-hibernate,https://github.com/gtiwari333/java-inventory-management-system-swing-hibernate,2,1,6,5,0,0,0,0,3,2,3,3,maven,False,open source,60,92c4246007f418c4ce09eac923f19527cfd55246,improvement,11,0,1,0,0,0
1033,jlarriba_astounding,https://github.com/jlarriba/astounding,2,1,15,11,0,0,8,7,3,2,4,2,maven,False,open source,157,7b5311376715257139a58acdb3de29bb13a8b3a0,improvement,11,2,1,0,0,0
1087,Todense_OmniGraph,https://github.com/Todense/OmniGraph,3,2,5,4,2,2,2,2,1,0,0,0,maven,True,open source,988,743bcedc6535e0e6e2ed5358fe0efb8faca5f632,improvement,11,0,0,2,0,0
1106,aws-samples_amazon-kinesis-data-analytics-flink-starter-kit,https://github.com/aws-samples/amazon-kinesis-data-analytics-flink-starter-kit,5,5,124,116,1,1,19,16,84,79,20,20,maven,True,open source,1727,2fe493f747c73aa7dbe2fe99740f16684327d5bd,improvement,11,0,1,0,0,0
1109,neo4j-contrib_osm,https://github.com/neo4j-contrib/osm,3,2,82,77,8,7,32,35,34,28,8,7,maven,True,open source,5989,407e379818f003ca69dc125208dabf85e0112855,improvement,11,0,0,2,0,0
1165,panemu_tiwulfx-dock,https://github.com/panemu/tiwulfx-dock,0,0,0,0,0,0,0,0,0,0,0,0,maven,False,open source,371,98f760c6a38ed7ee1b35d2f43c4ceece2c0091f6,no improvement,11,0,0,0,0,0
1180,swtestacademy_TestNGAllureReport,https://github.com/swtestacademy/TestNGAllureReport,6,1,33,7,2,1,15,4,13,2,3,0,maven,False,open source,99,692254eae49977b974f8d8c5ffc07077599566a6,improvement,11,0,5,0,0,0
1206,rogepi_forumsys,https://github.com/rogepi/forumsys,3,1,45,1,2,0,17,0,24,1,2,0,maven,False,open source,71,a09c16fb1f3ebe73bde18225b9de36912e8cbdbb,improvement,11,0,0,3,0,0
1205,sandrogiacom_cloud-parking,https://github.com/sandrogiacom/cloud-parking,10,10,288,152,16,15,101,73,133,53,38,11,maven,False,open source,1364,8aee675551e4cee30371ecbfc9a6848098deb014,improvement,11,3,2,0,0,0
1263,Netflix_hollow-reference-implementation,https://github.com/Netflix/hollow-reference-implementation,6,0,57,0,6,0,23,0,24,0,4,0,maven,False,open source,129,a2974a8fef35d806d1b735b185ebc5bfba2cc1d1,improvement,11,1,3,2,0,0
1297,aws-samples_trading-latency-benchmark,https://github.com/aws-samples/trading-latency-benchmark,3,2,20,14,1,1,9,7,9,5,1,1,maven,False,open source,154,f84f3b98e5933e7b399438e81774184cbf1a4cf8,improvement,11,0,1,2,0,0
1298,mohaghighi_Covid19-Web-Application,https://github.com/mohaghighi/Covid19-Web-Application,6,1,164,30,10,1,72,12,69,14,13,3,maven,True,open source,861,f0ef13ddbac3de2edc900658c0f7bf07c76d30fe,improvement,11,5,0,0,0,0
1308,micw_tibber-pulse-reader,https://github.com/micw/tibber-pulse-reader,3,1,24,18,2,2,15,9,7,7,0,0,maven,True,open source,237,73247a11586f93787294ce33b35a11f305f17a36,improvement,11,0,0,1,0,0
1309,oryanmoshe_debezium-timestamp-converter,https://github.com/oryanmoshe/debezium-timestamp-converter,1,0,6,0,0,0,4,0,2,0,0,0,maven,False,open source,60,e8dc33e775b6da9c70b94dc1c2f69339472aa2be,improvement,11,1,0,0,0,0
1320,MichelSchudel_crypto-demo,https://github.com/MichelSchudel/crypto-demo,4,3,25,19,1,0,17,15,5,4,2,0,maven,True,open source,66,0dbfdc33a4b11ffe3a2ceb818d6f16d1799f36b7,improvement,11,0,1,0,0,0
1339,abuijze_bike-rental-demo,https://github.com/abuijze/bike-rental-demo,9,8,214,158,15,13,93,70,98,68,8,7,maven,True,open source,1333,b1881597de73293ac079281682e7a2d8fd9bf7df,improvement,11,1,2,0,0,0
1428,kawasima_kata,https://github.com/kawasima/kata,2,1,22,2,5,1,5,1,4,0,8,0,maven,False,open source,75,d84f911a3b31ec3934ad232a67ffd48965204349,improvement,11,0,4,0,0,0
1435,whiteship_java8,https://github.com/whiteship/java8,2,0,90,0,6,0,40,0,38,0,6,0,maven,False,open source,62,2ab3b8ca851f483b718562cd22c7639029f2f16e,improvement,11,2,0,0,0,0
1466,spullara_interviewcode,https://github.com/spullara/interviewcode,3,0,8,0,0,0,3,0,5,0,0,0,maven,True,open source,541,b62ed363c83d2197d2e2e7889f7147a74dda44ba,improvement,11,0,3,0,0,0
1506,codingspecialist_Springboot-JPA-Blog,https://github.com/codingspecialist/Springboot-JPA-Blog,10,6,159,32,16,3,70,14,64,12,9,3,maven,True,open source,420,05e9ba257d908f7b09f518a46b251e4d390f63e3,improvement,11,6,0,1,0,0
1525,NotInWine_xmind-to-md,https://github.com/NotInWine/xmind-to-md,3,1,11,3,0,0,3,1,7,1,1,1,maven,False,open source,47,d13dca5eb33f80f3b79bd7eda4672997140df505,improvement,11,0,2,0,0,0
1567,nejckorasa_s3-stream-unzip,https://github.com/nejckorasa/s3-stream-unzip,4,3,64,62,3,2,10,9,33,33,18,18,maven,True,open source,517,b305fe4bf8cdf6787279dcf3bec4a45212f88e2f,improvement,11,0,1,0,0,0
1569,vikash-kumar01_demo-counter-app,https://github.com/vikash-kumar01/demo-counter-app,2,0,72,0,6,0,29,0,35,0,2,0,maven,True,open source,69,d0502a806255de968d9e81eee495de2b6f25dad2,improvement,11,2,0,0,0,0
1601,thibaultmeyer_cuid-java,https://github.com/thibaultmeyer/cuid-java,0,0,0,0,0,0,0,0,0,0,0,0,maven,True,open source,78,b072fb61629f84631aa586fb05b6e92589c1a5aa,no improvement,11,0,0,0,0,0
1692,aws-samples_aws-waf-dashboard,https://github.com/aws-samples/aws-waf-dashboard,0,0,0,0,0,0,0,0,0,0,0,0,maven,False,open source,452,94b625c48c5d9569b221f560fa94eeba9f1082b7,no improvement,11,0,0,0,0,0
1738,multiformats_java-multibase,https://github.com/multiformats/java-multibase,0,0,0,0,0,0,0,0,0,0,0,0,maven,False,open source,70,0c6984f69bd789d8ea5bf6bc067e39cb043e27aa,no improvement,11,0,0,0,0,0
1743,DIMFLIX_nexus-pc,https://github.com/DIMFLIX/nexus-pc,1,0,1,0,0,0,0,0,1,0,0,0,maven,False,open source,526,a554ce3e7913182e0051eaffaab22287f33ba39a,improvement,11,0,0,1,0,0
1774,jotd666_gods-deluxe,https://github.com/jotd666/gods-deluxe,0,0,0,0,0,0,0,0,0,0,0,0,maven,False,open source,86,2928b2c72a5dfbf3c7a6efd6336fe998f6256d9a,no improvement,11,0,0,0,0,0
1783,jaggerwang_spring-boot-in-practice,https://github.com/jaggerwang/spring-boot-in-practice,15,12,311,245,21,15,142,115,119,97,29,18,maven,True,open source,1966,00c033afea65837f3f5785dfc019281138387bb1,improvement,11,5,0,0,0,0
1814,agoncal_agoncal-course-quarkus-microservices,https://github.com/agoncal/agoncal-course-quarkus-microservices,9,0,265,0,2,0,128,0,131,0,4,0,maven,False,open source,463,549c798f63c30b5577b56d0f037df7c968a480cc,improvement,11,14,2,0,0,0
1856,Cosium_matrix-communication-client,https://github.com/Cosium/matrix-communication-client,1,1,3,3,0,0,3,3,0,0,0,0,maven,False,open source,62,cc04598da8718e7d269df1180b858ca40e27afe3,no improvement,11,0,0,0,0,0
1914,agladkowski_docker-network-failure-simulation,https://github.com/agladkowski/docker-network-failure-simulation,7,2,322,146,14,2,107,28,158,92,43,24,maven,False,open source,132,1bb01c923804cd76f491ad95f86f56c849f8d433,improvement,11,4,2,0,0,0
1929,DataStax-Examples_spring-k8s-cassandra-microservices,https://github.com/DataStax-Examples/spring-k8s-cassandra-microservices,14,10,798,264,37,16,314,142,365,94,82,12,maven,False,open source,865,162c765ce4e344814bef6c23a141026a22796dac,improvement,11,9,7,4,0,0
1941,DmitrijsFinaskins_simple-telegram-bot,https://github.com/DmitrijsFinaskins/simple-telegram-bot,6,3,76,12,8,2,32,3,36,7,0,0,maven,False,open source,190,33652d79208e26ef27071f4413ce9863c01732f1,improvement,11,4,0,0,0,0
1944,leosam1024_tvbox-mv,https://github.com/leosam1024/tvbox-mv,3,2,18,14,1,0,11,10,6,4,0,0,maven,True,open source,187,758ac48627644d3191f9992d30ae94a762afac80,improvement,11,0,1,0,0,0
1974,lyubenblagoev_postfix-rest-server,https://github.com/lyubenblagoev/postfix-rest-server,9,9,244,244,13,13,82,82,111,111,38,38,maven,True,open source,1122,d40fba57277a2f3e0cce691a0b3c070496815c88,no improvement,11,0,0,0,0,0
2063,harishkannarao_MavenSurefireFailsafeExamples,https://github.com/harishkannarao/MavenSurefireFailsafeExamples,1,0,9,0,0,0,6,0,3,0,0,0,maven,False,open source,47,b1006534f9db78de166e7f8bc2cca0831a413dde,improvement,11,0,0,0,0,0
2083,eiselems_ultimate-redis-boot,https://github.com/eiselems/ultimate-redis-boot,3,0,84,0,7,0,44,0,30,0,3,0,maven,False,open source,102,9ab90a6b727630aaf55deaf4a1f768abd7b5c1ca,improvement,11,3,0,0,0,0
2203,gtiwari333_spring-security-saml-test-identity-provider-and-service-provider,https://github.com/gtiwari333/spring-security-saml-test-identity-provider-and-service-provider,5,2,263,92,19,4,117,46,102,30,25,12,maven,False,open source,179,fa5fdc928096b5347067bfe2e7d6399133c72572,improvement,11,5,1,0,0,0
2205,vectara_magazine-search-demo,https://github.com/vectara/magazine-search-demo,9,3,46,5,6,0,22,4,18,1,0,0,maven,False,open source,345,4f1706acfcab2fde610ec036b1001bbd63c20c12,improvement,11,0,7,2,0,0
2212,mechero_spring-boot-jboss-wildfly,https://github.com/mechero/spring-boot-jboss-wildfly,1,0,72,0,3,0,29,0,34,0,6,0,maven,False,open source,79,8fd62e2a2e1c9f52ba989f47bcf005ce4f432f58,improvement,11,1,0,0,0,0
2226,doom369_java-micro-optimizations,https://github.com/doom369/java-micro-optimizations,0,0,0,0,0,0,0,0,0,0,0,0,maven,False,open source,60,57b65476aaf1c904bfe6752a946aa966cdfb5709,no improvement,11,0,0,0,0,0
2231,camunda-community-hub_Camunda-7-Spring-Boot-Tutorial-Lafayette,https://github.com/camunda-community-hub/Camunda-7-Spring-Boot-Tutorial-Lafayette,5,0,169,0,8,0,70,0,78,0,13,0,maven,False,open source,175,f6ffc218193841516d5aa92c057605c07e84fda3,improvement,11,2,3,0,0,0
9,mattjlewis_diozero,https://github.com/mattjlewis/diozero,1,1,2,2,0,0,2,2,0,0,0,0,maven,False,open source,166,567fb265160b2af4f890e831f1be873b9643de8d,no improvement,11,0,0,0,0,0
29,NationalSecurityAgency_emissary,https://github.com/NationalSecurityAgency/emissary,11,11,27,27,3,3,17,17,7,7,0,0,maven,True,open source,563,5afd45369835275b201e3a86e19abc26f788116e,no improvement,11,0,0,0,0,0
37,hululu1068_AdGuard-Rule,https://github.com/hululu1068/AdGuard-Rule,4,4,43,41,6,6,20,19,15,14,2,2,maven,False,open source,772,076bb5ece63f51b90c80030828db8bfd5a426b48,improvement,11,0,0,1,0,0
99,isa-group_RESTest,https://github.com/isa-group/RESTest,18,4,354,126,6,3,82,30,218,70,48,23,maven,False,open source,1060,28d9c56c85a0b6b60af34638fab4d6b40370bef2,improvement,11,1,11,0,0,0
97,atlassian_data-center-helm-charts,https://github.com/atlassian/data-center-helm-charts,3,1,77,56,0,0,14,3,40,30,23,23,maven,False,open source,105,6bcb9ec1f2fb5e03a2b1a7d7ff9477f8331e84cd,improvement,11,0,2,0,0,0
178,filip26_titanium-json-ld,https://github.com/filip26/titanium-json-ld,1,0,21,0,5,0,9,0,7,0,0,0,maven,True,open source,309,183d798e50fa1957f7567f1622db9996bf03ce5f,improvement,11,1,0,0,0,0
180,tuomount_Open-Realms-of-Stars,https://github.com/tuomount/Open-Realms-of-Stars,0,0,0,0,0,0,0,0,0,0,0,0,maven,True,open source,1273,339859bbfbcbeb75eb5c9b5dbbc3820c94fc9890,no improvement,11,0,0,0,0,0
271,shuanx_BurpAPIFinder,https://github.com/shuanx/BurpAPIFinder,1,1,5,5,1,1,2,2,0,0,2,2,maven,False,open source,82,1f298590fa03492aac65b9a1aecd8a3b89fbf6a8,no improvement,11,0,0,0,0,0
278,puddingspudding_just-the-dip,https://github.com/puddingspudding/just-the-dip,1,0,1,0,0,0,0,0,1,0,0,0,maven,False,open source,70,0752dd01169f0b8587fe0b1c4a2ef3f06f38023b,improvement,11,0,0,1,0,0
319,marcosbarbero_spring-cloud-zuul-ratelimit,https://github.com/marcosbarbero/spring-cloud-zuul-ratelimit,21,7,1761,748,122,52,824,345,681,290,134,61,maven,False,open source,1169,36dc0a6815d020a280a805bd9ef68dbe37148018,improvement,11,39,4,9,0,0
325,Wimmics_corese,https://github.com/Wimmics/corese,23,13,711,576,23,11,200,138,373,321,115,106,maven,False,open source,4092,3b1236781828291397fc740bb2d20209c434dfb1,improvement,11,14,7,5,5,0
420,gridgo_gridgo,https://github.com/gridgo/gridgo,15,10,193,64,38,15,65,30,39,15,51,4,maven,False,open source,1600,4b3479640fef76bcb46b08eca8ac5cbb7acb2de1,improvement,11,1,22,1,0,0
462,EgonOlsen71_basicv2,https://github.com/EgonOlsen71/basicv2,0,0,0,0,0,0,0,0,0,0,0,0,maven,False,open source,57,3bbfdd1dbc385739ba17575876aa1a09b6aaea95,no improvement,11,0,0,0,0,0
8,rayokota_kafka-connect-jsonata,https://github.com/rayokota/kafka-connect-jsonata,1,0,2,0,0,0,2,0,0,0,0,0,maven,True,open source,77,daae4cfd6ba891ffcd11480404f000316e432eec,improvement,11,0,1,1,0,0
21,Hoaru_Black-Friday-Flash-Sale-Website,https://github.com/Hoaru/Black-Friday-Flash-Sale-Website,8,8,238,162,16,15,117,83,92,57,13,7,maven,False,open source,996,b707d0912b184c4a48e75774b5c71d741a684103,improvement,11,2,0,1,0,0
34,hl845740757_disruptor2,https://github.com/hl845740757/disruptor2,0,0,0,0,0,0,0,0,0,0,0,0,maven,False,open source,40,2641cebb6a8ebf370b769af67e5b094ee565c7a5,no improvement,11,0,0,0,0,0
28,psalami_tree-service,https://github.com/psalami/tree-service,6,5,156,152,10,10,67,67,67,65,12,10,maven,False,open source,1080,8083841de2a807f6b6e0dbd8df7b56609d50e117,improvement,11,1,0,0,0,0
38,WenDev_WenDev-WebSite,https://github.com/WenDev/WenDev-WebSite,6,6,185,185,11,11,82,82,80,80,12,12,maven,False,open source,1025,5c1e95c7b0086295c8158f363423f767940117dc,no improvement,11,0,0,0,0,0
70,jiangnanboy_table_ocr_java,https://github.com/jiangnanboy/table_ocr_java,10,1,32,2,0,0,15,0,2,1,15,1,maven,False,open source,359,c4a64e02d743c42862ec449313361d18e45bd5fd,improvement,11,0,8,1,0,0
78,astubbs_ks-tributary,https://github.com/astubbs/ks-tributary,10,7,119,79,3,2,32,21,72,44,12,12,maven,False,open source,508,fa15f565861d7402bc08717ef118a65cb79f72ce,improvement,11,2,3,0,0,0
92,GeoCode-Craft_geospatial-java,https://github.com/GeoCode-Craft/geospatial-java,9,4,157,129,12,9,66,59,68,53,11,8,maven,False,open source,838,91e070d441a07e1b813eb2c3f2b89c8b2141ed70,improvement,11,3,1,1,0,0
117,Furinai_Blog,https://github.com/Furinai/Blog,10,8,294,110,17,12,140,40,115,54,22,4,maven,False,open source,470,155410bfb9039afd05cd4232ba83139232d28c03,improvement,11,7,1,1,0,0
129,TechPrimers_spring-boot-graphql-query-example,https://github.com/TechPrimers/spring-boot-graphql-query-example,6,4,321,207,12,4,100,48,155,108,54,47,maven,True,open source,142,f7fc933d4d95107cbd1a5763c071223c160cc7ad,improvement,11,3,0,0,0,0
193,savindaJ_chat-application,https://github.com/savindaJ/chat-application,0,0,0,0,0,0,0,0,0,0,0,0,maven,False,open source,315,b1256c7186312393bac2c1148599296336f58f63,no improvement,11,0,0,0,0,0
232,jstobigdata_Spring-Framework-Tutorial,https://github.com/jstobigdata/Spring-Framework-Tutorial,6,0,270,0,16,0,168,0,61,0,25,0,maven,False,open source,392,966eda1d970b8f524cf223103e13b8d09e367fa8,improvement,11,16,3,33,0,0
244,izabelrodrigues_api-forum,https://github.com/izabelrodrigues/api-forum,13,12,324,275,20,16,119,100,153,131,32,28,maven,False,open source,901,1fc0629598effde51f1649564d83cf5be9bd2ac1,improvement,11,2,2,0,0,0
254,minoneer_BookExploitFix,https://github.com/minoneer/BookExploitFix,0,0,0,0,0,0,0,0,0,0,0,0,maven,True,open source,90,57c3c56aca40b0bb11ffc2dc5ec3c06c71fb843a,no improvement,11,0,0,0,0,0
279,bulinha_residencia-serratec-music-manager-api,https://github.com/bulinha/residencia-serratec-music-manager-api,10,10,236,198,15,15,84,58,110,99,27,26,maven,True,open source,639,6fc89deed9bbe874f1b87bb8909bc1df361fc151,improvement,11,5,0,0,0,0
282,basarbk_spring-security-tutorials,https://github.com/basarbk/spring-security-tutorials,7,2,198,2,12,0,85,2,81,0,20,0,maven,True,open source,149,6ca00aa43b210fad4811cfc2bd70ae57af2cd0fa,improvement,11,7,0,0,0,0
317,ValentinaBuddha_java-filmorate,https://github.com/ValentinaBuddha/java-filmorate,5,3,101,82,10,8,47,38,42,34,2,2,maven,True,open source,417,63a64ad2aaff5c2208b632a528bb197c8b09b400,improvement,11,1,1,0,0,0
345,professorisidro_isilive_listamercado_back,https://github.com/professorisidro/isilive_listamercado_back,6,1,99,1,9,0,42,0,46,1,2,0,maven,True,open source,153,fd80095f1a1ea0d93917a984ace9f082b953f62e,improvement,11,4,1,1,0,0
351,meicanhong_dannydb,https://github.com/meicanhong/dannydb,0,0,0,0,0,0,0,0,0,0,0,0,maven,True,open source,53,d680d121f8a2f4a2ff774c720f3ac901dd15b4b5,no improvement,11,0,0,1,0,0
363,gabrieldim_PDF-Generator-Spring-Boot,https://github.com/gabrieldim/PDF-Generator-Spring-Boot,2,2,88,88,6,6,39,39,37,37,6,6,maven,True,open source,387,6155696414aa1f95e1c0e81a2452adb47036e42e,no improvement,11,0,0,0,0,0
367,ctkqiang_exploitdb,https://github.com/ctkqiang/exploitdb,1,1,5,1,0,0,1,0,4,1,0,0,maven,False,open source,62,f852b50e388c9d13fc84a5f748c0d857f2271a69,improvement,11,0,0,1,0,0
387,gayanukabulegoda_BookWorm-Library-Management-System,https://github.com/gayanukabulegoda/BookWorm-Library-Management-System,0,0,0,0,0,0,0,0,0,0,0,0,maven,False,open source,422,a5fc773c7a324589b48c1bac15df4f5b7eb42cc5,no improvement,11,0,0,0,0,0
401,tobyguelly_java-bricks,https://github.com/tobyguelly/java-bricks,0,0,0,0,0,0,0,0,0,0,0,0,maven,False,open source,41,e1fe9f1addb3e27114c27b09cadec76715776ee3,no improvement,11,0,0,0,0,0
449,hmahmutbayramoglu_Hrms,https://github.com/hmahmutbayramoglu/Hrms,7,2,237,24,14,2,79,14,111,6,33,2,maven,False,open source,131,5d3382bff240073568660d474ba2e1b901e155f8,improvement,11,5,2,0,0,0
450,JordiHOFC_Estudos-Desafio-PicPay-BackEnd,https://github.com/JordiHOFC/Estudos-Desafio-PicPay-BackEnd,9,9,302,302,14,14,114,114,138,138,36,36,maven,True,open source,966,7dd314695c2ad715dfa9566087b9bf09a1989931,no improvement,11,0,0,0,0,0
474,datafuse-extras_examples,https://github.com/datafuse-extras/examples,1,1,5,3,0,0,1,1,4,2,0,0,maven,False,open source,49,e791d9dca846ec9869c055b9665a91d1767cf103,improvement,11,0,0,1,0,0
483,khilkovetsmykhailo_ng-springboot-stockmarkets-dashboard,https://github.com/khilkovetsmykhailo/ng-springboot-stockmarkets-dashboard,4,0,139,0,7,0,58,0,62,0,12,0,maven,False,open source,90,a3394f4386154e929e52d2846b5aeb1595152bb0,improvement,11,4,0,0,0,0
503,kzlkayayusuf_bootcampProject,https://github.com/kzlkayayusuf/bootcampProject,6,6,110,42,11,12,51,15,45,13,3,2,maven,False,open source,339,ad88053d8441f0b91429453ab380dd37c820a6a2,improvement,11,5,0,0,0,0
511,amigoscode_spring-s3-react-file-upload,https://github.com/amigoscode/spring-s3-react-file-upload,3,2,206,141,6,6,52,40,111,77,37,18,maven,False,open source,785,5bb2be1cc2306a4016e91d2fb90fe798449db767,improvement,11,0,1,0,0,0
512,gabrieldim_Email-Sender-Spring-Boot,https://github.com/gabrieldim/Email-Sender-Spring-Boot,3,3,113,72,8,9,52,32,46,29,7,2,maven,True,open source,481,c838c67abd09b80ae1baed9cc02286701efcacc2,improvement,11,0,2,1,0,0
506,GauravScripts_Dispatch-Dynamo,https://github.com/GauravScripts/Dispatch-Dynamo,23,9,1984,557,151,50,850,216,894,243,89,48,maven,False,open source,2827,7d2147f8878d3934e9d8c808a334f8688af4bfe0,improvement,11,37,1,48,0,0
532,gabrieldim_Shopping-List-API,https://github.com/gabrieldim/Shopping-List-API,1,0,6,0,0,0,1,0,5,0,0,0,maven,False,open source,48,0519afd9093a26b89899c470b36540594331a3e1,improvement,11,0,1,0,0,0
552,SyntaxTechnologies_SDETJavaBatch18,https://github.com/SyntaxTechnologies/SDETJavaBatch18,1,0,3,0,0,0,3,0,0,0,0,0,maven,False,open source,62,e16838663b9cb702655b0e0ed2f3310b5ab149ef,improvement,11,0,1,0,0,0
556,koushikkothagal_spring-boot-security,https://github.com/koushikkothagal/spring-boot-security,3,1,183,1,8,0,57,1,94,0,24,0,maven,True,open source,85,3ae9cfb938287dbadcbfb50864e18fd98c3a5d6e,improvement,11,3,0,0,0,0
559,Cydeo-EU9_Selenium_Grid_Demo_Project,https://github.com/Cydeo-EU9/Selenium_Grid_Demo_Project,2,1,38,6,5,1,23,4,8,1,2,0,maven,False,open source,73,9894f72e59cf3851106b2d9c27bd7798b724f249,improvement,11,2,0,0,0,0
589,koushikkothagal_junit-5-basics-course,https://github.com/koushikkothagal/junit-5-basics-course,0,0,0,0,0,0,0,0,0,0,0,0,maven,True,open source,40,78564cac2d81fcdd96c14a23d61351ee4f769d6b,no improvement,11,0,0,0,0,0
598,eBay_digital-signature-verification-ebay-api,https://github.com/eBay/digital-signature-verification-ebay-api,5,3,77,55,6,3,37,27,32,23,2,2,maven,True,open source,193,9f1cf48e78f59cf001425905455d7a39aca8b8ac,improvement,11,1,1,0,0,0
602,tedbeast_Java,https://github.com/tedbeast/Java,3,1,8,1,2,0,4,1,2,0,0,0,maven,False,open source,63,e4d8166fc2314efb6b911487648967262487da0e,improvement,11,1,2,0,0,0
605,PBH-BTN_PBH-Adapter-BiglyBT,https://github.com/PBH-BTN/PBH-Adapter-BiglyBT,1,1,2,1,0,0,2,1,0,0,0,0,maven,False,open source,71,7d6f9c7a2daf6fb1652186a890a5b8a10600e6a0,improvement,11,0,1,0,0,0
620,jesperolsson-se_FizzBuzz-OCP-Challenge,https://github.com/jesperolsson-se/FizzBuzz-OCP-Challenge,5,2,91,28,4,1,36,11,35,10,16,6,maven,False,open source,149,1c945a8dc9d7fb47cacac49522d439ea2914f33a,improvement,11,0,4,0,0,0
623,sigpwned_aws-java-sdk-v2-java-11-client,https://github.com/sigpwned/aws-java-sdk-v2-java-11-client,0,0,0,0,0,0,0,0,0,0,0,0,maven,False,open source,92,e5e0ba05b17916f4a3288c3f924f9eef24201838,no improvement,11,0,0,0,0,0
627,snyk-workshops_AI-JavaCoffeeShop,https://github.com/snyk-workshops/AI-JavaCoffeeShop,11,9,229,221,14,14,101,94,88,87,26,26,maven,False,open source,843,182a0ce16d191bde7108945d4f9526bb812cc0f9,improvement,11,1,1,0,0,0
632,aminch8_MT5-Java,https://github.com/aminch8/MT5-Java,7,2,21,6,1,0,7,2,10,4,3,0,maven,False,open source,67,cb9aa4dccbdbb988cda9164b596d915b82de5f15,improvement,11,1,2,0,0,0
644,gaurabdg_PS2-Form-Filler,https://github.com/gaurabdg/PS2-Form-Filler,1,0,3,0,1,0,2,0,0,0,0,0,maven,False,open source,51,d7940999c183819935915da70d032d5280382a45,improvement,11,1,0,0,0,0
664,liliannss_observabilidade,https://github.com/liliannss/observabilidade,7,6,207,71,12,10,91,28,89,28,15,5,maven,True,open source,238,33c9e6bcc23ad99ff51e712ab80c68225512e7e9,improvement,11,4,1,0,0,0
669,AgMonk_merge-gf-assets,https://github.com/AgMonk/merge-gf-assets,3,3,58,52,6,6,27,25,24,20,1,1,maven,True,open source,243,46a42938e2110a68bf60a53ee341d3497592cfab,improvement,11,0,0,1,0,0
679,shabbirdwd53_Spring-Data-JPA-Tutorial,https://github.com/shabbirdwd53/Spring-Data-JPA-Tutorial,4,1,122,1,8,0,55,0,52,1,7,0,maven,False,open source,123,4b12ad9fc1f6b2b3240bc1f5e1569c7498942181,improvement,11,3,0,1,0,0
707,gx304419380_drools-demo,https://github.com/gx304419380/drools-demo,7,3,169,100,9,7,63,46,85,40,12,7,maven,False,open source,382,2e52f0221d7afe7af828086fa9b2eb12124b10c5,improvement,11,4,0,0,0,0
711,iwamih31_ActualResults,https://github.com/iwamih31/ActualResults,11,10,199,174,19,19,92,78,85,74,3,3,maven,True,open source,798,559681af4b3c8b97fac6e2025a749a3a51e24896,improvement,11,0,1,0,0,0
715,SepehrNamdar_sandwich-driven-development,https://github.com/SepehrNamdar/sandwich-driven-development,0,0,0,0,0,0,0,0,0,0,0,0,maven,True,open source,42,59db10ca99e3aac0d385dcfde93283184991cbfe,no improvement,11,0,0,0,0,0
721,hstr0100_LiveCaptionsLogger,https://github.com/hstr0100/LiveCaptionsLogger,1,0,2,0,1,0,1,0,0,0,0,0,maven,False,open source,63,ca51a101e69faf608dc8e01bedaf069df43e5f73,improvement,11,0,0,1,0,0
736,polesmih_BuisnessDocumentForms_bot,https://github.com/polesmih/BuisnessDocumentForms_bot,6,4,25,8,2,1,6,2,17,5,0,0,maven,False,open source,106,3d7404adb2409c8f8a9db1ebe7428ac2aa6f052c,improvement,11,0,2,1,0,0
757,Victor-Borisov_java-shareit,https://github.com/Victor-Borisov/java-shareit,9,0,255,0,23,0,112,0,110,0,10,0,maven,False,open source,152,b22d525861d43241281d59652da9b4492aba1548,improvement,11,14,1,1,0,0
770,nradov_SdeToFit,https://github.com/nradov/SdeToFit,0,0,0,0,0,0,0,0,0,0,0,0,maven,False,open source,37,1e29f901659360e47937f563c42a652781f79650,no improvement,11,0,0,0,0,0
772,MSmirnov2407_Filmorate,https://github.com/MSmirnov2407/Filmorate,5,5,101,101,10,10,47,47,42,42,2,2,maven,True,open source,505,2573d3b279446bea0f4cd1f7ce520ddc5c337231,no improvement,11,0,0,0,0,0
783,savindaJ_gmail-sender-in-java,https://github.com/savindaJ/gmail-sender-in-java,3,0,6,0,3,0,3,0,0,0,0,0,maven,False,open source,260,d2da6882218705bf8a53b9d110dd8877f2d167c5,improvement,11,0,2,0,0,0
806,pheonix-18_linkedin-easy-apply-bot,https://github.com/pheonix-18/linkedin-easy-apply-bot,2,0,13,0,2,0,6,0,4,0,1,0,maven,False,open source,61,1254db3a7179b7a4f967508dbf55961b205ecb9a,improvement,11,0,2,0,0,0
812,memiiso_debezium-server-spark,https://github.com/memiiso/debezium-server-spark,21,4,582,60,38,4,248,27,244,25,52,4,maven,False,open source,810,cc8ac85a727ac389c9e5094a42ea715eaa40d735,improvement,11,11,10,1,0,0
826,jtravan3_hapi-fhir-validator-api,https://github.com/jtravan3/hapi-fhir-validator-api,21,10,338,137,23,13,127,44,166,73,22,7,maven,True,open source,2926,6e37852cf058c07ba89bbe6734178bf5dd93cdd0,improvement,11,12,4,0,0,0
838,Salesforce-Async-Messaging_key-command-line-utility,https://github.com/Salesforce-Async-Messaging/key-command-line-utility,4,0,6,0,1,0,1,0,4,0,0,0,maven,False,open source,70,7e2664a73d7a804815e73e97268fa3b862480e9b,improvement,11,0,3,0,0,0
856,crosscutdata_apache-beam-dataflow,https://github.com/crosscutdata/apache-beam-dataflow,4,3,85,9,3,0,29,6,47,3,6,0,maven,False,open source,538,b39e9e6e118a9694ee61f52086cfb6e6a4172b74,improvement,11,0,4,0,0,0
892,Chrisss93_flink-connector-nats,https://github.com/Chrisss93/flink-connector-nats,8,3,74,7,3,0,38,5,21,2,12,0,maven,False,open source,298,58ee6ac72a34b9965ca70e4445afb9cddacbd0df,improvement,11,0,7,0,0,0
897,HasinduEshan_layered-maven-pos-icm-105,https://github.com/HasinduEshan/layered-maven-pos-icm-105,1,1,2,1,0,0,0,0,2,1,0,0,maven,False,open source,350,4ff034ef85fc6b4ebca392bc78380973a743e95b,improvement,11,0,1,0,0,0
898,qcjxs-hn_naicht,https://github.com/qcjxs-hn/naicht,13,8,213,76,16,9,95,33,93,33,9,1,maven,False,open source,507,d85c2f5b971c5ea46ec26744bd57fa0149fd3084,improvement,11,4,1,2,0,0
900,margara_NSDS_kafka_tutorial,https://github.com/margara/NSDS_kafka_tutorial,1,0,1,0,0,0,1,0,0,0,0,0,maven,False,open source,42,e81d42075bbb771c1648cd1002d317860f82c122,improvement,11,0,1,0,0,0
930,rahul-kothari_hedera-starter-spring,https://github.com/rahul-kothari/hedera-starter-spring,6,5,186,78,9,6,54,36,94,33,29,3,maven,False,open source,591,105e3f5a27b3568e4540c978b276a7de9629d4bb,improvement,11,2,2,0,0,0
933,strimzi_kafka-env-var-config-provider,https://github.com/strimzi/kafka-env-var-config-provider,1,0,6,0,0,0,4,0,2,0,0,0,maven,True,open source,63,a89b9c42a7928d0760de8b41ff786a5ced364447,improvement,11,0,1,0,0,0
962,cescoffier_microservice-demo,https://github.com/cescoffier/microservice-demo,14,0,342,0,12,0,187,0,142,0,1,0,maven,False,open source,530,328f910809035295868debe8f27961af3d098832,improvement,11,17,9,0,0,0
963,Cyebukayire_springboot-Backend,https://github.com/Cyebukayire/springboot-Backend,4,0,117,0,8,0,52,0,48,0,9,0,maven,True,open source,89,0230d18b2871c89b10d5ab3ee673487cdd554659,improvement,11,4,0,0,0,0
964,FENGYU-008_ERP,https://github.com/FENGYU-008/ERP,7,7,150,104,13,13,66,38,67,51,4,2,maven,True,open source,524,2615f7f5e1ef1c2d2a4db25103553db454b75f08,improvement,11,4,0,1,0,0
974,amliyanage_Student-Management-Using-Java-EE,https://github.com/amliyanage/Student-Management-Using-Java-EE,1,0,1,0,0,0,0,0,0,0,1,0,maven,False,open source,50,83cd5f766204433df1519d21c9acb9ceb4bab54c,improvement,11,0,0,1,0,0
981,GustavoBoaz_projeto_BlogPessoal_SpringBoot_T28,https://github.com/GustavoBoaz/projeto_BlogPessoal_SpringBoot_T28,9,4,235,24,16,3,111,11,92,9,16,1,maven,False,open source,204,1c1ff4c8571752c6c528e80d9b112dea6d40b5ba,improvement,11,7,0,1,0,0
984,Snowflake-Labs_Snowflake-HL7V2-Parsing,https://github.com/Snowflake-Labs/Snowflake-HL7V2-Parsing,2,0,9,0,0,0,1,0,8,0,0,0,maven,True,open source,82,80e1b657f524d2c15af2c3d5ed89659a57cf1854,improvement,11,0,2,0,0,0
996,SelimHorri_perform-manual-tests,https://github.com/SelimHorri/perform-manual-tests,5,0,130,0,9,0,58,0,53,0,10,0,maven,True,open source,102,afeed6f4ae5b7d44877c18216a991e8977415017,improvement,11,5,0,0,0,0
997,heartsuit_iot-data-flow-backend,https://github.com/heartsuit/iot-data-flow-backend,7,3,119,43,9,5,50,22,54,13,6,3,maven,False,open source,167,5b0cb666385240fdd14983023c28a8bbef3ac911,improvement,11,4,2,0,0,0
998,tech-kms_blackduck-fosslight-sync_CLI,https://github.com/tech-kms/blackduck-fosslight-sync_CLI,3,1,6,1,0,0,4,1,2,0,0,0,maven,False,open source,60,8444fe686d6c90e1217b8bf89e2db156a4846aed,improvement,11,0,1,0,0,0
11,UMR-Big-Data-Analytics_di-integration,https://github.com/UMR-Big-Data-Analytics/di-integration,1,0,1,0,0,0,0,0,1,0,0,0,maven,False,open source,70,ce49707e3afc03e7641478e6e75fc4d95af6b695,improvement,11,0,0,0,0,0
3,kdenzel_DrawPerfectCyrcle,https://github.com/kdenzel/DrawPerfectCyrcle,2,1,42,6,4,1,27,4,8,1,3,0,maven,False,open source,115,09e90783942524350d94623912edccf8cddddc9e,improvement,11,0,0,0,0,0
46,Cydeo-B28_demo-project,https://github.com/Cydeo-B28/demo-project,2,1,37,6,4,1,23,4,8,1,2,0,maven,False,open source,90,a6be26869c3fd52a785a0f8f428e75f6c9df6d51,improvement,11,0,0,0,0,0
63,nvnieuwk_nft-bam,https://github.com/nvnieuwk/nft-bam,2,1,11,7,0,0,8,5,3,2,0,0,maven,False,open source,131,1b27d94c6e8d3c4af78d93dda32bf44c64489613,improvement,11,0,1,0,0,0
66,Bistu-OSSDT-2023_20-PPT-Helper,https://github.com/Bistu-OSSDT-2023/20-PPT-Helper,4,2,16,9,0,0,9,6,7,3,0,0,maven,False,open source,80,c1e3f4a047b57927d2f98c742f19334bc9b03123,improvement,11,0,2,2,0,0
65,Cinnamonbun1233_yandex-shareit,https://github.com/Cinnamonbun1233/yandex-shareit,8,1,329,2,30,0,145,0,145,2,9,0,maven,False,open source,215,2f07cc10a2334ca30636fac41aca5407e48d29db,improvement,11,12,2,1,0,0
59,scoooooott_tinyPornManager,https://github.com/scoooooott/tinyPornManager,0,0,0,0,0,0,0,0,0,0,0,0,maven,False,open source,617,f2bc0f95419f0ff44ca3b1243fb9248ca5655789,no improvement,11,0,0,0,0,0
107,ParadigmaIndie_CampusParadigmaServer,https://github.com/ParadigmaIndie/CampusParadigmaServer,16,12,337,228,23,15,144,103,141,86,29,24,maven,False,open source,1513,fb82343602c136ace99f8a8d31e4fe63f705aa47,improvement,11,0,0,0,0,0
120,naveenanimation20_Feb2024POMSeries,https://github.com/naveenanimation20/Feb2024POMSeries,4,1,12,6,1,1,6,3,5,2,0,0,maven,False,open source,118,082ac3adb6742e8aff455e2f20c1aa8e281f3985,improvement,11,0,1,1,0,0
156,springframeworkguru_mssc-brewery,https://github.com/springframeworkguru/mssc-brewery,4,0,241,0,9,0,61,0,137,0,34,0,maven,True,open source,113,bdcc9429fb24a0cdf0feebf204b02af55d67dabc,improvement,11,0,0,0,0,0
176,RakhmaIs_java-filmorate,https://github.com/RakhmaIs/java-filmorate,2,1,30,1,3,0,15,0,11,1,1,0,maven,False,open source,271,82a8a3285f674a47e4cc90a9735d175f3b468340,improvement,11,0,0,0,0,0
174,mikhaeltatischev_java-filmorate,https://github.com/mikhaeltatischev/java-filmorate,5,2,101,61,10,5,47,28,42,26,2,2,maven,True,open source,465,922cdf4db3f09b6641bf94aecacf100e58a2551c,improvement,11,0,0,0,0,0
180,google_gke-auditor,https://github.com/google/gke-auditor,4,0,45,0,2,0,21,0,22,0,0,0,maven,False,open source,124,d0e324def5a9b691c13a441190b89d4e967f57f0,improvement,11,0,0,0,0,0
187,discospiff_Vehicles2022mvn,https://github.com/discospiff/Vehicles2022mvn,0,0,0,0,0,0,0,0,0,0,0,0,maven,False,open source,57,8e42fd5349059fc3a26b8144c591a73e75cbb921,no improvement,11,0,0,0,0,0
189,aiven_bigquery-connector-for-apache-flink,https://github.com/aiven/bigquery-connector-for-apache-flink,6,3,34,13,0,0,20,8,14,5,0,0,maven,False,open source,584,c26674f97ed27aaa1b1d921e1758ea913523891c,improvement,11,0,3,0,0,0
191,RaisaRS_java-filmorate,https://github.com/RaisaRS/java-filmorate,6,2,98,62,10,6,43,27,43,27,2,2,maven,True,open source,599,de35d4b128b482a95a9271a8bb563c5b702205c1,improvement,11,0,0,0,0,0
192,mikhaeltatischev_java-shareit,https://github.com/mikhaeltatischev/java-shareit,7,0,208,0,20,0,96,0,85,0,7,0,maven,False,open source,199,2d39594b51a5156935486f448fd370fbab4a22ec,improvement,11,0,0,0,0,0
197,Laksith-Nawarathna_library-management-system-back-end,https://github.com/Laksith-Nawarathna/library-management-system-back-end,2,0,6,0,0,0,1,0,4,0,1,0,maven,False,open source,79,c48a855866391ae8643c5aae8f840ed47ec6d270,improvement,11,0,0,0,0,0
194,sse-labs_marin,https://github.com/sse-labs/marin,2,1,10,7,0,0,2,1,6,5,2,1,maven,True,open source,1150,7004451cbddd1608ba8f8ad33122e8e49242be97,improvement,11,0,0,0,0,0
253,SilvanoGPM_spring-boot-jwt-boilerplate,https://github.com/SilvanoGPM/spring-boot-jwt-boilerplate,13,13,315,295,18,17,113,108,152,139,32,31,maven,True,open source,1562,2d10d070b784205f21d0cac2803124c8ee8ee1eb,improvement,11,0,0,0,0,0
285,PubuduJ_text-editor-application,https://github.com/PubuduJ/text-editor-application,0,0,0,0,0,0,0,0,0,0,0,0,maven,False,open source,373,b8b393d9f756cf7d9ccbf68006458db9ab6c661b,no improvement,11,0,0,0,0,0
295,setNewPassword_java-filmorate,https://github.com/setNewPassword/java-filmorate,5,3,101,82,10,8,47,38,42,34,2,2,maven,True,open source,561,4547194b80df4f6a84dd0157ab6233276bee4766,improvement,11,1,1,0,0,0
306,MSmirnov2407_ShareIt,https://github.com/MSmirnov2407/ShareIt,7,0,241,0,22,0,106,0,106,0,7,0,maven,False,open source,188,f3482fccaf69fcf89afbe6de93b9569579466121,improvement,11,0,0,0,0,0
330,karlisV_allure-graphs-plugin,https://github.com/karlisV/allure-graphs-plugin,3,1,11,5,2,1,4,2,2,0,3,2,maven,False,open source,63,f8c5250d1d185707dba8f6c5251238ba32531add,improvement,11,0,0,0,0,0
332,marjanovicbrane_spring-boot-thymeleaf-employees-crud-db,https://github.com/marjanovicbrane/spring-boot-thymeleaf-employees-crud-db,6,1,161,1,11,0,74,0,66,1,10,0,maven,False,open source,125,1826d611200872a8fc225b75196032b5a07c31c0,improvement,11,5,0,1,0,0
337,cptntotoro_java-shareit,https://github.com/cptntotoro/java-shareit,9,9,366,364,34,34,162,161,159,158,11,11,maven,False,open source,3530,850822a33494bcbcbde7a3dd82599b9f62825a9e,improvement,11,0,0,0,0,0
387,Victor-Borisov_java-filmorate,https://github.com/Victor-Borisov/java-filmorate,6,0,123,0,12,0,56,0,53,0,2,0,maven,True,open source,144,8c54407c29330dee4a67d413aebfd9f37940f4f4,improvement,11,0,0,0,0,0
80,prasannathapa_HashDB,https://github.com/prasannathapa/HashDB,0,0,0,0,0,0,0,0,0,0,0,0,maven,False,open source,41,b3f81a19746b53182357df5825f7fff86b782514,no improvement,11,0,0,0,0,0
243,eliskachylikova_keycloak-extensions,https://github.com/eliskachylikova/keycloak-extensions,3,1,204,2,24,0,114,2,64,0,2,0,maven,False,open source,107,cc2497c3eec4709ab6d2057735893381e0e0a61b,improvement,11,6,0,0,0,0
392,open-metadata_openmetadata-spark-agent,https://github.com/open-metadata/openmetadata-spark-agent,1,1,23,3,1,0,11,1,9,2,2,0,maven,False,open source,144,1213b7280462928c6a92a5727d0f61ae785e14e9,improvement,11,0,0,1,0,0
454,hanzelkaraagac_Arrays-Foreach-Sorular,https://github.com/hanzelkaraagac/Arrays-Foreach-Sorular,0,0,0,0,0,0,0,0,0,0,0,0,maven,False,open source,41,c8d0d8ee0ec809690d110f4dff9de8d7e6b16cd5,no improvement,11,0,0,0,0,0
446,the-sdet_appium-cucumber-junit5-mobile-automation-framework,https://github.com/the-sdet/appium-cucumber-junit5-mobile-automation-framework,5,2,14,8,0,0,11,6,3,2,0,0,maven,False,open source,258,62aed9dd00a6ad785d5e21b7f6f94126af006abb,improvement,11,0,1,1,0,0
483,andrei-cerbulescu_mc-overseer,https://github.com/andrei-cerbulescu/mc-overseer,5,4,79,59,7,8,38,26,31,22,3,3,maven,False,open source,1240,48611688ad6d9995aafdd0294b3ad5a5f639e754,improvement,11,0,0,5,0,0
506,ctkqiang_boss_zhipin_pachong,https://github.com/ctkqiang/boss_zhipin_pachong,5,0,92,0,12,0,42,0,36,0,2,0,maven,True,open source,145,5d5dcbc8ce61f69e558858c308c493f79acdd0bd,improvement,11,5,0,0,0,0
541,fixesS_jivo-lib,https://github.com/fixesS/jivo-lib,1,1,1,1,0,0,1,1,0,0,0,0,maven,False,open source,58,f2ff5280243347f096521fcd52e674b223345ec5,no improvement,11,0,0,0,0,0
542,aws-samples_pseudonymization-service,https://github.com/aws-samples/pseudonymization-service,3,1,62,7,1,0,6,1,37,6,18,0,maven,False,open source,81,a7d995a59e9de1c4ede854ac167ddf1575cf76a9,improvement,11,2,0,0,0,0
540,basquiat78_interface-bbuljit,https://github.com/basquiat78/interface-bbuljit,2,2,68,68,6,6,29,29,31,31,2,2,maven,True,open source,357,ea25bb9543eae1f16d9da04575e1cf1b52a776e6,no improvement,11,0,0,0,0,0
559,IlyaKonka_termin-bot,https://github.com/IlyaKonka/termin-bot,8,1,73,6,9,1,45,4,13,1,6,0,maven,False,open source,283,b7e0177bca4002d5d00da9c7887a41897b8fab8f,improvement,11,2,5,2,0,0
585,ortoniKC_LambdaTest-Playwright-Java,https://github.com/ortoniKC/LambdaTest-Playwright-Java,1,0,16,0,1,0,11,0,4,0,0,0,maven,False,open source,91,9c3e5a98bc0f18c822803dd925da4137fded8684,improvement,11,1,0,0,0,0
599,TranHuuDat2004_Music_WebJava,https://github.com/TranHuuDat2004/Music_WebJava,1,0,1,0,0,0,0,0,1,0,0,0,maven,False,open source,66,3907d10e9b6da23d22ac4d438ff9da4d957d5319,improvement,11,0,0,0,0,0
564,GuiLima13_ecommerceT1B5B422,https://github.com/GuiLima13/ecommerceT1B5B422,10,6,215,188,12,10,69,58,106,92,28,28,maven,False,open source,641,93215891ce54d7acc451e80f0b4e762932434025,improvement,11,1,3,0,0,0
691,acoronadoc_java-springboot-hexagonal-architecture-sample,https://github.com/acoronadoc/java-springboot-hexagonal-architecture-sample,3,3,68,68,5,5,29,29,31,31,3,3,maven,False,open source,303,2da16b7230dd664c3696dc6df96b7cd949985c3b,no improvement,11,0,0,0,0,0
693,UchithmaSenevirathne_Car-Rental-MVC-Architecture,https://github.com/UchithmaSenevirathne/Car-Rental-MVC-Architecture,1,1,2,1,0,0,0,0,2,1,0,0,maven,False,open source,420,19cb1083d31fd202318e58c8626dd2dcca6871b6,improvement,11,0,1,0,0,0
797,mcjars_neoforge-server-jar,https://github.com/mcjars/neoforge-server-jar,0,0,0,0,0,0,0,0,0,0,0,0,maven,False,open source,41,7ef1e153ed1bf44bb2676d5c62763ff7cef5e0fe,no improvement,11,0,0,0,0,0
833,mcjars_forge-server-jar,https://github.com/mcjars/forge-server-jar,0,0,0,0,0,0,0,0,0,0,0,0,maven,False,open source,41,232009bbd656823f6178bec6a1040b9c32b5a548,no improvement,11,0,0,0,0,0
805,bmvermeer_JavaCoffeeShop,https://github.com/bmvermeer/JavaCoffeeShop,11,9,229,221,14,14,101,94,88,87,26,26,maven,False,open source,987,83e3451f348ae012b0919e5caf58f0725cc90a82,improvement,11,1,1,0,0,0
841,ashanravindu2_Tea_Factory_Management_System-Layered_Architecture,https://github.com/ashanravindu2/Tea_Factory_Management_System-Layered_Architecture,4,3,21,9,2,1,4,2,11,4,4,2,maven,False,open source,417,fb8d29c0678c888dc4a8b905233cec704d4db07c,improvement,11,0,2,1,0,0
855,Q-Afandi_E-Whale,https://github.com/Q-Afandi/E-Whale,1,1,2,1,0,0,0,0,2,1,0,0,maven,False,open source,59,6493a6f2fcf3e21ea225c99c46c7310f0b8c14d1,improvement,11,0,1,0,0,0
861,Mardoqueu_bookstore,https://github.com/Mardoqueu/bookstore,7,1,166,1,11,0,76,0,68,1,11,0,maven,False,open source,125,ee36f47bd3ee5e9f34a094843844db5de426f49c,improvement,11,6,0,1,0,0
866,mikhaeltatischev_java-kanban,https://github.com/mikhaeltatischev/java-kanban,0,0,0,0,0,0,0,0,0,0,0,0,maven,False,open source,52,8609ebc381b3327b3f997fa8daf0464a42eaa0db,no improvement,11,0,0,0,0,0
891,alwiirfani_meta-wallet,https://github.com/alwiirfani/meta-wallet,9,9,202,177,15,13,65,55,96,85,26,24,maven,False,open source,590,2cf4f2a0019e3a15c0ee39dcec805a8116ceffc9,improvement,11,1,0,0,0,0
881,Resince_car-sale-manege-system,https://github.com/Resince/car-sale-manege-system,3,0,10,0,0,0,3,0,7,0,0,0,maven,False,open source,2087,be8e332e7e7a24b8610149f25ff4d2ddcf3f0b66,improvement,11,0,1,2,0,0
896,refactorizando-web_spring-data-hexagonal-architecture,https://github.com/refactorizando-web/spring-data-hexagonal-architecture,3,3,91,91,5,5,38,38,40,40,8,8,maven,False,open source,457,48d2744d044ca6e89b24269b905aeb711c0598c0,no improvement,11,0,0,0,0,0
759,AntonyCheng_ai-bi,https://github.com/AntonyCheng/ai-bi,43,31,671,504,57,51,337,248,252,189,25,16,maven,False,open source,7249,bba6fd574eadb270bd230edb65325d5e3e4d90a5,improvement,11,3,8,11,0,0
952,RakhmaIs_java-shareit,https://github.com/RakhmaIs/java-shareit,7,0,208,0,20,0,96,0,85,0,7,0,maven,False,open source,132,92c90545e5f789b9e5320194ea0fc1b842c419cb,improvement,11,8,1,1,0,0
951,maruakinu_couchbase-springboot-realworld-example-app,https://github.com/maruakinu/couchbase-springboot-realworld-example-app,8,4,220,117,14,4,84,35,96,62,26,16,maven,False,open source,252,bfd013b1b17252c20834ce043f3e34fceaf8eb0a,improvement,11,5,1,0,0,0
986,tuanPhantom_course-management-swing-ui,https://github.com/tuanPhantom/course-management-swing-ui,0,0,0,0,0,0,0,0,0,0,0,0,maven,False,open source,39,b43b8efedcf8b603a7bee186c6401ec3b7c77ccb,no improvement,11,0,0,0,0,0
990,RustamKuramshin_leetcode-utils,https://github.com/RustamKuramshin/leetcode-utils,0,0,0,0,0,0,0,0,0,0,0,0,maven,False,open source,34,55c2730d7f06c1d0042411dfed6565920a2ee271,no improvement,11,0,0,0,0,0
988,pursecookie_java-filmorate,https://github.com/pursecookie/java-filmorate,5,5,97,97,10,10,43,43,42,42,2,2,maven,True,open source,461,2a9f6ff312fdda2ba494b53dba291232c2b56fa2,no improvement,11,0,0,0,0,0
1054,TUP-PROGRAMACION-III-TEMPLATES_BE-EXAMPLE-design-patterns,https://github.com/TUP-PROGRAMACION-III-TEMPLATES/BE-EXAMPLE-design-patterns,0,0,0,0,0,0,0,0,0,0,0,0,maven,False,open source,78,a40c8b12005dfccc39b08faf9c192138323db15d,no improvement,11,0,0,0,0,0
1075,proselytear_springsecuritycourse,https://github.com/proselytear/springsecuritycourse,6,4,191,36,12,7,86,14,79,13,14,2,maven,False,open source,220,95944f9abad4b23c7321f8f8ccb3ab613e727b3b,improvement,11,5,0,1,0,0
1133,ashanravindu2_Client_Server-Echat-Project-using-Socket-Programming-Java,https://github.com/ashanravindu2/Client_Server-Echat-Project-using-Socket-Programming-Java,5,4,23,11,2,1,4,2,13,6,4,2,maven,False,open source,390,26fc2086d11ba2cfffed04dbafaa6a2f46870023,improvement,11,0,2,1,0,0
1135,RealChAuLa_OrderMicroService,https://github.com/RealChAuLa/OrderMicroService,5,5,215,111,12,10,68,52,103,44,32,5,maven,False,open source,462,eae5531b3ed2ad36b9404a10988101ac49dcaae8,improvement,11,1,4,0,0,0
1155,DJ-Raven_swing-emoji,https://github.com/DJ-Raven/swing-emoji,0,0,0,0,0,0,0,0,0,0,0,0,maven,False,open source,37,4390abc9591ae41d4b996adf8cd81bfc208c7895,no improvement,11,0,0,0,0,0
1161,FatihArslan-cmd_GraalVM-R-Integration-with-Spring-Boot,https://github.com/FatihArslan-cmd/GraalVM-R-Integration-with-Spring-Boot,3,2,132,102,6,3,41,27,73,61,12,11,maven,False,open source,330,8753491df18c0d9cb495e11d8ca919669a25d194,improvement,11,1,0,0,0,0
1156,CityModellingLab_matsim-day,https://github.com/CityModellingLab/matsim-day,2,1,6,1,1,0,3,1,2,0,0,0,maven,False,open source,720,d66d073c0d89fac68cc3d07727b1e7e122ef5a3c,improvement,11,0,1,0,0,0
1168,bulutluoz_Team105_Selenium_Winter_2023,https://github.com/bulutluoz/Team105_Selenium_Winter_2023,2,1,42,6,4,1,27,4,8,1,3,0,maven,False,open source,69,c51d6fbb9d290dd02e2caf673f42efe74ab0d5bd,improvement,11,1,1,0,0,0
1204,aws-samples_apache-flink-near-online-data-enrichment-patterns,https://github.com/aws-samples/apache-flink-near-online-data-enrichment-patterns,4,3,69,67,2,2,12,11,36,35,19,19,maven,True,open source,241,00bb71b8f1f24186a8ecd677109fb87454263d7f,improvement,11,0,0,1,0,0
1248,Chathupachamika_Mahii-s_tasks_javaFx,https://github.com/Chathupachamika/Mahii-s_tasks_javaFx,1,0,1,0,0,0,0,0,1,0,0,0,maven,False,open source,508,c68faa989ec9e228ce6336c5f266c1c9164e2eee,improvement,11,0,1,0,0,0
1376,LahiruHarshana_JSON-Libs,https://github.com/LahiruHarshana/JSON-Libs,0,0,0,0,0,0,0,0,0,0,0,0,maven,False,open source,43,5f0fa12ea4dacfd4710f6cd8375b98d53c63ccb3,no improvement,11,0,0,0,0,0
1377,danukarangith_Pos-System-with-Backend,https://github.com/danukarangith/Pos-System-with-Backend,2,0,2,0,0,0,0,0,1,0,1,0,maven,False,open source,58,86c570d1e2eaf8b178f090f3b3c997c760b72d10,improvement,11,1,0,1,0,0
1382,gayanukabulegoda_Ceylon-Potters-Palette-App,https://github.com/gayanukabulegoda/Ceylon-Potters-Palette-App,2,2,13,8,1,1,3,2,7,3,2,2,maven,False,open source,509,dc97a85424cc74cb3c59868de5d1b9f352ac7cfc,improvement,11,0,1,0,0,0
1419,chenliangrui_EasyMrcp,https://github.com/chenliangrui/EasyMrcp,8,8,127,127,8,8,51,51,52,52,16,16,maven,True,open source,828,82b2dc31b0245038509f52740d53921ade322588,no improvement,11,0,0,0,0,0
1428,bonigarcia_genai-selenium,https://github.com/bonigarcia/genai-selenium,0,0,0,0,0,0,0,0,0,0,0,0,maven,False,open source,144,d230b8cf87beacb98b7ff90e287074ce9514de6c,no improvement,11,0,0,0,0,0
1452,jatin99_Test-Automation-Framework,https://github.com/jatin99/Test-Automation-Framework,3,1,10,8,0,0,6,5,4,3,0,0,maven,False,open source,162,70541d5eb51c4ba652aeb2a3ec12f23a023bf617,improvement,11,0,1,0,0,0
1459,devsuperior_aulao005,https://github.com/devsuperior/aulao005,4,0,121,0,8,0,54,0,50,0,9,0,maven,True,open source,101,16787b8d6104ed218a17d9195fbed931e6c497e0,improvement,11,4,0,0,0,0
1478,devsuperior_aulao006,https://github.com/devsuperior/aulao006,3,1,15,1,0,0,5,0,8,1,2,0,maven,False,open source,70,9326b9e1b83cad5e4ebe721d36b87a21946ccedb,improvement,11,0,0,3,0,0
1498,LsbGwycYod_blog-manage,https://github.com/LsbGwycYod/blog-manage,8,8,119,95,10,10,55,43,49,39,5,3,maven,True,open source,453,76bcd5027bb7a7b8464ed16345405df0b834d850,improvement,11,1,0,1,0,0
25,SyntaxTechnologies_SDETJavabatch19,https://github.com/SyntaxTechnologies/SDETJavabatch19,2,0,11,0,1,0,8,0,1,0,1,0,maven,False,open source,79,339176123c41bc8a83b37a7aa0e7c3ddd0ee61dd,improvement,11,0,2,0,0,0
45,seppinho_nft-vcf,https://github.com/seppinho/nft-vcf,1,1,7,7,0,0,5,5,2,2,0,0,maven,False,open source,125,1a6f36481065bf5ed1efe5bb942b70e8bc84ed80,no improvement,11,0,0,0,0,0
31,gayanukabulegoda_CPP-Layered,https://github.com/gayanukabulegoda/CPP-Layered,2,2,13,8,1,1,3,2,7,3,2,2,maven,False,open source,537,ad689644e56e24d025750800423dc021b24b39c3,improvement,11,0,1,0,0,0
94,nipunnishamaheeka_Library-Management-System,https://github.com/nipunnishamaheeka/Library-Management-System,0,0,0,0,0,0,0,0,0,0,0,0,maven,False,open source,416,ebf7f1dfadb78442cc9e156297dce7c684460b22,no improvement,11,0,0,0,0,0
106,lukaszbudnik_keycloak-ip-authenticator,https://github.com/lukaszbudnik/keycloak-ip-authenticator,4,2,218,8,16,2,116,3,76,3,10,0,maven,False,open source,218,296092a2918181baeb7567c1b6cb321655e6608f,improvement,11,4,0,0,0,0
119,LahiruHarshana_DB-Connection-Pool-EE,https://github.com/LahiruHarshana/DB-Connection-Pool-EE,1,0,2,0,0,0,0,0,2,0,0,0,maven,False,open source,69,ca5383f839ae54a30a3b93cafad7331faaa9720f,improvement,11,0,1,0,0,0
154,sandundil2002_Elite_real_estate_management_system_mvc,https://github.com/sandundil2002/Elite_real_estate_management_system_mvc,4,1,8,1,3,0,3,0,2,1,0,0,maven,False,open source,714,751681be6e8ccb2850497a100c110b35529a1abd,improvement,11,0,3,0,0,0
168,michaelboyles_s3-maven-extension,https://github.com/michaelboyles/s3-maven-extension,4,0,8,0,0,0,4,0,4,0,0,0,maven,False,open source,75,bbe83756da9c9c6d00a343faa63e398277f145bd,improvement,11,0,4,0,0,0
232,Twitter-Analytics_trendz-insights,https://github.com/Twitter-Analytics/trendz-insights,13,6,349,37,23,6,116,19,157,12,53,0,maven,False,open source,658,2106d8f4b3650e205339a37695b147acde9122aa,improvement,11,4,6,1,0,0
305,UchithmaSenevirathne_Live-Chat-Application,https://github.com/UchithmaSenevirathne/Live-Chat-Application,2,2,3,3,0,0,1,1,2,2,0,0,maven,False,open source,543,8dd07e3a93bf203716c8b9ae3f1e7ec1479d6eec,no improvement,11,0,0,0,0,0
303,nipunnishamaheeka_layered-architecture-NipunNishamaheeka,https://github.com/nipunnishamaheeka/layered-architecture-NipunNishamaheeka,0,0,0,0,0,0,0,0,0,0,0,0,maven,False,open source,875,ddc67bb93780503572b15e8b0307bebfb94df97b,no improvement,11,0,0,0,0,0
453,alek-sys_spring-functional-microframework,https://github.com/alek-sys/spring-functional-microframework,3,0,256,0,8,0,71,0,141,0,36,0,maven,True,open source,146,ebb57d997a762258b65d14459e4d6b84119d5b3a,improvement,11,3,0,0,0,0
580,pyloque_jtaskino,https://github.com/pyloque/jtaskino,1,0,5,0,0,0,0,0,2,0,3,0,maven,False,open source,48,c76c0cc89450d5e930f6da235e7ae6edffa84ccb,improvement,11,0,0,1,0,0
618,TecR0c_DoubleTrouble,https://github.com/TecR0c/DoubleTrouble,1,0,1,0,0,0,1,0,0,0,0,0,maven,False,open source,99,b8963ca02b77ad63678f9d21f17a3fb9158b356b,improvement,11,0,0,1,0,0
625,marcobehlerjetbrains_testcontainers-demo,https://github.com/marcobehlerjetbrains/testcontainers-demo,6,1,128,1,10,0,59,0,52,1,7,0,maven,False,open source,87,f17466fdbb1f0fd23b74c92f8478eccd73f79af9,improvement,11,5,0,1,0,0
636,jurajsomorovsky_EccPlayground,https://github.com/jurajsomorovsky/EccPlayground,3,2,12,9,0,0,7,4,2,2,3,3,maven,True,open source,55,542875df67b7369f93d2759e13baba8a04f84580,improvement,11,0,0,0,0,0
671,kunal52_springbootfirebaseauth,https://github.com/kunal52/springbootfirebaseauth,11,10,245,188,14,13,110,80,105,81,16,14,maven,False,open source,1236,41b9ffe00dd1c76312ac4e867089eddc3db60bda,improvement,11,3,0,0,0,0
683,edwin_java-keycloak-integration,https://github.com/edwin/java-keycloak-integration,4,2,117,99,6,5,46,42,58,45,7,7,maven,False,open source,439,46fee4cfba11576e3cf54ee34ecc55bdc0871a51,improvement,11,1,1,0,0,0
685,IdeaUJetBrains_idea-demo-devcontainers,https://github.com/IdeaUJetBrains/idea-demo-devcontainers,2,0,55,0,5,0,29,0,19,0,2,0,maven,True,open source,67,0f86a0f90a18010274118aca42d116103f9fc462,improvement,11,2,0,0,0,0
684,martinachov_hexagonal-architecture-ddd-springboot,https://github.com/martinachov/hexagonal-architecture-ddd-springboot,6,6,104,40,10,11,48,14,43,13,3,2,maven,True,open source,267,1f0910c9f946b716b7c4c8abb925d28436f79aed,improvement,11,4,0,0,0,0
740,nccgroup_HTTPSignatures,https://github.com/nccgroup/HTTPSignatures,0,0,0,0,0,0,0,0,0,0,0,0,maven,False,open source,40,2734248d7f56eb2a36363e15b7b269bd26610a32,no improvement,11,0,0,0,0,0
766,Apress_spring-boot-2-recipes,https://github.com/Apress/spring-boot-2-recipes,1,0,30,0,3,0,14,0,12,0,1,0,maven,False,open source,49,e132650163bd38997b10b13ba2fc6631e49ee6f5,improvement,11,1,0,0,0,0
806,koushikkothagal_spring-github-login-starter,https://github.com/koushikkothagal/spring-github-login-starter,9,3,282,3,16,0,125,3,109,0,32,0,maven,False,open source,105,0e1e115014e583c5be764b9f005816260f46d045,improvement,11,8,1,0,0,0
872,adamofig_apiRestSpringBootUsuarios,https://github.com/adamofig/apiRestSpringBootUsuarios,5,1,147,1,9,0,67,0,63,1,8,0,maven,False,open source,124,7673ac56f1916c31350677590cc9da55ba77591a,improvement,11,4,0,1,0,0
919,navinreddy20_SpringMongoDB,https://github.com/navinreddy20/SpringMongoDB,5,5,215,111,12,10,68,52,103,44,32,5,maven,False,open source,392,3ec9b51878230dd33f7948cf48b28519226ae673,improvement,11,1,4,0,0,0
927,kymotz_mdkiller,https://github.com/kymotz/mdkiller,0,0,0,0,0,0,0,0,0,0,0,0,maven,True,open source,43,9ca1bca64e115051c28f0c115482df8131eab451,no improvement,11,0,0,0,0,0
980,scaleracademy_lld-mook-my-show,https://github.com/scaleracademy/lld-mook-my-show,9,9,366,366,19,19,157,157,157,157,33,33,maven,False,open source,1755,70a0638d07d1c468dd8bdea63c7284d0aa5b64d8,no improvement,11,0,0,0,0,0
1009,im1235_EIE,https://github.com/im1235/EIE,0,0,0,0,0,0,0,0,0,0,0,0,maven,False,open source,55,e42a4ebae3f8766786edc91472b0beae93ed4424,no improvement,11,0,0,0,0,0
1010,ddezoysa_keycloak-springboot-microservice,https://github.com/ddezoysa/keycloak-springboot-microservice,6,5,283,170,13,10,128,73,119,74,23,13,maven,True,open source,665,cdd14fb7a46263e3551ba73a2303c7d74e174661,improvement,11,2,0,0,0,0
1025,AbeethaHeshan_Job-Seakers-Backend,https://github.com/AbeethaHeshan/Job-Seakers-Backend,5,4,98,83,10,10,43,36,43,35,2,2,maven,False,open source,363,cf63d473831a82097aac77c05ec1db6440d50845,improvement,11,1,1,0,0,0
1036,raviyasas_springboot-gcs-demo,https://github.com/raviyasas/springboot-gcs-demo,8,7,150,148,13,13,63,62,69,68,5,5,maven,True,open source,611,225606faa720f2b036d16d96316db62d9f8d0b67,improvement,11,0,0,0,0,0
1045,AlmasB_JavaFX11-example,https://github.com/AlmasB/JavaFX11-example,0,0,0,0,0,0,0,0,0,0,0,0,maven,False,open source,242,7e17c63230a7771ad1e6f16d9e78fb79b7610674,no improvement,11,0,0,0,0,0
1054,springframeworkguru_mssc-brewery-client,https://github.com/springframeworkguru/mssc-brewery-client,3,0,159,0,7,0,46,0,86,0,20,0,maven,True,open source,229,65d97815f20cb1d4e4fd74d4ea802e0dc30ef12d,improvement,11,3,0,0,0,0
1056,robbertvanwaveren_oauth-gateway-exploration,https://github.com/robbertvanwaveren/oauth-gateway-exploration,4,3,97,4,4,0,45,4,35,0,13,0,maven,False,open source,441,2a89bb4f2c0d116a272fb44db689d12c644e635b,improvement,11,0,0,0,0,0
1059,expertos-tech_spring-boot-autenticacao-jwt,https://github.com/expertos-tech/spring-boot-autenticacao-jwt,6,3,163,122,11,7,72,54,67,50,13,11,maven,False,open source,677,3f6981900c13296a622ffa61724e333de16320d9,improvement,11,2,1,0,0,0
59,CrissUD_JavaFrontendAsincrono,https://github.com/CrissUD/JavaFrontendAsincrono,2,1,8,7,0,0,4,4,4,3,0,0,maven,False,open source,43,66c76e06b478afa7be3a4dd471e529d402ab1da5,improvement,11,0,0,1,0,0
89,Hypdncy_BurpUnExInfo,https://github.com/Hypdncy/BurpUnExInfo,0,0,0,0,0,0,0,0,0,0,0,0,maven,False,open source,55,535d40b29cf9d9e4ab2e69c925df6d8ce96aa0c8,no improvement,11,0,0,0,0,0
113,MFrank2016_delayed-queue-demo,https://github.com/MFrank2016/delayed-queue-demo,5,5,188,185,9,9,60,60,97,95,22,21,maven,True,open source,1163,af991ec88d21bed1796da0148ace49adf02d747c,improvement,11,0,0,1,0,0
398,springframeworkguru_testing-junit5-mockito,https://github.com/springframeworkguru/testing-junit5-mockito,0,0,0,0,0,0,0,0,0,0,0,0,maven,True,open source,56,31a4a807d1faaddcdb991194d277f9fa2ec44783,no improvement,11,0,0,0,0,0
229,rodrigorahman_spring-boot-com-mysql,https://github.com/rodrigorahman/spring-boot-com-mysql,5,1,207,1,11,0,92,0,91,1,13,0,maven,True,open source,123,a87a6bddd29c2c247c2b2f450ee284c67fe52c3d,improvement,11,4,0,1,0,0
240,FlameXander_security-jwt,https://github.com/FlameXander/security-jwt,7,7,185,185,11,11,58,58,90,90,26,26,maven,False,open source,501,5aa52dc4f07d2f767c22b73a9d88a16025c62cc1,no improvement,11,0,0,0,0,0
241,RexJonesII_FreeCodeCampSeleniumJava,https://github.com/RexJonesII/FreeCodeCampSeleniumJava,0,0,0,0,0,0,0,0,0,0,0,0,maven,False,open source,78,a4921eef702818d8b26efaf05685c6318341ad03,no improvement,11,0,0,0,0,0
278,DEVS-MARKET_Desktop-GifDisplay,https://github.com/DEVS-MARKET/Desktop-GifDisplay,2,1,2,1,1,1,0,0,1,0,0,0,maven,False,open source,1205,5000ba03f75861a9909bcddc28ea655429fdca16,improvement,11,0,1,0,0,0
302,codejava-official_spring-boot-registration-login,https://github.com/codejava-official/spring-boot-registration-login,10,3,235,36,14,1,106,14,95,16,20,5,maven,False,open source,372,6473027cab3eeb0c715281def1982e8791103976,improvement,11,7,0,0,0,0
312,innoq_cookie-based-session-springboot-app,https://github.com/innoq/cookie-based-session-springboot-app,5,1,170,1,11,0,77,1,68,0,14,0,maven,True,open source,100,91cd6b4649467206c692e73d7bf3caecca5e5d58,improvement,11,5,0,0,0,0
314,lenve_generate_code,https://github.com/lenve/generate_code,5,3,127,88,9,5,57,38,54,39,7,6,maven,True,open source,442,4e57072b23d98df7ff3dda4d147fdef50936dfa9,improvement,11,1,0,1,0,0
355,EvgeniiAlelekov_three-phase-constructor,https://github.com/EvgeniiAlelekov/three-phase-constructor,1,1,5,5,1,1,3,3,1,1,0,0,maven,False,open source,356,5102465de5c83a6428b2043014483ec18e6dcd03,no improvement,11,0,0,0,0,0
367,kriscfoster_spring-boot-testing-pyramid,https://github.com/kriscfoster/spring-boot-testing-pyramid,2,0,91,0,6,0,41,0,38,0,6,0,maven,True,open source,78,84ff13a5f20c2a3d2ceaaa6040a8a4c6707e0f3e,improvement,11,2,0,0,0,0
391,jaiswaladi246_Mission,https://github.com/jaiswaladi246/Mission,6,5,139,137,10,10,60,59,58,57,11,11,maven,False,open source,589,0f174aad3cf080bf25867fab7007b502351cf2be,improvement,11,0,0,1,0,0
427,kohanyirobert_design-patterns-warehouse-demo,https://github.com/kohanyirobert/design-patterns-warehouse-demo,0,0,0,0,0,0,0,0,0,0,0,0,maven,False,open source,35,58fc5c000db18ff3f7c523268d8a1ed09c79a0af,no improvement,11,0,0,0,0,0
435,acoronadoc_java-springboot-cqrs-architecture-sample,https://github.com/acoronadoc/java-springboot-cqrs-architecture-sample,6,6,102,102,8,8,47,47,44,44,3,3,maven,False,open source,508,d5d994697f0c945ed0ed6dee7248b69463e2b457,no improvement,11,0,0,0,0,0
444,springframeworkguru_tsbb2b-sfg-brewery,https://github.com/springframeworkguru/tsbb2b-sfg-brewery,6,0,275,0,11,0,76,0,150,0,38,0,maven,True,open source,123,614c318ac76d3791f616e557b972036e37650b10,improvement,11,6,0,0,0,0
448,e92Edvin_payment-gateway,https://github.com/e92Edvin/payment-gateway,4,0,126,0,9,0,58,0,51,0,8,0,maven,True,open source,87,62728b274bb06d7b214fd50cd25b089ecc05d982,improvement,11,4,0,0,0,0
506,mal-lang_exampleLang,https://github.com/mal-lang/exampleLang,0,0,0,0,0,0,0,0,0,0,0,0,maven,True,open source,178,6f39b37248bd6439fd1c9c7704e71f01bd359dfa,no improvement,11,0,0,0,0,0
557,maxim04_video-2-spring-jwt-access-refresh-tokens,https://github.com/maxim04/video-2-spring-jwt-access-refresh-tokens,8,3,185,5,14,0,72,4,83,1,16,0,maven,False,open source,155,256084e67359ac6e5268ad21594a85c2b294c356,improvement,11,8,0,0,0,0
107,hmKunlun_Chypass,https://github.com/hmKunlun/Chypass,1,0,1,0,0,0,0,0,1,0,0,0,maven,False,open source,50,e371e638e2837d683ac9899bcdf8f12c17d5ff10,improvement,11,0,0,0,0,0
116,jreijn_demo-micrometer-prometheus-grafana,https://github.com/jreijn/demo-micrometer-prometheus-grafana,3,0,123,0,8,0,54,0,53,0,8,0,maven,True,open source,113,60f2b699c045971733d0aa2a38b62d1d5918d4bd,improvement,11,0,0,0,0,0
119,ecovaci_javafx-spring-boot,https://github.com/ecovaci/javafx-spring-boot,2,2,55,55,5,5,25,25,23,23,2,2,maven,False,open source,1218,a7fdee12399213d623f2e1ea7e594529e4651a12,no improvement,11,0,0,0,0,0
120,HappyWjl_spider-jsoup,https://github.com/HappyWjl/spider-jsoup,5,5,174,174,8,8,55,55,91,91,20,20,maven,True,open source,937,f8e41370aab9116afb9b18460e10007ddf7eb550,no improvement,11,0,0,0,0,0
122,307677814_ios_super_sign,https://github.com/307677814/ios_super_sign,28,16,332,95,15,7,140,47,143,40,34,1,maven,False,open source,898,98bc9286f9c7033030974e18dcc35ab5b02fc1a9,improvement,11,8,4,1,0,0
126,dream-sports-labs_vertx-dynamodb-client,https://github.com/dream-sports-labs/vertx-dynamodb-client,6,1,97,73,2,0,27,15,41,34,27,24,maven,False,open source,203,6ae483d62f10bb0648adfaeba4f65b22d116af14,improvement,11,2,3,0,0,0
141,kavyababu7_AWSCognitoDemo,https://github.com/kavyababu7/AWSCognitoDemo,4,3,154,146,8,7,61,60,72,67,13,12,maven,False,open source,731,cbf53ce945351acb59d3413fb292bfd85632932f,improvement,11,0,0,0,0,0
190,jsantos-examples_flexpag-desafio-backend,https://github.com/jsantos-examples/flexpag-desafio-backend,5,0,94,0,9,0,41,0,42,0,2,0,maven,True,open source,111,a9d8f26a30420865ea7800044b139910753411ff,improvement,11,0,0,0,0,0
205,MikeAScott_spring-todo-list,https://github.com/MikeAScott/spring-todo-list,7,1,188,1,11,0,81,0,83,1,13,0,maven,True,open source,145,99aa8126424923901f3104bdc561b24a241f299f,improvement,11,0,0,0,0,0
248,YYYet_CzStepServer,https://github.com/YYYet/CzStepServer,9,8,295,236,14,13,108,105,125,94,48,24,maven,True,open source,794,fb20c140ced8c6015049be8b7094568e0c130522,improvement,11,1,2,0,0,0
250,juancondorijara_as201-ms-procedure-be,https://github.com/juancondorijara/as201-ms-procedure-be,12,6,228,68,20,6,107,36,93,24,8,2,maven,True,open source,337,d34674a1be68a759e441bb278be2b1200b5d10aa,improvement,11,6,1,1,0,0
289,peholmst_spring-security-webinar-2021,https://github.com/peholmst/spring-security-webinar-2021,9,8,242,239,15,14,108,107,93,93,26,25,maven,False,open source,3647,29f1e1e215092ede39e6c5e3369038ebef349bfd,improvement,11,0,0,0,0,0
295,pfilipowicz_aws-json-api-gateway-caller,https://github.com/pfilipowicz/aws-json-api-gateway-caller,1,0,39,0,0,0,2,0,27,0,10,0,maven,False,open source,111,c74fe8738ef653967a2e7d43053b5da889e1d2d5,improvement,11,0,0,0,0,0
322,ard333_spring-boot-jjwt,https://github.com/ard333/spring-boot-jjwt,4,3,182,112,8,5,62,46,98,51,14,10,maven,False,open source,457,37869ceb92912533a71d4dd0daafbb3737244901,improvement,11,1,1,0,0,0
385,shabbirdwd53_reactive-programming-tutorial,https://github.com/shabbirdwd53/reactive-programming-tutorial,2,0,81,0,5,0,37,0,34,0,5,0,maven,False,open source,115,19328c1f192171c69b4635fde7878f409eff692f,improvement,11,0,0,0,0,0
395,springframeworkguru_intro-junit5,https://github.com/springframeworkguru/intro-junit5,0,0,0,0,0,0,0,0,0,0,0,0,maven,False,open source,33,0b081a4a5e79c7cc34c7f0af4da5f0cccde39975,no improvement,11,0,0,0,0,0
409,ilxqx_spring-security-leaning-demo,https://github.com/ilxqx/spring-security-leaning-demo,7,6,188,151,14,10,81,65,82,68,11,8,maven,True,open source,460,d64f5e1b6fdaf08079342c7c928810691b9e9410,improvement,11,2,0,0,0,0
424,amigoscode_springboot-twilio,https://github.com/amigoscode/springboot-twilio,3,2,212,150,7,6,49,43,122,82,34,19,maven,True,open source,491,2e57cac243d89513ad1670e996a7bf7cd61152f9,improvement,11,1,0,0,0,0
430,BabakBazghale_spring-boot-RabbitMQ,https://github.com/BabakBazghale/spring-boot-RabbitMQ,8,2,225,33,14,2,108,18,90,12,13,1,maven,False,open source,410,482efd03330a53ddf1029a6d56116cd29441310a,improvement,11,6,0,0,0,0
440,EleganceLESS_nhn-forward-2019,https://github.com/EleganceLESS/nhn-forward-2019,4,3,128,96,6,3,61,45,53,41,8,7,maven,True,open source,639,3ef7db10180691e7f15812631f3c3b6a1654a5bf,improvement,11,1,0,0,0,0
443,mitocode21_java11-stream-demo,https://github.com/mitocode21/java11-stream-demo,0,0,0,0,0,0,0,0,0,0,0,0,maven,False,open source,36,1fe675d5a7c0f4bb347bb7ab37ab89b59d78e067,no improvement,11,0,0,0,0,0
483,bclozel_initializr-stats,https://github.com/bclozel/initializr-stats,10,2,538,2,30,0,236,2,229,0,43,0,maven,False,open source,161,f3daf53440fd5a6c15d8f2c2b88874ce87e8330f,improvement,11,14,0,0,0,0
489,rmondejar_spring-boot-junit5-example,https://github.com/rmondejar/spring-boot-junit5-example,6,6,127,59,11,12,58,23,55,22,3,2,maven,True,open source,289,5a8b41d252f128070046ed78da91b9626183391c,improvement,11,4,1,0,0,0
490,kolorobot_quarkus-petclinic-api,https://github.com/kolorobot/quarkus-petclinic-api,13,11,173,154,3,3,90,79,70,62,10,10,maven,False,open source,4080,8d4c948874aa894688852b97120f647bfe2f720a,improvement,11,0,0,0,0,0
577,Kamilahsantos_dowhile-reactive-api,https://github.com/Kamilahsantos/dowhile-reactive-api,3,3,111,111,7,7,53,53,44,44,7,7,maven,True,open source,781,ca442b805e0bf95cfbbf282b3916ffc31e3a6982,no improvement,11,0,0,0,0,0
655,K4VI12_Saloon-Management-System,https://github.com/K4VI12/Saloon-Management-System,0,0,0,0,0,0,0,0,0,0,0,0,maven,False,open source,435,8dde419431c2ea4495e5f5ae8bccf91f9c2e9301,no improvement,11,0,0,0,0,0
664,dvddhln_quarkus-reactive-crud-hibernate-active-pattern,https://github.com/dvddhln/quarkus-reactive-crud-hibernate-active-pattern,8,0,126,0,2,0,60,0,63,0,1,0,maven,False,open source,254,a342f7a9e833ca1696a17ae826aa4e38850113e4,improvement,11,7,1,0,0,0
691,zhukovsd_chess,https://github.com/zhukovsd/chess,0,0,0,0,0,0,0,0,0,0,0,0,maven,False,open source,45,1d685a3802622545fa8eb4b417c42ff2280d0e52,no improvement,11,0,0,0,0,0
667,kyungseo_project-web-starter,https://github.com/kyungseo/project-web-starter,37,31,616,476,40,36,243,194,273,209,60,37,maven,True,open source,3163,5bd174e1e3a0572e773e5a28a1a22b98d50fd7d6,improvement,11,6,4,3,0,0
708,Xetera_corona,https://github.com/Xetera/corona,1,0,1,0,0,0,0,0,1,0,0,0,maven,False,open source,47,aa28d4c08c80f5878553efe70ef54db969e703e0,improvement,11,0,0,1,0,0
714,mikuhuyo_file-service,https://github.com/mikuhuyo/file-service,5,3,129,111,8,6,55,48,58,49,8,8,maven,False,open source,511,a665de853fc7abf3e07158b5574146989d3fa374,improvement,11,0,2,0,0,0
720,jiangnanboy_llm_security,https://github.com/jiangnanboy/llm_security,5,4,94,62,7,7,39,23,40,29,8,3,maven,False,open source,365,4b690e35c929d4dcd2b869ca55440ededa813bd8,improvement,11,2,1,1,0,0
740,danielhe4rt_todo-list-java-spring,https://github.com/danielhe4rt/todo-list-java-spring,5,1,135,1,9,0,61,0,57,1,8,0,maven,False,open source,125,2be79bc0db2cccf6498060b39c3dc1d0c6becec7,improvement,11,4,0,1,0,0
767,jiangnanboy_pdf_invoice_parser,https://github.com/jiangnanboy/pdf_invoice_parser,4,3,67,57,3,3,29,24,33,27,2,3,maven,False,open source,394,e3056e3b9a231a252331a4f32906a56bc1834982,improvement,11,1,1,0,0,0
779,TuyaSecurity_SSRF-Auto,https://github.com/TuyaSecurity/SSRF-Auto,3,0,8,0,0,0,6,0,2,0,0,0,maven,False,open source,72,80397bf02d2746449f32166d82b2c08b8508836c,improvement,11,1,1,1,0,0
789,sfmohassel_spring-boot-mongodb-docker-compose-starter,https://github.com/sfmohassel/spring-boot-mongodb-docker-compose-starter,5,1,156,4,11,1,73,2,62,1,10,0,maven,True,open source,359,20d38d2a4b65a5c41fc78d15a180f1148abc4d63,improvement,11,4,1,0,0,0
816,jochenchrist_spring-boot-access-logs-demo,https://github.com/jochenchrist/spring-boot-access-logs-demo,4,3,156,74,8,5,48,30,83,34,17,5,maven,True,open source,587,23ecd7ac4fe9eb10be0abdbbe33b0de0df369e46,improvement,11,1,0,0,0,0
829,thomasdarimont_keycloak-tc-extension-playground,https://github.com/thomasdarimont/keycloak-tc-extension-playground,10,4,276,22,20,2,142,9,100,8,14,3,maven,False,open source,333,56d708148b3da86e9514051dd3f2424755d9ff9f,improvement,11,5,3,0,0,0
833,kirshiyin89_springboot-monitoring-demo,https://github.com/kirshiyin89/springboot-monitoring-demo,2,0,74,0,5,0,29,0,37,0,3,0,maven,False,open source,99,d0a0d97e8dd3b75ee7827035b528c98727229fb9,improvement,11,2,0,0,0,0
832,lydtechconsulting_kafka-transactions,https://github.com/lydtechconsulting/kafka-transactions,10,2,234,42,15,2,114,22,90,15,15,3,maven,False,open source,671,c56adb50444880cfaafdc85fd624f8ed39b612c3,improvement,11,5,3,1,0,0
879,thomasdarimont_spring-boot-keycloak-jwe-example,https://github.com/thomasdarimont/spring-boot-keycloak-jwe-example,0,0,0,0,0,0,0,0,0,0,0,0,maven,False,open source,179,8ad8c365d297e48cb2e8f74af77af807a316b5cb,no improvement,11,0,0,0,0,0
882,janis-schanbacher_spring-microservices-demo,https://github.com/janis-schanbacher/spring-microservices-demo,18,3,1757,77,84,5,740,36,807,30,126,6,maven,False,open source,750,9418a8fb068fa5fc2785301f23f8006077447187,improvement,11,31,7,3,0,0
924,jochenchrist_structured-logging-plain,https://github.com/jochenchrist/structured-logging-plain,2,0,71,0,2,0,7,0,43,0,19,0,maven,True,open source,52,f5fe81b224bee9296372ca197d0339fa64f897ee,improvement,11,0,1,0,0,0
109,springframeworkguru_helloworld,https://github.com/springframeworkguru/helloworld,0,0,0,0,0,0,0,0,0,0,0,0,maven,False,open source,37,e7d8c5e0a044e1bfc06a9958c7cb1daa28dc29c7,no improvement,11,0,0,0,0,0
207,mfaisalkhatri_parallel-mobile-tests-appium,https://github.com/mfaisalkhatri/parallel-mobile-tests-appium,3,1,21,17,2,2,8,8,10,6,1,1,maven,False,open source,221,668a923aed76cbfb918aa80b2fdedb4d92968ce4,improvement,11,0,2,0,0,0
259,nakov_Java-Cryptography-Examples,https://github.com/nakov/Java-Cryptography-Examples,4,3,72,7,1,1,17,6,30,0,24,0,maven,False,open source,63,26fdeb30a7714361dec4fad05b31151016c17e93,improvement,11,1,0,0,0,0
291,SatoruAkiyama_Employee-Management-System-Using-Spring-Boot,https://github.com/SatoruAkiyama/Employee-Management-System-Using-Spring-Boot,6,1,161,1,11,0,74,0,66,1,10,0,maven,False,open source,148,1dd1e7a33d947daec29aee76b1fb3be45c89f134,improvement,11,5,0,1,0,0
375,DewmithMihisara_connect-4-game,https://github.com/DewmithMihisara/connect-4-game,0,0,0,0,0,0,0,0,0,0,0,0,maven,False,open source,334,6b67937711b5044c0f5bdee0387dacff4b9e5d2f,no improvement,11,0,0,0,0,0
379,mogullzr_byteoj_backend,https://github.com/mogullzr/byteoj_backend,26,26,521,521,32,32,196,196,241,241,52,52,maven,True,open source,1920,4c57d87d18f070394a401eb024843c5c286fa342,no improvement,11,0,0,0,0,0
380,evouraorg_ververica-ai-starter-kit,https://github.com/evouraorg/ververica-ai-starter-kit,15,5,44,13,1,0,33,10,10,3,0,0,maven,True,open source,556,96a0bd887df23101c2aa96975b900bc82158aa28,improvement,11,0,11,0,0,0
387,krizsan_git-workflow-sampleapp,https://github.com/krizsan/git-workflow-sampleapp,2,0,139,0,5,0,44,0,72,0,18,0,maven,True,open source,72,19ca0678d3e163bbb32770f0b0cba8e2f8456305,improvement,11,2,0,0,0,0
391,manusa_github-dependents-scraper,https://github.com/manusa/github-dependents-scraper,2,1,4,2,0,0,2,1,2,1,0,0,maven,False,open source,1460,14b0d0ec6becd88fd916ab4dcf2935c6bfffb6ca,improvement,11,0,1,0,0,0
394,eduardoklosowski_exemplo-estrutura-dados,https://github.com/eduardoklosowski/exemplo-estrutura-dados,1,0,1,0,0,0,1,0,0,0,0,0,maven,True,open source,39,e627f751ec5538287bcf20d77b768234d56ac586,improvement,11,0,0,0,0,0
420,AmineLAHRIM_springeventapp,https://github.com/AmineLAHRIM/springeventapp,4,1,127,1,8,0,57,0,55,1,7,0,maven,False,open source,84,6989512ecccfe1ca9e31f61af7cf17ffe2f80391,improvement,11,3,0,1,0,0
422,Wdestroier_chamomile,https://github.com/Wdestroier/chamomile,0,0,0,0,0,0,0,0,0,0,0,0,maven,False,open source,38,3c0830035f194975ee4b188967b49902805fb550,no improvement,11,0,0,0,0,0
28,mednikoviurii_spring-twofactor-example,https://github.com/mednikoviurii/spring-twofactor-example,4,0,124,0,7,0,60,0,50,0,7,0,maven,True,open source,211,15b2cdc02562af1ed3d42ecd7c77837c4001fedc,improvement,11,4,0,0,0,0
2,ThallesT_via-cep,https://github.com/ThallesT/via-cep,1,0,1,0,0,0,0,0,1,0,0,0,maven,False,open source,60,3ee137b8896cd735a01e513f70c1f9f52e77eb91,improvement,11,0,0,1,0,0
8,innogames_flink-real-time-crm,https://github.com/innogames/flink-real-time-crm,5,0,33,0,0,0,20,0,13,0,0,0,maven,False,open source,184,f7b65440bd5d098578015e6320c1859c41ec79e9,improvement,11,1,4,0,0,0
113,shabbirdwd53_springboot-mongodb,https://github.com/shabbirdwd53/springboot-mongodb,5,5,110,82,10,10,52,33,44,36,4,3,maven,True,open source,400,0ef54271f57f85cbdd62cd99a1e741f83d4fab1d,improvement,11,3,0,0,0,0
115,Bamboo-fly_Android-Vulnerability-Analysis,https://github.com/Bamboo-fly/Android-Vulnerability-Analysis,0,0,0,0,0,0,0,0,0,0,0,0,maven,False,open source,539,e2f7d7f81419a816a77aa1b9f4439d7c0ce18179,no improvement,11,0,0,0,0,0
11,athiefaine_theater-reservation-kata,https://github.com/athiefaine/theater-reservation-kata,0,0,0,0,0,0,0,0,0,0,0,0,maven,False,open source,45,b96fcda1c830eb53e278fb737c484f5b7995c9db,no improvement,11,0,0,0,0,0
32,piczmar_lombok-tips-and-tricks,https://github.com/piczmar/lombok-tips-and-tricks,3,1,84,1,2,0,18,1,51,0,13,0,maven,True,open source,102,cecbd267a26b82144e2ad2d40e9689d2db6bf5f4,improvement,11,1,1,2,0,0
7,ChristopherProject_Mem4J,https://github.com/ChristopherProject/Mem4J,0,0,0,0,0,0,0,0,0,0,0,0,maven,False,open source,48,8a4acee8ca68c6e8952ca8bbc4da79f79814df41,no improvement,11,0,0,0,0,0
10,Aishwaryavenkat10_TestNG-Project,https://github.com/Aishwaryavenkat10/TestNG-Project,3,0,6,0,1,0,2,0,3,0,0,0,maven,False,open source,93,44ff120abcad8559ab95cedbda3573c071ac5305,improvement,11,0,3,0,0,0
91,paxoscn_mysql-protocol,https://github.com/paxoscn/mysql-protocol,2,1,13,1,0,0,5,0,8,1,0,0,maven,False,open source,77,d0b5448168cebc115c4b1bd66d5773a1d07f0561,improvement,11,0,0,2,0,0
144,ekmett_nbe-in-java-19,https://github.com/ekmett/nbe-in-java-19,0,0,0,0,0,0,0,0,0,0,0,0,maven,False,open source,47,362025d2c901005ca2ed7fcf384bb35e6a19e24d,no improvement,11,0,0,0,0,0
146,getindata_flink-spring,https://github.com/getindata/flink-spring,3,1,33,2,5,1,15,1,12,0,1,0,maven,True,open source,223,a598ae2df0024d1aa2d5798dab2e09d845f8d7a7,improvement,11,2,0,1,0,0
145,jiangnanboy_doc_ai,https://github.com/jiangnanboy/doc_ai,10,9,114,82,7,7,49,33,40,29,18,13,maven,False,open source,655,2ebfc04b32c1ab88775d6783e097cc47fc6c8ac5,improvement,11,2,1,0,0,0
170,mitocode21_spring-data-jpa-multiple-datasources,https://github.com/mitocode21/spring-data-jpa-multiple-datasources,5,1,132,1,9,0,59,0,56,1,8,0,maven,False,open source,128,b833c66de70712e1692b4776b4c2fca34812a79c,improvement,11,3,1,1,0,0
173,caligula95_tic-tac-toe,https://github.com/caligula95/tic-tac-toe,3,0,154,0,9,0,66,0,68,0,11,0,maven,True,open source,106,6c82c316b1fcac2db38fab2db9c8bb95015b5282,improvement,11,3,0,0,0,0
204,AbidarYassine_mediaTech-back,https://github.com/AbidarYassine/mediaTech-back,4,1,122,1,8,0,55,0,52,1,7,0,maven,False,open source,118,a95ece4f42a88f3de8d2f0250b7c7afff875b313,improvement,11,3,0,1,0,0
2,osandadeshan_rest-assured-codegen-test-project,https://github.com/osandadeshan/rest-assured-codegen-test-project,0,0,0,0,0,0,0,0,0,0,0,0,maven,True,open source,51,6962de24eb7603bdfc8c031ddfcc1f87a69f5e4d,no improvement,11,0,0,0,0,0
11,FIAP_POSTECH_SOAT_DevOps_Desafio_Disciplina,https://github.com/FIAP/POSTECH_SOAT_DevOps_Desafio_Disciplina,3,3,97,97,6,6,44,44,41,41,6,6,maven,True,open source,463,7091194aa2de3ba8fe1a9b5ab1af4062733cf399,no improvement,11,0,0,0,0,0
25,joshlong-attic_distributed-locking-with-spring-integration-locks,https://github.com/joshlong-attic/distributed-locking-with-spring-integration-locks,1,0,7,0,1,0,2,0,3,0,1,0,maven,True,open source,293,60da94753287626005e3904e9974ae0ba528c783,improvement,11,0,0,0,0,0
71,mdhachem_DeeplTranslatorAPI,https://github.com/mdhachem/DeeplTranslatorAPI,0,0,0,0,0,0,0,0,0,0,0,0,maven,False,open source,37,a10717694740b60a63b028d308548401f4dbe298,no improvement,11,0,0,0,0,0
72,HackyleShawe_RemoteLogViewer,https://github.com/HackyleShawe/RemoteLogViewer,7,5,228,179,15,11,103,79,94,75,16,14,maven,True,open source,679,981712d935593a154d9d57cabc82dbb858cee9d0,improvement,11,0,0,0,0,0
145,Floppir_auth,https://github.com/Floppir/auth,7,7,214,207,12,12,70,67,103,99,29,29,maven,True,open source,832,4856c8dd47ed9debd12a92041a49de078a763f71,improvement,11,0,0,0,0,0
165,Dragon1573_Multitask-Downloader,https://github.com/Dragon1573/Multitask-Downloader,0,0,0,0,0,0,0,0,0,0,0,0,maven,False,open source,39,e1e496ac2d7ebe0cf6f1967ad82ca73745d56248,no improvement,11,0,0,0,0,0
175,dvddhln_quarkus-reactive-hibernate-graphql-crud,https://github.com/dvddhln/quarkus-reactive-hibernate-graphql-crud,11,0,177,0,3,0,87,0,86,0,1,0,maven,True,open source,359,245ebdeed6cbdd9c550cd2692531c5c5c3cccb96,improvement,11,0,0,0,0,0
172,yagmurbkarabiyik_HRMSProject,https://github.com/yagmurbkarabiyik/HRMSProject,9,9,265,121,16,14,95,53,120,49,34,5,maven,False,open source,804,3904de0954cc21dc8a49d8110e85714aa0ad7269,improvement,11,5,1,0,0,0
198,2much2learn_article-aug31-reactive-crud-rest-api-using-spring-boot-spring-data-r2dbc,https://github.com/2much2learn/article-aug31-reactive-crud-rest-api-using-spring-boot-spring-data-r2dbc,11,9,228,185,14,11,109,87,90,73,15,14,maven,True,open source,1295,bc85ac308f3eca9b9f4a88826dbddde91f2af84a,improvement,11,0,0,0,0,0
208,qianzhou-stu_OASystem,https://github.com/qianzhou-stu/OASystem,13,3,302,73,11,2,99,30,137,27,55,14,maven,True,open source,113,98d0255b2b0f2a1b6e3e6855989a367e5431820d,improvement,11,0,0,0,0,0
210,morganzee_Selenium-Handles_Web_tables_AND_Verify_Web_links-,https://github.com/morganzee/Selenium-Handles_Web_tables_AND_Verify_Web_links-,1,0,7,0,1,0,5,0,0,0,1,0,maven,False,open source,63,4a0cad812388396e3a07ff59031230bbaaa12d27,improvement,11,0,0,0,0,0
235,liuhongdi_apiversion,https://github.com/liuhongdi/apiversion,2,0,90,0,6,0,40,0,38,0,6,0,maven,True,open source,87,fe9756269e6df5c44d87d1d099cef7fdbb373ba3,improvement,11,2,0,0,0,0
234,liuhongdi_ratelimiter,https://github.com/liuhongdi/ratelimiter,8,7,240,229,12,12,82,77,115,110,31,30,maven,True,open source,1622,7efa3c85e233cc70600fd82953423734f0f4788b,improvement,11,0,2,0,0,0
238,arjungautam1_AWS_Image_Upload,https://github.com/arjungautam1/AWS_Image_Upload,4,2,196,147,6,6,51,42,110,80,29,19,maven,True,open source,812,cdc82375471494f89c2c5c2fedb945b1782f6ed4,improvement,11,0,1,0,0,0
245,BabakBazghale_spring-boot-mongodb-graphql,https://github.com/BabakBazghale/spring-boot-mongodb-graphql,10,7,325,286,12,8,98,79,158,147,57,52,maven,False,open source,497,4c50b596b486a75eabb2bafd4cf76265518340e7,improvement,11,0,0,0,0,0
252,Andresariz88_BasicWebAppServer,https://github.com/Andresariz88/BasicWebAppServer,0,0,0,0,0,0,0,0,0,0,0,0,maven,False,open source,39,ba5f23870c43057ac47af4613509ac7246fed9e8,no improvement,11,0,0,0,0,0
265,minatisleeping_JobListing-SpringMongoDB,https://github.com/minatisleeping/JobListing-SpringMongoDB,5,5,215,111,12,10,68,52,103,44,32,5,maven,False,open source,431,04deac007100fec63d4a6a76b706cc47ef835629,improvement,11,1,4,0,0,0
309,LahiruHarshana_Connect-Four-Game-OOP,https://github.com/LahiruHarshana/Connect-Four-Game-OOP,0,0,0,0,0,0,0,0,0,0,0,0,maven,False,open source,306,6a383633509862a20f6a6cf02d90ed7542a0917d,no improvement,11,0,0,0,0,0
310,Okafor-Samuel_DatabaseFileReading,https://github.com/Okafor-Samuel/DatabaseFileReading,1,0,2,0,0,0,0,0,2,0,0,0,maven,False,open source,61,c66d93528d6c5636f2a1c7486525c1dee2b56a26,improvement,11,0,1,0,0,0
311,Okafor-Samuel_SampleServlet,https://github.com/Okafor-Samuel/SampleServlet,0,0,0,0,0,0,0,0,0,0,0,0,maven,False,open source,51,ad2fe28c2a8c09d0eed236a0db1d96240ffe245c,no improvement,11,0,0,0,0,0
329,NikolasRummel_ChatGPTBot,https://github.com/NikolasRummel/ChatGPTBot,1,0,2,0,0,0,0,0,2,0,0,0,maven,False,open source,64,707a12d7174f0b884e806bc960b598e9e002a5f9,improvement,11,0,0,0,0,0
332,gurkaybirinci_Batch171JavaAdvancedPracticeDT,https://github.com/gurkaybirinci/Batch171JavaAdvancedPracticeDT,0,0,0,0,0,0,0,0,0,0,0,0,maven,False,open source,40,9f89abb5c9d7862477018b6a99e1bf984002221d,no improvement,11,0,0,0,0,0
362,micycle1_processing-skia,https://github.com/micycle1/processing-skia,0,0,0,0,0,0,0,0,0,0,0,0,maven,False,open source,72,4e9f219233f4a34425294c91dc6887b249c2f49d,no improvement,11,0,0,0,0,0
363,michaelliao_crypto-tele-bot,https://github.com/michaelliao/crypto-tele-bot,2,0,15,0,1,0,6,0,8,0,0,0,maven,False,open source,55,5cac5072309e1f889ce0860dda3732bc5c03e95d,improvement,11,1,1,0,0,0
365,forcedotcom_CRMA-dataset-creator,https://github.com/forcedotcom/CRMA-dataset-creator,0,0,0,0,0,0,0,0,0,0,0,0,maven,False,open source,35,0576ad0a8f9ddb4a0b32a4e7414d687bbeb2583a,no improvement,11,0,0,0,0,0
375,pawelpluta_oop-kata,https://github.com/pawelpluta/oop-kata,0,0,0,0,0,0,0,0,0,0,0,0,maven,False,open source,33,9da6e22c9a4b9a7e268a5b9b84234c1746374b18,no improvement,11,0,0,0,0,0
384,raffoulRicardo_movimento-qa-2023,https://github.com/raffoulRicardo/movimento-qa-2023,5,0,106,0,9,0,41,0,51,0,5,0,maven,True,open source,106,70508b62689e7ddf2fe8534ab34fc20c1b520d8b,improvement,11,5,0,0,0,0
390,Chathupachamika_Clothify_Store-app,https://github.com/Chathupachamika/Clothify_Store-app,2,0,6,0,2,0,2,0,2,0,0,0,maven,False,open source,526,f8f2a3d4c9c32d13f6eb848103ef626b6d7d5e08,improvement,11,0,0,0,0,0
41,oldfr_authentication-server,https://github.com/oldfr/authentication-server,4,4,124,99,11,11,45,45,66,41,2,2,maven,True,open source,465,5389a12c5134cf017594b3051c7db9313c195c56,improvement,11,0,1,0,0,0
49,luisabelherrera_proyectohtml,https://github.com/luisabelherrera/proyectohtml,0,0,0,0,0,0,0,0,0,0,0,0,maven,False,open source,58,66668afa9ed74671a005eac793c65df77c6207db,no improvement,11,0,0,0,0,0
181,KavishkaSasindu_java-servlet-fundamentals,https://github.com/KavishkaSasindu/java-servlet-fundamentals,0,0,0,0,0,0,0,0,0,0,0,0,maven,False,open source,60,608378b2bf507bcb072bf293161363c255e201fe,no improvement,11,0,0,0,0,0
182,KavishkaSasindu_java-jdbc,https://github.com/KavishkaSasindu/java-jdbc,0,0,0,0,0,0,0,0,0,0,0,0,maven,False,open source,51,982337b51608946a61715efd982f0d460b517ddb,no improvement,11,0,0,0,0,0
185,KavishkaSasindu_servlet_signIn,https://github.com/KavishkaSasindu/servlet_signIn,0,0,0,0,0,0,0,0,0,0,0,0,maven,False,open source,115,5189c4109340cbb38a93aaf6ec33708655e3ecc5,no improvement,11,0,0,0,0,0
187,KavishkaSasindu_servlet-tuto-crud-1,https://github.com/KavishkaSasindu/servlet-tuto-crud-1,0,0,0,0,0,0,0,0,0,0,0,0,maven,False,open source,58,a8c0eb6402f2624cb4cbbb5d6a043d4d796a22c5,no improvement,11,0,0,0,0,0
189,KavishkaSasindu_servlet_tutorial_2,https://github.com/KavishkaSasindu/servlet_tutorial_2,0,0,0,0,0,0,0,0,0,0,0,0,maven,False,open source,80,e59ebaa9143eeb9a8004386a16773fd349519a44,no improvement,11,0,0,0,0,0
190,KavishkaSasindu_crud_servlet,https://github.com/KavishkaSasindu/crud_servlet,0,0,0,0,0,0,0,0,0,0,0,0,maven,False,open source,74,09dd3f725080146e4c4bb4e3e7a4889de68a8516,no improvement,11,0,0,0,0,0
192,KavishkaSasindu_servlet-contact-crud,https://github.com/KavishkaSasindu/servlet-contact-crud,0,0,0,0,0,0,0,0,0,0,0,0,maven,False,open source,60,a69c7df559a493e0f0cc92266aa7d2594d83047e,no improvement,11,0,0,0,0,0
197,diagrid-labs_dapr-skaffold,https://github.com/diagrid-labs/dapr-skaffold,7,0,248,0,17,0,96,0,118,0,17,0,maven,False,open source,331,12d58508b47256f49670ffd2cd386867c4b347ae,improvement,11,5,5,0,0,0
202,AnudaIsuranga_thogakadefx,https://github.com/AnudaIsuranga/thogakadefx,0,0,0,0,0,0,0,0,0,0,0,0,maven,False,open source,907,af94ac7d3bccafa4bd39de7d6a69315236e4cad1,no improvement,11,0,0,0,0,0
223,Eduardo1985S_crud-estudante,https://github.com/Eduardo1985S/crud-estudante,1,0,1,0,0,0,1,0,0,0,0,0,maven,False,open source,53,9eda8d52a0ec739f2ae7dbeb282451d77f5885af,improvement,11,0,0,0,0,0
433,devsuperior_aula-20210511,https://github.com/devsuperior/aula-20210511,4,0,118,0,8,0,52,0,49,0,9,0,maven,True,open source,91,46e9749de15a0b7881d3858f19620fd8e262604c,improvement,11,0,0,0,0,0
434,andrejs-ps_REST-Assured-Fundamentals,https://github.com/andrejs-ps/REST-Assured-Fundamentals,3,0,8,0,0,0,2,0,6,0,0,0,maven,True,open source,57,9b6597622691b3e9c13f9db7c11d3fdf52b93ea2,improvement,11,0,0,0,0,0
437,taksebe-official_voice4PremiumBot,https://github.com/taksebe-official/voice4PremiumBot,3,2,100,76,6,4,39,31,48,35,7,6,maven,False,open source,340,6b04b683c5cbaed70203df8bbc788b873a4dcada,improvement,11,1,1,0,0,0
438,morganzee_Selenium_Date_Month_Year_Picker,https://github.com/morganzee/Selenium_Date_Month_Year_Picker,1,0,7,0,1,0,5,0,0,0,1,0,maven,False,open source,51,2f520b24ceefac0a16c1a9b18410cf4dbc79a980,improvement,11,0,0,0,0,0
444,codejava-official_spring-jwt-authentication,https://github.com/codejava-official/spring-jwt-authentication,7,5,225,181,12,7,71,51,116,97,26,26,maven,False,open source,472,21cb3bd2dd824fce53f932070fb40ad66566ac65,improvement,11,2,0,0,0,0
455,danukarangith_Chat-Application,https://github.com/danukarangith/Chat-Application,0,0,0,0,0,0,0,0,0,0,0,0,maven,False,open source,256,312583191c29351b4991725472207f7ad14c69be,no improvement,11,0,0,0,0,0
471,devsuperior_bds03,https://github.com/devsuperior/bds03,8,8,269,269,13,13,97,97,124,124,35,35,maven,True,open source,782,0a26973bd68c3b2ce9411611b143d153162ab4b2,no improvement,11,0,0,0,0,0
472,sauvageb_SPRING_BOOT_cars-spring-jsp,https://github.com/sauvageb/SPRING_BOOT_cars-spring-jsp,7,1,180,1,12,0,81,0,77,1,10,0,maven,False,open source,103,a119543338404289ffd0aee8eb3776104772fb52,improvement,11,5,0,2,0,0
473,intensiongmbh_keycloak-split-login-forms,https://github.com/intensiongmbh/keycloak-split-login-forms,7,6,292,174,23,14,149,85,106,66,14,9,maven,False,open source,779,9410749e273f3fbc68753282d46a592d38c29fcf,improvement,11,3,1,0,0,0
484,rishabhs503_Hotel-Managerment-System,https://github.com/rishabhs503/Hotel-Managerment-System,30,6,2346,121,201,9,1063,69,1000,34,82,9,maven,False,open source,960,f804e9e2de4ad48ab4b037c510d2b25becbd8e50,improvement,11,73,3,3,0,0
490,furkannzmnn_async-jdbc-rollback-spring,https://github.com/furkannzmnn/async-jdbc-rollback-spring,1,2,4,21,0,4,2,7,2,9,0,1,maven,False,open source,285,dfde71807bf18277fbc5cd18b6dbf0eaabbedf73,no improvement,11,0,0,0,0,0
493,yarocher_lazylist-cve-poc,https://github.com/yarocher/lazylist-cve-poc,1,1,1,1,0,0,0,0,0,0,1,1,maven,True,open source,79,d989c70197d56ec12f94dd0c202cd0b27ddca0f5,no improvement,11,0,0,1,0,0
495,dgonzalez211_AluraConverter,https://github.com/dgonzalez211/AluraConverter,2,0,2,0,2,0,0,0,0,0,0,0,maven,False,open source,316,11cb9440f77ff0181febe947c3bcace15cd521b6,improvement,11,0,0,0,0,0
506,jitnegii_Telegram-bot,https://github.com/jitnegii/Telegram-bot,6,4,130,106,9,8,51,44,63,48,7,6,maven,False,open source,478,469fccccf88c41018c957253258c29cb988e466e,improvement,11,1,0,3,0,0
507,mhmmtbilgin_HRMS-App-JavaReactCamp,https://github.com/mhmmtbilgin/HRMS-App-JavaReactCamp,5,0,133,0,10,0,60,0,54,0,9,0,maven,False,open source,89,ccdbe70ccfffb772a3e80d4b6a91047bee93f2cf,improvement,11,4,1,0,0,0
508,devsuperior_bds01,https://github.com/devsuperior/bds01,4,0,118,0,8,0,52,0,49,0,9,0,maven,True,open source,71,498c2d23752e8dde395c6b235f27613616fdbc3a,improvement,11,4,0,0,0,0
518,morganzee_Selenium_Perform_Right_Click,https://github.com/morganzee/Selenium_Perform_Right_Click,2,0,8,0,1,0,5,0,1,0,1,0,maven,False,open source,51,3c20c3d22e1feeeb33b8ee979cd99cea216fa053,improvement,11,0,2,0,0,0
519,TechPrimers_ratelimiter-example,https://github.com/TechPrimers/ratelimiter-example,4,4,103,103,9,9,51,51,42,42,1,1,maven,True,open source,317,318d87e4998d462eebad19e8acf1cab530245eaf,no improvement,11,0,0,0,0,0
521,mohamedYoussfi_kafka-spring-cloud-stream,https://github.com/mohamedYoussfi/kafka-spring-cloud-stream,8,8,197,197,14,14,91,91,84,84,8,8,maven,True,open source,589,1252417ad1370f53255a9f29e3af562ae8e6dbdf,no improvement,11,0,0,0,0,0
523,savindaJ_connect-4-game-,https://github.com/savindaJ/connect-4-game-,0,0,0,0,0,0,0,0,0,0,0,0,maven,False,open source,264,0ea05650648d99349f4aeb480c2cfdd8c83b7a7e,no improvement,11,0,0,0,0,0
560,Lekwacious_employee-management-system,https://github.com/Lekwacious/employee-management-system,5,2,134,13,9,1,62,7,55,4,8,1,maven,False,open source,79,4ec982cb5ea061f1534419d0f30aac9cf36f9486,improvement,11,3,0,1,0,0
569,ashrawan_apache-poi-chart-sample,https://github.com/ashrawan/apache-poi-chart-sample,4,2,57,43,5,5,25,20,25,17,2,1,maven,True,open source,373,91ab300e227c2322184985ebe77db1ab5ef96370,improvement,11,0,3,0,0,0
616,bulutluoz_Team113_Selenium_spring2023,https://github.com/bulutluoz/Team113_Selenium_spring2023,2,1,42,6,4,1,26,4,9,1,3,0,maven,False,open source,64,9f3453bf9b27d84a4a4300fc2a2b19c565c0190d,improvement,11,0,0,0,0,0
630,xiangfangsong_Java_springboot_demo,https://github.com/xiangfangsong/Java_springboot_demo,5,5,137,137,8,8,59,59,61,61,9,9,maven,True,open source,794,151f5c64b8e5e8e935d13868c9b06ea23cd7dc3a,no improvement,11,0,0,0,0,0
637,hanzelkaraagac_Foor-Loop-Sorular,https://github.com/hanzelkaraagac/Foor-Loop-Sorular,0,0,0,0,0,0,0,0,0,0,0,0,maven,False,open source,34,9daef710bd84cb19555821a2f23acb8d8166b6da,no improvement,11,0,0,0,0,0
646,OguzhanKaracorlu_springbootffmpeg,https://github.com/OguzhanKaracorlu/springbootffmpeg,2,2,79,79,5,5,31,31,35,35,8,8,maven,False,open source,274,dbb665b80fa93a27ac8a2d279a61304bdf88c7cc,no improvement,11,0,0,0,0,0
655,SelimHorri_embedded-mongo-playing-with-spring-boot,https://github.com/SelimHorri/embedded-mongo-playing-with-spring-boot,5,1,133,3,9,0,59,2,56,1,9,0,maven,True,open source,135,07a8dadeabbe03e5bd165aef16480fdf0929324e,improvement,11,5,0,0,0,0
666,tatimohammed_Near-Real-Time-Weather-Data-Processing,https://github.com/tatimohammed/Near-Real-Time-Weather-Data-Processing,11,6,248,55,16,6,94,26,113,21,25,2,maven,False,open source,556,a3038e412d82d32a639e738876e43d61adb9d9af,improvement,11,3,3,1,0,0
674,awslabs_real-time-vectorization-of-streaming-data,https://github.com/awslabs/real-time-vectorization-of-streaming-data,16,3,68,12,0,0,42,6,26,6,0,0,maven,True,open source,1001,195b1e57ead7dbe8f32b1498a5030b31355052e6,improvement,11,0,12,2,0,0
679,nikoloulopalex_rbac-jwt-spring-boot,https://github.com/nikoloulopalex/rbac-jwt-spring-boot,6,6,234,234,10,10,80,80,113,113,31,31,maven,False,open source,734,4acad856ccd5ffea22638ff9c0fbb72d31795be1,no improvement,11,0,0,0,0,0
681,seanmarpo_springfox-swagger-xss,https://github.com/seanmarpo/springfox-swagger-xss,6,5,153,151,11,11,73,72,59,58,10,10,maven,False,open source,611,0c85de96ee3d896ef33ecc57491952916787790a,improvement,11,0,0,0,0,0
682,SwishSwishBish_tecmi-ecommerce-backend,https://github.com/SwishSwishBish/tecmi-ecommerce-backend,9,6,262,86,16,9,88,38,122,35,36,4,maven,False,open source,381,a7a983125c4ef99ef3ccb0660068bfa4328069e5,improvement,11,0,0,0,0,0
686,jsalonl_interceptor-springboot,https://github.com/jsalonl/interceptor-springboot,4,4,95,92,8,8,43,42,41,39,3,3,maven,True,open source,342,ca197f6aa22c128bbdcba6257a86a5ed99913057,improvement,11,0,1,0,0,0
690,creativityFactory_SwiftServe,https://github.com/creativityFactory/SwiftServe,0,0,0,0,0,0,0,0,0,0,0,0,maven,True,open source,42,6e8a4bc7f0db2b9a9b4c3e25e136fcc5c4568507,no improvement,11,0,0,0,0,0
709,PatriciAlves_microservice-email,https://github.com/PatriciAlves/microservice-email,7,0,182,0,14,0,86,0,71,0,11,0,maven,False,open source,88,5df178fafc0b19531267338b152c74f5d159dad7,improvement,11,6,1,0,0,0
738,Blooof_Mks2MqttReporter,https://github.com/Blooof/Mks2MqttReporter,1,0,1,0,0,0,0,0,1,0,0,0,maven,False,open source,39,dca66979d8511c4759b0c059e3bba88df2d125f2,improvement,11,0,0,0,0,0
740,nunoalmarques_technical-indicators,https://github.com/nunoalmarques/technical-indicators,0,0,0,0,0,0,0,0,0,0,0,0,maven,False,open source,39,ceda247643950919d335514b6b8bcadd406d2b08,no improvement,11,0,0,0,0,0
751,softwarefactory-project_keycloak-filter-provider-users,https://github.com/softwarefactory-project/keycloak-filter-provider-users,5,3,536,20,16,2,175,7,244,8,101,3,maven,False,open source,230,72fd15d115ee8b3f1cfdfaba9815b64cfe74e184,improvement,11,4,0,0,0,0
776,YeeQan_match-project,https://github.com/YeeQan/match-project,7,2,261,4,21,0,135,3,95,1,10,0,maven,False,open source,458,25495f230a697de3baa4e2bdc4d77367a3a0dd77,improvement,11,8,1,4,0,0
782,alfredorueda_ExampleBefore-lab-3.06-JPA,https://github.com/alfredorueda/ExampleBefore-lab-3.06-JPA,5,1,136,1,9,0,61,0,58,1,8,0,maven,False,open source,104,8f81f85e3ab9337843a17101d0b5a0b1777dc520,improvement,11,4,0,1,0,0
788,amuthansakthivel_OrangeHrmPlaywrightFramework,https://github.com/amuthansakthivel/OrangeHrmPlaywrightFramework,0,0,0,0,0,0,0,0,0,0,0,0,maven,True,open source,76,ea5d723e6d2363fdd2d48c06c89bfd910bfef813,no improvement,11,0,0,0,0,0
806,chamithKavinda_Mobile-Phone-Shop-Management-System,https://github.com/chamithKavinda/Mobile-Phone-Shop-Management-System,1,1,2,1,0,0,0,0,2,1,0,0,maven,False,open source,463,23b51b32ef368eb0bec5ced637988a872a36d90b,improvement,11,0,1,0,0,0
823,fatihhernn_spring-boot-ecommerce,https://github.com/fatihhernn/spring-boot-ecommerce,4,2,128,2,8,0,59,0,54,2,7,0,maven,True,open source,132,6fad5f5ed343f7611e356f1be7a51dfcacc12ba5,improvement,11,3,0,1,0,0
831,ErencanYldrm_SpringBootProject,https://github.com/ErencanYldrm/SpringBootProject,7,2,126,15,12,1,58,8,52,4,4,2,maven,False,open source,268,c757f811b81d59050e690b49411e2d683e377420,improvement,11,5,0,0,0,0
830,GSMgeeth_medium-coffeeshop-sample,https://github.com/GSMgeeth/medium-coffeeshop-sample,5,5,120,120,9,9,50,50,52,52,9,9,maven,True,open source,697,07861f456182e3319843cda51946973dbfffd306,no improvement,11,0,0,0,0,0
844,MTyson_java-chatgpt,https://github.com/MTyson/java-chatgpt,3,0,8,0,1,0,2,0,5,0,0,0,maven,False,open source,89,13f81ce39ea3aa4aa962384f71b84b2907ce4940,improvement,11,0,0,0,0,0
845,cod3rjava_spring-boot-kafka-poc,https://github.com/cod3rjava/spring-boot-kafka-poc,4,0,93,0,8,0,44,0,37,0,4,0,maven,False,open source,185,3b40cca98f0dd8e5401f3aa2535812dea3505c46,improvement,11,3,1,0,0,0
891,culyssander_gestao-de-venda-desktop,https://github.com/culyssander/gestao-de-venda-desktop,2,2,10,2,0,0,3,0,7,2,0,0,maven,False,open source,99,985360d78136dbb2391263df4f451bd2f107bed2,improvement,11,0,0,1,0,0
910,savindaJ_crudjdbc,https://github.com/savindaJ/crudjdbc,0,0,0,0,0,0,0,0,0,0,0,0,maven,False,open source,377,20d70887af4fa157e968cbd3c13276e78c794136,no improvement,11,0,0,0,0,0
930,MaleeshaMAdhushanka_MCTS-algorithm--connect-4-game,https://github.com/MaleeshaMAdhushanka/MCTS-algorithm--connect-4-game,0,0,0,0,0,0,0,0,0,0,0,0,maven,False,open source,353,f36a65897a4969001a6b23182cb85b84205edade,no improvement,11,0,0,0,0,0
950,UchithmaSenevirathne_Connect_Four_Game-OOP-,https://github.com/UchithmaSenevirathne/Connect_Four_Game-OOP-,0,0,0,0,0,0,0,0,0,0,0,0,maven,False,open source,315,9df331304e54590b0e6d7e7ac04fb12737d0a864,no improvement,11,0,0,0,0,0
955,gavinklfong_spring-mock-demo,https://github.com/gavinklfong/spring-mock-demo,11,11,300,300,18,18,139,139,124,124,19,19,maven,True,open source,1947,bd96e0c553cdc7c999f1fe10ee1f3b4db999818b,no improvement,11,0,0,0,0,0
960,gurkaybirinci_Batch171JavaAdvancedPracticeNT,https://github.com/gurkaybirinci/Batch171JavaAdvancedPracticeNT,0,0,0,0,0,0,0,0,0,0,0,0,maven,False,open source,37,ad0ded8356db44d5da365a09b2bfc3c175a5d59c,no improvement,11,0,0,0,0,0
983,U109_incremental-sync-flink-cdc,https://github.com/U109/incremental-sync-flink-cdc,13,5,471,77,38,6,215,35,193,33,25,3,maven,False,open source,235,c54a677c6ea1ae22756153e9e7f8dd71a76ceb2a,improvement,11,11,1,12,0,0
992,WuYiheng-Og_redislike,https://github.com/WuYiheng-Og/redislike,8,3,140,8,12,0,64,1,60,7,4,0,maven,False,open source,288,eb08773cba435deebbf880315327b0ecce7f7a93,improvement,11,4,0,1,0,0
1007,TheUnpunished_SpeechTool,https://github.com/TheUnpunished/SpeechTool,2,0,2,0,1,0,0,0,1,0,0,0,maven,False,open source,492,6f6a30b5b31348275b74370b8de5296a0c89aebf,improvement,11,4,1,0,0,0
1022,hanzelkaraagac_Multidimensional-Array-Sorular,https://github.com/hanzelkaraagac/Multidimensional-Array-Sorular,0,0,0,0,0,0,0,0,0,0,0,0,maven,False,open source,39,21ab2f58cd6d87f210cd9faf40b4a2dc28466ca8,no improvement,11,0,0,0,0,0
1044,Miracles666_Elasticsearch-Logger,https://github.com/Miracles666/Elasticsearch-Logger,1,1,22,19,0,0,17,14,5,5,0,0,maven,False,open source,232,c7b065259b5ec2014faf3607f2d6bf757d0a2760,improvement,11,0,0,0,0,0
1055,RexJonesII_TutorialsTestNG,https://github.com/RexJonesII/TutorialsTestNG,3,1,51,6,5,1,29,4,14,1,3,0,maven,False,open source,88,f26e1424c3e9ecb4efd427c8bbd5d98ae57fb983,improvement,11,0,0,0,0,0
1057,morganzee_Selenium-Hanlde_Alerts_AND_switch_Browsers,https://github.com/morganzee/Selenium-Hanlde_Alerts_AND_switch_Browsers,1,0,7,0,1,0,5,0,0,0,1,0,maven,False,open source,51,d6073131520e3b6bd56e144713761bf1856e26f2,improvement,11,0,0,0,0,0
1064,codejava-official_spring-jwt-authorization,https://github.com/codejava-official/spring-jwt-authorization,8,6,239,195,13,8,77,57,121,102,28,28,maven,True,open source,934,ad57c97e55d0b5af925ba40a711ea799d7d7c3a5,improvement,11,0,0,0,0,0
1067,Ladicek_cdi-extensions-demo,https://github.com/Ladicek/cdi-extensions-demo,0,0,0,0,0,0,0,0,0,0,0,0,maven,False,open source,32,3aff26e536d9e5b1a26ea19c58fad9b3c27591f9,no improvement,11,0,0,0,0,0
1098,hanzelkaraagac_While-Loop-Sorular,https://github.com/hanzelkaraagac/While-Loop-Sorular,0,0,0,0,0,0,0,0,0,0,0,0,maven,False,open source,35,7fa6626db1241b1d554435505edab4af4eb67f63,no improvement,11,0,0,0,0,0
1099,hanzelkaraagac_Do-While-Loop-Sorular,https://github.com/hanzelkaraagac/Do-While-Loop-Sorular,0,0,0,0,0,0,0,0,0,0,0,0,maven,False,open source,37,96b594fe893e3286ba153958c8812aa62233f701,no improvement,11,0,0,0,0,0
1097,edwin_keycloak-backchannel-logout,https://github.com/edwin/keycloak-backchannel-logout,7,5,254,127,12,10,117,62,107,48,18,7,maven,False,open source,353,cb05bcd4a0a653a4eac5cde0e5ec708130d8f043,improvement,11,0,0,0,0,0
1108,bayrameker_springboot-earthquake,https://github.com/bayrameker/springboot-earthquake,5,4,102,85,6,6,45,39,45,36,6,4,maven,False,open source,429,42aa81dc29983d82a106a8d5986e8bdc0735341f,improvement,11,0,0,0,0,0
166,dustinschultz_todo-app,https://github.com/dustinschultz/todo-app,5,4,174,142,10,7,74,58,77,65,13,12,maven,True,open source,900,8612f9376d1202d6d49c4eee4fbb44e2b158b8d7,improvement,11,1,0,0,0,0
219,sasmithx_connect-four-game,https://github.com/sasmithx/connect-four-game,0,0,0,0,0,0,0,0,0,0,0,0,maven,False,open source,340,857daf11b316d65650341cba22c6f3d6f1656443,no improvement,11,0,0,0,0,0
480,vagabond-systems_telstra-starter-repo,https://github.com/vagabond-systems/telstra-starter-repo,5,4,92,58,9,8,41,19,40,30,2,1,maven,False,open source,369,c15715e53a675c185aacc82fdac76bae8155a208,improvement,11,3,1,0,0,0
816,Chathupachamika_Clothify_Store-sql_quaries,https://github.com/Chathupachamika/Clothify_Store-sql_quaries,2,0,6,0,2,0,2,0,2,0,0,0,maven,False,open source,893,5b3afcece691297575efa6f5b27e70835007902d,improvement,11,0,1,1,0,0
316,yoandypv_spring-boot-rabbit-mq,https://github.com/yoandypv/spring-boot-rabbit-mq,4,0,105,0,9,0,46,0,47,0,3,0,maven,True,open source,141,20197ae9d4d521e4ba15a49cd3f5486d84c84a1b,improvement,11,4,0,0,0,0
389,Cboy220_cryptoapi,https://github.com/Cboy220/cryptoapi,7,3,62,3,8,0,27,2,27,1,0,0,maven,False,open source,173,0f8563b81878b13b0e9f32cb6e462af5ab80baf6,improvement,11,0,3,3,0,0
407,cavanosa_tutorial-spring-webflux,https://github.com/cavanosa/tutorial-spring-webflux,4,1,83,3,7,0,41,2,34,1,1,0,maven,False,open source,95,dee8c5a684bcf59a7e03d2f933b2a1e8aab1daeb,improvement,11,3,1,0,0,0
409,CrazyDevo_ApiPractice,https://github.com/CrazyDevo/ApiPractice,2,1,13,8,0,0,5,5,8,3,0,0,maven,False,open source,54,ed3fa9fc1131fe3966b2411f61a1106efbf9ce83,improvement,11,0,1,0,0,0
423,kamarbaraka_inventory_maangement_system_final,https://github.com/kamarbaraka/inventory_maangement_system_final,0,0,0,0,0,0,0,0,0,0,0,0,maven,False,open source,60,ee48a7e2c04c4d671c29482b1258b6d5cd7ed402,no improvement,11,0,0,0,0,0
525,Sandesh1998_JavaRmi,https://github.com/Sandesh1998/JavaRmi,0,0,0,0,0,0,0,0,0,0,0,0,maven,False,open source,37,c434ea38d5c221e17d93836a4c501426054719ed,no improvement,11,0,0,0,0,0
539,LakhiniVoshadee_Layered-Architecture,https://github.com/LakhiniVoshadee/Layered-Architecture,0,0,0,0,0,0,0,0,0,0,0,0,maven,False,open source,465,72fb81a63213d59d3d87d81486d41e688825c909,no improvement,11,0,0,0,0,0
553,Boburmirzo_risingwave-java-spring,https://github.com/Boburmirzo/risingwave-java-spring,6,0,146,0,13,0,58,0,65,0,10,0,maven,False,open source,105,65ffef18d4a4c325beefcd76db1c970b6a990b46,improvement,11,5,1,0,0,0
560,hejian3_py3dtiles_java,https://github.com/hejian3/py3dtiles_java,1,0,54,0,3,0,20,0,26,0,5,0,maven,False,open source,74,e7ef55d4be99905887c2978b3b83372642fa7427,improvement,11,1,0,0,0,0
563,savindaJ_chat-server,https://github.com/savindaJ/chat-server,0,0,0,0,0,0,0,0,0,0,0,0,maven,False,open source,271,7310d52fb2795f7f9189cb0bdb103106c54c3651,no improvement,11,0,0,0,0,0
618,xixixiba_kmssconflgTool,https://github.com/xixixiba/kmssconflgTool,1,0,1,0,0,0,0,0,0,0,1,0,maven,False,open source,43,39dc4f604b6cc32093e2c812ca6f715624e5c8f5,improvement,11,0,0,1,0,0
627,morganzee_SeleniumProjectScreenShot,https://github.com/morganzee/SeleniumProjectScreenShot,2,0,8,0,1,0,5,0,1,0,1,0,maven,False,open source,52,b20c312aba1129947e56f9a9a84f24efb04f9222,improvement,11,0,2,0,0,0
628,KarthikKavinA_fabric-idemix-identity-demo,https://github.com/KarthikKavinA/fabric-idemix-identity-demo,19,9,128,36,14,4,65,21,47,11,2,0,maven,True,open source,415,c063755af0bec4292850280a31e3aca48d8ef045,improvement,11,2,4,4,0,0
629,Sandesh1998_oddNumber_IOC_Spring,https://github.com/Sandesh1998/oddNumber_IOC_Spring,1,0,25,0,2,0,13,0,9,0,1,0,maven,True,open source,50,5f5f16d555eecf7a5bddc0abfd59c8270afa4ee7,improvement,11,1,0,0,0,0
633,said-ait-ouakour_smartcontact,https://github.com/said-ait-ouakour/smartcontact,10,7,190,151,17,12,82,67,79,62,12,10,maven,False,open source,612,4daa40eb5e40d5e81642be9bcadfb95dae29eb70,improvement,11,3,1,0,0,0
665,oguzhanmelihguclu_J-UnitPractice,https://github.com/oguzhanmelihguclu/J-UnitPractice,3,2,26,14,2,1,13,9,10,4,1,0,maven,True,open source,64,b1fb98a894c00a04258ee869a272a78313cfad0c,improvement,11,1,1,0,0,0
675,morganzee_Selenium_DragAndDrop,https://github.com/morganzee/Selenium_DragAndDrop,2,0,9,0,1,0,6,0,1,0,1,0,maven,False,open source,64,9f0e82ce16fd8494f96b5c5313adb5760ec0af65,improvement,11,0,2,0,0,0
692,oldfr_first_microservice,https://github.com/oldfr/first_microservice,4,1,117,19,13,3,53,9,49,7,2,0,maven,True,open source,171,da1c354a6b4e1cbc3e0d6a6b793bb18dbc0b7c1a,improvement,11,3,0,0,0,0
693,oldfr_second_microservice,https://github.com/oldfr/second_microservice,4,4,117,117,13,13,53,53,49,49,2,2,maven,True,open source,290,1420d66da2c31f694ce71432a26f9ae190aae8e6,no improvement,11,0,0,0,0,0
717,RealChAuLa_UserMicroService,https://github.com/RealChAuLa/UserMicroService,5,3,214,44,12,6,68,21,103,14,31,3,maven,False,open source,155,2d535c723b0a514b59f7016d499568777c51c20d,improvement,11,4,1,0,0,0
729,nimeshdkumarawansha_java-game,https://github.com/nimeshdkumarawansha/java-game,0,0,0,0,0,0,0,0,0,0,0,0,maven,False,open source,33,9f932142ef5a4843244c687a9f381749df36ecb2,no improvement,11,0,0,0,0,0
736,codejava-official_spring-file-download-upload-apis,https://github.com/codejava-official/spring-file-download-upload-apis,2,0,65,0,4,0,24,0,31,0,6,0,maven,False,open source,65,d6bfade230854060c82d9a75a750ab064a179a3b,improvement,11,2,0,0,0,0
766,cshezhang_Statfier,https://github.com/cshezhang/Statfier,5,2,5,2,0,0,1,1,3,0,1,1,maven,False,open source,148,a2415cbae63b73644306aeab6df48c8207737b41,improvement,11,0,2,0,0,0
6,simplyi_SocialLoginWebClient,https://github.com/simplyi/SocialLoginWebClient,5,0,175,0,11,0,78,0,72,0,14,0,maven,False,open source,130,507f35d6363de2130acbc3274c1a8846b3f616a8,improvement,11,5,0,0,0,0
10,pozil_pub-sub-api-java-client,https://github.com/pozil/pub-sub-api-java-client,6,5,23,17,5,4,9,7,9,6,0,0,maven,False,open source,390,16cf8bd13cbdf1ad0115d11ee59180b5ea3bc7d4,improvement,11,0,1,0,0,0
42,DJ-Raven_social-media-ui,https://github.com/DJ-Raven/social-media-ui,0,0,0,0,0,0,0,0,0,0,0,0,maven,False,open source,51,57688e52c16c9a09638ea2e51fb4037499f5108e,no improvement,11,0,0,0,0,0
62,DJ-Raven_login-video-background,https://github.com/DJ-Raven/login-video-background,0,0,0,0,0,0,0,0,0,0,0,0,maven,False,open source,57,9d63dba0593167529378d5d89d1af78b40bf822e,no improvement,11,0,0,0,0,0
54,wesleyosantos91_poc-springboot-observability-old,https://github.com/wesleyosantos91/poc-springboot-observability-old,7,5,181,48,13,9,82,19,74,17,12,3,maven,False,open source,429,5965551b2b71e3000d5c0a911aff003ec4694d9a,improvement,11,5,0,0,0,0
79,egryaznov_sokoban-solver,https://github.com/egryaznov/sokoban-solver,1,0,1,0,0,0,1,0,0,0,0,0,maven,False,open source,67,4a2b82fffafe388a525c58dc6294afae2b27b8d6,improvement,11,0,0,0,0,0
192,cescoffier_getting-started-quarkus-kafka,https://github.com/cescoffier/getting-started-quarkus-kafka,4,0,99,0,1,0,47,0,48,0,3,0,maven,False,open source,187,fccabd52590dc8e12ca8b6fb97818fc68a9e7f39,improvement,11,4,0,0,0,0
198,smadil997_spring-netty-socketio-seed,https://github.com/smadil997/spring-netty-socketio-seed,5,1,172,7,9,0,58,2,80,4,25,1,maven,True,open source,144,9d4eb38820af5820ec78e5b4097c4d46b7084dd3,improvement,11,5,0,0,0,0
202,Kavithma-Thushal_connect-four-assignment,https://github.com/Kavithma-Thushal/connect-four-assignment,0,0,0,0,0,0,0,0,0,0,0,0,maven,False,open source,370,f279f86c0bc30f311261ab63643233f01af65fc1,no improvement,11,0,0,0,0,0
81,atillakalay_quest-appBackend,https://github.com/atillakalay/quest-appBackend,6,2,115,2,10,0,49,1,51,1,5,0,maven,False,open source,106,6927d843b6f59a8e273c1dfe098a2217fe9e9f1d,improvement,11,5,0,1,0,0
120,after-the-sunrise_ftx4j,https://github.com/after-the-sunrise/ftx4j,2,0,4,0,0,0,2,0,0,0,2,0,maven,False,open source,95,acd4e28339b520db50db15e17df53fc2d2da0061,improvement,11,0,2,1,0,0
165,bluvolve-dev_reactive-course-service,https://github.com/bluvolve-dev/reactive-course-service,9,8,268,63,15,13,124,24,111,23,18,3,maven,True,open source,644,044c45837d30e2bd9cdc5819a9ee1f32b8a03ddf,improvement,11,8,0,0,0,0
170,LinkinW92_trace-agent,https://github.com/LinkinW92/trace-agent,3,1,92,37,6,4,38,15,41,16,7,2,maven,False,open source,406,d72d6f9a8c3fec8ca34112618a6f79a146d657e2,improvement,11,2,1,0,0,0
188,devsuperior_bds05,https://github.com/devsuperior/bds05,7,7,265,265,12,12,97,97,122,122,34,34,maven,False,open source,936,789913aacc4461b1d7ba42301205fa4d5f40581d,no improvement,11,0,0,0,0,0
222,francoiducat_springboot-minimal-graphql-client,https://github.com/francoiducat/springboot-minimal-graphql-client,4,0,156,0,9,0,68,0,68,0,11,0,maven,True,open source,129,7be8026e3771e00b4c093e8541b23bfe1b7f6825,improvement,11,4,0,0,0,0
71,nimeshdkumarawansha_Employee-Management,https://github.com/nimeshdkumarawansha/Employee-Management,3,1,16,1,0,0,2,0,14,1,0,0,maven,False,open source,296,32915ac57b206ca9e0f025c34e0ded685635cde3,improvement,11,0,2,1,0,0
86,laidani_AWS-Lambda-ChatGPT,https://github.com/laidani/AWS-Lambda-ChatGPT,2,1,12,8,1,0,3,2,8,6,0,0,maven,False,open source,129,6b1a1abfe227fbb21ef6df7012c59e49986926e0,improvement,11,0,1,0,0,0
87,abhisheksingh5040_resumebuilderproject,https://github.com/abhisheksingh5040/resumebuilderproject,8,5,149,61,12,10,65,26,66,22,6,3,maven,False,open source,764,aec83b70cb55719d7624b5499956f4933edc9120,improvement,11,5,3,0,0,0
94,kamarbaraka_jakartaEE-demo,https://github.com/kamarbaraka/jakartaEE-demo,1,0,1,0,0,0,0,0,1,0,0,0,maven,False,open source,106,1f6011d0257905f79eb8d8366346818c9d123ce7,improvement,11,0,0,1,0,0
90,muharremkoc_spring-boot-new-jwt-auth,https://github.com/muharremkoc/spring-boot-new-jwt-auth,8,8,228,225,13,13,79,78,109,107,27,27,maven,False,open source,1308,f6e856566ccc17aa5f63f5252cfbe3233bd7dba4,improvement,11,0,1,0,0,0
105,oldfr_eureka_service_registry,https://github.com/oldfr/eureka_service_registry,2,2,80,80,8,8,36,36,34,34,2,2,maven,True,open source,378,ad92461ac623c63c90fa93702fdf4f984429c7ce,no improvement,11,0,0,0,0,0
120,ashanravindu2_Connect-four-game,https://github.com/ashanravindu2/Connect-four-game,0,0,0,0,0,0,0,0,0,0,0,0,maven,False,open source,2226,cb09552cea6fd1bc16edc32ef16fcea7be156f4f,no improvement,11,0,0,0,0,0
129,KavishkaSasindu_course-management-system-servlet,https://github.com/KavishkaSasindu/course-management-system-servlet,0,0,0,0,0,0,0,0,0,0,0,0,maven,False,open source,146,7ae6fcad82c6dd3754b450d7d2af2d780651b973,no improvement,11,0,0,0,0,0
132,naveenanimation20_Dec2023SeleniumSessions,https://github.com/naveenanimation20/Dec2023SeleniumSessions,1,0,4,0,1,0,2,0,1,0,0,0,maven,False,open source,157,9bea23423b82245623d073b24e1848a74aa5b778,improvement,11,0,1,0,0,0
119,ashanravindu2_Project_Nuture_Care,https://github.com/ashanravindu2/Project_Nuture_Care,2,0,3,0,1,0,0,0,2,0,0,0,maven,False,open source,3560,e915de44b4df4b666e2bf1eac984937628564c8e,improvement,11,1,1,0,0,0
143,deeptesh-rout_SeleniumJava,https://github.com/deeptesh-rout/SeleniumJava,0,0,0,0,0,0,0,0,0,0,0,0,maven,False,open source,1435,20d3578ce91dc116492988d7be658aefb0fad414,no improvement,11,0,0,0,0,0
181,abarrac_mcp-selenium,https://github.com/abarrac/mcp-selenium,1,1,6,6,1,1,4,4,1,1,0,0,maven,False,open source,172,2fa7e6832d683d4b9e7589d5df95ac63d4830b41,no improvement,11,0,0,0,0,0
186,ashenmliyanage_Face_Recognition_java,https://github.com/ashenmliyanage/Face_Recognition_java,0,0,0,0,0,0,0,0,0,0,0,0,maven,False,open source,525,e426c7db84eebc793d1bfcaf6968aad25630730e,no improvement,11,0,0,0,0,0
193,chamithKavinda_Serialization_Deserialization_Process,https://github.com/chamithKavinda/Serialization_Deserialization_Process,1,0,1,0,0,0,0,0,1,0,0,0,maven,False,open source,218,511bab9720e088acdecd3d5f583236f4b1b95a85,improvement,11,0,1,0,0,0
183,ashenmliyanage_Project_Nuture_Care,https://github.com/ashenmliyanage/Project_Nuture_Care,2,0,3,0,1,0,0,0,2,0,0,0,maven,False,open source,3120,4adc4b8d9d7feffd2458dfd9e2549e235260d541,improvement,11,1,1,0,0,0
284,ashenmliyanage_Face_Match,https://github.com/ashenmliyanage/Face_Match,0,0,0,0,0,0,0,0,0,0,0,0,maven,False,open source,314,c412a7c0d4a322bf8d2daaa09f0241211c15ec9f,no improvement,11,0,0,0,0,0
282,Cdiscount_solr-autocomplete,https://github.com/Cdiscount/solr-autocomplete,2,2,114,52,14,2,48,26,40,22,12,2,maven,True,open source,1304,78f05dcb21c8db71d77dad9b3ee5f4092005e623,improvement,11,0,0,2,0,0
285,cctyl_decrypt-wechat-dat-img,https://github.com/cctyl/decrypt-wechat-dat-img,1,0,1,0,0,0,0,0,1,0,0,0,maven,False,open source,1476,392bd3046482ae1734e2333389d3cb8637617004,improvement,11,0,0,1,0,0
301,smartup-tech_Time-Tracker,https://github.com/smartup-tech/Time-Tracker,10,9,199,67,18,15,93,30,77,18,11,4,maven,True,open source,1369,212b7a8118f70ac044210996e1a7fe27a8396735,improvement,11,8,0,0,0,0
336,ashenmliyanage_Sanke_Game,https://github.com/ashenmliyanage/Sanke_Game,0,0,0,0,0,0,0,0,0,0,0,0,maven,False,open source,92,a238e9bbbbf8a9a86f38c9e22cf186582951588e,no improvement,11,0,0,0,0,0
345,Jivkomg_dto-validation-demo,https://github.com/Jivkomg/dto-validation-demo,5,0,90,0,11,0,40,0,37,0,2,0,maven,True,open source,318,c8b42a051b01029a9e587c5f7394eb063e6d54c4,improvement,11,4,1,0,0,0
332,momir96_Web-Shop-Moxilla,https://github.com/momir96/Web-Shop-Moxilla,13,12,360,108,21,22,166,37,139,35,34,14,maven,True,open source,1186,1f2b81b3ac34c50a7126655fb5e5e4ba772e45e1,improvement,11,10,0,1,1,0
354,duduskz_CatPixelLobby,https://github.com/duduskz/CatPixelLobby,0,0,0,0,0,0,0,0,0,0,0,0,maven,False,open source,91,3ca0ce6b757cc46621f3da7673c924cd43896aa9,no improvement,11,0,0,0,0,0
371,jramdom2710_Calculadora,https://github.com/jramdom2710/Calculadora,0,0,0,0,0,0,0,0,0,0,0,0,maven,False,open source,1975,7d205a48ad95895fd9038d38899e0500f90d8ade,no improvement,11,0,0,0,0,0
375,oguzhanmelihguclu_TestNGPractice,https://github.com/oguzhanmelihguclu/TestNGPractice,3,1,11,8,0,0,7,5,4,3,0,0,maven,False,open source,387,1043cc4a0505f75fb5c3e24ec03b0e49f4434b96,improvement,11,1,1,0,0,0
390,hangga_WhoFaster,https://github.com/hangga/WhoFaster,0,0,0,0,0,0,0,0,0,0,0,0,maven,False,open source,146,9e06e9014cf2227368f89f13aea703f3d7645b53,no improvement,11,0,0,0,0,0
372,caua-3301_credit-appraiser,https://github.com/caua-3301/credit-appraiser,15,3,970,166,74,19,381,71,443,69,72,7,maven,False,open source,3445,ccfb99b043b0503ac5f98cf8b36e34d35dba92f9,improvement,11,25,1,0,0,0
402,akoserwal_tinyspring,https://github.com/akoserwal/tinyspring,0,0,0,0,0,0,0,0,0,0,0,0,maven,False,open source,44,6d5f7249b987f9b7b6c77b23cd760100e59de499,no improvement,11,0,0,0,0,0
