[INFO] Scanning for projects...
[INFO] 
[INFO] ---------------------------< codeit:gatcha >----------------------------
[INFO] Building gatcha 0.0.1-SNAPSHOT
[INFO] --------------------------------[ jar ]---------------------------------
[INFO] 
[INFO] --- maven-clean-plugin:3.1.0:clean (default-clean) @ gatcha ---
[INFO] Deleting /app/target
[INFO] 
[INFO] --- jacoco-maven-plugin:0.8.11:prepare-agent (default) @ gatcha ---
[INFO] argLine set to -javaagent:/root/.m2/repository/org/jacoco/org.jacoco.agent/0.8.11/org.jacoco.agent-0.8.11-runtime.jar=destfile=/app/target/jacoco.exec
[INFO] 
[INFO] --- maven-resources-plugin:3.2.0:resources (default-resources) @ gatcha ---
[INFO] Using 'UTF-8' encoding to copy filtered resources.
[INFO] Using 'UTF-8' encoding to copy filtered properties files.
[INFO] Copying 3 resources
[INFO] Copying 0 resource
[INFO] 
[INFO] --- maven-compiler-plugin:3.8.1:compile (default-compile) @ gatcha ---
[INFO] Changes detected - recompiling the module!
[INFO] Compiling 71 source files to /app/target/classes
[INFO] /app/src/main/java/codeit/gatcha/api/security/config/SecurityConfig.java: /app/src/main/java/codeit/gatcha/api/security/config/SecurityConfig.java uses or overrides a deprecated API.
[INFO] /app/src/main/java/codeit/gatcha/api/security/config/SecurityConfig.java: Recompile with -Xlint:deprecation for details.
[INFO] 
[INFO] --- build-helper-maven-plugin:3.3.0:add-test-source (add-kex-test-source) @ gatcha ---
[INFO] Test Source directory: /app/src/test/java/kex-tests added.
[INFO] 
[INFO] --- maven-resources-plugin:3.2.0:testResources (default-testResources) @ gatcha ---
[INFO] Using 'UTF-8' encoding to copy filtered resources.
[INFO] Using 'UTF-8' encoding to copy filtered properties files.
[INFO] skip non existing resourceDirectory /app/src/test/resources
[INFO] 
[INFO] --- maven-compiler-plugin:3.8.1:testCompile (default-testCompile) @ gatcha ---
[INFO] Changes detected - recompiling the module!
[INFO] Compiling 517 source files to /app/target/test-classes
[WARNING] /app/src/test/java/kex-tests/tests/codeit/gatcha/domain/publication/entity/ReflectionUtils.java:[9,16] sun.misc.Unsafe is internal proprietary API and may be removed in a future release
[WARNING] /app/src/test/java/kex-tests/tests/codeit/gatcha/domain/user/entity/ReflectionUtils.java:[9,16] sun.misc.Unsafe is internal proprietary API and may be removed in a future release
[WARNING] /app/src/test/java/kex-tests/tests/codeit/gatcha/domain/user/service/signUp/ReflectionUtils.java:[9,16] sun.misc.Unsafe is internal proprietary API and may be removed in a future release
[WARNING] /app/src/test/java/kex-tests/tests/codeit/gatcha/api/security/entity/ReflectionUtils.java:[9,16] sun.misc.Unsafe is internal proprietary API and may be removed in a future release
[WARNING] /app/src/test/java/kex-tests/tests/codeit/gatcha/domain/user/DTO/ReflectionUtils.java:[9,16] sun.misc.Unsafe is internal proprietary API and may be removed in a future release
[WARNING] /app/src/test/java/kex-tests/tests/codeit/gatcha/api/controller/ReflectionUtils.java:[9,16] sun.misc.Unsafe is internal proprietary API and may be removed in a future release
[WARNING] /app/src/test/java/kex-tests/tests/codeit/gatcha/api/response/ReflectionUtils.java:[9,16] sun.misc.Unsafe is internal proprietary API and may be removed in a future release
[WARNING] /app/src/test/java/kex-tests/tests/codeit/gatcha/api/errorhandler/ReflectionUtils.java:[9,16] sun.misc.Unsafe is internal proprietary API and may be removed in a future release
[WARNING] /app/src/test/java/kex-tests/tests/codeit/gatcha/domain/answer/entity/ReflectionUtils.java:[9,16] sun.misc.Unsafe is internal proprietary API and may be removed in a future release
[WARNING] /app/src/test/java/kex-tests/tests/codeit/gatcha/api/DTO/Publication/ReflectionUtils.java:[9,16] sun.misc.Unsafe is internal proprietary API and may be removed in a future release
[WARNING] /app/src/test/java/kex-tests/tests/codeit/gatcha/domain/question/entity/ReflectionUtils.java:[9,16] sun.misc.Unsafe is internal proprietary API and may be removed in a future release
[WARNING] /app/src/test/java/kex-tests/tests/codeit/gatcha/api/DTO/question/outputDTO/ReflectionUtils.java:[9,16] sun.misc.Unsafe is internal proprietary API and may be removed in a future release
[WARNING] /app/src/test/java/kex-tests/tests/codeit/gatcha/api/security/dto/ReflectionUtils.java:[9,16] sun.misc.Unsafe is internal proprietary API and may be removed in a future release
[WARNING] /app/src/test/java/kex-tests/tests/codeit/gatcha/api/DTO/question/inputDTO/ReflectionUtils.java:[9,16] sun.misc.Unsafe is internal proprietary API and may be removed in a future release
[WARNING] /app/src/test/java/kex-tests/tests/codeit/gatcha/api/security/service/ReflectionUtils.java:[9,16] sun.misc.Unsafe is internal proprietary API and may be removed in a future release
[WARNING] /app/src/test/java/kex-tests/tests/codeit/gatcha/api/security/controller/ReflectionUtils.java:[9,16] sun.misc.Unsafe is internal proprietary API and may be removed in a future release
[WARNING] /app/src/test/java/kex-tests/tests/codeit/gatcha/api/service/question/ReflectionUtils.java:[9,16] sun.misc.Unsafe is internal proprietary API and may be removed in a future release
[WARNING] /app/src/test/java/kex-tests/tests/codeit/gatcha/domain/question/service/ReflectionUtils.java:[9,16] sun.misc.Unsafe is internal proprietary API and may be removed in a future release
[WARNING] /app/src/test/java/kex-tests/tests/codeit/gatcha/domain/answer/service/ReflectionUtils.java:[9,16] sun.misc.Unsafe is internal proprietary API and may be removed in a future release
[WARNING] /app/src/test/java/kex-tests/tests/codeit/gatcha/common/user/service/ReflectionUtils.java:[9,16] sun.misc.Unsafe is internal proprietary API and may be removed in a future release
[WARNING] /app/src/test/java/kex-tests/tests/codeit/gatcha/api/swagger/ReflectionUtils.java:[9,16] sun.misc.Unsafe is internal proprietary API and may be removed in a future release
[WARNING] /app/src/test/java/kex-tests/tests/codeit/gatcha/ReflectionUtils.java:[9,16] sun.misc.Unsafe is internal proprietary API and may be removed in a future release
[WARNING] /app/src/test/java/kex-tests/tests/codeit/gatcha/domain/publication/entity/ReflectionUtils.java:[9,16] sun.misc.Unsafe is internal proprietary API and may be removed in a future release
[WARNING] /app/src/test/java/kex-tests/tests/codeit/gatcha/domain/user/entity/ReflectionUtils.java:[9,16] sun.misc.Unsafe is internal proprietary API and may be removed in a future release
[WARNING] /app/src/test/java/kex-tests/tests/codeit/gatcha/domain/user/service/signUp/ReflectionUtils.java:[9,16] sun.misc.Unsafe is internal proprietary API and may be removed in a future release
[WARNING] /app/src/test/java/kex-tests/tests/codeit/gatcha/api/security/entity/ReflectionUtils.java:[9,16] sun.misc.Unsafe is internal proprietary API and may be removed in a future release
[WARNING] /app/src/test/java/kex-tests/tests/codeit/gatcha/domain/user/DTO/ReflectionUtils.java:[9,16] sun.misc.Unsafe is internal proprietary API and may be removed in a future release
[WARNING] /app/src/test/java/kex-tests/tests/codeit/gatcha/api/controller/ReflectionUtils.java:[9,16] sun.misc.Unsafe is internal proprietary API and may be removed in a future release
[WARNING] /app/src/test/java/kex-tests/tests/codeit/gatcha/api/response/ReflectionUtils.java:[9,16] sun.misc.Unsafe is internal proprietary API and may be removed in a future release
[WARNING] /app/src/test/java/kex-tests/tests/codeit/gatcha/api/errorhandler/ReflectionUtils.java:[9,16] sun.misc.Unsafe is internal proprietary API and may be removed in a future release
[WARNING] /app/src/test/java/kex-tests/tests/codeit/gatcha/domain/answer/entity/ReflectionUtils.java:[9,16] sun.misc.Unsafe is internal proprietary API and may be removed in a future release
[WARNING] /app/src/test/java/kex-tests/tests/codeit/gatcha/api/DTO/Publication/ReflectionUtils.java:[9,16] sun.misc.Unsafe is internal proprietary API and may be removed in a future release
[WARNING] /app/src/test/java/kex-tests/tests/codeit/gatcha/domain/question/entity/ReflectionUtils.java:[9,16] sun.misc.Unsafe is internal proprietary API and may be removed in a future release
[WARNING] /app/src/test/java/kex-tests/tests/codeit/gatcha/api/DTO/question/outputDTO/ReflectionUtils.java:[9,16] sun.misc.Unsafe is internal proprietary API and may be removed in a future release
[WARNING] /app/src/test/java/kex-tests/tests/codeit/gatcha/api/security/dto/ReflectionUtils.java:[9,16] sun.misc.Unsafe is internal proprietary API and may be removed in a future release
[WARNING] /app/src/test/java/kex-tests/tests/codeit/gatcha/api/DTO/question/inputDTO/ReflectionUtils.java:[9,16] sun.misc.Unsafe is internal proprietary API and may be removed in a future release
[WARNING] /app/src/test/java/kex-tests/tests/codeit/gatcha/api/security/service/ReflectionUtils.java:[9,16] sun.misc.Unsafe is internal proprietary API and may be removed in a future release
[WARNING] /app/src/test/java/kex-tests/tests/codeit/gatcha/api/security/controller/ReflectionUtils.java:[9,16] sun.misc.Unsafe is internal proprietary API and may be removed in a future release
[WARNING] /app/src/test/java/kex-tests/tests/codeit/gatcha/api/service/question/ReflectionUtils.java:[9,16] sun.misc.Unsafe is internal proprietary API and may be removed in a future release
[WARNING] /app/src/test/java/kex-tests/tests/codeit/gatcha/domain/question/service/ReflectionUtils.java:[9,16] sun.misc.Unsafe is internal proprietary API and may be removed in a future release
[WARNING] /app/src/test/java/kex-tests/tests/codeit/gatcha/domain/answer/service/ReflectionUtils.java:[9,16] sun.misc.Unsafe is internal proprietary API and may be removed in a future release
[WARNING] /app/src/test/java/kex-tests/tests/codeit/gatcha/common/user/service/ReflectionUtils.java:[9,16] sun.misc.Unsafe is internal proprietary API and may be removed in a future release
[WARNING] /app/src/test/java/kex-tests/tests/codeit/gatcha/api/swagger/ReflectionUtils.java:[9,16] sun.misc.Unsafe is internal proprietary API and may be removed in a future release
[WARNING] /app/src/test/java/kex-tests/tests/codeit/gatcha/ReflectionUtils.java:[9,16] sun.misc.Unsafe is internal proprietary API and may be removed in a future release
[WARNING] /app/src/test/java/kex-tests/tests/codeit/gatcha/domain/publication/entity/ReflectionUtils.java:[9,16] sun.misc.Unsafe is internal proprietary API and may be removed in a future release
[WARNING] /app/src/test/java/kex-tests/tests/codeit/gatcha/domain/user/entity/ReflectionUtils.java:[9,16] sun.misc.Unsafe is internal proprietary API and may be removed in a future release
[WARNING] /app/src/test/java/kex-tests/tests/codeit/gatcha/domain/user/service/signUp/ReflectionUtils.java:[9,16] sun.misc.Unsafe is internal proprietary API and may be removed in a future release
[WARNING] /app/src/test/java/kex-tests/tests/codeit/gatcha/api/security/entity/ReflectionUtils.java:[9,16] sun.misc.Unsafe is internal proprietary API and may be removed in a future release
[WARNING] /app/src/test/java/kex-tests/tests/codeit/gatcha/domain/user/DTO/ReflectionUtils.java:[9,16] sun.misc.Unsafe is internal proprietary API and may be removed in a future release
[WARNING] /app/src/test/java/kex-tests/tests/codeit/gatcha/api/controller/ReflectionUtils.java:[9,16] sun.misc.Unsafe is internal proprietary API and may be removed in a future release
[WARNING] /app/src/test/java/kex-tests/tests/codeit/gatcha/api/response/ReflectionUtils.java:[9,16] sun.misc.Unsafe is internal proprietary API and may be removed in a future release
[WARNING] /app/src/test/java/kex-tests/tests/codeit/gatcha/api/errorhandler/ReflectionUtils.java:[9,16] sun.misc.Unsafe is internal proprietary API and may be removed in a future release
[WARNING] /app/src/test/java/kex-tests/tests/codeit/gatcha/domain/answer/entity/ReflectionUtils.java:[9,16] sun.misc.Unsafe is internal proprietary API and may be removed in a future release
[WARNING] /app/src/test/java/kex-tests/tests/codeit/gatcha/api/DTO/Publication/ReflectionUtils.java:[9,16] sun.misc.Unsafe is internal proprietary API and may be removed in a future release
[WARNING] /app/src/test/java/kex-tests/tests/codeit/gatcha/domain/question/entity/ReflectionUtils.java:[9,16] sun.misc.Unsafe is internal proprietary API and may be removed in a future release
[WARNING] /app/src/test/java/kex-tests/tests/codeit/gatcha/api/DTO/question/outputDTO/ReflectionUtils.java:[9,16] sun.misc.Unsafe is internal proprietary API and may be removed in a future release
[WARNING] /app/src/test/java/kex-tests/tests/codeit/gatcha/api/security/dto/ReflectionUtils.java:[9,16] sun.misc.Unsafe is internal proprietary API and may be removed in a future release
[WARNING] /app/src/test/java/kex-tests/tests/codeit/gatcha/api/DTO/question/inputDTO/ReflectionUtils.java:[9,16] sun.misc.Unsafe is internal proprietary API and may be removed in a future release
[WARNING] /app/src/test/java/kex-tests/tests/codeit/gatcha/api/security/service/ReflectionUtils.java:[9,16] sun.misc.Unsafe is internal proprietary API and may be removed in a future release
[WARNING] /app/src/test/java/kex-tests/tests/codeit/gatcha/api/security/controller/ReflectionUtils.java:[9,16] sun.misc.Unsafe is internal proprietary API and may be removed in a future release
[WARNING] /app/src/test/java/kex-tests/tests/codeit/gatcha/api/service/question/ReflectionUtils.java:[9,16] sun.misc.Unsafe is internal proprietary API and may be removed in a future release
[WARNING] /app/src/test/java/kex-tests/tests/codeit/gatcha/domain/question/service/ReflectionUtils.java:[9,16] sun.misc.Unsafe is internal proprietary API and may be removed in a future release
[WARNING] /app/src/test/java/kex-tests/tests/codeit/gatcha/domain/answer/service/ReflectionUtils.java:[9,16] sun.misc.Unsafe is internal proprietary API and may be removed in a future release
[WARNING] /app/src/test/java/kex-tests/tests/codeit/gatcha/common/user/service/ReflectionUtils.java:[9,16] sun.misc.Unsafe is internal proprietary API and may be removed in a future release
[WARNING] /app/src/test/java/kex-tests/tests/codeit/gatcha/api/swagger/ReflectionUtils.java:[9,16] sun.misc.Unsafe is internal proprietary API and may be removed in a future release
[WARNING] /app/src/test/java/kex-tests/tests/codeit/gatcha/ReflectionUtils.java:[9,16] sun.misc.Unsafe is internal proprietary API and may be removed in a future release
[WARNING] /app/src/test/java/kex-tests/tests/codeit/gatcha/domain/publication/entity/ReflectionUtils.java:[9,16] sun.misc.Unsafe is internal proprietary API and may be removed in a future release
[WARNING] /app/src/test/java/kex-tests/tests/codeit/gatcha/domain/user/entity/ReflectionUtils.java:[9,16] sun.misc.Unsafe is internal proprietary API and may be removed in a future release
[WARNING] /app/src/test/java/kex-tests/tests/codeit/gatcha/domain/user/service/signUp/ReflectionUtils.java:[9,16] sun.misc.Unsafe is internal proprietary API and may be removed in a future release
[WARNING] /app/src/test/java/kex-tests/tests/codeit/gatcha/api/security/entity/ReflectionUtils.java:[9,16] sun.misc.Unsafe is internal proprietary API and may be removed in a future release
[WARNING] /app/src/test/java/kex-tests/tests/codeit/gatcha/domain/user/DTO/ReflectionUtils.java:[9,16] sun.misc.Unsafe is internal proprietary API and may be removed in a future release
[WARNING] /app/src/test/java/kex-tests/tests/codeit/gatcha/api/controller/ReflectionUtils.java:[9,16] sun.misc.Unsafe is internal proprietary API and may be removed in a future release
[WARNING] /app/src/test/java/kex-tests/tests/codeit/gatcha/api/response/ReflectionUtils.java:[9,16] sun.misc.Unsafe is internal proprietary API and may be removed in a future release
[WARNING] /app/src/test/java/kex-tests/tests/codeit/gatcha/api/errorhandler/ReflectionUtils.java:[9,16] sun.misc.Unsafe is internal proprietary API and may be removed in a future release
[WARNING] /app/src/test/java/kex-tests/tests/codeit/gatcha/domain/answer/entity/ReflectionUtils.java:[9,16] sun.misc.Unsafe is internal proprietary API and may be removed in a future release
[WARNING] /app/src/test/java/kex-tests/tests/codeit/gatcha/api/DTO/Publication/ReflectionUtils.java:[9,16] sun.misc.Unsafe is internal proprietary API and may be removed in a future release
[WARNING] /app/src/test/java/kex-tests/tests/codeit/gatcha/domain/question/entity/ReflectionUtils.java:[9,16] sun.misc.Unsafe is internal proprietary API and may be removed in a future release
[WARNING] /app/src/test/java/kex-tests/tests/codeit/gatcha/api/DTO/question/outputDTO/ReflectionUtils.java:[9,16] sun.misc.Unsafe is internal proprietary API and may be removed in a future release
[WARNING] /app/src/test/java/kex-tests/tests/codeit/gatcha/api/security/dto/ReflectionUtils.java:[9,16] sun.misc.Unsafe is internal proprietary API and may be removed in a future release
[WARNING] /app/src/test/java/kex-tests/tests/codeit/gatcha/api/DTO/question/inputDTO/ReflectionUtils.java:[9,16] sun.misc.Unsafe is internal proprietary API and may be removed in a future release
[WARNING] /app/src/test/java/kex-tests/tests/codeit/gatcha/api/security/service/ReflectionUtils.java:[9,16] sun.misc.Unsafe is internal proprietary API and may be removed in a future release
[WARNING] /app/src/test/java/kex-tests/tests/codeit/gatcha/api/security/controller/ReflectionUtils.java:[9,16] sun.misc.Unsafe is internal proprietary API and may be removed in a future release
[WARNING] /app/src/test/java/kex-tests/tests/codeit/gatcha/api/service/question/ReflectionUtils.java:[9,16] sun.misc.Unsafe is internal proprietary API and may be removed in a future release
[WARNING] /app/src/test/java/kex-tests/tests/codeit/gatcha/domain/question/service/ReflectionUtils.java:[9,16] sun.misc.Unsafe is internal proprietary API and may be removed in a future release
[WARNING] /app/src/test/java/kex-tests/tests/codeit/gatcha/domain/answer/service/ReflectionUtils.java:[9,16] sun.misc.Unsafe is internal proprietary API and may be removed in a future release
[WARNING] /app/src/test/java/kex-tests/tests/codeit/gatcha/common/user/service/ReflectionUtils.java:[9,16] sun.misc.Unsafe is internal proprietary API and may be removed in a future release
[WARNING] /app/src/test/java/kex-tests/tests/codeit/gatcha/api/swagger/ReflectionUtils.java:[9,16] sun.misc.Unsafe is internal proprietary API and may be removed in a future release
[WARNING] /app/src/test/java/kex-tests/tests/codeit/gatcha/ReflectionUtils.java:[9,16] sun.misc.Unsafe is internal proprietary API and may be removed in a future release
[WARNING] /app/src/test/java/kex-tests/tests/codeit/gatcha/domain/publication/entity/ReflectionUtils.java:[9,16] sun.misc.Unsafe is internal proprietary API and may be removed in a future release
[WARNING] /app/src/test/java/kex-tests/tests/codeit/gatcha/domain/user/entity/ReflectionUtils.java:[9,16] sun.misc.Unsafe is internal proprietary API and may be removed in a future release
[WARNING] /app/src/test/java/kex-tests/tests/codeit/gatcha/domain/user/service/signUp/ReflectionUtils.java:[9,16] sun.misc.Unsafe is internal proprietary API and may be removed in a future release
[WARNING] /app/src/test/java/kex-tests/tests/codeit/gatcha/api/security/entity/ReflectionUtils.java:[9,16] sun.misc.Unsafe is internal proprietary API and may be removed in a future release
[WARNING] /app/src/test/java/kex-tests/tests/codeit/gatcha/domain/user/DTO/ReflectionUtils.java:[9,16] sun.misc.Unsafe is internal proprietary API and may be removed in a future release
[WARNING] /app/src/test/java/kex-tests/tests/codeit/gatcha/api/controller/ReflectionUtils.java:[9,16] sun.misc.Unsafe is internal proprietary API and may be removed in a future release
[WARNING] /app/src/test/java/kex-tests/tests/codeit/gatcha/api/response/ReflectionUtils.java:[9,16] sun.misc.Unsafe is internal proprietary API and may be removed in a future release
[WARNING] /app/src/test/java/kex-tests/tests/codeit/gatcha/api/errorhandler/ReflectionUtils.java:[9,16] sun.misc.Unsafe is internal proprietary API and may be removed in a future release
[WARNING] /app/src/test/java/kex-tests/tests/codeit/gatcha/domain/answer/entity/ReflectionUtils.java:[9,16] sun.misc.Unsafe is internal proprietary API and may be removed in a future release
[WARNING] /app/src/test/java/kex-tests/tests/codeit/gatcha/api/DTO/Publication/ReflectionUtils.java:[9,16] sun.misc.Unsafe is internal proprietary API and may be removed in a future release
[WARNING] /app/src/test/java/kex-tests/tests/codeit/gatcha/domain/question/entity/ReflectionUtils.java:[9,16] sun.misc.Unsafe is internal proprietary API and may be removed in a future release
[WARNING] /app/src/test/java/kex-tests/tests/codeit/gatcha/api/DTO/question/outputDTO/ReflectionUtils.java:[9,16] sun.misc.Unsafe is internal proprietary API and may be removed in a future release
[INFO] /app/src/test/java/kex-tests/tests/codeit/gatcha/domain/publication/entity/Publication_init_118280713217.java: Some input files use or override a deprecated API.
[INFO] /app/src/test/java/kex-tests/tests/codeit/gatcha/domain/publication/entity/Publication_init_118280713217.java: Recompile with -Xlint:deprecation for details.
[INFO] /app/src/test/java/kex-tests/tests/codeit/gatcha/domain/user/entity/GatchaUser_GatchaUserBuilder_authority_7894697262.java: Some input files use unchecked or unsafe operations.
[INFO] /app/src/test/java/kex-tests/tests/codeit/gatcha/domain/user/entity/GatchaUser_GatchaUserBuilder_authority_7894697262.java: Recompile with -Xlint:unchecked for details.
[INFO] 
[INFO] --- maven-surefire-plugin:2.22.2:test (default-test) @ gatcha ---
[INFO] 
[INFO] -------------------------------------------------------
[INFO]  T E S T S
[INFO] -------------------------------------------------------
[INFO] Running codeit.gatcha.GatchaApplication_main_20591175851

  .   ____          _            __ _ _
 /\\ / ___'_ __ _ _(_)_ __  __ _ \ \ \ \
( ( )\___ | '_ | '_| | '_ \/ _` | \ \ \ \
 \\/  ___)| |_)| | | | | || (_| |  ) ) ) )
  '  |____| .__|_| |_|_| |_\__, | / / / /
 =========|_|==============|___/=/_/_/_/
 :: Spring Boot ::                (v2.4.4)

2026-04-09 12:56:12.938  INFO 75 --- [me-limited test] codeit.gatcha.GatchaApplication          : Starting GatchaApplication using Java 11.0.16 on 62f62bd71afe with PID 75 (started by root in /app)
2026-04-09 12:56:12.940  INFO 75 --- [me-limited test] codeit.gatcha.GatchaApplication          : No active profile set, falling back to default profiles: default
2026-04-09 12:56:14.078  INFO 75 --- [me-limited test] .s.d.r.c.RepositoryConfigurationDelegate : Bootstrapping Spring Data JPA repositories in DEFAULT mode.
2026-04-09 12:56:14.177  INFO 75 --- [me-limited test] .s.d.r.c.RepositoryConfigurationDelegate : Finished Spring Data repository scanning in 90 ms. Found 7 JPA repository interfaces.
2026-04-09 12:56:14.810  INFO 75 --- [me-limited test] o.s.b.w.embedded.tomcat.TomcatWebServer  : Tomcat initialized with port(s): 8080 (http)
2026-04-09 12:56:14.822  INFO 75 --- [me-limited test] o.apache.catalina.core.StandardService   : Starting service [Tomcat]
2026-04-09 12:56:14.822  INFO 75 --- [me-limited test] org.apache.catalina.core.StandardEngine  : Starting Servlet engine: [Apache Tomcat/9.0.44]
2026-04-09 12:56:14.896  INFO 75 --- [me-limited test] o.a.c.c.C.[Tomcat].[localhost].[/]       : Initializing Spring embedded WebApplicationContext
2026-04-09 12:56:14.896  INFO 75 --- [me-limited test] w.s.c.ServletWebServerApplicationContext : Root WebApplicationContext: initialization completed in 1903 ms
2026-04-09 12:56:15.102  INFO 75 --- [me-limited test] com.zaxxer.hikari.HikariDataSource       : HikariPool-1 - Starting...
2026-04-09 12:56:15.343  INFO 75 --- [me-limited test] com.zaxxer.hikari.HikariDataSource       : HikariPool-1 - Start completed.
2026-04-09 12:56:15.430  INFO 75 --- [me-limited test] o.hibernate.jpa.internal.util.LogHelper  : HHH000204: Processing PersistenceUnitInfo [name: default]
2026-04-09 12:56:15.491  INFO 75 --- [me-limited test] org.hibernate.Version                    : HHH000412: Hibernate ORM core version 5.4.29.Final
2026-04-09 12:56:15.610  INFO 75 --- [me-limited test] o.hibernate.annotations.common.Version   : HCANN000001: Hibernate Commons Annotations {5.1.2.Final}
2026-04-09 12:56:15.772  INFO 75 --- [me-limited test] org.hibernate.dialect.Dialect            : HHH000400: Using dialect: org.hibernate.dialect.H2Dialect
2026-04-09 12:56:16.608  INFO 75 --- [me-limited test] o.h.e.t.j.p.i.JtaPlatformInitiator       : HHH000490: Using JtaPlatform implementation: [org.hibernate.engine.transaction.jta.platform.internal.NoJtaPlatform]
2026-04-09 12:56:16.616  INFO 75 --- [me-limited test] j.LocalContainerEntityManagerFactoryBean : Initialized JPA EntityManagerFactory for persistence unit 'default'
2026-04-09 12:56:17.076  WARN 75 --- [me-limited test] JpaBaseConfiguration$JpaWebConfiguration : spring.jpa.open-in-view is enabled by default. Therefore, database queries may be performed during view rendering. Explicitly configure spring.jpa.open-in-view to disable this warning
2026-04-09 12:56:17.416  INFO 75 --- [me-limited test] o.s.b.a.e.web.EndpointLinksResolver      : Exposing 2 endpoint(s) beneath base path '/actuator'
2026-04-09 12:56:17.603  INFO 75 --- [me-limited test] pertySourcedRequestMappingHandlerMapping : Mapped URL path [/v2/api-docs] onto method [springfox.documentation.swagger2.web.Swagger2Controller#getDocumentation(String, HttpServletRequest)]
2026-04-09 12:56:17.697  INFO 75 --- [me-limited test] o.s.s.web.DefaultSecurityFilterChain     : Will secure any request with [org.springframework.security.web.context.request.async.WebAsyncManagerIntegrationFilter@56ea5fb8, org.springframework.security.web.context.SecurityContextPersistenceFilter@5ec2ed24, org.springframework.security.web.header.HeaderWriterFilter@3ec2d695, org.springframework.web.filter.CorsFilter@eaa884d, org.springframework.security.web.authentication.logout.LogoutFilter@5bfe3f6c, codeit.gatcha.api.security.controller.JwtRequestFilter@6fb48067, org.springframework.security.web.savedrequest.RequestCacheAwareFilter@5ab8f4dd, org.springframework.security.web.servletapi.SecurityContextHolderAwareRequestFilter@35684481, org.springframework.security.web.authentication.AnonymousAuthenticationFilter@24503e0c, org.springframework.security.web.session.SessionManagementFilter@7b5349ca, org.springframework.security.web.access.ExceptionTranslationFilter@7813fa0f, org.springframework.security.web.access.intercept.FilterSecurityInterceptor@7fdbbc22]
2026-04-09 12:56:17.747  INFO 75 --- [me-limited test] o.s.s.concurrent.ThreadPoolTaskExecutor  : Initializing ExecutorService 'applicationTaskExecutor'
2026-04-09 12:56:17.907  INFO 75 --- [me-limited test] o.s.b.w.embedded.tomcat.TomcatWebServer  : Tomcat started on port(s): 8080 (http) with context path ''
2026-04-09 12:56:17.908  INFO 75 --- [me-limited test] d.s.w.p.DocumentationPluginsBootstrapper : Context refreshed
2026-04-09 12:56:17.925  INFO 75 --- [me-limited test] d.s.w.p.DocumentationPluginsBootstrapper : Found 1 custom documentation plugin(s)
2026-04-09 12:56:17.944  INFO 75 --- [me-limited test] s.d.s.w.s.ApiListingReferenceScanner     : Scanning for api listing references
2026-04-09 12:56:18.072  INFO 75 --- [me-limited test] .d.s.w.r.o.CachingOperationNameGenerator : Generating unique operation named: handleUsingGET_1
2026-04-09 12:56:18.074  INFO 75 --- [me-limited test] .d.s.w.r.o.CachingOperationNameGenerator : Generating unique operation named: handleUsingGET_2
2026-04-09 12:56:18.129  INFO 75 --- [me-limited test] codeit.gatcha.GatchaApplication          : Started GatchaApplication in 5.565 seconds (JVM running for 7.273)
[INFO] Tests run: 1, Failures: 0, Errors: 0, Skipped: 0, Time elapsed: 5.776 s - in codeit.gatcha.GatchaApplication_main_20591175851
[INFO] Running codeit.gatcha.GatchaApplication_init_18592867072
[INFO] Tests run: 1, Failures: 0, Errors: 0, Skipped: 0, Time elapsed: 0.001 s - in codeit.gatcha.GatchaApplication_init_18592867072
[INFO] Running codeit.gatcha.GatchaApplication_main_20591175853
2026-04-09 12:56:18.186 ERROR 75 --- [me-limited test] o.s.boot.SpringApplication               : Application run failed

java.lang.IllegalArgumentException: Args must not be null
	at org.springframework.util.Assert.notNull(Assert.java:201) ~[spring-core-5.3.5.jar:5.3.5]
	at org.springframework.boot.DefaultApplicationArguments.<init>(DefaultApplicationArguments.java:41) ~[spring-boot-2.4.4.jar:2.4.4]
	at org.springframework.boot.SpringApplication.run(SpringApplication.java:319) ~[spring-boot-2.4.4.jar:2.4.4]
	at org.springframework.boot.SpringApplication.run(SpringApplication.java:1313) ~[spring-boot-2.4.4.jar:2.4.4]
	at org.springframework.boot.SpringApplication.run(SpringApplication.java:1302) ~[spring-boot-2.4.4.jar:2.4.4]
	at codeit.gatcha.GatchaApplication.main(GatchaApplication.java:11) ~[classes/:na]
	at java.base/jdk.internal.reflect.NativeMethodAccessorImpl.invoke0(Native Method) ~[na:na]
	at java.base/jdk.internal.reflect.NativeMethodAccessorImpl.invoke(NativeMethodAccessorImpl.java:62) ~[na:na]
	at java.base/jdk.internal.reflect.DelegatingMethodAccessorImpl.invoke(DelegatingMethodAccessorImpl.java:43) ~[na:na]
	at java.base/java.lang.reflect.Method.invoke(Method.java:566) ~[na:na]
	at codeit.gatcha.ReflectionUtils.callMethod(ReflectionUtils.java:328) ~[test-classes/:na]
	at codeit.gatcha.GatchaApplication_main_20591175853.test(GatchaApplication_main_20591175853.java:44) ~[test-classes/:na]
	at java.base/jdk.internal.reflect.NativeMethodAccessorImpl.invoke0(Native Method) ~[na:na]
	at java.base/jdk.internal.reflect.NativeMethodAccessorImpl.invoke(NativeMethodAccessorImpl.java:62) ~[na:na]
	at java.base/jdk.internal.reflect.DelegatingMethodAccessorImpl.invoke(DelegatingMethodAccessorImpl.java:43) ~[na:na]
	at java.base/java.lang.reflect.Method.invoke(Method.java:566) ~[na:na]
	at org.junit.runners.model.FrameworkMethod$1.runReflectiveCall(FrameworkMethod.java:59) ~[junit-4.13.2.jar:4.13.2]
	at org.junit.internal.runners.model.ReflectiveCallable.run(ReflectiveCallable.java:12) ~[junit-4.13.2.jar:4.13.2]
	at org.junit.runners.model.FrameworkMethod.invokeExplosively(FrameworkMethod.java:56) ~[junit-4.13.2.jar:4.13.2]
	at org.junit.internal.runners.statements.InvokeMethod.evaluate(InvokeMethod.java:17) ~[junit-4.13.2.jar:4.13.2]
	at org.junit.internal.runners.statements.RunBefores.evaluate(RunBefores.java:26) ~[junit-4.13.2.jar:4.13.2]
	at org.junit.internal.runners.statements.FailOnTimeout$CallableStatement.call(FailOnTimeout.java:299) ~[junit-4.13.2.jar:4.13.2]
	at org.junit.internal.runners.statements.FailOnTimeout$CallableStatement.call(FailOnTimeout.java:293) ~[junit-4.13.2.jar:4.13.2]
	at java.base/java.util.concurrent.FutureTask.run(FutureTask.java:264) ~[na:na]
	at java.base/java.lang.Thread.run(Thread.java:829) ~[na:na]

[ERROR] Tests run: 1, Failures: 0, Errors: 1, Skipped: 0, Time elapsed: 0.009 s <<< FAILURE! - in codeit.gatcha.GatchaApplication_main_20591175853
[ERROR] test  Time elapsed: 0.009 s  <<< ERROR!
java.lang.IllegalArgumentException: Args must not be null
	at codeit.gatcha.GatchaApplication_main_20591175853.test(GatchaApplication_main_20591175853.java:44)

[INFO] Running codeit.gatcha.common.user.service.UserSessionService_getCurrentLoggedInUser_3929771800
[ERROR] Tests run: 1, Failures: 0, Errors: 1, Skipped: 0, Time elapsed: 0 s <<< FAILURE! - in codeit.gatcha.common.user.service.UserSessionService_getCurrentLoggedInUser_3929771800
[ERROR] test  Time elapsed: 0 s  <<< ERROR!
java.lang.NullPointerException
	at codeit.gatcha.common.user.service.UserSessionService_getCurrentLoggedInUser_3929771800.test(UserSessionService_getCurrentLoggedInUser_3929771800.java:40)

[INFO] Running codeit.gatcha.api.response.APIResponse_getStatusCode_117184892410
[INFO] Tests run: 1, Failures: 0, Errors: 0, Skipped: 0, Time elapsed: 0 s - in codeit.gatcha.api.response.APIResponse_getStatusCode_117184892410
[INFO] Running codeit.gatcha.api.response.APIResponse_getMessage_13236527074
[INFO] Tests run: 1, Failures: 0, Errors: 0, Skipped: 0, Time elapsed: 0 s - in codeit.gatcha.api.response.APIResponse_getMessage_13236527074
[INFO] Running codeit.gatcha.api.response.APIResponse_getBody_3068962102
[INFO] Tests run: 1, Failures: 0, Errors: 0, Skipped: 0, Time elapsed: 0 s - in codeit.gatcha.api.response.APIResponse_getBody_3068962102
[INFO] Running codeit.gatcha.api.response.APIResponse_toString_19009058485
[INFO] Tests run: 1, Failures: 0, Errors: 0, Skipped: 0, Time elapsed: 0 s - in codeit.gatcha.api.response.APIResponse_toString_19009058485
[INFO] Running codeit.gatcha.api.response.APIResponse_init_3834212898
[INFO] Tests run: 1, Failures: 0, Errors: 0, Skipped: 0, Time elapsed: 0 s - in codeit.gatcha.api.response.APIResponse_init_3834212898
[INFO] Running codeit.gatcha.api.response.APIResponse_getBody_3068962109
[INFO] Tests run: 1, Failures: 0, Errors: 0, Skipped: 0, Time elapsed: 0 s - in codeit.gatcha.api.response.APIResponse_getBody_3068962109
[INFO] Running codeit.gatcha.api.response.ResponseFactory_init_5703573131
[INFO] Tests run: 1, Failures: 0, Errors: 0, Skipped: 0, Time elapsed: 0.001 s - in codeit.gatcha.api.response.ResponseFactory_init_5703573131
[INFO] Running codeit.gatcha.api.response.APIResponse_getStatusCode_11718489243
[INFO] Tests run: 1, Failures: 0, Errors: 0, Skipped: 0, Time elapsed: 0 s - in codeit.gatcha.api.response.APIResponse_getStatusCode_11718489243
[INFO] Running codeit.gatcha.api.response.APIResponse_getMessage_132365270711
[INFO] Tests run: 1, Failures: 0, Errors: 0, Skipped: 0, Time elapsed: 0 s - in codeit.gatcha.api.response.APIResponse_getMessage_132365270711
[INFO] Running codeit.gatcha.api.response.APIResponse_init_12032564560
[INFO] Tests run: 1, Failures: 0, Errors: 0, Skipped: 0, Time elapsed: 0 s - in codeit.gatcha.api.response.APIResponse_init_12032564560
[INFO] Running codeit.gatcha.api.response.APIResponse_init_13554499976
[INFO] Tests run: 1, Failures: 0, Errors: 0, Skipped: 0, Time elapsed: 0 s - in codeit.gatcha.api.response.APIResponse_init_13554499976
[INFO] Running codeit.gatcha.api.response.APIResponse_toString_190090584812
[INFO] Tests run: 1, Failures: 0, Errors: 0, Skipped: 0, Time elapsed: 0 s - in codeit.gatcha.api.response.APIResponse_toString_190090584812
[INFO] Running codeit.gatcha.api.response.APIResponse_init_3834212891
[INFO] Tests run: 1, Failures: 0, Errors: 0, Skipped: 0, Time elapsed: 0 s - in codeit.gatcha.api.response.APIResponse_init_3834212891
[INFO] Running codeit.gatcha.api.response.ResponseFactory_init_5703573130
[INFO] Tests run: 1, Failures: 0, Errors: 0, Skipped: 0, Time elapsed: 0 s - in codeit.gatcha.api.response.ResponseFactory_init_5703573130
[INFO] Running codeit.gatcha.api.response.APIResponse_init_135544999713
[INFO] Tests run: 1, Failures: 0, Errors: 0, Skipped: 0, Time elapsed: 0 s - in codeit.gatcha.api.response.APIResponse_init_135544999713
[INFO] Running codeit.gatcha.api.response.APIResponse_init_12032564567
[INFO] Tests run: 1, Failures: 0, Errors: 0, Skipped: 0, Time elapsed: 0 s - in codeit.gatcha.api.response.APIResponse_init_12032564567
[INFO] Running codeit.gatcha.api.DTO.question.inputDTO.NewQuestion_DTO_init_14423304114
[INFO] Tests run: 1, Failures: 0, Errors: 0, Skipped: 0, Time elapsed: 0 s - in codeit.gatcha.api.DTO.question.inputDTO.NewQuestion_DTO_init_14423304114
[INFO] Running codeit.gatcha.api.DTO.question.inputDTO.NewQuestion_DTO_init_14423304111
[INFO] Tests run: 1, Failures: 0, Errors: 0, Skipped: 0, Time elapsed: 0 s - in codeit.gatcha.api.DTO.question.inputDTO.NewQuestion_DTO_init_14423304111
[INFO] Running codeit.gatcha.api.DTO.question.inputDTO.QuestionAnswer_DTO_init_543457023
[INFO] Tests run: 1, Failures: 0, Errors: 0, Skipped: 0, Time elapsed: 0 s - in codeit.gatcha.api.DTO.question.inputDTO.QuestionAnswer_DTO_init_543457023
[INFO] Running codeit.gatcha.api.DTO.question.inputDTO.QuestionAnswer_DTO_getAnswer_521669521
[INFO] Tests run: 1, Failures: 0, Errors: 0, Skipped: 0, Time elapsed: 0 s - in codeit.gatcha.api.DTO.question.inputDTO.QuestionAnswer_DTO_getAnswer_521669521
[INFO] Running codeit.gatcha.api.DTO.question.inputDTO.QuestionAnswers_DTO_getQuestionAnswers_13531782531
[INFO] Tests run: 1, Failures: 0, Errors: 0, Skipped: 0, Time elapsed: 0 s - in codeit.gatcha.api.DTO.question.inputDTO.QuestionAnswers_DTO_getQuestionAnswers_13531782531
[INFO] Running codeit.gatcha.api.DTO.question.inputDTO.NewQuestion_DTO_init_12900772880
[INFO] Tests run: 1, Failures: 0, Errors: 0, Skipped: 0, Time elapsed: 0 s - in codeit.gatcha.api.DTO.question.inputDTO.NewQuestion_DTO_init_12900772880
[INFO] Running codeit.gatcha.api.DTO.question.inputDTO.NewQuestion_DTO_getQuestionBody_15051059925
[INFO] Tests run: 1, Failures: 0, Errors: 0, Skipped: 0, Time elapsed: 0.001 s - in codeit.gatcha.api.DTO.question.inputDTO.NewQuestion_DTO_getQuestionBody_15051059925
[INFO] Running codeit.gatcha.api.DTO.question.inputDTO.QuestionAnswers_DTO_init_1011474303
[INFO] Tests run: 1, Failures: 0, Errors: 0, Skipped: 0, Time elapsed: 0 s - in codeit.gatcha.api.DTO.question.inputDTO.QuestionAnswers_DTO_init_1011474303
[INFO] Running codeit.gatcha.api.DTO.question.inputDTO.QuestionAnswer_DTO_init_543457027
[INFO] Tests run: 1, Failures: 0, Errors: 0, Skipped: 0, Time elapsed: 0 s - in codeit.gatcha.api.DTO.question.inputDTO.QuestionAnswer_DTO_init_543457027
[INFO] Running codeit.gatcha.api.DTO.question.inputDTO.QuestionAnswers_DTO_init_1709909102
[INFO] Tests run: 1, Failures: 0, Errors: 0, Skipped: 0, Time elapsed: 0.001 s - in codeit.gatcha.api.DTO.question.inputDTO.QuestionAnswers_DTO_init_1709909102
[INFO] Running codeit.gatcha.api.DTO.question.inputDTO.QuestionAnswer_DTO_getAnswer_521669525
[INFO] Tests run: 1, Failures: 0, Errors: 0, Skipped: 0, Time elapsed: 0 s - in codeit.gatcha.api.DTO.question.inputDTO.QuestionAnswer_DTO_getAnswer_521669525
[INFO] Running codeit.gatcha.api.DTO.question.inputDTO.QuestionAnswer_DTO_getQuestionId_14035924640
[INFO] Tests run: 1, Failures: 0, Errors: 0, Skipped: 0, Time elapsed: 0 s - in codeit.gatcha.api.DTO.question.inputDTO.QuestionAnswer_DTO_getQuestionId_14035924640
[INFO] Running codeit.gatcha.api.DTO.question.inputDTO.NewQuestion_DTO_init_12900772883
[INFO] Tests run: 1, Failures: 0, Errors: 0, Skipped: 0, Time elapsed: 0 s - in codeit.gatcha.api.DTO.question.inputDTO.NewQuestion_DTO_init_12900772883
[INFO] Running codeit.gatcha.api.DTO.question.inputDTO.QuestionAnswer_DTO_init_2966886516
[INFO] Tests run: 1, Failures: 0, Errors: 0, Skipped: 0, Time elapsed: 0 s - in codeit.gatcha.api.DTO.question.inputDTO.QuestionAnswer_DTO_init_2966886516
[INFO] Running codeit.gatcha.api.DTO.question.inputDTO.QuestionAnswers_DTO_init_1709909105
[INFO] Tests run: 1, Failures: 0, Errors: 0, Skipped: 0, Time elapsed: 0 s - in codeit.gatcha.api.DTO.question.inputDTO.QuestionAnswers_DTO_init_1709909105
[INFO] Running codeit.gatcha.api.DTO.question.inputDTO.QuestionAnswer_DTO_getQuestionId_14035924644
[INFO] Tests run: 1, Failures: 0, Errors: 0, Skipped: 0, Time elapsed: 0.001 s - in codeit.gatcha.api.DTO.question.inputDTO.QuestionAnswer_DTO_getQuestionId_14035924644
[INFO] Running codeit.gatcha.api.DTO.question.inputDTO.QuestionAnswers_DTO_init_1011474300
[INFO] Tests run: 1, Failures: 0, Errors: 0, Skipped: 0, Time elapsed: 0.001 s - in codeit.gatcha.api.DTO.question.inputDTO.QuestionAnswers_DTO_init_1011474300
[INFO] Running codeit.gatcha.api.DTO.question.inputDTO.NewQuestion_DTO_getQuestionBody_15051059922
[INFO] Tests run: 1, Failures: 0, Errors: 0, Skipped: 0, Time elapsed: 0 s - in codeit.gatcha.api.DTO.question.inputDTO.NewQuestion_DTO_getQuestionBody_15051059922
[INFO] Running codeit.gatcha.api.DTO.question.inputDTO.QuestionAnswers_DTO_getQuestionAnswers_13531782534
[INFO] Tests run: 1, Failures: 0, Errors: 0, Skipped: 0, Time elapsed: 0 s - in codeit.gatcha.api.DTO.question.inputDTO.QuestionAnswers_DTO_getQuestionAnswers_13531782534
[INFO] Running codeit.gatcha.api.DTO.question.inputDTO.QuestionAnswer_DTO_init_2966886512
[INFO] Tests run: 1, Failures: 0, Errors: 0, Skipped: 0, Time elapsed: 0 s - in codeit.gatcha.api.DTO.question.inputDTO.QuestionAnswer_DTO_init_2966886512
[INFO] Running codeit.gatcha.api.DTO.question.outputDTO.Admin_QuestionsDTO_setQuestions_3212892479
[INFO] Tests run: 1, Failures: 0, Errors: 0, Skipped: 0, Time elapsed: 0.001 s - in codeit.gatcha.api.DTO.question.outputDTO.Admin_QuestionsDTO_setQuestions_3212892479
[INFO] Running codeit.gatcha.api.DTO.question.outputDTO.Admin_QuestionDTO_init_38435439911
[ERROR] Tests run: 1, Failures: 0, Errors: 1, Skipped: 0, Time elapsed: 0 s <<< FAILURE! - in codeit.gatcha.api.DTO.question.outputDTO.Admin_QuestionDTO_init_38435439911
[ERROR] test  Time elapsed: 0 s  <<< ERROR!
java.lang.reflect.InvocationTargetException
	at codeit.gatcha.api.DTO.question.outputDTO.Admin_QuestionDTO_init_38435439911.test(Admin_QuestionDTO_init_38435439911.java:42)
Caused by: java.lang.NullPointerException
	at codeit.gatcha.api.DTO.question.outputDTO.Admin_QuestionDTO_init_38435439911.test(Admin_QuestionDTO_init_38435439911.java:42)

[INFO] Running codeit.gatcha.api.DTO.question.outputDTO.Admin_QuestionsDTO_getQuestions_10449145478
[INFO] Tests run: 1, Failures: 0, Errors: 0, Skipped: 0, Time elapsed: 0 s - in codeit.gatcha.api.DTO.question.outputDTO.Admin_QuestionsDTO_getQuestions_10449145478
[INFO] Running codeit.gatcha.api.DTO.question.outputDTO.Admin_QuestionsDTO_equals_15019093562
[INFO] Tests run: 1, Failures: 0, Errors: 0, Skipped: 0, Time elapsed: 0 s - in codeit.gatcha.api.DTO.question.outputDTO.Admin_QuestionsDTO_equals_15019093562
[INFO] Running codeit.gatcha.api.DTO.question.outputDTO.Admin_QuestionDTO_getId_211413403213
[INFO] Tests run: 1, Failures: 0, Errors: 0, Skipped: 0, Time elapsed: 0 s - in codeit.gatcha.api.DTO.question.outputDTO.Admin_QuestionDTO_getId_211413403213
[INFO] Running codeit.gatcha.api.DTO.question.outputDTO.Admin_QuestionDTO_init_194336255520
[INFO] Tests run: 1, Failures: 0, Errors: 0, Skipped: 0, Time elapsed: 0 s - in codeit.gatcha.api.DTO.question.outputDTO.Admin_QuestionDTO_init_194336255520
[INFO] Running codeit.gatcha.api.DTO.question.outputDTO.Admin_QuestionDTO_hashCode_129538920018
[INFO] Tests run: 1, Failures: 0, Errors: 0, Skipped: 0, Time elapsed: 0 s - in codeit.gatcha.api.DTO.question.outputDTO.Admin_QuestionDTO_hashCode_129538920018
[INFO] Running codeit.gatcha.api.DTO.question.outputDTO.User_QuestionsDTO_isPublished_18007048685
[INFO] Tests run: 1, Failures: 0, Errors: 0, Skipped: 0, Time elapsed: 0 s - in codeit.gatcha.api.DTO.question.outputDTO.User_QuestionsDTO_isPublished_18007048685
[INFO] Running codeit.gatcha.api.DTO.question.outputDTO.Admin_QuestionDTO_equals_84670252516
[INFO] Tests run: 1, Failures: 0, Errors: 0, Skipped: 0, Time elapsed: 0 s - in codeit.gatcha.api.DTO.question.outputDTO.Admin_QuestionDTO_equals_84670252516
[INFO] Running codeit.gatcha.api.DTO.question.outputDTO.User_QuestionsDTO_init_7838103083
[INFO] Tests run: 1, Failures: 0, Errors: 0, Skipped: 0, Time elapsed: 0 s - in codeit.gatcha.api.DTO.question.outputDTO.User_QuestionsDTO_init_7838103083
[INFO] Running codeit.gatcha.api.DTO.question.outputDTO.User_QuestionDTO_getId_14011660067
[INFO] Tests run: 1, Failures: 0, Errors: 0, Skipped: 0, Time elapsed: 0 s - in codeit.gatcha.api.DTO.question.outputDTO.User_QuestionDTO_getId_14011660067
[INFO] Running codeit.gatcha.api.DTO.question.outputDTO.Admin_QuestionsDTO_init_299286014
[INFO] Tests run: 1, Failures: 0, Errors: 0, Skipped: 0, Time elapsed: 0 s - in codeit.gatcha.api.DTO.question.outputDTO.Admin_QuestionsDTO_init_299286014
[INFO] Running codeit.gatcha.api.DTO.question.outputDTO.AnswerDTO_setBody_20956530708
[INFO] Tests run: 1, Failures: 0, Errors: 0, Skipped: 0, Time elapsed: 0 s - in codeit.gatcha.api.DTO.question.outputDTO.AnswerDTO_setBody_20956530708
[INFO] Running codeit.gatcha.api.DTO.question.outputDTO.User_QuestionsDTO_init_7838103087
[INFO] Tests run: 1, Failures: 0, Errors: 0, Skipped: 0, Time elapsed: 0 s - in codeit.gatcha.api.DTO.question.outputDTO.User_QuestionsDTO_init_7838103087
[INFO] Running codeit.gatcha.api.DTO.question.outputDTO.AnswerDTO_getBody_4794376587
[INFO] Tests run: 1, Failures: 0, Errors: 0, Skipped: 0, Time elapsed: 0 s - in codeit.gatcha.api.DTO.question.outputDTO.AnswerDTO_getBody_4794376587
[INFO] Running codeit.gatcha.api.DTO.question.outputDTO.User_QuestionDTO_getId_14011660062
[INFO] Tests run: 1, Failures: 0, Errors: 0, Skipped: 0, Time elapsed: 0 s - in codeit.gatcha.api.DTO.question.outputDTO.User_QuestionDTO_getId_14011660062
[INFO] Running codeit.gatcha.api.DTO.question.outputDTO.Admin_QuestionsDTO_hashCode_105322268112
[INFO] Tests run: 1, Failures: 0, Errors: 0, Skipped: 0, Time elapsed: 0 s - in codeit.gatcha.api.DTO.question.outputDTO.Admin_QuestionsDTO_hashCode_105322268112
[INFO] Running codeit.gatcha.api.DTO.question.outputDTO.AnswerDTO_getBody_4794376580
[INFO] Tests run: 1, Failures: 0, Errors: 0, Skipped: 0, Time elapsed: 0 s - in codeit.gatcha.api.DTO.question.outputDTO.AnswerDTO_getBody_4794376580
[INFO] Running codeit.gatcha.api.DTO.question.outputDTO.Admin_QuestionDTO_toString_18061488908
[INFO] Tests run: 1, Failures: 0, Errors: 0, Skipped: 0, Time elapsed: 0 s - in codeit.gatcha.api.DTO.question.outputDTO.Admin_QuestionDTO_toString_18061488908
[INFO] Running codeit.gatcha.api.DTO.question.outputDTO.AnswerDTO_init_139660896313
[INFO] Tests run: 1, Failures: 0, Errors: 0, Skipped: 0, Time elapsed: 0 s - in codeit.gatcha.api.DTO.question.outputDTO.AnswerDTO_init_139660896313
[INFO] Running codeit.gatcha.api.DTO.question.outputDTO.Admin_QuestionsDTO_equals_150190935610
[INFO] Tests run: 1, Failures: 0, Errors: 0, Skipped: 0, Time elapsed: 0 s - in codeit.gatcha.api.DTO.question.outputDTO.Admin_QuestionsDTO_equals_150190935610
[INFO] Running codeit.gatcha.api.DTO.question.outputDTO.Admin_QuestionDTO_canEqual_425398966
[INFO] Tests run: 1, Failures: 0, Errors: 0, Skipped: 0, Time elapsed: 0 s - in codeit.gatcha.api.DTO.question.outputDTO.Admin_QuestionDTO_canEqual_425398966
[INFO] Running codeit.gatcha.api.DTO.question.outputDTO.Admin_QuestionDTO_init_13135604221
[INFO] Tests run: 1, Failures: 0, Errors: 0, Skipped: 0, Time elapsed: 0 s - in codeit.gatcha.api.DTO.question.outputDTO.Admin_QuestionDTO_init_13135604221
[INFO] Running codeit.gatcha.api.DTO.question.outputDTO.Admin_QuestionDTO_equals_8467025255
[INFO] Tests run: 1, Failures: 0, Errors: 0, Skipped: 0, Time elapsed: 0 s - in codeit.gatcha.api.DTO.question.outputDTO.Admin_QuestionDTO_equals_8467025255
[INFO] Running codeit.gatcha.api.DTO.question.outputDTO.Admin_QuestionsDTO_toString_54246299113
[INFO] Tests run: 1, Failures: 0, Errors: 0, Skipped: 0, Time elapsed: 0 s - in codeit.gatcha.api.DTO.question.outputDTO.Admin_QuestionsDTO_toString_54246299113
[INFO] Running codeit.gatcha.api.DTO.question.outputDTO.User_QuestionDTO_init_12303945299
[INFO] Tests run: 1, Failures: 0, Errors: 0, Skipped: 0, Time elapsed: 0 s - in codeit.gatcha.api.DTO.question.outputDTO.User_QuestionDTO_init_12303945299
[INFO] Running codeit.gatcha.api.DTO.question.outputDTO.Admin_QuestionDTO_init_13135604210
[INFO] Tests run: 1, Failures: 0, Errors: 0, Skipped: 0, Time elapsed: 0 s - in codeit.gatcha.api.DTO.question.outputDTO.Admin_QuestionDTO_init_13135604210
[INFO] Running codeit.gatcha.api.DTO.question.outputDTO.AnswerDTO_equals_13934561172
[INFO] Tests run: 1, Failures: 0, Errors: 0, Skipped: 0, Time elapsed: 0 s - in codeit.gatcha.api.DTO.question.outputDTO.AnswerDTO_equals_13934561172
[INFO] Running codeit.gatcha.api.DTO.question.outputDTO.Admin_QuestionsDTO_init_26914548015
[INFO] Tests run: 1, Failures: 0, Errors: 0, Skipped: 0, Time elapsed: 0 s - in codeit.gatcha.api.DTO.question.outputDTO.Admin_QuestionsDTO_init_26914548015
[INFO] Running codeit.gatcha.api.DTO.question.outputDTO.AnswerDTO_toString_19420648145
[INFO] Tests run: 1, Failures: 0, Errors: 0, Skipped: 0, Time elapsed: 0.001 s - in codeit.gatcha.api.DTO.question.outputDTO.AnswerDTO_toString_19420648145
[INFO] Running codeit.gatcha.api.DTO.question.outputDTO.Admin_QuestionsDTO_init_29928606
[INFO] Tests run: 1, Failures: 0, Errors: 0, Skipped: 0, Time elapsed: 0 s - in codeit.gatcha.api.DTO.question.outputDTO.Admin_QuestionsDTO_init_29928606
[INFO] Running codeit.gatcha.api.DTO.question.outputDTO.Admin_QuestionDTO_toString_180614889019
[INFO] Tests run: 1, Failures: 0, Errors: 0, Skipped: 0, Time elapsed: 0 s - in codeit.gatcha.api.DTO.question.outputDTO.Admin_QuestionDTO_toString_180614889019
[INFO] Running codeit.gatcha.api.DTO.question.outputDTO.Admin_QuestionDTO_getId_21141340322
[INFO] Tests run: 1, Failures: 0, Errors: 0, Skipped: 0, Time elapsed: 0 s - in codeit.gatcha.api.DTO.question.outputDTO.Admin_QuestionDTO_getId_21141340322
[INFO] Running codeit.gatcha.api.DTO.question.outputDTO.Admin_QuestionsDTO_canEqual_198889531111
[INFO] Tests run: 1, Failures: 0, Errors: 0, Skipped: 0, Time elapsed: 0 s - in codeit.gatcha.api.DTO.question.outputDTO.Admin_QuestionsDTO_canEqual_198889531111
[INFO] Running codeit.gatcha.api.DTO.question.outputDTO.User_QuestionsDTO_isPublished_18007048681
[INFO] Tests run: 1, Failures: 0, Errors: 0, Skipped: 0, Time elapsed: 0 s - in codeit.gatcha.api.DTO.question.outputDTO.User_QuestionsDTO_isPublished_18007048681
[INFO] Running codeit.gatcha.api.DTO.question.outputDTO.Admin_QuestionDTO_getBody_102619125012
[INFO] Tests run: 1, Failures: 0, Errors: 0, Skipped: 0, Time elapsed: 0 s - in codeit.gatcha.api.DTO.question.outputDTO.Admin_QuestionDTO_getBody_102619125012
[INFO] Running codeit.gatcha.api.DTO.question.outputDTO.Admin_QuestionDTO_getBody_10261912501
[INFO] Tests run: 1, Failures: 0, Errors: 0, Skipped: 0, Time elapsed: 0 s - in codeit.gatcha.api.DTO.question.outputDTO.Admin_QuestionDTO_getBody_10261912501
[INFO] Running codeit.gatcha.api.DTO.question.outputDTO.User_QuestionDTO_init_64711745
[ERROR] Tests run: 1, Failures: 0, Errors: 1, Skipped: 0, Time elapsed: 0 s <<< FAILURE! - in codeit.gatcha.api.DTO.question.outputDTO.User_QuestionDTO_init_64711745
[ERROR] test  Time elapsed: 0 s  <<< ERROR!
java.lang.reflect.InvocationTargetException
	at codeit.gatcha.api.DTO.question.outputDTO.User_QuestionDTO_init_64711745.test(User_QuestionDTO_init_64711745.java:44)
Caused by: java.lang.NullPointerException
	at codeit.gatcha.api.DTO.question.outputDTO.User_QuestionDTO_init_64711745.test(User_QuestionDTO_init_64711745.java:44)

[INFO] Running codeit.gatcha.api.DTO.question.outputDTO.Admin_QuestionDTO_setId_115952742615
[INFO] Tests run: 1, Failures: 0, Errors: 0, Skipped: 0, Time elapsed: 0 s - in codeit.gatcha.api.DTO.question.outputDTO.Admin_QuestionDTO_setId_115952742615
[INFO] Running codeit.gatcha.api.DTO.question.outputDTO.Admin_QuestionDTO_setBody_154889947814
[INFO] Tests run: 1, Failures: 0, Errors: 0, Skipped: 0, Time elapsed: 0 s - in codeit.gatcha.api.DTO.question.outputDTO.Admin_QuestionDTO_setBody_154889947814
[INFO] Running codeit.gatcha.api.DTO.question.outputDTO.User_QuestionDTO_init_12303945294
[INFO] Tests run: 1, Failures: 0, Errors: 0, Skipped: 0, Time elapsed: 0 s - in codeit.gatcha.api.DTO.question.outputDTO.User_QuestionDTO_init_12303945294
[INFO] Running codeit.gatcha.api.DTO.question.outputDTO.User_QuestionDTO_getBody_3132232246
[INFO] Tests run: 1, Failures: 0, Errors: 0, Skipped: 0, Time elapsed: 0 s - in codeit.gatcha.api.DTO.question.outputDTO.User_QuestionDTO_getBody_3132232246
[INFO] Running codeit.gatcha.api.DTO.question.outputDTO.Admin_QuestionDTO_init_19433625559
[INFO] Tests run: 1, Failures: 0, Errors: 0, Skipped: 0, Time elapsed: 0 s - in codeit.gatcha.api.DTO.question.outputDTO.Admin_QuestionDTO_init_19433625559
[INFO] Running codeit.gatcha.api.DTO.question.outputDTO.User_QuestionDTO_init_64711740
[INFO] Tests run: 1, Failures: 0, Errors: 0, Skipped: 0, Time elapsed: 0 s - in codeit.gatcha.api.DTO.question.outputDTO.User_QuestionDTO_init_64711740
[INFO] Running codeit.gatcha.api.DTO.question.outputDTO.Admin_QuestionsDTO_canEqual_19888953113
[INFO] Tests run: 1, Failures: 0, Errors: 0, Skipped: 0, Time elapsed: 0 s - in codeit.gatcha.api.DTO.question.outputDTO.Admin_QuestionsDTO_canEqual_19888953113
[INFO] Running codeit.gatcha.api.DTO.question.outputDTO.AnswerDTO_equals_13934561179
[INFO] Tests run: 1, Failures: 0, Errors: 0, Skipped: 0, Time elapsed: 0 s - in codeit.gatcha.api.DTO.question.outputDTO.AnswerDTO_equals_13934561179
[INFO] Running codeit.gatcha.api.DTO.question.outputDTO.User_QuestionsDTO_getQuestions_4177422214
[INFO] Tests run: 1, Failures: 0, Errors: 0, Skipped: 0, Time elapsed: 0 s - in codeit.gatcha.api.DTO.question.outputDTO.User_QuestionsDTO_getQuestions_4177422214
[INFO] Running codeit.gatcha.api.DTO.question.outputDTO.AnswerDTO_hashCode_184214279211
[INFO] Tests run: 1, Failures: 0, Errors: 0, Skipped: 0, Time elapsed: 0 s - in codeit.gatcha.api.DTO.question.outputDTO.AnswerDTO_hashCode_184214279211
[INFO] Running codeit.gatcha.api.DTO.question.outputDTO.User_QuestionDTO_getAnswer_15792501328
[INFO] Tests run: 1, Failures: 0, Errors: 0, Skipped: 0, Time elapsed: 0 s - in codeit.gatcha.api.DTO.question.outputDTO.User_QuestionDTO_getAnswer_15792501328
[INFO] Running codeit.gatcha.api.DTO.question.outputDTO.Admin_QuestionsDTO_setQuestions_3212892471
[INFO] Tests run: 1, Failures: 0, Errors: 0, Skipped: 0, Time elapsed: 0 s - in codeit.gatcha.api.DTO.question.outputDTO.Admin_QuestionsDTO_setQuestions_3212892471
[INFO] Running codeit.gatcha.api.DTO.question.outputDTO.Admin_QuestionDTO_setBody_15488994783
[INFO] Tests run: 1, Failures: 0, Errors: 0, Skipped: 0, Time elapsed: 0 s - in codeit.gatcha.api.DTO.question.outputDTO.Admin_QuestionDTO_setBody_15488994783
[INFO] Running codeit.gatcha.api.DTO.question.outputDTO.Admin_QuestionDTO_canEqual_4253989617
[INFO] Tests run: 1, Failures: 0, Errors: 0, Skipped: 0, Time elapsed: 0 s - in codeit.gatcha.api.DTO.question.outputDTO.Admin_QuestionDTO_canEqual_4253989617
[INFO] Running codeit.gatcha.api.DTO.question.outputDTO.AnswerDTO_canEqual_58929348810
[INFO] Tests run: 1, Failures: 0, Errors: 0, Skipped: 0, Time elapsed: 0 s - in codeit.gatcha.api.DTO.question.outputDTO.AnswerDTO_canEqual_58929348810
[INFO] Running codeit.gatcha.api.DTO.question.outputDTO.User_QuestionsDTO_getQuestions_4177422210
[INFO] Tests run: 1, Failures: 0, Errors: 0, Skipped: 0, Time elapsed: 0 s - in codeit.gatcha.api.DTO.question.outputDTO.User_QuestionsDTO_getQuestions_4177422210
[INFO] Running codeit.gatcha.api.DTO.question.outputDTO.AnswerDTO_setBody_20956530701
[INFO] Tests run: 1, Failures: 0, Errors: 0, Skipped: 0, Time elapsed: 0 s - in codeit.gatcha.api.DTO.question.outputDTO.AnswerDTO_setBody_20956530701
[INFO] Running codeit.gatcha.api.DTO.question.outputDTO.User_QuestionDTO_getAnswer_15792501323
[INFO] Tests run: 1, Failures: 0, Errors: 0, Skipped: 0, Time elapsed: 0 s - in codeit.gatcha.api.DTO.question.outputDTO.User_QuestionDTO_getAnswer_15792501323
[INFO] Running codeit.gatcha.api.DTO.question.outputDTO.User_QuestionsDTO_init_6301651866
[INFO] Tests run: 1, Failures: 0, Errors: 0, Skipped: 0, Time elapsed: 0 s - in codeit.gatcha.api.DTO.question.outputDTO.User_QuestionsDTO_init_6301651866
[INFO] Running codeit.gatcha.api.DTO.question.outputDTO.Admin_QuestionDTO_setId_11595274264
[INFO] Tests run: 1, Failures: 0, Errors: 0, Skipped: 0, Time elapsed: 0 s - in codeit.gatcha.api.DTO.question.outputDTO.Admin_QuestionDTO_setId_11595274264
[INFO] Running codeit.gatcha.api.DTO.question.outputDTO.User_QuestionsDTO_init_6301651862
[INFO] Tests run: 1, Failures: 0, Errors: 0, Skipped: 0, Time elapsed: 0 s - in codeit.gatcha.api.DTO.question.outputDTO.User_QuestionsDTO_init_6301651862
[INFO] Running codeit.gatcha.api.DTO.question.outputDTO.Admin_QuestionsDTO_getQuestions_10449145470
[INFO] Tests run: 1, Failures: 0, Errors: 0, Skipped: 0, Time elapsed: 0 s - in codeit.gatcha.api.DTO.question.outputDTO.Admin_QuestionsDTO_getQuestions_10449145470
[INFO] Running codeit.gatcha.api.DTO.question.outputDTO.Admin_QuestionsDTO_init_2691454807
[INFO] Tests run: 1, Failures: 0, Errors: 0, Skipped: 0, Time elapsed: 0 s - in codeit.gatcha.api.DTO.question.outputDTO.Admin_QuestionsDTO_init_2691454807
[INFO] Running codeit.gatcha.api.DTO.question.outputDTO.Admin_QuestionDTO_hashCode_12953892007
[INFO] Tests run: 1, Failures: 0, Errors: 0, Skipped: 0, Time elapsed: 0 s - in codeit.gatcha.api.DTO.question.outputDTO.Admin_QuestionDTO_hashCode_12953892007
[INFO] Running codeit.gatcha.api.DTO.question.outputDTO.AnswerDTO_canEqual_5892934883
[INFO] Tests run: 1, Failures: 0, Errors: 0, Skipped: 0, Time elapsed: 0 s - in codeit.gatcha.api.DTO.question.outputDTO.AnswerDTO_canEqual_5892934883
[INFO] Running codeit.gatcha.api.DTO.question.outputDTO.Admin_QuestionsDTO_hashCode_10532226814
[INFO] Tests run: 1, Failures: 0, Errors: 0, Skipped: 0, Time elapsed: 0 s - in codeit.gatcha.api.DTO.question.outputDTO.Admin_QuestionsDTO_hashCode_10532226814
[INFO] Running codeit.gatcha.api.DTO.question.outputDTO.AnswerDTO_toString_194206481412
[INFO] Tests run: 1, Failures: 0, Errors: 0, Skipped: 0, Time elapsed: 0 s - in codeit.gatcha.api.DTO.question.outputDTO.AnswerDTO_toString_194206481412
[INFO] Running codeit.gatcha.api.DTO.question.outputDTO.AnswerDTO_init_13966089636
[INFO] Tests run: 1, Failures: 0, Errors: 0, Skipped: 0, Time elapsed: 0 s - in codeit.gatcha.api.DTO.question.outputDTO.AnswerDTO_init_13966089636
[INFO] Running codeit.gatcha.api.DTO.question.outputDTO.Admin_QuestionsDTO_toString_5424629915
[INFO] Tests run: 1, Failures: 0, Errors: 0, Skipped: 0, Time elapsed: 0 s - in codeit.gatcha.api.DTO.question.outputDTO.Admin_QuestionsDTO_toString_5424629915
[INFO] Running codeit.gatcha.api.DTO.question.outputDTO.User_QuestionDTO_getBody_3132232241
[INFO] Tests run: 1, Failures: 0, Errors: 0, Skipped: 0, Time elapsed: 0 s - in codeit.gatcha.api.DTO.question.outputDTO.User_QuestionDTO_getBody_3132232241
[INFO] Running codeit.gatcha.api.DTO.question.outputDTO.AnswerDTO_hashCode_18421427924
[INFO] Tests run: 1, Failures: 0, Errors: 0, Skipped: 0, Time elapsed: 0 s - in codeit.gatcha.api.DTO.question.outputDTO.AnswerDTO_hashCode_18421427924
[INFO] Running codeit.gatcha.api.DTO.question.outputDTO.Admin_QuestionDTO_init_3843543990
[INFO] Tests run: 1, Failures: 0, Errors: 0, Skipped: 0, Time elapsed: 0 s - in codeit.gatcha.api.DTO.question.outputDTO.Admin_QuestionDTO_init_3843543990
[INFO] Running codeit.gatcha.api.DTO.Publication.PublishedQuestionsDTO_getQuestions_1684860942
[INFO] Tests run: 1, Failures: 0, Errors: 0, Skipped: 0, Time elapsed: 0 s - in codeit.gatcha.api.DTO.Publication.PublishedQuestionsDTO_getQuestions_1684860942
[INFO] Running codeit.gatcha.api.DTO.Publication.PublicationLinkDTO_init_18920592720
[INFO] Tests run: 1, Failures: 0, Errors: 0, Skipped: 0, Time elapsed: 0 s - in codeit.gatcha.api.DTO.Publication.PublicationLinkDTO_init_18920592720
[INFO] Running codeit.gatcha.api.DTO.Publication.PublicationLinkDTO_getPublicationDate_6678718577
[INFO] Tests run: 1, Failures: 0, Errors: 0, Skipped: 0, Time elapsed: 0 s - in codeit.gatcha.api.DTO.Publication.PublicationLinkDTO_getPublicationDate_6678718577
[INFO] Running codeit.gatcha.api.DTO.Publication.PublishedQuestionDTO_getAnswer_7949651059
[INFO] Tests run: 1, Failures: 0, Errors: 0, Skipped: 0, Time elapsed: 0 s - in codeit.gatcha.api.DTO.Publication.PublishedQuestionDTO_getAnswer_7949651059
[INFO] Running codeit.gatcha.api.DTO.Publication.PublishedQuestionDTO_getBody_20609920133
[INFO] Tests run: 1, Failures: 0, Errors: 0, Skipped: 0, Time elapsed: 0 s - in codeit.gatcha.api.DTO.Publication.PublishedQuestionDTO_getBody_20609920133
[INFO] Running codeit.gatcha.api.DTO.Publication.PublicationLinkDTO_getPublicationDate_6678718573
[INFO] Tests run: 1, Failures: 0, Errors: 0, Skipped: 0, Time elapsed: 0 s - in codeit.gatcha.api.DTO.Publication.PublicationLinkDTO_getPublicationDate_6678718573
[INFO] Running codeit.gatcha.api.DTO.Publication.PublicationLinkDTO_init_18920592724
[ERROR] Tests run: 1, Failures: 0, Errors: 1, Skipped: 0, Time elapsed: 0 s <<< FAILURE! - in codeit.gatcha.api.DTO.Publication.PublicationLinkDTO_init_18920592724
[ERROR] test  Time elapsed: 0 s  <<< ERROR!
java.lang.reflect.InvocationTargetException
	at codeit.gatcha.api.DTO.Publication.PublicationLinkDTO_init_18920592724.test(PublicationLinkDTO_init_18920592724.java:42)
Caused by: java.lang.NullPointerException
	at codeit.gatcha.api.DTO.Publication.PublicationLinkDTO_init_18920592724.test(PublicationLinkDTO_init_18920592724.java:42)

[INFO] Running codeit.gatcha.api.DTO.Publication.PublishedQuestionDTO_init_17209533481
[INFO] Tests run: 1, Failures: 0, Errors: 0, Skipped: 0, Time elapsed: 0 s - in codeit.gatcha.api.DTO.Publication.PublishedQuestionDTO_init_17209533481
[INFO] Running codeit.gatcha.api.DTO.Publication.PublishedQuestionDTO_init_16670381605
[ERROR] Tests run: 1, Failures: 0, Errors: 1, Skipped: 0, Time elapsed: 0 s <<< FAILURE! - in codeit.gatcha.api.DTO.Publication.PublishedQuestionDTO_init_16670381605
[ERROR] test  Time elapsed: 0 s  <<< ERROR!
java.lang.reflect.InvocationTargetException
	at codeit.gatcha.api.DTO.Publication.PublishedQuestionDTO_init_16670381605.test(PublishedQuestionDTO_init_16670381605.java:42)
Caused by: java.lang.NullPointerException
	at codeit.gatcha.api.DTO.Publication.PublishedQuestionDTO_init_16670381605.test(PublishedQuestionDTO_init_16670381605.java:42)

[INFO] Running codeit.gatcha.api.DTO.Publication.PublishedQuestionsDTO_getQuestions_1684860945
[INFO] Tests run: 1, Failures: 0, Errors: 0, Skipped: 0, Time elapsed: 0 s - in codeit.gatcha.api.DTO.Publication.PublishedQuestionsDTO_getQuestions_1684860945
[INFO] Running codeit.gatcha.api.DTO.Publication.PublishedQuestionDTO_init_11438207082
[INFO] Tests run: 1, Failures: 0, Errors: 0, Skipped: 0, Time elapsed: 0 s - in codeit.gatcha.api.DTO.Publication.PublishedQuestionDTO_init_11438207082
[INFO] Running codeit.gatcha.api.DTO.Publication.PublicationLinkDTO_init_2457943541
[INFO] Tests run: 1, Failures: 0, Errors: 0, Skipped: 0, Time elapsed: 0 s - in codeit.gatcha.api.DTO.Publication.PublicationLinkDTO_init_2457943541
[INFO] Running codeit.gatcha.api.DTO.Publication.PublicationLinkDTO_getLink_3047981796
[INFO] Tests run: 1, Failures: 0, Errors: 0, Skipped: 0, Time elapsed: 0 s - in codeit.gatcha.api.DTO.Publication.PublicationLinkDTO_getLink_3047981796
[INFO] Running codeit.gatcha.api.DTO.Publication.PublishedQuestionsDTO_init_9442551613
[INFO] Tests run: 1, Failures: 0, Errors: 0, Skipped: 0, Time elapsed: 0 s - in codeit.gatcha.api.DTO.Publication.PublishedQuestionsDTO_init_9442551613
[INFO] Running codeit.gatcha.api.DTO.Publication.PublishedQuestionDTO_getBody_20609920138
[INFO] Tests run: 1, Failures: 0, Errors: 0, Skipped: 0, Time elapsed: 0 s - in codeit.gatcha.api.DTO.Publication.PublishedQuestionDTO_getBody_20609920138
[INFO] Running codeit.gatcha.api.DTO.Publication.PublishedQuestionDTO_init_16670381600
[INFO] Tests run: 1, Failures: 0, Errors: 0, Skipped: 0, Time elapsed: 0 s - in codeit.gatcha.api.DTO.Publication.PublishedQuestionDTO_init_16670381600
[INFO] Running codeit.gatcha.api.DTO.Publication.PublishedQuestionDTO_init_11438207087
[INFO] Tests run: 1, Failures: 0, Errors: 0, Skipped: 0, Time elapsed: 0 s - in codeit.gatcha.api.DTO.Publication.PublishedQuestionDTO_init_11438207087
[INFO] Running codeit.gatcha.api.DTO.Publication.PublicationLinkDTO_init_2457943545
[INFO] Tests run: 1, Failures: 0, Errors: 0, Skipped: 0, Time elapsed: 0.001 s - in codeit.gatcha.api.DTO.Publication.PublicationLinkDTO_init_2457943545
[INFO] Running codeit.gatcha.api.DTO.Publication.PublishedQuestionDTO_getAnswer_7949651054
[INFO] Tests run: 1, Failures: 0, Errors: 0, Skipped: 0, Time elapsed: 0 s - in codeit.gatcha.api.DTO.Publication.PublishedQuestionDTO_getAnswer_7949651054
[INFO] Running codeit.gatcha.api.DTO.Publication.PublishedQuestionsDTO_init_12163935011
[INFO] Tests run: 1, Failures: 0, Errors: 0, Skipped: 0, Time elapsed: 0.001 s - in codeit.gatcha.api.DTO.Publication.PublishedQuestionsDTO_init_12163935011
[INFO] Running codeit.gatcha.api.DTO.Publication.PublishedQuestionsDTO_init_9442551610
[INFO] Tests run: 1, Failures: 0, Errors: 0, Skipped: 0, Time elapsed: 0 s - in codeit.gatcha.api.DTO.Publication.PublishedQuestionsDTO_init_9442551610
[INFO] Running codeit.gatcha.api.DTO.Publication.PublishedQuestionDTO_init_17209533486
[INFO] Tests run: 1, Failures: 0, Errors: 0, Skipped: 0, Time elapsed: 0 s - in codeit.gatcha.api.DTO.Publication.PublishedQuestionDTO_init_17209533486
[INFO] Running codeit.gatcha.api.DTO.Publication.PublicationLinkDTO_getLink_3047981792
[INFO] Tests run: 1, Failures: 0, Errors: 0, Skipped: 0, Time elapsed: 0 s - in codeit.gatcha.api.DTO.Publication.PublicationLinkDTO_getLink_3047981792
[INFO] Running codeit.gatcha.api.DTO.Publication.PublishedQuestionsDTO_init_12163935014
[INFO] Tests run: 1, Failures: 0, Errors: 0, Skipped: 0, Time elapsed: 0 s - in codeit.gatcha.api.DTO.Publication.PublishedQuestionsDTO_init_12163935014
[INFO] Running codeit.gatcha.api.controller.AdminController_init_4223139860
[INFO] Tests run: 1, Failures: 0, Errors: 0, Skipped: 0, Time elapsed: 0 s - in codeit.gatcha.api.controller.AdminController_init_4223139860
[INFO] Running codeit.gatcha.api.controller.QuestionControllerAdmin_init_19509608190
[INFO] Tests run: 1, Failures: 0, Errors: 0, Skipped: 0, Time elapsed: 0 s - in codeit.gatcha.api.controller.QuestionControllerAdmin_init_19509608190
[INFO] Running codeit.gatcha.api.controller.QuestionControllerAdmin_init_19509608191
[INFO] Tests run: 1, Failures: 0, Errors: 0, Skipped: 0, Time elapsed: 0 s - in codeit.gatcha.api.controller.QuestionControllerAdmin_init_19509608191
[INFO] Running codeit.gatcha.api.controller.AdminController_init_4223139861
[INFO] Tests run: 1, Failures: 0, Errors: 0, Skipped: 0, Time elapsed: 0 s - in codeit.gatcha.api.controller.AdminController_init_4223139861
[INFO] Running codeit.gatcha.api.controller.PublicationController_init_13614686250
[INFO] Tests run: 1, Failures: 0, Errors: 0, Skipped: 0, Time elapsed: 0 s - in codeit.gatcha.api.controller.PublicationController_init_13614686250
[INFO] Running codeit.gatcha.api.controller.QuestionController_init_19015645330
[INFO] Tests run: 1, Failures: 0, Errors: 0, Skipped: 0, Time elapsed: 0 s - in codeit.gatcha.api.controller.QuestionController_init_19015645330
[INFO] Running codeit.gatcha.api.controller.QuestionController_init_19015645331
[INFO] Tests run: 1, Failures: 0, Errors: 0, Skipped: 0, Time elapsed: 0 s - in codeit.gatcha.api.controller.QuestionController_init_19015645331
[INFO] Running codeit.gatcha.api.controller.SignupController_init_12111122390
[INFO] Tests run: 1, Failures: 0, Errors: 0, Skipped: 0, Time elapsed: 0 s - in codeit.gatcha.api.controller.SignupController_init_12111122390
[INFO] Running codeit.gatcha.api.controller.SignupController_init_12111122391
[INFO] Tests run: 1, Failures: 0, Errors: 0, Skipped: 0, Time elapsed: 0 s - in codeit.gatcha.api.controller.SignupController_init_12111122391
[INFO] Running codeit.gatcha.api.controller.PublicationController_init_13614686251
[INFO] Tests run: 1, Failures: 0, Errors: 0, Skipped: 0, Time elapsed: 0 s - in codeit.gatcha.api.controller.PublicationController_init_13614686251
[INFO] Running codeit.gatcha.api.errorhandler.GlobalErrorHandling_init_512783010
[INFO] Tests run: 1, Failures: 0, Errors: 0, Skipped: 0, Time elapsed: 0 s - in codeit.gatcha.api.errorhandler.GlobalErrorHandling_init_512783010
[INFO] Running codeit.gatcha.api.errorhandler.ValidationAdvice_init_14705216181
[INFO] Tests run: 1, Failures: 0, Errors: 0, Skipped: 0, Time elapsed: 0 s - in codeit.gatcha.api.errorhandler.ValidationAdvice_init_14705216181
[INFO] Running codeit.gatcha.api.errorhandler.ValidationAdvice_init_14705216180
[INFO] Tests run: 1, Failures: 0, Errors: 0, Skipped: 0, Time elapsed: 0 s - in codeit.gatcha.api.errorhandler.ValidationAdvice_init_14705216180
[INFO] Running codeit.gatcha.api.errorhandler.GlobalErrorHandling_init_512783011
[INFO] Tests run: 1, Failures: 0, Errors: 0, Skipped: 0, Time elapsed: 0 s - in codeit.gatcha.api.errorhandler.GlobalErrorHandling_init_512783011
[INFO] Running codeit.gatcha.api.security.entity.ConfirmationToken_setUser_140106822022
[INFO] Tests run: 1, Failures: 0, Errors: 0, Skipped: 0, Time elapsed: 0 s - in codeit.gatcha.api.security.entity.ConfirmationToken_setUser_140106822022
[INFO] Running codeit.gatcha.api.security.entity.ConfirmationToken_setId_2108166205
[INFO] Tests run: 1, Failures: 0, Errors: 0, Skipped: 0, Time elapsed: 0 s - in codeit.gatcha.api.security.entity.ConfirmationToken_setId_2108166205
[INFO] Running codeit.gatcha.api.security.entity.RefreshToken_RefreshTokenBuilder_userId_13570189153
[INFO] Tests run: 1, Failures: 0, Errors: 0, Skipped: 0, Time elapsed: 0 s - in codeit.gatcha.api.security.entity.RefreshToken_RefreshTokenBuilder_userId_13570189153
[INFO] Running codeit.gatcha.api.security.entity.ConfirmationToken_getConfirmationToken_10948729702
[INFO] Tests run: 1, Failures: 0, Errors: 0, Skipped: 0, Time elapsed: 0 s - in codeit.gatcha.api.security.entity.ConfirmationToken_getConfirmationToken_10948729702
[INFO] Running codeit.gatcha.api.security.entity.RefreshToken_RefreshTokenBuilder_id_10869784461
[INFO] Tests run: 1, Failures: 0, Errors: 0, Skipped: 0, Time elapsed: 0 s - in codeit.gatcha.api.security.entity.RefreshToken_RefreshTokenBuilder_id_10869784461
[INFO] Running codeit.gatcha.api.security.entity.RefreshToken_init_167265651312
[INFO] Tests run: 1, Failures: 0, Errors: 0, Skipped: 0, Time elapsed: 0 s - in codeit.gatcha.api.security.entity.RefreshToken_init_167265651312
[INFO] Running codeit.gatcha.api.security.entity.ConfirmationToken_canEqual_132780415024
[INFO] Tests run: 1, Failures: 0, Errors: 0, Skipped: 0, Time elapsed: 0 s - in codeit.gatcha.api.security.entity.ConfirmationToken_canEqual_132780415024
[INFO] Running codeit.gatcha.api.security.entity.ConfirmationToken_setCreatedDate_16308900497
[INFO] Tests run: 1, Failures: 0, Errors: 0, Skipped: 0, Time elapsed: 0 s - in codeit.gatcha.api.security.entity.ConfirmationToken_setCreatedDate_16308900497
[INFO] Running codeit.gatcha.api.security.entity.ConfirmationToken_setCreatedDate_163089004921
[INFO] Tests run: 1, Failures: 0, Errors: 0, Skipped: 0, Time elapsed: 0 s - in codeit.gatcha.api.security.entity.ConfirmationToken_setCreatedDate_163089004921
[INFO] Running codeit.gatcha.api.security.entity.ConfirmationToken_getUser_11763797904
[INFO] Tests run: 1, Failures: 0, Errors: 0, Skipped: 0, Time elapsed: 0 s - in codeit.gatcha.api.security.entity.ConfirmationToken_getUser_11763797904
[INFO] Running codeit.gatcha.api.security.entity.ConfirmationToken_setConfirmationToken_21422183146
[INFO] Tests run: 1, Failures: 0, Errors: 0, Skipped: 0, Time elapsed: 0 s - in codeit.gatcha.api.security.entity.ConfirmationToken_setConfirmationToken_21422183146
[INFO] Running codeit.gatcha.api.security.entity.RefreshToken_RefreshTokenBuilder_init_4938149180
[INFO] Tests run: 1, Failures: 0, Errors: 0, Skipped: 0, Time elapsed: 0 s - in codeit.gatcha.api.security.entity.RefreshToken_RefreshTokenBuilder_init_4938149180
[INFO] Running codeit.gatcha.api.security.entity.ConfirmationToken_toString_43580484426
[INFO] Tests run: 1, Failures: 0, Errors: 0, Skipped: 0, Time elapsed: 0 s - in codeit.gatcha.api.security.entity.ConfirmationToken_toString_43580484426
[INFO] Running codeit.gatcha.api.security.entity.RefreshToken_builder_12876579397
[INFO] Tests run: 1, Failures: 0, Errors: 0, Skipped: 0, Time elapsed: 0 s - in codeit.gatcha.api.security.entity.RefreshToken_builder_12876579397
[INFO] Running codeit.gatcha.api.security.entity.ConfirmationToken_getId_8104892181
[INFO] Tests run: 1, Failures: 0, Errors: 0, Skipped: 0, Time elapsed: 0 s - in codeit.gatcha.api.security.entity.ConfirmationToken_getId_8104892181
[INFO] Running codeit.gatcha.api.security.entity.RefreshToken_RefreshTokenBuilder_userId_135701891510
[INFO] Tests run: 1, Failures: 0, Errors: 0, Skipped: 0, Time elapsed: 0 s - in codeit.gatcha.api.security.entity.RefreshToken_RefreshTokenBuilder_userId_135701891510
[INFO] Running codeit.gatcha.api.security.entity.ConfirmationToken_init_10156118314
[INFO] Tests run: 1, Failures: 0, Errors: 0, Skipped: 0, Time elapsed: 0 s - in codeit.gatcha.api.security.entity.ConfirmationToken_init_10156118314
[INFO] Running codeit.gatcha.api.security.entity.RefreshToken_getValue_16336757839
[INFO] Tests run: 1, Failures: 0, Errors: 0, Skipped: 0, Time elapsed: 0 s - in codeit.gatcha.api.security.entity.RefreshToken_getValue_16336757839
[INFO] Running codeit.gatcha.api.security.entity.RefreshToken_getId_15018850361
[INFO] Tests run: 1, Failures: 0, Errors: 0, Skipped: 0, Time elapsed: 0 s - in codeit.gatcha.api.security.entity.RefreshToken_getId_15018850361
[INFO] Running codeit.gatcha.api.security.entity.ConfirmationToken_getCreatedDate_1975996313
[INFO] Tests run: 1, Failures: 0, Errors: 0, Skipped: 0, Time elapsed: 0 s - in codeit.gatcha.api.security.entity.ConfirmationToken_getCreatedDate_1975996313
[INFO] Running codeit.gatcha.api.security.entity.ConfirmationToken_hashCode_7495484625
[INFO] Tests run: 1, Failures: 0, Errors: 0, Skipped: 0, Time elapsed: 0 s - in codeit.gatcha.api.security.entity.ConfirmationToken_hashCode_7495484625
[INFO] Running codeit.gatcha.api.security.entity.RefreshToken_RefreshTokenBuilder_creationDate_154954640311
[INFO] Tests run: 1, Failures: 0, Errors: 0, Skipped: 0, Time elapsed: 0 s - in codeit.gatcha.api.security.entity.RefreshToken_RefreshTokenBuilder_creationDate_154954640311
[INFO] Running codeit.gatcha.api.security.entity.ConfirmationToken_setConfirmationToken_214221831420
[INFO] Tests run: 1, Failures: 0, Errors: 0, Skipped: 0, Time elapsed: 0 s - in codeit.gatcha.api.security.entity.ConfirmationToken_setConfirmationToken_214221831420
[INFO] Running codeit.gatcha.api.security.entity.ConfirmationToken_init_1015611830
[INFO] Tests run: 1, Failures: 0, Errors: 0, Skipped: 0, Time elapsed: 0 s - in codeit.gatcha.api.security.entity.ConfirmationToken_init_1015611830
[INFO] Running codeit.gatcha.api.security.entity.ConfirmationToken_toString_43580484412
[INFO] Tests run: 1, Failures: 0, Errors: 0, Skipped: 0, Time elapsed: 0 s - in codeit.gatcha.api.security.entity.ConfirmationToken_toString_43580484412
[INFO] Running codeit.gatcha.api.security.entity.ConfirmationToken_getId_81048921815
[INFO] Tests run: 1, Failures: 0, Errors: 0, Skipped: 0, Time elapsed: 0 s - in codeit.gatcha.api.security.entity.ConfirmationToken_getId_81048921815
[INFO] Running codeit.gatcha.api.security.entity.ConfirmationToken_setId_21081662019
[INFO] Tests run: 1, Failures: 0, Errors: 0, Skipped: 0, Time elapsed: 0 s - in codeit.gatcha.api.security.entity.ConfirmationToken_setId_21081662019
[INFO] Running codeit.gatcha.api.security.entity.ConfirmationToken_getConfirmationToken_109487297016
[INFO] Tests run: 1, Failures: 0, Errors: 0, Skipped: 0, Time elapsed: 0 s - in codeit.gatcha.api.security.entity.ConfirmationToken_getConfirmationToken_109487297016
[INFO] Running codeit.gatcha.api.security.entity.RefreshToken_init_16726565135
[INFO] Tests run: 1, Failures: 0, Errors: 0, Skipped: 0, Time elapsed: 0 s - in codeit.gatcha.api.security.entity.RefreshToken_init_16726565135
[INFO] Running codeit.gatcha.api.security.entity.RefreshToken_RefreshTokenBuilder_build_12189709245
[INFO] Tests run: 1, Failures: 0, Errors: 0, Skipped: 0, Time elapsed: 0 s - in codeit.gatcha.api.security.entity.RefreshToken_RefreshTokenBuilder_build_12189709245
[INFO] Running codeit.gatcha.api.security.entity.RefreshToken_RefreshTokenBuilder_toString_10392707696
[INFO] Tests run: 1, Failures: 0, Errors: 0, Skipped: 0, Time elapsed: 0 s - in codeit.gatcha.api.security.entity.RefreshToken_RefreshTokenBuilder_toString_10392707696
[INFO] Running codeit.gatcha.api.security.entity.RefreshToken_RefreshTokenBuilder_value_6389858379
[INFO] Tests run: 1, Failures: 0, Errors: 0, Skipped: 0, Time elapsed: 0 s - in codeit.gatcha.api.security.entity.RefreshToken_RefreshTokenBuilder_value_6389858379
[INFO] Running codeit.gatcha.api.security.entity.RefreshToken_RefreshTokenBuilder_creationDate_15495464034
[INFO] Tests run: 1, Failures: 0, Errors: 0, Skipped: 0, Time elapsed: 0 s - in codeit.gatcha.api.security.entity.RefreshToken_RefreshTokenBuilder_creationDate_15495464034
[INFO] Running codeit.gatcha.api.security.entity.ConfirmationToken_init_98126069527
[INFO] Tests run: 1, Failures: 0, Errors: 0, Skipped: 0, Time elapsed: 0 s - in codeit.gatcha.api.security.entity.ConfirmationToken_init_98126069527
[INFO] Running codeit.gatcha.api.security.entity.ConfirmationToken_getCreatedDate_19759963117
[INFO] Tests run: 1, Failures: 0, Errors: 0, Skipped: 0, Time elapsed: 0 s - in codeit.gatcha.api.security.entity.ConfirmationToken_getCreatedDate_19759963117
[INFO] Running codeit.gatcha.api.security.entity.RefreshToken_getCreationDate_3625942594
[INFO] Tests run: 1, Failures: 0, Errors: 0, Skipped: 0, Time elapsed: 0 s - in codeit.gatcha.api.security.entity.RefreshToken_getCreationDate_3625942594
[INFO] Running codeit.gatcha.api.security.entity.RefreshToken_RefreshTokenBuilder_id_10869784468
[INFO] Tests run: 1, Failures: 0, Errors: 0, Skipped: 0, Time elapsed: 0 s - in codeit.gatcha.api.security.entity.RefreshToken_RefreshTokenBuilder_id_10869784468
[INFO] Running codeit.gatcha.api.security.entity.RefreshToken_getValue_16336757832
[INFO] Tests run: 1, Failures: 0, Errors: 0, Skipped: 0, Time elapsed: 0 s - in codeit.gatcha.api.security.entity.RefreshToken_getValue_16336757832
[INFO] Running codeit.gatcha.api.security.entity.RefreshToken_getId_15018850368
[INFO] Tests run: 1, Failures: 0, Errors: 0, Skipped: 0, Time elapsed: 0 s - in codeit.gatcha.api.security.entity.RefreshToken_getId_15018850368
[INFO] Running codeit.gatcha.api.security.entity.RefreshToken_RefreshTokenBuilder_value_6389858372
[INFO] Tests run: 1, Failures: 0, Errors: 0, Skipped: 0, Time elapsed: 0 s - in codeit.gatcha.api.security.entity.RefreshToken_RefreshTokenBuilder_value_6389858372
[INFO] Running codeit.gatcha.api.security.entity.ConfirmationToken_canEqual_132780415010
[INFO] Tests run: 1, Failures: 0, Errors: 0, Skipped: 0, Time elapsed: 0 s - in codeit.gatcha.api.security.entity.ConfirmationToken_canEqual_132780415010
[INFO] Running codeit.gatcha.api.security.entity.RefreshToken_RefreshTokenBuilder_init_4938149187
[INFO] Tests run: 1, Failures: 0, Errors: 0, Skipped: 0, Time elapsed: 0 s - in codeit.gatcha.api.security.entity.RefreshToken_RefreshTokenBuilder_init_4938149187
[INFO] Running codeit.gatcha.api.security.entity.ConfirmationToken_hashCode_7495484611
[INFO] Tests run: 1, Failures: 0, Errors: 0, Skipped: 0, Time elapsed: 0 s - in codeit.gatcha.api.security.entity.ConfirmationToken_hashCode_7495484611
[INFO] Running codeit.gatcha.api.security.entity.ConfirmationToken_setUser_14010682208
[INFO] Tests run: 1, Failures: 0, Errors: 0, Skipped: 0, Time elapsed: 0 s - in codeit.gatcha.api.security.entity.ConfirmationToken_setUser_14010682208
[INFO] Running codeit.gatcha.api.security.entity.RefreshToken_RefreshTokenBuilder_toString_103927076913
[INFO] Tests run: 1, Failures: 0, Errors: 0, Skipped: 0, Time elapsed: 0 s - in codeit.gatcha.api.security.entity.RefreshToken_RefreshTokenBuilder_toString_103927076913
[INFO] Running codeit.gatcha.api.security.entity.RefreshToken_init_140647021113
[INFO] Tests run: 1, Failures: 0, Errors: 0, Skipped: 0, Time elapsed: 0 s - in codeit.gatcha.api.security.entity.RefreshToken_init_140647021113
[INFO] Running codeit.gatcha.api.security.entity.RefreshToken_builder_12876579390
[INFO] Tests run: 1, Failures: 0, Errors: 0, Skipped: 0, Time elapsed: 0 s - in codeit.gatcha.api.security.entity.RefreshToken_builder_12876579390
[INFO] Running codeit.gatcha.api.security.entity.RefreshToken_getUserId_38465663910
[INFO] Tests run: 1, Failures: 0, Errors: 0, Skipped: 0, Time elapsed: 0 s - in codeit.gatcha.api.security.entity.RefreshToken_getUserId_38465663910
[INFO] Running codeit.gatcha.api.security.entity.ConfirmationToken_equals_5236415219
[INFO] Tests run: 1, Failures: 0, Errors: 0, Skipped: 0, Time elapsed: 0 s - in codeit.gatcha.api.security.entity.ConfirmationToken_equals_5236415219
[INFO] Running codeit.gatcha.api.security.entity.ConfirmationToken_init_98126069513
[INFO] Tests run: 1, Failures: 0, Errors: 0, Skipped: 0, Time elapsed: 0 s - in codeit.gatcha.api.security.entity.ConfirmationToken_init_98126069513
[INFO] Running codeit.gatcha.api.security.entity.RefreshToken_getCreationDate_36259425911
[INFO] Tests run: 1, Failures: 0, Errors: 0, Skipped: 0, Time elapsed: 0 s - in codeit.gatcha.api.security.entity.RefreshToken_getCreationDate_36259425911
[INFO] Running codeit.gatcha.api.security.entity.ConfirmationToken_getUser_117637979018
[INFO] Tests run: 1, Failures: 0, Errors: 0, Skipped: 0, Time elapsed: 0 s - in codeit.gatcha.api.security.entity.ConfirmationToken_getUser_117637979018
[INFO] Running codeit.gatcha.api.security.entity.RefreshToken_RefreshTokenBuilder_build_121897092412
[INFO] Tests run: 1, Failures: 0, Errors: 0, Skipped: 0, Time elapsed: 0 s - in codeit.gatcha.api.security.entity.RefreshToken_RefreshTokenBuilder_build_121897092412
[INFO] Running codeit.gatcha.api.security.entity.RefreshToken_init_14064702116
[INFO] Tests run: 1, Failures: 0, Errors: 0, Skipped: 0, Time elapsed: 0 s - in codeit.gatcha.api.security.entity.RefreshToken_init_14064702116
[INFO] Running codeit.gatcha.api.security.entity.RefreshToken_getUserId_3846566393
[INFO] Tests run: 1, Failures: 0, Errors: 0, Skipped: 0, Time elapsed: 0 s - in codeit.gatcha.api.security.entity.RefreshToken_getUserId_3846566393
[INFO] Running codeit.gatcha.api.security.entity.ConfirmationToken_equals_52364152123
[INFO] Tests run: 1, Failures: 0, Errors: 0, Skipped: 0, Time elapsed: 0 s - in codeit.gatcha.api.security.entity.ConfirmationToken_equals_52364152123
[INFO] Running codeit.gatcha.api.security.controller.AuthenticationController_init_11902645311
[INFO] Tests run: 1, Failures: 0, Errors: 0, Skipped: 0, Time elapsed: 0 s - in codeit.gatcha.api.security.controller.AuthenticationController_init_11902645311
[INFO] Running codeit.gatcha.api.security.controller.AuthenticationController_init_11902645310
[INFO] Tests run: 1, Failures: 0, Errors: 0, Skipped: 0, Time elapsed: 0 s - in codeit.gatcha.api.security.controller.AuthenticationController_init_11902645310
[INFO] Running codeit.gatcha.api.security.dto.AuthenticationResponse_init_152309960810
[INFO] Tests run: 1, Failures: 0, Errors: 0, Skipped: 0, Time elapsed: 0 s - in codeit.gatcha.api.security.dto.AuthenticationResponse_init_152309960810
[INFO] Running codeit.gatcha.api.security.dto.SignOutRequestDto_init_8823684243
[INFO] Tests run: 1, Failures: 0, Errors: 0, Skipped: 0, Time elapsed: 0 s - in codeit.gatcha.api.security.dto.SignOutRequestDto_init_8823684243
[INFO] Running codeit.gatcha.api.security.dto.AuthenticationRequest_init_215634543
[INFO] Tests run: 1, Failures: 0, Errors: 0, Skipped: 0, Time elapsed: 0 s - in codeit.gatcha.api.security.dto.AuthenticationRequest_init_215634543
[INFO] Running codeit.gatcha.api.security.dto.SignOutRequestDto_init_8823684240
[INFO] Tests run: 1, Failures: 0, Errors: 0, Skipped: 0, Time elapsed: 0 s - in codeit.gatcha.api.security.dto.SignOutRequestDto_init_8823684240
[INFO] Running codeit.gatcha.api.security.dto.AuthenticationResponse_getUserName_14271484838
[INFO] Tests run: 1, Failures: 0, Errors: 0, Skipped: 0, Time elapsed: 0 s - in codeit.gatcha.api.security.dto.AuthenticationResponse_getUserName_14271484838
[INFO] Running codeit.gatcha.api.security.dto.AuthenticationResponse_setAccessToken_20181597224
[INFO] Tests run: 1, Failures: 0, Errors: 0, Skipped: 0, Time elapsed: 0 s - in codeit.gatcha.api.security.dto.AuthenticationResponse_setAccessToken_20181597224
[INFO] Running codeit.gatcha.api.security.dto.AuthenticationResponse_setRefreshToken_176712793312
[INFO] Tests run: 1, Failures: 0, Errors: 0, Skipped: 0, Time elapsed: 0 s - in codeit.gatcha.api.security.dto.AuthenticationResponse_setRefreshToken_176712793312
[INFO] Running codeit.gatcha.api.security.dto.AuthenticationRequest_getUserName_4596180611
[INFO] Tests run: 1, Failures: 0, Errors: 0, Skipped: 0, Time elapsed: 0 s - in codeit.gatcha.api.security.dto.AuthenticationRequest_getUserName_4596180611
[INFO] Running codeit.gatcha.api.security.dto.AuthenticationResponse_getAccessToken_21212105387
[INFO] Tests run: 1, Failures: 0, Errors: 0, Skipped: 0, Time elapsed: 0 s - in codeit.gatcha.api.security.dto.AuthenticationResponse_getAccessToken_21212105387
[INFO] Running codeit.gatcha.api.security.dto.AuthenticationResponse_init_65960382911
[INFO] Tests run: 1, Failures: 0, Errors: 0, Skipped: 0, Time elapsed: 0 s - in codeit.gatcha.api.security.dto.AuthenticationResponse_init_65960382911
[INFO] Running codeit.gatcha.api.security.dto.SignOutRequestDto_init_10346215471
[INFO] Tests run: 1, Failures: 0, Errors: 0, Skipped: 0, Time elapsed: 0 s - in codeit.gatcha.api.security.dto.SignOutRequestDto_init_10346215471
[INFO] Running codeit.gatcha.api.security.dto.AuthenticationResponse_getRefreshToken_153349853915
[INFO] Tests run: 1, Failures: 0, Errors: 0, Skipped: 0, Time elapsed: 0 s - in codeit.gatcha.api.security.dto.AuthenticationResponse_getRefreshToken_153349853915
[INFO] Running codeit.gatcha.api.security.dto.AuthenticationResponse_init_15230996081
[INFO] Tests run: 1, Failures: 0, Errors: 0, Skipped: 0, Time elapsed: 0 s - in codeit.gatcha.api.security.dto.AuthenticationResponse_init_15230996081
[INFO] Running codeit.gatcha.api.security.dto.AuthenticationResponse_getUserName_142714848317
[INFO] Tests run: 1, Failures: 0, Errors: 0, Skipped: 0, Time elapsed: 0 s - in codeit.gatcha.api.security.dto.AuthenticationResponse_getUserName_142714848317
[INFO] Running codeit.gatcha.api.security.dto.SignOutRequestDto_init_10346215474
[INFO] Tests run: 1, Failures: 0, Errors: 0, Skipped: 0, Time elapsed: 0 s - in codeit.gatcha.api.security.dto.SignOutRequestDto_init_10346215474
[INFO] Running codeit.gatcha.api.security.dto.AuthenticationResponse_setUserName_1591939575
[INFO] Tests run: 1, Failures: 0, Errors: 0, Skipped: 0, Time elapsed: 0 s - in codeit.gatcha.api.security.dto.AuthenticationResponse_setUserName_1591939575
[INFO] Running codeit.gatcha.api.security.dto.AuthenticationRequest_init_215634540
[INFO] Tests run: 1, Failures: 0, Errors: 0, Skipped: 0, Time elapsed: 0 s - in codeit.gatcha.api.security.dto.AuthenticationRequest_init_215634540
[INFO] Running codeit.gatcha.api.security.dto.AuthenticationRequest_getPassword_3205446262
[INFO] Tests run: 1, Failures: 0, Errors: 0, Skipped: 0, Time elapsed: 0 s - in codeit.gatcha.api.security.dto.AuthenticationRequest_getPassword_3205446262
[INFO] Running codeit.gatcha.api.security.dto.AuthenticationResponse_init_6596038292
[INFO] Tests run: 1, Failures: 0, Errors: 0, Skipped: 0, Time elapsed: 0 s - in codeit.gatcha.api.security.dto.AuthenticationResponse_init_6596038292
[INFO] Running codeit.gatcha.api.security.dto.AuthenticationResponse_init_13708464859
[INFO] Tests run: 1, Failures: 0, Errors: 0, Skipped: 0, Time elapsed: 0 s - in codeit.gatcha.api.security.dto.AuthenticationResponse_init_13708464859
[INFO] Running codeit.gatcha.api.security.dto.AuthenticationResponse_setRefreshToken_17671279333
[INFO] Tests run: 1, Failures: 0, Errors: 0, Skipped: 0, Time elapsed: 0 s - in codeit.gatcha.api.security.dto.AuthenticationResponse_setRefreshToken_17671279333
[INFO] Running codeit.gatcha.api.security.dto.AuthenticationResponse_setAccessToken_201815972213
[INFO] Tests run: 1, Failures: 0, Errors: 0, Skipped: 0, Time elapsed: 0 s - in codeit.gatcha.api.security.dto.AuthenticationResponse_setAccessToken_201815972213
[INFO] Running codeit.gatcha.api.security.dto.AuthenticationResponse_getAccessToken_212121053816
[INFO] Tests run: 1, Failures: 0, Errors: 0, Skipped: 0, Time elapsed: 0 s - in codeit.gatcha.api.security.dto.AuthenticationResponse_getAccessToken_212121053816
[INFO] Running codeit.gatcha.api.security.dto.AuthenticationResponse_init_13708464850
[INFO] Tests run: 1, Failures: 0, Errors: 0, Skipped: 0, Time elapsed: 0 s - in codeit.gatcha.api.security.dto.AuthenticationResponse_init_13708464850
[INFO] Running codeit.gatcha.api.security.dto.AuthenticationRequest_getUserName_4596180614
[INFO] Tests run: 1, Failures: 0, Errors: 0, Skipped: 0, Time elapsed: 0 s - in codeit.gatcha.api.security.dto.AuthenticationRequest_getUserName_4596180614
[INFO] Running codeit.gatcha.api.security.dto.AuthenticationResponse_setUserName_15919395714
[INFO] Tests run: 1, Failures: 0, Errors: 0, Skipped: 0, Time elapsed: 0 s - in codeit.gatcha.api.security.dto.AuthenticationResponse_setUserName_15919395714
[INFO] Running codeit.gatcha.api.security.dto.SignOutRequestDto_getRefreshToken_8719694932
[INFO] Tests run: 1, Failures: 0, Errors: 0, Skipped: 0, Time elapsed: 0 s - in codeit.gatcha.api.security.dto.SignOutRequestDto_getRefreshToken_8719694932
[INFO] Running codeit.gatcha.api.security.dto.SignOutRequestDto_getRefreshToken_8719694935
[INFO] Tests run: 1, Failures: 0, Errors: 0, Skipped: 0, Time elapsed: 0.001 s - in codeit.gatcha.api.security.dto.SignOutRequestDto_getRefreshToken_8719694935
[INFO] Running codeit.gatcha.api.security.dto.AuthenticationRequest_getPassword_3205446265
[INFO] Tests run: 1, Failures: 0, Errors: 0, Skipped: 0, Time elapsed: 0.001 s - in codeit.gatcha.api.security.dto.AuthenticationRequest_getPassword_3205446265
[INFO] Running codeit.gatcha.api.security.dto.AuthenticationResponse_getRefreshToken_15334985396
[INFO] Tests run: 1, Failures: 0, Errors: 0, Skipped: 0, Time elapsed: 0 s - in codeit.gatcha.api.security.dto.AuthenticationResponse_getRefreshToken_15334985396
[INFO] Running codeit.gatcha.api.security.service.API_SignUpService_init_4532420050
[INFO] Tests run: 1, Failures: 0, Errors: 0, Skipped: 0, Time elapsed: 0 s - in codeit.gatcha.api.security.service.API_SignUpService_init_4532420050
[INFO] Running codeit.gatcha.api.security.service.RefreshTokenService_deleteByValue_19867818942
[ERROR] Tests run: 1, Failures: 0, Errors: 1, Skipped: 0, Time elapsed: 0 s <<< FAILURE! - in codeit.gatcha.api.security.service.RefreshTokenService_deleteByValue_19867818942
[ERROR] test  Time elapsed: 0 s  <<< ERROR!
java.lang.NullPointerException
	at codeit.gatcha.api.security.service.RefreshTokenService_deleteByValue_19867818942.test(RefreshTokenService_deleteByValue_19867818942.java:42)

[INFO] Running codeit.gatcha.api.security.service.RefreshTokenService_saveNewRefreshToken_15659470941
[ERROR] Tests run: 1, Failures: 0, Errors: 1, Skipped: 0, Time elapsed: 0.001 s <<< FAILURE! - in codeit.gatcha.api.security.service.RefreshTokenService_saveNewRefreshToken_15659470941
[ERROR] test  Time elapsed: 0 s  <<< ERROR!
java.lang.NullPointerException
	at codeit.gatcha.api.security.service.RefreshTokenService_saveNewRefreshToken_15659470941.test(RefreshTokenService_saveNewRefreshToken_15659470941.java:67)

[INFO] Running codeit.gatcha.api.security.service.JwtService_init_6323739591
[INFO] Tests run: 1, Failures: 0, Errors: 0, Skipped: 0, Time elapsed: 0 s - in codeit.gatcha.api.security.service.JwtService_init_6323739591
[INFO] Running codeit.gatcha.api.security.service.JwtService_init_6323739590
[INFO] Tests run: 1, Failures: 0, Errors: 0, Skipped: 0, Time elapsed: 0 s - in codeit.gatcha.api.security.service.JwtService_init_6323739590
[INFO] Running codeit.gatcha.api.security.service.RefreshTokenService_refreshTokenExists_2939446050
[ERROR] Tests run: 1, Failures: 0, Errors: 1, Skipped: 0, Time elapsed: 0 s <<< FAILURE! - in codeit.gatcha.api.security.service.RefreshTokenService_refreshTokenExists_2939446050
[ERROR] test  Time elapsed: 0 s  <<< ERROR!
java.lang.NullPointerException
	at codeit.gatcha.api.security.service.RefreshTokenService_refreshTokenExists_2939446050.test(RefreshTokenService_refreshTokenExists_2939446050.java:42)

[INFO] Running codeit.gatcha.api.security.service.CustomUserDetails_CustomUserDetailsBuilder_init_13142265801
[INFO] Tests run: 1, Failures: 0, Errors: 0, Skipped: 0, Time elapsed: 0 s - in codeit.gatcha.api.security.service.CustomUserDetails_CustomUserDetailsBuilder_init_13142265801
[INFO] Running codeit.gatcha.api.security.service.API_SignUpService_init_4532420051
[INFO] Tests run: 1, Failures: 0, Errors: 0, Skipped: 0, Time elapsed: 0 s - in codeit.gatcha.api.security.service.API_SignUpService_init_4532420051
[INFO] Running codeit.gatcha.api.security.service.CustomUserDetails_CustomUserDetailsBuilder_init_13142265800
[INFO] Tests run: 1, Failures: 0, Errors: 0, Skipped: 0, Time elapsed: 0.001 s - in codeit.gatcha.api.security.service.CustomUserDetails_CustomUserDetailsBuilder_init_13142265800
[INFO] Running codeit.gatcha.api.security.service.ConfirmationTokenService_confirmationTokenDoesntExist_4770072950
[ERROR] Tests run: 1, Failures: 0, Errors: 1, Skipped: 0, Time elapsed: 0 s <<< FAILURE! - in codeit.gatcha.api.security.service.ConfirmationTokenService_confirmationTokenDoesntExist_4770072950
[ERROR] test  Time elapsed: 0 s  <<< ERROR!
java.lang.NullPointerException
	at codeit.gatcha.api.security.service.ConfirmationTokenService_confirmationTokenDoesntExist_4770072950.test(ConfirmationTokenService_confirmationTokenDoesntExist_4770072950.java:42)

[INFO] Running codeit.gatcha.api.swagger.SwaggerConfig_init_8313376731
[INFO] Tests run: 1, Failures: 0, Errors: 0, Skipped: 0, Time elapsed: 0 s - in codeit.gatcha.api.swagger.SwaggerConfig_init_8313376731
[INFO] Running codeit.gatcha.api.swagger.SwaggerConfig_init_8313376730
[INFO] Tests run: 1, Failures: 0, Errors: 0, Skipped: 0, Time elapsed: 0 s - in codeit.gatcha.api.swagger.SwaggerConfig_init_8313376730
[INFO] Running codeit.gatcha.api.service.question.API_QuestionFetchService_getUserAnswerToQuestion_3242100343
[ERROR] Tests run: 1, Failures: 0, Errors: 1, Skipped: 0, Time elapsed: 0 s <<< FAILURE! - in codeit.gatcha.api.service.question.API_QuestionFetchService_getUserAnswerToQuestion_3242100343
[ERROR] test  Time elapsed: 0 s  <<< ERROR!
java.lang.NullPointerException
	at codeit.gatcha.api.service.question.API_QuestionFetchService_getUserAnswerToQuestion_3242100343.test(API_QuestionFetchService_getUserAnswerToQuestion_3242100343.java:73)

[INFO] Running codeit.gatcha.api.service.question.API_QuestionFetchService_answersArePublished_253579482
[ERROR] Tests run: 1, Failures: 0, Errors: 1, Skipped: 0, Time elapsed: 0 s <<< FAILURE! - in codeit.gatcha.api.service.question.API_QuestionFetchService_answersArePublished_253579482
[ERROR] test  Time elapsed: 0 s  <<< ERROR!
java.lang.NullPointerException
	at codeit.gatcha.api.service.question.API_QuestionFetchService_answersArePublished_253579482.test(API_QuestionFetchService_answersArePublished_253579482.java:65)

[INFO] Running codeit.gatcha.api.service.question.API_QuestionFetchService_getAllValidQuestionsWithUserAnswersDTO_3490993001
[ERROR] Tests run: 1, Failures: 0, Errors: 1, Skipped: 0, Time elapsed: 0 s <<< FAILURE! - in codeit.gatcha.api.service.question.API_QuestionFetchService_getAllValidQuestionsWithUserAnswersDTO_3490993001
[ERROR] test  Time elapsed: 0 s  <<< ERROR!
java.lang.NullPointerException
	at codeit.gatcha.api.service.question.API_QuestionFetchService_getAllValidQuestionsWithUserAnswersDTO_3490993001.test(API_QuestionFetchService_getAllValidQuestionsWithUserAnswersDTO_3490993001.java:40)

[INFO] Running codeit.gatcha.api.service.question.API_QuestionFetchService_getAllValidQuestionsDTO_890891340
[ERROR] Tests run: 1, Failures: 0, Errors: 1, Skipped: 0, Time elapsed: 0 s <<< FAILURE! - in codeit.gatcha.api.service.question.API_QuestionFetchService_getAllValidQuestionsDTO_890891340
[ERROR] test  Time elapsed: 0 s  <<< ERROR!
java.lang.NullPointerException
	at codeit.gatcha.api.service.question.API_QuestionFetchService_getAllValidQuestionsDTO_890891340.test(API_QuestionFetchService_getAllValidQuestionsDTO_890891340.java:40)

[INFO] Running codeit.gatcha.domain.user.entity.GatchaUser_GatchaUserBuilder_build_21314111016
[INFO] Tests run: 1, Failures: 0, Errors: 0, Skipped: 0, Time elapsed: 0 s - in codeit.gatcha.domain.user.entity.GatchaUser_GatchaUserBuilder_build_21314111016
[INFO] Running codeit.gatcha.domain.user.entity.Authority_builder_7293299740
[INFO] Tests run: 1, Failures: 0, Errors: 0, Skipped: 0, Time elapsed: 0 s - in codeit.gatcha.domain.user.entity.Authority_builder_7293299740
[INFO] Running codeit.gatcha.domain.user.entity.GatchaUser_GatchaUserBuilder_init_6349561138
[INFO] Tests run: 1, Failures: 0, Errors: 0, Skipped: 0, Time elapsed: 0 s - in codeit.gatcha.domain.user.entity.GatchaUser_GatchaUserBuilder_init_6349561138
[INFO] Running codeit.gatcha.domain.user.entity.Authority_getRole_11195232228
[INFO] Tests run: 1, Failures: 0, Errors: 0, Skipped: 0, Time elapsed: 0 s - in codeit.gatcha.domain.user.entity.Authority_getRole_11195232228
[INFO] Running codeit.gatcha.domain.user.entity.GatchaUser_getEmail_180458032020
[INFO] Tests run: 1, Failures: 0, Errors: 0, Skipped: 0, Time elapsed: 0.001 s - in codeit.gatcha.domain.user.entity.GatchaUser_getEmail_180458032020
[INFO] Running codeit.gatcha.domain.user.entity.GatchaUser_builder_21353245721
[INFO] Tests run: 1, Failures: 0, Errors: 0, Skipped: 0, Time elapsed: 0.001 s - in codeit.gatcha.domain.user.entity.GatchaUser_builder_21353245721
[INFO] Running codeit.gatcha.domain.user.entity.GatchaUser_init_3545949550
[INFO] Tests run: 1, Failures: 0, Errors: 0, Skipped: 0, Time elapsed: 0 s - in codeit.gatcha.domain.user.entity.GatchaUser_init_3545949550
[INFO] Running codeit.gatcha.domain.user.entity.GatchaUser_init_18154342793
[INFO] Tests run: 1, Failures: 0, Errors: 0, Skipped: 0, Time elapsed: 0 s - in codeit.gatcha.domain.user.entity.GatchaUser_init_18154342793
[INFO] Running codeit.gatcha.domain.user.entity.GatchaUser_GatchaUserBuilder_toString_11804119647
[INFO] Tests run: 1, Failures: 0, Errors: 0, Skipped: 0, Time elapsed: 0 s - in codeit.gatcha.domain.user.entity.GatchaUser_GatchaUserBuilder_toString_11804119647
[INFO] Running codeit.gatcha.domain.user.entity.GatchaUser_setPassword_179530767726
[INFO] Tests run: 1, Failures: 0, Errors: 0, Skipped: 0, Time elapsed: 0 s - in codeit.gatcha.domain.user.entity.GatchaUser_setPassword_179530767726
[INFO] Running codeit.gatcha.domain.user.entity.Authority_getUsers_21080229639
[INFO] Tests run: 1, Failures: 0, Errors: 0, Skipped: 0, Time elapsed: 0 s - in codeit.gatcha.domain.user.entity.Authority_getUsers_21080229639
[INFO] Running codeit.gatcha.domain.user.entity.GatchaUser_GatchaUserBuilder_password_10139995434
[INFO] Tests run: 1, Failures: 0, Errors: 0, Skipped: 0, Time elapsed: 0 s - in codeit.gatcha.domain.user.entity.GatchaUser_GatchaUserBuilder_password_10139995434
[INFO] Running codeit.gatcha.domain.user.entity.GatchaUser_getAuthority_19379075605
[INFO] Tests run: 1, Failures: 0, Errors: 0, Skipped: 0, Time elapsed: 0 s - in codeit.gatcha.domain.user.entity.GatchaUser_getAuthority_19379075605
[INFO] Running codeit.gatcha.domain.user.entity.Authority_init_6606374414
[INFO] Tests run: 1, Failures: 0, Errors: 0, Skipped: 0, Time elapsed: 0 s - in codeit.gatcha.domain.user.entity.Authority_init_6606374414
[INFO] Running codeit.gatcha.domain.user.entity.Authority_getId_4898659647
[INFO] Tests run: 1, Failures: 0, Errors: 0, Skipped: 0, Time elapsed: 0 s - in codeit.gatcha.domain.user.entity.Authority_getId_4898659647
[INFO] Running codeit.gatcha.domain.user.entity.GatchaUser_setId_121813663823
[INFO] Tests run: 1, Failures: 0, Errors: 0, Skipped: 0, Time elapsed: 0 s - in codeit.gatcha.domain.user.entity.GatchaUser_setId_121813663823
[INFO] Running codeit.gatcha.domain.user.entity.GatchaUser_setAuthority_61325772224
[INFO] Tests run: 1, Failures: 0, Errors: 0, Skipped: 0, Time elapsed: 0 s - in codeit.gatcha.domain.user.entity.GatchaUser_setAuthority_61325772224
[INFO] Running codeit.gatcha.domain.user.entity.GatchaUser_setEnabled_179106013827
[INFO] Tests run: 1, Failures: 0, Errors: 0, Skipped: 0, Time elapsed: 0 s - in codeit.gatcha.domain.user.entity.GatchaUser_setEnabled_179106013827
[INFO] Running codeit.gatcha.domain.user.entity.Authority_getRole_11195232222
[INFO] Tests run: 1, Failures: 0, Errors: 0, Skipped: 0, Time elapsed: 0 s - in codeit.gatcha.domain.user.entity.Authority_getRole_11195232222
[INFO] Running codeit.gatcha.domain.user.entity.GatchaUser_GatchaUserBuilder_email_19162243923
[INFO] Tests run: 1, Failures: 0, Errors: 0, Skipped: 0, Time elapsed: 0 s - in codeit.gatcha.domain.user.entity.GatchaUser_GatchaUserBuilder_email_19162243923
[INFO] Running codeit.gatcha.domain.user.entity.Authority_AuthorityBuilder_build_11504504994
[INFO] Tests run: 1, Failures: 0, Errors: 0, Skipped: 0, Time elapsed: 0 s - in codeit.gatcha.domain.user.entity.Authority_AuthorityBuilder_build_11504504994
[INFO] Running codeit.gatcha.domain.user.entity.GatchaUser_setEnabled_179106013813
[INFO] Tests run: 1, Failures: 0, Errors: 0, Skipped: 0, Time elapsed: 0 s - in codeit.gatcha.domain.user.entity.GatchaUser_setEnabled_179106013813
[INFO] Running codeit.gatcha.domain.user.entity.Authority_AuthorityBuilder_role_13379888822
[INFO] Tests run: 1, Failures: 0, Errors: 0, Skipped: 0, Time elapsed: 0 s - in codeit.gatcha.domain.user.entity.Authority_AuthorityBuilder_role_13379888822
[INFO] Running codeit.gatcha.domain.user.entity.Authority_init_66063744110
[INFO] Tests run: 1, Failures: 0, Errors: 0, Skipped: 0, Time elapsed: 0 s - in codeit.gatcha.domain.user.entity.Authority_init_66063744110
[INFO] Running codeit.gatcha.domain.user.entity.GatchaUser_setPassword_179530767712
[INFO] Tests run: 1, Failures: 0, Errors: 0, Skipped: 0, Time elapsed: 0.001 s - in codeit.gatcha.domain.user.entity.GatchaUser_setPassword_179530767712
[INFO] Running codeit.gatcha.domain.user.entity.Authority_AuthorityBuilder_init_10838788956
[INFO] Tests run: 1, Failures: 0, Errors: 0, Skipped: 0, Time elapsed: 0 s - in codeit.gatcha.domain.user.entity.Authority_AuthorityBuilder_init_10838788956
[INFO] Running codeit.gatcha.domain.user.entity.GatchaUser_GatchaUserBuilder_id_17725683021
[INFO] Tests run: 1, Failures: 0, Errors: 0, Skipped: 0, Time elapsed: 0 s - in codeit.gatcha.domain.user.entity.GatchaUser_GatchaUserBuilder_id_17725683021
[INFO] Running codeit.gatcha.domain.user.entity.GatchaUser_getEmail_18045803206
[INFO] Tests run: 1, Failures: 0, Errors: 0, Skipped: 0, Time elapsed: 0 s - in codeit.gatcha.domain.user.entity.GatchaUser_getEmail_18045803206
[INFO] Running codeit.gatcha.domain.user.entity.GatchaUser_init_260593232
[INFO] Tests run: 1, Failures: 0, Errors: 0, Skipped: 0, Time elapsed: 0 s - in codeit.gatcha.domain.user.entity.GatchaUser_init_260593232
[INFO] Running codeit.gatcha.domain.user.entity.GatchaUser_GatchaUserBuilder_enabled_75760505413
[INFO] Tests run: 1, Failures: 0, Errors: 0, Skipped: 0, Time elapsed: 0 s - in codeit.gatcha.domain.user.entity.GatchaUser_GatchaUserBuilder_enabled_75760505413
[INFO] Running codeit.gatcha.domain.user.entity.GatchaUser_setId_12181366389
[INFO] Tests run: 1, Failures: 0, Errors: 0, Skipped: 0, Time elapsed: 0 s - in codeit.gatcha.domain.user.entity.GatchaUser_setId_12181366389
[INFO] Running codeit.gatcha.domain.user.entity.Authority_AuthorityBuilder_init_10838788950
[INFO] Tests run: 1, Failures: 0, Errors: 0, Skipped: 0, Time elapsed: 0 s - in codeit.gatcha.domain.user.entity.Authority_AuthorityBuilder_init_10838788950
[INFO] Running codeit.gatcha.domain.user.entity.GatchaUser_builder_213532457215
[INFO] Tests run: 1, Failures: 0, Errors: 0, Skipped: 0, Time elapsed: 0 s - in codeit.gatcha.domain.user.entity.GatchaUser_builder_213532457215
[INFO] Running codeit.gatcha.domain.user.entity.GatchaUser_init_181543427917
[INFO] Tests run: 1, Failures: 0, Errors: 0, Skipped: 0, Time elapsed: 0 s - in codeit.gatcha.domain.user.entity.GatchaUser_init_181543427917
[INFO] Running codeit.gatcha.domain.user.entity.Authority_getUsers_21080229633
[INFO] Tests run: 1, Failures: 0, Errors: 0, Skipped: 0, Time elapsed: 0 s - in codeit.gatcha.domain.user.entity.Authority_getUsers_21080229633
[INFO] Running codeit.gatcha.domain.user.entity.GatchaUser_isEnabled_14264657088
[INFO] Tests run: 1, Failures: 0, Errors: 0, Skipped: 0, Time elapsed: 0 s - in codeit.gatcha.domain.user.entity.GatchaUser_isEnabled_14264657088
[INFO] Running codeit.gatcha.domain.user.entity.Authority_AuthorityBuilder_id_7690458427
[INFO] Tests run: 1, Failures: 0, Errors: 0, Skipped: 0, Time elapsed: 0 s - in codeit.gatcha.domain.user.entity.Authority_AuthorityBuilder_id_7690458427
[INFO] Running codeit.gatcha.domain.user.entity.GatchaUser_GatchaUserBuilder_enabled_7576050545
[INFO] Tests run: 1, Failures: 0, Errors: 0, Skipped: 0, Time elapsed: 0 s - in codeit.gatcha.domain.user.entity.GatchaUser_GatchaUserBuilder_enabled_7576050545
[INFO] Running codeit.gatcha.domain.user.entity.GatchaUser_init_2605932316
[INFO] Tests run: 1, Failures: 0, Errors: 0, Skipped: 0, Time elapsed: 0 s - in codeit.gatcha.domain.user.entity.GatchaUser_init_2605932316
[INFO] Running codeit.gatcha.domain.user.entity.GatchaUser_setEmail_206671856025
[INFO] Tests run: 1, Failures: 0, Errors: 0, Skipped: 0, Time elapsed: 0 s - in codeit.gatcha.domain.user.entity.GatchaUser_setEmail_206671856025
[INFO] Running codeit.gatcha.domain.user.entity.Authority_AuthorityBuilder_users_21389805513
[INFO] Tests run: 1, Failures: 0, Errors: 0, Skipped: 0, Time elapsed: 0 s - in codeit.gatcha.domain.user.entity.Authority_AuthorityBuilder_users_21389805513
[INFO] Running codeit.gatcha.domain.user.entity.GatchaUser_getPassword_20896523721
[INFO] Tests run: 1, Failures: 0, Errors: 0, Skipped: 0, Time elapsed: 0 s - in codeit.gatcha.domain.user.entity.GatchaUser_getPassword_20896523721
[INFO] Running codeit.gatcha.domain.user.entity.GatchaUser_GatchaUserBuilder_toString_118041196415
[INFO] Tests run: 1, Failures: 0, Errors: 0, Skipped: 0, Time elapsed: 0 s - in codeit.gatcha.domain.user.entity.GatchaUser_GatchaUserBuilder_toString_118041196415
[INFO] Running codeit.gatcha.domain.user.entity.GatchaUser_getPassword_2089652377
[INFO] Tests run: 1, Failures: 0, Errors: 0, Skipped: 0, Time elapsed: 0 s - in codeit.gatcha.domain.user.entity.GatchaUser_getPassword_2089652377
[INFO] Running codeit.gatcha.domain.user.entity.GatchaUser_getId_19683080018
[INFO] Tests run: 1, Failures: 0, Errors: 0, Skipped: 0, Time elapsed: 0 s - in codeit.gatcha.domain.user.entity.GatchaUser_getId_19683080018
[INFO] Running codeit.gatcha.domain.user.entity.Authority_AuthorityBuilder_toString_162933474611
[INFO] Tests run: 1, Failures: 0, Errors: 0, Skipped: 0, Time elapsed: 0 s - in codeit.gatcha.domain.user.entity.Authority_AuthorityBuilder_toString_162933474611
[INFO] Running codeit.gatcha.domain.user.entity.GatchaUser_GatchaUserBuilder_authority_7894697262
[INFO] Tests run: 1, Failures: 0, Errors: 0, Skipped: 0, Time elapsed: 0 s - in codeit.gatcha.domain.user.entity.GatchaUser_GatchaUserBuilder_authority_7894697262
[INFO] Running codeit.gatcha.domain.user.entity.Authority_AuthorityBuilder_role_13379888828
[INFO] Tests run: 1, Failures: 0, Errors: 0, Skipped: 0, Time elapsed: 0 s - in codeit.gatcha.domain.user.entity.Authority_AuthorityBuilder_role_13379888828
[INFO] Running codeit.gatcha.domain.user.entity.GatchaUser_setEmail_206671856011
[INFO] Tests run: 1, Failures: 0, Errors: 0, Skipped: 0, Time elapsed: 0 s - in codeit.gatcha.domain.user.entity.GatchaUser_setEmail_206671856011
[INFO] Running codeit.gatcha.domain.user.entity.Authority_AuthorityBuilder_id_7690458421
[INFO] Tests run: 1, Failures: 0, Errors: 0, Skipped: 0, Time elapsed: 0 s - in codeit.gatcha.domain.user.entity.Authority_AuthorityBuilder_id_7690458421
[INFO] Running codeit.gatcha.domain.user.entity.GatchaUser_GatchaUserBuilder_password_101399954312
[INFO] Tests run: 1, Failures: 0, Errors: 0, Skipped: 0, Time elapsed: 0 s - in codeit.gatcha.domain.user.entity.GatchaUser_GatchaUserBuilder_password_101399954312
[INFO] Running codeit.gatcha.domain.user.entity.Authority_AuthorityBuilder_build_115045049910
[INFO] Tests run: 1, Failures: 0, Errors: 0, Skipped: 0, Time elapsed: 0 s - in codeit.gatcha.domain.user.entity.Authority_AuthorityBuilder_build_115045049910
[INFO] Running codeit.gatcha.domain.user.entity.Authority_AuthorityBuilder_users_21389805519
[INFO] Tests run: 1, Failures: 0, Errors: 0, Skipped: 0, Time elapsed: 0.001 s - in codeit.gatcha.domain.user.entity.Authority_AuthorityBuilder_users_21389805519
[INFO] Running codeit.gatcha.domain.user.entity.GatchaUser_GatchaUserBuilder_init_6349561130
[INFO] Tests run: 1, Failures: 0, Errors: 0, Skipped: 0, Time elapsed: 0 s - in codeit.gatcha.domain.user.entity.GatchaUser_GatchaUserBuilder_init_6349561130
[INFO] Running codeit.gatcha.domain.user.entity.Authority_init_18675037825
[INFO] Tests run: 1, Failures: 0, Errors: 0, Skipped: 0, Time elapsed: 0 s - in codeit.gatcha.domain.user.entity.Authority_init_18675037825
[INFO] Running codeit.gatcha.domain.user.entity.GatchaUser_init_35459495514
[INFO] Tests run: 1, Failures: 0, Errors: 0, Skipped: 0, Time elapsed: 0 s - in codeit.gatcha.domain.user.entity.GatchaUser_init_35459495514
[INFO] Running codeit.gatcha.domain.user.entity.Authority_AuthorityBuilder_toString_16293347465
[INFO] Tests run: 1, Failures: 0, Errors: 0, Skipped: 0, Time elapsed: 0 s - in codeit.gatcha.domain.user.entity.Authority_AuthorityBuilder_toString_16293347465
[INFO] Running codeit.gatcha.domain.user.entity.GatchaUser_GatchaUserBuilder_email_191622439211
[INFO] Tests run: 1, Failures: 0, Errors: 0, Skipped: 0, Time elapsed: 0 s - in codeit.gatcha.domain.user.entity.GatchaUser_GatchaUserBuilder_email_191622439211
[INFO] Running codeit.gatcha.domain.user.entity.GatchaUser_GatchaUserBuilder_authority_78946972610
[INFO] Tests run: 1, Failures: 0, Errors: 0, Skipped: 0, Time elapsed: 0 s - in codeit.gatcha.domain.user.entity.GatchaUser_GatchaUserBuilder_authority_78946972610
[INFO] Running codeit.gatcha.domain.user.entity.GatchaUser_GatchaUserBuilder_id_17725683029
[INFO] Tests run: 1, Failures: 0, Errors: 0, Skipped: 0, Time elapsed: 0 s - in codeit.gatcha.domain.user.entity.GatchaUser_GatchaUserBuilder_id_17725683029
[INFO] Running codeit.gatcha.domain.user.entity.Authority_init_186750378211
[INFO] Tests run: 1, Failures: 0, Errors: 0, Skipped: 0, Time elapsed: 0 s - in codeit.gatcha.domain.user.entity.Authority_init_186750378211
[INFO] Running codeit.gatcha.domain.user.entity.GatchaUser_GatchaUserBuilder_build_213141110114
[INFO] Tests run: 1, Failures: 0, Errors: 0, Skipped: 0, Time elapsed: 0 s - in codeit.gatcha.domain.user.entity.GatchaUser_GatchaUserBuilder_build_213141110114
[INFO] Running codeit.gatcha.domain.user.entity.GatchaUser_getAuthority_193790756019
[INFO] Tests run: 1, Failures: 0, Errors: 0, Skipped: 0, Time elapsed: 0 s - in codeit.gatcha.domain.user.entity.GatchaUser_getAuthority_193790756019
[INFO] Running codeit.gatcha.domain.user.entity.GatchaUser_isEnabled_142646570822
[INFO] Tests run: 1, Failures: 0, Errors: 0, Skipped: 0, Time elapsed: 0 s - in codeit.gatcha.domain.user.entity.GatchaUser_isEnabled_142646570822
[INFO] Running codeit.gatcha.domain.user.entity.GatchaUser_setAuthority_61325772210
[INFO] Tests run: 1, Failures: 0, Errors: 0, Skipped: 0, Time elapsed: 0 s - in codeit.gatcha.domain.user.entity.GatchaUser_setAuthority_61325772210
[INFO] Running codeit.gatcha.domain.user.entity.GatchaUser_getId_1968308004
[INFO] Tests run: 1, Failures: 0, Errors: 0, Skipped: 0, Time elapsed: 0 s - in codeit.gatcha.domain.user.entity.GatchaUser_getId_1968308004
[INFO] Running codeit.gatcha.domain.user.entity.Authority_getId_4898659641
[INFO] Tests run: 1, Failures: 0, Errors: 0, Skipped: 0, Time elapsed: 0 s - in codeit.gatcha.domain.user.entity.Authority_getId_4898659641
[INFO] Running codeit.gatcha.domain.user.entity.Authority_builder_7293299746
[INFO] Tests run: 1, Failures: 0, Errors: 0, Skipped: 0, Time elapsed: 0 s - in codeit.gatcha.domain.user.entity.Authority_builder_7293299746
[INFO] Running codeit.gatcha.domain.user.DTO.SignUpDTO_SignUpDTOBuilder_email_20120012881
[INFO] Tests run: 1, Failures: 0, Errors: 0, Skipped: 0, Time elapsed: 0 s - in codeit.gatcha.domain.user.DTO.SignUpDTO_SignUpDTOBuilder_email_20120012881
[INFO] Running codeit.gatcha.domain.user.DTO.SignUpDTO_init_7574713897
[INFO] Tests run: 1, Failures: 0, Errors: 0, Skipped: 0, Time elapsed: 0 s - in codeit.gatcha.domain.user.DTO.SignUpDTO_init_7574713897
[INFO] Running codeit.gatcha.domain.user.DTO.SignUpDTO_getEmail_10731682548
[INFO] Tests run: 1, Failures: 0, Errors: 0, Skipped: 0, Time elapsed: 0 s - in codeit.gatcha.domain.user.DTO.SignUpDTO_getEmail_10731682548
[INFO] Running codeit.gatcha.domain.user.DTO.SignUpDTO_SignUpDTOBuilder_password_9182226472
[INFO] Tests run: 1, Failures: 0, Errors: 0, Skipped: 0, Time elapsed: 0 s - in codeit.gatcha.domain.user.DTO.SignUpDTO_SignUpDTOBuilder_password_9182226472
[INFO] Running codeit.gatcha.domain.user.DTO.SignUpDTO_SignUpDTOBuilder_toString_138862729
[INFO] Tests run: 1, Failures: 0, Errors: 0, Skipped: 0, Time elapsed: 0 s - in codeit.gatcha.domain.user.DTO.SignUpDTO_SignUpDTOBuilder_toString_138862729
[INFO] Running codeit.gatcha.domain.user.DTO.UserDTO_getId_19538712371
[INFO] Tests run: 1, Failures: 0, Errors: 0, Skipped: 0, Time elapsed: 0 s - in codeit.gatcha.domain.user.DTO.UserDTO_getId_19538712371
[INFO] Running codeit.gatcha.domain.user.DTO.SignUpDTO_builder_3331637105
[INFO] Tests run: 1, Failures: 0, Errors: 0, Skipped: 0, Time elapsed: 0 s - in codeit.gatcha.domain.user.DTO.SignUpDTO_builder_3331637105
[INFO] Running codeit.gatcha.domain.user.DTO.SignUpDTO_SignUpDTOBuilder_email_20120012886
[INFO] Tests run: 1, Failures: 0, Errors: 0, Skipped: 0, Time elapsed: 0 s - in codeit.gatcha.domain.user.DTO.SignUpDTO_SignUpDTOBuilder_email_20120012886
[INFO] Running codeit.gatcha.domain.user.DTO.SignUpDTO_init_1803387496
[INFO] Tests run: 1, Failures: 0, Errors: 0, Skipped: 0, Time elapsed: 0.001 s - in codeit.gatcha.domain.user.DTO.SignUpDTO_init_1803387496
[INFO] Running codeit.gatcha.domain.user.DTO.SignUpDTO_getEmail_10731682543
[INFO] Tests run: 1, Failures: 0, Errors: 0, Skipped: 0, Time elapsed: 0 s - in codeit.gatcha.domain.user.DTO.SignUpDTO_getEmail_10731682543
[INFO] Running codeit.gatcha.domain.user.DTO.UserDTO_init_16321680240
[INFO] Tests run: 1, Failures: 0, Errors: 0, Skipped: 0, Time elapsed: 0 s - in codeit.gatcha.domain.user.DTO.UserDTO_init_16321680240
[INFO] Running codeit.gatcha.domain.user.DTO.SignUpDTO_init_7574713892
[INFO] Tests run: 1, Failures: 0, Errors: 0, Skipped: 0, Time elapsed: 0 s - in codeit.gatcha.domain.user.DTO.SignUpDTO_init_7574713892
[INFO] Running codeit.gatcha.domain.user.DTO.SignUpDTO_init_1803387491
[INFO] Tests run: 1, Failures: 0, Errors: 0, Skipped: 0, Time elapsed: 0 s - in codeit.gatcha.domain.user.DTO.SignUpDTO_init_1803387491
[INFO] Running codeit.gatcha.domain.user.DTO.UserDTO_getId_19538712374
[INFO] Tests run: 1, Failures: 0, Errors: 0, Skipped: 0, Time elapsed: 0 s - in codeit.gatcha.domain.user.DTO.UserDTO_getId_19538712374
[INFO] Running codeit.gatcha.domain.user.DTO.SignUpDTO_SignUpDTOBuilder_password_9182226477
[INFO] Tests run: 1, Failures: 0, Errors: 0, Skipped: 0, Time elapsed: 0 s - in codeit.gatcha.domain.user.DTO.SignUpDTO_SignUpDTOBuilder_password_9182226477
[INFO] Running codeit.gatcha.domain.user.DTO.UserDTO_getEmail_475398832
[INFO] Tests run: 1, Failures: 0, Errors: 0, Skipped: 0, Time elapsed: 0 s - in codeit.gatcha.domain.user.DTO.UserDTO_getEmail_475398832
[INFO] Running codeit.gatcha.domain.user.DTO.SignUpDTO_SignUpDTOBuilder_toString_138862724
[INFO] Tests run: 1, Failures: 0, Errors: 0, Skipped: 0, Time elapsed: 0 s - in codeit.gatcha.domain.user.DTO.SignUpDTO_SignUpDTOBuilder_toString_138862724
[INFO] Running codeit.gatcha.domain.user.DTO.SignUpDTO_getPassword_5224468299
[INFO] Tests run: 1, Failures: 0, Errors: 0, Skipped: 0, Time elapsed: 0 s - in codeit.gatcha.domain.user.DTO.SignUpDTO_getPassword_5224468299
[INFO] Running codeit.gatcha.domain.user.DTO.SignUpDTO_SignUpDTOBuilder_build_14362664373
[INFO] Tests run: 1, Failures: 0, Errors: 0, Skipped: 0, Time elapsed: 0 s - in codeit.gatcha.domain.user.DTO.SignUpDTO_SignUpDTOBuilder_build_14362664373
[INFO] Running codeit.gatcha.domain.user.DTO.UserDTO_getEmail_475398835
[INFO] Tests run: 1, Failures: 0, Errors: 0, Skipped: 0, Time elapsed: 0 s - in codeit.gatcha.domain.user.DTO.UserDTO_getEmail_475398835
[INFO] Running codeit.gatcha.domain.user.DTO.SignUpDTO_getPassword_5224468294
[INFO] Tests run: 1, Failures: 0, Errors: 0, Skipped: 0, Time elapsed: 0 s - in codeit.gatcha.domain.user.DTO.SignUpDTO_getPassword_5224468294
[INFO] Running codeit.gatcha.domain.user.DTO.SignUpDTO_SignUpDTOBuilder_init_5315695795
[INFO] Tests run: 1, Failures: 0, Errors: 0, Skipped: 0, Time elapsed: 0 s - in codeit.gatcha.domain.user.DTO.SignUpDTO_SignUpDTOBuilder_init_5315695795
[INFO] Running codeit.gatcha.domain.user.DTO.SignUpDTO_SignUpDTOBuilder_build_14362664378
[INFO] Tests run: 1, Failures: 0, Errors: 0, Skipped: 0, Time elapsed: 0 s - in codeit.gatcha.domain.user.DTO.SignUpDTO_SignUpDTOBuilder_build_14362664378
[INFO] Running codeit.gatcha.domain.user.DTO.SignUpDTO_SignUpDTOBuilder_init_5315695790
[INFO] Tests run: 1, Failures: 0, Errors: 0, Skipped: 0, Time elapsed: 0 s - in codeit.gatcha.domain.user.DTO.SignUpDTO_SignUpDTOBuilder_init_5315695790
[INFO] Running codeit.gatcha.domain.user.DTO.SignUpDTO_builder_3331637100
[INFO] Tests run: 1, Failures: 0, Errors: 0, Skipped: 0, Time elapsed: 0 s - in codeit.gatcha.domain.user.DTO.SignUpDTO_builder_3331637100
[INFO] Running codeit.gatcha.domain.user.DTO.UserDTO_init_16321680243
[ERROR] Tests run: 1, Failures: 0, Errors: 1, Skipped: 0, Time elapsed: 0 s <<< FAILURE! - in codeit.gatcha.domain.user.DTO.UserDTO_init_16321680243
[ERROR] test  Time elapsed: 0 s  <<< ERROR!
java.lang.reflect.InvocationTargetException
	at codeit.gatcha.domain.user.DTO.UserDTO_init_16321680243.test(UserDTO_init_16321680243.java:42)
Caused by: java.lang.NullPointerException
	at codeit.gatcha.domain.user.DTO.UserDTO_init_16321680243.test(UserDTO_init_16321680243.java:42)

[INFO] Running codeit.gatcha.domain.user.service.signUp.UserService_emailIsUsed_17272265310
[ERROR] Tests run: 1, Failures: 0, Errors: 1, Skipped: 0, Time elapsed: 0 s <<< FAILURE! - in codeit.gatcha.domain.user.service.signUp.UserService_emailIsUsed_17272265310
[ERROR] test  Time elapsed: 0 s  <<< ERROR!
java.lang.NullPointerException
	at codeit.gatcha.domain.user.service.signUp.UserService_emailIsUsed_17272265310.test(UserService_emailIsUsed_17272265310.java:42)

[INFO] Running codeit.gatcha.domain.user.service.signUp.SignUpService_enableUserAccount_9553865553
[ERROR] Tests run: 1, Failures: 0, Errors: 1, Skipped: 0, Time elapsed: 0 s <<< FAILURE! - in codeit.gatcha.domain.user.service.signUp.SignUpService_enableUserAccount_9553865553
[ERROR] test  Time elapsed: 0 s  <<< ERROR!
java.lang.NullPointerException
	at codeit.gatcha.domain.user.service.signUp.SignUpService_enableUserAccount_9553865553.test(SignUpService_enableUserAccount_9553865553.java:65)

[INFO] Running codeit.gatcha.domain.user.service.signUp.EmailConfirmationService_getConfirmationLink_16262126432
[ERROR] Tests run: 1, Failures: 0, Errors: 1, Skipped: 0, Time elapsed: 0 s <<< FAILURE! - in codeit.gatcha.domain.user.service.signUp.EmailConfirmationService_getConfirmationLink_16262126432
[ERROR] test  Time elapsed: 0 s  <<< ERROR!
java.lang.NullPointerException
	at codeit.gatcha.domain.user.service.signUp.EmailConfirmationService_getConfirmationLink_16262126432.test(EmailConfirmationService_getConfirmationLink_16262126432.java:74)

[INFO] Running codeit.gatcha.domain.user.service.signUp.SignUpService_createUserFromSignUpDTO_9044806181
[ERROR] Tests run: 1, Failures: 0, Errors: 1, Skipped: 0, Time elapsed: 0 s <<< FAILURE! - in codeit.gatcha.domain.user.service.signUp.SignUpService_createUserFromSignUpDTO_9044806181
[ERROR] test  Time elapsed: 0 s  <<< ERROR!
java.lang.NullPointerException
	at codeit.gatcha.domain.user.service.signUp.SignUpService_createUserFromSignUpDTO_9044806181.test(SignUpService_createUserFromSignUpDTO_9044806181.java:46)

[INFO] Running codeit.gatcha.domain.user.service.signUp.EmailConfirmationService_createAndSendConfirmationTokenToUser_14278954560
[ERROR] Tests run: 1, Failures: 0, Errors: 1, Skipped: 0, Time elapsed: 0 s <<< FAILURE! - in codeit.gatcha.domain.user.service.signUp.EmailConfirmationService_createAndSendConfirmationTokenToUser_14278954560
[ERROR] test  Time elapsed: 0 s  <<< ERROR!
java.lang.NullPointerException
	at codeit.gatcha.domain.user.service.signUp.EmailConfirmationService_createAndSendConfirmationTokenToUser_14278954560.test(EmailConfirmationService_createAndSendConfirmationTokenToUser_14278954560.java:65)

[INFO] Running codeit.gatcha.domain.user.service.signUp.SignUpService_activateUserAccount_3747083042
[ERROR] Tests run: 1, Failures: 0, Errors: 1, Skipped: 0, Time elapsed: 0 s <<< FAILURE! - in codeit.gatcha.domain.user.service.signUp.SignUpService_activateUserAccount_3747083042
[ERROR] test  Time elapsed: 0 s  <<< ERROR!
java.lang.NullPointerException
	at codeit.gatcha.domain.user.service.signUp.SignUpService_activateUserAccount_3747083042.test(SignUpService_activateUserAccount_3747083042.java:42)

[INFO] Running codeit.gatcha.domain.user.service.signUp.SignUpService_createNewUser_11631280030
[ERROR] Tests run: 1, Failures: 0, Errors: 1, Skipped: 0, Time elapsed: 0 s <<< FAILURE! - in codeit.gatcha.domain.user.service.signUp.SignUpService_createNewUser_11631280030
[ERROR] test  Time elapsed: 0 s  <<< ERROR!
java.lang.NullPointerException
	at codeit.gatcha.domain.user.service.signUp.SignUpService_createNewUser_11631280030.test(SignUpService_createNewUser_11631280030.java:46)

[INFO] Running codeit.gatcha.domain.user.service.signUp.EmailConfirmationService_createAndSendConfirmationEmail_10148110211
[ERROR] Tests run: 1, Failures: 0, Errors: 1, Skipped: 0, Time elapsed: 0 s <<< FAILURE! - in codeit.gatcha.domain.user.service.signUp.EmailConfirmationService_createAndSendConfirmationEmail_10148110211
[ERROR] test  Time elapsed: 0 s  <<< ERROR!
java.lang.NullPointerException
	at codeit.gatcha.domain.user.service.signUp.EmailConfirmationService_createAndSendConfirmationEmail_10148110211.test(EmailConfirmationService_createAndSendConfirmationEmail_10148110211.java:92)

[INFO] Running codeit.gatcha.domain.question.entity.Question_canEqual_10358350010
[INFO] Tests run: 1, Failures: 0, Errors: 0, Skipped: 0, Time elapsed: 0 s - in codeit.gatcha.domain.question.entity.Question_canEqual_10358350010
[INFO] Running codeit.gatcha.domain.question.entity.Question_init_188231895113
[INFO] Tests run: 1, Failures: 0, Errors: 0, Skipped: 0, Time elapsed: 0 s - in codeit.gatcha.domain.question.entity.Question_init_188231895113
[INFO] Running codeit.gatcha.domain.question.entity.Question_QuestionBuilder_toString_35952982511
[INFO] Tests run: 1, Failures: 0, Errors: 0, Skipped: 0, Time elapsed: 0.001 s - in codeit.gatcha.domain.question.entity.Question_QuestionBuilder_toString_35952982511
[INFO] Running codeit.gatcha.domain.question.entity.Question_QuestionBuilder_build_164548790810
[INFO] Tests run: 1, Failures: 0, Errors: 0, Skipped: 0, Time elapsed: 0 s - in codeit.gatcha.domain.question.entity.Question_QuestionBuilder_build_164548790810
[INFO] Running codeit.gatcha.domain.question.entity.Question_getId_20530904283
[INFO] Tests run: 1, Failures: 0, Errors: 0, Skipped: 0, Time elapsed: 0 s - in codeit.gatcha.domain.question.entity.Question_getId_20530904283
[INFO] Running codeit.gatcha.domain.question.entity.Question_QuestionBuilder_valid_7420706273
[INFO] Tests run: 1, Failures: 0, Errors: 0, Skipped: 0, Time elapsed: 0 s - in codeit.gatcha.domain.question.entity.Question_QuestionBuilder_valid_7420706273
[INFO] Running codeit.gatcha.domain.question.entity.Question_isValid_190754372520
[INFO] Tests run: 1, Failures: 0, Errors: 0, Skipped: 0, Time elapsed: 0 s - in codeit.gatcha.domain.question.entity.Question_isValid_190754372520
[INFO] Running codeit.gatcha.domain.question.entity.Question_setValid_16495268658
[INFO] Tests run: 1, Failures: 0, Errors: 0, Skipped: 0, Time elapsed: 0 s - in codeit.gatcha.domain.question.entity.Question_setValid_16495268658
[INFO] Running codeit.gatcha.domain.question.entity.Question_getBody_96514764619
[INFO] Tests run: 1, Failures: 0, Errors: 0, Skipped: 0, Time elapsed: 0 s - in codeit.gatcha.domain.question.entity.Question_getBody_96514764619
[INFO] Running codeit.gatcha.domain.question.entity.Question_QuestionBuilder_toString_3595298255
[INFO] Tests run: 1, Failures: 0, Errors: 0, Skipped: 0, Time elapsed: 0 s - in codeit.gatcha.domain.question.entity.Question_QuestionBuilder_toString_3595298255
[INFO] Running codeit.gatcha.domain.question.entity.Question_QuestionBuilder_init_1859260260
[INFO] Tests run: 1, Failures: 0, Errors: 0, Skipped: 0, Time elapsed: 0 s - in codeit.gatcha.domain.question.entity.Question_QuestionBuilder_init_1859260260
[INFO] Running codeit.gatcha.domain.question.entity.Question_QuestionBuilder_valid_7420706279
[INFO] Tests run: 1, Failures: 0, Errors: 0, Skipped: 0, Time elapsed: 0 s - in codeit.gatcha.domain.question.entity.Question_QuestionBuilder_valid_7420706279
[INFO] Running codeit.gatcha.domain.question.entity.Question_QuestionBuilder_id_16750367867
[INFO] Tests run: 1, Failures: 0, Errors: 0, Skipped: 0, Time elapsed: 0 s - in codeit.gatcha.domain.question.entity.Question_QuestionBuilder_id_16750367867
[INFO] Running codeit.gatcha.domain.question.entity.Question_init_80501670814
[INFO] Tests run: 1, Failures: 0, Errors: 0, Skipped: 0, Time elapsed: 0 s - in codeit.gatcha.domain.question.entity.Question_init_80501670814
[INFO] Running codeit.gatcha.domain.question.entity.Question_QuestionBuilder_body_17856943028
[INFO] Tests run: 1, Failures: 0, Errors: 0, Skipped: 0, Time elapsed: 0 s - in codeit.gatcha.domain.question.entity.Question_QuestionBuilder_body_17856943028
[INFO] Running codeit.gatcha.domain.question.entity.Question_hashCode_135643280426
[INFO] Tests run: 1, Failures: 0, Errors: 0, Skipped: 0, Time elapsed: 0 s - in codeit.gatcha.domain.question.entity.Question_hashCode_135643280426
[INFO] Running codeit.gatcha.domain.question.entity.Question_equals_9077461299
[INFO] Tests run: 1, Failures: 0, Errors: 0, Skipped: 0, Time elapsed: 0 s - in codeit.gatcha.domain.question.entity.Question_equals_9077461299
[INFO] Running codeit.gatcha.domain.question.entity.Question_hashCode_135643280411
[INFO] Tests run: 1, Failures: 0, Errors: 0, Skipped: 0, Time elapsed: 0 s - in codeit.gatcha.domain.question.entity.Question_hashCode_135643280411
[INFO] Running codeit.gatcha.domain.question.entity.Question_toString_186719249412
[INFO] Tests run: 1, Failures: 0, Errors: 0, Skipped: 0, Time elapsed: 0 s - in codeit.gatcha.domain.question.entity.Question_toString_186719249412
[INFO] Running codeit.gatcha.domain.question.entity.Question_QuestionBuilder_init_1859260266
[INFO] Tests run: 1, Failures: 0, Errors: 0, Skipped: 0, Time elapsed: 0 s - in codeit.gatcha.domain.question.entity.Question_QuestionBuilder_init_1859260266
[INFO] Running codeit.gatcha.domain.question.entity.Question_equals_90774612924
[INFO] Tests run: 1, Failures: 0, Errors: 0, Skipped: 0, Time elapsed: 0 s - in codeit.gatcha.domain.question.entity.Question_equals_90774612924
[INFO] Running codeit.gatcha.domain.question.entity.Question_builder_3055450132
[INFO] Tests run: 1, Failures: 0, Errors: 0, Skipped: 0, Time elapsed: 0 s - in codeit.gatcha.domain.question.entity.Question_builder_3055450132
[INFO] Running codeit.gatcha.domain.question.entity.Question_setBody_16099430827
[INFO] Tests run: 1, Failures: 0, Errors: 0, Skipped: 0, Time elapsed: 0 s - in codeit.gatcha.domain.question.entity.Question_setBody_16099430827
[INFO] Running codeit.gatcha.domain.question.entity.Question_setId_12205710306
[INFO] Tests run: 1, Failures: 0, Errors: 0, Skipped: 0, Time elapsed: 0 s - in codeit.gatcha.domain.question.entity.Question_setId_12205710306
[INFO] Running codeit.gatcha.domain.question.entity.Question_getBody_9651476464
[INFO] Tests run: 1, Failures: 0, Errors: 0, Skipped: 0, Time elapsed: 0 s - in codeit.gatcha.domain.question.entity.Question_getBody_9651476464
[INFO] Running codeit.gatcha.domain.question.entity.Question_init_80501670829
[INFO] Tests run: 1, Failures: 0, Errors: 0, Skipped: 0, Time elapsed: 0 s - in codeit.gatcha.domain.question.entity.Question_init_80501670829
[INFO] Running codeit.gatcha.domain.question.entity.Question_init_21246619000
[INFO] Tests run: 1, Failures: 0, Errors: 0, Skipped: 0, Time elapsed: 0 s - in codeit.gatcha.domain.question.entity.Question_init_21246619000
[INFO] Running codeit.gatcha.domain.question.entity.Question_builder_30554501317
[INFO] Tests run: 1, Failures: 0, Errors: 0, Skipped: 0, Time elapsed: 0 s - in codeit.gatcha.domain.question.entity.Question_builder_30554501317
[INFO] Running codeit.gatcha.domain.question.entity.Question_init_17300658281
[INFO] Tests run: 1, Failures: 0, Errors: 0, Skipped: 0, Time elapsed: 0.001 s - in codeit.gatcha.domain.question.entity.Question_init_17300658281
[INFO] Running codeit.gatcha.domain.question.entity.Question_init_173006582816
[INFO] Tests run: 1, Failures: 0, Errors: 0, Skipped: 0, Time elapsed: 0 s - in codeit.gatcha.domain.question.entity.Question_init_173006582816
[INFO] Running codeit.gatcha.domain.question.entity.Question_canEqual_10358350025
[INFO] Tests run: 1, Failures: 0, Errors: 0, Skipped: 0, Time elapsed: 0 s - in codeit.gatcha.domain.question.entity.Question_canEqual_10358350025
[INFO] Running codeit.gatcha.domain.question.entity.Question_setId_122057103021
[INFO] Tests run: 1, Failures: 0, Errors: 0, Skipped: 0, Time elapsed: 0 s - in codeit.gatcha.domain.question.entity.Question_setId_122057103021
[INFO] Running codeit.gatcha.domain.question.entity.Question_QuestionBuilder_body_17856943022
[INFO] Tests run: 1, Failures: 0, Errors: 0, Skipped: 0, Time elapsed: 0 s - in codeit.gatcha.domain.question.entity.Question_QuestionBuilder_body_17856943022
[INFO] Running codeit.gatcha.domain.question.entity.Question_QuestionBuilder_id_16750367861
[INFO] Tests run: 1, Failures: 0, Errors: 0, Skipped: 0, Time elapsed: 0 s - in codeit.gatcha.domain.question.entity.Question_QuestionBuilder_id_16750367861
[INFO] Running codeit.gatcha.domain.question.entity.Question_getId_205309042818
[INFO] Tests run: 1, Failures: 0, Errors: 0, Skipped: 0, Time elapsed: 0 s - in codeit.gatcha.domain.question.entity.Question_getId_205309042818
[INFO] Running codeit.gatcha.domain.question.entity.Question_QuestionBuilder_build_16454879084
[INFO] Tests run: 1, Failures: 0, Errors: 0, Skipped: 0, Time elapsed: 0 s - in codeit.gatcha.domain.question.entity.Question_QuestionBuilder_build_16454879084
[INFO] Running codeit.gatcha.domain.question.entity.Question_init_212466190015
[INFO] Tests run: 1, Failures: 0, Errors: 0, Skipped: 0, Time elapsed: 0 s - in codeit.gatcha.domain.question.entity.Question_init_212466190015
[INFO] Running codeit.gatcha.domain.question.entity.Question_init_188231895128
[INFO] Tests run: 1, Failures: 0, Errors: 0, Skipped: 0, Time elapsed: 0 s - in codeit.gatcha.domain.question.entity.Question_init_188231895128
[INFO] Running codeit.gatcha.domain.question.entity.Question_setBody_160994308222
[INFO] Tests run: 1, Failures: 0, Errors: 0, Skipped: 0, Time elapsed: 0 s - in codeit.gatcha.domain.question.entity.Question_setBody_160994308222
[INFO] Running codeit.gatcha.domain.question.entity.Question_isValid_19075437255
[INFO] Tests run: 1, Failures: 0, Errors: 0, Skipped: 0, Time elapsed: 0 s - in codeit.gatcha.domain.question.entity.Question_isValid_19075437255
[INFO] Running codeit.gatcha.domain.question.entity.Question_setValid_164952686523
[INFO] Tests run: 1, Failures: 0, Errors: 0, Skipped: 0, Time elapsed: 0 s - in codeit.gatcha.domain.question.entity.Question_setValid_164952686523
[INFO] Running codeit.gatcha.domain.question.entity.Question_toString_186719249427
[INFO] Tests run: 1, Failures: 0, Errors: 0, Skipped: 0, Time elapsed: 0 s - in codeit.gatcha.domain.question.entity.Question_toString_186719249427
[INFO] Running codeit.gatcha.domain.question.service.QuestionUpdateService_updateQuestion_16543395370
[ERROR] Tests run: 1, Failures: 0, Errors: 1, Skipped: 0, Time elapsed: 0 s <<< FAILURE! - in codeit.gatcha.domain.question.service.QuestionUpdateService_updateQuestion_16543395370
[ERROR] test  Time elapsed: 0 s  <<< ERROR!
java.lang.NullPointerException
	at codeit.gatcha.domain.question.service.QuestionUpdateService_updateQuestion_16543395370.test(QuestionUpdateService_updateQuestion_16543395370.java:47)

[INFO] Running codeit.gatcha.domain.question.service.QuestionDeletionService_invalidateQuestionByIdOrThrow_15748561740
[ERROR] Tests run: 1, Failures: 0, Errors: 1, Skipped: 0, Time elapsed: 0 s <<< FAILURE! - in codeit.gatcha.domain.question.service.QuestionDeletionService_invalidateQuestionByIdOrThrow_15748561740
[ERROR] test  Time elapsed: 0 s  <<< ERROR!
java.lang.NullPointerException
	at codeit.gatcha.domain.question.service.QuestionDeletionService_invalidateQuestionByIdOrThrow_15748561740.test(QuestionDeletionService_invalidateQuestionByIdOrThrow_15748561740.java:45)

[INFO] Running codeit.gatcha.domain.question.service.QuestionCreationService_createQuestion_1721082300
[ERROR] Tests run: 1, Failures: 0, Errors: 1, Skipped: 0, Time elapsed: 0 s <<< FAILURE! - in codeit.gatcha.domain.question.service.QuestionCreationService_createQuestion_1721082300
[ERROR] test  Time elapsed: 0 s  <<< ERROR!
java.lang.NullPointerException
	at codeit.gatcha.domain.question.service.QuestionCreationService_createQuestion_1721082300.test(QuestionCreationService_createQuestion_1721082300.java:42)

[INFO] Running codeit.gatcha.domain.publication.entity.Publication_PublicationBuilder_toString_63190036315
[INFO] Tests run: 1, Failures: 0, Errors: 0, Skipped: 0, Time elapsed: 0 s - in codeit.gatcha.domain.publication.entity.Publication_PublicationBuilder_toString_63190036315
[INFO] Running codeit.gatcha.domain.publication.entity.Publication_init_12179295492
[INFO] Tests run: 1, Failures: 0, Errors: 0, Skipped: 0, Time elapsed: 0 s - in codeit.gatcha.domain.publication.entity.Publication_init_12179295492
[INFO] Running codeit.gatcha.domain.publication.entity.Publication_init_1105521470
[INFO] Tests run: 1, Failures: 0, Errors: 0, Skipped: 0, Time elapsed: 0 s - in codeit.gatcha.domain.publication.entity.Publication_init_1105521470
[INFO] Running codeit.gatcha.domain.publication.entity.Publication_getLinkUniqueString_214019069016
[INFO] Tests run: 1, Failures: 0, Errors: 0, Skipped: 0, Time elapsed: 0 s - in codeit.gatcha.domain.publication.entity.Publication_getLinkUniqueString_214019069016
[INFO] Running codeit.gatcha.domain.publication.entity.Publication_PublicationBuilder_published_5757157274
[INFO] Tests run: 1, Failures: 0, Errors: 0, Skipped: 0, Time elapsed: 0 s - in codeit.gatcha.domain.publication.entity.Publication_PublicationBuilder_published_5757157274
[INFO] Running codeit.gatcha.domain.publication.entity.Publication_PublicationBuilder_publicationDate_16244378373
[INFO] Tests run: 1, Failures: 0, Errors: 0, Skipped: 0, Time elapsed: 0 s - in codeit.gatcha.domain.publication.entity.Publication_PublicationBuilder_publicationDate_16244378373
[INFO] Running codeit.gatcha.domain.publication.entity.Publication_PublicationBuilder_published_57571572712
[INFO] Tests run: 1, Failures: 0, Errors: 0, Skipped: 0, Time elapsed: 0 s - in codeit.gatcha.domain.publication.entity.Publication_PublicationBuilder_published_57571572712
[INFO] Running codeit.gatcha.domain.publication.entity.Publication_PublicationBuilder_id_4567536789
[INFO] Tests run: 1, Failures: 0, Errors: 0, Skipped: 0, Time elapsed: 0 s - in codeit.gatcha.domain.publication.entity.Publication_PublicationBuilder_id_4567536789
[INFO] Running codeit.gatcha.domain.publication.entity.Publication_getLinkUniqueString_21401906907
[INFO] Tests run: 1, Failures: 0, Errors: 0, Skipped: 0, Time elapsed: 0 s - in codeit.gatcha.domain.publication.entity.Publication_getLinkUniqueString_21401906907
[INFO] Running codeit.gatcha.domain.publication.entity.Publication_isPublished_473898676
[INFO] Tests run: 1, Failures: 0, Errors: 0, Skipped: 0, Time elapsed: 0 s - in codeit.gatcha.domain.publication.entity.Publication_isPublished_473898676
[INFO] Running codeit.gatcha.domain.publication.entity.Publication_PublicationBuilder_init_11773562148
[INFO] Tests run: 1, Failures: 0, Errors: 0, Skipped: 0, Time elapsed: 0 s - in codeit.gatcha.domain.publication.entity.Publication_PublicationBuilder_init_11773562148
[INFO] Running codeit.gatcha.domain.publication.entity.Publication_builder_211029469110
[INFO] Tests run: 1, Failures: 0, Errors: 0, Skipped: 0, Time elapsed: 0 s - in codeit.gatcha.domain.publication.entity.Publication_builder_211029469110
[INFO] Running codeit.gatcha.domain.publication.entity.Publication_getGatchaUser_14770242764
[INFO] Tests run: 1, Failures: 0, Errors: 0, Skipped: 0, Time elapsed: 0 s - in codeit.gatcha.domain.publication.entity.Publication_getGatchaUser_14770242764
[INFO] Running codeit.gatcha.domain.publication.entity.Publication_PublicationBuilder_publicationDate_162443783711
[INFO] Tests run: 1, Failures: 0, Errors: 0, Skipped: 0, Time elapsed: 0 s - in codeit.gatcha.domain.publication.entity.Publication_PublicationBuilder_publicationDate_162443783711
[INFO] Running codeit.gatcha.domain.publication.entity.Publication_init_1105521479
[INFO] Tests run: 1, Failures: 0, Errors: 0, Skipped: 0, Time elapsed: 0 s - in codeit.gatcha.domain.publication.entity.Publication_init_1105521479
[INFO] Running codeit.gatcha.domain.publication.entity.Publication_init_121792954911
[INFO] Tests run: 1, Failures: 0, Errors: 0, Skipped: 0, Time elapsed: 0 s - in codeit.gatcha.domain.publication.entity.Publication_init_121792954911
[INFO] Running codeit.gatcha.domain.publication.entity.Publication_PublicationBuilder_linkUniqueString_14158514965
[INFO] Tests run: 1, Failures: 0, Errors: 0, Skipped: 0, Time elapsed: 0 s - in codeit.gatcha.domain.publication.entity.Publication_PublicationBuilder_linkUniqueString_14158514965
[INFO] Running codeit.gatcha.domain.publication.entity.Publication_PublicationBuilder_build_30304536614
[INFO] Tests run: 1, Failures: 0, Errors: 0, Skipped: 0, Time elapsed: 0 s - in codeit.gatcha.domain.publication.entity.Publication_PublicationBuilder_build_30304536614
[INFO] Running codeit.gatcha.domain.publication.entity.Publication_PublicationBuilder_toString_6319003637
[INFO] Tests run: 1, Failures: 0, Errors: 0, Skipped: 0, Time elapsed: 0 s - in codeit.gatcha.domain.publication.entity.Publication_PublicationBuilder_toString_6319003637
[INFO] Running codeit.gatcha.domain.publication.entity.Publication_getPublicationDate_78739747914
[INFO] Tests run: 1, Failures: 0, Errors: 0, Skipped: 0, Time elapsed: 0 s - in codeit.gatcha.domain.publication.entity.Publication_getPublicationDate_78739747914
[INFO] Running codeit.gatcha.domain.publication.entity.Publication_isPublished_4738986715
[INFO] Tests run: 1, Failures: 0, Errors: 0, Skipped: 0, Time elapsed: 0 s - in codeit.gatcha.domain.publication.entity.Publication_isPublished_4738986715
[INFO] Running codeit.gatcha.domain.publication.entity.Publication_getGatchaUser_147702427613
[INFO] Tests run: 1, Failures: 0, Errors: 0, Skipped: 0, Time elapsed: 0 s - in codeit.gatcha.domain.publication.entity.Publication_getGatchaUser_147702427613
[INFO] Running codeit.gatcha.domain.publication.entity.Publication_init_118280713217
[INFO] Tests run: 1, Failures: 0, Errors: 0, Skipped: 0, Time elapsed: 0 s - in codeit.gatcha.domain.publication.entity.Publication_init_118280713217
[INFO] Running codeit.gatcha.domain.publication.entity.Publication_PublicationBuilder_gatchaUser_59551311610
[INFO] Tests run: 1, Failures: 0, Errors: 0, Skipped: 0, Time elapsed: 0 s - in codeit.gatcha.domain.publication.entity.Publication_PublicationBuilder_gatchaUser_59551311610
[INFO] Running codeit.gatcha.domain.publication.entity.Publication_PublicationBuilder_build_3030453666
[INFO] Tests run: 1, Failures: 0, Errors: 0, Skipped: 0, Time elapsed: 0 s - in codeit.gatcha.domain.publication.entity.Publication_PublicationBuilder_build_3030453666
[INFO] Running codeit.gatcha.domain.publication.entity.Publication_init_11828071328
[INFO] Tests run: 1, Failures: 0, Errors: 0, Skipped: 0, Time elapsed: 0 s - in codeit.gatcha.domain.publication.entity.Publication_init_11828071328
[INFO] Running codeit.gatcha.domain.publication.entity.Publication_getId_138870102612
[INFO] Tests run: 1, Failures: 0, Errors: 0, Skipped: 0, Time elapsed: 0 s - in codeit.gatcha.domain.publication.entity.Publication_getId_138870102612
[INFO] Running codeit.gatcha.domain.publication.entity.Publication_PublicationBuilder_gatchaUser_5955131162
[INFO] Tests run: 1, Failures: 0, Errors: 0, Skipped: 0, Time elapsed: 0 s - in codeit.gatcha.domain.publication.entity.Publication_PublicationBuilder_gatchaUser_5955131162
[INFO] Running codeit.gatcha.domain.publication.entity.Publication_PublicationBuilder_id_4567536781
[INFO] Tests run: 1, Failures: 0, Errors: 0, Skipped: 0, Time elapsed: 0 s - in codeit.gatcha.domain.publication.entity.Publication_PublicationBuilder_id_4567536781
[INFO] Running codeit.gatcha.domain.publication.entity.Publication_PublicationBuilder_linkUniqueString_141585149613
[INFO] Tests run: 1, Failures: 0, Errors: 0, Skipped: 0, Time elapsed: 0 s - in codeit.gatcha.domain.publication.entity.Publication_PublicationBuilder_linkUniqueString_141585149613
[INFO] Running codeit.gatcha.domain.publication.entity.Publication_builder_21102946911
[INFO] Tests run: 1, Failures: 0, Errors: 0, Skipped: 0, Time elapsed: 0 s - in codeit.gatcha.domain.publication.entity.Publication_builder_21102946911
[INFO] Running codeit.gatcha.domain.publication.entity.Publication_PublicationBuilder_init_11773562140
[INFO] Tests run: 1, Failures: 0, Errors: 0, Skipped: 0, Time elapsed: 0 s - in codeit.gatcha.domain.publication.entity.Publication_PublicationBuilder_init_11773562140
[INFO] Running codeit.gatcha.domain.publication.entity.Publication_getId_13887010263
[INFO] Tests run: 1, Failures: 0, Errors: 0, Skipped: 0, Time elapsed: 0 s - in codeit.gatcha.domain.publication.entity.Publication_getId_13887010263
[INFO] Running codeit.gatcha.domain.publication.entity.Publication_getPublicationDate_7873974795
[INFO] Tests run: 1, Failures: 0, Errors: 0, Skipped: 0, Time elapsed: 0 s - in codeit.gatcha.domain.publication.entity.Publication_getPublicationDate_7873974795
[INFO] Running codeit.gatcha.domain.answer.entity.Answer_getBody_104004737417
[INFO] Tests run: 1, Failures: 0, Errors: 0, Skipped: 0, Time elapsed: 0 s - in codeit.gatcha.domain.answer.entity.Answer_getBody_104004737417
[INFO] Running codeit.gatcha.domain.answer.entity.Answer_AnswerBuilder_toString_4792626656
[INFO] Tests run: 1, Failures: 0, Errors: 0, Skipped: 0, Time elapsed: 0 s - in codeit.gatcha.domain.answer.entity.Answer_AnswerBuilder_toString_4792626656
[INFO] Running codeit.gatcha.domain.answer.entity.Answer_builder_20278982531
[INFO] Tests run: 1, Failures: 0, Errors: 0, Skipped: 0, Time elapsed: 0 s - in codeit.gatcha.domain.answer.entity.Answer_builder_20278982531
[INFO] Running codeit.gatcha.domain.answer.entity.Answer_getQuestion_55425927518
[INFO] Tests run: 1, Failures: 0, Errors: 0, Skipped: 0, Time elapsed: 0 s - in codeit.gatcha.domain.answer.entity.Answer_getQuestion_55425927518
[INFO] Running codeit.gatcha.domain.answer.entity.Answer_init_195721867914
[INFO] Tests run: 1, Failures: 0, Errors: 0, Skipped: 0, Time elapsed: 0 s - in codeit.gatcha.domain.answer.entity.Answer_init_195721867914
[INFO] Running codeit.gatcha.domain.answer.entity.Answer_setBody_153504335421
[INFO] Tests run: 1, Failures: 0, Errors: 0, Skipped: 0, Time elapsed: 0 s - in codeit.gatcha.domain.answer.entity.Answer_setBody_153504335421
[INFO] Running codeit.gatcha.domain.answer.entity.Answer_AnswerBuilder_init_661931860
[INFO] Tests run: 1, Failures: 0, Errors: 0, Skipped: 0, Time elapsed: 0 s - in codeit.gatcha.domain.answer.entity.Answer_AnswerBuilder_init_661931860
[INFO] Running codeit.gatcha.domain.answer.entity.Answer_AnswerBuilder_id_24833428
[INFO] Tests run: 1, Failures: 0, Errors: 0, Skipped: 0, Time elapsed: 0 s - in codeit.gatcha.domain.answer.entity.Answer_AnswerBuilder_id_24833428
[INFO] Running codeit.gatcha.domain.answer.entity.Answer_AnswerBuilder_init_661931867
[INFO] Tests run: 1, Failures: 0, Errors: 0, Skipped: 0, Time elapsed: 0 s - in codeit.gatcha.domain.answer.entity.Answer_AnswerBuilder_init_661931867
[INFO] Running codeit.gatcha.domain.answer.entity.Answer_AnswerBuilder_body_1081741749
[INFO] Tests run: 1, Failures: 0, Errors: 0, Skipped: 0, Time elapsed: 0 s - in codeit.gatcha.domain.answer.entity.Answer_AnswerBuilder_body_1081741749
[INFO] Running codeit.gatcha.domain.answer.entity.Answer_setUser_4458029823
[INFO] Tests run: 1, Failures: 0, Errors: 0, Skipped: 0, Time elapsed: 0 s - in codeit.gatcha.domain.answer.entity.Answer_setUser_4458029823
[INFO] Running codeit.gatcha.domain.answer.entity.Answer_AnswerBuilder_question_67041581710
[INFO] Tests run: 1, Failures: 0, Errors: 0, Skipped: 0, Time elapsed: 0 s - in codeit.gatcha.domain.answer.entity.Answer_AnswerBuilder_question_67041581710
[INFO] Running codeit.gatcha.domain.answer.entity.Answer_getId_21279901564
[INFO] Tests run: 1, Failures: 0, Errors: 0, Skipped: 0, Time elapsed: 0 s - in codeit.gatcha.domain.answer.entity.Answer_getId_21279901564
[INFO] Running codeit.gatcha.domain.answer.entity.Answer_setUser_4458029811
[INFO] Tests run: 1, Failures: 0, Errors: 0, Skipped: 0, Time elapsed: 0 s - in codeit.gatcha.domain.answer.entity.Answer_setUser_4458029811
[INFO] Running codeit.gatcha.domain.answer.entity.Answer_AnswerBuilder_body_1081741742
[INFO] Tests run: 1, Failures: 0, Errors: 0, Skipped: 0, Time elapsed: 0 s - in codeit.gatcha.domain.answer.entity.Answer_AnswerBuilder_body_1081741742
[INFO] Running codeit.gatcha.domain.answer.entity.Answer_getQuestion_5542592756
[INFO] Tests run: 1, Failures: 0, Errors: 0, Skipped: 0, Time elapsed: 0.001 s - in codeit.gatcha.domain.answer.entity.Answer_getQuestion_5542592756
[INFO] Running codeit.gatcha.domain.answer.entity.Answer_setQuestion_197781700722
[INFO] Tests run: 1, Failures: 0, Errors: 0, Skipped: 0, Time elapsed: 0 s - in codeit.gatcha.domain.answer.entity.Answer_setQuestion_197781700722
[INFO] Running codeit.gatcha.domain.answer.entity.Answer_init_19572186792
[INFO] Tests run: 1, Failures: 0, Errors: 0, Skipped: 0, Time elapsed: 0 s - in codeit.gatcha.domain.answer.entity.Answer_init_19572186792
[INFO] Running codeit.gatcha.domain.answer.entity.Answer_init_15793216803
[INFO] Tests run: 1, Failures: 0, Errors: 0, Skipped: 0, Time elapsed: 0 s - in codeit.gatcha.domain.answer.entity.Answer_init_15793216803
[INFO] Running codeit.gatcha.domain.answer.entity.Answer_setBody_15350433549
[INFO] Tests run: 1, Failures: 0, Errors: 0, Skipped: 0, Time elapsed: 0 s - in codeit.gatcha.domain.answer.entity.Answer_setBody_15350433549
[INFO] Running codeit.gatcha.domain.answer.entity.Answer_AnswerBuilder_question_6704158173
[INFO] Tests run: 1, Failures: 0, Errors: 0, Skipped: 0, Time elapsed: 0 s - in codeit.gatcha.domain.answer.entity.Answer_AnswerBuilder_question_6704158173
[INFO] Running codeit.gatcha.domain.answer.entity.Answer_getUser_1801081327
[INFO] Tests run: 1, Failures: 0, Errors: 0, Skipped: 0, Time elapsed: 0 s - in codeit.gatcha.domain.answer.entity.Answer_getUser_1801081327
[INFO] Running codeit.gatcha.domain.answer.entity.Answer_init_1118216290
[INFO] Tests run: 1, Failures: 0, Errors: 0, Skipped: 0, Time elapsed: 0 s - in codeit.gatcha.domain.answer.entity.Answer_init_1118216290
[INFO] Running codeit.gatcha.domain.answer.entity.Answer_getBody_10400473745
[INFO] Tests run: 1, Failures: 0, Errors: 0, Skipped: 0, Time elapsed: 0 s - in codeit.gatcha.domain.answer.entity.Answer_getBody_10400473745
[INFO] Running codeit.gatcha.domain.answer.entity.Answer_setId_11456713028
[INFO] Tests run: 1, Failures: 0, Errors: 0, Skipped: 0, Time elapsed: 0 s - in codeit.gatcha.domain.answer.entity.Answer_setId_11456713028
[INFO] Running codeit.gatcha.domain.answer.entity.Answer_AnswerBuilder_id_24833421
[INFO] Tests run: 1, Failures: 0, Errors: 0, Skipped: 0, Time elapsed: 0 s - in codeit.gatcha.domain.answer.entity.Answer_AnswerBuilder_id_24833421
[INFO] Running codeit.gatcha.domain.answer.entity.Answer_AnswerBuilder_toString_47926266513
[INFO] Tests run: 1, Failures: 0, Errors: 0, Skipped: 0, Time elapsed: 0 s - in codeit.gatcha.domain.answer.entity.Answer_AnswerBuilder_toString_47926266513
[INFO] Running codeit.gatcha.domain.answer.entity.Answer_AnswerBuilder_build_18004336125
[INFO] Tests run: 1, Failures: 0, Errors: 0, Skipped: 0, Time elapsed: 0 s - in codeit.gatcha.domain.answer.entity.Answer_AnswerBuilder_build_18004336125
[INFO] Running codeit.gatcha.domain.answer.entity.Answer_setId_114567130220
[INFO] Tests run: 1, Failures: 0, Errors: 0, Skipped: 0, Time elapsed: 0 s - in codeit.gatcha.domain.answer.entity.Answer_setId_114567130220
[INFO] Running codeit.gatcha.domain.answer.entity.Answer_getId_212799015616
[INFO] Tests run: 1, Failures: 0, Errors: 0, Skipped: 0, Time elapsed: 0 s - in codeit.gatcha.domain.answer.entity.Answer_getId_212799015616
[INFO] Running codeit.gatcha.domain.answer.entity.Answer_init_157932168015
[INFO] Tests run: 1, Failures: 0, Errors: 0, Skipped: 0, Time elapsed: 0 s - in codeit.gatcha.domain.answer.entity.Answer_init_157932168015
[INFO] Running codeit.gatcha.domain.answer.entity.Answer_AnswerBuilder_build_180043361212
[INFO] Tests run: 1, Failures: 0, Errors: 0, Skipped: 0, Time elapsed: 0 s - in codeit.gatcha.domain.answer.entity.Answer_AnswerBuilder_build_180043361212
[INFO] Running codeit.gatcha.domain.answer.entity.Answer_AnswerBuilder_user_16877978264
[INFO] Tests run: 1, Failures: 0, Errors: 0, Skipped: 0, Time elapsed: 0.001 s - in codeit.gatcha.domain.answer.entity.Answer_AnswerBuilder_user_16877978264
[INFO] Running codeit.gatcha.domain.answer.entity.Answer_builder_202789825313
[INFO] Tests run: 1, Failures: 0, Errors: 0, Skipped: 0, Time elapsed: 0 s - in codeit.gatcha.domain.answer.entity.Answer_builder_202789825313
[INFO] Running codeit.gatcha.domain.answer.entity.Answer_init_11182162912
[ERROR] Tests run: 1, Failures: 0, Errors: 1, Skipped: 0, Time elapsed: 0 s <<< FAILURE! - in codeit.gatcha.domain.answer.entity.Answer_init_11182162912
[ERROR] test  Time elapsed: 0 s  <<< ERROR!
java.lang.reflect.InvocationTargetException
	at codeit.gatcha.domain.answer.entity.Answer_init_11182162912.test(Answer_init_11182162912.java:46)
Caused by: java.lang.NullPointerException
	at codeit.gatcha.domain.answer.entity.Answer_init_11182162912.test(Answer_init_11182162912.java:46)

[INFO] Running codeit.gatcha.domain.answer.entity.Answer_getUser_18010813219
[INFO] Tests run: 1, Failures: 0, Errors: 0, Skipped: 0, Time elapsed: 0 s - in codeit.gatcha.domain.answer.entity.Answer_getUser_18010813219
[INFO] Running codeit.gatcha.domain.answer.entity.Answer_AnswerBuilder_user_168779782611
[INFO] Tests run: 1, Failures: 0, Errors: 0, Skipped: 0, Time elapsed: 0 s - in codeit.gatcha.domain.answer.entity.Answer_AnswerBuilder_user_168779782611
[INFO] Running codeit.gatcha.domain.answer.entity.Answer_setQuestion_197781700710
[INFO] Tests run: 1, Failures: 0, Errors: 0, Skipped: 0, Time elapsed: 0 s - in codeit.gatcha.domain.answer.entity.Answer_setQuestion_197781700710
[INFO] Running codeit.gatcha.domain.answer.service.AnswerFetchService_currentUserHasntAnsweredAllQuestions_18138036990
[ERROR] Tests run: 1, Failures: 0, Errors: 1, Skipped: 0, Time elapsed: 0 s <<< FAILURE! - in codeit.gatcha.domain.answer.service.AnswerFetchService_currentUserHasntAnsweredAllQuestions_18138036990
[ERROR] test  Time elapsed: 0 s  <<< ERROR!
java.lang.NullPointerException
	at codeit.gatcha.domain.answer.service.AnswerFetchService_currentUserHasntAnsweredAllQuestions_18138036990.test(AnswerFetchService_currentUserHasntAnsweredAllQuestions_18138036990.java:65)

[INFO] Running codeit.gatcha.GatchaApplication_init_18592867070
[INFO] Tests run: 1, Failures: 0, Errors: 0, Skipped: 0, Time elapsed: 0 s - in codeit.gatcha.GatchaApplication_init_18592867070
2026-04-09 12:56:18.966  INFO 75 --- [extShutdownHook] o.s.s.concurrent.ThreadPoolTaskExecutor  : Shutting down ExecutorService 'applicationTaskExecutor'
2026-04-09 12:56:18.972  INFO 75 --- [extShutdownHook] j.LocalContainerEntityManagerFactoryBean : Closing JPA EntityManagerFactory for persistence unit 'default'
2026-04-09 12:56:18.973  INFO 75 --- [extShutdownHook] .SchemaDropperImpl$DelayedDropActionImpl : HHH000477: Starting delayed evictData of schema as part of SessionFactory shut-down'
2026-04-09 12:56:18.985  INFO 75 --- [extShutdownHook] com.zaxxer.hikari.HikariDataSource       : HikariPool-1 - Shutdown initiated...
2026-04-09 12:56:18.987  INFO 75 --- [extShutdownHook] com.zaxxer.hikari.HikariDataSource       : HikariPool-1 - Shutdown completed.
[INFO] 
[INFO] Results:
[INFO] 
[ERROR] Errors: 
[ERROR]   GatchaApplication_main_20591175853.test:44 » IllegalArgument Args must not be ...
[ERROR]   PublicationLinkDTO_init_18920592724.test:42 » InvocationTarget
[ERROR]   PublishedQuestionDTO_init_16670381605.test:42 » InvocationTarget
[ERROR]   Admin_QuestionDTO_init_38435439911.test:42 » InvocationTarget
[ERROR]   User_QuestionDTO_init_64711745.test:44 » InvocationTarget
[ERROR]   ConfirmationTokenService_confirmationTokenDoesntExist_4770072950.test:42 » NullPointer
[ERROR]   RefreshTokenService_deleteByValue_19867818942.test:42 » NullPointer
[ERROR]   RefreshTokenService_refreshTokenExists_2939446050.test:42 » NullPointer
[ERROR]   RefreshTokenService_saveNewRefreshToken_15659470941.test:67 » NullPointer
[ERROR]   API_QuestionFetchService_answersArePublished_253579482.test:65 » NullPointer
[ERROR]   API_QuestionFetchService_getAllValidQuestionsDTO_890891340.test:40 » NullPointer
[ERROR]   API_QuestionFetchService_getAllValidQuestionsWithUserAnswersDTO_3490993001.test:40 » NullPointer
[ERROR]   API_QuestionFetchService_getUserAnswerToQuestion_3242100343.test:73 » NullPointer
[ERROR]   UserSessionService_getCurrentLoggedInUser_3929771800.test:40 » NullPointer
[ERROR]   Answer_init_11182162912.test:46 » InvocationTarget
[ERROR]   AnswerFetchService_currentUserHasntAnsweredAllQuestions_18138036990.test:65 » NullPointer
[ERROR]   QuestionCreationService_createQuestion_1721082300.test:42 » NullPointer
[ERROR]   QuestionDeletionService_invalidateQuestionByIdOrThrow_15748561740.test:45 » NullPointer
[ERROR]   QuestionUpdateService_updateQuestion_16543395370.test:47 » NullPointer
[ERROR]   UserDTO_init_16321680243.test:42 » InvocationTarget
[ERROR]   EmailConfirmationService_createAndSendConfirmationEmail_10148110211.test:92 » NullPointer
[ERROR]   EmailConfirmationService_createAndSendConfirmationTokenToUser_14278954560.test:65 » NullPointer
[ERROR]   EmailConfirmationService_getConfirmationLink_16262126432.test:74 » NullPointer
[ERROR]   SignUpService_activateUserAccount_3747083042.test:42 » NullPointer
[ERROR]   SignUpService_createNewUser_11631280030.test:46 » NullPointer
[ERROR]   SignUpService_createUserFromSignUpDTO_9044806181.test:46 » NullPointer
[ERROR]   SignUpService_enableUserAccount_9553865553.test:65 » NullPointer
[ERROR]   UserService_emailIsUsed_17272265310.test:42 » NullPointer
[INFO] 
[ERROR] Tests run: 473, Failures: 0, Errors: 28, Skipped: 0
[INFO] 
[ERROR] There are test failures.

Please refer to /app/target/surefire-reports for the individual test results.
Please refer to dump files (if any exist) [date].dump, [date]-jvmRun[N].dump and [date].dumpstream.
[INFO] 
[INFO] --- jacoco-maven-plugin:0.8.11:report (report) @ gatcha ---
[INFO] Loading execution data file /app/target/jacoco.exec
[INFO] Analyzed bundle 'gatcha' with 72 classes
[INFO] 
[INFO] --- jacoco-maven-plugin:0.8.11:report (default-cli) @ gatcha ---
[INFO] Loading execution data file /app/target/jacoco.exec
[INFO] Analyzed bundle 'gatcha' with 72 classes
[INFO] ------------------------------------------------------------------------
[INFO] BUILD SUCCESS
[INFO] ------------------------------------------------------------------------
[INFO] Total time:  14.580 s
[INFO] Finished at: 2026-04-09T12:56:19Z
[INFO] ------------------------------------------------------------------------
