[INFO] Scanning for projects...
[INFO] 
[INFO] --------------------< in.cubestack.apps:cube-blog >---------------------
[INFO] Building cube-blog 1.0.0-SNAPSHOT
[INFO] --------------------------------[ jar ]---------------------------------
[INFO] 
[INFO] --- maven-clean-plugin:2.5:clean (default-clean) @ cube-blog ---
[INFO] Deleting /app/target
[INFO] 
[INFO] --- jacoco-maven-plugin:0.8.11:prepare-agent (default) @ cube-blog ---
[INFO] argLine set to -javaagent:/root/.m2/repository/org/jacoco/org.jacoco.agent/0.8.11/org.jacoco.agent-0.8.11-runtime.jar=destfile=/app/target/jacoco.exec
[INFO] 
[INFO] --- maven-resources-plugin:2.6:resources (default-resources) @ cube-blog ---
[INFO] Using 'UTF-8' encoding to copy filtered resources.
[INFO] Copying 131 resources
[INFO] 
[INFO] --- maven-compiler-plugin:3.8.1:compile (default-compile) @ cube-blog ---
[INFO] Changes detected - recompiling the module!
[INFO] Compiling 69 source files to /app/target/classes
[INFO] 
[INFO] --- build-helper-maven-plugin:3.3.0:add-test-source (add-kex-test-source) @ cube-blog ---
[INFO] Test Source directory: /app/src/test/java/kex-tests added.
[INFO] 
[INFO] --- maven-resources-plugin:2.6:testResources (default-testResources) @ cube-blog ---
[INFO] Using 'UTF-8' encoding to copy filtered resources.
[INFO] skip non existing resourceDirectory /app/src/test/resources
[INFO] 
[INFO] --- maven-compiler-plugin:3.8.1:testCompile (default-testCompile) @ cube-blog ---
[INFO] Changes detected - recompiling the module!
[INFO] Compiling 835 source files to /app/target/test-classes
[WARNING] /app/src/test/java/kex-tests/tests/in/cubestack/apps/blog/post/domain/ReflectionUtils.java:[9,16] sun.misc.Unsafe is internal proprietary API and may be removed in a future release
[WARNING] /app/src/test/java/kex-tests/tests/in/cubestack/apps/blog/core/service/ReflectionUtils.java:[9,16] sun.misc.Unsafe is internal proprietary API and may be removed in a future release
[WARNING] /app/src/test/java/kex-tests/tests/in/cubestack/apps/blog/core/domain/ReflectionUtils.java:[9,16] sun.misc.Unsafe is internal proprietary API and may be removed in a future release
[WARNING] /app/src/test/java/kex-tests/tests/in/cubestack/apps/blog/admin/resource/ReflectionUtils.java:[9,16] sun.misc.Unsafe is internal proprietary API and may be removed in a future release
[WARNING] /app/src/test/java/kex-tests/tests/in/cubestack/apps/blog/post/service/ReflectionUtils.java:[9,16] sun.misc.Unsafe is internal proprietary API and may be removed in a future release
[WARNING] /app/src/test/java/kex-tests/tests/in/cubestack/apps/blog/base/domain/ReflectionUtils.java:[9,16] sun.misc.Unsafe is internal proprietary API and may be removed in a future release
[WARNING] /app/src/test/java/kex-tests/tests/in/cubestack/apps/blog/base/quarkus/ReflectionUtils.java:[9,16] sun.misc.Unsafe is internal proprietary API and may be removed in a future release
[WARNING] /app/src/test/java/kex-tests/tests/in/cubestack/apps/blog/event/domain/ReflectionUtils.java:[9,16] sun.misc.Unsafe is internal proprietary API and may be removed in a future release
[WARNING] /app/src/test/java/kex-tests/tests/in/cubestack/apps/blog/event/service/ReflectionUtils.java:[9,16] sun.misc.Unsafe is internal proprietary API and may be removed in a future release
[WARNING] /app/src/test/java/kex-tests/tests/in/cubestack/apps/blog/comment/domain/ReflectionUtils.java:[9,16] sun.misc.Unsafe is internal proprietary API and may be removed in a future release
[WARNING] /app/src/test/java/kex-tests/tests/in/cubestack/apps/blog/core/resource/ReflectionUtils.java:[9,16] sun.misc.Unsafe is internal proprietary API and may be removed in a future release
[WARNING] /app/src/test/java/kex-tests/tests/in/cubestack/apps/blog/base/web/ReflectionUtils.java:[9,16] sun.misc.Unsafe is internal proprietary API and may be removed in a future release
[WARNING] /app/src/test/java/kex-tests/tests/in/cubestack/apps/blog/post/web/ReflectionUtils.java:[9,16] sun.misc.Unsafe is internal proprietary API and may be removed in a future release
[WARNING] /app/src/test/java/kex-tests/tests/in/cubestack/apps/blog/comment/web/ReflectionUtils.java:[9,16] sun.misc.Unsafe is internal proprietary API and may be removed in a future release
[WARNING] /app/src/test/java/kex-tests/tests/in/cubestack/apps/blog/util/ReflectionUtils.java:[9,16] sun.misc.Unsafe is internal proprietary API and may be removed in a future release
[WARNING] /app/src/test/java/kex-tests/tests/in/cubestack/apps/blog/admin/service/ReflectionUtils.java:[9,16] sun.misc.Unsafe is internal proprietary API and may be removed in a future release
[WARNING] /app/src/test/java/kex-tests/tests/in/cubestack/apps/blog/admin/exception/ReflectionUtils.java:[9,16] sun.misc.Unsafe is internal proprietary API and may be removed in a future release
[WARNING] /app/src/test/java/kex-tests/tests/in/cubestack/apps/blog/event/web/ReflectionUtils.java:[9,16] sun.misc.Unsafe is internal proprietary API and may be removed in a future release
[WARNING] /app/src/test/java/kex-tests/tests/in/cubestack/apps/blog/comment/service/ReflectionUtils.java:[9,16] sun.misc.Unsafe is internal proprietary API and may be removed in a future release
[WARNING] /app/src/test/java/kex-tests/tests/in/cubestack/apps/blog/post/domain/ReflectionUtils.java:[9,16] sun.misc.Unsafe is internal proprietary API and may be removed in a future release
[WARNING] /app/src/test/java/kex-tests/tests/in/cubestack/apps/blog/core/service/ReflectionUtils.java:[9,16] sun.misc.Unsafe is internal proprietary API and may be removed in a future release
[WARNING] /app/src/test/java/kex-tests/tests/in/cubestack/apps/blog/core/domain/ReflectionUtils.java:[9,16] sun.misc.Unsafe is internal proprietary API and may be removed in a future release
[WARNING] /app/src/test/java/kex-tests/tests/in/cubestack/apps/blog/admin/resource/ReflectionUtils.java:[9,16] sun.misc.Unsafe is internal proprietary API and may be removed in a future release
[WARNING] /app/src/test/java/kex-tests/tests/in/cubestack/apps/blog/post/service/ReflectionUtils.java:[9,16] sun.misc.Unsafe is internal proprietary API and may be removed in a future release
[WARNING] /app/src/test/java/kex-tests/tests/in/cubestack/apps/blog/base/domain/ReflectionUtils.java:[9,16] sun.misc.Unsafe is internal proprietary API and may be removed in a future release
[WARNING] /app/src/test/java/kex-tests/tests/in/cubestack/apps/blog/base/quarkus/ReflectionUtils.java:[9,16] sun.misc.Unsafe is internal proprietary API and may be removed in a future release
[WARNING] /app/src/test/java/kex-tests/tests/in/cubestack/apps/blog/event/domain/ReflectionUtils.java:[9,16] sun.misc.Unsafe is internal proprietary API and may be removed in a future release
[WARNING] /app/src/test/java/kex-tests/tests/in/cubestack/apps/blog/event/service/ReflectionUtils.java:[9,16] sun.misc.Unsafe is internal proprietary API and may be removed in a future release
[WARNING] /app/src/test/java/kex-tests/tests/in/cubestack/apps/blog/comment/domain/ReflectionUtils.java:[9,16] sun.misc.Unsafe is internal proprietary API and may be removed in a future release
[WARNING] /app/src/test/java/kex-tests/tests/in/cubestack/apps/blog/core/resource/ReflectionUtils.java:[9,16] sun.misc.Unsafe is internal proprietary API and may be removed in a future release
[WARNING] /app/src/test/java/kex-tests/tests/in/cubestack/apps/blog/base/web/ReflectionUtils.java:[9,16] sun.misc.Unsafe is internal proprietary API and may be removed in a future release
[WARNING] /app/src/test/java/kex-tests/tests/in/cubestack/apps/blog/post/web/ReflectionUtils.java:[9,16] sun.misc.Unsafe is internal proprietary API and may be removed in a future release
[WARNING] /app/src/test/java/kex-tests/tests/in/cubestack/apps/blog/comment/web/ReflectionUtils.java:[9,16] sun.misc.Unsafe is internal proprietary API and may be removed in a future release
[WARNING] /app/src/test/java/kex-tests/tests/in/cubestack/apps/blog/util/ReflectionUtils.java:[9,16] sun.misc.Unsafe is internal proprietary API and may be removed in a future release
[WARNING] /app/src/test/java/kex-tests/tests/in/cubestack/apps/blog/admin/service/ReflectionUtils.java:[9,16] sun.misc.Unsafe is internal proprietary API and may be removed in a future release
[WARNING] /app/src/test/java/kex-tests/tests/in/cubestack/apps/blog/admin/exception/ReflectionUtils.java:[9,16] sun.misc.Unsafe is internal proprietary API and may be removed in a future release
[WARNING] /app/src/test/java/kex-tests/tests/in/cubestack/apps/blog/event/web/ReflectionUtils.java:[9,16] sun.misc.Unsafe is internal proprietary API and may be removed in a future release
[WARNING] /app/src/test/java/kex-tests/tests/in/cubestack/apps/blog/comment/service/ReflectionUtils.java:[9,16] sun.misc.Unsafe is internal proprietary API and may be removed in a future release
[WARNING] /app/src/test/java/kex-tests/tests/in/cubestack/apps/blog/post/domain/ReflectionUtils.java:[9,16] sun.misc.Unsafe is internal proprietary API and may be removed in a future release
[WARNING] /app/src/test/java/kex-tests/tests/in/cubestack/apps/blog/core/service/ReflectionUtils.java:[9,16] sun.misc.Unsafe is internal proprietary API and may be removed in a future release
[WARNING] /app/src/test/java/kex-tests/tests/in/cubestack/apps/blog/core/domain/ReflectionUtils.java:[9,16] sun.misc.Unsafe is internal proprietary API and may be removed in a future release
[WARNING] /app/src/test/java/kex-tests/tests/in/cubestack/apps/blog/admin/resource/ReflectionUtils.java:[9,16] sun.misc.Unsafe is internal proprietary API and may be removed in a future release
[WARNING] /app/src/test/java/kex-tests/tests/in/cubestack/apps/blog/post/service/ReflectionUtils.java:[9,16] sun.misc.Unsafe is internal proprietary API and may be removed in a future release
[WARNING] /app/src/test/java/kex-tests/tests/in/cubestack/apps/blog/base/domain/ReflectionUtils.java:[9,16] sun.misc.Unsafe is internal proprietary API and may be removed in a future release
[WARNING] /app/src/test/java/kex-tests/tests/in/cubestack/apps/blog/base/quarkus/ReflectionUtils.java:[9,16] sun.misc.Unsafe is internal proprietary API and may be removed in a future release
[WARNING] /app/src/test/java/kex-tests/tests/in/cubestack/apps/blog/event/domain/ReflectionUtils.java:[9,16] sun.misc.Unsafe is internal proprietary API and may be removed in a future release
[WARNING] /app/src/test/java/kex-tests/tests/in/cubestack/apps/blog/event/service/ReflectionUtils.java:[9,16] sun.misc.Unsafe is internal proprietary API and may be removed in a future release
[WARNING] /app/src/test/java/kex-tests/tests/in/cubestack/apps/blog/comment/domain/ReflectionUtils.java:[9,16] sun.misc.Unsafe is internal proprietary API and may be removed in a future release
[WARNING] /app/src/test/java/kex-tests/tests/in/cubestack/apps/blog/core/resource/ReflectionUtils.java:[9,16] sun.misc.Unsafe is internal proprietary API and may be removed in a future release
[WARNING] /app/src/test/java/kex-tests/tests/in/cubestack/apps/blog/base/web/ReflectionUtils.java:[9,16] sun.misc.Unsafe is internal proprietary API and may be removed in a future release
[WARNING] /app/src/test/java/kex-tests/tests/in/cubestack/apps/blog/post/web/ReflectionUtils.java:[9,16] sun.misc.Unsafe is internal proprietary API and may be removed in a future release
[WARNING] /app/src/test/java/kex-tests/tests/in/cubestack/apps/blog/comment/web/ReflectionUtils.java:[9,16] sun.misc.Unsafe is internal proprietary API and may be removed in a future release
[WARNING] /app/src/test/java/kex-tests/tests/in/cubestack/apps/blog/util/ReflectionUtils.java:[9,16] sun.misc.Unsafe is internal proprietary API and may be removed in a future release
[WARNING] /app/src/test/java/kex-tests/tests/in/cubestack/apps/blog/admin/service/ReflectionUtils.java:[9,16] sun.misc.Unsafe is internal proprietary API and may be removed in a future release
[WARNING] /app/src/test/java/kex-tests/tests/in/cubestack/apps/blog/admin/exception/ReflectionUtils.java:[9,16] sun.misc.Unsafe is internal proprietary API and may be removed in a future release
[WARNING] /app/src/test/java/kex-tests/tests/in/cubestack/apps/blog/event/web/ReflectionUtils.java:[9,16] sun.misc.Unsafe is internal proprietary API and may be removed in a future release
[WARNING] /app/src/test/java/kex-tests/tests/in/cubestack/apps/blog/comment/service/ReflectionUtils.java:[9,16] sun.misc.Unsafe is internal proprietary API and may be removed in a future release
[WARNING] /app/src/test/java/kex-tests/tests/in/cubestack/apps/blog/post/domain/ReflectionUtils.java:[13,25] sun.misc.Unsafe is internal proprietary API and may be removed in a future release
[WARNING] /app/src/test/java/kex-tests/tests/in/cubestack/apps/blog/post/domain/ReflectionUtils.java:[13,25] sun.misc.Unsafe is internal proprietary API and may be removed in a future release
[WARNING] /app/src/test/java/kex-tests/tests/in/cubestack/apps/blog/post/domain/ReflectionUtils.java:[13,25] sun.misc.Unsafe is internal proprietary API and may be removed in a future release
[WARNING] /app/src/test/java/kex-tests/tests/in/cubestack/apps/blog/post/domain/ReflectionUtils.java:[17,31] sun.misc.Unsafe is internal proprietary API and may be removed in a future release
[WARNING] /app/src/test/java/kex-tests/tests/in/cubestack/apps/blog/post/domain/ReflectionUtils.java:[19,23] sun.misc.Unsafe is internal proprietary API and may be removed in a future release
[WARNING] /app/src/test/java/kex-tests/tests/in/cubestack/apps/blog/core/service/ReflectionUtils.java:[13,25] sun.misc.Unsafe is internal proprietary API and may be removed in a future release
[WARNING] /app/src/test/java/kex-tests/tests/in/cubestack/apps/blog/core/service/ReflectionUtils.java:[13,25] sun.misc.Unsafe is internal proprietary API and may be removed in a future release
[WARNING] /app/src/test/java/kex-tests/tests/in/cubestack/apps/blog/core/service/ReflectionUtils.java:[13,25] sun.misc.Unsafe is internal proprietary API and may be removed in a future release
[WARNING] /app/src/test/java/kex-tests/tests/in/cubestack/apps/blog/core/service/ReflectionUtils.java:[17,31] sun.misc.Unsafe is internal proprietary API and may be removed in a future release
[WARNING] /app/src/test/java/kex-tests/tests/in/cubestack/apps/blog/core/service/ReflectionUtils.java:[19,23] sun.misc.Unsafe is internal proprietary API and may be removed in a future release
[WARNING] /app/src/test/java/kex-tests/tests/in/cubestack/apps/blog/core/domain/ReflectionUtils.java:[13,25] sun.misc.Unsafe is internal proprietary API and may be removed in a future release
[WARNING] /app/src/test/java/kex-tests/tests/in/cubestack/apps/blog/core/domain/ReflectionUtils.java:[13,25] sun.misc.Unsafe is internal proprietary API and may be removed in a future release
[WARNING] /app/src/test/java/kex-tests/tests/in/cubestack/apps/blog/core/domain/ReflectionUtils.java:[13,25] sun.misc.Unsafe is internal proprietary API and may be removed in a future release
[WARNING] /app/src/test/java/kex-tests/tests/in/cubestack/apps/blog/core/domain/ReflectionUtils.java:[17,31] sun.misc.Unsafe is internal proprietary API and may be removed in a future release
[WARNING] /app/src/test/java/kex-tests/tests/in/cubestack/apps/blog/core/domain/ReflectionUtils.java:[19,23] sun.misc.Unsafe is internal proprietary API and may be removed in a future release
[WARNING] /app/src/test/java/kex-tests/tests/in/cubestack/apps/blog/admin/resource/ReflectionUtils.java:[13,25] sun.misc.Unsafe is internal proprietary API and may be removed in a future release
[WARNING] /app/src/test/java/kex-tests/tests/in/cubestack/apps/blog/admin/resource/ReflectionUtils.java:[13,25] sun.misc.Unsafe is internal proprietary API and may be removed in a future release
[WARNING] /app/src/test/java/kex-tests/tests/in/cubestack/apps/blog/admin/resource/ReflectionUtils.java:[13,25] sun.misc.Unsafe is internal proprietary API and may be removed in a future release
[WARNING] /app/src/test/java/kex-tests/tests/in/cubestack/apps/blog/admin/resource/ReflectionUtils.java:[17,31] sun.misc.Unsafe is internal proprietary API and may be removed in a future release
[WARNING] /app/src/test/java/kex-tests/tests/in/cubestack/apps/blog/admin/resource/ReflectionUtils.java:[19,23] sun.misc.Unsafe is internal proprietary API and may be removed in a future release
[WARNING] /app/src/test/java/kex-tests/tests/in/cubestack/apps/blog/post/service/ReflectionUtils.java:[13,25] sun.misc.Unsafe is internal proprietary API and may be removed in a future release
[WARNING] /app/src/test/java/kex-tests/tests/in/cubestack/apps/blog/post/service/ReflectionUtils.java:[13,25] sun.misc.Unsafe is internal proprietary API and may be removed in a future release
[WARNING] /app/src/test/java/kex-tests/tests/in/cubestack/apps/blog/post/service/ReflectionUtils.java:[13,25] sun.misc.Unsafe is internal proprietary API and may be removed in a future release
[WARNING] /app/src/test/java/kex-tests/tests/in/cubestack/apps/blog/post/service/ReflectionUtils.java:[17,31] sun.misc.Unsafe is internal proprietary API and may be removed in a future release
[WARNING] /app/src/test/java/kex-tests/tests/in/cubestack/apps/blog/post/service/ReflectionUtils.java:[19,23] sun.misc.Unsafe is internal proprietary API and may be removed in a future release
[WARNING] /app/src/test/java/kex-tests/tests/in/cubestack/apps/blog/base/domain/ReflectionUtils.java:[13,25] sun.misc.Unsafe is internal proprietary API and may be removed in a future release
[WARNING] /app/src/test/java/kex-tests/tests/in/cubestack/apps/blog/base/domain/ReflectionUtils.java:[13,25] sun.misc.Unsafe is internal proprietary API and may be removed in a future release
[WARNING] /app/src/test/java/kex-tests/tests/in/cubestack/apps/blog/base/domain/ReflectionUtils.java:[13,25] sun.misc.Unsafe is internal proprietary API and may be removed in a future release
[WARNING] /app/src/test/java/kex-tests/tests/in/cubestack/apps/blog/base/domain/ReflectionUtils.java:[17,31] sun.misc.Unsafe is internal proprietary API and may be removed in a future release
[WARNING] /app/src/test/java/kex-tests/tests/in/cubestack/apps/blog/base/domain/ReflectionUtils.java:[19,23] sun.misc.Unsafe is internal proprietary API and may be removed in a future release
[WARNING] /app/src/test/java/kex-tests/tests/in/cubestack/apps/blog/base/quarkus/ReflectionUtils.java:[13,25] sun.misc.Unsafe is internal proprietary API and may be removed in a future release
[WARNING] /app/src/test/java/kex-tests/tests/in/cubestack/apps/blog/base/quarkus/ReflectionUtils.java:[13,25] sun.misc.Unsafe is internal proprietary API and may be removed in a future release
[WARNING] /app/src/test/java/kex-tests/tests/in/cubestack/apps/blog/base/quarkus/ReflectionUtils.java:[13,25] sun.misc.Unsafe is internal proprietary API and may be removed in a future release
[WARNING] /app/src/test/java/kex-tests/tests/in/cubestack/apps/blog/base/quarkus/ReflectionUtils.java:[17,31] sun.misc.Unsafe is internal proprietary API and may be removed in a future release
[WARNING] /app/src/test/java/kex-tests/tests/in/cubestack/apps/blog/base/quarkus/ReflectionUtils.java:[19,23] sun.misc.Unsafe is internal proprietary API and may be removed in a future release
[WARNING] /app/src/test/java/kex-tests/tests/in/cubestack/apps/blog/event/domain/ReflectionUtils.java:[13,25] sun.misc.Unsafe is internal proprietary API and may be removed in a future release
[WARNING] /app/src/test/java/kex-tests/tests/in/cubestack/apps/blog/event/domain/ReflectionUtils.java:[13,25] sun.misc.Unsafe is internal proprietary API and may be removed in a future release
[WARNING] /app/src/test/java/kex-tests/tests/in/cubestack/apps/blog/event/domain/ReflectionUtils.java:[13,25] sun.misc.Unsafe is internal proprietary API and may be removed in a future release
[WARNING] /app/src/test/java/kex-tests/tests/in/cubestack/apps/blog/event/domain/ReflectionUtils.java:[17,31] sun.misc.Unsafe is internal proprietary API and may be removed in a future release
[WARNING] /app/src/test/java/kex-tests/tests/in/cubestack/apps/blog/event/domain/ReflectionUtils.java:[19,23] sun.misc.Unsafe is internal proprietary API and may be removed in a future release
[WARNING] /app/src/test/java/kex-tests/tests/in/cubestack/apps/blog/event/service/ReflectionUtils.java:[13,25] sun.misc.Unsafe is internal proprietary API and may be removed in a future release
[WARNING] /app/src/test/java/kex-tests/tests/in/cubestack/apps/blog/event/service/ReflectionUtils.java:[13,25] sun.misc.Unsafe is internal proprietary API and may be removed in a future release
[WARNING] /app/src/test/java/kex-tests/tests/in/cubestack/apps/blog/event/service/ReflectionUtils.java:[13,25] sun.misc.Unsafe is internal proprietary API and may be removed in a future release
[INFO] /app/src/test/java/kex-tests/tests/in/cubestack/apps/blog/post/domain/Post_getPostType_115740514322.java: Some input files use or override a deprecated API.
[INFO] /app/src/test/java/kex-tests/tests/in/cubestack/apps/blog/post/domain/Post_getPostType_115740514322.java: Recompile with -Xlint:deprecation for details.
[INFO] /app/src/test/java/kex-tests/tests/in/cubestack/apps/blog/post/service/PostSummary_getId_16607215494.java: Some input files use unchecked or unsafe operations.
[INFO] /app/src/test/java/kex-tests/tests/in/cubestack/apps/blog/post/service/PostSummary_getId_16607215494.java: Recompile with -Xlint:unchecked for details.
[INFO] 
[INFO] --- maven-surefire-plugin:2.22.1:test (default-test) @ cube-blog ---
[INFO] 
[INFO] -------------------------------------------------------
[INFO]  T E S T S
[INFO] -------------------------------------------------------
[INFO] Running in.cubestack.apps.blog.core.resource.RoleCandidate_getRoleId_10402308003
[INFO] Tests run: 1, Failures: 0, Errors: 0, Skipped: 0, Time elapsed: 0.018 s - in in.cubestack.apps.blog.core.resource.RoleCandidate_getRoleId_10402308003
[INFO] Running in.cubestack.apps.blog.core.resource.PersonCandidate_init_15717016340
[INFO] Tests run: 1, Failures: 0, Errors: 0, Skipped: 0, Time elapsed: 0.001 s - in in.cubestack.apps.blog.core.resource.PersonCandidate_init_15717016340
[INFO] Running in.cubestack.apps.blog.core.resource.PersonCandidate_setStatus_214427511418
[INFO] Tests run: 1, Failures: 0, Errors: 0, Skipped: 0, Time elapsed: 0.004 s - in in.cubestack.apps.blog.core.resource.PersonCandidate_setStatus_214427511418
[INFO] Running in.cubestack.apps.blog.core.resource.PersonCandidate_setLastName_13885838848
[INFO] Tests run: 1, Failures: 0, Errors: 0, Skipped: 0, Time elapsed: 0 s - in in.cubestack.apps.blog.core.resource.PersonCandidate_setLastName_13885838848
[INFO] Running in.cubestack.apps.blog.core.resource.PersonCandidate_getId_79352011925
[INFO] Tests run: 1, Failures: 0, Errors: 0, Skipped: 0, Time elapsed: 0 s - in in.cubestack.apps.blog.core.resource.PersonCandidate_getId_79352011925
[INFO] Running in.cubestack.apps.blog.core.resource.PersonCandidate_setFirstName_1776628146
[INFO] Tests run: 1, Failures: 0, Errors: 0, Skipped: 0, Time elapsed: 0.001 s - in in.cubestack.apps.blog.core.resource.PersonCandidate_setFirstName_1776628146
[INFO] Running in.cubestack.apps.blog.core.resource.PersonCandidate_getEmail_8926260199
[INFO] Tests run: 1, Failures: 0, Errors: 0, Skipped: 0, Time elapsed: 0 s - in in.cubestack.apps.blog.core.resource.PersonCandidate_getEmail_8926260199
[INFO] Running in.cubestack.apps.blog.core.resource.PersonCandidate_setPassword_90189866214
[INFO] Tests run: 1, Failures: 0, Errors: 0, Skipped: 0, Time elapsed: 0 s - in in.cubestack.apps.blog.core.resource.PersonCandidate_setPassword_90189866214
[INFO] Running in.cubestack.apps.blog.core.resource.RoleCandidate_toRole_199704212716
[INFO] Tests run: 1, Failures: 0, Errors: 0, Skipped: 0, Time elapsed: 0.001 s - in in.cubestack.apps.blog.core.resource.RoleCandidate_toRole_199704212716
[INFO] Running in.cubestack.apps.blog.core.resource.RoleCandidate_getRoleId_104023080013
[INFO] Tests run: 1, Failures: 0, Errors: 0, Skipped: 0, Time elapsed: 0.001 s - in in.cubestack.apps.blog.core.resource.RoleCandidate_getRoleId_104023080013
[INFO] Running in.cubestack.apps.blog.core.resource.PersonCandidate_getStatus_44727663239
[INFO] Tests run: 1, Failures: 0, Errors: 0, Skipped: 0, Time elapsed: 0 s - in in.cubestack.apps.blog.core.resource.PersonCandidate_getStatus_44727663239
[INFO] Running in.cubestack.apps.blog.core.resource.RoleCandidate_from_24349805215
[ERROR] Tests run: 1, Failures: 0, Errors: 1, Skipped: 0, Time elapsed: 0 s <<< FAILURE! - in in.cubestack.apps.blog.core.resource.RoleCandidate_from_24349805215
[ERROR] test  Time elapsed: 0 s  <<< ERROR!
java.lang.NullPointerException
	at in.cubestack.apps.blog.core.resource.RoleCandidate_from_24349805215.test(RoleCandidate_from_24349805215.java:46)

[INFO] Running in.cubestack.apps.blog.core.resource.PersonCandidate_setId_12702176754
[INFO] Tests run: 1, Failures: 0, Errors: 0, Skipped: 0, Time elapsed: 0 s - in in.cubestack.apps.blog.core.resource.PersonCandidate_setId_12702176754
[INFO] Running in.cubestack.apps.blog.core.resource.PersonCandidate_from_149391829924
[ERROR] Tests run: 1, Failures: 0, Errors: 1, Skipped: 0, Time elapsed: 0.001 s <<< FAILURE! - in in.cubestack.apps.blog.core.resource.PersonCandidate_from_149391829924
[ERROR] test  Time elapsed: 0 s  <<< ERROR!
java.lang.NullPointerException
	at in.cubestack.apps.blog.core.resource.PersonCandidate_from_149391829924.test(PersonCandidate_from_149391829924.java:53)

[INFO] Running in.cubestack.apps.blog.core.resource.PersonCandidate_test_159160969823
[ERROR] Tests run: 1, Failures: 0, Errors: 1, Skipped: 0, Time elapsed: 0 s <<< FAILURE! - in in.cubestack.apps.blog.core.resource.PersonCandidate_test_159160969823
[ERROR] test  Time elapsed: 0 s  <<< ERROR!
java.lang.NullPointerException
	at in.cubestack.apps.blog.core.resource.PersonCandidate_test_159160969823.test(PersonCandidate_test_159160969823.java:51)

[INFO] Running in.cubestack.apps.blog.core.resource.RoleCandidate_setRoleName_14038243079
[INFO] Tests run: 1, Failures: 0, Errors: 0, Skipped: 0, Time elapsed: 0.001 s - in in.cubestack.apps.blog.core.resource.RoleCandidate_setRoleName_14038243079
[INFO] Running in.cubestack.apps.blog.core.resource.PersonCandidate_getRoles_149507014341
[INFO] Tests run: 1, Failures: 0, Errors: 0, Skipped: 0, Time elapsed: 0 s - in in.cubestack.apps.blog.core.resource.PersonCandidate_getRoles_149507014341
[INFO] Running in.cubestack.apps.blog.core.resource.PersonCandidate_setRoles_78840188142
[INFO] Tests run: 1, Failures: 0, Errors: 0, Skipped: 0, Time elapsed: 0 s - in in.cubestack.apps.blog.core.resource.PersonCandidate_setRoles_78840188142
[INFO] Running in.cubestack.apps.blog.core.resource.RoleCandidate_toRole_19970421276
[INFO] Tests run: 1, Failures: 0, Errors: 0, Skipped: 0, Time elapsed: 0.002 s - in in.cubestack.apps.blog.core.resource.RoleCandidate_toRole_19970421276
[INFO] Running in.cubestack.apps.blog.core.resource.PersonResource_init_1193875371
[INFO] Tests run: 1, Failures: 0, Errors: 0, Skipped: 0, Time elapsed: 0.001 s - in in.cubestack.apps.blog.core.resource.PersonResource_init_1193875371
[INFO] Running in.cubestack.apps.blog.core.resource.RoleCandidate_setRoleId_67600533014
[INFO] Tests run: 1, Failures: 0, Errors: 0, Skipped: 0, Time elapsed: 0.001 s - in in.cubestack.apps.blog.core.resource.RoleCandidate_setRoleId_67600533014
[INFO] Running in.cubestack.apps.blog.core.resource.RoleCandidate_getRoleName_18251813318
[INFO] Tests run: 1, Failures: 0, Errors: 0, Skipped: 0, Time elapsed: 0 s - in in.cubestack.apps.blog.core.resource.RoleCandidate_getRoleName_18251813318
[INFO] Running in.cubestack.apps.blog.core.resource.RoleCandidate_init_3869209911
[INFO] Tests run: 1, Failures: 0, Errors: 0, Skipped: 0, Time elapsed: 0 s - in in.cubestack.apps.blog.core.resource.RoleCandidate_init_3869209911
[INFO] Running in.cubestack.apps.blog.core.resource.PersonCandidate_setLastName_138858388430
[INFO] Tests run: 1, Failures: 0, Errors: 0, Skipped: 0, Time elapsed: 0 s - in in.cubestack.apps.blog.core.resource.PersonCandidate_setLastName_138858388430
[INFO] Running in.cubestack.apps.blog.core.resource.PersonCandidate_getFirstName_3404202545
[INFO] Tests run: 1, Failures: 0, Errors: 0, Skipped: 0, Time elapsed: 0.001 s - in in.cubestack.apps.blog.core.resource.PersonCandidate_getFirstName_3404202545
[INFO] Running in.cubestack.apps.blog.core.resource.RoleCandidate_init_1902116492
[ERROR] Tests run: 1, Failures: 0, Errors: 1, Skipped: 0, Time elapsed: 0.001 s <<< FAILURE! - in in.cubestack.apps.blog.core.resource.RoleCandidate_init_1902116492
[ERROR] test  Time elapsed: 0 s  <<< ERROR!
java.lang.reflect.InvocationTargetException
	at in.cubestack.apps.blog.core.resource.RoleCandidate_init_1902116492.test(RoleCandidate_init_1902116492.java:44)
Caused by: java.lang.NumberFormatException: For input string: "sjlJAEtRrb"
	at in.cubestack.apps.blog.core.resource.RoleCandidate_init_1902116492.test(RoleCandidate_init_1902116492.java:44)

[INFO] Running in.cubestack.apps.blog.core.resource.RoleCandidate_from_2434980525
[INFO] Tests run: 1, Failures: 0, Errors: 0, Skipped: 0, Time elapsed: 0 s - in in.cubestack.apps.blog.core.resource.RoleCandidate_from_2434980525
[INFO] Running in.cubestack.apps.blog.core.resource.PersonCandidate_setId_127021767526
[INFO] Tests run: 1, Failures: 0, Errors: 0, Skipped: 0, Time elapsed: 0.001 s - in in.cubestack.apps.blog.core.resource.PersonCandidate_setId_127021767526
[INFO] Running in.cubestack.apps.blog.core.resource.RoleCandidate_getRoleName_1825181338
[INFO] Tests run: 1, Failures: 0, Errors: 0, Skipped: 0, Time elapsed: 0 s - in in.cubestack.apps.blog.core.resource.RoleCandidate_getRoleName_1825181338
[INFO] Running in.cubestack.apps.blog.core.resource.PersonCandidate_getStatus_44727663217
[INFO] Tests run: 1, Failures: 0, Errors: 0, Skipped: 0, Time elapsed: 0 s - in in.cubestack.apps.blog.core.resource.PersonCandidate_getStatus_44727663217
[INFO] Running in.cubestack.apps.blog.core.resource.RoleCandidate_setRoleName_140382430719
[INFO] Tests run: 1, Failures: 0, Errors: 0, Skipped: 0, Time elapsed: 0 s - in in.cubestack.apps.blog.core.resource.RoleCandidate_setRoleName_140382430719
[INFO] Running in.cubestack.apps.blog.core.resource.PersonCandidate_init_157170163422
[INFO] Tests run: 1, Failures: 0, Errors: 0, Skipped: 0, Time elapsed: 0 s - in in.cubestack.apps.blog.core.resource.PersonCandidate_init_157170163422
[INFO] Running in.cubestack.apps.blog.core.resource.PersonCandidate_setPhone_151148926916
[INFO] Tests run: 1, Failures: 0, Errors: 0, Skipped: 0, Time elapsed: 0 s - in in.cubestack.apps.blog.core.resource.PersonCandidate_setPhone_151148926916
[INFO] Running in.cubestack.apps.blog.core.resource.RoleCandidate_compareTo_206877365317
[ERROR] Tests run: 1, Failures: 0, Errors: 1, Skipped: 0, Time elapsed: 0 s <<< FAILURE! - in in.cubestack.apps.blog.core.resource.RoleCandidate_compareTo_206877365317
[ERROR] test  Time elapsed: 0 s  <<< ERROR!
java.lang.NullPointerException
	at in.cubestack.apps.blog.core.resource.RoleCandidate_compareTo_206877365317.test(RoleCandidate_compareTo_206877365317.java:46)

[INFO] Running in.cubestack.apps.blog.core.resource.PersonCandidate_getPassword_180672619435
[INFO] Tests run: 1, Failures: 0, Errors: 0, Skipped: 0, Time elapsed: 0 s - in in.cubestack.apps.blog.core.resource.PersonCandidate_getPassword_180672619435
[INFO] Running in.cubestack.apps.blog.core.resource.PersonCandidate_getPassword_180672619413
[INFO] Tests run: 1, Failures: 0, Errors: 0, Skipped: 0, Time elapsed: 0 s - in in.cubestack.apps.blog.core.resource.PersonCandidate_getPassword_180672619413
[INFO] Running in.cubestack.apps.blog.core.resource.PersonResource_init_1193875370
[INFO] Tests run: 1, Failures: 0, Errors: 0, Skipped: 0, Time elapsed: 0.001 s - in in.cubestack.apps.blog.core.resource.PersonResource_init_1193875370
[INFO] Running in.cubestack.apps.blog.core.resource.RoleCandidate_init_38692099111
[INFO] Tests run: 1, Failures: 0, Errors: 0, Skipped: 0, Time elapsed: 0 s - in in.cubestack.apps.blog.core.resource.RoleCandidate_init_38692099111
[INFO] Running in.cubestack.apps.blog.core.resource.PersonCandidate_setUsername_195710492912
[INFO] Tests run: 1, Failures: 0, Errors: 0, Skipped: 0, Time elapsed: 0 s - in in.cubestack.apps.blog.core.resource.PersonCandidate_setUsername_195710492912
[INFO] Running in.cubestack.apps.blog.core.resource.PersonCandidate_setPassword_90189866236
[INFO] Tests run: 1, Failures: 0, Errors: 0, Skipped: 0, Time elapsed: 0 s - in in.cubestack.apps.blog.core.resource.PersonCandidate_setPassword_90189866236
[INFO] Running in.cubestack.apps.blog.core.resource.PersonCandidate_setUsername_195710492934
[INFO] Tests run: 1, Failures: 0, Errors: 0, Skipped: 0, Time elapsed: 0.001 s - in in.cubestack.apps.blog.core.resource.PersonCandidate_setUsername_195710492934
[INFO] Running in.cubestack.apps.blog.core.resource.RoleCandidate_init_19021164912
[ERROR] Tests run: 1, Failures: 0, Errors: 1, Skipped: 0, Time elapsed: 0 s <<< FAILURE! - in in.cubestack.apps.blog.core.resource.RoleCandidate_init_19021164912
[ERROR] test  Time elapsed: 0 s  <<< ERROR!
java.lang.reflect.InvocationTargetException
	at in.cubestack.apps.blog.core.resource.RoleCandidate_init_19021164912.test(RoleCandidate_init_19021164912.java:44)
Caused by: java.lang.NumberFormatException: null
	at in.cubestack.apps.blog.core.resource.RoleCandidate_init_19021164912.test(RoleCandidate_init_19021164912.java:44)

[INFO] Running in.cubestack.apps.blog.core.resource.PersonCandidate_setStatus_214427511440
[INFO] Tests run: 1, Failures: 0, Errors: 0, Skipped: 0, Time elapsed: 0 s - in in.cubestack.apps.blog.core.resource.PersonCandidate_setStatus_214427511440
[INFO] Running in.cubestack.apps.blog.core.resource.PersonCandidate_toString_102624578343
[INFO] Tests run: 1, Failures: 0, Errors: 0, Skipped: 0, Time elapsed: 0 s - in in.cubestack.apps.blog.core.resource.PersonCandidate_toString_102624578343
[INFO] Running in.cubestack.apps.blog.core.resource.RoleResource_init_20591638891
[INFO] Tests run: 1, Failures: 0, Errors: 0, Skipped: 0, Time elapsed: 0.001 s - in in.cubestack.apps.blog.core.resource.RoleResource_init_20591638891
[INFO] Running in.cubestack.apps.blog.core.resource.PersonCandidate_setRoles_78840188120
[INFO] Tests run: 1, Failures: 0, Errors: 0, Skipped: 0, Time elapsed: 0.001 s - in in.cubestack.apps.blog.core.resource.PersonCandidate_setRoles_78840188120
[INFO] Running in.cubestack.apps.blog.core.resource.PersonCandidate_getEmail_89262601931
[INFO] Tests run: 1, Failures: 0, Errors: 0, Skipped: 0, Time elapsed: 0 s - in in.cubestack.apps.blog.core.resource.PersonCandidate_getEmail_89262601931
[INFO] Running in.cubestack.apps.blog.core.resource.PersonCandidate_getRoles_149507014319
[INFO] Tests run: 1, Failures: 0, Errors: 0, Skipped: 0, Time elapsed: 0 s - in in.cubestack.apps.blog.core.resource.PersonCandidate_getRoles_149507014319
[INFO] Running in.cubestack.apps.blog.core.resource.PersonCandidate_toString_102624578321
[INFO] Tests run: 1, Failures: 0, Errors: 0, Skipped: 0, Time elapsed: 0 s - in in.cubestack.apps.blog.core.resource.PersonCandidate_toString_102624578321
[INFO] Running in.cubestack.apps.blog.core.resource.PersonCandidate_getFirstName_34042025427
[INFO] Tests run: 1, Failures: 0, Errors: 0, Skipped: 0, Time elapsed: 0 s - in in.cubestack.apps.blog.core.resource.PersonCandidate_getFirstName_34042025427
[INFO] Running in.cubestack.apps.blog.core.resource.RoleCandidate_init_2346678680
[ERROR] Tests run: 1, Failures: 0, Errors: 1, Skipped: 0, Time elapsed: 0 s <<< FAILURE! - in in.cubestack.apps.blog.core.resource.RoleCandidate_init_2346678680
[ERROR] test  Time elapsed: 0 s  <<< ERROR!
java.lang.reflect.InvocationTargetException
	at in.cubestack.apps.blog.core.resource.RoleCandidate_init_2346678680.test(RoleCandidate_init_2346678680.java:42)
Caused by: java.lang.NumberFormatException: For input string: "PAEBtnZtTD"
	at in.cubestack.apps.blog.core.resource.RoleCandidate_init_2346678680.test(RoleCandidate_init_2346678680.java:42)

[INFO] Running in.cubestack.apps.blog.core.resource.RoleCandidate_compareTo_20687736537
[INFO] Tests run: 1, Failures: 0, Errors: 0, Skipped: 0, Time elapsed: 0 s - in in.cubestack.apps.blog.core.resource.RoleCandidate_compareTo_20687736537
[INFO] Running in.cubestack.apps.blog.core.resource.PersonCandidate_setPhone_151148926938
[INFO] Tests run: 1, Failures: 0, Errors: 0, Skipped: 0, Time elapsed: 0 s - in in.cubestack.apps.blog.core.resource.PersonCandidate_setPhone_151148926938
[INFO] Running in.cubestack.apps.blog.core.resource.RoleResource_init_20591638890
[INFO] Tests run: 1, Failures: 0, Errors: 0, Skipped: 0, Time elapsed: 0 s - in in.cubestack.apps.blog.core.resource.RoleResource_init_20591638890
[INFO] Running in.cubestack.apps.blog.core.resource.PersonCandidate_setEmail_46895760332
[INFO] Tests run: 1, Failures: 0, Errors: 0, Skipped: 0, Time elapsed: 0 s - in in.cubestack.apps.blog.core.resource.PersonCandidate_setEmail_46895760332
[INFO] Running in.cubestack.apps.blog.core.resource.RoleCandidate_setRoleId_6760053304
[INFO] Tests run: 1, Failures: 0, Errors: 0, Skipped: 0, Time elapsed: 0 s - in in.cubestack.apps.blog.core.resource.RoleCandidate_setRoleId_6760053304
[INFO] Running in.cubestack.apps.blog.core.resource.PersonCandidate_setEmail_46895760310
[INFO] Tests run: 1, Failures: 0, Errors: 0, Skipped: 0, Time elapsed: 0.001 s - in in.cubestack.apps.blog.core.resource.PersonCandidate_setEmail_46895760310
[INFO] Running in.cubestack.apps.blog.core.resource.PersonCandidate_from_14939182992
[INFO] Tests run: 1, Failures: 0, Errors: 0, Skipped: 0, Time elapsed: 0 s - in in.cubestack.apps.blog.core.resource.PersonCandidate_from_14939182992
[INFO] Running in.cubestack.apps.blog.core.resource.PersonCandidate_test_15916096981
[INFO] Tests run: 1, Failures: 0, Errors: 0, Skipped: 0, Time elapsed: 0 s - in in.cubestack.apps.blog.core.resource.PersonCandidate_test_15916096981
[INFO] Running in.cubestack.apps.blog.core.resource.PersonCandidate_getPhone_193515768515
[INFO] Tests run: 1, Failures: 0, Errors: 0, Skipped: 0, Time elapsed: 0.001 s - in in.cubestack.apps.blog.core.resource.PersonCandidate_getPhone_193515768515
[INFO] Running in.cubestack.apps.blog.core.resource.PersonCandidate_getUsername_75151992733
[INFO] Tests run: 1, Failures: 0, Errors: 0, Skipped: 0, Time elapsed: 0 s - in in.cubestack.apps.blog.core.resource.PersonCandidate_getUsername_75151992733
[INFO] Running in.cubestack.apps.blog.core.resource.RoleCandidate_init_23466786810
[ERROR] Tests run: 1, Failures: 0, Errors: 1, Skipped: 0, Time elapsed: 0 s <<< FAILURE! - in in.cubestack.apps.blog.core.resource.RoleCandidate_init_23466786810
[ERROR] test  Time elapsed: 0 s  <<< ERROR!
java.lang.reflect.InvocationTargetException
	at in.cubestack.apps.blog.core.resource.RoleCandidate_init_23466786810.test(RoleCandidate_init_23466786810.java:42)
Caused by: java.lang.NumberFormatException: null
	at in.cubestack.apps.blog.core.resource.RoleCandidate_init_23466786810.test(RoleCandidate_init_23466786810.java:42)

[INFO] Running in.cubestack.apps.blog.core.resource.PersonCandidate_getLastName_132004097229
[INFO] Tests run: 1, Failures: 0, Errors: 0, Skipped: 0, Time elapsed: 0 s - in in.cubestack.apps.blog.core.resource.PersonCandidate_getLastName_132004097229
[INFO] Running in.cubestack.apps.blog.core.resource.PersonCandidate_getUsername_75151992711
[INFO] Tests run: 1, Failures: 0, Errors: 0, Skipped: 0, Time elapsed: 0 s - in in.cubestack.apps.blog.core.resource.PersonCandidate_getUsername_75151992711
[INFO] Running in.cubestack.apps.blog.core.resource.PersonCandidate_getPhone_193515768537
[INFO] Tests run: 1, Failures: 0, Errors: 0, Skipped: 0, Time elapsed: 0 s - in in.cubestack.apps.blog.core.resource.PersonCandidate_getPhone_193515768537
[INFO] Running in.cubestack.apps.blog.core.resource.PersonCandidate_getLastName_13200409727
[INFO] Tests run: 1, Failures: 0, Errors: 0, Skipped: 0, Time elapsed: 0.001 s - in in.cubestack.apps.blog.core.resource.PersonCandidate_getLastName_13200409727
[INFO] Running in.cubestack.apps.blog.core.resource.PersonCandidate_getId_7935201193
[INFO] Tests run: 1, Failures: 0, Errors: 0, Skipped: 0, Time elapsed: 0 s - in in.cubestack.apps.blog.core.resource.PersonCandidate_getId_7935201193
[INFO] Running in.cubestack.apps.blog.core.resource.PersonCandidate_setFirstName_17766281428
[INFO] Tests run: 1, Failures: 0, Errors: 0, Skipped: 0, Time elapsed: 0 s - in in.cubestack.apps.blog.core.resource.PersonCandidate_setFirstName_17766281428
[INFO] Running in.cubestack.apps.blog.core.domain.Person_setPersonRoles_86190056731
[INFO] Tests run: 1, Failures: 0, Errors: 0, Skipped: 0, Time elapsed: 0 s - in in.cubestack.apps.blog.core.domain.Person_setPersonRoles_86190056731
[INFO] Running in.cubestack.apps.blog.core.domain.PostStatus_valueOf_7096322841
[ERROR] Tests run: 1, Failures: 0, Errors: 1, Skipped: 0, Time elapsed: 0.001 s <<< FAILURE! - in in.cubestack.apps.blog.core.domain.PostStatus_valueOf_7096322841
[ERROR] test  Time elapsed: 0 s  <<< ERROR!
java.lang.IllegalArgumentException: No enum constant in.cubestack.apps.blog.core.domain.PostStatus.PAEBtnZtTD
	at in.cubestack.apps.blog.core.domain.PostStatus_valueOf_7096322841.test(PostStatus_valueOf_7096322841.java:42)

[INFO] Running in.cubestack.apps.blog.core.domain.PostStatus_valueOf_7096322845
[ERROR] Tests run: 1, Failures: 0, Errors: 1, Skipped: 0, Time elapsed: 0 s <<< FAILURE! - in in.cubestack.apps.blog.core.domain.PostStatus_valueOf_7096322845
[ERROR] test  Time elapsed: 0 s  <<< ERROR!
java.lang.NullPointerException: Name is null
	at in.cubestack.apps.blog.core.domain.PostStatus_valueOf_7096322845.test(PostStatus_valueOf_7096322845.java:49)

[INFO] Running in.cubestack.apps.blog.core.domain.PersonRole_init_5319830801
[INFO] Tests run: 1, Failures: 0, Errors: 0, Skipped: 0, Time elapsed: 0 s - in in.cubestack.apps.blog.core.domain.PersonRole_init_5319830801
[INFO] Running in.cubestack.apps.blog.core.domain.PersonStatus_valueOf_6963009324
[ERROR] Tests run: 1, Failures: 0, Errors: 1, Skipped: 0, Time elapsed: 0.001 s <<< FAILURE! - in in.cubestack.apps.blog.core.domain.PersonStatus_valueOf_6963009324
[ERROR] test  Time elapsed: 0 s  <<< ERROR!
java.lang.NullPointerException: Name is null
	at in.cubestack.apps.blog.core.domain.PersonStatus_valueOf_6963009324.test(PersonStatus_valueOf_6963009324.java:49)

[INFO] Running in.cubestack.apps.blog.core.domain.Person_setStatus_185172420327
[INFO] Tests run: 1, Failures: 0, Errors: 0, Skipped: 0, Time elapsed: 0.001 s - in in.cubestack.apps.blog.core.domain.Person_setStatus_185172420327
[INFO] Running in.cubestack.apps.blog.core.domain.Person_setPhone_121893835854
[INFO] Tests run: 1, Failures: 0, Errors: 0, Skipped: 0, Time elapsed: 0 s - in in.cubestack.apps.blog.core.domain.Person_setPhone_121893835854
[INFO] Running in.cubestack.apps.blog.core.domain.PersonRole_init_12037722474
[INFO] Tests run: 1, Failures: 0, Errors: 0, Skipped: 0, Time elapsed: 0 s - in in.cubestack.apps.blog.core.domain.PersonRole_init_12037722474
[INFO] Running in.cubestack.apps.blog.core.domain.Role_getRoleName_19419242446
[INFO] Tests run: 1, Failures: 0, Errors: 0, Skipped: 0, Time elapsed: 0 s - in in.cubestack.apps.blog.core.domain.Role_getRoleName_19419242446
[INFO] Running in.cubestack.apps.blog.core.domain.Person_getSalt_198754324260
[INFO] Tests run: 1, Failures: 0, Errors: 0, Skipped: 0, Time elapsed: 0 s - in in.cubestack.apps.blog.core.domain.Person_getSalt_198754324260
[INFO] Running in.cubestack.apps.blog.core.domain.Role_init_19940739791
[INFO] Tests run: 1, Failures: 0, Errors: 0, Skipped: 0, Time elapsed: 0 s - in in.cubestack.apps.blog.core.domain.Role_init_19940739791
[INFO] Running in.cubestack.apps.blog.core.domain.Person_setPhone_121893835822
[INFO] Tests run: 1, Failures: 0, Errors: 0, Skipped: 0, Time elapsed: 0 s - in in.cubestack.apps.blog.core.domain.Person_setPhone_121893835822
[INFO] Running in.cubestack.apps.blog.core.domain.Role_init_19940739795
[INFO] Tests run: 1, Failures: 0, Errors: 0, Skipped: 0, Time elapsed: 0 s - in in.cubestack.apps.blog.core.domain.Role_init_19940739795
[INFO] Running in.cubestack.apps.blog.core.domain.Person_getFirstName_6329711653
[INFO] Tests run: 1, Failures: 0, Errors: 0, Skipped: 0, Time elapsed: 0 s - in in.cubestack.apps.blog.core.domain.Person_getFirstName_6329711653
[INFO] Running in.cubestack.apps.blog.core.domain.Person_isPasswordValid_178272344350
[INFO] Tests run: 1, Failures: 0, Errors: 0, Skipped: 0, Time elapsed: 0 s - in in.cubestack.apps.blog.core.domain.Person_isPasswordValid_178272344350
[INFO] Running in.cubestack.apps.blog.core.domain.PersonRole_getRole_10067841703
[INFO] Tests run: 1, Failures: 0, Errors: 0, Skipped: 0, Time elapsed: 0 s - in in.cubestack.apps.blog.core.domain.PersonRole_getRole_10067841703
[INFO] Running in.cubestack.apps.blog.core.domain.Person_updatePassword_115072606617
[INFO] Tests run: 1, Failures: 0, Errors: 0, Skipped: 0, Time elapsed: 0.006 s - in in.cubestack.apps.blog.core.domain.Person_updatePassword_115072606617
[INFO] Running in.cubestack.apps.blog.core.domain.Person_getPassword_209927710557
[INFO] Tests run: 1, Failures: 0, Errors: 0, Skipped: 0, Time elapsed: 0 s - in in.cubestack.apps.blog.core.domain.Person_getPassword_209927710557
[INFO] Running in.cubestack.apps.blog.core.domain.Role_init_21463271020
[INFO] Tests run: 1, Failures: 0, Errors: 0, Skipped: 0, Time elapsed: 0 s - in in.cubestack.apps.blog.core.domain.Role_init_21463271020
[INFO] Running in.cubestack.apps.blog.core.domain.Person_activate_103422201610
[INFO] Tests run: 1, Failures: 0, Errors: 0, Skipped: 0, Time elapsed: 0 s - in in.cubestack.apps.blog.core.domain.Person_activate_103422201610
[INFO] Running in.cubestack.apps.blog.core.domain.Person_addRole_196040057514
[INFO] Tests run: 1, Failures: 0, Errors: 0, Skipped: 0, Time elapsed: 0 s - in in.cubestack.apps.blog.core.domain.Person_addRole_196040057514
[INFO] Running in.cubestack.apps.blog.core.domain.Role_setRoleName_3555818043
[INFO] Tests run: 1, Failures: 0, Errors: 0, Skipped: 0, Time elapsed: 0 s - in in.cubestack.apps.blog.core.domain.Role_setRoleName_3555818043
[INFO] Running in.cubestack.apps.blog.core.domain.Person_getUsername_104407083840
[INFO] Tests run: 1, Failures: 0, Errors: 0, Skipped: 0, Time elapsed: 0 s - in in.cubestack.apps.blog.core.domain.Person_getUsername_104407083840
[INFO] Running in.cubestack.apps.blog.core.domain.Person_getPersonRoles_200715631162
[INFO] Tests run: 1, Failures: 0, Errors: 0, Skipped: 0, Time elapsed: 0 s - in in.cubestack.apps.blog.core.domain.Person_getPersonRoles_200715631162
[INFO] Running in.cubestack.apps.blog.core.domain.PersonStatus_values_2042705293
[INFO] Tests run: 1, Failures: 0, Errors: 0, Skipped: 0, Time elapsed: 0.001 s - in in.cubestack.apps.blog.core.domain.PersonStatus_values_2042705293
[INFO] Running in.cubestack.apps.blog.core.domain.Person_getStatus_15472572113
[INFO] Tests run: 1, Failures: 0, Errors: 0, Skipped: 0, Time elapsed: 0 s - in in.cubestack.apps.blog.core.domain.Person_getStatus_15472572113
[INFO] Running in.cubestack.apps.blog.core.domain.Person_setStatus_185172420359
[INFO] Tests run: 1, Failures: 0, Errors: 0, Skipped: 0, Time elapsed: 0 s - in in.cubestack.apps.blog.core.domain.Person_setStatus_185172420359
[INFO] Running in.cubestack.apps.blog.core.domain.PostStatus_getDisplayName_21443095603
[INFO] Tests run: 1, Failures: 0, Errors: 0, Skipped: 0, Time elapsed: 0 s - in in.cubestack.apps.blog.core.domain.PostStatus_getDisplayName_21443095603
[INFO] Running in.cubestack.apps.blog.core.domain.Person_getLastName_161259188336
[INFO] Tests run: 1, Failures: 0, Errors: 0, Skipped: 0, Time elapsed: 0 s - in in.cubestack.apps.blog.core.domain.Person_getLastName_161259188336
[INFO] Running in.cubestack.apps.blog.core.domain.Person_getUsername_10440708388
[INFO] Tests run: 1, Failures: 0, Errors: 0, Skipped: 0, Time elapsed: 0 s - in in.cubestack.apps.blog.core.domain.Person_getUsername_10440708388
[INFO] Running in.cubestack.apps.blog.core.domain.PersonStatus_values_2042705290
[INFO] Tests run: 1, Failures: 0, Errors: 0, Skipped: 0, Time elapsed: 0 s - in in.cubestack.apps.blog.core.domain.PersonStatus_values_2042705290
[INFO] Running in.cubestack.apps.blog.core.domain.Person_getCountryCode_203884309339
[INFO] Tests run: 1, Failures: 0, Errors: 0, Skipped: 0, Time elapsed: 0 s - in in.cubestack.apps.blog.core.domain.Person_getCountryCode_203884309339
[INFO] Running in.cubestack.apps.blog.core.domain.Person_setSalt_43529436316
[INFO] Tests run: 1, Failures: 0, Errors: 0, Skipped: 0, Time elapsed: 0 s - in in.cubestack.apps.blog.core.domain.Person_setSalt_43529436316
[INFO] Running in.cubestack.apps.blog.core.domain.PostStatus_init_17283456586
[ERROR] Tests run: 1, Failures: 0, Errors: 1, Skipped: 0, Time elapsed: 0 s <<< FAILURE! - in in.cubestack.apps.blog.core.domain.PostStatus_init_17283456586
[ERROR] test  Time elapsed: 0 s  <<< ERROR!
java.lang.IllegalArgumentException: Cannot reflectively create enum objects
	at in.cubestack.apps.blog.core.domain.PostStatus_init_17283456586.test(PostStatus_init_17283456586.java:49)

[INFO] Running in.cubestack.apps.blog.core.domain.Person_getPhone_16426067746
[INFO] Tests run: 1, Failures: 0, Errors: 0, Skipped: 0, Time elapsed: 0.001 s - in in.cubestack.apps.blog.core.domain.Person_getPhone_16426067746
[INFO] Running in.cubestack.apps.blog.core.domain.Person_init_156721897233
[INFO] Tests run: 1, Failures: 0, Errors: 0, Skipped: 0, Time elapsed: 0 s - in in.cubestack.apps.blog.core.domain.Person_init_156721897233
[INFO] Running in.cubestack.apps.blog.core.domain.PersonRole_getRole_10067841707
[INFO] Tests run: 1, Failures: 0, Errors: 0, Skipped: 0, Time elapsed: 0 s - in in.cubestack.apps.blog.core.domain.PersonRole_getRole_10067841707
[INFO] Running in.cubestack.apps.blog.core.domain.Person_setSalt_43529436348
[INFO] Tests run: 1, Failures: 0, Errors: 0, Skipped: 0, Time elapsed: 0 s - in in.cubestack.apps.blog.core.domain.Person_setSalt_43529436348
[INFO] Running in.cubestack.apps.blog.core.domain.Role_init_21463271024
[INFO] Tests run: 1, Failures: 0, Errors: 0, Skipped: 0, Time elapsed: 0 s - in in.cubestack.apps.blog.core.domain.Role_init_21463271024
[INFO] Running in.cubestack.apps.blog.core.domain.Person_setFirstName_47021372519
[INFO] Tests run: 1, Failures: 0, Errors: 0, Skipped: 0, Time elapsed: 0 s - in in.cubestack.apps.blog.core.domain.Person_setFirstName_47021372519
[INFO] Running in.cubestack.apps.blog.core.domain.Person_getRoles_127337836647
[ERROR] Tests run: 1, Failures: 0, Errors: 1, Skipped: 0, Time elapsed: 0 s <<< FAILURE! - in in.cubestack.apps.blog.core.domain.Person_getRoles_127337836647
[ERROR] test  Time elapsed: 0 s  <<< ERROR!
java.lang.NullPointerException
	at in.cubestack.apps.blog.core.domain.Person_getRoles_127337836647.test(Person_getRoles_127337836647.java:56)

[INFO] Running in.cubestack.apps.blog.core.domain.Role_setRoleName_3555818047
[INFO] Tests run: 1, Failures: 0, Errors: 0, Skipped: 0, Time elapsed: 0 s - in in.cubestack.apps.blog.core.domain.Role_setRoleName_3555818047
[INFO] Running in.cubestack.apps.blog.core.domain.PersonStatus_init_17278156625
[ERROR] Tests run: 1, Failures: 0, Errors: 1, Skipped: 0, Time elapsed: 0 s <<< FAILURE! - in in.cubestack.apps.blog.core.domain.PersonStatus_init_17278156625
[ERROR] test  Time elapsed: 0 s  <<< ERROR!
java.lang.IllegalArgumentException: Cannot reflectively create enum objects
	at in.cubestack.apps.blog.core.domain.PersonStatus_init_17278156625.test(PersonStatus_init_17278156625.java:47)

[INFO] Running in.cubestack.apps.blog.core.domain.Person_setPassword_60934775126
[INFO] Tests run: 1, Failures: 0, Errors: 0, Skipped: 0, Time elapsed: 0 s - in in.cubestack.apps.blog.core.domain.Person_setPassword_60934775126
[INFO] Running in.cubestack.apps.blog.core.domain.Person_getCountryCode_20388430937
[INFO] Tests run: 1, Failures: 0, Errors: 0, Skipped: 0, Time elapsed: 0 s - in in.cubestack.apps.blog.core.domain.Person_getCountryCode_20388430937
[INFO] Running in.cubestack.apps.blog.core.domain.Person_getStatus_15472572145
[INFO] Tests run: 1, Failures: 0, Errors: 0, Skipped: 0, Time elapsed: 0.001 s - in in.cubestack.apps.blog.core.domain.Person_getStatus_15472572145
[INFO] Running in.cubestack.apps.blog.core.domain.Person_setUsername_166455401856
[INFO] Tests run: 1, Failures: 0, Errors: 0, Skipped: 0, Time elapsed: 0.001 s - in in.cubestack.apps.blog.core.domain.Person_setUsername_166455401856
[INFO] Running in.cubestack.apps.blog.core.domain.Person_getProfileImage_199199658243
[INFO] Tests run: 1, Failures: 0, Errors: 0, Skipped: 0, Time elapsed: 0 s - in in.cubestack.apps.blog.core.domain.Person_getProfileImage_199199658243
[INFO] Running in.cubestack.apps.blog.core.domain.Person_getLastName_16125918834
[INFO] Tests run: 1, Failures: 0, Errors: 0, Skipped: 0, Time elapsed: 0 s - in in.cubestack.apps.blog.core.domain.Person_getLastName_16125918834
[INFO] Running in.cubestack.apps.blog.core.domain.Person_getPassword_209927710525
[INFO] Tests run: 1, Failures: 0, Errors: 0, Skipped: 0, Time elapsed: 0 s - in in.cubestack.apps.blog.core.domain.Person_getPassword_209927710525
[INFO] Running in.cubestack.apps.blog.core.domain.Person_init_18642525450
[INFO] Tests run: 1, Failures: 0, Errors: 0, Skipped: 0, Time elapsed: 0 s - in in.cubestack.apps.blog.core.domain.Person_init_18642525450
[INFO] Running in.cubestack.apps.blog.core.domain.Person_setEmail_17640669253
[INFO] Tests run: 1, Failures: 0, Errors: 0, Skipped: 0, Time elapsed: 0 s - in in.cubestack.apps.blog.core.domain.Person_setEmail_17640669253
[INFO] Running in.cubestack.apps.blog.core.domain.Person_setProfileImage_130862989012
[INFO] Tests run: 1, Failures: 0, Errors: 0, Skipped: 0, Time elapsed: 0.001 s - in in.cubestack.apps.blog.core.domain.Person_setProfileImage_130862989012
[INFO] Running in.cubestack.apps.blog.core.domain.Person_setPersonRoles_86190056763
[INFO] Tests run: 1, Failures: 0, Errors: 0, Skipped: 0, Time elapsed: 0 s - in in.cubestack.apps.blog.core.domain.Person_setPersonRoles_86190056763
[INFO] Running in.cubestack.apps.blog.core.domain.PersonStatus_valueOf_6963009321
[ERROR] Tests run: 1, Failures: 0, Errors: 1, Skipped: 0, Time elapsed: 0.001 s <<< FAILURE! - in in.cubestack.apps.blog.core.domain.PersonStatus_valueOf_6963009321
[ERROR] test  Time elapsed: 0 s  <<< ERROR!
java.lang.IllegalArgumentException: No enum constant in.cubestack.apps.blog.core.domain.PersonStatus.xrwlQZdwCp
	at in.cubestack.apps.blog.core.domain.PersonStatus_valueOf_6963009321.test(PersonStatus_valueOf_6963009321.java:42)

[INFO] Running in.cubestack.apps.blog.core.domain.Person_getEmail_60007510837
[INFO] Tests run: 1, Failures: 0, Errors: 0, Skipped: 0, Time elapsed: 0 s - in in.cubestack.apps.blog.core.domain.Person_getEmail_60007510837
[INFO] Running in.cubestack.apps.blog.core.domain.Person_setUsername_166455401824
[INFO] Tests run: 1, Failures: 0, Errors: 0, Skipped: 0, Time elapsed: 0 s - in in.cubestack.apps.blog.core.domain.Person_setUsername_166455401824
[INFO] Running in.cubestack.apps.blog.core.domain.Person_setSalt_58754748661
[INFO] Tests run: 1, Failures: 0, Errors: 0, Skipped: 0, Time elapsed: 0.001 s - in in.cubestack.apps.blog.core.domain.Person_setSalt_58754748661
[INFO] Running in.cubestack.apps.blog.core.domain.PersonRole_init_5319830805
[INFO] Tests run: 1, Failures: 0, Errors: 0, Skipped: 0, Time elapsed: 0 s - in in.cubestack.apps.blog.core.domain.PersonRole_init_5319830805
[INFO] Running in.cubestack.apps.blog.core.domain.Person_setProfileImage_130862989044
[INFO] Tests run: 1, Failures: 0, Errors: 0, Skipped: 0, Time elapsed: 0.001 s - in in.cubestack.apps.blog.core.domain.Person_setProfileImage_130862989044
[INFO] Running in.cubestack.apps.blog.core.domain.Person_setSalt_58754748629
[INFO] Tests run: 1, Failures: 0, Errors: 0, Skipped: 0, Time elapsed: 0 s - in in.cubestack.apps.blog.core.domain.Person_setSalt_58754748629
[INFO] Running in.cubestack.apps.blog.core.domain.Person_setLastName_109603297320
[INFO] Tests run: 1, Failures: 0, Errors: 0, Skipped: 0, Time elapsed: 0.001 s - in in.cubestack.apps.blog.core.domain.Person_setLastName_109603297320
[INFO] Running in.cubestack.apps.blog.core.domain.PersonRole_getPerson_6143072206
[INFO] Tests run: 1, Failures: 0, Errors: 0, Skipped: 0, Time elapsed: 0 s - in in.cubestack.apps.blog.core.domain.PersonRole_getPerson_6143072206
[INFO] Running in.cubestack.apps.blog.core.domain.PostStatus_values_12016626870
[INFO] Tests run: 1, Failures: 0, Errors: 0, Skipped: 0, Time elapsed: 0 s - in in.cubestack.apps.blog.core.domain.PostStatus_values_12016626870
[INFO] Running in.cubestack.apps.blog.core.domain.PersonStatus_init_17278156622
[ERROR] Tests run: 1, Failures: 0, Errors: 1, Skipped: 0, Time elapsed: 0 s <<< FAILURE! - in in.cubestack.apps.blog.core.domain.PersonStatus_init_17278156622
[ERROR] test  Time elapsed: 0 s  <<< ERROR!
java.lang.IllegalArgumentException: Cannot reflectively create enum objects
	at in.cubestack.apps.blog.core.domain.PersonStatus_init_17278156622.test(PersonStatus_init_17278156622.java:42)

[INFO] Running in.cubestack.apps.blog.core.domain.Person_setCountryCode_193579227755
[INFO] Tests run: 1, Failures: 0, Errors: 0, Skipped: 0, Time elapsed: 0.001 s - in in.cubestack.apps.blog.core.domain.Person_setCountryCode_193579227755
[INFO] Running in.cubestack.apps.blog.core.domain.Person_getPersonRoles_200715631130
[INFO] Tests run: 1, Failures: 0, Errors: 0, Skipped: 0, Time elapsed: 0 s - in in.cubestack.apps.blog.core.domain.Person_getPersonRoles_200715631130
[INFO] Running in.cubestack.apps.blog.core.domain.Person_getId_8828658622
[INFO] Tests run: 1, Failures: 0, Errors: 0, Skipped: 0, Time elapsed: 0.001 s - in in.cubestack.apps.blog.core.domain.Person_getId_8828658622
[INFO] Running in.cubestack.apps.blog.core.domain.Person_addRole_196040057546
[ERROR] Tests run: 1, Failures: 0, Errors: 1, Skipped: 0, Time elapsed: 0 s <<< FAILURE! - in in.cubestack.apps.blog.core.domain.Person_addRole_196040057546
[ERROR] test  Time elapsed: 0 s  <<< ERROR!
java.lang.NullPointerException
	at in.cubestack.apps.blog.core.domain.Person_addRole_196040057546.test(Person_addRole_196040057546.java:58)

[INFO] Running in.cubestack.apps.blog.core.domain.Person_activate_103422201642
[INFO] Tests run: 1, Failures: 0, Errors: 0, Skipped: 0, Time elapsed: 0 s - in in.cubestack.apps.blog.core.domain.Person_activate_103422201642
[INFO] Running in.cubestack.apps.blog.core.domain.Person_deactivate_458687999
[INFO] Tests run: 1, Failures: 0, Errors: 0, Skipped: 0, Time elapsed: 0 s - in in.cubestack.apps.blog.core.domain.Person_deactivate_458687999
[INFO] Running in.cubestack.apps.blog.core.domain.PersonRole_init_12037722470
[INFO] Tests run: 1, Failures: 0, Errors: 0, Skipped: 0, Time elapsed: 0 s - in in.cubestack.apps.blog.core.domain.PersonRole_init_12037722470
[INFO] Running in.cubestack.apps.blog.core.domain.Person_setEmail_17640669221
[INFO] Tests run: 1, Failures: 0, Errors: 0, Skipped: 0, Time elapsed: 0 s - in in.cubestack.apps.blog.core.domain.Person_setEmail_17640669221
[INFO] Running in.cubestack.apps.blog.core.domain.Person_getPhone_164260677438
[INFO] Tests run: 1, Failures: 0, Errors: 0, Skipped: 0, Time elapsed: 0 s - in in.cubestack.apps.blog.core.domain.Person_getPhone_164260677438
[INFO] Running in.cubestack.apps.blog.core.domain.Person_init_186425254532
[INFO] Tests run: 1, Failures: 0, Errors: 0, Skipped: 0, Time elapsed: 0 s - in in.cubestack.apps.blog.core.domain.Person_init_186425254532
[INFO] Running in.cubestack.apps.blog.core.domain.Person_getRoles_127337836615
[INFO] Tests run: 1, Failures: 0, Errors: 0, Skipped: 0, Time elapsed: 0 s - in in.cubestack.apps.blog.core.domain.Person_getRoles_127337836615
[INFO] Running in.cubestack.apps.blog.core.domain.Person_getFirstName_63297116535
[INFO] Tests run: 1, Failures: 0, Errors: 0, Skipped: 0, Time elapsed: 0 s - in in.cubestack.apps.blog.core.domain.Person_getFirstName_63297116535
[INFO] Running in.cubestack.apps.blog.core.domain.PostStatus_getDisplayName_21443095607
[INFO] Tests run: 1, Failures: 0, Errors: 0, Skipped: 0, Time elapsed: 0 s - in in.cubestack.apps.blog.core.domain.PostStatus_getDisplayName_21443095607
[INFO] Running in.cubestack.apps.blog.core.domain.Person_getId_88286586234
[INFO] Tests run: 1, Failures: 0, Errors: 0, Skipped: 0, Time elapsed: 0 s - in in.cubestack.apps.blog.core.domain.Person_getId_88286586234
[INFO] Running in.cubestack.apps.blog.core.domain.Person_getProfileImage_199199658211
[INFO] Tests run: 1, Failures: 0, Errors: 0, Skipped: 0, Time elapsed: 0 s - in in.cubestack.apps.blog.core.domain.Person_getProfileImage_199199658211
[INFO] Running in.cubestack.apps.blog.core.domain.Person_getSalt_198754324228
[INFO] Tests run: 1, Failures: 0, Errors: 0, Skipped: 0, Time elapsed: 0 s - in in.cubestack.apps.blog.core.domain.Person_getSalt_198754324228
[INFO] Running in.cubestack.apps.blog.core.domain.Person_setLastName_109603297352
[INFO] Tests run: 1, Failures: 0, Errors: 0, Skipped: 0, Time elapsed: 0 s - in in.cubestack.apps.blog.core.domain.Person_setLastName_109603297352
[INFO] Running in.cubestack.apps.blog.core.domain.Person_setPassword_60934775158
[INFO] Tests run: 1, Failures: 0, Errors: 0, Skipped: 0, Time elapsed: 0 s - in in.cubestack.apps.blog.core.domain.Person_setPassword_60934775158
[INFO] Running in.cubestack.apps.blog.core.domain.Role_getRoleName_19419242442
[INFO] Tests run: 1, Failures: 0, Errors: 0, Skipped: 0, Time elapsed: 0 s - in in.cubestack.apps.blog.core.domain.Role_getRoleName_19419242442
[INFO] Running in.cubestack.apps.blog.core.domain.PersonRole_getPerson_6143072202
[INFO] Tests run: 1, Failures: 0, Errors: 0, Skipped: 0, Time elapsed: 0.001 s - in in.cubestack.apps.blog.core.domain.PersonRole_getPerson_6143072202
[INFO] Running in.cubestack.apps.blog.core.domain.Person_setFirstName_47021372551
[INFO] Tests run: 1, Failures: 0, Errors: 0, Skipped: 0, Time elapsed: 0 s - in in.cubestack.apps.blog.core.domain.Person_setFirstName_47021372551
[INFO] Running in.cubestack.apps.blog.core.domain.Person_updatePassword_115072606649
[ERROR] Tests run: 1, Failures: 0, Errors: 1, Skipped: 0, Time elapsed: 0 s <<< FAILURE! - in in.cubestack.apps.blog.core.domain.Person_updatePassword_115072606649
[ERROR] test  Time elapsed: 0 s  <<< ERROR!
java.lang.NullPointerException
	at in.cubestack.apps.blog.core.domain.Person_updatePassword_115072606649.test(Person_updatePassword_115072606649.java:58)

[INFO] Running in.cubestack.apps.blog.core.domain.Person_getEmail_6000751085
[INFO] Tests run: 1, Failures: 0, Errors: 0, Skipped: 0, Time elapsed: 0 s - in in.cubestack.apps.blog.core.domain.Person_getEmail_6000751085
[INFO] Running in.cubestack.apps.blog.core.domain.Person_deactivate_4586879941
[INFO] Tests run: 1, Failures: 0, Errors: 0, Skipped: 0, Time elapsed: 0 s - in in.cubestack.apps.blog.core.domain.Person_deactivate_4586879941
[INFO] Running in.cubestack.apps.blog.core.domain.Person_setCountryCode_193579227723
[INFO] Tests run: 1, Failures: 0, Errors: 0, Skipped: 0, Time elapsed: 0 s - in in.cubestack.apps.blog.core.domain.Person_setCountryCode_193579227723
[INFO] Running in.cubestack.apps.blog.core.domain.Person_isPasswordValid_178272344318
[INFO] Tests run: 1, Failures: 0, Errors: 0, Skipped: 0, Time elapsed: 0 s - in in.cubestack.apps.blog.core.domain.Person_isPasswordValid_178272344318
[INFO] Running in.cubestack.apps.blog.core.domain.PostStatus_values_12016626874
[INFO] Tests run: 1, Failures: 0, Errors: 0, Skipped: 0, Time elapsed: 0 s - in in.cubestack.apps.blog.core.domain.PostStatus_values_12016626874
[INFO] Running in.cubestack.apps.blog.core.domain.Person_init_15672189721
[INFO] Tests run: 1, Failures: 0, Errors: 0, Skipped: 0, Time elapsed: 0 s - in in.cubestack.apps.blog.core.domain.Person_init_15672189721
[INFO] Running in.cubestack.apps.blog.core.domain.PostStatus_init_17283456582
[ERROR] Tests run: 1, Failures: 0, Errors: 1, Skipped: 0, Time elapsed: 0 s <<< FAILURE! - in in.cubestack.apps.blog.core.domain.PostStatus_init_17283456582
[ERROR] test  Time elapsed: 0 s  <<< ERROR!
java.lang.IllegalArgumentException: Cannot reflectively create enum objects
	at in.cubestack.apps.blog.core.domain.PostStatus_init_17283456582.test(PostStatus_init_17283456582.java:44)

[INFO] Running in.cubestack.apps.blog.core.service.User_getName_169982087010
[INFO] Tests run: 1, Failures: 0, Errors: 0, Skipped: 0, Time elapsed: 0 s - in in.cubestack.apps.blog.core.service.User_getName_169982087010
[INFO] Running in.cubestack.apps.blog.core.service.RoleService_save_1197042551
[ERROR] Tests run: 1, Failures: 0, Errors: 1, Skipped: 0, Time elapsed: 0 s <<< FAILURE! - in in.cubestack.apps.blog.core.service.RoleService_save_1197042551
[ERROR] test  Time elapsed: 0 s  <<< ERROR!
java.lang.NullPointerException
	at in.cubestack.apps.blog.core.service.RoleService_save_1197042551.test(RoleService_save_1197042551.java:48)

[INFO] Running in.cubestack.apps.blog.core.service.TokenAuthenticationService_init_13985146113
[INFO] Tests run: 1, Failures: 0, Errors: 0, Skipped: 0, Time elapsed: 0 s - in in.cubestack.apps.blog.core.service.TokenAuthenticationService_init_13985146113
[INFO] Running in.cubestack.apps.blog.core.service.TokenAuthenticationService_fromToken_5605610372
[INFO] Tests run: 1, Failures: 0, Errors: 0, Skipped: 0, Time elapsed: 0.254 s - in in.cubestack.apps.blog.core.service.TokenAuthenticationService_fromToken_5605610372
[INFO] Running in.cubestack.apps.blog.core.service.PersonService_createPerson_6221930344
[ERROR] Tests run: 1, Failures: 0, Errors: 1, Skipped: 0, Time elapsed: 0.004 s <<< FAILURE! - in in.cubestack.apps.blog.core.service.PersonService_createPerson_6221930344
[ERROR] test  Time elapsed: 0 s  <<< ERROR!
java.lang.NullPointerException
	at in.cubestack.apps.blog.core.service.PersonService_createPerson_6221930344.test(PersonService_createPerson_6221930344.java:48)

[INFO] Running in.cubestack.apps.blog.core.service.PersonService_update_17229079571
[ERROR] Tests run: 1, Failures: 0, Errors: 1, Skipped: 0, Time elapsed: 0.001 s <<< FAILURE! - in in.cubestack.apps.blog.core.service.PersonService_update_17229079571
[ERROR] test  Time elapsed: 0 s  <<< ERROR!
java.lang.NullPointerException
	at in.cubestack.apps.blog.core.service.PersonService_update_17229079571.test(PersonService_update_17229079571.java:71)

[INFO] Running in.cubestack.apps.blog.core.service.TokenAuthenticationService_fromToken_5605610375
[INFO] Tests run: 1, Failures: 0, Errors: 0, Skipped: 0, Time elapsed: 0 s - in in.cubestack.apps.blog.core.service.TokenAuthenticationService_fromToken_5605610375
[INFO] Running in.cubestack.apps.blog.core.service.TokenAuthenticationService_generateToken_4000153084
[ERROR] Tests run: 1, Failures: 0, Errors: 1, Skipped: 0, Time elapsed: 0 s <<< FAILURE! - in in.cubestack.apps.blog.core.service.TokenAuthenticationService_generateToken_4000153084
[ERROR] test  Time elapsed: 0 s  <<< ERROR!
java.lang.NullPointerException
	at in.cubestack.apps.blog.core.service.TokenAuthenticationService_generateToken_4000153084.test(TokenAuthenticationService_generateToken_4000153084.java:45)

[INFO] Running in.cubestack.apps.blog.core.service.User_init_825455376
[INFO] Tests run: 1, Failures: 0, Errors: 0, Skipped: 0, Time elapsed: 0.001 s - in in.cubestack.apps.blog.core.service.User_init_825455376
[INFO] Running in.cubestack.apps.blog.core.service.User_getPersonId_5714142181
[INFO] Tests run: 1, Failures: 0, Errors: 0, Skipped: 0, Time elapsed: 0 s - in in.cubestack.apps.blog.core.service.User_getPersonId_5714142181
[INFO] Running in.cubestack.apps.blog.core.service.TokenAuthenticationService_init_13985146110
[INFO] Tests run: 1, Failures: 0, Errors: 0, Skipped: 0, Time elapsed: 0 s - in in.cubestack.apps.blog.core.service.TokenAuthenticationService_init_13985146110
[INFO] Running in.cubestack.apps.blog.core.service.User_getPersonId_5714142187
[INFO] Tests run: 1, Failures: 0, Errors: 0, Skipped: 0, Time elapsed: 0.001 s - in in.cubestack.apps.blog.core.service.User_getPersonId_5714142187
[INFO] Running in.cubestack.apps.blog.core.service.User_getUserName_21047956632
[INFO] Tests run: 1, Failures: 0, Errors: 0, Skipped: 0, Time elapsed: 0.001 s - in in.cubestack.apps.blog.core.service.User_getUserName_21047956632
[INFO] Running in.cubestack.apps.blog.core.service.User_implies_53634403411
[INFO] Tests run: 1, Failures: 0, Errors: 0, Skipped: 0, Time elapsed: 0 s - in in.cubestack.apps.blog.core.service.User_implies_53634403411
[INFO] Running in.cubestack.apps.blog.core.service.TokenAuthenticationService_generateToken_4000153081
[INFO] Tests run: 1, Failures: 0, Errors: 0, Skipped: 0, Time elapsed: 0.049 s - in in.cubestack.apps.blog.core.service.TokenAuthenticationService_generateToken_4000153081
[INFO] Running in.cubestack.apps.blog.core.service.User_getName_16998208704
[INFO] Tests run: 1, Failures: 0, Errors: 0, Skipped: 0, Time elapsed: 0.001 s - in in.cubestack.apps.blog.core.service.User_getName_16998208704
[INFO] Running in.cubestack.apps.blog.core.service.PersonService_findByUsername_1164371423
[ERROR] Tests run: 1, Failures: 0, Errors: 1, Skipped: 0, Time elapsed: 0 s <<< FAILURE! - in in.cubestack.apps.blog.core.service.PersonService_findByUsername_1164371423
[ERROR] test  Time elapsed: 0 s  <<< ERROR!
java.lang.NullPointerException
	at in.cubestack.apps.blog.core.service.PersonService_findByUsername_1164371423.test(PersonService_findByUsername_1164371423.java:42)

[INFO] Running in.cubestack.apps.blog.core.service.RoleService_findAll_1820862780
[ERROR] Tests run: 1, Failures: 0, Errors: 1, Skipped: 0, Time elapsed: 0 s <<< FAILURE! - in in.cubestack.apps.blog.core.service.RoleService_findAll_1820862780
[ERROR] test  Time elapsed: 0 s  <<< ERROR!
java.lang.NullPointerException
	at in.cubestack.apps.blog.core.service.RoleService_findAll_1820862780.test(RoleService_findAll_1820862780.java:40)

[INFO] Running in.cubestack.apps.blog.core.service.PersonService_save_12202010070
[ERROR] Tests run: 1, Failures: 0, Errors: 1, Skipped: 0, Time elapsed: 0 s <<< FAILURE! - in in.cubestack.apps.blog.core.service.PersonService_save_12202010070
[ERROR] test  Time elapsed: 0 s  <<< ERROR!
java.lang.NullPointerException
	at in.cubestack.apps.blog.core.service.PersonService_save_12202010070.test(PersonService_save_12202010070.java:71)

[INFO] Running in.cubestack.apps.blog.core.service.RoleService_update_21123096452
[ERROR] Tests run: 1, Failures: 0, Errors: 1, Skipped: 0, Time elapsed: 0 s <<< FAILURE! - in in.cubestack.apps.blog.core.service.RoleService_update_21123096452
[ERROR] test  Time elapsed: 0 s  <<< ERROR!
java.lang.NullPointerException
	at in.cubestack.apps.blog.core.service.RoleService_update_21123096452.test(RoleService_update_21123096452.java:48)

[INFO] Running in.cubestack.apps.blog.core.service.User_getUserName_21047956638
[INFO] Tests run: 1, Failures: 0, Errors: 0, Skipped: 0, Time elapsed: 0 s - in in.cubestack.apps.blog.core.service.User_getUserName_21047956638
[INFO] Running in.cubestack.apps.blog.core.service.RoleService_delete_3688681493
[ERROR] Tests run: 1, Failures: 0, Errors: 1, Skipped: 0, Time elapsed: 0 s <<< FAILURE! - in in.cubestack.apps.blog.core.service.RoleService_delete_3688681493
[ERROR] test  Time elapsed: 0 s  <<< ERROR!
java.lang.NullPointerException
	at in.cubestack.apps.blog.core.service.RoleService_delete_3688681493.test(RoleService_delete_3688681493.java:45)

[INFO] Running in.cubestack.apps.blog.core.service.User_implies_5363440345
[INFO] Tests run: 1, Failures: 0, Errors: 0, Skipped: 0, Time elapsed: 0 s - in in.cubestack.apps.blog.core.service.User_implies_5363440345
[INFO] Running in.cubestack.apps.blog.core.service.User_init_825455370
[INFO] Tests run: 1, Failures: 0, Errors: 0, Skipped: 0, Time elapsed: 0.001 s - in in.cubestack.apps.blog.core.service.User_init_825455370
[INFO] Running in.cubestack.apps.blog.core.service.User_getRoles_11287863733
[INFO] Tests run: 1, Failures: 0, Errors: 0, Skipped: 0, Time elapsed: 0.001 s - in in.cubestack.apps.blog.core.service.User_getRoles_11287863733
[INFO] Running in.cubestack.apps.blog.core.service.User_getRoles_11287863739
[INFO] Tests run: 1, Failures: 0, Errors: 0, Skipped: 0, Time elapsed: 0 s - in in.cubestack.apps.blog.core.service.User_getRoles_11287863739
[INFO] Running in.cubestack.apps.blog.core.service.PersonService_findAll_20586812552
[ERROR] Tests run: 1, Failures: 0, Errors: 1, Skipped: 0, Time elapsed: 0 s <<< FAILURE! - in in.cubestack.apps.blog.core.service.PersonService_findAll_20586812552
[ERROR] test  Time elapsed: 0 s  <<< ERROR!
java.lang.NullPointerException
	at in.cubestack.apps.blog.core.service.PersonService_findAll_20586812552.test(PersonService_findAll_20586812552.java:40)

[INFO] Running in.cubestack.apps.blog.admin.resource.PostCandidate_hasTag_159445675766
[ERROR] Tests run: 1, Failures: 0, Errors: 1, Skipped: 0, Time elapsed: 0 s <<< FAILURE! - in in.cubestack.apps.blog.admin.resource.PostCandidate_hasTag_159445675766
[ERROR] test  Time elapsed: 0 s  <<< ERROR!
java.lang.NullPointerException
	at in.cubestack.apps.blog.admin.resource.PostCandidate_hasTag_159445675766.test(PostCandidate_hasTag_159445675766.java:62)

[INFO] Running in.cubestack.apps.blog.admin.resource.PostCandidate_setTags_35182193058
[INFO] Tests run: 1, Failures: 0, Errors: 0, Skipped: 0, Time elapsed: 0 s - in in.cubestack.apps.blog.admin.resource.PostCandidate_setTags_35182193058
[INFO] Running in.cubestack.apps.blog.admin.resource.PostCandidate_setSummary_20785413089
[INFO] Tests run: 1, Failures: 0, Errors: 0, Skipped: 0, Time elapsed: 0 s - in in.cubestack.apps.blog.admin.resource.PostCandidate_setSummary_20785413089
[INFO] Running in.cubestack.apps.blog.admin.resource.AdminResource_init_17204877891
[INFO] Tests run: 1, Failures: 0, Errors: 0, Skipped: 0, Time elapsed: 0.001 s - in in.cubestack.apps.blog.admin.resource.AdminResource_init_17204877891
[INFO] Running in.cubestack.apps.blog.admin.resource.PersonCandidate_init_12691240628
[INFO] Tests run: 1, Failures: 0, Errors: 0, Skipped: 0, Time elapsed: 0.001 s - in in.cubestack.apps.blog.admin.resource.PersonCandidate_init_12691240628
[INFO] Running in.cubestack.apps.blog.admin.resource.PostCandidate_setSlug_39257676327
[INFO] Tests run: 1, Failures: 0, Errors: 0, Skipped: 0, Time elapsed: 0.002 s - in in.cubestack.apps.blog.admin.resource.PostCandidate_setSlug_39257676327
[INFO] Running in.cubestack.apps.blog.admin.resource.PostCandidate_getPostType_68108211510
[INFO] Tests run: 1, Failures: 0, Errors: 0, Skipped: 0, Time elapsed: 0.001 s - in in.cubestack.apps.blog.admin.resource.PostCandidate_getPostType_68108211510
[INFO] Running in.cubestack.apps.blog.admin.resource.PostCandidate_setStatus_121115367880
[INFO] Tests run: 1, Failures: 0, Errors: 0, Skipped: 0, Time elapsed: 0 s - in in.cubestack.apps.blog.admin.resource.PostCandidate_setStatus_121115367880
[INFO] Running in.cubestack.apps.blog.admin.resource.PostCandidate_setMetaTitle_16589273837
[INFO] Tests run: 1, Failures: 0, Errors: 0, Skipped: 0, Time elapsed: 0 s - in in.cubestack.apps.blog.admin.resource.PostCandidate_setMetaTitle_16589273837
[INFO] Running in.cubestack.apps.blog.admin.resource.PostCandidate_getTags_109293212016
[INFO] Tests run: 1, Failures: 0, Errors: 0, Skipped: 0, Time elapsed: 0 s - in in.cubestack.apps.blog.admin.resource.PostCandidate_getTags_109293212016
[INFO] Running in.cubestack.apps.blog.admin.resource.PostCandidate_getCategoryCandidates_62803408960
[INFO] Tests run: 1, Failures: 0, Errors: 0, Skipped: 0, Time elapsed: 0 s - in in.cubestack.apps.blog.admin.resource.PostCandidate_getCategoryCandidates_62803408960
[INFO] Running in.cubestack.apps.blog.admin.resource.TagCandidate_getTagName_17848334392
[INFO] Tests run: 1, Failures: 0, Errors: 0, Skipped: 0, Time elapsed: 0 s - in in.cubestack.apps.blog.admin.resource.TagCandidate_getTagName_17848334392
[INFO] Running in.cubestack.apps.blog.admin.resource.PostCandidate_getSlug_211245333167
[INFO] Tests run: 1, Failures: 0, Errors: 0, Skipped: 0, Time elapsed: 0.001 s - in in.cubestack.apps.blog.admin.resource.PostCandidate_getSlug_211245333167
[INFO] Running in.cubestack.apps.blog.admin.resource.PostCandidate_addCategoryCandidate_75340996964
[ERROR] Tests run: 1, Failures: 0, Errors: 1, Skipped: 0, Time elapsed: 0 s <<< FAILURE! - in in.cubestack.apps.blog.admin.resource.PostCandidate_addCategoryCandidate_75340996964
[ERROR] test  Time elapsed: 0 s  <<< ERROR!
java.lang.NullPointerException
	at in.cubestack.apps.blog.admin.resource.PostCandidate_addCategoryCandidate_75340996964.test(PostCandidate_addCategoryCandidate_75340996964.java:62)

[INFO] Running in.cubestack.apps.blog.admin.resource.TagCandidate_toNewTag_2451588405
[INFO] Tests run: 1, Failures: 0, Errors: 0, Skipped: 0, Time elapsed: 0 s - in in.cubestack.apps.blog.admin.resource.TagCandidate_toNewTag_2451588405
[INFO] Running in.cubestack.apps.blog.admin.resource.PostCandidate_isPublished_144473143540
[INFO] Tests run: 1, Failures: 0, Errors: 0, Skipped: 0, Time elapsed: 0 s - in in.cubestack.apps.blog.admin.resource.PostCandidate_isPublished_144473143540
[INFO] Running in.cubestack.apps.blog.admin.resource.PostCandidate_getTitle_111539774245
[INFO] Tests run: 1, Failures: 0, Errors: 0, Skipped: 0, Time elapsed: 0 s - in in.cubestack.apps.blog.admin.resource.PostCandidate_getTitle_111539774245
[INFO] Running in.cubestack.apps.blog.admin.resource.PostCandidate_hasTag_159445675725
[INFO] Tests run: 1, Failures: 0, Errors: 0, Skipped: 0, Time elapsed: 0 s - in in.cubestack.apps.blog.admin.resource.PostCandidate_hasTag_159445675725
[INFO] Running in.cubestack.apps.blog.admin.resource.PostCandidate_getId_6983094962
[INFO] Tests run: 1, Failures: 0, Errors: 0, Skipped: 0, Time elapsed: 0 s - in in.cubestack.apps.blog.admin.resource.PostCandidate_getId_6983094962
[INFO] Running in.cubestack.apps.blog.admin.resource.TagCandidate_init_143676436910
[INFO] Tests run: 1, Failures: 0, Errors: 0, Skipped: 0, Time elapsed: 0 s - in in.cubestack.apps.blog.admin.resource.TagCandidate_init_143676436910
[INFO] Running in.cubestack.apps.blog.admin.resource.PostCandidate_setContent_15759207913
[INFO] Tests run: 1, Failures: 0, Errors: 0, Skipped: 0, Time elapsed: 0 s - in in.cubestack.apps.blog.admin.resource.PostCandidate_setContent_15759207913
[INFO] Running in.cubestack.apps.blog.admin.resource.PostCandidate_setPostType_174127748552
[INFO] Tests run: 1, Failures: 0, Errors: 0, Skipped: 0, Time elapsed: 0 s - in in.cubestack.apps.blog.admin.resource.PostCandidate_setPostType_174127748552
[INFO] Running in.cubestack.apps.blog.admin.resource.PostCandidate_init_112916324241
[INFO] Tests run: 1, Failures: 0, Errors: 0, Skipped: 0, Time elapsed: 0 s - in in.cubestack.apps.blog.admin.resource.PostCandidate_init_112916324241
[INFO] Running in.cubestack.apps.blog.admin.resource.CategoryCandidate_setId_8983573845
[INFO] Tests run: 1, Failures: 0, Errors: 0, Skipped: 0, Time elapsed: 0 s - in in.cubestack.apps.blog.admin.resource.CategoryCandidate_setId_8983573845
[INFO] Running in.cubestack.apps.blog.admin.resource.PostCandidate_getSummary_14049449648
[INFO] Tests run: 1, Failures: 0, Errors: 0, Skipped: 0, Time elapsed: 0 s - in in.cubestack.apps.blog.admin.resource.PostCandidate_getSummary_14049449648
[INFO] Running in.cubestack.apps.blog.admin.resource.CategoryCandidate_setMetaTitle_5754593999
[INFO] Tests run: 1, Failures: 0, Errors: 0, Skipped: 0, Time elapsed: 0.001 s - in in.cubestack.apps.blog.admin.resource.CategoryCandidate_setMetaTitle_5754593999
[INFO] Running in.cubestack.apps.blog.admin.resource.CategoryCandidate_init_2219942021
[INFO] Tests run: 1, Failures: 0, Errors: 0, Skipped: 0, Time elapsed: 0 s - in in.cubestack.apps.blog.admin.resource.CategoryCandidate_init_2219942021
[INFO] Running in.cubestack.apps.blog.admin.resource.PostCandidate_setSeriesOrGuide_116505200374
[INFO] Tests run: 1, Failures: 0, Errors: 0, Skipped: 0, Time elapsed: 0 s - in in.cubestack.apps.blog.admin.resource.PostCandidate_setSeriesOrGuide_116505200374
[INFO] Running in.cubestack.apps.blog.admin.resource.PostCandidate_init_11291632420
[INFO] Tests run: 1, Failures: 0, Errors: 0, Skipped: 0, Time elapsed: 0 s - in in.cubestack.apps.blog.admin.resource.PostCandidate_init_11291632420
[INFO] Running in.cubestack.apps.blog.admin.resource.PostCandidate_setPostStatus_200533509229
[INFO] Tests run: 1, Failures: 0, Errors: 0, Skipped: 0, Time elapsed: 0 s - in in.cubestack.apps.blog.admin.resource.PostCandidate_setPostStatus_200533509229
[INFO] Running in.cubestack.apps.blog.admin.resource.PersonCandidate_getFirstName_5392899582
[INFO] Tests run: 1, Failures: 0, Errors: 0, Skipped: 0, Time elapsed: 0 s - in in.cubestack.apps.blog.admin.resource.PersonCandidate_getFirstName_5392899582
[INFO] Running in.cubestack.apps.blog.admin.resource.PostCandidate_setContent_15759207954
[INFO] Tests run: 1, Failures: 0, Errors: 0, Skipped: 0, Time elapsed: 0.001 s - in in.cubestack.apps.blog.admin.resource.PostCandidate_setContent_15759207954
[INFO] Running in.cubestack.apps.blog.admin.resource.PostCandidate_setHtmlSummary_110936075135
[INFO] Tests run: 1, Failures: 0, Errors: 0, Skipped: 0, Time elapsed: 0.001 s - in in.cubestack.apps.blog.admin.resource.PostCandidate_setHtmlSummary_110936075135
[INFO] Running in.cubestack.apps.blog.admin.resource.PostCandidate_getPostStatus_55561396469
[INFO] Tests run: 1, Failures: 0, Errors: 0, Skipped: 0, Time elapsed: 0 s - in in.cubestack.apps.blog.admin.resource.PostCandidate_getPostStatus_55561396469
[INFO] Running in.cubestack.apps.blog.admin.resource.PostCandidate_getUpdatedAt_17517974861
[INFO] Tests run: 1, Failures: 0, Errors: 0, Skipped: 0, Time elapsed: 0.001 s - in in.cubestack.apps.blog.admin.resource.PostCandidate_getUpdatedAt_17517974861
[INFO] Running in.cubestack.apps.blog.admin.resource.TagCandidate_setTagName_97335241519
[INFO] Tests run: 1, Failures: 0, Errors: 0, Skipped: 0, Time elapsed: 0 s - in in.cubestack.apps.blog.admin.resource.TagCandidate_setTagName_97335241519
[INFO] Running in.cubestack.apps.blog.admin.resource.PostCandidate_setTags_35182193017
[INFO] Tests run: 1, Failures: 0, Errors: 0, Skipped: 0, Time elapsed: 0 s - in in.cubestack.apps.blog.admin.resource.PostCandidate_setTags_35182193017
[INFO] Running in.cubestack.apps.blog.admin.resource.PostCandidate_getStatus_24152423838
[INFO] Tests run: 1, Failures: 0, Errors: 0, Skipped: 0, Time elapsed: 0 s - in in.cubestack.apps.blog.admin.resource.PostCandidate_getStatus_24152423838
[INFO] Running in.cubestack.apps.blog.admin.resource.PostCandidate_from_103563986536
[INFO] Tests run: 1, Failures: 0, Errors: 0, Skipped: 0, Time elapsed: 0.001 s - in in.cubestack.apps.blog.admin.resource.PostCandidate_from_103563986536
[INFO] Running in.cubestack.apps.blog.admin.resource.TagCandidate_setTagId_5766040126
[INFO] Tests run: 1, Failures: 0, Errors: 0, Skipped: 0, Time elapsed: 0 s - in in.cubestack.apps.blog.admin.resource.TagCandidate_setTagId_5766040126
[INFO] Running in.cubestack.apps.blog.admin.resource.TagCandidate_toNewTag_24515884015
[INFO] Tests run: 1, Failures: 0, Errors: 0, Skipped: 0, Time elapsed: 0 s - in in.cubestack.apps.blog.admin.resource.TagCandidate_toNewTag_24515884015
[INFO] Running in.cubestack.apps.blog.admin.resource.PersonCandidate_getLastName_4403307604
[INFO] Tests run: 1, Failures: 0, Errors: 0, Skipped: 0, Time elapsed: 0 s - in in.cubestack.apps.blog.admin.resource.PersonCandidate_getLastName_4403307604
[INFO] Running in.cubestack.apps.blog.admin.resource.CategoryCandidate_getId_133287211816
[INFO] Tests run: 1, Failures: 0, Errors: 0, Skipped: 0, Time elapsed: 0 s - in in.cubestack.apps.blog.admin.resource.CategoryCandidate_getId_133287211816
[INFO] Running in.cubestack.apps.blog.admin.resource.CategoryCandidate_setSlug_184181001923
[INFO] Tests run: 1, Failures: 0, Errors: 0, Skipped: 0, Time elapsed: 0 s - in in.cubestack.apps.blog.admin.resource.CategoryCandidate_setSlug_184181001923
[INFO] Running in.cubestack.apps.blog.admin.resource.PostCandidate_isPublished_144473143581
[INFO] Tests run: 1, Failures: 0, Errors: 0, Skipped: 0, Time elapsed: 0 s - in in.cubestack.apps.blog.admin.resource.PostCandidate_isPublished_144473143581
[INFO] Running in.cubestack.apps.blog.admin.resource.PostCandidate_setSummary_207854130850
[INFO] Tests run: 1, Failures: 0, Errors: 0, Skipped: 0, Time elapsed: 0 s - in in.cubestack.apps.blog.admin.resource.PostCandidate_setSummary_207854130850
[INFO] Running in.cubestack.apps.blog.admin.resource.PostCandidate_getPerson_190201181937
[INFO] Tests run: 1, Failures: 0, Errors: 0, Skipped: 0, Time elapsed: 0 s - in in.cubestack.apps.blog.admin.resource.PostCandidate_getPerson_190201181937
[INFO] Running in.cubestack.apps.blog.admin.resource.PersonCandidate_from_14171143316
[INFO] Tests run: 1, Failures: 0, Errors: 0, Skipped: 0, Time elapsed: 0 s - in in.cubestack.apps.blog.admin.resource.PersonCandidate_from_14171143316
[INFO] Running in.cubestack.apps.blog.admin.resource.PersonCandidate_setFirstName_7020473983
[INFO] Tests run: 1, Failures: 0, Errors: 0, Skipped: 0, Time elapsed: 0 s - in in.cubestack.apps.blog.admin.resource.PersonCandidate_setFirstName_7020473983
[INFO] Running in.cubestack.apps.blog.admin.resource.PostCandidate_getUpdatedAt_17517974820
[INFO] Tests run: 1, Failures: 0, Errors: 0, Skipped: 0, Time elapsed: 0 s - in in.cubestack.apps.blog.admin.resource.PostCandidate_getUpdatedAt_17517974820
[INFO] Running in.cubestack.apps.blog.admin.resource.PostCandidate_getMetaTitle_182168482347
[INFO] Tests run: 1, Failures: 0, Errors: 0, Skipped: 0, Time elapsed: 0 s - in in.cubestack.apps.blog.admin.resource.PostCandidate_getMetaTitle_182168482347
[INFO] Running in.cubestack.apps.blog.admin.resource.PostCandidate_init_167969617942
[INFO] Tests run: 1, Failures: 0, Errors: 0, Skipped: 0, Time elapsed: 0 s - in in.cubestack.apps.blog.admin.resource.PostCandidate_init_167969617942
[INFO] Running in.cubestack.apps.blog.admin.resource.PersonCandidate_init_12691240621
[INFO] Tests run: 1, Failures: 0, Errors: 0, Skipped: 0, Time elapsed: 0 s - in in.cubestack.apps.blog.admin.resource.PersonCandidate_init_12691240621
[INFO] Running in.cubestack.apps.blog.admin.resource.CategoryCandidate_from_14670088052
[INFO] Tests run: 1, Failures: 0, Errors: 0, Skipped: 0, Time elapsed: 0 s - in in.cubestack.apps.blog.admin.resource.CategoryCandidate_from_14670088052
[INFO] Running in.cubestack.apps.blog.admin.resource.PostCandidate_getCategories_197834371714
[INFO] Tests run: 1, Failures: 0, Errors: 0, Skipped: 0, Time elapsed: 0 s - in in.cubestack.apps.blog.admin.resource.PostCandidate_getCategories_197834371714
[INFO] Running in.cubestack.apps.blog.admin.resource.PostCandidate_setHtmlContent_126465731672
[INFO] Tests run: 1, Failures: 0, Errors: 0, Skipped: 0, Time elapsed: 0 s - in in.cubestack.apps.blog.admin.resource.PostCandidate_setHtmlContent_126465731672
[INFO] Running in.cubestack.apps.blog.admin.resource.CategoryCandidate_getMetaTitle_4127019598
[INFO] Tests run: 1, Failures: 0, Errors: 0, Skipped: 0, Time elapsed: 0 s - in in.cubestack.apps.blog.admin.resource.CategoryCandidate_getMetaTitle_4127019598
[INFO] Running in.cubestack.apps.blog.admin.resource.CategoryCandidate_toNewCategory_19976523603
[INFO] Tests run: 1, Failures: 0, Errors: 0, Skipped: 0, Time elapsed: 0 s - in in.cubestack.apps.blog.admin.resource.CategoryCandidate_toNewCategory_19976523603
[INFO] Running in.cubestack.apps.blog.admin.resource.PostCandidate_isSeriesOrGuide_84066902573
[INFO] Tests run: 1, Failures: 0, Errors: 0, Skipped: 0, Time elapsed: 0 s - in in.cubestack.apps.blog.admin.resource.PostCandidate_isSeriesOrGuide_84066902573
[INFO] Running in.cubestack.apps.blog.admin.resource.PersonCandidate_getLastName_44033076011
[INFO] Tests run: 1, Failures: 0, Errors: 0, Skipped: 0, Time elapsed: 0 s - in in.cubestack.apps.blog.admin.resource.PersonCandidate_getLastName_44033076011
[INFO] Running in.cubestack.apps.blog.admin.resource.PostCandidate_getTagCandidates_81219381718
[INFO] Tests run: 1, Failures: 0, Errors: 0, Skipped: 0, Time elapsed: 0 s - in in.cubestack.apps.blog.admin.resource.PostCandidate_getTagCandidates_81219381718
[INFO] Running in.cubestack.apps.blog.admin.resource.TagCandidate_from_10123398114
[INFO] Tests run: 1, Failures: 0, Errors: 0, Skipped: 0, Time elapsed: 0 s - in in.cubestack.apps.blog.admin.resource.TagCandidate_from_10123398114
[INFO] Running in.cubestack.apps.blog.admin.resource.PostCandidate_addTagCandidate_150124166322
[INFO] Tests run: 1, Failures: 0, Errors: 0, Skipped: 0, Time elapsed: 0 s - in in.cubestack.apps.blog.admin.resource.PostCandidate_addTagCandidate_150124166322
[INFO] Running in.cubestack.apps.blog.admin.resource.PostCandidate_setHtmlSummary_110936075176
[INFO] Tests run: 1, Failures: 0, Errors: 0, Skipped: 0, Time elapsed: 0 s - in in.cubestack.apps.blog.admin.resource.PostCandidate_setHtmlSummary_110936075176
[INFO] Running in.cubestack.apps.blog.admin.resource.PostCandidate_setUpdatedAt_33793718821
[INFO] Tests run: 1, Failures: 0, Errors: 0, Skipped: 0, Time elapsed: 0 s - in in.cubestack.apps.blog.admin.resource.PostCandidate_setUpdatedAt_33793718821
[INFO] Running in.cubestack.apps.blog.admin.resource.CategoryCandidate_getSlug_12193345110
[INFO] Tests run: 1, Failures: 0, Errors: 0, Skipped: 0, Time elapsed: 0 s - in in.cubestack.apps.blog.admin.resource.CategoryCandidate_getSlug_12193345110
[INFO] Running in.cubestack.apps.blog.admin.resource.CategoryCandidate_init_55469060312
[INFO] Tests run: 1, Failures: 0, Errors: 0, Skipped: 0, Time elapsed: 0 s - in in.cubestack.apps.blog.admin.resource.CategoryCandidate_init_55469060312
[INFO] Running in.cubestack.apps.blog.admin.resource.CategoryCandidate_setSlug_184181001911
[INFO] Tests run: 1, Failures: 0, Errors: 0, Skipped: 0, Time elapsed: 0 s - in in.cubestack.apps.blog.admin.resource.CategoryCandidate_setSlug_184181001911
[INFO] Running in.cubestack.apps.blog.admin.resource.CategoryCandidate_getSlug_12193345122
[INFO] Tests run: 1, Failures: 0, Errors: 0, Skipped: 0, Time elapsed: 0 s - in in.cubestack.apps.blog.admin.resource.CategoryCandidate_getSlug_12193345122
[INFO] Running in.cubestack.apps.blog.admin.resource.PersonCandidate_setLastName_20266732005
[INFO] Tests run: 1, Failures: 0, Errors: 0, Skipped: 0, Time elapsed: 0 s - in in.cubestack.apps.blog.admin.resource.PersonCandidate_setLastName_20266732005
[INFO] Running in.cubestack.apps.blog.admin.resource.AdminResource_Templates_init_19626485781
[INFO] Tests run: 1, Failures: 0, Errors: 0, Skipped: 0, Time elapsed: 0.001 s - in in.cubestack.apps.blog.admin.resource.AdminResource_Templates_init_19626485781
[INFO] Running in.cubestack.apps.blog.admin.resource.PostCandidate_setId_116222313044
[INFO] Tests run: 1, Failures: 0, Errors: 0, Skipped: 0, Time elapsed: 0 s - in in.cubestack.apps.blog.admin.resource.PostCandidate_setId_116222313044
[INFO] Running in.cubestack.apps.blog.admin.resource.PostCandidate_addCategoryCandidate_75340996923
[INFO] Tests run: 1, Failures: 0, Errors: 0, Skipped: 0, Time elapsed: 0 s - in in.cubestack.apps.blog.admin.resource.PostCandidate_addCategoryCandidate_75340996923
[INFO] Running in.cubestack.apps.blog.admin.resource.PostCandidate_setTitle_6917293265
[INFO] Tests run: 1, Failures: 0, Errors: 0, Skipped: 0, Time elapsed: 0.001 s - in in.cubestack.apps.blog.admin.resource.PostCandidate_setTitle_6917293265
[INFO] Running in.cubestack.apps.blog.admin.resource.TagCandidate_setTagName_9733524159
[INFO] Tests run: 1, Failures: 0, Errors: 0, Skipped: 0, Time elapsed: 0 s - in in.cubestack.apps.blog.admin.resource.TagCandidate_setTagName_9733524159
[INFO] Running in.cubestack.apps.blog.admin.resource.PostCandidate_getTags_109293212057
[INFO] Tests run: 1, Failures: 0, Errors: 0, Skipped: 0, Time elapsed: 0 s - in in.cubestack.apps.blog.admin.resource.PostCandidate_getTags_109293212057
[INFO] Running in.cubestack.apps.blog.admin.resource.CategoryCandidate_from_146700880514
[ERROR] Tests run: 1, Failures: 0, Errors: 1, Skipped: 0, Time elapsed: 0 s <<< FAILURE! - in in.cubestack.apps.blog.admin.resource.CategoryCandidate_from_146700880514
[ERROR] test  Time elapsed: 0 s  <<< ERROR!
java.lang.NullPointerException
	at in.cubestack.apps.blog.admin.resource.CategoryCandidate_from_146700880514.test(CategoryCandidate_from_146700880514.java:48)

[INFO] Running in.cubestack.apps.blog.admin.resource.PostCandidate_getStatus_24152423879
[INFO] Tests run: 1, Failures: 0, Errors: 0, Skipped: 0, Time elapsed: 0 s - in in.cubestack.apps.blog.admin.resource.PostCandidate_getStatus_24152423879
[INFO] Running in.cubestack.apps.blog.admin.resource.TagCandidate_setSlug_157108351118
[INFO] Tests run: 1, Failures: 0, Errors: 0, Skipped: 0, Time elapsed: 0 s - in in.cubestack.apps.blog.admin.resource.TagCandidate_setSlug_157108351118
[INFO] Running in.cubestack.apps.blog.admin.resource.PostCandidate_getHtmlSummary_121241156734
[INFO] Tests run: 1, Failures: 0, Errors: 0, Skipped: 0, Time elapsed: 0 s - in in.cubestack.apps.blog.admin.resource.PostCandidate_getHtmlSummary_121241156734
[INFO] Running in.cubestack.apps.blog.admin.resource.TagCandidate_setTagId_57660401216
[INFO] Tests run: 1, Failures: 0, Errors: 0, Skipped: 0, Time elapsed: 0 s - in in.cubestack.apps.blog.admin.resource.TagCandidate_setTagId_57660401216
[INFO] Running in.cubestack.apps.blog.admin.resource.CategoryCandidate_setMetaTitle_57545939921
[INFO] Tests run: 1, Failures: 0, Errors: 0, Skipped: 0, Time elapsed: 0 s - in in.cubestack.apps.blog.admin.resource.CategoryCandidate_setMetaTitle_57545939921
[INFO] Running in.cubestack.apps.blog.admin.resource.PostCandidate_setId_11622231303
[INFO] Tests run: 1, Failures: 0, Errors: 0, Skipped: 0, Time elapsed: 0 s - in in.cubestack.apps.blog.admin.resource.PostCandidate_setId_11622231303
[INFO] Running in.cubestack.apps.blog.admin.resource.CategoryCandidate_getId_13328721184
[INFO] Tests run: 1, Failures: 0, Errors: 0, Skipped: 0, Time elapsed: 0 s - in in.cubestack.apps.blog.admin.resource.CategoryCandidate_getId_13328721184
[INFO] Running in.cubestack.apps.blog.admin.resource.PostCandidate_addTagCandidate_150124166363
[ERROR] Tests run: 1, Failures: 0, Errors: 1, Skipped: 0, Time elapsed: 0 s <<< FAILURE! - in in.cubestack.apps.blog.admin.resource.PostCandidate_addTagCandidate_150124166363
[ERROR] test  Time elapsed: 0 s  <<< ERROR!
java.lang.NullPointerException
	at in.cubestack.apps.blog.admin.resource.PostCandidate_addTagCandidate_150124166363.test(PostCandidate_addTagCandidate_150124166363.java:62)

[INFO] Running in.cubestack.apps.blog.admin.resource.CategoryCandidate_getTitle_94518277218
[INFO] Tests run: 1, Failures: 0, Errors: 0, Skipped: 0, Time elapsed: 0 s - in in.cubestack.apps.blog.admin.resource.CategoryCandidate_getTitle_94518277218
[INFO] Running in.cubestack.apps.blog.admin.resource.TagCandidate_from_101233981114
[ERROR] Tests run: 1, Failures: 0, Errors: 1, Skipped: 0, Time elapsed: 0 s <<< FAILURE! - in in.cubestack.apps.blog.admin.resource.TagCandidate_from_101233981114
[ERROR] test  Time elapsed: 0 s  <<< ERROR!
java.lang.NullPointerException
	at in.cubestack.apps.blog.admin.resource.TagCandidate_from_101233981114.test(TagCandidate_from_101233981114.java:47)

[INFO] Running in.cubestack.apps.blog.admin.resource.PostCandidate_getSummary_140494496449
[INFO] Tests run: 1, Failures: 0, Errors: 0, Skipped: 0, Time elapsed: 0 s - in in.cubestack.apps.blog.admin.resource.PostCandidate_getSummary_140494496449
[INFO] Running in.cubestack.apps.blog.admin.resource.TagCandidate_getSlug_100400721717
[INFO] Tests run: 1, Failures: 0, Errors: 0, Skipped: 0, Time elapsed: 0 s - in in.cubestack.apps.blog.admin.resource.TagCandidate_getSlug_100400721717
[INFO] Running in.cubestack.apps.blog.admin.resource.CategoryCandidate_init_22199420213
[INFO] Tests run: 1, Failures: 0, Errors: 0, Skipped: 0, Time elapsed: 0 s - in in.cubestack.apps.blog.admin.resource.CategoryCandidate_init_22199420213
[INFO] Running in.cubestack.apps.blog.admin.resource.PostCandidate_setTitle_69172932646
[INFO] Tests run: 1, Failures: 0, Errors: 0, Skipped: 0, Time elapsed: 0 s - in in.cubestack.apps.blog.admin.resource.PostCandidate_setTitle_69172932646
[INFO] Running in.cubestack.apps.blog.admin.resource.AdminResource_Templates_init_19626485780
[INFO] Tests run: 1, Failures: 0, Errors: 0, Skipped: 0, Time elapsed: 0.001 s - in in.cubestack.apps.blog.admin.resource.AdminResource_Templates_init_19626485780
[INFO] Running in.cubestack.apps.blog.admin.resource.PostCandidate_setHtmlContent_126465731631
[INFO] Tests run: 1, Failures: 0, Errors: 0, Skipped: 0, Time elapsed: 0 s - in in.cubestack.apps.blog.admin.resource.PostCandidate_setHtmlContent_126465731631
[INFO] Running in.cubestack.apps.blog.admin.resource.TagCandidate_init_14367643690
[INFO] Tests run: 1, Failures: 0, Errors: 0, Skipped: 0, Time elapsed: 0 s - in in.cubestack.apps.blog.admin.resource.TagCandidate_init_14367643690
[INFO] Running in.cubestack.apps.blog.admin.resource.PostCandidate_getPostStatus_55561396428
[INFO] Tests run: 1, Failures: 0, Errors: 0, Skipped: 0, Time elapsed: 0 s - in in.cubestack.apps.blog.admin.resource.PostCandidate_getPostStatus_55561396428
[INFO] Running in.cubestack.apps.blog.admin.resource.PostCandidate_setStatus_121115367839
[INFO] Tests run: 1, Failures: 0, Errors: 0, Skipped: 0, Time elapsed: 0 s - in in.cubestack.apps.blog.admin.resource.PostCandidate_setStatus_121115367839
[INFO] Running in.cubestack.apps.blog.admin.resource.PostCandidate_setMetaTitle_165892738348
[INFO] Tests run: 1, Failures: 0, Errors: 0, Skipped: 0, Time elapsed: 0 s - in in.cubestack.apps.blog.admin.resource.PostCandidate_setMetaTitle_165892738348
[INFO] Running in.cubestack.apps.blog.admin.resource.PostCandidate_getContent_96907310353
[INFO] Tests run: 1, Failures: 0, Errors: 0, Skipped: 0, Time elapsed: 0 s - in in.cubestack.apps.blog.admin.resource.PostCandidate_getContent_96907310353
[INFO] Running in.cubestack.apps.blog.admin.resource.PersonCandidate_setFirstName_70204739810
[INFO] Tests run: 1, Failures: 0, Errors: 0, Skipped: 0, Time elapsed: 0 s - in in.cubestack.apps.blog.admin.resource.PersonCandidate_setFirstName_70204739810
[INFO] Running in.cubestack.apps.blog.admin.resource.AdminResource_init_17204877890
[INFO] Tests run: 1, Failures: 0, Errors: 0, Skipped: 0, Time elapsed: 0 s - in in.cubestack.apps.blog.admin.resource.AdminResource_init_17204877890
[INFO] Running in.cubestack.apps.blog.admin.resource.PostCandidate_getPerson_190201181978
[INFO] Tests run: 1, Failures: 0, Errors: 0, Skipped: 0, Time elapsed: 0 s - in in.cubestack.apps.blog.admin.resource.PostCandidate_getPerson_190201181978
[INFO] Running in.cubestack.apps.blog.admin.resource.TagCandidate_init_8624320833
[INFO] Tests run: 1, Failures: 0, Errors: 0, Skipped: 0, Time elapsed: 0 s - in in.cubestack.apps.blog.admin.resource.TagCandidate_init_8624320833
[INFO] Running in.cubestack.apps.blog.admin.resource.TagCandidate_setSlug_15710835118
[INFO] Tests run: 1, Failures: 0, Errors: 0, Skipped: 0, Time elapsed: 0 s - in in.cubestack.apps.blog.admin.resource.TagCandidate_setSlug_15710835118
[INFO] Running in.cubestack.apps.blog.admin.resource.PersonCandidate_setLastName_202667320012
[INFO] Tests run: 1, Failures: 0, Errors: 0, Skipped: 0, Time elapsed: 0 s - in in.cubestack.apps.blog.admin.resource.PersonCandidate_setLastName_202667320012
[INFO] Running in.cubestack.apps.blog.admin.resource.PostCandidate_setSlug_39257676368
[INFO] Tests run: 1, Failures: 0, Errors: 0, Skipped: 0, Time elapsed: 0 s - in in.cubestack.apps.blog.admin.resource.PostCandidate_setSlug_39257676368
[INFO] Running in.cubestack.apps.blog.admin.resource.PostCandidate_setPostType_174127748511
[INFO] Tests run: 1, Failures: 0, Errors: 0, Skipped: 0, Time elapsed: 0 s - in in.cubestack.apps.blog.admin.resource.PostCandidate_setPostType_174127748511
[INFO] Running in.cubestack.apps.blog.admin.resource.PostCandidate_setCategories_199723912915
[INFO] Tests run: 1, Failures: 0, Errors: 0, Skipped: 0, Time elapsed: 0 s - in in.cubestack.apps.blog.admin.resource.PostCandidate_setCategories_199723912915
[INFO] Running in.cubestack.apps.blog.admin.resource.TagCandidate_getTagName_178483343912
[INFO] Tests run: 1, Failures: 0, Errors: 0, Skipped: 0, Time elapsed: 0 s - in in.cubestack.apps.blog.admin.resource.TagCandidate_getTagName_178483343912
[INFO] Running in.cubestack.apps.blog.admin.resource.PostCandidate_setCategories_199723912956
[INFO] Tests run: 1, Failures: 0, Errors: 0, Skipped: 0, Time elapsed: 0 s - in in.cubestack.apps.blog.admin.resource.PostCandidate_setCategories_199723912956
[INFO] Running in.cubestack.apps.blog.admin.resource.CategoryCandidate_setId_89835738417
[INFO] Tests run: 1, Failures: 0, Errors: 0, Skipped: 0, Time elapsed: 0 s - in in.cubestack.apps.blog.admin.resource.CategoryCandidate_setId_89835738417
[INFO] Running in.cubestack.apps.blog.admin.resource.PostCandidate_getCategories_197834371755
[INFO] Tests run: 1, Failures: 0, Errors: 0, Skipped: 0, Time elapsed: 0 s - in in.cubestack.apps.blog.admin.resource.PostCandidate_getCategories_197834371755
[INFO] Running in.cubestack.apps.blog.admin.resource.PostCandidate_hasCategory_172669564165
[ERROR] Tests run: 1, Failures: 0, Errors: 1, Skipped: 0, Time elapsed: 0.001 s <<< FAILURE! - in in.cubestack.apps.blog.admin.resource.PostCandidate_hasCategory_172669564165
[ERROR] test  Time elapsed: 0 s  <<< ERROR!
java.lang.NullPointerException
	at in.cubestack.apps.blog.admin.resource.PostCandidate_hasCategory_172669564165.test(PostCandidate_hasCategory_172669564165.java:62)

[INFO] Running in.cubestack.apps.blog.admin.resource.CategoryCandidate_setTitle_13688511887
[INFO] Tests run: 1, Failures: 0, Errors: 0, Skipped: 0, Time elapsed: 0 s - in in.cubestack.apps.blog.admin.resource.CategoryCandidate_setTitle_13688511887
[INFO] Running in.cubestack.apps.blog.admin.resource.PostCandidate_getTitle_11153977424
[INFO] Tests run: 1, Failures: 0, Errors: 0, Skipped: 0, Time elapsed: 0 s - in in.cubestack.apps.blog.admin.resource.PostCandidate_getTitle_11153977424
[INFO] Running in.cubestack.apps.blog.admin.resource.PostCandidate_getHtmlContent_116160650030
[INFO] Tests run: 1, Failures: 0, Errors: 0, Skipped: 0, Time elapsed: 0 s - in in.cubestack.apps.blog.admin.resource.PostCandidate_getHtmlContent_116160650030
[INFO] Running in.cubestack.apps.blog.admin.resource.PostCandidate_getContent_96907310312
[INFO] Tests run: 1, Failures: 0, Errors: 0, Skipped: 0, Time elapsed: 0 s - in in.cubestack.apps.blog.admin.resource.PostCandidate_getContent_96907310312
[INFO] Running in.cubestack.apps.blog.admin.resource.PersonCandidate_getFirstName_5392899589
[INFO] Tests run: 1, Failures: 0, Errors: 0, Skipped: 0, Time elapsed: 0 s - in in.cubestack.apps.blog.admin.resource.PersonCandidate_getFirstName_5392899589
[INFO] Running in.cubestack.apps.blog.admin.resource.PostCandidate_getTagCandidates_81219381759
[INFO] Tests run: 1, Failures: 0, Errors: 0, Skipped: 0, Time elapsed: 0 s - in in.cubestack.apps.blog.admin.resource.PostCandidate_getTagCandidates_81219381759
[INFO] Running in.cubestack.apps.blog.admin.resource.CategoryCandidate_toNewCategory_199765236015
[INFO] Tests run: 1, Failures: 0, Errors: 0, Skipped: 0, Time elapsed: 0 s - in in.cubestack.apps.blog.admin.resource.CategoryCandidate_toNewCategory_199765236015
[INFO] Running in.cubestack.apps.blog.admin.resource.PostCandidate_setUpdatedAt_33793718862
[INFO] Tests run: 1, Failures: 0, Errors: 0, Skipped: 0, Time elapsed: 0 s - in in.cubestack.apps.blog.admin.resource.PostCandidate_setUpdatedAt_33793718862
[INFO] Running in.cubestack.apps.blog.admin.resource.CategoryCandidate_getMetaTitle_41270195920
[INFO] Tests run: 1, Failures: 0, Errors: 0, Skipped: 0, Time elapsed: 0 s - in in.cubestack.apps.blog.admin.resource.CategoryCandidate_getMetaTitle_41270195920
[INFO] Running in.cubestack.apps.blog.admin.resource.TagCandidate_getTagId_17779298341
[INFO] Tests run: 1, Failures: 0, Errors: 0, Skipped: 0, Time elapsed: 0 s - in in.cubestack.apps.blog.admin.resource.TagCandidate_getTagId_17779298341
[INFO] Running in.cubestack.apps.blog.admin.resource.PostCandidate_getCategoryCandidates_62803408919
[INFO] Tests run: 1, Failures: 0, Errors: 0, Skipped: 0, Time elapsed: 0.001 s - in in.cubestack.apps.blog.admin.resource.PostCandidate_getCategoryCandidates_62803408919
[INFO] Running in.cubestack.apps.blog.admin.resource.PostCandidate_init_16796961791
[INFO] Tests run: 1, Failures: 0, Errors: 0, Skipped: 0, Time elapsed: 0 s - in in.cubestack.apps.blog.admin.resource.PostCandidate_init_16796961791
[INFO] Running in.cubestack.apps.blog.admin.resource.PostCandidate_setPostStatus_200533509270
[INFO] Tests run: 1, Failures: 0, Errors: 0, Skipped: 0, Time elapsed: 0 s - in in.cubestack.apps.blog.admin.resource.PostCandidate_setPostStatus_200533509270
[INFO] Running in.cubestack.apps.blog.admin.resource.PersonCandidate_init_6919914227
[INFO] Tests run: 1, Failures: 0, Errors: 0, Skipped: 0, Time elapsed: 0 s - in in.cubestack.apps.blog.admin.resource.PersonCandidate_init_6919914227
[INFO] Running in.cubestack.apps.blog.admin.resource.PostCandidate_setSeriesOrGuide_116505200333
[INFO] Tests run: 1, Failures: 0, Errors: 0, Skipped: 0, Time elapsed: 0 s - in in.cubestack.apps.blog.admin.resource.PostCandidate_setSeriesOrGuide_116505200333
[INFO] Running in.cubestack.apps.blog.admin.resource.PostCandidate_getHtmlSummary_121241156775
[INFO] Tests run: 1, Failures: 0, Errors: 0, Skipped: 0, Time elapsed: 0 s - in in.cubestack.apps.blog.admin.resource.PostCandidate_getHtmlSummary_121241156775
[INFO] Running in.cubestack.apps.blog.admin.resource.PostCandidate_hasCategory_172669564124
[INFO] Tests run: 1, Failures: 0, Errors: 0, Skipped: 0, Time elapsed: 0 s - in in.cubestack.apps.blog.admin.resource.PostCandidate_hasCategory_172669564124
[INFO] Running in.cubestack.apps.blog.admin.resource.PostCandidate_getMetaTitle_18216848236
[INFO] Tests run: 1, Failures: 0, Errors: 0, Skipped: 0, Time elapsed: 0.001 s - in in.cubestack.apps.blog.admin.resource.PostCandidate_getMetaTitle_18216848236
[INFO] Running in.cubestack.apps.blog.admin.resource.CategoryCandidate_getTitle_9451827726
[INFO] Tests run: 1, Failures: 0, Errors: 0, Skipped: 0, Time elapsed: 0 s - in in.cubestack.apps.blog.admin.resource.CategoryCandidate_getTitle_9451827726
[INFO] Running in.cubestack.apps.blog.admin.resource.PersonCandidate_init_6919914220
[INFO] Tests run: 1, Failures: 0, Errors: 0, Skipped: 0, Time elapsed: 0 s - in in.cubestack.apps.blog.admin.resource.PersonCandidate_init_6919914220
[INFO] Running in.cubestack.apps.blog.admin.resource.CategoryCandidate_init_5546906030
[INFO] Tests run: 1, Failures: 0, Errors: 0, Skipped: 0, Time elapsed: 0 s - in in.cubestack.apps.blog.admin.resource.CategoryCandidate_init_5546906030
[INFO] Running in.cubestack.apps.blog.admin.resource.TagCandidate_getSlug_10040072177
[INFO] Tests run: 1, Failures: 0, Errors: 0, Skipped: 0, Time elapsed: 0 s - in in.cubestack.apps.blog.admin.resource.TagCandidate_getSlug_10040072177
[INFO] Running in.cubestack.apps.blog.admin.resource.PostCandidate_from_103563986577
[ERROR] Tests run: 1, Failures: 0, Errors: 1, Skipped: 0, Time elapsed: 0 s <<< FAILURE! - in in.cubestack.apps.blog.admin.resource.PostCandidate_from_103563986577
[ERROR] test  Time elapsed: 0 s  <<< ERROR!
java.lang.NullPointerException
	at in.cubestack.apps.blog.admin.resource.PostCandidate_from_103563986577.test(PostCandidate_from_103563986577.java:62)

[INFO] Running in.cubestack.apps.blog.admin.resource.TagCandidate_getTagId_177792983411
[INFO] Tests run: 1, Failures: 0, Errors: 0, Skipped: 0, Time elapsed: 0 s - in in.cubestack.apps.blog.admin.resource.TagCandidate_getTagId_177792983411
[INFO] Running in.cubestack.apps.blog.admin.resource.PostCandidate_getHtmlContent_116160650071
[INFO] Tests run: 1, Failures: 0, Errors: 0, Skipped: 0, Time elapsed: 0 s - in in.cubestack.apps.blog.admin.resource.PostCandidate_getHtmlContent_116160650071
[INFO] Running in.cubestack.apps.blog.admin.resource.PostCandidate_getSlug_211245333126
[INFO] Tests run: 1, Failures: 0, Errors: 0, Skipped: 0, Time elapsed: 0 s - in in.cubestack.apps.blog.admin.resource.PostCandidate_getSlug_211245333126
[INFO] Running in.cubestack.apps.blog.admin.resource.PostCandidate_getId_69830949643
[INFO] Tests run: 1, Failures: 0, Errors: 0, Skipped: 0, Time elapsed: 0 s - in in.cubestack.apps.blog.admin.resource.PostCandidate_getId_69830949643
[INFO] Running in.cubestack.apps.blog.admin.resource.PersonCandidate_from_141711433113
[ERROR] Tests run: 1, Failures: 0, Errors: 1, Skipped: 0, Time elapsed: 0 s <<< FAILURE! - in in.cubestack.apps.blog.admin.resource.PersonCandidate_from_141711433113
[ERROR] test  Time elapsed: 0 s  <<< ERROR!
java.lang.NullPointerException
	at in.cubestack.apps.blog.admin.resource.PersonCandidate_from_141711433113.test(PersonCandidate_from_141711433113.java:46)

[INFO] Running in.cubestack.apps.blog.admin.resource.PostCandidate_isSeriesOrGuide_84066902532
[INFO] Tests run: 1, Failures: 0, Errors: 0, Skipped: 0, Time elapsed: 0 s - in in.cubestack.apps.blog.admin.resource.PostCandidate_isSeriesOrGuide_84066902532
[INFO] Running in.cubestack.apps.blog.admin.resource.TagCandidate_init_86243208313
[INFO] Tests run: 1, Failures: 0, Errors: 0, Skipped: 0, Time elapsed: 0 s - in in.cubestack.apps.blog.admin.resource.TagCandidate_init_86243208313
[INFO] Running in.cubestack.apps.blog.admin.resource.CategoryCandidate_setTitle_136885118819
[INFO] Tests run: 1, Failures: 0, Errors: 0, Skipped: 0, Time elapsed: 0 s - in in.cubestack.apps.blog.admin.resource.CategoryCandidate_setTitle_136885118819
[INFO] Running in.cubestack.apps.blog.admin.resource.PostCandidate_getPostType_68108211551
[INFO] Tests run: 1, Failures: 0, Errors: 0, Skipped: 0, Time elapsed: 0 s - in in.cubestack.apps.blog.admin.resource.PostCandidate_getPostType_68108211551
[INFO] Running in.cubestack.apps.blog.admin.exception.RecordNotFoundException_init_20059333670
[INFO] Tests run: 1, Failures: 0, Errors: 0, Skipped: 0, Time elapsed: 0 s - in in.cubestack.apps.blog.admin.exception.RecordNotFoundException_init_20059333670
[INFO] Running in.cubestack.apps.blog.admin.exception.RecordNotFoundException_init_20059333672
[INFO] Tests run: 1, Failures: 0, Errors: 0, Skipped: 0, Time elapsed: 0 s - in in.cubestack.apps.blog.admin.exception.RecordNotFoundException_init_20059333672
[INFO] Running in.cubestack.apps.blog.admin.exception.RecordNotFoundException_init_12902811473
[INFO] Tests run: 1, Failures: 0, Errors: 0, Skipped: 0, Time elapsed: 0 s - in in.cubestack.apps.blog.admin.exception.RecordNotFoundException_init_12902811473
[INFO] Running in.cubestack.apps.blog.admin.exception.RecordNotFoundException_init_12902811471
[INFO] Tests run: 1, Failures: 0, Errors: 0, Skipped: 0, Time elapsed: 0 s - in in.cubestack.apps.blog.admin.exception.RecordNotFoundException_init_12902811471
[INFO] Running in.cubestack.apps.blog.admin.service.AdminService_init_16199202613
[INFO] Tests run: 1, Failures: 0, Errors: 0, Skipped: 0, Time elapsed: 0 s - in in.cubestack.apps.blog.admin.service.AdminService_init_16199202613
[INFO] Running in.cubestack.apps.blog.admin.service.AdminService_resetPassword_12834641852
[ERROR] Tests run: 1, Failures: 0, Errors: 1, Skipped: 0, Time elapsed: 0 s <<< FAILURE! - in in.cubestack.apps.blog.admin.service.AdminService_resetPassword_12834641852
[ERROR] test  Time elapsed: 0 s  <<< ERROR!
java.lang.NullPointerException
	at in.cubestack.apps.blog.admin.service.AdminService_resetPassword_12834641852.test(AdminService_resetPassword_12834641852.java:51)

[INFO] Running in.cubestack.apps.blog.admin.service.AdminService_init_16199202610
[INFO] Tests run: 1, Failures: 0, Errors: 0, Skipped: 0, Time elapsed: 0 s - in in.cubestack.apps.blog.admin.service.AdminService_init_16199202610
[INFO] Running in.cubestack.apps.blog.admin.service.AdminService_login_10418913051
[ERROR] Tests run: 1, Failures: 0, Errors: 1, Skipped: 0, Time elapsed: 0 s <<< FAILURE! - in in.cubestack.apps.blog.admin.service.AdminService_login_10418913051
[ERROR] test  Time elapsed: 0 s  <<< ERROR!
java.lang.NullPointerException
	at in.cubestack.apps.blog.admin.service.AdminService_login_10418913051.test(AdminService_login_10418913051.java:51)

[INFO] Running in.cubestack.apps.blog.admin.service.AdminService_login_10418913054
[ERROR] Tests run: 1, Failures: 0, Errors: 1, Skipped: 0, Time elapsed: 0 s <<< FAILURE! - in in.cubestack.apps.blog.admin.service.AdminService_login_10418913054
[ERROR] test  Time elapsed: 0 s  <<< ERROR!
java.lang.NullPointerException
	at in.cubestack.apps.blog.admin.service.AdminService_login_10418913054.test(AdminService_login_10418913054.java:48)

[INFO] Running in.cubestack.apps.blog.admin.service.AdminService_resetPassword_12834641855
[ERROR] Tests run: 1, Failures: 0, Errors: 1, Skipped: 0, Time elapsed: 0 s <<< FAILURE! - in in.cubestack.apps.blog.admin.service.AdminService_resetPassword_12834641855
[ERROR] test  Time elapsed: 0 s  <<< ERROR!
java.lang.NullPointerException
	at in.cubestack.apps.blog.admin.service.AdminService_resetPassword_12834641855.test(AdminService_resetPassword_12834641855.java:48)

[INFO] Running in.cubestack.apps.blog.event.domain.Event_init_15754107090
[INFO] Tests run: 1, Failures: 0, Errors: 0, Skipped: 0, Time elapsed: 0 s - in in.cubestack.apps.blog.event.domain.Event_init_15754107090
[INFO] Running in.cubestack.apps.blog.event.domain.Event_setCounterType_4782767735
[INFO] Tests run: 1, Failures: 0, Errors: 0, Skipped: 0, Time elapsed: 0 s - in in.cubestack.apps.blog.event.domain.Event_setCounterType_4782767735
[INFO] Running in.cubestack.apps.blog.event.domain.EventType_valueOf_10169100845
[ERROR] Tests run: 1, Failures: 0, Errors: 1, Skipped: 0, Time elapsed: 0 s <<< FAILURE! - in in.cubestack.apps.blog.event.domain.EventType_valueOf_10169100845
[ERROR] test  Time elapsed: 0 s  <<< ERROR!
java.lang.NullPointerException: Name is null
	at in.cubestack.apps.blog.event.domain.EventType_valueOf_10169100845.test(EventType_valueOf_10169100845.java:49)

[INFO] Running in.cubestack.apps.blog.event.domain.Event_getContentId_15483176779
[INFO] Tests run: 1, Failures: 0, Errors: 0, Skipped: 0, Time elapsed: 0 s - in in.cubestack.apps.blog.event.domain.Event_getContentId_15483176779
[INFO] Running in.cubestack.apps.blog.event.domain.EventType_init_19540964586
[ERROR] Tests run: 1, Failures: 0, Errors: 1, Skipped: 0, Time elapsed: 0 s <<< FAILURE! - in in.cubestack.apps.blog.event.domain.EventType_init_19540964586
[ERROR] test  Time elapsed: 0 s  <<< ERROR!
java.lang.IllegalArgumentException: Cannot reflectively create enum objects
	at in.cubestack.apps.blog.event.domain.EventType_init_19540964586.test(EventType_init_19540964586.java:47)

[INFO] Running in.cubestack.apps.blog.event.domain.Event_getEventType_13888902314
[INFO] Tests run: 1, Failures: 0, Errors: 0, Skipped: 0, Time elapsed: 0 s - in in.cubestack.apps.blog.event.domain.Event_getEventType_13888902314
[INFO] Running in.cubestack.apps.blog.event.domain.Event_init_2442609211
[INFO] Tests run: 1, Failures: 0, Errors: 0, Skipped: 0, Time elapsed: 0 s - in in.cubestack.apps.blog.event.domain.Event_init_2442609211
[INFO] Running in.cubestack.apps.blog.event.domain.EventType_valueOf_10169100841
[ERROR] Tests run: 1, Failures: 0, Errors: 1, Skipped: 0, Time elapsed: 0 s <<< FAILURE! - in in.cubestack.apps.blog.event.domain.EventType_valueOf_10169100841
[ERROR] test  Time elapsed: 0 s  <<< ERROR!
java.lang.IllegalArgumentException: No enum constant in.cubestack.apps.blog.event.domain.EventType.PAEBtnZtTD
	at in.cubestack.apps.blog.event.domain.EventType_valueOf_10169100841.test(EventType_valueOf_10169100841.java:42)

[INFO] Running in.cubestack.apps.blog.event.domain.EventType_of_17861785477
[ERROR] Tests run: 1, Failures: 0, Errors: 1, Skipped: 0, Time elapsed: 0 s <<< FAILURE! - in in.cubestack.apps.blog.event.domain.EventType_of_17861785477
[ERROR] test  Time elapsed: 0 s  <<< ERROR!
java.lang.IllegalArgumentException: Invalid counter type null
	at in.cubestack.apps.blog.event.domain.EventType_of_17861785477.test(EventType_of_17861785477.java:49)

[INFO] Running in.cubestack.apps.blog.event.domain.Event_setContentId_15152379233
[INFO] Tests run: 1, Failures: 0, Errors: 0, Skipped: 0, Time elapsed: 0 s - in in.cubestack.apps.blog.event.domain.Event_setContentId_15152379233
[INFO] Running in.cubestack.apps.blog.event.domain.Event_setContentId_151523792310
[INFO] Tests run: 1, Failures: 0, Errors: 0, Skipped: 0, Time elapsed: 0 s - in in.cubestack.apps.blog.event.domain.Event_setContentId_151523792310
[INFO] Running in.cubestack.apps.blog.event.domain.Event_toString_10299548586
[INFO] Tests run: 1, Failures: 0, Errors: 0, Skipped: 0, Time elapsed: 0 s - in in.cubestack.apps.blog.event.domain.Event_toString_10299548586
[INFO] Running in.cubestack.apps.blog.event.domain.Event_getContentId_15483176772
[INFO] Tests run: 1, Failures: 0, Errors: 0, Skipped: 0, Time elapsed: 0 s - in in.cubestack.apps.blog.event.domain.Event_getContentId_15483176772
[INFO] Running in.cubestack.apps.blog.event.domain.EventType_values_5248796814
[INFO] Tests run: 1, Failures: 0, Errors: 0, Skipped: 0, Time elapsed: 0 s - in in.cubestack.apps.blog.event.domain.EventType_values_5248796814
[INFO] Running in.cubestack.apps.blog.event.domain.Event_getEventType_138889023111
[INFO] Tests run: 1, Failures: 0, Errors: 0, Skipped: 0, Time elapsed: 0 s - in in.cubestack.apps.blog.event.domain.Event_getEventType_138889023111
[INFO] Running in.cubestack.apps.blog.event.domain.EventType_init_19540964582
[ERROR] Tests run: 1, Failures: 0, Errors: 1, Skipped: 0, Time elapsed: 0 s <<< FAILURE! - in in.cubestack.apps.blog.event.domain.EventType_init_19540964582
[ERROR] test  Time elapsed: 0 s  <<< ERROR!
java.lang.IllegalArgumentException: Cannot reflectively create enum objects
	at in.cubestack.apps.blog.event.domain.EventType_init_19540964582.test(EventType_init_19540964582.java:42)

[INFO] Running in.cubestack.apps.blog.event.domain.EventType_values_5248796810
[INFO] Tests run: 1, Failures: 0, Errors: 0, Skipped: 0, Time elapsed: 0.001 s - in in.cubestack.apps.blog.event.domain.EventType_values_5248796810
[INFO] Running in.cubestack.apps.blog.event.domain.Event_init_2442609218
[INFO] Tests run: 1, Failures: 0, Errors: 0, Skipped: 0, Time elapsed: 0 s - in in.cubestack.apps.blog.event.domain.Event_init_2442609218
[INFO] Running in.cubestack.apps.blog.event.domain.Event_init_15754107097
[INFO] Tests run: 1, Failures: 0, Errors: 0, Skipped: 0, Time elapsed: 0 s - in in.cubestack.apps.blog.event.domain.Event_init_15754107097
[INFO] Running in.cubestack.apps.blog.event.domain.Event_setCounterType_47827677312
[INFO] Tests run: 1, Failures: 0, Errors: 0, Skipped: 0, Time elapsed: 0 s - in in.cubestack.apps.blog.event.domain.Event_setCounterType_47827677312
[INFO] Running in.cubestack.apps.blog.event.domain.EventType_of_17861785473
[ERROR] Tests run: 1, Failures: 0, Errors: 1, Skipped: 0, Time elapsed: 0 s <<< FAILURE! - in in.cubestack.apps.blog.event.domain.EventType_of_17861785473
[ERROR] test  Time elapsed: 0 s  <<< ERROR!
java.lang.IllegalArgumentException: Invalid counter type sjlJAEtRrb
	at in.cubestack.apps.blog.event.domain.EventType_of_17861785473.test(EventType_of_17861785473.java:42)

[INFO] Running in.cubestack.apps.blog.event.domain.Event_toString_102995485813
[INFO] Tests run: 1, Failures: 0, Errors: 0, Skipped: 0, Time elapsed: 0 s - in in.cubestack.apps.blog.event.domain.Event_toString_102995485813
[INFO] Running in.cubestack.apps.blog.event.service.CacheInvalidationService_invalidateCategories_3941770403
[INFO] Tests run: 1, Failures: 0, Errors: 0, Skipped: 0, Time elapsed: 0 s - in in.cubestack.apps.blog.event.service.CacheInvalidationService_invalidateCategories_3941770403
[INFO] Running in.cubestack.apps.blog.event.service.CacheInvalidationService_invalidateTags_4693394052
[INFO] Tests run: 1, Failures: 0, Errors: 0, Skipped: 0, Time elapsed: 0 s - in in.cubestack.apps.blog.event.service.CacheInvalidationService_invalidateTags_4693394052
[INFO] Running in.cubestack.apps.blog.event.service.AnalyticsGeneratorService_ingestPostEvent_13420830903
[INFO] Tests run: 1, Failures: 0, Errors: 0, Skipped: 0, Time elapsed: 0 s - in in.cubestack.apps.blog.event.service.AnalyticsGeneratorService_ingestPostEvent_13420830903
[INFO] Running in.cubestack.apps.blog.event.service.CacheInvalidationService_invalidateTags_4693394058
[INFO] Tests run: 1, Failures: 0, Errors: 0, Skipped: 0, Time elapsed: 0.001 s - in in.cubestack.apps.blog.event.service.CacheInvalidationService_invalidateTags_4693394058
[INFO] Running in.cubestack.apps.blog.event.service.AnalyticsGeneratorService_ingestPostEvent_13420830907
[INFO] Tests run: 1, Failures: 0, Errors: 0, Skipped: 0, Time elapsed: 0 s - in in.cubestack.apps.blog.event.service.AnalyticsGeneratorService_ingestPostEvent_13420830907
[INFO] Running in.cubestack.apps.blog.event.service.AnalyticsGeneratorService_ingest_15590187561
[INFO] Tests run: 1, Failures: 0, Errors: 0, Skipped: 0, Time elapsed: 0 s - in in.cubestack.apps.blog.event.service.AnalyticsGeneratorService_ingest_15590187561
[INFO] Running in.cubestack.apps.blog.event.service.CacheInvalidationService_init_6242211736
[INFO] Tests run: 1, Failures: 0, Errors: 0, Skipped: 0, Time elapsed: 0 s - in in.cubestack.apps.blog.event.service.CacheInvalidationService_init_6242211736
[INFO] Running in.cubestack.apps.blog.event.service.AnalyticsGeneratorService_doIngestPostEvent_7479568996
[ERROR] Tests run: 1, Failures: 0, Errors: 1, Skipped: 0, Time elapsed: 0 s <<< FAILURE! - in in.cubestack.apps.blog.event.service.AnalyticsGeneratorService_doIngestPostEvent_7479568996
[ERROR] test  Time elapsed: 0 s  <<< ERROR!
java.lang.NullPointerException
	at in.cubestack.apps.blog.event.service.AnalyticsGeneratorService_doIngestPostEvent_7479568996.test(AnalyticsGeneratorService_doIngestPostEvent_7479568996.java:45)

[INFO] Running in.cubestack.apps.blog.event.service.AnalyticsGeneratorService_init_15232782704
[INFO] Tests run: 1, Failures: 0, Errors: 0, Skipped: 0, Time elapsed: 0 s - in in.cubestack.apps.blog.event.service.AnalyticsGeneratorService_init_15232782704
[INFO] Running in.cubestack.apps.blog.event.service.EventProcessingService_handleEvent_3111798087
[ERROR] Tests run: 1, Failures: 0, Errors: 1, Skipped: 0, Time elapsed: 0 s <<< FAILURE! - in in.cubestack.apps.blog.event.service.EventProcessingService_handleEvent_3111798087
[ERROR] test  Time elapsed: 0 s  <<< ERROR!
java.lang.NullPointerException
	at in.cubestack.apps.blog.event.service.EventProcessingService_handleEvent_3111798087.test(EventProcessingService_handleEvent_3111798087.java:47)

[INFO] Running in.cubestack.apps.blog.event.service.EventProcessingService_handleEvent_3111798083
[INFO] Tests run: 1, Failures: 0, Errors: 0, Skipped: 0, Time elapsed: 0 s - in in.cubestack.apps.blog.event.service.EventProcessingService_handleEvent_3111798083
[INFO] Running in.cubestack.apps.blog.event.service.CacheInvalidationService_invalidatePostTags_12682578695
[INFO] Tests run: 1, Failures: 0, Errors: 0, Skipped: 0, Time elapsed: 0 s - in in.cubestack.apps.blog.event.service.CacheInvalidationService_invalidatePostTags_12682578695
[INFO] Running in.cubestack.apps.blog.event.service.EventProcessingService_init_254193181
[INFO] Tests run: 1, Failures: 0, Errors: 0, Skipped: 0, Time elapsed: 0.001 s - in in.cubestack.apps.blog.event.service.EventProcessingService_init_254193181
[INFO] Running in.cubestack.apps.blog.event.service.CacheInvalidationService_invalidatePosts_1252657777
[INFO] Tests run: 1, Failures: 0, Errors: 0, Skipped: 0, Time elapsed: 0 s - in in.cubestack.apps.blog.event.service.CacheInvalidationService_invalidatePosts_1252657777
[INFO] Running in.cubestack.apps.blog.event.service.EventProcessingService_init_254193185
[INFO] Tests run: 1, Failures: 0, Errors: 0, Skipped: 0, Time elapsed: 0 s - in in.cubestack.apps.blog.event.service.EventProcessingService_init_254193185
[INFO] Running in.cubestack.apps.blog.event.service.CacheManagementService_manageCache_17991621093
[ERROR] Tests run: 1, Failures: 0, Errors: 1, Skipped: 0, Time elapsed: 0 s <<< FAILURE! - in in.cubestack.apps.blog.event.service.CacheManagementService_manageCache_17991621093
[ERROR] test  Time elapsed: 0 s  <<< ERROR!
java.lang.NullPointerException
	at in.cubestack.apps.blog.event.service.CacheManagementService_manageCache_17991621093.test(CacheManagementService_manageCache_17991621093.java:45)

[INFO] Running in.cubestack.apps.blog.event.service.CacheInvalidationService_init_6242211730
[INFO] Tests run: 1, Failures: 0, Errors: 0, Skipped: 0, Time elapsed: 0 s - in in.cubestack.apps.blog.event.service.CacheInvalidationService_init_6242211730
[INFO] Running in.cubestack.apps.blog.event.service.CacheInvalidationService_invalidatePosts_1252657771
[INFO] Tests run: 1, Failures: 0, Errors: 0, Skipped: 0, Time elapsed: 0.001 s - in in.cubestack.apps.blog.event.service.CacheInvalidationService_invalidatePosts_1252657771
[INFO] Running in.cubestack.apps.blog.event.service.EventService_trigger_5434637370
[ERROR] Tests run: 1, Failures: 0, Errors: 1, Skipped: 0, Time elapsed: 0 s <<< FAILURE! - in in.cubestack.apps.blog.event.service.EventService_trigger_5434637370
[ERROR] test  Time elapsed: 0 s  <<< ERROR!
java.lang.NullPointerException
	at in.cubestack.apps.blog.event.service.EventService_trigger_5434637370.test(EventService_trigger_5434637370.java:54)

[INFO] Running in.cubestack.apps.blog.event.service.AnalyticsGeneratorService_ingest_15590187565
[ERROR] Tests run: 1, Failures: 0, Errors: 1, Skipped: 0, Time elapsed: 0 s <<< FAILURE! - in in.cubestack.apps.blog.event.service.AnalyticsGeneratorService_ingest_15590187565
[ERROR] test  Time elapsed: 0 s  <<< ERROR!
java.lang.NullPointerException
	at in.cubestack.apps.blog.event.service.AnalyticsGeneratorService_ingest_15590187565.test(AnalyticsGeneratorService_ingest_15590187565.java:45)

[INFO] Running in.cubestack.apps.blog.event.service.CacheInvalidationService_invalidatePostTags_126825786911
[INFO] Tests run: 1, Failures: 0, Errors: 0, Skipped: 0, Time elapsed: 0 s - in in.cubestack.apps.blog.event.service.CacheInvalidationService_invalidatePostTags_126825786911
[INFO] Running in.cubestack.apps.blog.event.service.CacheInvalidationService_invalidateCategories_3941770409
[INFO] Tests run: 1, Failures: 0, Errors: 0, Skipped: 0, Time elapsed: 0 s - in in.cubestack.apps.blog.event.service.CacheInvalidationService_invalidateCategories_3941770409
[INFO] Running in.cubestack.apps.blog.event.service.EventProcessingService_init_7300512060
[INFO] Tests run: 1, Failures: 0, Errors: 0, Skipped: 0, Time elapsed: 0 s - in in.cubestack.apps.blog.event.service.EventProcessingService_init_7300512060
[INFO] Running in.cubestack.apps.blog.event.service.CacheManagementService_manageCache_17991621091
[INFO] Tests run: 1, Failures: 0, Errors: 0, Skipped: 0, Time elapsed: 0 s - in in.cubestack.apps.blog.event.service.CacheManagementService_manageCache_17991621091
[INFO] Running in.cubestack.apps.blog.event.service.EventProcessingService_process_6070344356
[ERROR] Tests run: 1, Failures: 0, Errors: 1, Skipped: 0, Time elapsed: 0 s <<< FAILURE! - in in.cubestack.apps.blog.event.service.EventProcessingService_process_6070344356
[ERROR] test  Time elapsed: 0 s  <<< ERROR!
java.lang.NullPointerException
	at in.cubestack.apps.blog.event.service.EventProcessingService_process_6070344356.test(EventProcessingService_process_6070344356.java:47)

[INFO] Running in.cubestack.apps.blog.event.service.CacheInvalidationService_invalidatePostCategories_99685204810
[INFO] Tests run: 1, Failures: 0, Errors: 0, Skipped: 0, Time elapsed: 0 s - in in.cubestack.apps.blog.event.service.CacheInvalidationService_invalidatePostCategories_99685204810
[INFO] Running in.cubestack.apps.blog.event.service.AnalyticsGeneratorService_init_15232782700
[INFO] Tests run: 1, Failures: 0, Errors: 0, Skipped: 0, Time elapsed: 0 s - in in.cubestack.apps.blog.event.service.AnalyticsGeneratorService_init_15232782700
[INFO] Running in.cubestack.apps.blog.event.service.CacheManagementService_init_19020675122
[INFO] Tests run: 1, Failures: 0, Errors: 0, Skipped: 0, Time elapsed: 0 s - in in.cubestack.apps.blog.event.service.CacheManagementService_init_19020675122
[INFO] Running in.cubestack.apps.blog.event.service.CacheManagementService_init_19020675120
[INFO] Tests run: 1, Failures: 0, Errors: 0, Skipped: 0, Time elapsed: 0 s - in in.cubestack.apps.blog.event.service.CacheManagementService_init_19020675120
[INFO] Running in.cubestack.apps.blog.event.service.EventProcessingService_process_6070344352
[ERROR] Tests run: 1, Failures: 0, Errors: 1, Skipped: 0, Time elapsed: 0 s <<< FAILURE! - in in.cubestack.apps.blog.event.service.EventProcessingService_process_6070344352
[ERROR] test  Time elapsed: 0 s  <<< ERROR!
java.lang.NullPointerException
	at in.cubestack.apps.blog.event.service.EventProcessingService_process_6070344352.test(EventProcessingService_process_6070344352.java:92)

[INFO] Running in.cubestack.apps.blog.event.service.CacheInvalidationService_invalidatePostCategories_9968520484
[INFO] Tests run: 1, Failures: 0, Errors: 0, Skipped: 0, Time elapsed: 0 s - in in.cubestack.apps.blog.event.service.CacheInvalidationService_invalidatePostCategories_9968520484
[INFO] Running in.cubestack.apps.blog.event.service.EventProcessingService_init_7300512064
[INFO] Tests run: 1, Failures: 0, Errors: 0, Skipped: 0, Time elapsed: 0 s - in in.cubestack.apps.blog.event.service.EventProcessingService_init_7300512064
[INFO] Running in.cubestack.apps.blog.event.service.AnalyticsGeneratorService_doIngestPostEvent_7479568992
[ERROR] Tests run: 1, Failures: 0, Errors: 1, Skipped: 0, Time elapsed: 0 s <<< FAILURE! - in in.cubestack.apps.blog.event.service.AnalyticsGeneratorService_doIngestPostEvent_7479568992
[ERROR] test  Time elapsed: 0 s  <<< ERROR!
java.lang.NullPointerException
	at in.cubestack.apps.blog.event.service.AnalyticsGeneratorService_doIngestPostEvent_7479568992.test(AnalyticsGeneratorService_doIngestPostEvent_7479568992.java:85)

[INFO] Running in.cubestack.apps.blog.event.web.EventResource_init_13374040612
[INFO] Tests run: 1, Failures: 0, Errors: 0, Skipped: 0, Time elapsed: 0 s - in in.cubestack.apps.blog.event.web.EventResource_init_13374040612
[INFO] Running in.cubestack.apps.blog.event.web.EventResource_init_13374040610
[INFO] Tests run: 1, Failures: 0, Errors: 0, Skipped: 0, Time elapsed: 0 s - in in.cubestack.apps.blog.event.web.EventResource_init_13374040610
[INFO] Running in.cubestack.apps.blog.event.web.EventResource_triggerEvent_2119953903
[ERROR] Tests run: 1, Failures: 0, Errors: 1, Skipped: 0, Time elapsed: 0 s <<< FAILURE! - in in.cubestack.apps.blog.event.web.EventResource_triggerEvent_2119953903
[ERROR] test  Time elapsed: 0 s  <<< ERROR!
java.lang.IllegalArgumentException: Invalid counter type null
	at in.cubestack.apps.blog.event.web.EventResource_triggerEvent_2119953903.test(EventResource_triggerEvent_2119953903.java:47)

[INFO] Running in.cubestack.apps.blog.event.web.EventResource_triggerEvent_2119953901
[ERROR] Tests run: 1, Failures: 0, Errors: 1, Skipped: 0, Time elapsed: 0 s <<< FAILURE! - in in.cubestack.apps.blog.event.web.EventResource_triggerEvent_2119953901
[ERROR] test  Time elapsed: 0 s  <<< ERROR!
java.lang.IllegalArgumentException: Invalid counter type PAEBtnZtTD
	at in.cubestack.apps.blog.event.web.EventResource_triggerEvent_2119953901.test(EventResource_triggerEvent_2119953901.java:50)

[INFO] Running in.cubestack.apps.blog.util.DateTimeHelper_init_20301751952
[INFO] Tests run: 1, Failures: 0, Errors: 0, Skipped: 0, Time elapsed: 0 s - in in.cubestack.apps.blog.util.DateTimeHelper_init_20301751952
[INFO] Running in.cubestack.apps.blog.util.Slugify_createPatternCache_23916892110
[INFO] Tests run: 1, Failures: 0, Errors: 0, Skipped: 0, Time elapsed: 0 s - in in.cubestack.apps.blog.util.Slugify_createPatternCache_23916892110
[INFO] Running in.cubestack.apps.blog.util.Slugify_isNullOrBlank_118272070613
[INFO] Tests run: 1, Failures: 0, Errors: 0, Skipped: 0, Time elapsed: 0 s - in in.cubestack.apps.blog.util.Slugify_isNullOrBlank_118272070613
[INFO] Running in.cubestack.apps.blog.util.Slugify_defaultProperties_189088570721
[INFO] Tests run: 1, Failures: 0, Errors: 0, Skipped: 0, Time elapsed: 0 s - in in.cubestack.apps.blog.util.Slugify_defaultProperties_189088570721
[INFO] Running in.cubestack.apps.blog.util.Slugify_builtInReplacements_87328849124
[ERROR] Tests run: 1, Failures: 0, Errors: 1, Skipped: 0, Time elapsed: 0 s <<< FAILURE! - in in.cubestack.apps.blog.util.Slugify_builtInReplacements_87328849124
[ERROR] test  Time elapsed: 0 s  <<< ERROR!
java.lang.NullPointerException
	at in.cubestack.apps.blog.util.Slugify_builtInReplacements_87328849124.test(Slugify_builtInReplacements_87328849124.java:48)

[INFO] Running in.cubestack.apps.blog.util.Slugify_customReplacements_103832316123
[ERROR] Tests run: 1, Failures: 0, Errors: 1, Skipped: 0, Time elapsed: 0 s <<< FAILURE! - in in.cubestack.apps.blog.util.Slugify_customReplacements_103832316123
[ERROR] test  Time elapsed: 0 s  <<< ERROR!
java.lang.NullPointerException
	at in.cubestack.apps.blog.util.Slugify_customReplacements_103832316123.test(Slugify_customReplacements_103832316123.java:48)

[INFO] Running in.cubestack.apps.blog.util.Slugify_builtInReplacements_8732884918
[INFO] Tests run: 1, Failures: 0, Errors: 0, Skipped: 0, Time elapsed: 0 s - in in.cubestack.apps.blog.util.Slugify_builtInReplacements_8732884918
[INFO] Running in.cubestack.apps.blog.util.Slugify_init_14580026670
[INFO] Tests run: 1, Failures: 0, Errors: 0, Skipped: 0, Time elapsed: 0 s - in in.cubestack.apps.blog.util.Slugify_init_14580026670
[INFO] Running in.cubestack.apps.blog.util.Slugify_withCustomReplacement_15274716221
[INFO] Tests run: 1, Failures: 0, Errors: 0, Skipped: 0, Time elapsed: 0 s - in in.cubestack.apps.blog.util.Slugify_withCustomReplacement_15274716221
[INFO] Running in.cubestack.apps.blog.util.Slugify_addReplacement_91677174611
[ERROR] Tests run: 1, Failures: 0, Errors: 1, Skipped: 0, Time elapsed: 0 s <<< FAILURE! - in in.cubestack.apps.blog.util.Slugify_addReplacement_91677174611
[ERROR] test  Time elapsed: 0 s  <<< ERROR!
java.lang.NullPointerException
	at in.cubestack.apps.blog.util.Slugify_addReplacement_91677174611.test(Slugify_addReplacement_91677174611.java:51)

[INFO] Running in.cubestack.apps.blog.util.Slugify_loadReplacements_10923530569
[INFO] Tests run: 1, Failures: 0, Errors: 0, Skipped: 0, Time elapsed: 0.001 s - in in.cubestack.apps.blog.util.Slugify_loadReplacements_10923530569
[INFO] Running in.cubestack.apps.blog.util.Slugify_getCustomReplacements_129623320722
[INFO] Tests run: 1, Failures: 0, Errors: 0, Skipped: 0, Time elapsed: 0 s - in in.cubestack.apps.blog.util.Slugify_getCustomReplacements_129623320722
[INFO] Running in.cubestack.apps.blog.util.EncryptionHelper_getHash_2275865043
[ERROR] Tests run: 1, Failures: 0, Errors: 1, Skipped: 0, Time elapsed: 0 s <<< FAILURE! - in in.cubestack.apps.blog.util.EncryptionHelper_getHash_2275865043
[ERROR] test  Time elapsed: 0 s  <<< ERROR!
java.lang.NullPointerException: the salt parameter must be non-null
	at in.cubestack.apps.blog.util.EncryptionHelper_getHash_2275865043.test(EncryptionHelper_getHash_2275865043.java:46)

[INFO] Running in.cubestack.apps.blog.util.Slugify_withUnderscoreSeparator_18526874623
[INFO] Tests run: 1, Failures: 0, Errors: 0, Skipped: 0, Time elapsed: 0 s - in in.cubestack.apps.blog.util.Slugify_withUnderscoreSeparator_18526874623
[INFO] Running in.cubestack.apps.blog.util.Slugify_isValidReplacement_148864784328
[ERROR] Tests run: 1, Failures: 0, Errors: 1, Skipped: 0, Time elapsed: 0 s <<< FAILURE! - in in.cubestack.apps.blog.util.Slugify_isValidReplacement_148864784328
[ERROR] test  Time elapsed: 0 s  <<< ERROR!
java.lang.NullPointerException
	at in.cubestack.apps.blog.util.Slugify_isValidReplacement_148864784328.test(Slugify_isValidReplacement_148864784328.java:48)

[INFO] Running in.cubestack.apps.blog.util.Slugify_addReplacement_91677174627
[ERROR] Tests run: 1, Failures: 0, Errors: 1, Skipped: 0, Time elapsed: 0.001 s <<< FAILURE! - in in.cubestack.apps.blog.util.Slugify_addReplacement_91677174627
[ERROR] test  Time elapsed: 0 s  <<< ERROR!
java.lang.NullPointerException
	at in.cubestack.apps.blog.util.Slugify_addReplacement_91677174627.test(Slugify_addReplacement_91677174627.java:48)

[INFO] Running in.cubestack.apps.blog.util.Slugify_getCustomReplacements_12962332076
[INFO] Tests run: 1, Failures: 0, Errors: 0, Skipped: 0, Time elapsed: 0 s - in in.cubestack.apps.blog.util.Slugify_getCustomReplacements_12962332076
[INFO] Running in.cubestack.apps.blog.util.Slugify_isValidReplacement_148864784312
[ERROR] Tests run: 1, Failures: 0, Errors: 1, Skipped: 0, Time elapsed: 0 s <<< FAILURE! - in in.cubestack.apps.blog.util.Slugify_isValidReplacement_148864784312
[ERROR] test  Time elapsed: 0 s  <<< ERROR!
java.lang.NullPointerException
	at in.cubestack.apps.blog.util.Slugify_isValidReplacement_148864784312.test(Slugify_isValidReplacement_148864784312.java:51)

[INFO] Running in.cubestack.apps.blog.util.Slugify_createPatternCache_23916892126
[ERROR] Tests run: 1, Failures: 0, Errors: 1, Skipped: 0, Time elapsed: 0 s <<< FAILURE! - in in.cubestack.apps.blog.util.Slugify_createPatternCache_23916892126
[ERROR] test  Time elapsed: 0 s  <<< ERROR!
java.lang.NullPointerException
	at in.cubestack.apps.blog.util.Slugify_createPatternCache_23916892126.test(Slugify_createPatternCache_23916892126.java:46)

[INFO] Running in.cubestack.apps.blog.util.Slugify_withCustomReplacements_14870977572
[INFO] Tests run: 1, Failures: 0, Errors: 0, Skipped: 0, Time elapsed: 0 s - in in.cubestack.apps.blog.util.Slugify_withCustomReplacements_14870977572
[INFO] Running in.cubestack.apps.blog.util.Slugify_slugify_14300323444
[INFO] Tests run: 1, Failures: 0, Errors: 0, Skipped: 0, Time elapsed: 0 s - in in.cubestack.apps.blog.util.Slugify_slugify_14300323444
[INFO] Running in.cubestack.apps.blog.util.Slugify_matchAndReplace_211517141515
[INFO] Tests run: 1, Failures: 0, Errors: 0, Skipped: 0, Time elapsed: 0 s - in in.cubestack.apps.blog.util.Slugify_matchAndReplace_211517141515
[INFO] Running in.cubestack.apps.blog.util.Slugify_loadReplacements_109235305625
[INFO] Tests run: 1, Failures: 0, Errors: 0, Skipped: 0, Time elapsed: 0 s - in in.cubestack.apps.blog.util.Slugify_loadReplacements_109235305625
[INFO] Running in.cubestack.apps.blog.util.Slugify_init_145800266716
[INFO] Tests run: 1, Failures: 0, Errors: 0, Skipped: 0, Time elapsed: 0 s - in in.cubestack.apps.blog.util.Slugify_init_145800266716
[INFO] Running in.cubestack.apps.blog.util.EncryptionHelper_getHash_2275865041
[ERROR] Tests run: 1, Failures: 0, Errors: 1, Skipped: 0, Time elapsed: 0 s <<< FAILURE! - in in.cubestack.apps.blog.util.EncryptionHelper_getHash_2275865041
[ERROR] test  Time elapsed: 0 s  <<< ERROR!
java.lang.IllegalArgumentException: the salt parameter must not be empty
	at in.cubestack.apps.blog.util.EncryptionHelper_getHash_2275865041.test(EncryptionHelper_getHash_2275865041.java:57)

[INFO] Running in.cubestack.apps.blog.util.Slugify_matchAndReplace_211517141531
[ERROR] Tests run: 1, Failures: 0, Errors: 1, Skipped: 0, Time elapsed: 0 s <<< FAILURE! - in in.cubestack.apps.blog.util.Slugify_matchAndReplace_211517141531
[ERROR] test  Time elapsed: 0 s  <<< ERROR!
java.lang.NullPointerException
	at in.cubestack.apps.blog.util.Slugify_matchAndReplace_211517141531.test(Slugify_matchAndReplace_211517141531.java:48)

[INFO] Running in.cubestack.apps.blog.util.Slugify_normalize_17546868414
[INFO] Tests run: 1, Failures: 0, Errors: 0, Skipped: 0, Time elapsed: 0 s - in in.cubestack.apps.blog.util.Slugify_normalize_17546868414
[INFO] Running in.cubestack.apps.blog.util.Slugify_customReplacements_10383231617
[INFO] Tests run: 1, Failures: 0, Errors: 0, Skipped: 0, Time elapsed: 0 s - in in.cubestack.apps.blog.util.Slugify_customReplacements_10383231617
[INFO] Running in.cubestack.apps.blog.util.Slugify_defaultProperties_18908857075
[INFO] Tests run: 1, Failures: 0, Errors: 0, Skipped: 0, Time elapsed: 0 s - in in.cubestack.apps.blog.util.Slugify_defaultProperties_18908857075
[INFO] Running in.cubestack.apps.blog.util.DateTimeHelper_toDateString_7229471213
[INFO] Tests run: 1, Failures: 0, Errors: 0, Skipped: 0, Time elapsed: 0 s - in in.cubestack.apps.blog.util.DateTimeHelper_toDateString_7229471213
[INFO] Running in.cubestack.apps.blog.util.DateTimeHelper_toDateString_7229471211
[INFO] Tests run: 1, Failures: 0, Errors: 0, Skipped: 0, Time elapsed: 0 s - in in.cubestack.apps.blog.util.DateTimeHelper_toDateString_7229471211
[INFO] Running in.cubestack.apps.blog.util.EncryptionHelper_init_5302786532
[INFO] Tests run: 1, Failures: 0, Errors: 0, Skipped: 0, Time elapsed: 0 s - in in.cubestack.apps.blog.util.EncryptionHelper_init_5302786532
[INFO] Running in.cubestack.apps.blog.util.DateTimeHelper_init_20301751950
[INFO] Tests run: 1, Failures: 0, Errors: 0, Skipped: 0, Time elapsed: 0 s - in in.cubestack.apps.blog.util.DateTimeHelper_init_20301751950
[INFO] Running in.cubestack.apps.blog.util.Slugify_slugify_143003234420
[INFO] Tests run: 1, Failures: 0, Errors: 0, Skipped: 0, Time elapsed: 0 s - in in.cubestack.apps.blog.util.Slugify_slugify_143003234420
[INFO] Running in.cubestack.apps.blog.util.Slugify_isNullOrBlank_118272070629
[INFO] Tests run: 1, Failures: 0, Errors: 0, Skipped: 0, Time elapsed: 0 s - in in.cubestack.apps.blog.util.Slugify_isNullOrBlank_118272070629
[INFO] Running in.cubestack.apps.blog.util.Slugify_withCustomReplacement_152747162217
[ERROR] Tests run: 1, Failures: 0, Errors: 1, Skipped: 0, Time elapsed: 0 s <<< FAILURE! - in in.cubestack.apps.blog.util.Slugify_withCustomReplacement_152747162217
[ERROR] test  Time elapsed: 0 s  <<< ERROR!
java.lang.NullPointerException
	at in.cubestack.apps.blog.util.Slugify_withCustomReplacement_152747162217.test(Slugify_withCustomReplacement_152747162217.java:50)

[INFO] Running in.cubestack.apps.blog.util.Slugify_withCustomReplacements_148709775718
[ERROR] Tests run: 1, Failures: 0, Errors: 1, Skipped: 0, Time elapsed: 0 s <<< FAILURE! - in in.cubestack.apps.blog.util.Slugify_withCustomReplacements_148709775718
[ERROR] test  Time elapsed: 0 s  <<< ERROR!
java.lang.NullPointerException
	at in.cubestack.apps.blog.util.Slugify_withCustomReplacements_148709775718.test(Slugify_withCustomReplacements_148709775718.java:48)

[INFO] Running in.cubestack.apps.blog.util.Slugify_normalize_17546868430
[ERROR] Tests run: 1, Failures: 0, Errors: 1, Skipped: 0, Time elapsed: 0 s <<< FAILURE! - in in.cubestack.apps.blog.util.Slugify_normalize_17546868430
[ERROR] test  Time elapsed: 0 s  <<< ERROR!
java.lang.NullPointerException
	at in.cubestack.apps.blog.util.Slugify_normalize_17546868430.test(Slugify_normalize_17546868430.java:48)

[INFO] Running in.cubestack.apps.blog.util.EncryptionHelper_init_5302786530
[INFO] Tests run: 1, Failures: 0, Errors: 0, Skipped: 0, Time elapsed: 0 s - in in.cubestack.apps.blog.util.EncryptionHelper_init_5302786530
[INFO] Running in.cubestack.apps.blog.util.Slugify_withUnderscoreSeparator_185268746219
[INFO] Tests run: 1, Failures: 0, Errors: 0, Skipped: 0, Time elapsed: 0 s - in in.cubestack.apps.blog.util.Slugify_withUnderscoreSeparator_185268746219
[INFO] Running in.cubestack.apps.blog.post.domain.Post_setHtmlContent_57382994254
[INFO] Tests run: 1, Failures: 0, Errors: 0, Skipped: 0, Time elapsed: 0 s - in in.cubestack.apps.blog.post.domain.Post_setHtmlContent_57382994254
[INFO] Running in.cubestack.apps.blog.post.domain.Post_init_3768881061
[INFO] Tests run: 1, Failures: 0, Errors: 0, Skipped: 0, Time elapsed: 0 s - in in.cubestack.apps.blog.post.domain.Post_init_3768881061
[INFO] Running in.cubestack.apps.blog.post.domain.PostComment_getComment_17059951473
[INFO] Tests run: 1, Failures: 0, Errors: 0, Skipped: 0, Time elapsed: 0.001 s - in in.cubestack.apps.blog.post.domain.PostComment_getComment_17059951473
[INFO] Running in.cubestack.apps.blog.post.domain.Category_setSlug_44137946919
[INFO] Tests run: 1, Failures: 0, Errors: 0, Skipped: 0, Time elapsed: 0 s - in in.cubestack.apps.blog.post.domain.Category_setSlug_44137946919
[INFO] Running in.cubestack.apps.blog.post.domain.Category_getContent_18030293358
[INFO] Tests run: 1, Failures: 0, Errors: 0, Skipped: 0, Time elapsed: 0 s - in in.cubestack.apps.blog.post.domain.Category_getContent_18030293358
[INFO] Running in.cubestack.apps.blog.post.domain.Post_hasCategory_67064615325
[INFO] Tests run: 1, Failures: 0, Errors: 0, Skipped: 0, Time elapsed: 0 s - in in.cubestack.apps.blog.post.domain.Post_hasCategory_67064615325
[INFO] Running in.cubestack.apps.blog.post.domain.PostTag_init_7010825310
[INFO] Tests run: 1, Failures: 0, Errors: 0, Skipped: 0, Time elapsed: 0 s - in in.cubestack.apps.blog.post.domain.PostTag_init_7010825310
[INFO] Running in.cubestack.apps.blog.post.domain.Category_setMetaTitle_8249711515
[INFO] Tests run: 1, Failures: 0, Errors: 0, Skipped: 0, Time elapsed: 0 s - in in.cubestack.apps.blog.post.domain.Category_setMetaTitle_8249711515
[INFO] Running in.cubestack.apps.blog.post.domain.Post_publish_12135180002
[INFO] Tests run: 1, Failures: 0, Errors: 0, Skipped: 0, Time elapsed: 0 s - in in.cubestack.apps.blog.post.domain.Post_publish_12135180002
[INFO] Running in.cubestack.apps.blog.post.domain.PostTag_init_7869294171
[INFO] Tests run: 1, Failures: 0, Errors: 0, Skipped: 0, Time elapsed: 0 s - in in.cubestack.apps.blog.post.domain.PostTag_init_7869294171
[INFO] Running in.cubestack.apps.blog.post.domain.PostAnalytics_liked_19111769403
[INFO] Tests run: 1, Failures: 0, Errors: 0, Skipped: 0, Time elapsed: 0 s - in in.cubestack.apps.blog.post.domain.PostAnalytics_liked_19111769403
[INFO] Running in.cubestack.apps.blog.post.domain.Tag_init_9394870759
[INFO] Tests run: 1, Failures: 0, Errors: 0, Skipped: 0, Time elapsed: 0 s - in in.cubestack.apps.blog.post.domain.Tag_init_9394870759
[INFO] Running in.cubestack.apps.blog.post.domain.Tag_init_109174019811
[INFO] Tests run: 1, Failures: 0, Errors: 0, Skipped: 0, Time elapsed: 0 s - in in.cubestack.apps.blog.post.domain.Tag_init_109174019811
[INFO] Running in.cubestack.apps.blog.post.domain.Post_getTags_197952301442
[ERROR] Tests run: 1, Failures: 0, Errors: 1, Skipped: 0, Time elapsed: 0 s <<< FAILURE! - in in.cubestack.apps.blog.post.domain.Post_getTags_197952301442
[ERROR] test  Time elapsed: 0 s  <<< ERROR!
java.lang.NullPointerException
	at in.cubestack.apps.blog.post.domain.Post_getTags_197952301442.test(Post_getTags_197952301442.java:59)

[INFO] Running in.cubestack.apps.blog.post.domain.PostType_init_8571779032
[ERROR] Tests run: 1, Failures: 0, Errors: 1, Skipped: 0, Time elapsed: 0 s <<< FAILURE! - in in.cubestack.apps.blog.post.domain.PostType_init_8571779032
[ERROR] test  Time elapsed: 0 s  <<< ERROR!
java.lang.IllegalArgumentException: Cannot reflectively create enum objects
	at in.cubestack.apps.blog.post.domain.PostType_init_8571779032.test(PostType_init_8571779032.java:44)

[INFO] Running in.cubestack.apps.blog.post.domain.Post_getPostAnalytics_196056340751
[INFO] Tests run: 1, Failures: 0, Errors: 0, Skipped: 0, Time elapsed: 0 s - in in.cubestack.apps.blog.post.domain.Post_getPostAnalytics_196056340751
[INFO] Running in.cubestack.apps.blog.post.domain.Category_init_84573994712
[INFO] Tests run: 1, Failures: 0, Errors: 0, Skipped: 0, Time elapsed: 0 s - in in.cubestack.apps.blog.post.domain.Category_init_84573994712
[INFO] Running in.cubestack.apps.blog.post.domain.Category_getMetaTitle_98772859116
[INFO] Tests run: 1, Failures: 0, Errors: 0, Skipped: 0, Time elapsed: 0 s - in in.cubestack.apps.blog.post.domain.Category_getMetaTitle_98772859116
[INFO] Running in.cubestack.apps.blog.post.domain.PostComment_init_9288512564
[INFO] Tests run: 1, Failures: 0, Errors: 0, Skipped: 0, Time elapsed: 0 s - in in.cubestack.apps.blog.post.domain.PostComment_init_9288512564
[INFO] Running in.cubestack.apps.blog.post.domain.Tag_getTitle_185560684614
[INFO] Tests run: 1, Failures: 0, Errors: 0, Skipped: 0, Time elapsed: 0 s - in in.cubestack.apps.blog.post.domain.Tag_getTitle_185560684614
[INFO] Running in.cubestack.apps.blog.post.domain.PostType_values_8225489270
[INFO] Tests run: 1, Failures: 0, Errors: 0, Skipped: 0, Time elapsed: 0 s - in in.cubestack.apps.blog.post.domain.PostType_values_8225489270
[INFO] Running in.cubestack.apps.blog.post.domain.PostType_init_8571779036
[ERROR] Tests run: 1, Failures: 0, Errors: 1, Skipped: 0, Time elapsed: 0 s <<< FAILURE! - in in.cubestack.apps.blog.post.domain.PostType_init_8571779036
[ERROR] test  Time elapsed: 0 s  <<< ERROR!
java.lang.IllegalArgumentException: Cannot reflectively create enum objects
	at in.cubestack.apps.blog.post.domain.PostType_init_8571779036.test(PostType_init_8571779036.java:49)

[INFO] Running in.cubestack.apps.blog.post.domain.Tag_getSlug_137224422716
[INFO] Tests run: 1, Failures: 0, Errors: 0, Skipped: 0, Time elapsed: 0 s - in in.cubestack.apps.blog.post.domain.Tag_getSlug_137224422716
[INFO] Running in.cubestack.apps.blog.post.domain.Tag_setContent_89780118312
[INFO] Tests run: 1, Failures: 0, Errors: 0, Skipped: 0, Time elapsed: 0 s - in in.cubestack.apps.blog.post.domain.Tag_setContent_89780118312
[INFO] Running in.cubestack.apps.blog.post.domain.Post_addComment_136905189745
[ERROR] Tests run: 1, Failures: 0, Errors: 1, Skipped: 0, Time elapsed: 0 s <<< FAILURE! - in in.cubestack.apps.blog.post.domain.Post_addComment_136905189745
[ERROR] test  Time elapsed: 0 s  <<< ERROR!
java.lang.NullPointerException
	at in.cubestack.apps.blog.post.domain.Post_addComment_136905189745.test(Post_addComment_136905189745.java:61)

[INFO] Running in.cubestack.apps.blog.post.domain.Category_getPosts_52379511410
[INFO] Tests run: 1, Failures: 0, Errors: 0, Skipped: 0, Time elapsed: 0 s - in in.cubestack.apps.blog.post.domain.Category_getPosts_52379511410
[INFO] Running in.cubestack.apps.blog.post.domain.Post_setTitle_114675793215
[INFO] Tests run: 1, Failures: 0, Errors: 0, Skipped: 0, Time elapsed: 0 s - in in.cubestack.apps.blog.post.domain.Post_setTitle_114675793215
[INFO] Running in.cubestack.apps.blog.post.domain.PostAnalytics_init_17847632951
[INFO] Tests run: 1, Failures: 0, Errors: 0, Skipped: 0, Time elapsed: 0 s - in in.cubestack.apps.blog.post.domain.PostAnalytics_init_17847632951
[INFO] Running in.cubestack.apps.blog.post.domain.PostType_valueOf_3305185241
[ERROR] Tests run: 1, Failures: 0, Errors: 1, Skipped: 0, Time elapsed: 0 s <<< FAILURE! - in in.cubestack.apps.blog.post.domain.PostType_valueOf_3305185241
[ERROR] test  Time elapsed: 0 s  <<< ERROR!
java.lang.IllegalArgumentException: No enum constant in.cubestack.apps.blog.post.domain.PostType.bShlAqoTmZ
	at in.cubestack.apps.blog.post.domain.PostType_valueOf_3305185241.test(PostType_valueOf_3305185241.java:42)

[INFO] Running in.cubestack.apps.blog.post.domain.PostCategory_init_7897808778
[INFO] Tests run: 1, Failures: 0, Errors: 0, Skipped: 0, Time elapsed: 0 s - in in.cubestack.apps.blog.post.domain.PostCategory_init_7897808778
[INFO] Running in.cubestack.apps.blog.post.domain.Post_init_37688810632
[INFO] Tests run: 1, Failures: 0, Errors: 0, Skipped: 0, Time elapsed: 0 s - in in.cubestack.apps.blog.post.domain.Post_init_37688810632
[INFO] Running in.cubestack.apps.blog.post.domain.Tag_getContent_17092822074
[INFO] Tests run: 1, Failures: 0, Errors: 0, Skipped: 0, Time elapsed: 0 s - in in.cubestack.apps.blog.post.domain.Tag_getContent_17092822074
[INFO] Running in.cubestack.apps.blog.post.domain.Post_getTitle_72308951635
[INFO] Tests run: 1, Failures: 0, Errors: 0, Skipped: 0, Time elapsed: 0 s - in in.cubestack.apps.blog.post.domain.Post_getTitle_72308951635
[INFO] Running in.cubestack.apps.blog.post.domain.Post_setMetaTitle_79755265516
[INFO] Tests run: 1, Failures: 0, Errors: 0, Skipped: 0, Time elapsed: 0 s - in in.cubestack.apps.blog.post.domain.Post_setMetaTitle_79755265516
[INFO] Running in.cubestack.apps.blog.post.domain.Tag_init_9394870750
[INFO] Tests run: 1, Failures: 0, Errors: 0, Skipped: 0, Time elapsed: 0 s - in in.cubestack.apps.blog.post.domain.Tag_init_9394870750
[INFO] Running in.cubestack.apps.blog.post.domain.Tag_getContent_170928220713
[INFO] Tests run: 1, Failures: 0, Errors: 0, Skipped: 0, Time elapsed: 0 s - in in.cubestack.apps.blog.post.domain.Tag_getContent_170928220713
[INFO] Running in.cubestack.apps.blog.post.domain.Post_hasTag_167468535126
[INFO] Tests run: 1, Failures: 0, Errors: 0, Skipped: 0, Time elapsed: 0 s - in in.cubestack.apps.blog.post.domain.Post_hasTag_167468535126
[INFO] Running in.cubestack.apps.blog.post.domain.Post_setContent_168089517918
[INFO] Tests run: 1, Failures: 0, Errors: 0, Skipped: 0, Time elapsed: 0.001 s - in in.cubestack.apps.blog.post.domain.Post_setContent_168089517918
[INFO] Running in.cubestack.apps.blog.post.domain.Category_setContent_99154831121
[INFO] Tests run: 1, Failures: 0, Errors: 0, Skipped: 0, Time elapsed: 0 s - in in.cubestack.apps.blog.post.domain.Category_setContent_99154831121
[INFO] Running in.cubestack.apps.blog.post.domain.Post_publish_121351800033
[INFO] Tests run: 1, Failures: 0, Errors: 0, Skipped: 0, Time elapsed: 0 s - in in.cubestack.apps.blog.post.domain.Post_publish_121351800033
[INFO] Running in.cubestack.apps.blog.post.domain.Post_getPublishedAt_4963503459
[INFO] Tests run: 1, Failures: 0, Errors: 0, Skipped: 0, Time elapsed: 0 s - in in.cubestack.apps.blog.post.domain.Post_getPublishedAt_4963503459
[INFO] Running in.cubestack.apps.blog.post.domain.Category_getContent_180302933520
[INFO] Tests run: 1, Failures: 0, Errors: 0, Skipped: 0, Time elapsed: 0 s - in in.cubestack.apps.blog.post.domain.Category_getContent_180302933520
[INFO] Running in.cubestack.apps.blog.post.domain.Post_getPostAnalytics_196056340720
[INFO] Tests run: 1, Failures: 0, Errors: 0, Skipped: 0, Time elapsed: 0 s - in in.cubestack.apps.blog.post.domain.Post_getPostAnalytics_196056340720
[INFO] Running in.cubestack.apps.blog.post.domain.PostCategory_getCategory_13666273735
[INFO] Tests run: 1, Failures: 0, Errors: 0, Skipped: 0, Time elapsed: 0 s - in in.cubestack.apps.blog.post.domain.PostCategory_getCategory_13666273735
[INFO] Running in.cubestack.apps.blog.post.domain.PostTag_getTag_17635951979
[INFO] Tests run: 1, Failures: 0, Errors: 0, Skipped: 0, Time elapsed: 0 s - in in.cubestack.apps.blog.post.domain.PostTag_getTag_17635951979
[INFO] Running in.cubestack.apps.blog.post.domain.Tag_init_10917401982
[INFO] Tests run: 1, Failures: 0, Errors: 0, Skipped: 0, Time elapsed: 0 s - in in.cubestack.apps.blog.post.domain.Tag_init_10917401982
[INFO] Running in.cubestack.apps.blog.post.domain.Post_getContent_86941415541
[INFO] Tests run: 1, Failures: 0, Errors: 0, Skipped: 0, Time elapsed: 0 s - in in.cubestack.apps.blog.post.domain.Post_getContent_86941415541
[INFO] Running in.cubestack.apps.blog.post.domain.Post_addTag_30164674012
[INFO] Tests run: 1, Failures: 0, Errors: 0, Skipped: 0, Time elapsed: 0 s - in in.cubestack.apps.blog.post.domain.Post_addTag_30164674012
[INFO] Running in.cubestack.apps.blog.post.domain.Post_getMetaTitle_63479521536
[INFO] Tests run: 1, Failures: 0, Errors: 0, Skipped: 0, Time elapsed: 0 s - in in.cubestack.apps.blog.post.domain.Post_getMetaTitle_63479521536
[INFO] Running in.cubestack.apps.blog.post.domain.Tag_setSlug_3476323418
[INFO] Tests run: 1, Failures: 0, Errors: 0, Skipped: 0, Time elapsed: 0 s - in in.cubestack.apps.blog.post.domain.Tag_setSlug_3476323418
[INFO] Running in.cubestack.apps.blog.post.domain.PostTag_init_7869294176
[INFO] Tests run: 1, Failures: 0, Errors: 0, Skipped: 0, Time elapsed: 0 s - in in.cubestack.apps.blog.post.domain.PostTag_init_7869294176
[INFO] Running in.cubestack.apps.blog.post.domain.PostAnalytics_getViews_8672383816
[INFO] Tests run: 1, Failures: 0, Errors: 0, Skipped: 0, Time elapsed: 0 s - in in.cubestack.apps.blog.post.domain.PostAnalytics_getViews_8672383816
[INFO] Running in.cubestack.apps.blog.post.domain.Post_removeCategory_32134874758
[ERROR] Tests run: 1, Failures: 0, Errors: 1, Skipped: 0, Time elapsed: 0 s <<< FAILURE! - in in.cubestack.apps.blog.post.domain.Post_removeCategory_32134874758
[ERROR] test  Time elapsed: 0 s  <<< ERROR!
java.lang.NullPointerException
	at in.cubestack.apps.blog.post.domain.Post_removeCategory_32134874758.test(Post_removeCategory_32134874758.java:61)

[INFO] Running in.cubestack.apps.blog.post.domain.Post_getCategories_75583155555
[ERROR] Tests run: 1, Failures: 0, Errors: 1, Skipped: 0, Time elapsed: 0 s <<< FAILURE! - in in.cubestack.apps.blog.post.domain.Post_getCategories_75583155555
[ERROR] test  Time elapsed: 0 s  <<< ERROR!
java.lang.NullPointerException
	at in.cubestack.apps.blog.post.domain.Post_getCategories_75583155555.test(Post_getCategories_75583155555.java:59)

[INFO] Running in.cubestack.apps.blog.post.domain.Tag_init_10649087511
[INFO] Tests run: 1, Failures: 0, Errors: 0, Skipped: 0, Time elapsed: 0 s - in in.cubestack.apps.blog.post.domain.Tag_init_10649087511
[INFO] Running in.cubestack.apps.blog.post.domain.Tag_setTitle_14319384306
[INFO] Tests run: 1, Failures: 0, Errors: 0, Skipped: 0, Time elapsed: 0 s - in in.cubestack.apps.blog.post.domain.Tag_setTitle_14319384306
[INFO] Running in.cubestack.apps.blog.post.domain.PostComment_init_9288512560
[INFO] Tests run: 1, Failures: 0, Errors: 0, Skipped: 0, Time elapsed: 0 s - in in.cubestack.apps.blog.post.domain.PostComment_init_9288512560
[INFO] Running in.cubestack.apps.blog.post.domain.Tag_setTitle_143193843015
[INFO] Tests run: 1, Failures: 0, Errors: 0, Skipped: 0, Time elapsed: 0 s - in in.cubestack.apps.blog.post.domain.Tag_setTitle_143193843015
[INFO] Running in.cubestack.apps.blog.post.domain.Tag_setContent_8978011833
[INFO] Tests run: 1, Failures: 0, Errors: 0, Skipped: 0, Time elapsed: 0 s - in in.cubestack.apps.blog.post.domain.Tag_setContent_8978011833
[INFO] Running in.cubestack.apps.blog.post.domain.PostCategory_setCategory_270360439
[INFO] Tests run: 1, Failures: 0, Errors: 0, Skipped: 0, Time elapsed: 0 s - in in.cubestack.apps.blog.post.domain.PostCategory_setCategory_270360439
[INFO] Running in.cubestack.apps.blog.post.domain.Category_getTitle_19493539742
[INFO] Tests run: 1, Failures: 0, Errors: 0, Skipped: 0, Time elapsed: 0 s - in in.cubestack.apps.blog.post.domain.Category_getTitle_19493539742
[INFO] Running in.cubestack.apps.blog.post.domain.Post_getTags_197952301411
[INFO] Tests run: 1, Failures: 0, Errors: 0, Skipped: 0, Time elapsed: 0 s - in in.cubestack.apps.blog.post.domain.Post_getTags_197952301411
[INFO] Running in.cubestack.apps.blog.post.domain.Post_getComments_210207240513
[INFO] Tests run: 1, Failures: 0, Errors: 0, Skipped: 0, Time elapsed: 0 s - in in.cubestack.apps.blog.post.domain.Post_getComments_210207240513
[INFO] Running in.cubestack.apps.blog.post.domain.PostCategory_init_7897808772
[INFO] Tests run: 1, Failures: 0, Errors: 0, Skipped: 0, Time elapsed: 0 s - in in.cubestack.apps.blog.post.domain.PostCategory_init_7897808772
[INFO] Running in.cubestack.apps.blog.post.domain.PostAnalytics_getViews_86723838113
[INFO] Tests run: 1, Failures: 0, Errors: 0, Skipped: 0, Time elapsed: 0 s - in in.cubestack.apps.blog.post.domain.PostAnalytics_getViews_86723838113
[INFO] Running in.cubestack.apps.blog.post.domain.Category_init_8457399470
[INFO] Tests run: 1, Failures: 0, Errors: 0, Skipped: 0, Time elapsed: 0 s - in in.cubestack.apps.blog.post.domain.Category_init_8457399470
[INFO] Running in.cubestack.apps.blog.post.domain.PostTag_getPost_7801647038
[INFO] Tests run: 1, Failures: 0, Errors: 0, Skipped: 0, Time elapsed: 0 s - in in.cubestack.apps.blog.post.domain.PostTag_getPost_7801647038
[INFO] Running in.cubestack.apps.blog.post.domain.Post_removeCategory_32134874727
[INFO] Tests run: 1, Failures: 0, Errors: 0, Skipped: 0, Time elapsed: 0 s - in in.cubestack.apps.blog.post.domain.Post_removeCategory_32134874727
[INFO] Running in.cubestack.apps.blog.post.domain.PostComment_init_14377914085
[INFO] Tests run: 1, Failures: 0, Errors: 0, Skipped: 0, Time elapsed: 0 s - in in.cubestack.apps.blog.post.domain.PostComment_init_14377914085
[INFO] Running in.cubestack.apps.blog.post.domain.Category_setTitle_15256855583
[INFO] Tests run: 1, Failures: 0, Errors: 0, Skipped: 0, Time elapsed: 0 s - in in.cubestack.apps.blog.post.domain.Category_setTitle_15256855583
[INFO] Running in.cubestack.apps.blog.post.domain.PostType_values_8225489274
[INFO] Tests run: 1, Failures: 0, Errors: 0, Skipped: 0, Time elapsed: 0 s - in in.cubestack.apps.blog.post.domain.PostType_values_8225489274
[INFO] Running in.cubestack.apps.blog.post.domain.PostAnalytics_init_17847632958
[INFO] Tests run: 1, Failures: 0, Errors: 0, Skipped: 0, Time elapsed: 0 s - in in.cubestack.apps.blog.post.domain.PostAnalytics_init_17847632958
[INFO] Running in.cubestack.apps.blog.post.domain.Category_addPost_155233458011
[INFO] Tests run: 1, Failures: 0, Errors: 0, Skipped: 0, Time elapsed: 0 s - in in.cubestack.apps.blog.post.domain.Category_addPost_155233458011
[INFO] Running in.cubestack.apps.blog.post.domain.PostTag_getTag_17635951974
[INFO] Tests run: 1, Failures: 0, Errors: 0, Skipped: 0, Time elapsed: 0 s - in in.cubestack.apps.blog.post.domain.PostTag_getTag_17635951974
[INFO] Running in.cubestack.apps.blog.post.domain.Post_getSlug_3440267077
[INFO] Tests run: 1, Failures: 0, Errors: 0, Skipped: 0, Time elapsed: 0 s - in in.cubestack.apps.blog.post.domain.Post_getSlug_3440267077
[INFO] Running in.cubestack.apps.blog.post.domain.PostAnalytics_viewed_13615791334
[INFO] Tests run: 1, Failures: 0, Errors: 0, Skipped: 0, Time elapsed: 0.001 s - in in.cubestack.apps.blog.post.domain.PostAnalytics_viewed_13615791334
[INFO] Running in.cubestack.apps.blog.post.domain.Category_getMetaTitle_9877285914
[INFO] Tests run: 1, Failures: 0, Errors: 0, Skipped: 0, Time elapsed: 0 s - in in.cubestack.apps.blog.post.domain.Category_getMetaTitle_9877285914
[INFO] Running in.cubestack.apps.blog.post.domain.Category_init_19965584431
[INFO] Tests run: 1, Failures: 0, Errors: 0, Skipped: 0, Time elapsed: 0 s - in in.cubestack.apps.blog.post.domain.Category_init_19965584431
[INFO] Running in.cubestack.apps.blog.post.domain.Post_getPostType_115740514353
[INFO] Tests run: 1, Failures: 0, Errors: 0, Skipped: 0, Time elapsed: 0 s - in in.cubestack.apps.blog.post.domain.Post_getPostType_115740514353
[INFO] Running in.cubestack.apps.blog.post.domain.Post_setPostStatus_67102670029
[INFO] Tests run: 1, Failures: 0, Errors: 0, Skipped: 0, Time elapsed: 0 s - in in.cubestack.apps.blog.post.domain.Post_setPostStatus_67102670029
[INFO] Running in.cubestack.apps.blog.post.domain.Post_setHtmlContent_57382994223
[INFO] Tests run: 1, Failures: 0, Errors: 0, Skipped: 0, Time elapsed: 0 s - in in.cubestack.apps.blog.post.domain.Post_setHtmlContent_57382994223
[INFO] Running in.cubestack.apps.blog.post.domain.PostTag_init_17833914812
[INFO] Tests run: 1, Failures: 0, Errors: 0, Skipped: 0, Time elapsed: 0 s - in in.cubestack.apps.blog.post.domain.PostTag_init_17833914812
[INFO] Running in.cubestack.apps.blog.post.domain.Post_setSlug_206390327550
[INFO] Tests run: 1, Failures: 0, Errors: 0, Skipped: 0, Time elapsed: 0 s - in in.cubestack.apps.blog.post.domain.Post_setSlug_206390327550
[INFO] Running in.cubestack.apps.blog.post.domain.PostTag_init_7010825315
[INFO] Tests run: 1, Failures: 0, Errors: 0, Skipped: 0, Time elapsed: 0 s - in in.cubestack.apps.blog.post.domain.PostTag_init_7010825315
[INFO] Running in.cubestack.apps.blog.post.domain.Post_addComment_136905189714
[INFO] Tests run: 1, Failures: 0, Errors: 0, Skipped: 0, Time elapsed: 0 s - in in.cubestack.apps.blog.post.domain.Post_addComment_136905189714
[INFO] Running in.cubestack.apps.blog.post.domain.Post_removeTag_124392078528
[INFO] Tests run: 1, Failures: 0, Errors: 0, Skipped: 0, Time elapsed: 0 s - in in.cubestack.apps.blog.post.domain.Post_removeTag_124392078528
[INFO] Running in.cubestack.apps.blog.post.domain.Category_addPost_155233458023
[ERROR] Tests run: 1, Failures: 0, Errors: 1, Skipped: 0, Time elapsed: 0.001 s <<< FAILURE! - in in.cubestack.apps.blog.post.domain.Category_addPost_155233458023
[ERROR] test  Time elapsed: 0 s  <<< ERROR!
java.lang.NullPointerException
	at in.cubestack.apps.blog.post.domain.Category_addPost_155233458023.test(Category_addPost_155233458023.java:52)

[INFO] Running in.cubestack.apps.blog.post.domain.Category_init_199655844313
[INFO] Tests run: 1, Failures: 0, Errors: 0, Skipped: 0, Time elapsed: 0 s - in in.cubestack.apps.blog.post.domain.Category_init_199655844313
[INFO] Running in.cubestack.apps.blog.post.domain.Category_getSlug_127849709918
[INFO] Tests run: 1, Failures: 0, Errors: 0, Skipped: 0, Time elapsed: 0 s - in in.cubestack.apps.blog.post.domain.Category_getSlug_127849709918
[INFO] Running in.cubestack.apps.blog.post.domain.Category_setMetaTitle_82497115117
[INFO] Tests run: 1, Failures: 0, Errors: 0, Skipped: 0, Time elapsed: 0 s - in in.cubestack.apps.blog.post.domain.Category_setMetaTitle_82497115117
[INFO] Running in.cubestack.apps.blog.post.domain.Tag_init_106490875110
[INFO] Tests run: 1, Failures: 0, Errors: 0, Skipped: 0, Time elapsed: 0 s - in in.cubestack.apps.blog.post.domain.Tag_init_106490875110
[INFO] Running in.cubestack.apps.blog.post.domain.Category_getTitle_194935397414
[INFO] Tests run: 1, Failures: 0, Errors: 0, Skipped: 0, Time elapsed: 0 s - in in.cubestack.apps.blog.post.domain.Category_getTitle_194935397414
[INFO] Running in.cubestack.apps.blog.post.domain.Post_getPostStatus_11719303288
[INFO] Tests run: 1, Failures: 0, Errors: 0, Skipped: 0, Time elapsed: 0 s - in in.cubestack.apps.blog.post.domain.Post_getPostStatus_11719303288
[INFO] Running in.cubestack.apps.blog.post.domain.PostType_getDisplayName_4412140017
[INFO] Tests run: 1, Failures: 0, Errors: 0, Skipped: 0, Time elapsed: 0 s - in in.cubestack.apps.blog.post.domain.PostType_getDisplayName_4412140017
[INFO] Running in.cubestack.apps.blog.post.domain.PostAnalytics_liked_191117694010
[ERROR] Tests run: 1, Failures: 0, Errors: 1, Skipped: 0, Time elapsed: 0 s <<< FAILURE! - in in.cubestack.apps.blog.post.domain.PostAnalytics_liked_191117694010
[ERROR] test  Time elapsed: 0 s  <<< ERROR!
java.lang.NullPointerException
	at in.cubestack.apps.blog.post.domain.PostAnalytics_liked_191117694010.test(PostAnalytics_liked_191117694010.java:48)

[INFO] Running in.cubestack.apps.blog.post.domain.Post_setMetaTitle_79755265547
[INFO] Tests run: 1, Failures: 0, Errors: 0, Skipped: 0, Time elapsed: 0 s - in in.cubestack.apps.blog.post.domain.Post_setMetaTitle_79755265547
[INFO] Running in.cubestack.apps.blog.post.domain.Post_getMetaTitle_6347952155
[INFO] Tests run: 1, Failures: 0, Errors: 0, Skipped: 0, Time elapsed: 0 s - in in.cubestack.apps.blog.post.domain.Post_getMetaTitle_6347952155
[INFO] Running in.cubestack.apps.blog.post.domain.Post_getHtmlContent_67688075821
[INFO] Tests run: 1, Failures: 0, Errors: 0, Skipped: 0, Time elapsed: 0.001 s - in in.cubestack.apps.blog.post.domain.Post_getHtmlContent_67688075821
[INFO] Running in.cubestack.apps.blog.post.domain.Post_getHtmlContent_67688075852
[INFO] Tests run: 1, Failures: 0, Errors: 0, Skipped: 0, Time elapsed: 0 s - in in.cubestack.apps.blog.post.domain.Post_getHtmlContent_67688075852
[INFO] Running in.cubestack.apps.blog.post.domain.PostCategory_getCategory_136662737311
[INFO] Tests run: 1, Failures: 0, Errors: 0, Skipped: 0, Time elapsed: 0 s - in in.cubestack.apps.blog.post.domain.PostCategory_getCategory_136662737311
[INFO] Running in.cubestack.apps.blog.post.domain.PostTag_init_17833914817
[INFO] Tests run: 1, Failures: 0, Errors: 0, Skipped: 0, Time elapsed: 0 s - in in.cubestack.apps.blog.post.domain.PostTag_init_17833914817
[INFO] Running in.cubestack.apps.blog.post.domain.PostCategory_setCategory_270360433
[INFO] Tests run: 1, Failures: 0, Errors: 0, Skipped: 0, Time elapsed: 0 s - in in.cubestack.apps.blog.post.domain.PostCategory_setCategory_270360433
[INFO] Running in.cubestack.apps.blog.post.domain.Post_removeTag_124392078559
[ERROR] Tests run: 1, Failures: 0, Errors: 1, Skipped: 0, Time elapsed: 0 s <<< FAILURE! - in in.cubestack.apps.blog.post.domain.Post_removeTag_124392078559
[ERROR] test  Time elapsed: 0 s  <<< ERROR!
java.lang.NullPointerException
	at in.cubestack.apps.blog.post.domain.Post_removeTag_124392078559.test(Post_removeTag_124392078559.java:61)

[INFO] Running in.cubestack.apps.blog.post.domain.Post_setSummary_24005405017
[INFO] Tests run: 1, Failures: 0, Errors: 0, Skipped: 0, Time elapsed: 0 s - in in.cubestack.apps.blog.post.domain.Post_setSummary_24005405017
[INFO] Running in.cubestack.apps.blog.post.domain.PostAnalytics_init_8797799530
[INFO] Tests run: 1, Failures: 0, Errors: 0, Skipped: 0, Time elapsed: 0 s - in in.cubestack.apps.blog.post.domain.PostAnalytics_init_8797799530
[INFO] Running in.cubestack.apps.blog.post.domain.Post_setSlug_206390327519
[INFO] Tests run: 1, Failures: 0, Errors: 0, Skipped: 0, Time elapsed: 0 s - in in.cubestack.apps.blog.post.domain.Post_setSlug_206390327519
[INFO] Running in.cubestack.apps.blog.post.domain.PostAnalytics_getPost_19339401092
[INFO] Tests run: 1, Failures: 0, Errors: 0, Skipped: 0, Time elapsed: 0 s - in in.cubestack.apps.blog.post.domain.PostAnalytics_getPost_19339401092
[INFO] Running in.cubestack.apps.blog.post.domain.Post_getTitle_7230895164
[INFO] Tests run: 1, Failures: 0, Errors: 0, Skipped: 0, Time elapsed: 0 s - in in.cubestack.apps.blog.post.domain.Post_getTitle_7230895164
[INFO] Running in.cubestack.apps.blog.post.domain.PostTag_getPost_7801647033
[INFO] Tests run: 1, Failures: 0, Errors: 0, Skipped: 0, Time elapsed: 0 s - in in.cubestack.apps.blog.post.domain.PostTag_getPost_7801647033
[INFO] Running in.cubestack.apps.blog.post.domain.PostCategory_init_16298548696
[INFO] Tests run: 1, Failures: 0, Errors: 0, Skipped: 0, Time elapsed: 0 s - in in.cubestack.apps.blog.post.domain.PostCategory_init_16298548696
[INFO] Running in.cubestack.apps.blog.post.domain.Tag_getTitle_18556068465
[INFO] Tests run: 1, Failures: 0, Errors: 0, Skipped: 0, Time elapsed: 0 s - in in.cubestack.apps.blog.post.domain.Tag_getTitle_18556068465
[INFO] Running in.cubestack.apps.blog.post.domain.Post_getSummary_10515350746
[INFO] Tests run: 1, Failures: 0, Errors: 0, Skipped: 0, Time elapsed: 0 s - in in.cubestack.apps.blog.post.domain.Post_getSummary_10515350746
[INFO] Running in.cubestack.apps.blog.post.domain.Post_getComments_210207240544
[ERROR] Tests run: 1, Failures: 0, Errors: 1, Skipped: 0, Time elapsed: 0 s <<< FAILURE! - in in.cubestack.apps.blog.post.domain.Post_getComments_210207240544
[ERROR] test  Time elapsed: 0 s  <<< ERROR!
java.lang.NullPointerException
	at in.cubestack.apps.blog.post.domain.Post_getComments_210207240544.test(Post_getComments_210207240544.java:59)

[INFO] Running in.cubestack.apps.blog.post.domain.Post_unPublish_85888939930
[INFO] Tests run: 1, Failures: 0, Errors: 0, Skipped: 0, Time elapsed: 0 s - in in.cubestack.apps.blog.post.domain.Post_unPublish_85888939930
[INFO] Running in.cubestack.apps.blog.post.domain.Post_unPublish_85888939961
[INFO] Tests run: 1, Failures: 0, Errors: 0, Skipped: 0, Time elapsed: 0 s - in in.cubestack.apps.blog.post.domain.Post_unPublish_85888939961
[INFO] Running in.cubestack.apps.blog.post.domain.PostAnalytics_getLikes_11473357115
[INFO] Tests run: 1, Failures: 0, Errors: 0, Skipped: 0, Time elapsed: 0 s - in in.cubestack.apps.blog.post.domain.PostAnalytics_getLikes_11473357115
[INFO] Running in.cubestack.apps.blog.post.domain.Tag_getSlug_13722442277
[INFO] Tests run: 1, Failures: 0, Errors: 0, Skipped: 0, Time elapsed: 0 s - in in.cubestack.apps.blog.post.domain.Tag_getSlug_13722442277
[INFO] Running in.cubestack.apps.blog.post.domain.Post_setContent_168089517949
[INFO] Tests run: 1, Failures: 0, Errors: 0, Skipped: 0, Time elapsed: 0 s - in in.cubestack.apps.blog.post.domain.Post_setContent_168089517949
[INFO] Running in.cubestack.apps.blog.post.domain.PostCategory_init_16377551117
[INFO] Tests run: 1, Failures: 0, Errors: 0, Skipped: 0, Time elapsed: 0 s - in in.cubestack.apps.blog.post.domain.PostCategory_init_16377551117
[INFO] Running in.cubestack.apps.blog.post.domain.PostType_valueOf_3305185245
[ERROR] Tests run: 1, Failures: 0, Errors: 1, Skipped: 0, Time elapsed: 0 s <<< FAILURE! - in in.cubestack.apps.blog.post.domain.PostType_valueOf_3305185245
[ERROR] test  Time elapsed: 0 s  <<< ERROR!
java.lang.NullPointerException: Name is null
	at in.cubestack.apps.blog.post.domain.PostType_valueOf_3305185245.test(PostType_valueOf_3305185245.java:49)

[INFO] Running in.cubestack.apps.blog.post.domain.PostAnalytics_viewed_136157913311
[ERROR] Tests run: 1, Failures: 0, Errors: 1, Skipped: 0, Time elapsed: 0 s <<< FAILURE! - in in.cubestack.apps.blog.post.domain.PostAnalytics_viewed_136157913311
[ERROR] test  Time elapsed: 0 s  <<< ERROR!
java.lang.NullPointerException
	at in.cubestack.apps.blog.post.domain.PostAnalytics_viewed_136157913311.test(PostAnalytics_viewed_136157913311.java:48)

[INFO] Running in.cubestack.apps.blog.post.domain.Post_setPostStatus_67102670060
[INFO] Tests run: 1, Failures: 0, Errors: 0, Skipped: 0, Time elapsed: 0 s - in in.cubestack.apps.blog.post.domain.Post_setPostStatus_67102670060
[INFO] Running in.cubestack.apps.blog.post.domain.Post_getPostType_115740514322
[INFO] Tests run: 1, Failures: 0, Errors: 0, Skipped: 0, Time elapsed: 0 s - in in.cubestack.apps.blog.post.domain.Post_getPostType_115740514322
[INFO] Running in.cubestack.apps.blog.post.domain.Post_getAuthor_7101947963
[INFO] Tests run: 1, Failures: 0, Errors: 0, Skipped: 0, Time elapsed: 0 s - in in.cubestack.apps.blog.post.domain.Post_getAuthor_7101947963
[INFO] Running in.cubestack.apps.blog.post.domain.Post_addTag_30164674043
[ERROR] Tests run: 1, Failures: 0, Errors: 1, Skipped: 0, Time elapsed: 0 s <<< FAILURE! - in in.cubestack.apps.blog.post.domain.Post_addTag_30164674043
[ERROR] test  Time elapsed: 0 s  <<< ERROR!
java.lang.NullPointerException
	at in.cubestack.apps.blog.post.domain.Post_addTag_30164674043.test(Post_addTag_30164674043.java:61)

[INFO] Running in.cubestack.apps.blog.post.domain.Post_setSummary_24005405048
[INFO] Tests run: 1, Failures: 0, Errors: 0, Skipped: 0, Time elapsed: 0 s - in in.cubestack.apps.blog.post.domain.Post_setSummary_24005405048
[INFO] Running in.cubestack.apps.blog.post.domain.Category_getSlug_12784970996
[INFO] Tests run: 1, Failures: 0, Errors: 0, Skipped: 0, Time elapsed: 0 s - in in.cubestack.apps.blog.post.domain.Category_getSlug_12784970996
[INFO] Running in.cubestack.apps.blog.post.domain.PostComment_getComment_17059951477
[INFO] Tests run: 1, Failures: 0, Errors: 0, Skipped: 0, Time elapsed: 0 s - in in.cubestack.apps.blog.post.domain.PostComment_getComment_17059951477
[INFO] Running in.cubestack.apps.blog.post.domain.Post_getSummary_105153507437
[INFO] Tests run: 1, Failures: 0, Errors: 0, Skipped: 0, Time elapsed: 0 s - in in.cubestack.apps.blog.post.domain.Post_getSummary_105153507437
[INFO] Running in.cubestack.apps.blog.post.domain.Category_setContent_9915483119
[INFO] Tests run: 1, Failures: 0, Errors: 0, Skipped: 0, Time elapsed: 0 s - in in.cubestack.apps.blog.post.domain.Category_setContent_9915483119
[INFO] Running in.cubestack.apps.blog.post.domain.PostAnalytics_init_8797799537
[INFO] Tests run: 1, Failures: 0, Errors: 0, Skipped: 0, Time elapsed: 0 s - in in.cubestack.apps.blog.post.domain.PostAnalytics_init_8797799537
[INFO] Running in.cubestack.apps.blog.post.domain.Post_getPostStatus_117193032839
[INFO] Tests run: 1, Failures: 0, Errors: 0, Skipped: 0, Time elapsed: 0 s - in in.cubestack.apps.blog.post.domain.Post_getPostStatus_117193032839
[INFO] Running in.cubestack.apps.blog.post.domain.PostComment_getPost_18848688066
[INFO] Tests run: 1, Failures: 0, Errors: 0, Skipped: 0, Time elapsed: 0 s - in in.cubestack.apps.blog.post.domain.PostComment_getPost_18848688066
[INFO] Running in.cubestack.apps.blog.post.domain.PostCategory_getPost_11838651934
[INFO] Tests run: 1, Failures: 0, Errors: 0, Skipped: 0, Time elapsed: 0 s - in in.cubestack.apps.blog.post.domain.PostCategory_getPost_11838651934
[INFO] Running in.cubestack.apps.blog.post.domain.Post_getContent_86941415510
[INFO] Tests run: 1, Failures: 0, Errors: 0, Skipped: 0, Time elapsed: 0 s - in in.cubestack.apps.blog.post.domain.Post_getContent_86941415510
[INFO] Running in.cubestack.apps.blog.post.domain.Category_setSlug_4413794697
[INFO] Tests run: 1, Failures: 0, Errors: 0, Skipped: 0, Time elapsed: 0 s - in in.cubestack.apps.blog.post.domain.Category_setSlug_4413794697
[INFO] Running in.cubestack.apps.blog.post.domain.Tag_setSlug_34763234117
[INFO] Tests run: 1, Failures: 0, Errors: 0, Skipped: 0, Time elapsed: 0 s - in in.cubestack.apps.blog.post.domain.Tag_setSlug_34763234117
[INFO] Running in.cubestack.apps.blog.post.domain.Post_init_7767838590
[INFO] Tests run: 1, Failures: 0, Errors: 0, Skipped: 0, Time elapsed: 0 s - in in.cubestack.apps.blog.post.domain.Post_init_7767838590
[INFO] Running in.cubestack.apps.blog.post.domain.PostType_getDisplayName_4412140013
[INFO] Tests run: 1, Failures: 0, Errors: 0, Skipped: 0, Time elapsed: 0 s - in in.cubestack.apps.blog.post.domain.PostType_getDisplayName_4412140013
[INFO] Running in.cubestack.apps.blog.post.domain.PostCategory_init_16377551111
[INFO] Tests run: 1, Failures: 0, Errors: 0, Skipped: 0, Time elapsed: 0 s - in in.cubestack.apps.blog.post.domain.PostCategory_init_16377551111
[INFO] Running in.cubestack.apps.blog.post.domain.Post_getPublishedAt_49635034540
[INFO] Tests run: 1, Failures: 0, Errors: 0, Skipped: 0, Time elapsed: 0 s - in in.cubestack.apps.blog.post.domain.Post_getPublishedAt_49635034540
[INFO] Running in.cubestack.apps.blog.post.domain.PostAnalytics_getLikes_114733571112
[INFO] Tests run: 1, Failures: 0, Errors: 0, Skipped: 0, Time elapsed: 0 s - in in.cubestack.apps.blog.post.domain.PostAnalytics_getLikes_114733571112
[INFO] Running in.cubestack.apps.blog.post.domain.PostCategory_init_16298548690
[INFO] Tests run: 1, Failures: 0, Errors: 0, Skipped: 0, Time elapsed: 0 s - in in.cubestack.apps.blog.post.domain.PostCategory_init_16298548690
[INFO] Running in.cubestack.apps.blog.post.domain.Post_setTitle_114675793246
[INFO] Tests run: 1, Failures: 0, Errors: 0, Skipped: 0, Time elapsed: 0 s - in in.cubestack.apps.blog.post.domain.Post_setTitle_114675793246
[INFO] Running in.cubestack.apps.blog.post.domain.PostComment_getPost_18848688062
[INFO] Tests run: 1, Failures: 0, Errors: 0, Skipped: 0, Time elapsed: 0 s - in in.cubestack.apps.blog.post.domain.PostComment_getPost_18848688062
[INFO] Running in.cubestack.apps.blog.post.domain.Category_getPosts_52379511422
[ERROR] Tests run: 1, Failures: 0, Errors: 1, Skipped: 0, Time elapsed: 0.001 s <<< FAILURE! - in in.cubestack.apps.blog.post.domain.Category_getPosts_52379511422
[ERROR] test  Time elapsed: 0 s  <<< ERROR!
java.lang.NullPointerException
	at in.cubestack.apps.blog.post.domain.Category_getPosts_52379511422.test(Category_getPosts_52379511422.java:50)

[INFO] Running in.cubestack.apps.blog.post.domain.Post_hasTag_167468535157
[ERROR] Tests run: 1, Failures: 0, Errors: 1, Skipped: 0, Time elapsed: 0 s <<< FAILURE! - in in.cubestack.apps.blog.post.domain.Post_hasTag_167468535157
[ERROR] test  Time elapsed: 0 s  <<< ERROR!
java.lang.NullPointerException
	at in.cubestack.apps.blog.post.domain.Post_hasTag_167468535157.test(Post_hasTag_167468535157.java:61)

[INFO] Running in.cubestack.apps.blog.post.domain.PostAnalytics_getPost_19339401099
[INFO] Tests run: 1, Failures: 0, Errors: 0, Skipped: 0, Time elapsed: 0 s - in in.cubestack.apps.blog.post.domain.PostAnalytics_getPost_19339401099
[INFO] Running in.cubestack.apps.blog.post.domain.Post_init_77678385931
[INFO] Tests run: 1, Failures: 0, Errors: 0, Skipped: 0, Time elapsed: 0 s - in in.cubestack.apps.blog.post.domain.Post_init_77678385931
[INFO] Running in.cubestack.apps.blog.post.domain.Post_hasCategory_67064615356
[ERROR] Tests run: 1, Failures: 0, Errors: 1, Skipped: 0, Time elapsed: 0 s <<< FAILURE! - in in.cubestack.apps.blog.post.domain.Post_hasCategory_67064615356
[ERROR] test  Time elapsed: 0 s  <<< ERROR!
java.lang.NullPointerException
	at in.cubestack.apps.blog.post.domain.Post_hasCategory_67064615356.test(Post_hasCategory_67064615356.java:61)

[INFO] Running in.cubestack.apps.blog.post.domain.Post_getSlug_34402670738
[INFO] Tests run: 1, Failures: 0, Errors: 0, Skipped: 0, Time elapsed: 0 s - in in.cubestack.apps.blog.post.domain.Post_getSlug_34402670738
[INFO] Running in.cubestack.apps.blog.post.domain.Post_getCategories_75583155524
[INFO] Tests run: 1, Failures: 0, Errors: 0, Skipped: 0, Time elapsed: 0 s - in in.cubestack.apps.blog.post.domain.Post_getCategories_75583155524
[INFO] Running in.cubestack.apps.blog.post.domain.Category_setTitle_152568555815
[INFO] Tests run: 1, Failures: 0, Errors: 0, Skipped: 0, Time elapsed: 0 s - in in.cubestack.apps.blog.post.domain.Category_setTitle_152568555815
[INFO] Running in.cubestack.apps.blog.post.domain.Post_getAuthor_71019479634
[INFO] Tests run: 1, Failures: 0, Errors: 0, Skipped: 0, Time elapsed: 0 s - in in.cubestack.apps.blog.post.domain.Post_getAuthor_71019479634
[INFO] Running in.cubestack.apps.blog.post.domain.PostCategory_getPost_118386519310
[INFO] Tests run: 1, Failures: 0, Errors: 0, Skipped: 0, Time elapsed: 0 s - in in.cubestack.apps.blog.post.domain.PostCategory_getPost_118386519310
[INFO] Running in.cubestack.apps.blog.post.domain.PostComment_init_14377914081
[INFO] Tests run: 1, Failures: 0, Errors: 0, Skipped: 0, Time elapsed: 0 s - in in.cubestack.apps.blog.post.domain.PostComment_init_14377914081
[INFO] Running in.cubestack.apps.blog.post.service.PostSummary_readTime_11842822872
[INFO] Tests run: 1, Failures: 0, Errors: 0, Skipped: 0, Time elapsed: 0 s - in in.cubestack.apps.blog.post.service.PostSummary_readTime_11842822872
[INFO] Running in.cubestack.apps.blog.post.service.PostService_syncCategories_21267608819
[ERROR] Tests run: 1, Failures: 0, Errors: 1, Skipped: 0, Time elapsed: 0 s <<< FAILURE! - in in.cubestack.apps.blog.post.service.PostService_syncCategories_21267608819
[ERROR] test  Time elapsed: 0 s  <<< ERROR!
java.lang.NullPointerException
	at in.cubestack.apps.blog.post.service.PostService_syncCategories_21267608819.test(PostService_syncCategories_21267608819.java:319)

[INFO] Running in.cubestack.apps.blog.post.service.PostSummary_PostMeta_init_5166275030
[INFO] Tests run: 1, Failures: 0, Errors: 0, Skipped: 0, Time elapsed: 0 s - in in.cubestack.apps.blog.post.service.PostSummary_PostMeta_init_5166275030
[INFO] Running in.cubestack.apps.blog.post.service.PostSummary_PostMeta_setSlug_180374691911
[INFO] Tests run: 1, Failures: 0, Errors: 0, Skipped: 0, Time elapsed: 0 s - in in.cubestack.apps.blog.post.service.PostSummary_PostMeta_setSlug_180374691911
[INFO] Running in.cubestack.apps.blog.post.service.PostSummary_getPublishedAt_84484969214
[INFO] Tests run: 1, Failures: 0, Errors: 0, Skipped: 0, Time elapsed: 0 s - in in.cubestack.apps.blog.post.service.PostSummary_getPublishedAt_84484969214
[INFO] Running in.cubestack.apps.blog.post.service.TagService_save_5520923044
[ERROR] Tests run: 1, Failures: 0, Errors: 1, Skipped: 0, Time elapsed: 0 s <<< FAILURE! - in in.cubestack.apps.blog.post.service.TagService_save_5520923044
[ERROR] test  Time elapsed: 0 s  <<< ERROR!
java.lang.NullPointerException
	at in.cubestack.apps.blog.post.service.TagService_save_5520923044.test(TagService_save_5520923044.java:47)

[INFO] Running in.cubestack.apps.blog.post.service.PostSummary_PostMeta_init_605051371
[INFO] Tests run: 1, Failures: 0, Errors: 0, Skipped: 0, Time elapsed: 0 s - in in.cubestack.apps.blog.post.service.PostSummary_PostMeta_init_605051371
[INFO] Running in.cubestack.apps.blog.post.service.PostSummary_getHtmlContent_77432975143
[INFO] Tests run: 1, Failures: 0, Errors: 0, Skipped: 0, Time elapsed: 0 s - in in.cubestack.apps.blog.post.service.PostSummary_getHtmlContent_77432975143
[INFO] Running in.cubestack.apps.blog.post.service.PostSummary_getMetaTitle_5373462229
[INFO] Tests run: 1, Failures: 0, Errors: 0, Skipped: 0, Time elapsed: 0 s - in in.cubestack.apps.blog.post.service.PostSummary_getMetaTitle_5373462229
[INFO] Running in.cubestack.apps.blog.post.service.PostSummary_getSummary_95408608110
[INFO] Tests run: 1, Failures: 0, Errors: 0, Skipped: 0, Time elapsed: 0 s - in in.cubestack.apps.blog.post.service.PostSummary_getSummary_95408608110
[INFO] Running in.cubestack.apps.blog.post.service.PostService_sortedSummary_4475869204
[ERROR] Tests run: 1, Failures: 0, Errors: 1, Skipped: 0, Time elapsed: 0 s <<< FAILURE! - in in.cubestack.apps.blog.post.service.PostService_sortedSummary_4475869204
[ERROR] test  Time elapsed: 0 s  <<< ERROR!
java.lang.NullPointerException
	at in.cubestack.apps.blog.post.service.PostService_sortedSummary_4475869204.test(PostService_sortedSummary_4475869204.java:45)

[INFO] Running in.cubestack.apps.blog.post.service.PostSummary_findTime_1625074453
[INFO] Tests run: 1, Failures: 0, Errors: 0, Skipped: 0, Time elapsed: 0 s - in in.cubestack.apps.blog.post.service.PostSummary_findTime_1625074453
[INFO] Running in.cubestack.apps.blog.post.service.PostService_persistPost_179043599414
[ERROR] Tests run: 1, Failures: 0, Errors: 1, Skipped: 0, Time elapsed: 0 s <<< FAILURE! - in in.cubestack.apps.blog.post.service.PostService_persistPost_179043599414
[ERROR] test  Time elapsed: 0 s  <<< ERROR!
java.lang.NullPointerException
	at in.cubestack.apps.blog.post.service.PostService_persistPost_179043599414.test(PostService_persistPost_179043599414.java:60)

[INFO] Running in.cubestack.apps.blog.post.service.PostService_addPostToCategory_34411291517
[ERROR] Tests run: 1, Failures: 0, Errors: 1, Skipped: 0, Time elapsed: 0 s <<< FAILURE! - in in.cubestack.apps.blog.post.service.PostService_addPostToCategory_34411291517
[ERROR] test  Time elapsed: 0 s  <<< ERROR!
java.lang.NullPointerException
	at in.cubestack.apps.blog.post.service.PostService_addPostToCategory_34411291517.test(PostService_addPostToCategory_34411291517.java:350)

[INFO] Running in.cubestack.apps.blog.post.service.PostSummary_getCategories_85328054847
[INFO] Tests run: 1, Failures: 0, Errors: 0, Skipped: 0, Time elapsed: 0 s - in in.cubestack.apps.blog.post.service.PostSummary_getCategories_85328054847
[INFO] Running in.cubestack.apps.blog.post.service.PostSummary_PostMeta_setName_16502021839
[INFO] Tests run: 1, Failures: 0, Errors: 0, Skipped: 0, Time elapsed: 0 s - in in.cubestack.apps.blog.post.service.PostSummary_PostMeta_setName_16502021839
[INFO] Running in.cubestack.apps.blog.post.service.PostService_updatePost_181486190816
[ERROR] Tests run: 1, Failures: 0, Errors: 1, Skipped: 0, Time elapsed: 0 s <<< FAILURE! - in in.cubestack.apps.blog.post.service.PostService_updatePost_181486190816
[ERROR] test  Time elapsed: 0 s  <<< ERROR!
java.lang.NullPointerException
	at in.cubestack.apps.blog.post.service.PostService_updatePost_181486190816.test(PostService_updatePost_181486190816.java:355)

[INFO] Running in.cubestack.apps.blog.post.service.PostService_syncTags_66446691120
[ERROR] Tests run: 1, Failures: 0, Errors: 1, Skipped: 0, Time elapsed: 0 s <<< FAILURE! - in in.cubestack.apps.blog.post.service.PostService_syncTags_66446691120
[ERROR] test  Time elapsed: 0 s  <<< ERROR!
java.lang.NullPointerException
	at in.cubestack.apps.blog.post.service.PostService_syncTags_66446691120.test(PostService_syncTags_66446691120.java:359)

[INFO] Running in.cubestack.apps.blog.post.service.PostService_getPostSummaryByTagSlug_20870171812
[ERROR] Tests run: 1, Failures: 0, Errors: 1, Skipped: 0, Time elapsed: 0 s <<< FAILURE! - in in.cubestack.apps.blog.post.service.PostService_getPostSummaryByTagSlug_20870171812
[ERROR] test  Time elapsed: 0 s  <<< ERROR!
java.lang.NullPointerException
	at in.cubestack.apps.blog.post.service.PostService_getPostSummaryByTagSlug_20870171812.test(PostService_getPostSummaryByTagSlug_20870171812.java:42)

[INFO] Running in.cubestack.apps.blog.post.service.PostSummary_getTags_207697200746
[INFO] Tests run: 1, Failures: 0, Errors: 0, Skipped: 0, Time elapsed: 0 s - in in.cubestack.apps.blog.post.service.PostSummary_getTags_207697200746
[INFO] Running in.cubestack.apps.blog.post.service.PostSummary_getHtmlContent_77432975117
[INFO] Tests run: 1, Failures: 0, Errors: 0, Skipped: 0, Time elapsed: 0 s - in in.cubestack.apps.blog.post.service.PostSummary_getHtmlContent_77432975117
[INFO] Running in.cubestack.apps.blog.post.service.TagService_findOne_8254430641
[ERROR] Tests run: 1, Failures: 0, Errors: 1, Skipped: 0, Time elapsed: 0 s <<< FAILURE! - in in.cubestack.apps.blog.post.service.TagService_findOne_8254430641
[ERROR] test  Time elapsed: 0 s  <<< ERROR!
java.lang.NullPointerException
	at in.cubestack.apps.blog.post.service.TagService_findOne_8254430641.test(TagService_findOne_8254430641.java:45)

[INFO] Running in.cubestack.apps.blog.post.service.PostSummary_getId_166072154930
[INFO] Tests run: 1, Failures: 0, Errors: 0, Skipped: 0, Time elapsed: 0 s - in in.cubestack.apps.blog.post.service.PostSummary_getId_166072154930
[INFO] Running in.cubestack.apps.blog.post.service.PostSummary_getId_16607215494
[INFO] Tests run: 1, Failures: 0, Errors: 0, Skipped: 0, Time elapsed: 0 s - in in.cubestack.apps.blog.post.service.PostSummary_getId_16607215494
[INFO] Running in.cubestack.apps.blog.post.service.PostSummary_setHtmlSummary_124967029425
[INFO] Tests run: 1, Failures: 0, Errors: 0, Skipped: 0, Time elapsed: 0 s - in in.cubestack.apps.blog.post.service.PostSummary_setHtmlSummary_124967029425
[INFO] Running in.cubestack.apps.blog.post.service.PostService_getAllPostSummaries_19012676603
[ERROR] Tests run: 1, Failures: 0, Errors: 1, Skipped: 0, Time elapsed: 0 s <<< FAILURE! - in in.cubestack.apps.blog.post.service.PostService_getAllPostSummaries_19012676603
[ERROR] test  Time elapsed: 0 s  <<< ERROR!
java.lang.NullPointerException
	at in.cubestack.apps.blog.post.service.PostService_getAllPostSummaries_19012676603.test(PostService_getAllPostSummaries_19012676603.java:40)

[INFO] Running in.cubestack.apps.blog.post.service.PostSummary_PostMeta_getSlug_8387035110
[INFO] Tests run: 1, Failures: 0, Errors: 0, Skipped: 0, Time elapsed: 0 s - in in.cubestack.apps.blog.post.service.PostSummary_PostMeta_getSlug_8387035110
[INFO] Running in.cubestack.apps.blog.post.service.PostSummary_setHtmlContent_67127893544
[INFO] Tests run: 1, Failures: 0, Errors: 0, Skipped: 0, Time elapsed: 0 s - in in.cubestack.apps.blog.post.service.PostSummary_setHtmlContent_67127893544
[INFO] Running in.cubestack.apps.blog.post.service.PostService_findPostBySlug_200290653921
[ERROR] Tests run: 1, Failures: 0, Errors: 1, Skipped: 0, Time elapsed: 0 s <<< FAILURE! - in in.cubestack.apps.blog.post.service.PostService_findPostBySlug_200290653921
[ERROR] test  Time elapsed: 0 s  <<< ERROR!
java.lang.NullPointerException
	at in.cubestack.apps.blog.post.service.PostService_findPostBySlug_200290653921.test(PostService_findPostBySlug_200290653921.java:42)

[INFO] Running in.cubestack.apps.blog.post.service.CategoryService_update_16110684543
[ERROR] Tests run: 1, Failures: 0, Errors: 1, Skipped: 0, Time elapsed: 0 s <<< FAILURE! - in in.cubestack.apps.blog.post.service.CategoryService_update_16110684543
[ERROR] test  Time elapsed: 0 s  <<< ERROR!
java.lang.NullPointerException
	at in.cubestack.apps.blog.post.service.CategoryService_update_16110684543.test(CategoryService_update_16110684543.java:81)

[INFO] Running in.cubestack.apps.blog.post.service.PostService_persistPost_13813432615
[ERROR] Tests run: 1, Failures: 0, Errors: 1, Skipped: 0, Time elapsed: 0 s <<< FAILURE! - in in.cubestack.apps.blog.post.service.PostService_persistPost_13813432615
[ERROR] test  Time elapsed: 0 s  <<< ERROR!
java.lang.NullPointerException
	at in.cubestack.apps.blog.post.service.PostService_persistPost_13813432615.test(PostService_persistPost_13813432615.java:109)

[INFO] Running in.cubestack.apps.blog.post.service.PostService_findAll_6418814111
[ERROR] Tests run: 1, Failures: 0, Errors: 1, Skipped: 0, Time elapsed: 0 s <<< FAILURE! - in in.cubestack.apps.blog.post.service.PostService_findAll_6418814111
[ERROR] test  Time elapsed: 0 s  <<< ERROR!
java.lang.NullPointerException
	at in.cubestack.apps.blog.post.service.PostService_findAll_6418814111.test(PostService_findAll_6418814111.java:40)

[INFO] Running in.cubestack.apps.blog.post.service.PostSummary_getTitle_8205385098
[INFO] Tests run: 1, Failures: 0, Errors: 0, Skipped: 0, Time elapsed: 0 s - in in.cubestack.apps.blog.post.service.PostSummary_getTitle_8205385098
[INFO] Running in.cubestack.apps.blog.post.service.PostSummary_init_2100849020
[ERROR] Tests run: 1, Failures: 0, Errors: 1, Skipped: 0, Time elapsed: 0 s <<< FAILURE! - in in.cubestack.apps.blog.post.service.PostSummary_init_2100849020
[ERROR] test  Time elapsed: 0 s  <<< ERROR!
java.lang.reflect.InvocationTargetException
	at in.cubestack.apps.blog.post.service.PostSummary_init_2100849020.test(PostSummary_init_2100849020.java:105)
Caused by: java.lang.ArrayIndexOutOfBoundsException: Index 1 out of bounds for length 1
	at in.cubestack.apps.blog.post.service.PostSummary_init_2100849020.test(PostSummary_init_2100849020.java:105)

[INFO] Running in.cubestack.apps.blog.post.service.CategoryService_save_2837183744
[ERROR] Tests run: 1, Failures: 0, Errors: 1, Skipped: 0, Time elapsed: 0 s <<< FAILURE! - in in.cubestack.apps.blog.post.service.CategoryService_save_2837183744
[ERROR] test  Time elapsed: 0 s  <<< ERROR!
java.lang.NullPointerException
	at in.cubestack.apps.blog.post.service.CategoryService_save_2837183744.test(CategoryService_save_2837183744.java:48)

[INFO] Running in.cubestack.apps.blog.post.service.PostSummary_getPostStatus_180341708139
[INFO] Tests run: 1, Failures: 0, Errors: 0, Skipped: 0, Time elapsed: 0 s - in in.cubestack.apps.blog.post.service.PostSummary_getPostStatus_180341708139
[INFO] Running in.cubestack.apps.blog.post.service.PostSummary_init_21008490226
[ERROR] Tests run: 1, Failures: 0, Errors: 1, Skipped: 0, Time elapsed: 0 s <<< FAILURE! - in in.cubestack.apps.blog.post.service.PostSummary_init_21008490226
[ERROR] test  Time elapsed: 0 s  <<< ERROR!
java.lang.reflect.InvocationTargetException
	at in.cubestack.apps.blog.post.service.PostSummary_init_21008490226.test(PostSummary_init_21008490226.java:72)
Caused by: java.lang.NullPointerException
	at in.cubestack.apps.blog.post.service.PostSummary_init_21008490226.test(PostSummary_init_21008490226.java:72)

[INFO] Running in.cubestack.apps.blog.post.service.PostSummary_toMeta_71154901727
[ERROR] Tests run: 1, Failures: 0, Errors: 1, Skipped: 0, Time elapsed: 0 s <<< FAILURE! - in in.cubestack.apps.blog.post.service.PostSummary_toMeta_71154901727
[ERROR] test  Time elapsed: 0 s  <<< ERROR!
java.lang.NullPointerException
	at in.cubestack.apps.blog.post.service.PostSummary_toMeta_71154901727.test(PostSummary_toMeta_71154901727.java:63)

[INFO] Running in.cubestack.apps.blog.post.service.PostSummary_getUsername_149951657333
[INFO] Tests run: 1, Failures: 0, Errors: 0, Skipped: 0, Time elapsed: 0 s - in in.cubestack.apps.blog.post.service.PostSummary_getUsername_149951657333
[INFO] Running in.cubestack.apps.blog.post.service.PostSummary_getPostStatus_180341708113
[INFO] Tests run: 1, Failures: 0, Errors: 0, Skipped: 0, Time elapsed: 0 s - in in.cubestack.apps.blog.post.service.PostSummary_getPostStatus_180341708113
[INFO] Running in.cubestack.apps.blog.post.service.PostSummary_getPostType_80441158512
[INFO] Tests run: 1, Failures: 0, Errors: 0, Skipped: 0, Time elapsed: 0 s - in in.cubestack.apps.blog.post.service.PostSummary_getPostType_80441158512
[INFO] Running in.cubestack.apps.blog.post.service.PostService_findSummaryForSlug_119802854510
[ERROR] Tests run: 1, Failures: 0, Errors: 1, Skipped: 0, Time elapsed: 0 s <<< FAILURE! - in in.cubestack.apps.blog.post.service.PostService_findSummaryForSlug_119802854510
[ERROR] test  Time elapsed: 0 s  <<< ERROR!
java.lang.NullPointerException
	at in.cubestack.apps.blog.post.service.PostService_findSummaryForSlug_119802854510.test(PostService_findSummaryForSlug_119802854510.java:42)

[INFO] Running in.cubestack.apps.blog.post.service.CategoryService_findOne_15948617821
[ERROR] Tests run: 1, Failures: 0, Errors: 1, Skipped: 0, Time elapsed: 0 s <<< FAILURE! - in in.cubestack.apps.blog.post.service.CategoryService_findOne_15948617821
[ERROR] test  Time elapsed: 0 s  <<< ERROR!
java.lang.NullPointerException
	at in.cubestack.apps.blog.post.service.CategoryService_findOne_15948617821.test(CategoryService_findOne_15948617821.java:45)

[INFO] Running in.cubestack.apps.blog.post.service.PostSummary_setReadTime_137884720249
[INFO] Tests run: 1, Failures: 0, Errors: 0, Skipped: 0, Time elapsed: 0 s - in in.cubestack.apps.blog.post.service.PostSummary_setReadTime_137884720249
[INFO] Running in.cubestack.apps.blog.post.service.PostSummary_getMetaTitle_53734622235
[INFO] Tests run: 1, Failures: 0, Errors: 0, Skipped: 0, Time elapsed: 0 s - in in.cubestack.apps.blog.post.service.PostSummary_getMetaTitle_53734622235
[INFO] Running in.cubestack.apps.blog.post.service.PostService_getPostSummaryByCategorySlug_57422850411
[ERROR] Tests run: 1, Failures: 0, Errors: 1, Skipped: 0, Time elapsed: 0 s <<< FAILURE! - in in.cubestack.apps.blog.post.service.PostService_getPostSummaryByCategorySlug_57422850411
[ERROR] test  Time elapsed: 0 s  <<< ERROR!
java.lang.NullPointerException
	at in.cubestack.apps.blog.post.service.PostService_getPostSummaryByCategorySlug_57422850411.test(PostService_getPostSummaryByCategorySlug_57422850411.java:42)

[INFO] Running in.cubestack.apps.blog.post.service.PostSummary_getCategories_85328054821
[INFO] Tests run: 1, Failures: 0, Errors: 0, Skipped: 0, Time elapsed: 0 s - in in.cubestack.apps.blog.post.service.PostSummary_getCategories_85328054821
[INFO] Running in.cubestack.apps.blog.post.service.PostSummary_getFirstName_191061624631
[INFO] Tests run: 1, Failures: 0, Errors: 0, Skipped: 0, Time elapsed: 0 s - in in.cubestack.apps.blog.post.service.PostSummary_getFirstName_191061624631
[INFO] Running in.cubestack.apps.blog.post.service.PostSummary_getLastName_9309955286
[INFO] Tests run: 1, Failures: 0, Errors: 0, Skipped: 0, Time elapsed: 0 s - in in.cubestack.apps.blog.post.service.PostSummary_getLastName_9309955286
[INFO] Running in.cubestack.apps.blog.post.service.PostSummary_getHtmlSummary_114661947850
[INFO] Tests run: 1, Failures: 0, Errors: 0, Skipped: 0, Time elapsed: 0 s - in in.cubestack.apps.blog.post.service.PostSummary_getHtmlSummary_114661947850
[INFO] Running in.cubestack.apps.blog.post.service.PostSummary_getContent_96686314819
[INFO] Tests run: 1, Failures: 0, Errors: 0, Skipped: 0, Time elapsed: 0 s - in in.cubestack.apps.blog.post.service.PostSummary_getContent_96686314819
[INFO] Running in.cubestack.apps.blog.post.service.PostSummary_PostMeta_init_605051377
[INFO] Tests run: 1, Failures: 0, Errors: 0, Skipped: 0, Time elapsed: 0 s - in in.cubestack.apps.blog.post.service.PostSummary_PostMeta_init_605051377
[INFO] Running in.cubestack.apps.blog.post.service.PostSummary_getReadTime_132977765448
[INFO] Tests run: 1, Failures: 0, Errors: 0, Skipped: 0, Time elapsed: 0 s - in in.cubestack.apps.blog.post.service.PostSummary_getReadTime_132977765448
[INFO] Running in.cubestack.apps.blog.post.service.PostSummary_getContent_96686314845
[INFO] Tests run: 1, Failures: 0, Errors: 0, Skipped: 0, Time elapsed: 0 s - in in.cubestack.apps.blog.post.service.PostSummary_getContent_96686314845
[INFO] Running in.cubestack.apps.blog.post.service.TagService_delete_8207710102
[ERROR] Tests run: 1, Failures: 0, Errors: 1, Skipped: 0, Time elapsed: 0 s <<< FAILURE! - in in.cubestack.apps.blog.post.service.TagService_delete_8207710102
[ERROR] test  Time elapsed: 0 s  <<< ERROR!
java.lang.NullPointerException
	at in.cubestack.apps.blog.post.service.TagService_delete_8207710102.test(TagService_delete_8207710102.java:45)

[INFO] Running in.cubestack.apps.blog.post.service.PostService_findAllPublishedPostsByTags_12373175082
[ERROR] Tests run: 1, Failures: 0, Errors: 1, Skipped: 0, Time elapsed: 0 s <<< FAILURE! - in in.cubestack.apps.blog.post.service.PostService_findAllPublishedPostsByTags_12373175082
[ERROR] test  Time elapsed: 0 s  <<< ERROR!
java.lang.NullPointerException
	at in.cubestack.apps.blog.post.service.PostService_findAllPublishedPostsByTags_12373175082.test(PostService_findAllPublishedPostsByTags_12373175082.java:45)

[INFO] Running in.cubestack.apps.blog.post.service.PostService_update_10584054968
[ERROR] Tests run: 1, Failures: 0, Errors: 1, Skipped: 0, Time elapsed: 0 s <<< FAILURE! - in in.cubestack.apps.blog.post.service.PostService_update_10584054968
[ERROR] test  Time elapsed: 0 s  <<< ERROR!
java.lang.NullPointerException
	at in.cubestack.apps.blog.post.service.PostService_update_10584054968.test(PostService_update_10584054968.java:312)

[INFO] Running in.cubestack.apps.blog.post.service.PostSummary_getLastName_93099552832
[INFO] Tests run: 1, Failures: 0, Errors: 0, Skipped: 0, Time elapsed: 0 s - in in.cubestack.apps.blog.post.service.PostSummary_getLastName_93099552832
[INFO] Running in.cubestack.apps.blog.post.service.PostService_findById_10793332540
[ERROR] Tests run: 1, Failures: 0, Errors: 1, Skipped: 0, Time elapsed: 0 s <<< FAILURE! - in in.cubestack.apps.blog.post.service.PostService_findById_10793332540
[ERROR] test  Time elapsed: 0 s  <<< ERROR!
java.lang.NullPointerException
	at in.cubestack.apps.blog.post.service.PostService_findById_10793332540.test(PostService_findById_10793332540.java:45)

[INFO] Running in.cubestack.apps.blog.post.service.TagService_update_3573411243
[ERROR] Tests run: 1, Failures: 0, Errors: 1, Skipped: 0, Time elapsed: 0 s <<< FAILURE! - in in.cubestack.apps.blog.post.service.TagService_update_3573411243
[ERROR] test  Time elapsed: 0 s  <<< ERROR!
java.lang.NullPointerException
	at in.cubestack.apps.blog.post.service.TagService_update_3573411243.test(TagService_update_3573411243.java:77)

[INFO] Running in.cubestack.apps.blog.post.service.PostSummary_getReadTime_132977765422
[INFO] Tests run: 1, Failures: 0, Errors: 0, Skipped: 0, Time elapsed: 0 s - in in.cubestack.apps.blog.post.service.PostSummary_getReadTime_132977765422
[INFO] Running in.cubestack.apps.blog.post.service.PostSummary_PostMeta_getName_696743852
[INFO] Tests run: 1, Failures: 0, Errors: 0, Skipped: 0, Time elapsed: 0 s - in in.cubestack.apps.blog.post.service.PostSummary_PostMeta_getName_696743852
[INFO] Running in.cubestack.apps.blog.post.service.PostSummary_getHtmlSummary_114661947824
[INFO] Tests run: 1, Failures: 0, Errors: 0, Skipped: 0, Time elapsed: 0 s - in in.cubestack.apps.blog.post.service.PostSummary_getHtmlSummary_114661947824
[INFO] Running in.cubestack.apps.blog.post.service.PostService_toCandidate_18375019976
[ERROR] Tests run: 1, Failures: 0, Errors: 1, Skipped: 0, Time elapsed: 0 s <<< FAILURE! - in in.cubestack.apps.blog.post.service.PostService_toCandidate_18375019976
[ERROR] test  Time elapsed: 0 s  <<< ERROR!
java.lang.NullPointerException
	at in.cubestack.apps.blog.post.service.PostService_toCandidate_18375019976.test(PostService_toCandidate_18375019976.java:316)

[INFO] Running in.cubestack.apps.blog.post.service.PostSummary_readTime_118428228728
[ERROR] Tests run: 1, Failures: 0, Errors: 1, Skipped: 0, Time elapsed: 0 s <<< FAILURE! - in in.cubestack.apps.blog.post.service.PostSummary_readTime_118428228728
[ERROR] test  Time elapsed: 0 s  <<< ERROR!
java.lang.NullPointerException
	at in.cubestack.apps.blog.post.service.PostSummary_readTime_118428228728.test(PostSummary_readTime_118428228728.java:63)

[INFO] Running in.cubestack.apps.blog.post.service.PostSummary_getFirstName_19106162465
[INFO] Tests run: 1, Failures: 0, Errors: 0, Skipped: 0, Time elapsed: 0 s - in in.cubestack.apps.blog.post.service.PostSummary_getFirstName_19106162465
[INFO] Running in.cubestack.apps.blog.post.service.TagService_findAll_17345763290
[ERROR] Tests run: 1, Failures: 0, Errors: 1, Skipped: 0, Time elapsed: 0 s <<< FAILURE! - in in.cubestack.apps.blog.post.service.TagService_findAll_17345763290
[ERROR] test  Time elapsed: 0 s  <<< ERROR!
java.lang.NullPointerException
	at in.cubestack.apps.blog.post.service.TagService_findAll_17345763290.test(TagService_findAll_17345763290.java:40)

[INFO] Running in.cubestack.apps.blog.post.service.PostSummary_setHtmlSummary_124967029451
[INFO] Tests run: 1, Failures: 0, Errors: 0, Skipped: 0, Time elapsed: 0 s - in in.cubestack.apps.blog.post.service.PostSummary_setHtmlSummary_124967029451
[INFO] Running in.cubestack.apps.blog.post.service.PostSummary_PostMeta_getSlug_838703514
[INFO] Tests run: 1, Failures: 0, Errors: 0, Skipped: 0, Time elapsed: 0 s - in in.cubestack.apps.blog.post.service.PostSummary_PostMeta_getSlug_838703514
[INFO] Running in.cubestack.apps.blog.post.service.PostSummary_getPublishedAt_84484969240
[INFO] Tests run: 1, Failures: 0, Errors: 0, Skipped: 0, Time elapsed: 0 s - in in.cubestack.apps.blog.post.service.PostSummary_getPublishedAt_84484969240
[INFO] Running in.cubestack.apps.blog.post.service.PostService_toCandidates_5979842345
[ERROR] Tests run: 1, Failures: 0, Errors: 1, Skipped: 0, Time elapsed: 0 s <<< FAILURE! - in in.cubestack.apps.blog.post.service.PostService_toCandidates_5979842345
[ERROR] test  Time elapsed: 0 s  <<< ERROR!
java.lang.NullPointerException
	at in.cubestack.apps.blog.post.service.PostService_toCandidates_5979842345.test(PostService_toCandidates_5979842345.java:240)

[INFO] Running in.cubestack.apps.blog.post.service.CategoryService_findAll_11068933450
[ERROR] Tests run: 1, Failures: 0, Errors: 1, Skipped: 0, Time elapsed: 0 s <<< FAILURE! - in in.cubestack.apps.blog.post.service.CategoryService_findAll_11068933450
[ERROR] test  Time elapsed: 0 s  <<< ERROR!
java.lang.NullPointerException
	at in.cubestack.apps.blog.post.service.CategoryService_findAll_11068933450.test(CategoryService_findAll_11068933450.java:40)

[INFO] Running in.cubestack.apps.blog.post.service.PostSummary_toMeta_7115490171
[ERROR] Tests run: 1, Failures: 0, Errors: 1, Skipped: 0, Time elapsed: 0 s <<< FAILURE! - in in.cubestack.apps.blog.post.service.PostSummary_toMeta_7115490171
[ERROR] test  Time elapsed: 0 s  <<< ERROR!
java.lang.ArrayIndexOutOfBoundsException: Index 1 out of bounds for length 1
	at in.cubestack.apps.blog.post.service.PostSummary_toMeta_7115490171.test(PostSummary_toMeta_7115490171.java:129)

[INFO] Running in.cubestack.apps.blog.post.service.PostSummary_getTags_207697200720
[INFO] Tests run: 1, Failures: 0, Errors: 0, Skipped: 0, Time elapsed: 0 s - in in.cubestack.apps.blog.post.service.PostSummary_getTags_207697200720
[INFO] Running in.cubestack.apps.blog.post.service.CategoryService_delete_6327266122
[ERROR] Tests run: 1, Failures: 0, Errors: 1, Skipped: 0, Time elapsed: 0 s <<< FAILURE! - in in.cubestack.apps.blog.post.service.CategoryService_delete_6327266122
[ERROR] test  Time elapsed: 0 s  <<< ERROR!
java.lang.NullPointerException
	at in.cubestack.apps.blog.post.service.CategoryService_delete_6327266122.test(CategoryService_delete_6327266122.java:45)

[INFO] Running in.cubestack.apps.blog.post.service.PostSummary_PostMeta_init_5166275036
[INFO] Tests run: 1, Failures: 0, Errors: 0, Skipped: 0, Time elapsed: 0 s - in in.cubestack.apps.blog.post.service.PostSummary_PostMeta_init_5166275036
[INFO] Running in.cubestack.apps.blog.post.service.PostSummary_PostMeta_setSlug_18037469195
[INFO] Tests run: 1, Failures: 0, Errors: 0, Skipped: 0, Time elapsed: 0 s - in in.cubestack.apps.blog.post.service.PostSummary_PostMeta_setSlug_18037469195
[INFO] Running in.cubestack.apps.blog.post.service.PostSummary_getTitle_82053850934
[INFO] Tests run: 1, Failures: 0, Errors: 0, Skipped: 0, Time elapsed: 0 s - in in.cubestack.apps.blog.post.service.PostSummary_getTitle_82053850934
[INFO] Running in.cubestack.apps.blog.post.service.PostSummary_getPostType_80441158538
[INFO] Tests run: 1, Failures: 0, Errors: 0, Skipped: 0, Time elapsed: 0 s - in in.cubestack.apps.blog.post.service.PostSummary_getPostType_80441158538
[INFO] Running in.cubestack.apps.blog.post.service.PostService_save_10045479007
[ERROR] Tests run: 1, Failures: 0, Errors: 1, Skipped: 0, Time elapsed: 0 s <<< FAILURE! - in in.cubestack.apps.blog.post.service.PostService_save_10045479007
[ERROR] test  Time elapsed: 0 s  <<< ERROR!
java.lang.NullPointerException
	at in.cubestack.apps.blog.post.service.PostService_save_10045479007.test(PostService_save_10045479007.java:312)

[INFO] Running in.cubestack.apps.blog.post.service.PostSummary_getViews_27308269216
[INFO] Tests run: 1, Failures: 0, Errors: 0, Skipped: 0, Time elapsed: 0 s - in in.cubestack.apps.blog.post.service.PostSummary_getViews_27308269216
[INFO] Running in.cubestack.apps.blog.post.service.PostSummary_getSlug_24657771411
[INFO] Tests run: 1, Failures: 0, Errors: 0, Skipped: 0, Time elapsed: 0 s - in in.cubestack.apps.blog.post.service.PostSummary_getSlug_24657771411
[INFO] Running in.cubestack.apps.blog.post.service.PostSummary_getSummary_95408608136
[INFO] Tests run: 1, Failures: 0, Errors: 0, Skipped: 0, Time elapsed: 0 s - in in.cubestack.apps.blog.post.service.PostSummary_getSummary_95408608136
[INFO] Running in.cubestack.apps.blog.post.service.PostService_getSummary_13532545189
[ERROR] Tests run: 1, Failures: 0, Errors: 1, Skipped: 0, Time elapsed: 0 s <<< FAILURE! - in in.cubestack.apps.blog.post.service.PostService_getSummary_13532545189
[ERROR] test  Time elapsed: 0 s  <<< ERROR!
java.lang.NullPointerException
	at in.cubestack.apps.blog.post.service.PostService_getSummary_13532545189.test(PostService_getSummary_13532545189.java:42)

[INFO] Running in.cubestack.apps.blog.post.service.PostSummary_PostMeta_setName_16502021833
[INFO] Tests run: 1, Failures: 0, Errors: 0, Skipped: 0, Time elapsed: 0 s - in in.cubestack.apps.blog.post.service.PostSummary_PostMeta_setName_16502021833
[INFO] Running in.cubestack.apps.blog.post.service.PostService_delete_109773854613
[ERROR] Tests run: 1, Failures: 0, Errors: 1, Skipped: 0, Time elapsed: 0 s <<< FAILURE! - in in.cubestack.apps.blog.post.service.PostService_delete_109773854613
[ERROR] test  Time elapsed: 0 s  <<< ERROR!
java.lang.NullPointerException
	at in.cubestack.apps.blog.post.service.PostService_delete_109773854613.test(PostService_delete_109773854613.java:45)

[INFO] Running in.cubestack.apps.blog.post.service.PostSummary_setReadTime_137884720223
[INFO] Tests run: 1, Failures: 0, Errors: 0, Skipped: 0, Time elapsed: 0 s - in in.cubestack.apps.blog.post.service.PostSummary_setReadTime_137884720223
[INFO] Running in.cubestack.apps.blog.post.service.PostSummary_getUsername_14995165737
[INFO] Tests run: 1, Failures: 0, Errors: 0, Skipped: 0, Time elapsed: 0 s - in in.cubestack.apps.blog.post.service.PostSummary_getUsername_14995165737
[INFO] Running in.cubestack.apps.blog.post.service.PostSummary_findTime_16250744529
[INFO] Tests run: 1, Failures: 0, Errors: 0, Skipped: 0, Time elapsed: 0 s - in in.cubestack.apps.blog.post.service.PostSummary_findTime_16250744529
[INFO] Running in.cubestack.apps.blog.post.service.PostSummary_getViews_27308269242
[INFO] Tests run: 1, Failures: 0, Errors: 0, Skipped: 0, Time elapsed: 0 s - in in.cubestack.apps.blog.post.service.PostSummary_getViews_27308269242
[INFO] Running in.cubestack.apps.blog.post.service.PostSummary_PostMeta_getName_696743858
[INFO] Tests run: 1, Failures: 0, Errors: 0, Skipped: 0, Time elapsed: 0 s - in in.cubestack.apps.blog.post.service.PostSummary_PostMeta_getName_696743858
[INFO] Running in.cubestack.apps.blog.post.service.PostSummary_getSlug_24657771437
[INFO] Tests run: 1, Failures: 0, Errors: 0, Skipped: 0, Time elapsed: 0 s - in in.cubestack.apps.blog.post.service.PostSummary_getSlug_24657771437
[INFO] Running in.cubestack.apps.blog.post.service.PostSummary_getLikes_55318002215
[INFO] Tests run: 1, Failures: 0, Errors: 0, Skipped: 0, Time elapsed: 0 s - in in.cubestack.apps.blog.post.service.PostSummary_getLikes_55318002215
[INFO] Running in.cubestack.apps.blog.post.service.PostSummary_setHtmlContent_67127893518
[INFO] Tests run: 1, Failures: 0, Errors: 0, Skipped: 0, Time elapsed: 0 s - in in.cubestack.apps.blog.post.service.PostSummary_setHtmlContent_67127893518
[INFO] Running in.cubestack.apps.blog.post.service.PostSummary_getLikes_55318002241
[INFO] Tests run: 1, Failures: 0, Errors: 0, Skipped: 0, Time elapsed: 0 s - in in.cubestack.apps.blog.post.service.PostSummary_getLikes_55318002241
[INFO] Running in.cubestack.apps.blog.post.service.PostService_addPostToCategory_165238266918
[ERROR] Tests run: 1, Failures: 0, Errors: 1, Skipped: 0, Time elapsed: 0 s <<< FAILURE! - in in.cubestack.apps.blog.post.service.PostService_addPostToCategory_165238266918
[ERROR] test  Time elapsed: 0 s  <<< ERROR!
java.lang.NullPointerException
	at in.cubestack.apps.blog.post.service.PostService_addPostToCategory_165238266918.test(PostService_addPostToCategory_165238266918.java:312)

[INFO] Running in.cubestack.apps.blog.post.web.PostResource_init_15598431075
[INFO] Tests run: 1, Failures: 0, Errors: 0, Skipped: 0, Time elapsed: 0 s - in in.cubestack.apps.blog.post.web.PostResource_init_15598431075
[INFO] Running in.cubestack.apps.blog.post.web.BlogContent_ContentType_init_21122345845
[ERROR] Tests run: 1, Failures: 0, Errors: 1, Skipped: 0, Time elapsed: 0 s <<< FAILURE! - in in.cubestack.apps.blog.post.web.BlogContent_ContentType_init_21122345845
[ERROR] test  Time elapsed: 0 s  <<< ERROR!
java.lang.IllegalArgumentException: Cannot reflectively create enum objects
	at in.cubestack.apps.blog.post.web.BlogContent_ContentType_init_21122345845.test(BlogContent_ContentType_init_21122345845.java:47)

[INFO] Running in.cubestack.apps.blog.post.web.PostResource_save_16159336687
[ERROR] Tests run: 1, Failures: 0, Errors: 1, Skipped: 0, Time elapsed: 0 s <<< FAILURE! - in in.cubestack.apps.blog.post.web.PostResource_save_16159336687
[ERROR] test  Time elapsed: 0 s  <<< ERROR!
java.lang.NullPointerException
	at in.cubestack.apps.blog.post.web.PostResource_save_16159336687.test(PostResource_save_16159336687.java:45)

[INFO] Running in.cubestack.apps.blog.post.web.BlogResource_Templates_init_5339827400
[INFO] Tests run: 1, Failures: 0, Errors: 0, Skipped: 0, Time elapsed: 0 s - in in.cubestack.apps.blog.post.web.BlogResource_Templates_init_5339827400
[INFO] Running in.cubestack.apps.blog.post.web.PostResource_findById_7110352526
[ERROR] Tests run: 1, Failures: 0, Errors: 1, Skipped: 0, Time elapsed: 0 s <<< FAILURE! - in in.cubestack.apps.blog.post.web.PostResource_findById_7110352526
[ERROR] test  Time elapsed: 0 s  <<< ERROR!
java.lang.NullPointerException
	at in.cubestack.apps.blog.post.web.PostResource_findById_7110352526.test(PostResource_findById_7110352526.java:45)

[INFO] Running in.cubestack.apps.blog.post.web.BlogContent_ContentType_values_13972467210
[INFO] Tests run: 1, Failures: 0, Errors: 0, Skipped: 0, Time elapsed: 0 s - in in.cubestack.apps.blog.post.web.BlogContent_ContentType_values_13972467210
[INFO] Running in.cubestack.apps.blog.post.web.PostResource_init_15598431070
[INFO] Tests run: 1, Failures: 0, Errors: 0, Skipped: 0, Time elapsed: 0 s - in in.cubestack.apps.blog.post.web.PostResource_init_15598431070
[INFO] Running in.cubestack.apps.blog.post.web.BlogContent_ContentType_values_13972467213
[INFO] Tests run: 1, Failures: 0, Errors: 0, Skipped: 0, Time elapsed: 0 s - in in.cubestack.apps.blog.post.web.BlogContent_ContentType_values_13972467213
[INFO] Running in.cubestack.apps.blog.post.web.BlogContent_init_8057980503
[INFO] Tests run: 1, Failures: 0, Errors: 0, Skipped: 0, Time elapsed: 0 s - in in.cubestack.apps.blog.post.web.BlogContent_init_8057980503
[INFO] Running in.cubestack.apps.blog.post.web.CategoryResource_init_17413026010
[INFO] Tests run: 1, Failures: 0, Errors: 0, Skipped: 0, Time elapsed: 0 s - in in.cubestack.apps.blog.post.web.CategoryResource_init_17413026010
[INFO] Running in.cubestack.apps.blog.post.web.BlogContent_toString_13512539015
[INFO] Tests run: 1, Failures: 0, Errors: 0, Skipped: 0, Time elapsed: 0 s - in in.cubestack.apps.blog.post.web.BlogContent_toString_13512539015
[INFO] Running in.cubestack.apps.blog.post.web.PostResource_delete_5767471824
[ERROR] Tests run: 1, Failures: 0, Errors: 1, Skipped: 0, Time elapsed: 0 s <<< FAILURE! - in in.cubestack.apps.blog.post.web.PostResource_delete_5767471824
[ERROR] test  Time elapsed: 0 s  <<< ERROR!
java.lang.NullPointerException
	at in.cubestack.apps.blog.post.web.PostResource_delete_5767471824.test(PostResource_delete_5767471824.java:48)

[INFO] Running in.cubestack.apps.blog.post.web.PostResource_findById_7110352521
[ERROR] Tests run: 1, Failures: 0, Errors: 1, Skipped: 0, Time elapsed: 0 s <<< FAILURE! - in in.cubestack.apps.blog.post.web.PostResource_findById_7110352521
[ERROR] test  Time elapsed: 0 s  <<< ERROR!
java.lang.NullPointerException
	at in.cubestack.apps.blog.post.web.PostResource_findById_7110352521.test(PostResource_findById_7110352521.java:48)

[INFO] Running in.cubestack.apps.blog.post.web.BlogContent_init_13852037111
[INFO] Tests run: 1, Failures: 0, Errors: 0, Skipped: 0, Time elapsed: 0 s - in in.cubestack.apps.blog.post.web.BlogContent_init_13852037111
[INFO] Running in.cubestack.apps.blog.post.web.TagResource_init_16851462390
[INFO] Tests run: 1, Failures: 0, Errors: 0, Skipped: 0, Time elapsed: 0 s - in in.cubestack.apps.blog.post.web.TagResource_init_16851462390
[INFO] Running in.cubestack.apps.blog.post.web.CategoryResource_init_17413026011
[INFO] Tests run: 1, Failures: 0, Errors: 0, Skipped: 0, Time elapsed: 0 s - in in.cubestack.apps.blog.post.web.CategoryResource_init_17413026011
[INFO] Running in.cubestack.apps.blog.post.web.BlogContent_init_13852037114
[INFO] Tests run: 1, Failures: 0, Errors: 0, Skipped: 0, Time elapsed: 0 s - in in.cubestack.apps.blog.post.web.BlogContent_init_13852037114
[INFO] Running in.cubestack.apps.blog.post.web.BlogResource_init_8184041991
[INFO] Tests run: 1, Failures: 0, Errors: 0, Skipped: 0, Time elapsed: 0 s - in in.cubestack.apps.blog.post.web.BlogResource_init_8184041991
[INFO] Running in.cubestack.apps.blog.post.web.BlogContent_toString_13512539012
[INFO] Tests run: 1, Failures: 0, Errors: 0, Skipped: 0, Time elapsed: 0 s - in in.cubestack.apps.blog.post.web.BlogContent_toString_13512539012
[INFO] Running in.cubestack.apps.blog.post.web.BlogResource_Templates_init_5339827401
[INFO] Tests run: 1, Failures: 0, Errors: 0, Skipped: 0, Time elapsed: 0 s - in in.cubestack.apps.blog.post.web.BlogResource_Templates_init_5339827401
[INFO] Running in.cubestack.apps.blog.post.web.BlogContent_ContentType_valueOf_18892771244
[ERROR] Tests run: 1, Failures: 0, Errors: 1, Skipped: 0, Time elapsed: 0 s <<< FAILURE! - in in.cubestack.apps.blog.post.web.BlogContent_ContentType_valueOf_18892771244
[ERROR] test  Time elapsed: 0 s  <<< ERROR!
java.lang.NullPointerException: Name is null
	at in.cubestack.apps.blog.post.web.BlogContent_ContentType_valueOf_18892771244.test(BlogContent_ContentType_valueOf_18892771244.java:49)

[INFO] Running in.cubestack.apps.blog.post.web.PostResource_save_16159336682
[ERROR] Tests run: 1, Failures: 0, Errors: 1, Skipped: 0, Time elapsed: 0 s <<< FAILURE! - in in.cubestack.apps.blog.post.web.PostResource_save_16159336682
[ERROR] test  Time elapsed: 0 s  <<< ERROR!
java.lang.NullPointerException
	at in.cubestack.apps.blog.post.web.PostResource_save_16159336682.test(PostResource_save_16159336682.java:315)

[INFO] Running in.cubestack.apps.blog.post.web.BlogContent_ContentType_valueOf_18892771241
[ERROR] Tests run: 1, Failures: 0, Errors: 1, Skipped: 0, Time elapsed: 0 s <<< FAILURE! - in in.cubestack.apps.blog.post.web.BlogContent_ContentType_valueOf_18892771241
[ERROR] test  Time elapsed: 0 s  <<< ERROR!
java.lang.IllegalArgumentException: No enum constant in.cubestack.apps.blog.post.web.BlogContent.ContentType.jwsfVjMoJT
	at in.cubestack.apps.blog.post.web.BlogContent_ContentType_valueOf_18892771241.test(BlogContent_ContentType_valueOf_18892771241.java:42)

[INFO] Running in.cubestack.apps.blog.post.web.TagResource_init_16851462391
[INFO] Tests run: 1, Failures: 0, Errors: 0, Skipped: 0, Time elapsed: 0 s - in in.cubestack.apps.blog.post.web.TagResource_init_16851462391
[INFO] Running in.cubestack.apps.blog.post.web.PostResource_delete_5767471829
[ERROR] Tests run: 1, Failures: 0, Errors: 1, Skipped: 0, Time elapsed: 0 s <<< FAILURE! - in in.cubestack.apps.blog.post.web.PostResource_delete_5767471829
[ERROR] test  Time elapsed: 0 s  <<< ERROR!
java.lang.NullPointerException
	at in.cubestack.apps.blog.post.web.PostResource_delete_5767471829.test(PostResource_delete_5767471829.java:45)

[INFO] Running in.cubestack.apps.blog.post.web.PostResource_update_6160802328
[ERROR] Tests run: 1, Failures: 0, Errors: 1, Skipped: 0, Time elapsed: 0 s <<< FAILURE! - in in.cubestack.apps.blog.post.web.PostResource_update_6160802328
[ERROR] test  Time elapsed: 0 s  <<< ERROR!
java.lang.NullPointerException
	at in.cubestack.apps.blog.post.web.PostResource_update_6160802328.test(PostResource_update_6160802328.java:45)

[INFO] Running in.cubestack.apps.blog.post.web.BlogContent_ContentType_init_21122345842
[ERROR] Tests run: 1, Failures: 0, Errors: 1, Skipped: 0, Time elapsed: 0 s <<< FAILURE! - in in.cubestack.apps.blog.post.web.BlogContent_ContentType_init_21122345842
[ERROR] test  Time elapsed: 0 s  <<< ERROR!
java.lang.IllegalArgumentException: Cannot reflectively create enum objects
	at in.cubestack.apps.blog.post.web.BlogContent_ContentType_init_21122345842.test(BlogContent_ContentType_init_21122345842.java:42)

[INFO] Running in.cubestack.apps.blog.post.web.BlogContent_init_8057980500
[INFO] Tests run: 1, Failures: 0, Errors: 0, Skipped: 0, Time elapsed: 0 s - in in.cubestack.apps.blog.post.web.BlogContent_init_8057980500
[INFO] Running in.cubestack.apps.blog.post.web.PostResource_update_6160802323
[ERROR] Tests run: 1, Failures: 0, Errors: 1, Skipped: 0, Time elapsed: 0 s <<< FAILURE! - in in.cubestack.apps.blog.post.web.PostResource_update_6160802323
[ERROR] test  Time elapsed: 0 s  <<< ERROR!
java.lang.NullPointerException
	at in.cubestack.apps.blog.post.web.PostResource_update_6160802323.test(PostResource_update_6160802323.java:315)

[INFO] Running in.cubestack.apps.blog.post.web.BlogResource_init_8184041990
[INFO] Tests run: 1, Failures: 0, Errors: 0, Skipped: 0, Time elapsed: 0 s - in in.cubestack.apps.blog.post.web.BlogResource_init_8184041990
[INFO] Running in.cubestack.apps.blog.base.quarkus.QuarkusStaticFileResponseHelper_init_3067108210
[INFO] Tests run: 1, Failures: 0, Errors: 0, Skipped: 0, Time elapsed: 0 s - in in.cubestack.apps.blog.base.quarkus.QuarkusStaticFileResponseHelper_init_3067108210
[INFO] Running in.cubestack.apps.blog.base.quarkus.QuarkusStaticFileResponseHelper_init_3067108211
[INFO] Tests run: 1, Failures: 0, Errors: 0, Skipped: 0, Time elapsed: 0 s - in in.cubestack.apps.blog.base.quarkus.QuarkusStaticFileResponseHelper_init_3067108211
[INFO] Running in.cubestack.apps.blog.base.domain.BaseModel_getId_196275335514
[ERROR] Tests run: 1, Failures: 0, Errors: 1, Skipped: 0, Time elapsed: 0 s <<< FAILURE! - in in.cubestack.apps.blog.base.domain.BaseModel_getId_196275335514
[ERROR] test  Time elapsed: 0 s  <<< ERROR!
java.lang.NullPointerException
	at in.cubestack.apps.blog.base.domain.BaseModel_getId_196275335514.test(BaseModel_getId_196275335514.java:40)

[INFO] Running in.cubestack.apps.blog.base.domain.BaseModel_prepareForUpdate_20067482974
[ERROR] Tests run: 1, Failures: 0, Errors: 1, Skipped: 0, Time elapsed: 0 s <<< FAILURE! - in in.cubestack.apps.blog.base.domain.BaseModel_prepareForUpdate_20067482974
[ERROR] test  Time elapsed: 0 s  <<< ERROR!
java.lang.NullPointerException
	at in.cubestack.apps.blog.base.domain.BaseModel_prepareForUpdate_20067482974.test(BaseModel_prepareForUpdate_20067482974.java:40)

[INFO] Running in.cubestack.apps.blog.base.domain.BaseModel_prepareForUpdate_200674829713
[ERROR] Tests run: 1, Failures: 0, Errors: 1, Skipped: 0, Time elapsed: 0 s <<< FAILURE! - in in.cubestack.apps.blog.base.domain.BaseModel_prepareForUpdate_200674829713
[ERROR] test  Time elapsed: 0 s  <<< ERROR!
java.lang.NullPointerException
	at in.cubestack.apps.blog.base.domain.BaseModel_prepareForUpdate_200674829713.test(BaseModel_prepareForUpdate_200674829713.java:40)

[INFO] Running in.cubestack.apps.blog.base.domain.BaseModel_getId_19627533555
[ERROR] Tests run: 1, Failures: 0, Errors: 1, Skipped: 0, Time elapsed: 0 s <<< FAILURE! - in in.cubestack.apps.blog.base.domain.BaseModel_getId_19627533555
[ERROR] test  Time elapsed: 0 s  <<< ERROR!
java.lang.NullPointerException
	at in.cubestack.apps.blog.base.domain.BaseModel_getId_19627533555.test(BaseModel_getId_19627533555.java:40)

[INFO] Running in.cubestack.apps.blog.base.domain.BaseModel_prepareForSave_41724089915
[ERROR] Tests run: 1, Failures: 0, Errors: 1, Skipped: 0, Time elapsed: 0 s <<< FAILURE! - in in.cubestack.apps.blog.base.domain.BaseModel_prepareForSave_41724089915
[ERROR] test  Time elapsed: 0 s  <<< ERROR!
java.lang.NullPointerException
	at in.cubestack.apps.blog.base.domain.BaseModel_prepareForSave_41724089915.test(BaseModel_prepareForSave_41724089915.java:40)

[INFO] Running in.cubestack.apps.blog.base.domain.BaseModel_setUpdatedAt_205950338712
[ERROR] Tests run: 1, Failures: 0, Errors: 1, Skipped: 0, Time elapsed: 0 s <<< FAILURE! - in in.cubestack.apps.blog.base.domain.BaseModel_setUpdatedAt_205950338712
[ERROR] test  Time elapsed: 0 s  <<< ERROR!
java.lang.NullPointerException
	at in.cubestack.apps.blog.base.domain.BaseModel_setUpdatedAt_205950338712.test(BaseModel_setUpdatedAt_205950338712.java:42)

[INFO] Running in.cubestack.apps.blog.base.domain.BaseModel_prepareForSave_4172408996
[ERROR] Tests run: 1, Failures: 0, Errors: 1, Skipped: 0, Time elapsed: 0 s <<< FAILURE! - in in.cubestack.apps.blog.base.domain.BaseModel_prepareForSave_4172408996
[ERROR] test  Time elapsed: 0 s  <<< ERROR!
java.lang.NullPointerException
	at in.cubestack.apps.blog.base.domain.BaseModel_prepareForSave_4172408996.test(BaseModel_prepareForSave_4172408996.java:40)

[INFO] Running in.cubestack.apps.blog.base.domain.BaseModel_setCreatedAt_21393753042
[ERROR] Tests run: 1, Failures: 0, Errors: 1, Skipped: 0, Time elapsed: 0 s <<< FAILURE! - in in.cubestack.apps.blog.base.domain.BaseModel_setCreatedAt_21393753042
[ERROR] test  Time elapsed: 0 s  <<< ERROR!
java.lang.NullPointerException
	at in.cubestack.apps.blog.base.domain.BaseModel_setCreatedAt_21393753042.test(BaseModel_setCreatedAt_21393753042.java:56)

[INFO] Running in.cubestack.apps.blog.base.domain.BaseModel_hashCode_20375822138
[ERROR] Tests run: 1, Failures: 0, Errors: 1, Skipped: 0, Time elapsed: 0 s <<< FAILURE! - in in.cubestack.apps.blog.base.domain.BaseModel_hashCode_20375822138
[ERROR] test  Time elapsed: 0 s  <<< ERROR!
java.lang.NullPointerException
	at in.cubestack.apps.blog.base.domain.BaseModel_hashCode_20375822138.test(BaseModel_hashCode_20375822138.java:40)

[INFO] Running in.cubestack.apps.blog.base.domain.BaseModel_equals_180869840816
[ERROR] Tests run: 1, Failures: 0, Errors: 1, Skipped: 0, Time elapsed: 0 s <<< FAILURE! - in in.cubestack.apps.blog.base.domain.BaseModel_equals_180869840816
[ERROR] test  Time elapsed: 0 s  <<< ERROR!
java.lang.NullPointerException
	at in.cubestack.apps.blog.base.domain.BaseModel_equals_180869840816.test(BaseModel_equals_180869840816.java:42)

[INFO] Running in.cubestack.apps.blog.base.domain.BaseModel_getUpdatedAt_19046730371
[ERROR] Tests run: 1, Failures: 0, Errors: 1, Skipped: 0, Time elapsed: 0 s <<< FAILURE! - in in.cubestack.apps.blog.base.domain.BaseModel_getUpdatedAt_19046730371
[ERROR] test  Time elapsed: 0 s  <<< ERROR!
java.lang.NullPointerException
	at in.cubestack.apps.blog.base.domain.BaseModel_getUpdatedAt_19046730371.test(BaseModel_getUpdatedAt_19046730371.java:40)

[INFO] Running in.cubestack.apps.blog.base.domain.BaseModel_getCreatedAt_18248011209
[ERROR] Tests run: 1, Failures: 0, Errors: 1, Skipped: 0, Time elapsed: 0 s <<< FAILURE! - in in.cubestack.apps.blog.base.domain.BaseModel_getCreatedAt_18248011209
[ERROR] test  Time elapsed: 0 s  <<< ERROR!
java.lang.NullPointerException
	at in.cubestack.apps.blog.base.domain.BaseModel_getCreatedAt_18248011209.test(BaseModel_getCreatedAt_18248011209.java:40)

[INFO] Running in.cubestack.apps.blog.base.domain.BaseModel_getCreatedAt_18248011200
[ERROR] Tests run: 1, Failures: 0, Errors: 1, Skipped: 0, Time elapsed: 0 s <<< FAILURE! - in in.cubestack.apps.blog.base.domain.BaseModel_getCreatedAt_18248011200
[ERROR] test  Time elapsed: 0 s  <<< ERROR!
java.lang.NullPointerException
	at in.cubestack.apps.blog.base.domain.BaseModel_getCreatedAt_18248011200.test(BaseModel_getCreatedAt_18248011200.java:40)

[INFO] Running in.cubestack.apps.blog.base.domain.BaseModel_hashCode_203758221317
[ERROR] Tests run: 1, Failures: 0, Errors: 1, Skipped: 0, Time elapsed: 0 s <<< FAILURE! - in in.cubestack.apps.blog.base.domain.BaseModel_hashCode_203758221317
[ERROR] test  Time elapsed: 0 s  <<< ERROR!
java.lang.NullPointerException
	at in.cubestack.apps.blog.base.domain.BaseModel_hashCode_203758221317.test(BaseModel_hashCode_203758221317.java:40)

[INFO] Running in.cubestack.apps.blog.base.domain.BaseModel_setUpdatedAt_20595033873
[ERROR] Tests run: 1, Failures: 0, Errors: 1, Skipped: 0, Time elapsed: 0.001 s <<< FAILURE! - in in.cubestack.apps.blog.base.domain.BaseModel_setUpdatedAt_20595033873
[ERROR] test  Time elapsed: 0 s  <<< ERROR!
java.lang.NullPointerException
	at in.cubestack.apps.blog.base.domain.BaseModel_setUpdatedAt_20595033873.test(BaseModel_setUpdatedAt_20595033873.java:56)

[INFO] Running in.cubestack.apps.blog.base.domain.BaseModel_setCreatedAt_213937530411
[ERROR] Tests run: 1, Failures: 0, Errors: 1, Skipped: 0, Time elapsed: 0 s <<< FAILURE! - in in.cubestack.apps.blog.base.domain.BaseModel_setCreatedAt_213937530411
[ERROR] test  Time elapsed: 0 s  <<< ERROR!
java.lang.NullPointerException
	at in.cubestack.apps.blog.base.domain.BaseModel_setCreatedAt_213937530411.test(BaseModel_setCreatedAt_213937530411.java:42)

[INFO] Running in.cubestack.apps.blog.base.domain.BaseModel_equals_18086984087
[ERROR] Tests run: 1, Failures: 0, Errors: 1, Skipped: 0, Time elapsed: 0 s <<< FAILURE! - in in.cubestack.apps.blog.base.domain.BaseModel_equals_18086984087
[ERROR] test  Time elapsed: 0 s  <<< ERROR!
java.lang.NullPointerException
	at in.cubestack.apps.blog.base.domain.BaseModel_equals_18086984087.test(BaseModel_equals_18086984087.java:44)

[INFO] Running in.cubestack.apps.blog.base.domain.BaseModel_getUpdatedAt_190467303710
[ERROR] Tests run: 1, Failures: 0, Errors: 1, Skipped: 0, Time elapsed: 0 s <<< FAILURE! - in in.cubestack.apps.blog.base.domain.BaseModel_getUpdatedAt_190467303710
[ERROR] test  Time elapsed: 0 s  <<< ERROR!
java.lang.NullPointerException
	at in.cubestack.apps.blog.base.domain.BaseModel_getUpdatedAt_190467303710.test(BaseModel_getUpdatedAt_190467303710.java:40)

[INFO] Running in.cubestack.apps.blog.base.web.BlogResponse_setData_184781980013
[INFO] Tests run: 1, Failures: 0, Errors: 0, Skipped: 0, Time elapsed: 0 s - in in.cubestack.apps.blog.base.web.BlogResponse_setData_184781980013
[INFO] Running in.cubestack.apps.blog.base.web.BlogResponse_withData_21275201948
[INFO] Tests run: 1, Failures: 0, Errors: 0, Skipped: 0, Time elapsed: 0 s - in in.cubestack.apps.blog.base.web.BlogResponse_withData_21275201948
[INFO] Running in.cubestack.apps.blog.base.web.Error_init_15071895040
[INFO] Tests run: 1, Failures: 0, Errors: 0, Skipped: 0, Time elapsed: 0 s - in in.cubestack.apps.blog.base.web.Error_init_15071895040
[INFO] Running in.cubestack.apps.blog.base.web.BlogResponse_setData_18478198004
[INFO] Tests run: 1, Failures: 0, Errors: 0, Skipped: 0, Time elapsed: 0 s - in in.cubestack.apps.blog.base.web.BlogResponse_setData_18478198004
[INFO] Running in.cubestack.apps.blog.base.web.BlogResponse_setError_192248049614
[INFO] Tests run: 1, Failures: 0, Errors: 0, Skipped: 0, Time elapsed: 0 s - in in.cubestack.apps.blog.base.web.BlogResponse_setError_192248049614
[INFO] Running in.cubestack.apps.blog.base.web.BlogResponse_withError_169840726616
[INFO] Tests run: 1, Failures: 0, Errors: 0, Skipped: 0, Time elapsed: 0 s - in in.cubestack.apps.blog.base.web.BlogResponse_withError_169840726616
[INFO] Running in.cubestack.apps.blog.base.web.BlogResponse_init_13775492790
[INFO] Tests run: 1, Failures: 0, Errors: 0, Skipped: 0, Time elapsed: 0 s - in in.cubestack.apps.blog.base.web.BlogResponse_init_13775492790
[INFO] Running in.cubestack.apps.blog.base.web.BlogResponse_getError_185694385615
[INFO] Tests run: 1, Failures: 0, Errors: 0, Skipped: 0, Time elapsed: 0 s - in in.cubestack.apps.blog.base.web.BlogResponse_getError_185694385615
[INFO] Running in.cubestack.apps.blog.base.web.BlogResponse_init_13775502091
[INFO] Tests run: 1, Failures: 0, Errors: 0, Skipped: 0, Time elapsed: 0 s - in in.cubestack.apps.blog.base.web.BlogResponse_init_13775502091
[INFO] Running in.cubestack.apps.blog.base.web.HttpHelper_init_16464606280
[INFO] Tests run: 1, Failures: 0, Errors: 0, Skipped: 0, Time elapsed: 0 s - in in.cubestack.apps.blog.base.web.HttpHelper_init_16464606280
[INFO] Running in.cubestack.apps.blog.base.web.BlogResponse_withError_16984072667
[INFO] Tests run: 1, Failures: 0, Errors: 0, Skipped: 0, Time elapsed: 0 s - in in.cubestack.apps.blog.base.web.BlogResponse_withError_16984072667
[INFO] Running in.cubestack.apps.blog.base.web.HttpHelper_init_16464606281
[INFO] Tests run: 1, Failures: 0, Errors: 0, Skipped: 0, Time elapsed: 0 s - in in.cubestack.apps.blog.base.web.HttpHelper_init_16464606281
[INFO] Running in.cubestack.apps.blog.base.web.Error_getMessage_5947805605
[INFO] Tests run: 1, Failures: 0, Errors: 0, Skipped: 0, Time elapsed: 0 s - in in.cubestack.apps.blog.base.web.Error_getMessage_5947805605
[INFO] Running in.cubestack.apps.blog.base.web.BlogResponse_isSuccess_6080347411
[INFO] Tests run: 1, Failures: 0, Errors: 0, Skipped: 0, Time elapsed: 0 s - in in.cubestack.apps.blog.base.web.BlogResponse_isSuccess_6080347411
[INFO] Running in.cubestack.apps.blog.base.web.BlogResponse_init_137755020910
[INFO] Tests run: 1, Failures: 0, Errors: 0, Skipped: 0, Time elapsed: 0 s - in in.cubestack.apps.blog.base.web.BlogResponse_init_137755020910
[INFO] Running in.cubestack.apps.blog.base.web.BlogResponse_getError_18569438566
[INFO] Tests run: 1, Failures: 0, Errors: 0, Skipped: 0, Time elapsed: 0 s - in in.cubestack.apps.blog.base.web.BlogResponse_getError_18569438566
[INFO] Running in.cubestack.apps.blog.base.web.BlogResponse_setError_19224804965
[INFO] Tests run: 1, Failures: 0, Errors: 0, Skipped: 0, Time elapsed: 0 s - in in.cubestack.apps.blog.base.web.BlogResponse_setError_19224804965
[INFO] Running in.cubestack.apps.blog.base.web.BlogResponse_getData_3737780923
[INFO] Tests run: 1, Failures: 0, Errors: 0, Skipped: 0, Time elapsed: 0 s - in in.cubestack.apps.blog.base.web.BlogResponse_getData_3737780923
[INFO] Running in.cubestack.apps.blog.base.web.Error_getCode_11957607704
[INFO] Tests run: 1, Failures: 0, Errors: 0, Skipped: 0, Time elapsed: 0 s - in in.cubestack.apps.blog.base.web.Error_getCode_11957607704
[INFO] Running in.cubestack.apps.blog.base.web.BlogResponse_init_13775492799
[INFO] Tests run: 1, Failures: 0, Errors: 0, Skipped: 0, Time elapsed: 0 s - in in.cubestack.apps.blog.base.web.BlogResponse_init_13775492799
[INFO] Running in.cubestack.apps.blog.base.web.Error_getCode_11957607701
[INFO] Tests run: 1, Failures: 0, Errors: 0, Skipped: 0, Time elapsed: 0 s - in in.cubestack.apps.blog.base.web.Error_getCode_11957607701
[INFO] Running in.cubestack.apps.blog.base.web.BlogResponse_withData_212752019417
[INFO] Tests run: 1, Failures: 0, Errors: 0, Skipped: 0, Time elapsed: 0 s - in in.cubestack.apps.blog.base.web.BlogResponse_withData_212752019417
[INFO] Running in.cubestack.apps.blog.base.web.BlogResponse_isSuccess_608034742
[INFO] Tests run: 1, Failures: 0, Errors: 0, Skipped: 0, Time elapsed: 0 s - in in.cubestack.apps.blog.base.web.BlogResponse_isSuccess_608034742
[INFO] Running in.cubestack.apps.blog.base.web.BlogResponse_getData_37377809212
[INFO] Tests run: 1, Failures: 0, Errors: 0, Skipped: 0, Time elapsed: 0 s - in in.cubestack.apps.blog.base.web.BlogResponse_getData_37377809212
[INFO] Running in.cubestack.apps.blog.base.web.Error_init_15071895043
[INFO] Tests run: 1, Failures: 0, Errors: 0, Skipped: 0, Time elapsed: 0 s - in in.cubestack.apps.blog.base.web.Error_init_15071895043
[INFO] Running in.cubestack.apps.blog.base.web.Error_getMessage_5947805602
[INFO] Tests run: 1, Failures: 0, Errors: 0, Skipped: 0, Time elapsed: 0 s - in in.cubestack.apps.blog.base.web.Error_getMessage_5947805602
[INFO] Running in.cubestack.apps.blog.comment.domain.Comment_getTitle_5712731323
[INFO] Tests run: 1, Failures: 0, Errors: 0, Skipped: 0, Time elapsed: 0 s - in in.cubestack.apps.blog.comment.domain.Comment_getTitle_5712731323
[INFO] Running in.cubestack.apps.blog.comment.domain.Comment_commentBy_27415573310
[ERROR] Tests run: 1, Failures: 0, Errors: 1, Skipped: 0, Time elapsed: 0 s <<< FAILURE! - in in.cubestack.apps.blog.comment.domain.Comment_commentBy_27415573310
[ERROR] test  Time elapsed: 0 s  <<< ERROR!
java.lang.NullPointerException
	at in.cubestack.apps.blog.comment.domain.Comment_commentBy_27415573310.test(Comment_commentBy_27415573310.java:52)

[INFO] Running in.cubestack.apps.blog.comment.domain.CommentStatus_valueOf_19557304361
[ERROR] Tests run: 1, Failures: 0, Errors: 1, Skipped: 0, Time elapsed: 0 s <<< FAILURE! - in in.cubestack.apps.blog.comment.domain.CommentStatus_valueOf_19557304361
[ERROR] test  Time elapsed: 0 s  <<< ERROR!
java.lang.IllegalArgumentException: No enum constant in.cubestack.apps.blog.comment.domain.CommentStatus.TEParAifyi
	at in.cubestack.apps.blog.comment.domain.CommentStatus_valueOf_19557304361.test(CommentStatus_valueOf_19557304361.java:42)

[INFO] Running in.cubestack.apps.blog.comment.domain.Comment_getPublishedAt_179071299315
[INFO] Tests run: 1, Failures: 0, Errors: 0, Skipped: 0, Time elapsed: 0 s - in in.cubestack.apps.blog.comment.domain.Comment_getPublishedAt_179071299315
[INFO] Running in.cubestack.apps.blog.comment.domain.Comment_commentBy_2741557332
[INFO] Tests run: 1, Failures: 0, Errors: 0, Skipped: 0, Time elapsed: 0 s - in in.cubestack.apps.blog.comment.domain.Comment_commentBy_2741557332
[INFO] Running in.cubestack.apps.blog.comment.domain.Comment_init_11733280561
[INFO] Tests run: 1, Failures: 0, Errors: 0, Skipped: 0, Time elapsed: 0 s - in in.cubestack.apps.blog.comment.domain.Comment_init_11733280561
[INFO] Running in.cubestack.apps.blog.comment.domain.Comment_getStatus_90825647313
[INFO] Tests run: 1, Failures: 0, Errors: 0, Skipped: 0, Time elapsed: 0 s - in in.cubestack.apps.blog.comment.domain.Comment_getStatus_90825647313
[INFO] Running in.cubestack.apps.blog.comment.domain.CommentStatus_valueOf_19557304364
[ERROR] Tests run: 1, Failures: 0, Errors: 1, Skipped: 0, Time elapsed: 0 s <<< FAILURE! - in in.cubestack.apps.blog.comment.domain.CommentStatus_valueOf_19557304364
[ERROR] test  Time elapsed: 0 s  <<< ERROR!
java.lang.NullPointerException: Name is null
	at in.cubestack.apps.blog.comment.domain.CommentStatus_valueOf_19557304364.test(CommentStatus_valueOf_19557304364.java:49)

[INFO] Running in.cubestack.apps.blog.comment.domain.Comment_getContent_42494849314
[INFO] Tests run: 1, Failures: 0, Errors: 0, Skipped: 0, Time elapsed: 0 s - in in.cubestack.apps.blog.comment.domain.Comment_getContent_42494849314
[INFO] Running in.cubestack.apps.blog.comment.domain.CommentStatus_values_14637000333
[INFO] Tests run: 1, Failures: 0, Errors: 0, Skipped: 0, Time elapsed: 0 s - in in.cubestack.apps.blog.comment.domain.CommentStatus_values_14637000333
[INFO] Running in.cubestack.apps.blog.comment.domain.Comment_getPublishedAt_17907129937
[INFO] Tests run: 1, Failures: 0, Errors: 0, Skipped: 0, Time elapsed: 0 s - in in.cubestack.apps.blog.comment.domain.Comment_getPublishedAt_17907129937
[INFO] Running in.cubestack.apps.blog.comment.domain.Comment_getContent_4249484936
[INFO] Tests run: 1, Failures: 0, Errors: 0, Skipped: 0, Time elapsed: 0 s - in in.cubestack.apps.blog.comment.domain.Comment_getContent_4249484936
[INFO] Running in.cubestack.apps.blog.comment.domain.CommentStatus_values_14637000330
[INFO] Tests run: 1, Failures: 0, Errors: 0, Skipped: 0, Time elapsed: 0 s - in in.cubestack.apps.blog.comment.domain.CommentStatus_values_14637000330
[INFO] Running in.cubestack.apps.blog.comment.domain.CommentStatus_init_15814851545
[ERROR] Tests run: 1, Failures: 0, Errors: 1, Skipped: 0, Time elapsed: 0 s <<< FAILURE! - in in.cubestack.apps.blog.comment.domain.CommentStatus_init_15814851545
[ERROR] test  Time elapsed: 0 s  <<< ERROR!
java.lang.IllegalArgumentException: Cannot reflectively create enum objects
	at in.cubestack.apps.blog.comment.domain.CommentStatus_init_15814851545.test(CommentStatus_init_15814851545.java:47)

[INFO] Running in.cubestack.apps.blog.comment.domain.Comment_getCommenterId_121264445312
[INFO] Tests run: 1, Failures: 0, Errors: 0, Skipped: 0, Time elapsed: 0 s - in in.cubestack.apps.blog.comment.domain.Comment_getCommenterId_121264445312
[INFO] Running in.cubestack.apps.blog.comment.domain.CommentStatus_init_15814851542
[ERROR] Tests run: 1, Failures: 0, Errors: 1, Skipped: 0, Time elapsed: 0 s <<< FAILURE! - in in.cubestack.apps.blog.comment.domain.CommentStatus_init_15814851542
[ERROR] test  Time elapsed: 0 s  <<< ERROR!
java.lang.IllegalArgumentException: Cannot reflectively create enum objects
	at in.cubestack.apps.blog.comment.domain.CommentStatus_init_15814851542.test(CommentStatus_init_15814851542.java:42)

[INFO] Running in.cubestack.apps.blog.comment.domain.Comment_init_20711465070
[INFO] Tests run: 1, Failures: 0, Errors: 0, Skipped: 0, Time elapsed: 0 s - in in.cubestack.apps.blog.comment.domain.Comment_init_20711465070
[INFO] Running in.cubestack.apps.blog.comment.domain.Comment_getTitle_57127313211
[INFO] Tests run: 1, Failures: 0, Errors: 0, Skipped: 0, Time elapsed: 0 s - in in.cubestack.apps.blog.comment.domain.Comment_getTitle_57127313211
[INFO] Running in.cubestack.apps.blog.comment.domain.Comment_init_11733280569
[INFO] Tests run: 1, Failures: 0, Errors: 0, Skipped: 0, Time elapsed: 0 s - in in.cubestack.apps.blog.comment.domain.Comment_init_11733280569
[INFO] Running in.cubestack.apps.blog.comment.domain.Comment_getCommenterId_12126444534
[INFO] Tests run: 1, Failures: 0, Errors: 0, Skipped: 0, Time elapsed: 0 s - in in.cubestack.apps.blog.comment.domain.Comment_getCommenterId_12126444534
[INFO] Running in.cubestack.apps.blog.comment.domain.Comment_init_20711465078
[INFO] Tests run: 1, Failures: 0, Errors: 0, Skipped: 0, Time elapsed: 0 s - in in.cubestack.apps.blog.comment.domain.Comment_init_20711465078
[INFO] Running in.cubestack.apps.blog.comment.domain.Comment_getStatus_9082564735
[INFO] Tests run: 1, Failures: 0, Errors: 0, Skipped: 0, Time elapsed: 0 s - in in.cubestack.apps.blog.comment.domain.Comment_getStatus_9082564735
[INFO] Running in.cubestack.apps.blog.comment.service.CommentService_findAll_13063091050
[ERROR] Tests run: 1, Failures: 0, Errors: 1, Skipped: 0, Time elapsed: 0 s <<< FAILURE! - in in.cubestack.apps.blog.comment.service.CommentService_findAll_13063091050
[ERROR] test  Time elapsed: 0 s  <<< ERROR!
java.lang.NullPointerException
	at in.cubestack.apps.blog.comment.service.CommentService_findAll_13063091050.test(CommentService_findAll_13063091050.java:40)

[INFO] Running in.cubestack.apps.blog.comment.web.CommentResource_init_4971471410
[INFO] Tests run: 1, Failures: 0, Errors: 0, Skipped: 0, Time elapsed: 0 s - in in.cubestack.apps.blog.comment.web.CommentResource_init_4971471410
[INFO] Running in.cubestack.apps.blog.comment.web.CommentResource_findAll_10931056073
[ERROR] Tests run: 1, Failures: 0, Errors: 1, Skipped: 0, Time elapsed: 0 s <<< FAILURE! - in in.cubestack.apps.blog.comment.web.CommentResource_findAll_10931056073
[ERROR] test  Time elapsed: 0 s  <<< ERROR!
java.lang.NullPointerException
	at in.cubestack.apps.blog.comment.web.CommentResource_findAll_10931056073.test(CommentResource_findAll_10931056073.java:43)

[INFO] Running in.cubestack.apps.blog.comment.web.CommentResource_init_4971471412
[INFO] Tests run: 1, Failures: 0, Errors: 0, Skipped: 0, Time elapsed: 0 s - in in.cubestack.apps.blog.comment.web.CommentResource_init_4971471412
[INFO] Running in.cubestack.apps.blog.comment.web.CommentResource_findAll_10931056071
[ERROR] Tests run: 1, Failures: 0, Errors: 1, Skipped: 0, Time elapsed: 0 s <<< FAILURE! - in in.cubestack.apps.blog.comment.web.CommentResource_findAll_10931056071
[ERROR] test  Time elapsed: 0 s  <<< ERROR!
java.lang.NullPointerException
	at in.cubestack.apps.blog.comment.web.CommentResource_findAll_10931056071.test(CommentResource_findAll_10931056071.java:43)

[INFO] 
[INFO] Results:
[INFO] 
[ERROR] Errors: 
[ERROR]   CategoryCandidate_from_146700880514.test:48 » NullPointer
[ERROR]   PersonCandidate_from_141711433113.test:46 » NullPointer
[ERROR]   PostCandidate_addCategoryCandidate_75340996964.test:62 » NullPointer
[ERROR]   PostCandidate_addTagCandidate_150124166363.test:62 » NullPointer
[ERROR]   PostCandidate_from_103563986577.test:62 » NullPointer
[ERROR]   PostCandidate_hasCategory_172669564165.test:62 » NullPointer
[ERROR]   PostCandidate_hasTag_159445675766.test:62 » NullPointer
[ERROR]   TagCandidate_from_101233981114.test:47 » NullPointer
[ERROR]   AdminService_login_10418913051.test:51 » NullPointer
[ERROR]   AdminService_login_10418913054.test:48 » NullPointer
[ERROR]   AdminService_resetPassword_12834641852.test:51 » NullPointer
[ERROR]   AdminService_resetPassword_12834641855.test:48 » NullPointer
[ERROR]   BaseModel_equals_180869840816.test:42 » NullPointer
[ERROR]   BaseModel_equals_18086984087.test:44 » NullPointer
[ERROR]   BaseModel_getCreatedAt_18248011200.test:40 » NullPointer
[ERROR]   BaseModel_getCreatedAt_18248011209.test:40 » NullPointer
[ERROR]   BaseModel_getId_196275335514.test:40 » NullPointer
[ERROR]   BaseModel_getId_19627533555.test:40 » NullPointer
[ERROR]   BaseModel_getUpdatedAt_19046730371.test:40 » NullPointer
[ERROR]   BaseModel_getUpdatedAt_190467303710.test:40 » NullPointer
[ERROR]   BaseModel_hashCode_203758221317.test:40 » NullPointer
[ERROR]   BaseModel_hashCode_20375822138.test:40 » NullPointer
[ERROR]   BaseModel_prepareForSave_41724089915.test:40 » NullPointer
[ERROR]   BaseModel_prepareForSave_4172408996.test:40 » NullPointer
[ERROR]   BaseModel_prepareForUpdate_200674829713.test:40 » NullPointer
[ERROR]   BaseModel_prepareForUpdate_20067482974.test:40 » NullPointer
[ERROR]   BaseModel_setCreatedAt_213937530411.test:42 » NullPointer
[ERROR]   BaseModel_setCreatedAt_21393753042.test:56 » NullPointer
[ERROR]   BaseModel_setUpdatedAt_205950338712.test:42 » NullPointer
[ERROR]   BaseModel_setUpdatedAt_20595033873.test:56 » NullPointer
[ERROR]   CommentStatus_init_15814851542.test:42 » IllegalArgument Cannot reflectively c...
[ERROR]   CommentStatus_init_15814851545.test:47 » IllegalArgument Cannot reflectively c...
[ERROR]   CommentStatus_valueOf_19557304361.test:42 » IllegalArgument No enum constant i...
[ERROR]   CommentStatus_valueOf_19557304364.test:49 » NullPointer Name is null
[ERROR]   Comment_commentBy_27415573310.test:52 » NullPointer
[ERROR]   CommentService_findAll_13063091050.test:40 » NullPointer
[ERROR]   CommentResource_findAll_10931056071.test:43 » NullPointer
[ERROR]   CommentResource_findAll_10931056073.test:43 » NullPointer
[ERROR]   PersonStatus_init_17278156622.test:42 » IllegalArgument Cannot reflectively cr...
[ERROR]   PersonStatus_init_17278156625.test:47 » IllegalArgument Cannot reflectively cr...
[ERROR]   PersonStatus_valueOf_6963009321.test:42 » IllegalArgument No enum constant in....
[ERROR]   PersonStatus_valueOf_6963009324.test:49 » NullPointer Name is null
[ERROR]   Person_addRole_196040057546.test:58 » NullPointer
[ERROR]   Person_getRoles_127337836647.test:56 » NullPointer
[ERROR]   Person_updatePassword_115072606649.test:58 » NullPointer
[ERROR]   PostStatus_init_17283456582.test:44 » IllegalArgument Cannot reflectively crea...
[ERROR]   PostStatus_init_17283456586.test:49 » IllegalArgument Cannot reflectively crea...
[ERROR]   PostStatus_valueOf_7096322841.test:42 » IllegalArgument No enum constant in.cu...
[ERROR]   PostStatus_valueOf_7096322845.test:49 » NullPointer Name is null
[ERROR]   PersonCandidate_from_149391829924.test:53 » NullPointer
[ERROR]   PersonCandidate_test_159160969823.test:51 » NullPointer
[ERROR]   RoleCandidate_compareTo_206877365317.test:46 » NullPointer
[ERROR]   RoleCandidate_from_24349805215.test:46 » NullPointer
[ERROR]   RoleCandidate_init_19021164912.test:44 » InvocationTarget
[ERROR]   RoleCandidate_init_1902116492.test:44 » InvocationTarget
[ERROR]   RoleCandidate_init_2346678680.test:42 » InvocationTarget
[ERROR]   RoleCandidate_init_23466786810.test:42 » InvocationTarget
[ERROR]   PersonService_createPerson_6221930344.test:48 » NullPointer
[ERROR]   PersonService_findAll_20586812552.test:40 » NullPointer
[ERROR]   PersonService_findByUsername_1164371423.test:42 » NullPointer
[ERROR]   PersonService_save_12202010070.test:71 » NullPointer
[ERROR]   PersonService_update_17229079571.test:71 » NullPointer
[ERROR]   RoleService_delete_3688681493.test:45 » NullPointer
[ERROR]   RoleService_findAll_1820862780.test:40 » NullPointer
[ERROR]   RoleService_save_1197042551.test:48 » NullPointer
[ERROR]   RoleService_update_21123096452.test:48 » NullPointer
[ERROR]   TokenAuthenticationService_generateToken_4000153084.test:45 » NullPointer
[ERROR]   EventType_init_19540964582.test:42 » IllegalArgument Cannot reflectively creat...
[ERROR]   EventType_init_19540964586.test:47 » IllegalArgument Cannot reflectively creat...
[ERROR]   EventType_of_17861785473.test:42 » IllegalArgument Invalid counter type sjlJAE...
[ERROR]   EventType_of_17861785477.test:49 » IllegalArgument Invalid counter type null
[ERROR]   EventType_valueOf_10169100841.test:42 » IllegalArgument No enum constant in.cu...
[ERROR]   EventType_valueOf_10169100845.test:49 » NullPointer Name is null
[ERROR]   AnalyticsGeneratorService_doIngestPostEvent_7479568992.test:85 » NullPointer
[ERROR]   AnalyticsGeneratorService_doIngestPostEvent_7479568996.test:45 » NullPointer
[ERROR]   AnalyticsGeneratorService_ingest_15590187565.test:45 » NullPointer
[ERROR]   CacheManagementService_manageCache_17991621093.test:45 » NullPointer
[ERROR]   EventProcessingService_handleEvent_3111798087.test:47 » NullPointer
[ERROR]   EventProcessingService_process_6070344352.test:92 » NullPointer
[ERROR]   EventProcessingService_process_6070344356.test:47 » NullPointer
[ERROR]   EventService_trigger_5434637370.test:54 » NullPointer
[ERROR]   EventResource_triggerEvent_2119953901.test:50 » IllegalArgument Invalid counte...
[ERROR]   EventResource_triggerEvent_2119953903.test:47 » IllegalArgument Invalid counte...
[ERROR]   Category_addPost_155233458023.test:52 » NullPointer
[ERROR]   Category_getPosts_52379511422.test:50 » NullPointer
[ERROR]   PostAnalytics_liked_191117694010.test:48 » NullPointer
[ERROR]   PostAnalytics_viewed_136157913311.test:48 » NullPointer
[ERROR]   PostType_init_8571779032.test:44 » IllegalArgument Cannot reflectively create ...
[ERROR]   PostType_init_8571779036.test:49 » IllegalArgument Cannot reflectively create ...
[ERROR]   PostType_valueOf_3305185241.test:42 » IllegalArgument No enum constant in.cube...
[ERROR]   PostType_valueOf_3305185245.test:49 » NullPointer Name is null
[ERROR]   Post_addComment_136905189745.test:61 » NullPointer
[ERROR]   Post_addTag_30164674043.test:61 » NullPointer
[ERROR]   Post_getCategories_75583155555.test:59 » NullPointer
[ERROR]   Post_getComments_210207240544.test:59 » NullPointer
[ERROR]   Post_getTags_197952301442.test:59 » NullPointer
[ERROR]   Post_hasCategory_67064615356.test:61 » NullPointer
[ERROR]   Post_hasTag_167468535157.test:61 » NullPointer
[ERROR]   Post_removeCategory_32134874758.test:61 » NullPointer
[ERROR]   Post_removeTag_124392078559.test:61 » NullPointer
[ERROR]   CategoryService_delete_6327266122.test:45 » NullPointer
[ERROR]   CategoryService_findAll_11068933450.test:40 » NullPointer
[ERROR]   CategoryService_findOne_15948617821.test:45 » NullPointer
[ERROR]   CategoryService_save_2837183744.test:48 » NullPointer
[ERROR]   CategoryService_update_16110684543.test:81 » NullPointer
[ERROR]   PostService_addPostToCategory_165238266918.test:312 » NullPointer
[ERROR]   PostService_addPostToCategory_34411291517.test:350 » NullPointer
[ERROR]   PostService_delete_109773854613.test:45 » NullPointer
[ERROR]   PostService_findAllPublishedPostsByTags_12373175082.test:45 » NullPointer
[ERROR]   PostService_findAll_6418814111.test:40 » NullPointer
[ERROR]   PostService_findById_10793332540.test:45 » NullPointer
[ERROR]   PostService_findPostBySlug_200290653921.test:42 » NullPointer
[ERROR]   PostService_findSummaryForSlug_119802854510.test:42 » NullPointer
[ERROR]   PostService_getAllPostSummaries_19012676603.test:40 » NullPointer
[ERROR]   PostService_getPostSummaryByCategorySlug_57422850411.test:42 » NullPointer
[ERROR]   PostService_getPostSummaryByTagSlug_20870171812.test:42 » NullPointer
[ERROR]   PostService_getSummary_13532545189.test:42 » NullPointer
[ERROR]   PostService_persistPost_13813432615.test:109 » NullPointer
[ERROR]   PostService_persistPost_179043599414.test:60 » NullPointer
[ERROR]   PostService_save_10045479007.test:312 » NullPointer
[ERROR]   PostService_sortedSummary_4475869204.test:45 » NullPointer
[ERROR]   PostService_syncCategories_21267608819.test:319 » NullPointer
[ERROR]   PostService_syncTags_66446691120.test:359 » NullPointer
[ERROR]   PostService_toCandidate_18375019976.test:316 » NullPointer
[ERROR]   PostService_toCandidates_5979842345.test:240 » NullPointer
[ERROR]   PostService_updatePost_181486190816.test:355 » NullPointer
[ERROR]   PostService_update_10584054968.test:312 » NullPointer
[ERROR]   PostSummary_init_2100849020.test:105 » InvocationTarget
[ERROR]   PostSummary_init_21008490226.test:72 » InvocationTarget
[ERROR]   PostSummary_readTime_118428228728.test:63 » NullPointer
[ERROR]   PostSummary_toMeta_7115490171.test:129 » ArrayIndexOutOfBounds Index 1 out of ...
[ERROR]   PostSummary_toMeta_71154901727.test:63 » NullPointer
[ERROR]   TagService_delete_8207710102.test:45 » NullPointer
[ERROR]   TagService_findAll_17345763290.test:40 » NullPointer
[ERROR]   TagService_findOne_8254430641.test:45 » NullPointer
[ERROR]   TagService_save_5520923044.test:47 » NullPointer
[ERROR]   TagService_update_3573411243.test:77 » NullPointer
[ERROR]   BlogContent_ContentType_init_21122345842.test:42 » IllegalArgument Cannot refl...
[ERROR]   BlogContent_ContentType_init_21122345845.test:47 » IllegalArgument Cannot refl...
[ERROR]   BlogContent_ContentType_valueOf_18892771241.test:42 » IllegalArgument No enum ...
[ERROR]   BlogContent_ContentType_valueOf_18892771244.test:49 » NullPointer Name is null
[ERROR]   PostResource_delete_5767471824.test:48 » NullPointer
[ERROR]   PostResource_delete_5767471829.test:45 » NullPointer
[ERROR]   PostResource_findById_7110352521.test:48 » NullPointer
[ERROR]   PostResource_findById_7110352526.test:45 » NullPointer
[ERROR]   PostResource_save_16159336682.test:315 » NullPointer
[ERROR]   PostResource_save_16159336687.test:45 » NullPointer
[ERROR]   PostResource_update_6160802323.test:315 » NullPointer
[ERROR]   PostResource_update_6160802328.test:45 » NullPointer
[ERROR]   EncryptionHelper_getHash_2275865041.test:57 » IllegalArgument the salt paramet...
[ERROR]   EncryptionHelper_getHash_2275865043.test:46 » NullPointer the salt parameter m...
[ERROR]   Slugify_addReplacement_91677174611.test:51 » NullPointer
[ERROR]   Slugify_addReplacement_91677174627.test:48 » NullPointer
[ERROR]   Slugify_builtInReplacements_87328849124.test:48 » NullPointer
[ERROR]   Slugify_createPatternCache_23916892126.test:46 » NullPointer
[ERROR]   Slugify_customReplacements_103832316123.test:48 » NullPointer
[ERROR]   Slugify_isValidReplacement_148864784312.test:51 » NullPointer
[ERROR]   Slugify_isValidReplacement_148864784328.test:48 » NullPointer
[ERROR]   Slugify_matchAndReplace_211517141531.test:48 » NullPointer
[ERROR]   Slugify_normalize_17546868430.test:48 » NullPointer
[ERROR]   Slugify_withCustomReplacement_152747162217.test:50 » NullPointer
[ERROR]   Slugify_withCustomReplacements_148709775718.test:48 » NullPointer
[INFO] 
[ERROR] Tests run: 797, Failures: 0, Errors: 162, Skipped: 0
[INFO] 
[ERROR] There are test failures.

Please refer to /app/target/surefire-reports for the individual test results.
Please refer to dump files (if any exist) [date].dump, [date]-jvmRun[N].dump and [date].dumpstream.
[INFO] 
[INFO] --- jacoco-maven-plugin:0.8.11:report (report) @ cube-blog ---
[INFO] Loading execution data file /app/target/jacoco.exec
[INFO] Analyzed bundle 'cube-blog' with 75 classes
[INFO] 
[INFO] --- jacoco-maven-plugin:0.8.11:report (default-cli) @ cube-blog ---
[INFO] Loading execution data file /app/target/jacoco.exec
[INFO] Analyzed bundle 'cube-blog' with 75 classes
[INFO] ------------------------------------------------------------------------
[INFO] BUILD SUCCESS
[INFO] ------------------------------------------------------------------------
[INFO] Total time:  21.942 s
[INFO] Finished at: 2026-04-08T06:44:36Z
[INFO] ------------------------------------------------------------------------
