#
# A fatal error has been detected by the Java Runtime Environment:
#
#  SIGSEGV (0xb) at pc=0x00007094fb75c89e, pid=354294, tid=354958
#
# JRE version: OpenJDK Runtime Environment (11.0.31+11) (build 11.0.31+11-post-1ubuntu1-22.04.2-Ubuntu)
# Java VM: OpenJDK 64-Bit Server VM (11.0.31+11-post-1ubuntu1-22.04.2-Ubuntu, mixed mode, sharing, tiered, compressed oops, g1 gc, linux-amd64)
# Problematic frame:
# V  [libjvm.so+0x75c89e]  void OopOopIterateDispatch<G1CMOopClosure>::Table::oop_oop_iterate<InstanceKlass, unsigned int>(G1CMOopClosure*, oopDesc*, Klass*)+0x1be
#
# Core dump will be written. Default location: Core dumps may be processed with "/usr/share/apport/apport -p%p -s%s -c%c -d%d -P%P -u%u -g%g -F%F -- %E" (or dumping to /home/suelenfelix/TCC/teste/analise-geracao-testes/projects/openapi-json-schema-tools_openapi-json-schema-generator/core.354294)
#
# If you would like to submit a bug report, please visit:
#   https://bugs.launchpad.net/ubuntu/+source/openjdk-lts
#

---------------  S U M M A R Y ------------

Command Line: -Xmx8g -Djava.security.manager -Djava.security.policy==/home/suelenfelix/TCC/teste/analise-geracao-testes/kex/kex.policy -Dlogback.statusListenerClass=ch.qos.logback.core.status.NopStatusListener --add-opens=java.base/java.util.concurrent.atomic=ALL-UNNAMED --add-opens=java.base/sun.security.util=ALL-UNNAMED --add-opens=java.base/sun.reflect.annotation=ALL-UNNAMED --add-opens=java.base/java.text=ALL-UNNAMED --add-opens=java.base/java.lang.invoke=ALL-UNNAMED --add-opens=java.base/java.module.invoke=ALL-UNNAMED --add-opens=java.base/jdk.internal.misc=ALL-UNNAMED --add-opens=java.base/sun.reflect.generics.repository=ALL-UNNAMED --add-opens=java.base/java.io=ALL-UNNAMED --add-opens=java.base/java.nio=ALL-UNNAMED --add-opens=java.base/java.nio.file=ALL-UNNAMED --add-opens=java.base/java.net=ALL-UNNAMED --add-opens=java.base/java.lang=ALL-UNNAMED --add-opens=java.base/java.security=ALL-UNNAMED --add-opens=java.base/java.util=ALL-UNNAMED --add-opens=java.base/java.util.stream=ALL-UNNAMED --add-opens=java.base/java.util.concurrent=ALL-UNNAMED --add-opens=java.base/java.util.concurrent.locks=ALL-UNNAMED --add-opens=java.base/java.math=ALL-UNNAMED --add-opens=java.base/java.lang.ref=ALL-UNNAMED --add-opens=java.base/java.lang.reflect=ALL-UNNAMED --add-opens=java.base/sun.security.provider=ALL-UNNAMED --add-opens=java.base/sun.net.util=ALL-UNNAMED --add-opens=java.base/sun.net.fs=ALL-UNNAMED --add-opens=java.base/jdk.internal.event=ALL-UNNAMED --add-opens=java.base/jdk.internal.jimage=ALL-UNNAMED --add-opens=java.base/jdk.internal.jimage.decompressor=ALL-UNNAMED --add-opens=java.base/jdk.internal.jmod=ALL-UNNAMED --add-opens=java.base/jdk.internal.jtrfs=ALL-UNNAMED --add-opens=java.base/jdk.internal.loader=ALL-UNNAMED --add-opens=java.base/jdk.internal.logger=ALL-UNNAMED --add-opens=java.base/jdk.internal.math=ALL-UNNAMED --add-opens=java.base/jdk.internal.misc=ALL-UNNAMED --add-opens=java.base/jdk.internal.module=ALL-UNNAMED --add-opens=java.base/jdk.internal.org.objectweb.asm.commons=ALL-UNNAMED --add-opens=java.base/jdk.internal.org.objectweb.asm.signature=ALL-UNNAMED --add-opens=java.base/jdk.internal.org.objectweb.asm.tree=ALL-UNNAMED --add-opens=java.base/jdk.internal.org.objectweb.asm.tree.analysis=ALL-UNNAMED --add-opens=java.base/jdk.internal.org.objectweb.asm.util=ALL-UNNAMED --add-opens=java.base/jdk.internal.org.xml.sax=ALL-UNNAMED --add-opens=java.base/jdk.internal.org.xml.sax.helpers=ALL-UNNAMED --add-opens=java.base/jdk.internal.perf=ALL-UNNAMED --add-opens=java.base/jdk.internal.platform=ALL-UNNAMED --add-opens=java.base/jdk.internal.ref=ALL-UNNAMED --add-opens=java.base/jdk.internal.reflect=ALL-UNNAMED --add-opens=java.base/jdk.internal.util=ALL-UNNAMED --add-opens=java.base/jdk.internal.util.jar=ALL-UNNAMED --add-opens=java.base/jdk.internal.util.xml=ALL-UNNAMED --add-opens=java.base/jdk.internal.util.xml.impl=ALL-UNNAMED --add-opens=java.base/jdk.internal.vm=ALL-UNNAMED --add-opens=java.base/jdk.internal.vm.annotation=ALL-UNNAMED --add-opens=java.logging/java.util.logging=ALL-UNNAMED --illegal-access=warn /home/suelenfelix/TCC/teste/analise-geracao-testes/kex/kex-runner/target/kex-runner-0.0.11-jar-with-dependencies.jar --classpath target/classes --target org.openapijsonschematools.codegen.* --output kex-tests --mode concolic

Host: AMD Ryzen 5 5600G with Radeon Graphics, 12 cores, 30G, Pop!_OS 22.04 LTS
Time: Tue Aug 11 11:03:13 2026 -03 elapsed time: 7914.234967 seconds (0d 2h 11m 54s)

---------------  T H R E A D  ---------------

Current thread (0x00007094c0002800):  ConcurrentGCThread "G1 Conc#2" [stack: 0x00007094239ff000,0x0000709423aff000] [id=354958]

Stack: [0x00007094239ff000,0x0000709423aff000],  sp=0x0000709423afdb50,  free space=1018k
Native frames: (J=compiled Java code, A=aot compiled Java code, j=interpreted, Vv=VM code, C=native code)
V  [libjvm.so+0x75c89e]  void OopOopIterateDispatch<G1CMOopClosure>::Table::oop_oop_iterate<InstanceKlass, unsigned int>(G1CMOopClosure*, oopDesc*, Klass*)+0x1be
V  [libjvm.so+0x76626e]  void G1CMTask::process_grey_task_entry<true>(G1TaskQueueEntry) [clone .isra.0]+0xce
V  [libjvm.so+0x7683c0]  G1CMTask::drain_local_queue(bool) [clone .part.0] [clone .constprop.0]+0x50
V  [libjvm.so+0x769d05]  G1CMTask::do_marking_step(double, bool, bool)+0x805
V  [libjvm.so+0x76f0bd]  G1CMConcurrentMarkingTask::work(unsigned int)+0xdd
V  [libjvm.so+0xee7f1e]  GangWorker::loop()+0x4e
V  [libjvm.so+0xe4ccd0]  Thread::call_run()+0x140
V  [libjvm.so+0xc080fe]  thread_native_entry(Thread*)+0xee


siginfo: si_signo: 11 (SIGSEGV), si_code: 1 (SEGV_MAPERR), si_addr: 0x00000008082f1188

Register to memory mapping:

RAX=0x0000000000000001 is an unknown value
RBX=0x0000709423afdc90 points into unknown readable memory: 0x00007094fc196368 | 68 63 19 fc 94 70 00 00
RCX=0x0000000000000003 is an unknown value
RDX=0x00007094fc29cbac: <offset 0x000000000129cbac> in /usr/lib/jvm/java-11-openjdk-amd64/lib/server/libjvm.so at 0x00007094fb000000
RSP=0x0000709423afdb50 points into unknown readable memory: 0x0000000000000009 | 09 00 00 00 00 00 00 00
RBP=0x0000709423afdbc0 points into unknown readable memory: 0x0000709423afdc00 | 00 dc af 23 94 70 00 00
RSI=
[error occurred during error reporting (printing register info), id 0xb, SIGSEGV (0xb) at pc=0x00007094fb824ea2]

Registers:
RAX=0x0000000000000001, RBX=0x0000709423afdc90, RCX=0x0000000000000003, RDX=0x00007094fc29cbac
RSP=0x0000709423afdb50, RBP=0x0000709423afdbc0, RSI=0x00000006233681b0, RDI=0x00000008082f1180
R8 =0x0000709423afdc90, R9 =0x0000000000000001, R10=0x00007094fc26f950, R11=0x0000000000000007
R12=0x00007094f4075df0, R13=0x000000062333a310, R14=0x00007094f405d670, R15=0x000000062333a318
RIP=0x00007094fb75c89e, EFLAGS=0x0000000000010202, CSGSFS=0x002b000000000033, ERR=0x0000000000000004
  TRAPNO=0x000000000000000e

Top of Stack: (sp=0x0000709423afdb50)
0x0000709423afdb50:   0000000000000009 000000000000f256
0x0000709423afdb60:   0000000000000000 000000062333a2e0
0x0000709423afdb70:   00000008003134f8 00000008003134f0
0x0000709423afdb80:   000000062333a318 00000008002f0de8 

Instructions: (pc=0x00007094fb75c89e)
0x00007094fb75c79e:   b1 00 8b 48 08 48 d3 e6 48 03 30 0f 84 91 00 00
0x00007094fb75c7ae:   00 4d 8b 74 24 20 48 89 f2 45 8b 4c 24 10 49 8b
0x00007094fb75c7be:   46 08 8b 88 c0 02 00 00 48 8b 80 b0 02 00 00 48
0x00007094fb75c7ce:   d3 ea 48 8b 04 d0 48 3b b0 60 01 00 00 73 63 49
0x00007094fb75c7de:   8b 96 90 00 00 00 48 89 f1 41 ba 01 00 00 00 48
0x00007094fb75c7ee:   2b 0a 48 89 c8 8b 4a 10 48 c1 e8 03 48 d3 e8 48
0x00007094fb75c7fe:   89 c1 48 89 c7 48 8b 42 18 48 c1 ef 06 83 e1 3f
0x00007094fb75c80e:   48 8d 3c f8 49 d3 e2 48 8b 0f eb 16 66 0f 1f 44
0x00007094fb75c81e:   00 00 48 89 c8 f0 48 0f b1 17 48 39 c1 74 4b 48
0x00007094fb75c82e:   89 c1 4c 89 d2 48 09 ca 48 39 d1 75 e5 0f 1f 44
0x00007094fb75c83e:   00 00 49 83 c5 04 4d 39 ef 0f 87 33 ff ff ff 4c
0x00007094fb75c84e:   8b 4d b8 49 89 d8 49 83 c1 08 4c 39 4d b0 0f 87
0x00007094fb75c85e:   f6 fe ff ff 48 83 c4 48 5b 41 5c 41 5d 41 5e 41
0x00007094fb75c86e:   5f 5d c3 0f 1f 80 00 00 00 00 48 8d 15 2d 03 b4
0x00007094fb75c87e:   00 0f b6 02 84 c0 0f 84 76 02 00 00 4c 8d 15 bf
0x00007094fb75c88e:   30 b1 00 8b 7e 08 41 8b 4a 08 48 d3 e7 49 03 3a
0x00007094fb75c89e:   8b 4f 08 85 c9 0f 8e 37 01 00 00 f6 c1 01 74 1a
0x00007094fb75c8ae:   48 8b 07 4c 8d 05 68 ac df ff 48 8b 80 10 01 00
0x00007094fb75c8be:   00 4c 39 c0 0f 85 b7 02 00 00 c1 f9 03 4c 63 d1
0x00007094fb75c8ce:   49 8b 86 f0 02 00 00 48 89 f1 4a 8b 3c c8 48 8b
0x00007094fb75c8de:   47 18 48 2b 48 10 48 89 c8 48 8d 0d 0e 16 b4 00
0x00007094fb75c8ee:   8b 09 48 d3 e8 48 89 c1 23 47 68 48 c1 e0 04 48
0x00007094fb75c8fe:   03 47 48 44 8b 08 44 39 c9 0f 84 e3 01 00 00 4c
0x00007094fb75c90e:   8b 58 08 4d 85 db 74 0d 4c 8b 77 38 4f 8d 0c ce
0x00007094fb75c91e:   f0 4d 0f c1 19 48 c7 40 08 00 00 00 00 89 08 48
0x00007094fb75c92e:   83 47 60 01 4c 01 50 08 49 8b 44 24 20 48 8b 88
0x00007094fb75c93e:   d8 02 00 00 49 8b 84 24 98 00 00 00 48 85 c0 74
0x00007094fb75c94e:   13 48 39 c6 72 17 49 3b b4 24 a0 00 00 00 0f 82
0x00007094fb75c95e:   de fe ff ff 48 39 ce 0f 83 d5 fe ff ff 80 3a 00
0x00007094fb75c96e:   0f 84 bc 00 00 00 48 8d 15 d5 2f b1 00 8b 46 08
0x00007094fb75c97e:   8b 4a 08 48 d3 e0 48 03 02 81 78 08 ff ff ff bf
0x00007094fb75c98e:   0f 86 ad 00 00 00 49 8b 84 24 b0 00 00 00 49 39 


Stack slot to memory mapping:
stack at sp + 0 slots: 0x0000000000000009 is an unknown value
stack at sp + 1 slots: 0x000000000000f256 is an unknown value
stack at sp + 2 slots: 0x0 is NULL
stack at sp + 3 slots: 0x000000062333a2e0 points into unknown readable memory: 0x000000000000005d | 5d 00 00 00 00 00 00 00
stack at sp + 4 slots: 0x00000008003134f8 is pointing into metadata
stack at sp + 5 slots: 0x00000008003134f0 is pointing into metadata
stack at sp + 6 slots: 0x000000062333a318 points into unknown readable memory: 0x0000000000000059 | 59 00 00 00 00 00 00 00
stack at sp + 7 slots: 0x00000008002f0de8 is pointing into metadata


---------------  P R O C E S S  ---------------

Threads class SMR info:
_java_thread_list=0x000070942868c1f0, length=22, elements={
0x00007094f4019800, 0x00007094f429f800, 0x00007094f42a1800, 0x00007094f42a7800,
0x00007094f42a9800, 0x00007094f42ab800, 0x00007094f42ad800, 0x00007094f42af800,
0x00007094f4305800, 0x00007094f45d0000, 0x00007094f45d1800, 0x000070944e78e000,
0x000070944e78f800, 0x000070942c001000, 0x00007094f4460000, 0x000070944e7d8000,
0x00007094f4455800, 0x00007094f445b000, 0x00007094f445c800, 0x00007094f42b2000,
0x00007094f42b3800, 0x00007094f42b6000
}

Java Threads: ( => current thread )
  0x00007094f4019800 JavaThread "main" [_thread_blocked, id=354295, stack(0x00007094fc300000,0x00007094fc400000)]
  0x00007094f429f800 JavaThread "Reference Handler" daemon [_thread_blocked, id=354302, stack(0x00007094dc500000,0x00007094dc600000)]
  0x00007094f42a1800 JavaThread "Finalizer" daemon [_thread_blocked, id=354303, stack(0x00007094dc400000,0x00007094dc500000)]
  0x00007094f42a7800 JavaThread "Signal Dispatcher" daemon [_thread_blocked, id=354304, stack(0x00007094dc300000,0x00007094dc400000)]
  0x00007094f42a9800 JavaThread "Service Thread" daemon [_thread_blocked, id=354305, stack(0x00007094dc200000,0x00007094dc300000)]
  0x00007094f42ab800 JavaThread "C2 CompilerThread0" daemon [_thread_blocked, id=354306, stack(0x00007094dc100000,0x00007094dc200000)]
  0x00007094f42ad800 JavaThread "C1 CompilerThread0" daemon [_thread_blocked, id=354307, stack(0x00007094dc000000,0x00007094dc100000)]
  0x00007094f42af800 JavaThread "Sweeper thread" daemon [_thread_blocked, id=354308, stack(0x00007094c4700000,0x00007094c4800000)]
  0x00007094f4305800 JavaThread "Common-Cleaner" daemon [_thread_blocked, id=354309, stack(0x00007094c4600000,0x00007094c4700000)]
  0x00007094f45d0000 JavaThread "AsyncAppender-Worker-asyncFileLogger" daemon [_thread_blocked, id=354322, stack(0x00007094bd7f9000,0x00007094bd8f9000)]
  0x00007094f45d1800 JavaThread "AsyncAppender-Worker-asyncStdout" daemon [_thread_blocked, id=354323, stack(0x00007094bd6f9000,0x00007094bd7f9000)]
  0x000070944e78e000 JavaThread "DefaultDispatcher-worker-1" daemon [_thread_blocked, id=354365, stack(0x00007094bcbf9000,0x00007094bccf9000)]
  0x000070944e78f800 JavaThread "DefaultDispatcher-worker-2" daemon [_thread_in_native, id=354366, stack(0x00007094bcaf9000,0x00007094bcbf9000)]
  0x000070942c001000 JavaThread "DefaultDispatcher-worker-3" daemon [_thread_blocked, id=354367, stack(0x00007094bc9f9000,0x00007094bcaf9000)]
  0x00007094f4460000 JavaThread "concolic-dispatcher" daemon [_thread_blocked, id=354955, stack(0x00007094c42ff000,0x00007094c43ff000)]
  0x000070944e7d8000 JavaThread "concolic-dispatcher" daemon [_thread_blocked, id=354995, stack(0x00007094bc8f9000,0x00007094bc9f9000)]
  0x00007094f4455800 JavaThread "concolic-dispatcher" daemon [_thread_blocked, id=355015, stack(0x00007094bc000000,0x00007094bc100000)]
  0x00007094f445b000 JavaThread "concolic-dispatcher" daemon [_thread_blocked, id=355016, stack(0x00007094238fe000,0x00007094239fe000)]
  0x00007094f445c800 JavaThread "concolic-dispatcher" daemon [_thread_blocked, id=355017, stack(0x0000709422900000,0x0000709422a00000)]
  0x00007094f42b2000 JavaThread "concolic-dispatcher" daemon [_thread_blocked, id=355018, stack(0x0000709422800000,0x0000709422900000)]
  0x00007094f42b3800 JavaThread "concolic-dispatcher" daemon [_thread_blocked, id=355019, stack(0x0000709422700000,0x0000709422800000)]
  0x00007094f42b6000 JavaThread "concolic-dispatcher" daemon [_thread_in_vm, id=355020, stack(0x0000709422600000,0x0000709422700000)]

Other Threads:
  0x00007094f429c800 VMThread "VM Thread" [stack: 0x00007094f3f00000,0x00007094f4000000] [id=354301]
  0x00007094f434a000 WatcherThread [stack: 0x00007094c4500000,0x00007094c4600000] [id=354310]
  0x00007094f4032800 GCTaskThread "GC Thread#0" [stack: 0x00007094faa15000,0x00007094fab15000] [id=354296]
  0x00007094b0001000 GCTaskThread "GC Thread#1" [stack: 0x00007094c41ff000,0x00007094c42ff000] [id=354313]
  0x00007094b0002800 GCTaskThread "GC Thread#2" [stack: 0x00007094c40fe000,0x00007094c41fe000] [id=354314]
  0x00007094b0004000 GCTaskThread "GC Thread#3" [stack: 0x00007094bdf00000,0x00007094be000000] [id=354315]
  0x00007094b0006000 GCTaskThread "GC Thread#4" [stack: 0x00007094bddff000,0x00007094bdeff000] [id=354316]
  0x00007094b0007800 GCTaskThread "GC Thread#5" [stack: 0x00007094bdcfe000,0x00007094bddfe000] [id=354317]
  0x00007094b0009000 GCTaskThread "GC Thread#6" [stack: 0x00007094bdbfd000,0x00007094bdcfd000] [id=354318]
  0x00007094b000a800 GCTaskThread "GC Thread#7" [stack: 0x00007094bdafc000,0x00007094bdbfc000] [id=354319]
  0x00007094b000c000 GCTaskThread "GC Thread#8" [stack: 0x00007094bd9fb000,0x00007094bdafb000] [id=354320]
  0x00007094b000d800 GCTaskThread "GC Thread#9" [stack: 0x00007094bd8fa000,0x00007094bd9fa000] [id=354321]
  0x00007094f406e800 ConcurrentGCThread "G1 Main Marker" [stack: 0x00007094f8df7000,0x00007094f8ef7000] [id=354297]
  0x00007094f4070000 ConcurrentGCThread "G1 Conc#0" [stack: 0x00007094f8cf6000,0x00007094f8df6000] [id=354298]
  0x00007094c0001000 ConcurrentGCThread "G1 Conc#1" [stack: 0x0000709423b00000,0x0000709423c00000] [id=354957]
=>0x00007094c0002800 ConcurrentGCThread "G1 Conc#2" [stack: 0x00007094239ff000,0x0000709423aff000] [id=354958]
  0x00007094f41f5800 ConcurrentGCThread "G1 Refine#0" [stack: 0x00007094f81eb000,0x00007094f82eb000] [id=354299]
  0x00007094b4001000 ConcurrentGCThread "G1 Refine#1" [stack: 0x00007094bd300000,0x00007094bd400000] [id=354340]
  0x0000709450001000 ConcurrentGCThread "G1 Refine#2" [stack: 0x00007094bd1ff000,0x00007094bd2ff000] [id=354341]
  0x0000709444001000 ConcurrentGCThread "G1 Refine#3" [stack: 0x00007094bd0fe000,0x00007094bd1fe000] [id=354342]
  0x0000709448001000 ConcurrentGCThread "G1 Refine#4" [stack: 0x00007094bcffd000,0x00007094bd0fd000] [id=354343]
  0x000070943c001000 ConcurrentGCThread "G1 Refine#5" [stack: 0x00007094bcefc000,0x00007094bcffc000] [id=354344]
  0x0000709440001000 ConcurrentGCThread "G1 Refine#6" [stack: 0x00007094bcdfb000,0x00007094bcefb000] [id=354345]
  0x0000709434001000 ConcurrentGCThread "G1 Refine#7" [stack: 0x00007094bccfa000,0x00007094bcdfa000] [id=354346]
  0x0000709438001000 ConcurrentGCThread "G1 Refine#8" [stack: 0x0000709420100000,0x0000709420200000] [id=355188]
  0x00007094f41f7000 ConcurrentGCThread "G1 Young RemSet Sampling" [stack: 0x00007094f80ea000,0x00007094f81ea000] [id=354300]

Threads with active compile tasks:

VM state:not at safepoint (normal execution)

VM Mutex/Monitor currently owned by a thread: None

OutOfMemory and StackOverflow Exception counts:
StackOverflowErrors=3622528
LinkageErrors=478

Heap address: 0x0000000600000000, size: 8192 MB, Compressed Oops mode: Zero based, Oop shift amount: 3
Narrow klass base: 0x0000000800000000, Narrow klass shift: 3
Compressed class space size: 1073741824 Address: 0x0000000840000000

Heap:
 garbage-first heap   total 1101824K, used 587052K [0x0000000600000000, 0x0000000800000000)
  region size 2048K, 8 young (16384K), 4 survivors (8192K)
 Metaspace       used 125422K, capacity 175810K, committed 238452K, reserved 1198080K
  class space    used 16016K, capacity 27019K, committed 89544K, reserved 1048576K
Heap Regions: E=young(eden), S=young(survivor), O=old, HS=humongous(starts), HC=humongous(continues), CS=collection set, F=free, A=archive, TAMS=top-at-mark-start (previous, next)
|   0|0x0000000600000000, 0x0000000600200000, 0x0000000600200000|100%| O|  |TAMS 0x0000000600200000, 0x0000000600200000| Untracked 
|   1|0x0000000600200000, 0x0000000600400000, 0x0000000600400000|100%| O|  |TAMS 0x0000000600400000, 0x0000000600400000| Untracked 
|   2|0x0000000600400000, 0x0000000600600000, 0x0000000600600000|100%|HS|  |TAMS 0x0000000600600000, 0x0000000600600000| Complete 
|   3|0x0000000600600000, 0x0000000600800000, 0x0000000600800000|100%|HC|  |TAMS 0x0000000600800000, 0x0000000600800000| Complete 
|   4|0x0000000600800000, 0x0000000600a00000, 0x0000000600a00000|100%| O|  |TAMS 0x0000000600a00000, 0x0000000600a00000| Untracked 
|   5|0x0000000600a00000, 0x0000000600c00000, 0x0000000600c00000|100%| O|  |TAMS 0x0000000600c00000, 0x0000000600c00000| Untracked 
|   6|0x0000000600c00000, 0x0000000600e00000, 0x0000000600e00000|100%| O|  |TAMS 0x0000000600e00000, 0x0000000600e00000| Untracked 
|   7|0x0000000600e00000, 0x0000000601000000, 0x0000000601000000|100%| O|  |TAMS 0x0000000601000000, 0x0000000601000000| Untracked 
|   8|0x0000000601000000, 0x0000000601200000, 0x0000000601200000|100%| O|  |TAMS 0x0000000601200000, 0x0000000601200000| Untracked 
|   9|0x0000000601200000, 0x0000000601400000, 0x0000000601400000|100%| O|  |TAMS 0x0000000601400000, 0x0000000601400000| Untracked 
|  10|0x0000000601400000, 0x0000000601600000, 0x0000000601600000|100%| O|  |TAMS 0x0000000601600000, 0x0000000601600000| Untracked 
|  11|0x0000000601600000, 0x0000000601800000, 0x0000000601800000|100%| O|  |TAMS 0x0000000601800000, 0x0000000601800000| Untracked 
|  12|0x0000000601800000, 0x0000000601a00000, 0x0000000601a00000|100%| O|  |TAMS 0x0000000601a00000, 0x0000000601a00000| Untracked 
|  13|0x0000000601a00000, 0x0000000601c00000, 0x0000000601c00000|100%| O|  |TAMS 0x0000000601c00000, 0x0000000601c00000| Untracked 
|  14|0x0000000601c00000, 0x0000000601e00000, 0x0000000601e00000|100%| O|  |TAMS 0x0000000601e00000, 0x0000000601e00000| Untracked 
|  15|0x0000000601e00000, 0x0000000602000000, 0x0000000602000000|100%| O|  |TAMS 0x0000000602000000, 0x0000000602000000| Untracked 
|  16|0x0000000602000000, 0x0000000602200000, 0x0000000602200000|100%| O|  |TAMS 0x0000000602200000, 0x0000000602200000| Untracked 
|  17|0x0000000602200000, 0x0000000602400000, 0x0000000602400000|100%| O|  |TAMS 0x0000000602200000, 0x0000000602400000| Untracked 
|  18|0x0000000602400000, 0x0000000602600000, 0x0000000602600000|100%| O|  |TAMS 0x0000000602600000, 0x0000000602600000| Untracked 
|  19|0x0000000602600000, 0x0000000602800000, 0x0000000602800000|100%| O|  |TAMS 0x0000000602800000, 0x0000000602800000| Untracked 
|  20|0x0000000602800000, 0x0000000602a00000, 0x0000000602a00000|100%| O|  |TAMS 0x0000000602a00000, 0x0000000602a00000| Untracked 
|  21|0x0000000602a00000, 0x0000000602c00000, 0x0000000602c00000|100%| O|  |TAMS 0x0000000602c00000, 0x0000000602c00000| Untracked 
|  22|0x0000000602c00000, 0x0000000602e00000, 0x0000000602e00000|100%| O|  |TAMS 0x0000000602e00000, 0x0000000602e00000| Untracked 
|  23|0x0000000602e00000, 0x0000000603000000, 0x0000000603000000|100%| O|  |TAMS 0x0000000603000000, 0x0000000603000000| Untracked 
|  24|0x0000000603000000, 0x0000000603200000, 0x0000000603200000|100%| O|  |TAMS 0x0000000603200000, 0x0000000603200000| Untracked 
|  25|0x0000000603200000, 0x0000000603400000, 0x0000000603400000|100%| O|  |TAMS 0x0000000603400000, 0x0000000603400000| Untracked 
|  26|0x0000000603400000, 0x0000000603600000, 0x0000000603600000|100%| O|  |TAMS 0x0000000603600000, 0x0000000603600000| Untracked 
|  27|0x0000000603600000, 0x0000000603600000, 0x0000000603800000|  0%| F|  |TAMS 0x0000000603600000, 0x0000000603600000| Untracked 
|  28|0x0000000603800000, 0x0000000603a00000, 0x0000000603a00000|100%| O|  |TAMS 0x0000000603a00000, 0x0000000603a00000| Untracked 
|  29|0x0000000603a00000, 0x0000000603c00000, 0x0000000603c00000|100%| O|  |TAMS 0x0000000603c00000, 0x0000000603c00000| Untracked 
|  30|0x0000000603c00000, 0x0000000603e00000, 0x0000000603e00000|100%| O|  |TAMS 0x0000000603e00000, 0x0000000603e00000| Untracked 
|  31|0x0000000603e00000, 0x0000000604000000, 0x0000000604000000|100%| O|  |TAMS 0x0000000604000000, 0x0000000604000000| Untracked 
|  32|0x0000000604000000, 0x0000000604200000, 0x0000000604200000|100%| O|  |TAMS 0x0000000604200000, 0x0000000604200000| Untracked 
|  33|0x0000000604200000, 0x0000000604400000, 0x0000000604400000|100%| O|  |TAMS 0x0000000604400000, 0x0000000604400000| Untracked 
|  34|0x0000000604400000, 0x0000000604600000, 0x0000000604600000|100%| O|  |TAMS 0x0000000604600000, 0x0000000604600000| Untracked 
|  35|0x0000000604600000, 0x0000000604800000, 0x0000000604800000|100%| O|  |TAMS 0x0000000604800000, 0x0000000604800000| Untracked 
|  36|0x0000000604800000, 0x0000000604a00000, 0x0000000604a00000|100%| O|  |TAMS 0x0000000604a00000, 0x0000000604a00000| Untracked 
|  37|0x0000000604a00000, 0x0000000604c00000, 0x0000000604c00000|100%| O|  |TAMS 0x0000000604c00000, 0x0000000604c00000| Untracked 
|  38|0x0000000604c00000, 0x0000000604e00000, 0x0000000604e00000|100%| O|  |TAMS 0x0000000604e00000, 0x0000000604e00000| Untracked 
|  39|0x0000000604e00000, 0x0000000605000000, 0x0000000605000000|100%| O|  |TAMS 0x0000000605000000, 0x0000000605000000| Untracked 
|  40|0x0000000605000000, 0x0000000605200000, 0x0000000605200000|100%| O|  |TAMS 0x0000000605200000, 0x0000000605200000| Untracked 
|  41|0x0000000605200000, 0x0000000605400000, 0x0000000605400000|100%| O|  |TAMS 0x0000000605400000, 0x0000000605400000| Untracked 
|  42|0x0000000605400000, 0x0000000605600000, 0x0000000605600000|100%| O|  |TAMS 0x0000000605600000, 0x0000000605600000| Untracked 
|  43|0x0000000605600000, 0x0000000605800000, 0x0000000605800000|100%| O|  |TAMS 0x0000000605800000, 0x0000000605800000| Untracked 
|  44|0x0000000605800000, 0x0000000605a00000, 0x0000000605a00000|100%| O|  |TAMS 0x0000000605a00000, 0x0000000605a00000| Untracked 
|  45|0x0000000605a00000, 0x0000000605c00000, 0x0000000605c00000|100%| O|  |TAMS 0x0000000605c00000, 0x0000000605c00000| Untracked 
|  46|0x0000000605c00000, 0x0000000605e00000, 0x0000000605e00000|100%| O|  |TAMS 0x0000000605e00000, 0x0000000605e00000| Untracked 
|  47|0x0000000605e00000, 0x0000000606000000, 0x0000000606000000|100%| O|  |TAMS 0x0000000606000000, 0x0000000606000000| Untracked 
|  48|0x0000000606000000, 0x0000000606200000, 0x0000000606200000|100%| O|  |TAMS 0x0000000606200000, 0x0000000606200000| Untracked 
|  49|0x0000000606200000, 0x0000000606400000, 0x0000000606400000|100%| O|  |TAMS 0x0000000606400000, 0x0000000606400000| Untracked 
|  50|0x0000000606400000, 0x0000000606600000, 0x0000000606600000|100%| O|  |TAMS 0x0000000606600000, 0x0000000606600000| Untracked 
|  51|0x0000000606600000, 0x0000000606800000, 0x0000000606800000|100%| O|  |TAMS 0x0000000606800000, 0x0000000606800000| Untracked 
|  52|0x0000000606800000, 0x0000000606a00000, 0x0000000606a00000|100%| O|  |TAMS 0x0000000606a00000, 0x0000000606a00000| Untracked 
|  53|0x0000000606a00000, 0x0000000606c00000, 0x0000000606c00000|100%| O|  |TAMS 0x0000000606c00000, 0x0000000606c00000| Untracked 
|  54|0x0000000606c00000, 0x0000000606e00000, 0x0000000606e00000|100%| O|  |TAMS 0x0000000606e00000, 0x0000000606e00000| Untracked 
|  55|0x0000000606e00000, 0x0000000607000000, 0x0000000607000000|100%| O|  |TAMS 0x0000000607000000, 0x0000000607000000| Untracked 
|  56|0x0000000607000000, 0x0000000607200000, 0x0000000607200000|100%| O|  |TAMS 0x0000000607200000, 0x0000000607200000| Untracked 
|  57|0x0000000607200000, 0x0000000607400000, 0x0000000607400000|100%| O|  |TAMS 0x0000000607400000, 0x0000000607400000| Untracked 
|  58|0x0000000607400000, 0x0000000607600000, 0x0000000607600000|100%| O|  |TAMS 0x0000000607600000, 0x0000000607600000| Untracked 
|  59|0x0000000607600000, 0x0000000607800000, 0x0000000607800000|100%| O|  |TAMS 0x0000000607800000, 0x0000000607800000| Untracked 
|  60|0x0000000607800000, 0x0000000607a00000, 0x0000000607a00000|100%| O|  |TAMS 0x0000000607a00000, 0x0000000607a00000| Untracked 
|  61|0x0000000607a00000, 0x0000000607c00000, 0x0000000607c00000|100%| O|  |TAMS 0x0000000607c00000, 0x0000000607c00000| Untracked 
|  62|0x0000000607c00000, 0x0000000607e00000, 0x0000000607e00000|100%| O|  |TAMS 0x0000000607e00000, 0x0000000607e00000| Untracked 
|  63|0x0000000607e00000, 0x0000000608000000, 0x0000000608000000|100%| O|  |TAMS 0x0000000608000000, 0x0000000608000000| Untracked 
|  64|0x0000000608000000, 0x0000000608200000, 0x0000000608200000|100%| O|  |TAMS 0x0000000608200000, 0x0000000608200000| Untracked 
|  65|0x0000000608200000, 0x0000000608400000, 0x0000000608400000|100%| O|  |TAMS 0x0000000608400000, 0x0000000608400000| Untracked 
|  66|0x0000000608400000, 0x0000000608600000, 0x0000000608600000|100%| O|  |TAMS 0x0000000608600000, 0x0000000608600000| Untracked 
|  67|0x0000000608600000, 0x0000000608600000, 0x0000000608800000|  0%| F|  |TAMS 0x0000000608600000, 0x0000000608600000| Untracked 
|  68|0x0000000608800000, 0x0000000608a00000, 0x0000000608a00000|100%| O|  |TAMS 0x0000000608a00000, 0x0000000608a00000| Untracked 
|  69|0x0000000608a00000, 0x0000000608c00000, 0x0000000608c00000|100%| O|  |TAMS 0x0000000608c00000, 0x0000000608c00000| Untracked 
|  70|0x0000000608c00000, 0x0000000608e00000, 0x0000000608e00000|100%| O|  |TAMS 0x0000000608e00000, 0x0000000608e00000| Untracked 
|  71|0x0000000608e00000, 0x0000000609000000, 0x0000000609000000|100%| O|  |TAMS 0x0000000609000000, 0x0000000609000000| Untracked 
|  72|0x0000000609000000, 0x0000000609200000, 0x0000000609200000|100%| O|  |TAMS 0x0000000609200000, 0x0000000609200000| Untracked 
|  73|0x0000000609200000, 0x0000000609200000, 0x0000000609400000|  0%| F|  |TAMS 0x0000000609200000, 0x0000000609200000| Untracked 
|  74|0x0000000609400000, 0x0000000609600000, 0x0000000609600000|100%| O|  |TAMS 0x0000000609600000, 0x0000000609600000| Untracked 
|  75|0x0000000609600000, 0x0000000609600000, 0x0000000609800000|  0%| F|  |TAMS 0x0000000609600000, 0x0000000609600000| Untracked 
|  76|0x0000000609800000, 0x0000000609a00000, 0x0000000609a00000|100%| O|  |TAMS 0x0000000609a00000, 0x0000000609a00000| Untracked 
|  77|0x0000000609a00000, 0x0000000609c00000, 0x0000000609c00000|100%| O|  |TAMS 0x0000000609c00000, 0x0000000609c00000| Untracked 
|  78|0x0000000609c00000, 0x0000000609e00000, 0x0000000609e00000|100%| O|  |TAMS 0x0000000609e00000, 0x0000000609e00000| Untracked 
|  79|0x0000000609e00000, 0x000000060a000000, 0x000000060a000000|100%| O|  |TAMS 0x000000060a000000, 0x000000060a000000| Untracked 
|  80|0x000000060a000000, 0x000000060a200000, 0x000000060a200000|100%| O|  |TAMS 0x000000060a200000, 0x000000060a200000| Untracked 
|  81|0x000000060a200000, 0x000000060a400000, 0x000000060a400000|100%| O|  |TAMS 0x000000060a400000, 0x000000060a400000| Untracked 
|  82|0x000000060a400000, 0x000000060a400000, 0x000000060a600000|  0%| F|  |TAMS 0x000000060a400000, 0x000000060a400000| Untracked 
|  83|0x000000060a600000, 0x000000060a800000, 0x000000060a800000|100%| O|  |TAMS 0x000000060a800000, 0x000000060a800000| Untracked 
|  84|0x000000060a800000, 0x000000060aa00000, 0x000000060aa00000|100%| O|  |TAMS 0x000000060aa00000, 0x000000060aa00000| Untracked 
|  85|0x000000060aa00000, 0x000000060ac00000, 0x000000060ac00000|100%| O|  |TAMS 0x000000060ac00000, 0x000000060ac00000| Untracked 
|  86|0x000000060ac00000, 0x000000060ae00000, 0x000000060ae00000|100%| O|  |TAMS 0x000000060ae00000, 0x000000060ae00000| Untracked 
|  87|0x000000060ae00000, 0x000000060b000000, 0x000000060b000000|100%| O|  |TAMS 0x000000060b000000, 0x000000060b000000| Untracked 
|  88|0x000000060b000000, 0x000000060b200000, 0x000000060b200000|100%| O|  |TAMS 0x000000060b200000, 0x000000060b200000| Untracked 
|  89|0x000000060b200000, 0x000000060b400000, 0x000000060b400000|100%| O|  |TAMS 0x000000060b400000, 0x000000060b400000| Untracked 
|  90|0x000000060b400000, 0x000000060b600000, 0x000000060b600000|100%| O|  |TAMS 0x000000060b600000, 0x000000060b600000| Untracked 
|  91|0x000000060b600000, 0x000000060b800000, 0x000000060b800000|100%| O|  |TAMS 0x000000060b800000, 0x000000060b800000| Untracked 
|  92|0x000000060b800000, 0x000000060ba00000, 0x000000060ba00000|100%| O|  |TAMS 0x000000060ba00000, 0x000000060ba00000| Untracked 
|  93|0x000000060ba00000, 0x000000060bc00000, 0x000000060bc00000|100%| O|  |TAMS 0x000000060bc00000, 0x000000060bc00000| Untracked 
|  94|0x000000060bc00000, 0x000000060be00000, 0x000000060be00000|100%| O|  |TAMS 0x000000060be00000, 0x000000060be00000| Untracked 
|  95|0x000000060be00000, 0x000000060c000000, 0x000000060c000000|100%| O|  |TAMS 0x000000060c000000, 0x000000060c000000| Untracked 
|  96|0x000000060c000000, 0x000000060c200000, 0x000000060c200000|100%| O|  |TAMS 0x000000060c200000, 0x000000060c200000| Untracked 
|  97|0x000000060c200000, 0x000000060c400000, 0x000000060c400000|100%| O|  |TAMS 0x000000060c400000, 0x000000060c400000| Untracked 
|  98|0x000000060c400000, 0x000000060c600000, 0x000000060c600000|100%| O|  |TAMS 0x000000060c600000, 0x000000060c600000| Untracked 
|  99|0x000000060c600000, 0x000000060c800000, 0x000000060c800000|100%| O|  |TAMS 0x000000060c800000, 0x000000060c800000| Untracked 
| 100|0x000000060c800000, 0x000000060ca00000, 0x000000060ca00000|100%| O|  |TAMS 0x000000060ca00000, 0x000000060ca00000| Untracked 
| 101|0x000000060ca00000, 0x000000060cc00000, 0x000000060cc00000|100%| O|  |TAMS 0x000000060cc00000, 0x000000060cc00000| Untracked 
| 102|0x000000060cc00000, 0x000000060ce00000, 0x000000060ce00000|100%| O|  |TAMS 0x000000060ce00000, 0x000000060ce00000| Untracked 
| 103|0x000000060ce00000, 0x000000060d000000, 0x000000060d000000|100%| O|  |TAMS 0x000000060d000000, 0x000000060d000000| Untracked 
| 104|0x000000060d000000, 0x000000060d200000, 0x000000060d200000|100%| O|  |TAMS 0x000000060d200000, 0x000000060d200000| Untracked 
| 105|0x000000060d200000, 0x000000060d400000, 0x000000060d400000|100%| O|  |TAMS 0x000000060d400000, 0x000000060d400000| Untracked 
| 106|0x000000060d400000, 0x000000060d600000, 0x000000060d600000|100%| O|  |TAMS 0x000000060d600000, 0x000000060d600000| Untracked 
| 107|0x000000060d600000, 0x000000060d800000, 0x000000060d800000|100%| O|  |TAMS 0x000000060d800000, 0x000000060d800000| Untracked 
| 108|0x000000060d800000, 0x000000060da00000, 0x000000060da00000|100%| O|  |TAMS 0x000000060da00000, 0x000000060da00000| Untracked 
| 109|0x000000060da00000, 0x000000060dc00000, 0x000000060dc00000|100%| O|  |TAMS 0x000000060dc00000, 0x000000060dc00000| Untracked 
| 110|0x000000060dc00000, 0x000000060de00000, 0x000000060de00000|100%| O|  |TAMS 0x000000060de00000, 0x000000060de00000| Untracked 
| 111|0x000000060de00000, 0x000000060e000000, 0x000000060e000000|100%| O|  |TAMS 0x000000060e000000, 0x000000060e000000| Untracked 
| 112|0x000000060e000000, 0x000000060e200000, 0x000000060e200000|100%| O|  |TAMS 0x000000060e200000, 0x000000060e200000| Untracked 
| 113|0x000000060e200000, 0x000000060e400000, 0x000000060e400000|100%| O|  |TAMS 0x000000060e400000, 0x000000060e400000| Untracked 
| 114|0x000000060e400000, 0x000000060e600000, 0x000000060e600000|100%| O|  |TAMS 0x000000060e600000, 0x000000060e600000| Untracked 
| 115|0x000000060e600000, 0x000000060e800000, 0x000000060e800000|100%| O|  |TAMS 0x000000060e800000, 0x000000060e800000| Untracked 
| 116|0x000000060e800000, 0x000000060ea00000, 0x000000060ea00000|100%| O|  |TAMS 0x000000060ea00000, 0x000000060ea00000| Untracked 
| 117|0x000000060ea00000, 0x000000060ec00000, 0x000000060ec00000|100%| O|  |TAMS 0x000000060ec00000, 0x000000060ec00000| Untracked 
| 118|0x000000060ec00000, 0x000000060ee00000, 0x000000060ee00000|100%| O|  |TAMS 0x000000060ee00000, 0x000000060ee00000| Untracked 
| 119|0x000000060ee00000, 0x000000060f000000, 0x000000060f000000|100%| O|  |TAMS 0x000000060f000000, 0x000000060f000000| Untracked 
| 120|0x000000060f000000, 0x000000060f200000, 0x000000060f200000|100%| O|  |TAMS 0x000000060f200000, 0x000000060f200000| Untracked 
| 121|0x000000060f200000, 0x000000060f400000, 0x000000060f400000|100%| O|  |TAMS 0x000000060f400000, 0x000000060f400000| Untracked 
| 122|0x000000060f400000, 0x000000060f400000, 0x000000060f600000|  0%| F|  |TAMS 0x000000060f400000, 0x000000060f400000| Untracked 
| 123|0x000000060f600000, 0x000000060f800000, 0x000000060f800000|100%| O|  |TAMS 0x000000060f800000, 0x000000060f800000| Untracked 
| 124|0x000000060f800000, 0x000000060fa00000, 0x000000060fa00000|100%| O|  |TAMS 0x000000060fa00000, 0x000000060fa00000| Untracked 
| 125|0x000000060fa00000, 0x000000060fc00000, 0x000000060fc00000|100%| O|  |TAMS 0x000000060fc00000, 0x000000060fc00000| Untracked 
| 126|0x000000060fc00000, 0x000000060fe00000, 0x000000060fe00000|100%| O|  |TAMS 0x000000060fe00000, 0x000000060fe00000| Untracked 
| 127|0x000000060fe00000, 0x0000000610000000, 0x0000000610000000|100%| O|  |TAMS 0x0000000610000000, 0x0000000610000000| Untracked 
| 128|0x0000000610000000, 0x0000000610200000, 0x0000000610200000|100%| O|  |TAMS 0x0000000610200000, 0x0000000610200000| Untracked 
| 129|0x0000000610200000, 0x0000000610400000, 0x0000000610400000|100%| O|  |TAMS 0x0000000610400000, 0x0000000610400000| Untracked 
| 130|0x0000000610400000, 0x0000000610600000, 0x0000000610600000|100%| O|  |TAMS 0x0000000610600000, 0x0000000610600000| Untracked 
| 131|0x0000000610600000, 0x0000000610800000, 0x0000000610800000|100%| O|  |TAMS 0x0000000610800000, 0x0000000610800000| Untracked 
| 132|0x0000000610800000, 0x0000000610a00000, 0x0000000610a00000|100%| O|  |TAMS 0x0000000610a00000, 0x0000000610a00000| Untracked 
| 133|0x0000000610a00000, 0x0000000610c00000, 0x0000000610c00000|100%| O|  |TAMS 0x0000000610c00000, 0x0000000610c00000| Untracked 
| 134|0x0000000610c00000, 0x0000000610e00000, 0x0000000610e00000|100%| O|  |TAMS 0x0000000610e00000, 0x0000000610e00000| Untracked 
| 135|0x0000000610e00000, 0x0000000611000000, 0x0000000611000000|100%| O|  |TAMS 0x0000000611000000, 0x0000000611000000| Untracked 
| 136|0x0000000611000000, 0x0000000611200000, 0x0000000611200000|100%| O|  |TAMS 0x0000000611200000, 0x0000000611200000| Untracked 
| 137|0x0000000611200000, 0x0000000611400000, 0x0000000611400000|100%| O|  |TAMS 0x0000000611400000, 0x0000000611400000| Untracked 
| 138|0x0000000611400000, 0x0000000611600000, 0x0000000611600000|100%| O|  |TAMS 0x0000000611600000, 0x0000000611600000| Untracked 
| 139|0x0000000611600000, 0x0000000611800000, 0x0000000611800000|100%| O|  |TAMS 0x0000000611800000, 0x0000000611800000| Untracked 
| 140|0x0000000611800000, 0x0000000611a00000, 0x0000000611a00000|100%| O|  |TAMS 0x0000000611a00000, 0x0000000611a00000| Untracked 
| 141|0x0000000611a00000, 0x0000000611c00000, 0x0000000611c00000|100%| O|  |TAMS 0x0000000611c00000, 0x0000000611c00000| Untracked 
| 142|0x0000000611c00000, 0x0000000611e00000, 0x0000000611e00000|100%| O|  |TAMS 0x0000000611e00000, 0x0000000611e00000| Untracked 
| 143|0x0000000611e00000, 0x0000000612000000, 0x0000000612000000|100%| O|  |TAMS 0x0000000612000000, 0x0000000612000000| Untracked 
| 144|0x0000000612000000, 0x0000000612200000, 0x0000000612200000|100%| O|  |TAMS 0x0000000612200000, 0x0000000612200000| Untracked 
| 145|0x0000000612200000, 0x0000000612400000, 0x0000000612400000|100%| O|  |TAMS 0x0000000612400000, 0x0000000612400000| Untracked 
| 146|0x0000000612400000, 0x0000000612600000, 0x0000000612600000|100%| O|  |TAMS 0x0000000612600000, 0x0000000612600000| Untracked 
| 147|0x0000000612600000, 0x0000000612800000, 0x0000000612800000|100%| O|  |TAMS 0x0000000612800000, 0x0000000612800000| Untracked 
| 148|0x0000000612800000, 0x0000000612a00000, 0x0000000612a00000|100%| O|  |TAMS 0x0000000612a00000, 0x0000000612a00000| Untracked 
| 149|0x0000000612a00000, 0x0000000612c00000, 0x0000000612c00000|100%| O|  |TAMS 0x0000000612c00000, 0x0000000612c00000| Untracked 
| 150|0x0000000612c00000, 0x0000000612e00000, 0x0000000612e00000|100%| O|  |TAMS 0x0000000612e00000, 0x0000000612e00000| Untracked 
| 151|0x0000000612e00000, 0x0000000613000000, 0x0000000613000000|100%| O|  |TAMS 0x0000000613000000, 0x0000000613000000| Untracked 
| 152|0x0000000613000000, 0x0000000613200000, 0x0000000613200000|100%| O|  |TAMS 0x0000000613200000, 0x0000000613200000| Untracked 
| 153|0x0000000613200000, 0x0000000613400000, 0x0000000613400000|100%| O|  |TAMS 0x0000000613400000, 0x0000000613400000| Untracked 
| 154|0x0000000613400000, 0x0000000613600000, 0x0000000613600000|100%| O|  |TAMS 0x0000000613600000, 0x0000000613600000| Untracked 
| 155|0x0000000613600000, 0x0000000613800000, 0x0000000613800000|100%| O|  |TAMS 0x0000000613800000, 0x0000000613800000| Untracked 
| 156|0x0000000613800000, 0x0000000613a00000, 0x0000000613a00000|100%| O|  |TAMS 0x0000000613a00000, 0x0000000613a00000| Untracked 
| 157|0x0000000613a00000, 0x0000000613c00000, 0x0000000613c00000|100%| O|  |TAMS 0x0000000613c00000, 0x0000000613c00000| Untracked 
| 158|0x0000000613c00000, 0x0000000613e00000, 0x0000000613e00000|100%| O|  |TAMS 0x0000000613e00000, 0x0000000613e00000| Untracked 
| 159|0x0000000613e00000, 0x0000000614000000, 0x0000000614000000|100%| O|  |TAMS 0x0000000614000000, 0x0000000614000000| Untracked 
| 160|0x0000000614000000, 0x0000000614000000, 0x0000000614200000|  0%| F|  |TAMS 0x0000000614000000, 0x0000000614000000| Untracked 
| 161|0x0000000614200000, 0x0000000614400000, 0x0000000614400000|100%| O|  |TAMS 0x0000000614400000, 0x0000000614400000| Untracked 
| 162|0x0000000614400000, 0x0000000614600000, 0x0000000614600000|100%| O|  |TAMS 0x0000000614600000, 0x0000000614600000| Untracked 
| 163|0x0000000614600000, 0x0000000614800000, 0x0000000614800000|100%| O|  |TAMS 0x0000000614800000, 0x0000000614800000| Untracked 
| 164|0x0000000614800000, 0x0000000614a00000, 0x0000000614a00000|100%| O|  |TAMS 0x0000000614a00000, 0x0000000614a00000| Untracked 
| 165|0x0000000614a00000, 0x0000000614c00000, 0x0000000614c00000|100%| O|  |TAMS 0x0000000614c00000, 0x0000000614c00000| Untracked 
| 166|0x0000000614c00000, 0x0000000614e00000, 0x0000000614e00000|100%| O|  |TAMS 0x0000000614e00000, 0x0000000614e00000| Untracked 
| 167|0x0000000614e00000, 0x0000000615000000, 0x0000000615000000|100%| O|  |TAMS 0x0000000615000000, 0x0000000615000000| Untracked 
| 168|0x0000000615000000, 0x0000000615000000, 0x0000000615200000|  0%| F|  |TAMS 0x0000000615000000, 0x0000000615000000| Untracked 
| 169|0x0000000615200000, 0x0000000615400000, 0x0000000615400000|100%| O|  |TAMS 0x0000000615400000, 0x0000000615400000| Untracked 
| 170|0x0000000615400000, 0x0000000615600000, 0x0000000615600000|100%| O|  |TAMS 0x0000000615600000, 0x0000000615600000| Untracked 
| 171|0x0000000615600000, 0x0000000615800000, 0x0000000615800000|100%| O|  |TAMS 0x0000000615800000, 0x0000000615800000| Untracked 
| 172|0x0000000615800000, 0x0000000615a00000, 0x0000000615a00000|100%| O|  |TAMS 0x0000000615a00000, 0x0000000615a00000| Untracked 
| 173|0x0000000615a00000, 0x0000000615c00000, 0x0000000615c00000|100%| O|  |TAMS 0x0000000615c00000, 0x0000000615c00000| Untracked 
| 174|0x0000000615c00000, 0x0000000615e00000, 0x0000000615e00000|100%| O|  |TAMS 0x0000000615e00000, 0x0000000615e00000| Untracked 
| 175|0x0000000615e00000, 0x0000000616000000, 0x0000000616000000|100%| O|  |TAMS 0x0000000616000000, 0x0000000616000000| Untracked 
| 176|0x0000000616000000, 0x0000000616200000, 0x0000000616200000|100%| O|  |TAMS 0x0000000616200000, 0x0000000616200000| Untracked 
| 177|0x0000000616200000, 0x0000000616400000, 0x0000000616400000|100%| O|  |TAMS 0x0000000616400000, 0x0000000616400000| Untracked 
| 178|0x0000000616400000, 0x0000000616600000, 0x0000000616600000|100%| O|  |TAMS 0x0000000616600000, 0x0000000616600000| Untracked 
| 179|0x0000000616600000, 0x0000000616800000, 0x0000000616800000|100%| O|  |TAMS 0x0000000616800000, 0x0000000616800000| Untracked 
| 180|0x0000000616800000, 0x0000000616a00000, 0x0000000616a00000|100%| O|  |TAMS 0x0000000616a00000, 0x0000000616a00000| Untracked 
| 181|0x0000000616a00000, 0x0000000616c00000, 0x0000000616c00000|100%| O|  |TAMS 0x0000000616c00000, 0x0000000616c00000| Untracked 
| 182|0x0000000616c00000, 0x0000000616e00000, 0x0000000616e00000|100%| O|  |TAMS 0x0000000616e00000, 0x0000000616e00000| Untracked 
| 183|0x0000000616e00000, 0x0000000617000000, 0x0000000617000000|100%| O|  |TAMS 0x0000000617000000, 0x0000000617000000| Untracked 
| 184|0x0000000617000000, 0x0000000617200000, 0x0000000617200000|100%| O|  |TAMS 0x0000000617200000, 0x0000000617200000| Untracked 
| 185|0x0000000617200000, 0x0000000617400000, 0x0000000617400000|100%| O|  |TAMS 0x0000000617400000, 0x0000000617400000| Untracked 
| 186|0x0000000617400000, 0x0000000617600000, 0x0000000617600000|100%| O|  |TAMS 0x0000000617600000, 0x0000000617600000| Untracked 
| 187|0x0000000617600000, 0x0000000617800000, 0x0000000617800000|100%| O|  |TAMS 0x0000000617800000, 0x0000000617800000| Untracked 
| 188|0x0000000617800000, 0x0000000617a00000, 0x0000000617a00000|100%| O|  |TAMS 0x0000000617a00000, 0x0000000617a00000| Untracked 
| 189|0x0000000617a00000, 0x0000000617c00000, 0x0000000617c00000|100%| O|  |TAMS 0x0000000617c00000, 0x0000000617c00000| Untracked 
| 190|0x0000000617c00000, 0x0000000617c00000, 0x0000000617e00000|  0%| F|  |TAMS 0x0000000617c00000, 0x0000000617c00000| Untracked 
| 191|0x0000000617e00000, 0x0000000618000000, 0x0000000618000000|100%| O|  |TAMS 0x0000000618000000, 0x0000000618000000| Untracked 
| 192|0x0000000618000000, 0x0000000618200000, 0x0000000618200000|100%| O|  |TAMS 0x0000000618200000, 0x0000000618200000| Untracked 
| 193|0x0000000618200000, 0x0000000618400000, 0x0000000618400000|100%| O|  |TAMS 0x0000000618400000, 0x0000000618400000| Untracked 
| 194|0x0000000618400000, 0x0000000618600000, 0x0000000618600000|100%| O|  |TAMS 0x0000000618600000, 0x0000000618600000| Untracked 
| 195|0x0000000618600000, 0x0000000618800000, 0x0000000618800000|100%| O|  |TAMS 0x0000000618800000, 0x0000000618800000| Untracked 
| 196|0x0000000618800000, 0x0000000618a00000, 0x0000000618a00000|100%| O|  |TAMS 0x0000000618a00000, 0x0000000618a00000| Untracked 
| 197|0x0000000618a00000, 0x0000000618c00000, 0x0000000618c00000|100%| O|  |TAMS 0x0000000618c00000, 0x0000000618c00000| Untracked 
| 198|0x0000000618c00000, 0x0000000618e00000, 0x0000000618e00000|100%| O|  |TAMS 0x0000000618e00000, 0x0000000618e00000| Untracked 
| 199|0x0000000618e00000, 0x0000000619000000, 0x0000000619000000|100%| O|  |TAMS 0x0000000619000000, 0x0000000619000000| Untracked 
| 200|0x0000000619000000, 0x0000000619200000, 0x0000000619200000|100%| O|  |TAMS 0x0000000619200000, 0x0000000619200000| Untracked 
| 201|0x0000000619200000, 0x0000000619400000, 0x0000000619400000|100%| O|  |TAMS 0x0000000619400000, 0x0000000619400000| Untracked 
| 202|0x0000000619400000, 0x0000000619600000, 0x0000000619600000|100%| O|  |TAMS 0x0000000619600000, 0x0000000619600000| Untracked 
| 203|0x0000000619600000, 0x0000000619800000, 0x0000000619800000|100%| O|  |TAMS 0x0000000619800000, 0x0000000619800000| Untracked 
| 204|0x0000000619800000, 0x0000000619a00000, 0x0000000619a00000|100%| O|  |TAMS 0x0000000619a00000, 0x0000000619a00000| Untracked 
| 205|0x0000000619a00000, 0x0000000619c00000, 0x0000000619c00000|100%| O|  |TAMS 0x0000000619c00000, 0x0000000619c00000| Untracked 
| 206|0x0000000619c00000, 0x0000000619c00000, 0x0000000619e00000|  0%| F|  |TAMS 0x0000000619c00000, 0x0000000619c00000| Untracked 
| 207|0x0000000619e00000, 0x000000061a000000, 0x000000061a000000|100%| O|  |TAMS 0x000000061a000000, 0x000000061a000000| Untracked 
| 208|0x000000061a000000, 0x000000061a200000, 0x000000061a200000|100%| O|  |TAMS 0x000000061a200000, 0x000000061a200000| Untracked 
| 209|0x000000061a200000, 0x000000061a400000, 0x000000061a400000|100%| O|  |TAMS 0x000000061a400000, 0x000000061a400000| Untracked 
| 210|0x000000061a400000, 0x000000061a600000, 0x000000061a600000|100%| O|  |TAMS 0x000000061a600000, 0x000000061a600000| Untracked 
| 211|0x000000061a600000, 0x000000061a800000, 0x000000061a800000|100%| O|  |TAMS 0x000000061a800000, 0x000000061a800000| Untracked 
| 212|0x000000061a800000, 0x000000061aa00000, 0x000000061aa00000|100%| O|  |TAMS 0x000000061aa00000, 0x000000061aa00000| Untracked 
| 213|0x000000061aa00000, 0x000000061ac00000, 0x000000061ac00000|100%| O|  |TAMS 0x000000061ac00000, 0x000000061ac00000| Untracked 
| 214|0x000000061ac00000, 0x000000061ae00000, 0x000000061ae00000|100%| O|  |TAMS 0x000000061ae00000, 0x000000061ae00000| Untracked 
| 215|0x000000061ae00000, 0x000000061b000000, 0x000000061b000000|100%| O|  |TAMS 0x000000061b000000, 0x000000061b000000| Untracked 
| 216|0x000000061b000000, 0x000000061b000000, 0x000000061b200000|  0%| F|  |TAMS 0x000000061b000000, 0x000000061b000000| Untracked 
| 217|0x000000061b200000, 0x000000061b200000, 0x000000061b400000|  0%| F|  |TAMS 0x000000061b200000, 0x000000061b200000| Untracked 
| 218|0x000000061b400000, 0x000000061b600000, 0x000000061b600000|100%| O|  |TAMS 0x000000061b600000, 0x000000061b600000| Untracked 
| 219|0x000000061b600000, 0x000000061b800000, 0x000000061b800000|100%| O|  |TAMS 0x000000061b800000, 0x000000061b800000| Untracked 
| 220|0x000000061b800000, 0x000000061ba00000, 0x000000061ba00000|100%| O|  |TAMS 0x000000061ba00000, 0x000000061ba00000| Untracked 
| 221|0x000000061ba00000, 0x000000061bc00000, 0x000000061bc00000|100%| O|  |TAMS 0x000000061bc00000, 0x000000061bc00000| Untracked 
| 222|0x000000061bc00000, 0x000000061be00000, 0x000000061be00000|100%| O|  |TAMS 0x000000061be00000, 0x000000061be00000| Untracked 
| 223|0x000000061be00000, 0x000000061c000000, 0x000000061c000000|100%| O|  |TAMS 0x000000061c000000, 0x000000061c000000| Untracked 
| 224|0x000000061c000000, 0x000000061c200000, 0x000000061c200000|100%| O|  |TAMS 0x000000061c200000, 0x000000061c200000| Untracked 
| 225|0x000000061c200000, 0x000000061c400000, 0x000000061c400000|100%| O|  |TAMS 0x000000061c400000, 0x000000061c400000| Untracked 
| 226|0x000000061c400000, 0x000000061c600000, 0x000000061c600000|100%| O|  |TAMS 0x000000061c600000, 0x000000061c600000| Untracked 
| 227|0x000000061c600000, 0x000000061c800000, 0x000000061c800000|100%| O|  |TAMS 0x000000061c800000, 0x000000061c800000| Untracked 
| 228|0x000000061c800000, 0x000000061ca00000, 0x000000061ca00000|100%| O|  |TAMS 0x000000061ca00000, 0x000000061ca00000| Untracked 
| 229|0x000000061ca00000, 0x000000061ca00000, 0x000000061cc00000|  0%| F|  |TAMS 0x000000061ca00000, 0x000000061ca00000| Untracked 
| 230|0x000000061cc00000, 0x000000061ce00000, 0x000000061ce00000|100%| O|  |TAMS 0x000000061ce00000, 0x000000061ce00000| Untracked 
| 231|0x000000061ce00000, 0x000000061ce00000, 0x000000061d000000|  0%| F|  |TAMS 0x000000061ce00000, 0x000000061ce00000| Untracked 
| 232|0x000000061d000000, 0x000000061d200000, 0x000000061d200000|100%| O|  |TAMS 0x000000061d200000, 0x000000061d200000| Untracked 
| 233|0x000000061d200000, 0x000000061d400000, 0x000000061d400000|100%| O|  |TAMS 0x000000061d400000, 0x000000061d400000| Untracked 
| 234|0x000000061d400000, 0x000000061d600000, 0x000000061d600000|100%| O|  |TAMS 0x000000061d600000, 0x000000061d600000| Untracked 
| 235|0x000000061d600000, 0x000000061d800000, 0x000000061d800000|100%| O|  |TAMS 0x000000061d800000, 0x000000061d800000| Untracked 
| 236|0x000000061d800000, 0x000000061d800000, 0x000000061da00000|  0%| F|  |TAMS 0x000000061d800000, 0x000000061d800000| Untracked 
| 237|0x000000061da00000, 0x000000061da00000, 0x000000061dc00000|  0%| F|  |TAMS 0x000000061da00000, 0x000000061da00000| Untracked 
| 238|0x000000061dc00000, 0x000000061de00000, 0x000000061de00000|100%| O|  |TAMS 0x000000061de00000, 0x000000061de00000| Untracked 
| 239|0x000000061de00000, 0x000000061de00000, 0x000000061e000000|  0%| F|  |TAMS 0x000000061de00000, 0x000000061de00000| Untracked 
| 240|0x000000061e000000, 0x000000061e200000, 0x000000061e200000|100%| O|  |TAMS 0x000000061e200000, 0x000000061e200000| Untracked 
| 241|0x000000061e200000, 0x000000061e400000, 0x000000061e400000|100%| O|  |TAMS 0x000000061e400000, 0x000000061e400000| Untracked 
| 242|0x000000061e400000, 0x000000061e600000, 0x000000061e600000|100%| O|  |TAMS 0x000000061e600000, 0x000000061e600000| Untracked 
| 243|0x000000061e600000, 0x000000061e800000, 0x000000061e800000|100%| O|  |TAMS 0x000000061e800000, 0x000000061e800000| Untracked 
| 244|0x000000061e800000, 0x000000061ea00000, 0x000000061ea00000|100%| O|  |TAMS 0x000000061ea00000, 0x000000061ea00000| Untracked 
| 245|0x000000061ea00000, 0x000000061ec00000, 0x000000061ec00000|100%| O|  |TAMS 0x000000061ec00000, 0x000000061ec00000| Untracked 
| 246|0x000000061ec00000, 0x000000061ec00000, 0x000000061ee00000|  0%| F|  |TAMS 0x000000061ec00000, 0x000000061ec00000| Untracked 
| 247|0x000000061ee00000, 0x000000061f000000, 0x000000061f000000|100%| O|  |TAMS 0x000000061f000000, 0x000000061f000000| Untracked 
| 248|0x000000061f000000, 0x000000061f000000, 0x000000061f200000|  0%| F|  |TAMS 0x000000061f000000, 0x000000061f000000| Untracked 
| 249|0x000000061f200000, 0x000000061f400000, 0x000000061f400000|100%| O|  |TAMS 0x000000061f400000, 0x000000061f400000| Untracked 
| 250|0x000000061f400000, 0x000000061f400000, 0x000000061f600000|  0%| F|  |TAMS 0x000000061f400000, 0x000000061f400000| Untracked 
| 251|0x000000061f600000, 0x000000061f600000, 0x000000061f800000|  0%| F|  |TAMS 0x000000061f600000, 0x000000061f600000| Untracked 
| 252|0x000000061f800000, 0x000000061fa00000, 0x000000061fa00000|100%| O|  |TAMS 0x000000061fa00000, 0x000000061fa00000| Untracked 
| 253|0x000000061fa00000, 0x000000061fc00000, 0x000000061fc00000|100%| O|  |TAMS 0x000000061fc00000, 0x000000061fc00000| Untracked 
| 254|0x000000061fc00000, 0x000000061fe00000, 0x000000061fe00000|100%| O|  |TAMS 0x000000061fe00000, 0x000000061fe00000| Untracked 
| 255|0x000000061fe00000, 0x0000000620000000, 0x0000000620000000|100%| O|  |TAMS 0x0000000620000000, 0x0000000620000000| Untracked 
| 256|0x0000000620000000, 0x0000000620200000, 0x0000000620200000|100%| O|  |TAMS 0x0000000620200000, 0x0000000620200000| Untracked 
| 257|0x0000000620200000, 0x0000000620400000, 0x0000000620400000|100%| O|  |TAMS 0x0000000620400000, 0x0000000620400000| Untracked 
| 258|0x0000000620400000, 0x0000000620600000, 0x0000000620600000|100%| O|  |TAMS 0x0000000620600000, 0x0000000620600000| Untracked 
| 259|0x0000000620600000, 0x0000000620600000, 0x0000000620800000|  0%| F|  |TAMS 0x0000000620600000, 0x0000000620600000| Untracked 
| 260|0x0000000620800000, 0x0000000620a00000, 0x0000000620a00000|100%| O|  |TAMS 0x0000000620a00000, 0x0000000620a00000| Untracked 
| 261|0x0000000620a00000, 0x0000000620c00000, 0x0000000620c00000|100%| O|  |TAMS 0x0000000620c00000, 0x0000000620c00000| Untracked 
| 262|0x0000000620c00000, 0x0000000620e00000, 0x0000000620e00000|100%| O|  |TAMS 0x0000000620e00000, 0x0000000620e00000| Untracked 
| 263|0x0000000620e00000, 0x0000000621000000, 0x0000000621000000|100%| O|  |TAMS 0x0000000621000000, 0x0000000621000000| Untracked 
| 264|0x0000000621000000, 0x0000000621200000, 0x0000000621200000|100%| O|  |TAMS 0x0000000621200000, 0x0000000621200000| Untracked 
| 265|0x0000000621200000, 0x0000000621200000, 0x0000000621400000|  0%| F|  |TAMS 0x0000000621200000, 0x0000000621200000| Untracked 
| 266|0x0000000621400000, 0x0000000621600000, 0x0000000621600000|100%| O|  |TAMS 0x0000000621600000, 0x0000000621600000| Untracked 
| 267|0x0000000621600000, 0x0000000621800000, 0x0000000621800000|100%| O|  |TAMS 0x0000000621800000, 0x0000000621800000| Untracked 
| 268|0x0000000621800000, 0x0000000621a00000, 0x0000000621a00000|100%| O|  |TAMS 0x0000000621a00000, 0x0000000621a00000| Untracked 
| 269|0x0000000621a00000, 0x0000000621c00000, 0x0000000621c00000|100%| O|  |TAMS 0x0000000621c00000, 0x0000000621c00000| Untracked 
| 270|0x0000000621c00000, 0x0000000621e00000, 0x0000000621e00000|100%| O|  |TAMS 0x0000000621e00000, 0x0000000621e00000| Untracked 
| 271|0x0000000621e00000, 0x0000000622000000, 0x0000000622000000|100%| O|  |TAMS 0x0000000622000000, 0x0000000622000000| Untracked 
| 272|0x0000000622000000, 0x0000000622200000, 0x0000000622200000|100%| O|  |TAMS 0x0000000622200000, 0x0000000622200000| Untracked 
| 273|0x0000000622200000, 0x0000000622400000, 0x0000000622400000|100%| O|  |TAMS 0x0000000622400000, 0x0000000622400000| Untracked 
| 274|0x0000000622400000, 0x0000000622600000, 0x0000000622600000|100%| O|  |TAMS 0x0000000622600000, 0x0000000622600000| Untracked 
| 275|0x0000000622600000, 0x0000000622800000, 0x0000000622800000|100%| O|  |TAMS 0x0000000622800000, 0x0000000622800000| Untracked 
| 276|0x0000000622800000, 0x0000000622a00000, 0x0000000622a00000|100%| O|  |TAMS 0x0000000622a00000, 0x0000000622a00000| Untracked 
| 277|0x0000000622a00000, 0x0000000622c00000, 0x0000000622c00000|100%| O|  |TAMS 0x0000000622c00000, 0x0000000622c00000| Untracked 
| 278|0x0000000622c00000, 0x0000000622c00000, 0x0000000622e00000|  0%| F|  |TAMS 0x0000000622c00000, 0x0000000622c00000| Untracked 
| 279|0x0000000622e00000, 0x0000000623000000, 0x0000000623000000|100%| O|  |TAMS 0x0000000623000000, 0x0000000623000000| Untracked 
| 280|0x0000000623000000, 0x0000000623200000, 0x0000000623200000|100%| O|  |TAMS 0x0000000623200000, 0x0000000623200000| Untracked 
| 281|0x0000000623200000, 0x0000000623400000, 0x0000000623400000|100%| O|  |TAMS 0x0000000623400000, 0x0000000623400000| Untracked 
| 282|0x0000000623400000, 0x0000000623400000, 0x0000000623600000|  0%| F|  |TAMS 0x0000000623400000, 0x0000000623400000| Untracked 
| 283|0x0000000623600000, 0x0000000623800000, 0x0000000623800000|100%| O|  |TAMS 0x0000000623800000, 0x0000000623800000| Untracked 
| 284|0x0000000623800000, 0x0000000623a00000, 0x0000000623a00000|100%| O|  |TAMS 0x0000000623800000, 0x0000000623a00000| Untracked 
| 285|0x0000000623a00000, 0x0000000623c00000, 0x0000000623c00000|100%| O|  |TAMS 0x0000000623c00000, 0x0000000623c00000| Untracked 
| 286|0x0000000623c00000, 0x0000000623c00000, 0x0000000623e00000|  0%| F|  |TAMS 0x0000000623c00000, 0x0000000623c00000| Untracked 
| 287|0x0000000623e00000, 0x0000000624000000, 0x0000000624000000|100%| O|  |TAMS 0x0000000624000000, 0x0000000624000000| Untracked 
| 288|0x0000000624000000, 0x0000000624200000, 0x0000000624200000|100%| O|  |TAMS 0x0000000624200000, 0x0000000624200000| Untracked 
| 289|0x0000000624200000, 0x0000000624200000, 0x0000000624400000|  0%| F|  |TAMS 0x0000000624200000, 0x0000000624200000| Untracked 
| 290|0x0000000624400000, 0x0000000624600000, 0x0000000624600000|100%| O|  |TAMS 0x0000000624600000, 0x0000000624600000| Untracked 
| 291|0x0000000624600000, 0x0000000624600000, 0x0000000624800000|  0%| F|  |TAMS 0x0000000624600000, 0x0000000624600000| Untracked 
| 292|0x0000000624800000, 0x0000000624a00000, 0x0000000624a00000|100%| O|  |TAMS 0x0000000624a00000, 0x0000000624a00000| Untracked 
| 293|0x0000000624a00000, 0x0000000624a00000, 0x0000000624c00000|  0%| F|  |TAMS 0x0000000624a00000, 0x0000000624a00000| Untracked 
| 294|0x0000000624c00000, 0x0000000624c00000, 0x0000000624e00000|  0%| F|  |TAMS 0x0000000624c00000, 0x0000000624c00000| Untracked 
| 295|0x0000000624e00000, 0x0000000624e00000, 0x0000000625000000|  0%| F|  |TAMS 0x0000000624e00000, 0x0000000624e00000| Untracked 
| 296|0x0000000625000000, 0x0000000625200000, 0x0000000625200000|100%| O|  |TAMS 0x0000000625200000, 0x0000000625200000| Untracked 
| 297|0x0000000625200000, 0x0000000625400000, 0x0000000625400000|100%| O|  |TAMS 0x0000000625378000, 0x0000000625400000| Untracked 
| 298|0x0000000625400000, 0x0000000625600000, 0x0000000625600000|100%| O|  |TAMS 0x0000000625400000, 0x0000000625600000| Untracked 
| 299|0x0000000625600000, 0x0000000625600000, 0x0000000625800000|  0%| F|  |TAMS 0x0000000625600000, 0x0000000625600000| Untracked 
| 300|0x0000000625800000, 0x0000000625a00000, 0x0000000625a00000|100%| O|  |TAMS 0x0000000625800000, 0x0000000625a00000| Untracked 
| 301|0x0000000625a00000, 0x0000000625c00000, 0x0000000625c00000|100%| O|  |TAMS 0x0000000625a00000, 0x0000000625c00000| Untracked 
| 302|0x0000000625c00000, 0x0000000625e00000, 0x0000000625e00000|100%| O|  |TAMS 0x0000000625c00000, 0x0000000625e00000| Untracked 
| 303|0x0000000625e00000, 0x0000000626000000, 0x0000000626000000|100%| O|  |TAMS 0x0000000625e00000, 0x0000000626000000| Untracked 
| 304|0x0000000626000000, 0x0000000626200000, 0x0000000626200000|100%| O|  |TAMS 0x0000000626000000, 0x0000000626200000| Untracked 
| 305|0x0000000626200000, 0x0000000626400000, 0x0000000626400000|100%| O|  |TAMS 0x0000000626200000, 0x0000000626400000| Untracked 
| 306|0x0000000626400000, 0x0000000626400000, 0x0000000626600000|  0%| F|  |TAMS 0x0000000626400000, 0x0000000626400000| Untracked 
| 307|0x0000000626600000, 0x0000000626800000, 0x0000000626800000|100%| O|  |TAMS 0x0000000626600000, 0x0000000626800000| Untracked 
| 308|0x0000000626800000, 0x0000000626a00000, 0x0000000626a00000|100%| O|  |TAMS 0x0000000626800000, 0x0000000626a00000| Untracked 
| 309|0x0000000626a00000, 0x0000000626c00000, 0x0000000626c00000|100%| O|  |TAMS 0x0000000626a00000, 0x0000000626c00000| Untracked 
| 310|0x0000000626c00000, 0x0000000626e00000, 0x0000000626e00000|100%| O|  |TAMS 0x0000000626c00000, 0x0000000626e00000| Untracked 
| 311|0x0000000626e00000, 0x0000000626e00000, 0x0000000627000000|  0%| F|  |TAMS 0x0000000626e00000, 0x0000000626e00000| Untracked 
| 312|0x0000000627000000, 0x0000000627200000, 0x0000000627200000|100%| O|  |TAMS 0x0000000627000000, 0x0000000627200000| Untracked 
| 313|0x0000000627200000, 0x00000006273d3a00, 0x0000000627400000| 91%| O|  |TAMS 0x0000000627200000, 0x00000006273d3a00| Untracked 
| 314|0x0000000627400000, 0x0000000627400000, 0x0000000627600000|  0%| F|  |TAMS 0x0000000627400000, 0x0000000627400000| Untracked 
| 315|0x0000000627600000, 0x0000000627600000, 0x0000000627800000|  0%| F|  |TAMS 0x0000000627600000, 0x0000000627600000| Untracked 
| 316|0x0000000627800000, 0x0000000627800000, 0x0000000627a00000|  0%| F|  |TAMS 0x0000000627800000, 0x0000000627800000| Untracked 
| 317|0x0000000627a00000, 0x0000000627a00000, 0x0000000627c00000|  0%| F|  |TAMS 0x0000000627a00000, 0x0000000627a00000| Untracked 
| 318|0x0000000627c00000, 0x0000000627c00000, 0x0000000627e00000|  0%| F|  |TAMS 0x0000000627c00000, 0x0000000627c00000| Untracked 
| 319|0x0000000627e00000, 0x0000000627e00000, 0x0000000628000000|  0%| F|  |TAMS 0x0000000627e00000, 0x0000000627e00000| Untracked 
| 320|0x0000000628000000, 0x0000000628000000, 0x0000000628200000|  0%| F|  |TAMS 0x0000000628000000, 0x0000000628000000| Untracked 
| 321|0x0000000628200000, 0x0000000628200000, 0x0000000628400000|  0%| F|  |TAMS 0x0000000628200000, 0x0000000628200000| Untracked 
| 322|0x0000000628400000, 0x0000000628400000, 0x0000000628600000|  0%| F|  |TAMS 0x0000000628400000, 0x0000000628400000| Untracked 
| 323|0x0000000628600000, 0x0000000628600000, 0x0000000628800000|  0%| F|  |TAMS 0x0000000628600000, 0x0000000628600000| Untracked 
| 324|0x0000000628800000, 0x0000000628800000, 0x0000000628a00000|  0%| F|  |TAMS 0x0000000628800000, 0x0000000628800000| Untracked 
| 325|0x0000000628a00000, 0x0000000628a00000, 0x0000000628c00000|  0%| F|  |TAMS 0x0000000628a00000, 0x0000000628a00000| Untracked 
| 326|0x0000000628c00000, 0x0000000628c00000, 0x0000000628e00000|  0%| F|  |TAMS 0x0000000628c00000, 0x0000000628c00000| Untracked 
| 327|0x0000000628e00000, 0x0000000628e00000, 0x0000000629000000|  0%| F|  |TAMS 0x0000000628e00000, 0x0000000628e00000| Untracked 
| 328|0x0000000629000000, 0x0000000629000000, 0x0000000629200000|  0%| F|  |TAMS 0x0000000629000000, 0x0000000629000000| Untracked 
| 329|0x0000000629200000, 0x0000000629200000, 0x0000000629400000|  0%| F|  |TAMS 0x0000000629200000, 0x0000000629200000| Untracked 
| 330|0x0000000629400000, 0x0000000629400000, 0x0000000629600000|  0%| F|  |TAMS 0x0000000629400000, 0x0000000629400000| Untracked 
| 331|0x0000000629600000, 0x0000000629600000, 0x0000000629800000|  0%| F|  |TAMS 0x0000000629600000, 0x0000000629600000| Untracked 
| 332|0x0000000629800000, 0x0000000629800000, 0x0000000629a00000|  0%| F|  |TAMS 0x0000000629800000, 0x0000000629800000| Untracked 
| 333|0x0000000629a00000, 0x0000000629a00000, 0x0000000629c00000|  0%| F|  |TAMS 0x0000000629a00000, 0x0000000629a00000| Untracked 
| 334|0x0000000629c00000, 0x0000000629c00000, 0x0000000629e00000|  0%| F|  |TAMS 0x0000000629c00000, 0x0000000629c00000| Untracked 
| 335|0x0000000629e00000, 0x0000000629e00000, 0x000000062a000000|  0%| F|  |TAMS 0x0000000629e00000, 0x0000000629e00000| Untracked 
| 336|0x000000062a000000, 0x000000062a000000, 0x000000062a200000|  0%| F|  |TAMS 0x000000062a000000, 0x000000062a000000| Untracked 
| 337|0x000000062a200000, 0x000000062a200000, 0x000000062a400000|  0%| F|  |TAMS 0x000000062a200000, 0x000000062a200000| Untracked 
| 338|0x000000062a400000, 0x000000062a400000, 0x000000062a600000|  0%| F|  |TAMS 0x000000062a400000, 0x000000062a400000| Untracked 
| 339|0x000000062a600000, 0x000000062a600000, 0x000000062a800000|  0%| F|  |TAMS 0x000000062a600000, 0x000000062a600000| Untracked 
| 340|0x000000062a800000, 0x000000062a800000, 0x000000062aa00000|  0%| F|  |TAMS 0x000000062a800000, 0x000000062a800000| Untracked 
| 341|0x000000062aa00000, 0x000000062aa00000, 0x000000062ac00000|  0%| F|  |TAMS 0x000000062aa00000, 0x000000062aa00000| Untracked 
| 342|0x000000062ac00000, 0x000000062ac00000, 0x000000062ae00000|  0%| F|  |TAMS 0x000000062ac00000, 0x000000062ac00000| Untracked 
| 343|0x000000062ae00000, 0x000000062ae00000, 0x000000062b000000|  0%| F|  |TAMS 0x000000062ae00000, 0x000000062ae00000| Untracked 
| 344|0x000000062b000000, 0x000000062b000000, 0x000000062b200000|  0%| F|  |TAMS 0x000000062b000000, 0x000000062b000000| Untracked 
| 345|0x000000062b200000, 0x000000062b200000, 0x000000062b400000|  0%| F|  |TAMS 0x000000062b200000, 0x000000062b200000| Untracked 
| 346|0x000000062b400000, 0x000000062b400000, 0x000000062b600000|  0%| F|  |TAMS 0x000000062b400000, 0x000000062b400000| Untracked 
| 347|0x000000062b600000, 0x000000062b600000, 0x000000062b800000|  0%| F|  |TAMS 0x000000062b600000, 0x000000062b600000| Untracked 
| 348|0x000000062b800000, 0x000000062b800000, 0x000000062ba00000|  0%| F|  |TAMS 0x000000062b800000, 0x000000062b800000| Untracked 
| 349|0x000000062ba00000, 0x000000062ba00000, 0x000000062bc00000|  0%| F|  |TAMS 0x000000062ba00000, 0x000000062ba00000| Untracked 
| 350|0x000000062bc00000, 0x000000062bc00000, 0x000000062be00000|  0%| F|  |TAMS 0x000000062bc00000, 0x000000062bc00000| Untracked 
| 351|0x000000062be00000, 0x000000062be00000, 0x000000062c000000|  0%| F|  |TAMS 0x000000062be00000, 0x000000062be00000| Untracked 
| 352|0x000000062c000000, 0x000000062c0c37f8, 0x000000062c200000| 38%| S|CS|TAMS 0x000000062c000000, 0x000000062c000000| Complete 
| 353|0x000000062c200000, 0x000000062c400000, 0x000000062c400000|100%| S|CS|TAMS 0x000000062c200000, 0x000000062c200000| Complete 
| 354|0x000000062c400000, 0x000000062c600000, 0x000000062c600000|100%| S|CS|TAMS 0x000000062c400000, 0x000000062c400000| Complete 
| 355|0x000000062c600000, 0x000000062c800000, 0x000000062c800000|100%| S|CS|TAMS 0x000000062c600000, 0x000000062c600000| Complete 
| 356|0x000000062c800000, 0x000000062c800000, 0x000000062ca00000|  0%| F|  |TAMS 0x000000062c800000, 0x000000062c800000| Untracked 
| 357|0x000000062ca00000, 0x000000062ca00000, 0x000000062cc00000|  0%| F|  |TAMS 0x000000062ca00000, 0x000000062ca00000| Untracked 
| 358|0x000000062cc00000, 0x000000062cc00000, 0x000000062ce00000|  0%| F|  |TAMS 0x000000062cc00000, 0x000000062cc00000| Untracked 
| 359|0x000000062ce00000, 0x000000062ce00000, 0x000000062d000000|  0%| F|  |TAMS 0x000000062ce00000, 0x000000062ce00000| Untracked 
| 360|0x000000062d000000, 0x000000062d000000, 0x000000062d200000|  0%| F|  |TAMS 0x000000062d000000, 0x000000062d000000| Untracked 
| 361|0x000000062d200000, 0x000000062d200000, 0x000000062d400000|  0%| F|  |TAMS 0x000000062d200000, 0x000000062d200000| Untracked 
| 362|0x000000062d400000, 0x000000062d400000, 0x000000062d600000|  0%| F|  |TAMS 0x000000062d400000, 0x000000062d400000| Untracked 
| 363|0x000000062d600000, 0x000000062d600000, 0x000000062d800000|  0%| F|  |TAMS 0x000000062d600000, 0x000000062d600000| Untracked 
| 364|0x000000062d800000, 0x000000062d800000, 0x000000062da00000|  0%| F|  |TAMS 0x000000062d800000, 0x000000062d800000| Untracked 
| 365|0x000000062da00000, 0x000000062da00000, 0x000000062dc00000|  0%| F|  |TAMS 0x000000062da00000, 0x000000062da00000| Untracked 
| 366|0x000000062dc00000, 0x000000062dc00000, 0x000000062de00000|  0%| F|  |TAMS 0x000000062dc00000, 0x000000062dc00000| Untracked 
| 367|0x000000062de00000, 0x000000062de00000, 0x000000062e000000|  0%| F|  |TAMS 0x000000062de00000, 0x000000062de00000| Untracked 
| 368|0x000000062e000000, 0x000000062e000000, 0x000000062e200000|  0%| F|  |TAMS 0x000000062e000000, 0x000000062e000000| Untracked 
| 369|0x000000062e200000, 0x000000062e200000, 0x000000062e400000|  0%| F|  |TAMS 0x000000062e200000, 0x000000062e200000| Untracked 
| 370|0x000000062e400000, 0x000000062e400000, 0x000000062e600000|  0%| F|  |TAMS 0x000000062e400000, 0x000000062e400000| Untracked 
| 371|0x000000062e600000, 0x000000062e600000, 0x000000062e800000|  0%| F|  |TAMS 0x000000062e600000, 0x000000062e600000| Untracked 
| 372|0x000000062e800000, 0x000000062e800000, 0x000000062ea00000|  0%| F|  |TAMS 0x000000062e800000, 0x000000062e800000| Untracked 
| 373|0x000000062ea00000, 0x000000062ea00000, 0x000000062ec00000|  0%| F|  |TAMS 0x000000062ea00000, 0x000000062ea00000| Untracked 
| 374|0x000000062ec00000, 0x000000062ec00000, 0x000000062ee00000|  0%| F|  |TAMS 0x000000062ec00000, 0x000000062ec00000| Untracked 
| 375|0x000000062ee00000, 0x000000062ee00000, 0x000000062f000000|  0%| F|  |TAMS 0x000000062ee00000, 0x000000062ee00000| Untracked 
| 376|0x000000062f000000, 0x000000062f000000, 0x000000062f200000|  0%| F|  |TAMS 0x000000062f000000, 0x000000062f000000| Untracked 
| 377|0x000000062f200000, 0x000000062f200000, 0x000000062f400000|  0%| F|  |TAMS 0x000000062f200000, 0x000000062f200000| Untracked 
| 378|0x000000062f400000, 0x000000062f400000, 0x000000062f600000|  0%| F|  |TAMS 0x000000062f400000, 0x000000062f400000| Untracked 
| 379|0x000000062f600000, 0x000000062f600000, 0x000000062f800000|  0%| F|  |TAMS 0x000000062f600000, 0x000000062f600000| Untracked 
| 380|0x000000062f800000, 0x000000062f800000, 0x000000062fa00000|  0%| F|  |TAMS 0x000000062f800000, 0x000000062f800000| Untracked 
| 381|0x000000062fa00000, 0x000000062fa00000, 0x000000062fc00000|  0%| F|  |TAMS 0x000000062fa00000, 0x000000062fa00000| Untracked 
| 382|0x000000062fc00000, 0x000000062fc00000, 0x000000062fe00000|  0%| F|  |TAMS 0x000000062fc00000, 0x000000062fc00000| Untracked 
| 383|0x000000062fe00000, 0x000000062fe00000, 0x0000000630000000|  0%| F|  |TAMS 0x000000062fe00000, 0x000000062fe00000| Untracked 
| 384|0x0000000630000000, 0x0000000630000000, 0x0000000630200000|  0%| F|  |TAMS 0x0000000630000000, 0x0000000630000000| Untracked 
| 385|0x0000000630200000, 0x0000000630200000, 0x0000000630400000|  0%| F|  |TAMS 0x0000000630200000, 0x0000000630200000| Untracked 
| 386|0x0000000630400000, 0x0000000630400000, 0x0000000630600000|  0%| F|  |TAMS 0x0000000630400000, 0x0000000630400000| Untracked 
| 387|0x0000000630600000, 0x0000000630600000, 0x0000000630800000|  0%| F|  |TAMS 0x0000000630600000, 0x0000000630600000| Untracked 
| 388|0x0000000630800000, 0x0000000630800000, 0x0000000630a00000|  0%| F|  |TAMS 0x0000000630800000, 0x0000000630800000| Untracked 
| 389|0x0000000630a00000, 0x0000000630a00000, 0x0000000630c00000|  0%| F|  |TAMS 0x0000000630a00000, 0x0000000630a00000| Untracked 
| 390|0x0000000630c00000, 0x0000000630c00000, 0x0000000630e00000|  0%| F|  |TAMS 0x0000000630c00000, 0x0000000630c00000| Untracked 
| 391|0x0000000630e00000, 0x0000000630e00000, 0x0000000631000000|  0%| F|  |TAMS 0x0000000630e00000, 0x0000000630e00000| Untracked 
| 392|0x0000000631000000, 0x0000000631000000, 0x0000000631200000|  0%| F|  |TAMS 0x0000000631000000, 0x0000000631000000| Untracked 
| 393|0x0000000631200000, 0x0000000631200000, 0x0000000631400000|  0%| F|  |TAMS 0x0000000631200000, 0x0000000631200000| Untracked 
| 394|0x0000000631400000, 0x0000000631400000, 0x0000000631600000|  0%| F|  |TAMS 0x0000000631400000, 0x0000000631400000| Untracked 
| 395|0x0000000631600000, 0x0000000631600000, 0x0000000631800000|  0%| F|  |TAMS 0x0000000631600000, 0x0000000631600000| Untracked 
| 396|0x0000000631800000, 0x0000000631800000, 0x0000000631a00000|  0%| F|  |TAMS 0x0000000631800000, 0x0000000631800000| Untracked 
| 397|0x0000000631a00000, 0x0000000631a00000, 0x0000000631c00000|  0%| F|  |TAMS 0x0000000631a00000, 0x0000000631a00000| Untracked 
| 398|0x0000000631c00000, 0x0000000631c00000, 0x0000000631e00000|  0%| F|  |TAMS 0x0000000631c00000, 0x0000000631c00000| Untracked 
| 399|0x0000000631e00000, 0x0000000631e00000, 0x0000000632000000|  0%| F|  |TAMS 0x0000000631e00000, 0x0000000631e00000| Untracked 
| 400|0x0000000632000000, 0x0000000632000000, 0x0000000632200000|  0%| F|  |TAMS 0x0000000632000000, 0x0000000632000000| Untracked 
| 401|0x0000000632200000, 0x0000000632200000, 0x0000000632400000|  0%| F|  |TAMS 0x0000000632200000, 0x0000000632200000| Untracked 
| 402|0x0000000632400000, 0x0000000632400000, 0x0000000632600000|  0%| F|  |TAMS 0x0000000632400000, 0x0000000632400000| Untracked 
| 403|0x0000000632600000, 0x0000000632600000, 0x0000000632800000|  0%| F|  |TAMS 0x0000000632600000, 0x0000000632600000| Untracked 
| 404|0x0000000632800000, 0x0000000632800000, 0x0000000632a00000|  0%| F|  |TAMS 0x0000000632800000, 0x0000000632800000| Untracked 
| 405|0x0000000632a00000, 0x0000000632a00000, 0x0000000632c00000|  0%| F|  |TAMS 0x0000000632a00000, 0x0000000632a00000| Untracked 
| 406|0x0000000632c00000, 0x0000000632c00000, 0x0000000632e00000|  0%| F|  |TAMS 0x0000000632c00000, 0x0000000632c00000| Untracked 
| 407|0x0000000632e00000, 0x0000000632e00000, 0x0000000633000000|  0%| F|  |TAMS 0x0000000632e00000, 0x0000000632e00000| Untracked 
| 408|0x0000000633000000, 0x0000000633000000, 0x0000000633200000|  0%| F|  |TAMS 0x0000000633000000, 0x0000000633000000| Untracked 
| 409|0x0000000633200000, 0x0000000633200000, 0x0000000633400000|  0%| F|  |TAMS 0x0000000633200000, 0x0000000633200000| Untracked 
| 410|0x0000000633400000, 0x0000000633400000, 0x0000000633600000|  0%| F|  |TAMS 0x0000000633400000, 0x0000000633400000| Untracked 
| 411|0x0000000633600000, 0x0000000633600000, 0x0000000633800000|  0%| F|  |TAMS 0x0000000633600000, 0x0000000633600000| Untracked 
| 412|0x0000000633800000, 0x0000000633800000, 0x0000000633a00000|  0%| F|  |TAMS 0x0000000633800000, 0x0000000633800000| Untracked 
| 413|0x0000000633a00000, 0x0000000633a00000, 0x0000000633c00000|  0%| F|  |TAMS 0x0000000633a00000, 0x0000000633a00000| Untracked 
| 414|0x0000000633c00000, 0x0000000633c00000, 0x0000000633e00000|  0%| F|  |TAMS 0x0000000633c00000, 0x0000000633c00000| Untracked 
| 415|0x0000000633e00000, 0x0000000633e00000, 0x0000000634000000|  0%| F|  |TAMS 0x0000000633e00000, 0x0000000633e00000| Untracked 
| 416|0x0000000634000000, 0x0000000634000000, 0x0000000634200000|  0%| F|  |TAMS 0x0000000634000000, 0x0000000634000000| Untracked 
| 417|0x0000000634200000, 0x0000000634200000, 0x0000000634400000|  0%| F|  |TAMS 0x0000000634200000, 0x0000000634200000| Untracked 
| 418|0x0000000634400000, 0x0000000634400000, 0x0000000634600000|  0%| F|  |TAMS 0x0000000634400000, 0x0000000634400000| Untracked 
| 419|0x0000000634600000, 0x0000000634600000, 0x0000000634800000|  0%| F|  |TAMS 0x0000000634600000, 0x0000000634600000| Untracked 
| 420|0x0000000634800000, 0x0000000634800000, 0x0000000634a00000|  0%| F|  |TAMS 0x0000000634800000, 0x0000000634800000| Untracked 
| 421|0x0000000634a00000, 0x0000000634a00000, 0x0000000634c00000|  0%| F|  |TAMS 0x0000000634a00000, 0x0000000634a00000| Untracked 
| 422|0x0000000634c00000, 0x0000000634c00000, 0x0000000634e00000|  0%| F|  |TAMS 0x0000000634c00000, 0x0000000634c00000| Untracked 
| 423|0x0000000634e00000, 0x0000000634e00000, 0x0000000635000000|  0%| F|  |TAMS 0x0000000634e00000, 0x0000000634e00000| Untracked 
| 424|0x0000000635000000, 0x0000000635000000, 0x0000000635200000|  0%| F|  |TAMS 0x0000000635000000, 0x0000000635000000| Untracked 
| 425|0x0000000635200000, 0x0000000635200000, 0x0000000635400000|  0%| F|  |TAMS 0x0000000635200000, 0x0000000635200000| Untracked 
| 426|0x0000000635400000, 0x0000000635400000, 0x0000000635600000|  0%| F|  |TAMS 0x0000000635400000, 0x0000000635400000| Untracked 
| 427|0x0000000635600000, 0x0000000635600000, 0x0000000635800000|  0%| F|  |TAMS 0x0000000635600000, 0x0000000635600000| Untracked 
| 428|0x0000000635800000, 0x0000000635800000, 0x0000000635a00000|  0%| F|  |TAMS 0x0000000635800000, 0x0000000635800000| Untracked 
| 429|0x0000000635a00000, 0x0000000635a00000, 0x0000000635c00000|  0%| F|  |TAMS 0x0000000635a00000, 0x0000000635a00000| Untracked 
| 430|0x0000000635c00000, 0x0000000635c00000, 0x0000000635e00000|  0%| F|  |TAMS 0x0000000635c00000, 0x0000000635c00000| Untracked 
| 431|0x0000000635e00000, 0x0000000635e00000, 0x0000000636000000|  0%| F|  |TAMS 0x0000000635e00000, 0x0000000635e00000| Untracked 
| 432|0x0000000636000000, 0x0000000636000000, 0x0000000636200000|  0%| F|  |TAMS 0x0000000636000000, 0x0000000636000000| Untracked 
| 433|0x0000000636200000, 0x0000000636200000, 0x0000000636400000|  0%| F|  |TAMS 0x0000000636200000, 0x0000000636200000| Untracked 
| 434|0x0000000636400000, 0x0000000636400000, 0x0000000636600000|  0%| F|  |TAMS 0x0000000636400000, 0x0000000636400000| Untracked 
| 435|0x0000000636600000, 0x0000000636600000, 0x0000000636800000|  0%| F|  |TAMS 0x0000000636600000, 0x0000000636600000| Untracked 
| 436|0x0000000636800000, 0x0000000636800000, 0x0000000636a00000|  0%| F|  |TAMS 0x0000000636800000, 0x0000000636800000| Untracked 
| 437|0x0000000636a00000, 0x0000000636a00000, 0x0000000636c00000|  0%| F|  |TAMS 0x0000000636a00000, 0x0000000636a00000| Untracked 
| 438|0x0000000636c00000, 0x0000000636c00000, 0x0000000636e00000|  0%| F|  |TAMS 0x0000000636c00000, 0x0000000636c00000| Untracked 
| 439|0x0000000636e00000, 0x0000000636e00000, 0x0000000637000000|  0%| F|  |TAMS 0x0000000636e00000, 0x0000000636e00000| Untracked 
| 440|0x0000000637000000, 0x0000000637000000, 0x0000000637200000|  0%| F|  |TAMS 0x0000000637000000, 0x0000000637000000| Untracked 
| 441|0x0000000637200000, 0x0000000637200000, 0x0000000637400000|  0%| F|  |TAMS 0x0000000637200000, 0x0000000637200000| Untracked 
| 442|0x0000000637400000, 0x0000000637400000, 0x0000000637600000|  0%| F|  |TAMS 0x0000000637400000, 0x0000000637400000| Untracked 
| 443|0x0000000637600000, 0x0000000637600000, 0x0000000637800000|  0%| F|  |TAMS 0x0000000637600000, 0x0000000637600000| Untracked 
| 444|0x0000000637800000, 0x0000000637800000, 0x0000000637a00000|  0%| F|  |TAMS 0x0000000637800000, 0x0000000637800000| Untracked 
| 445|0x0000000637a00000, 0x0000000637a00000, 0x0000000637c00000|  0%| F|  |TAMS 0x0000000637a00000, 0x0000000637a00000| Untracked 
| 446|0x0000000637c00000, 0x0000000637c00000, 0x0000000637e00000|  0%| F|  |TAMS 0x0000000637c00000, 0x0000000637c00000| Untracked 
| 447|0x0000000637e00000, 0x0000000637e00000, 0x0000000638000000|  0%| F|  |TAMS 0x0000000637e00000, 0x0000000637e00000| Untracked 
| 448|0x0000000638000000, 0x0000000638000000, 0x0000000638200000|  0%| F|  |TAMS 0x0000000638000000, 0x0000000638000000| Untracked 
| 449|0x0000000638200000, 0x0000000638200000, 0x0000000638400000|  0%| F|  |TAMS 0x0000000638200000, 0x0000000638200000| Untracked 
| 450|0x0000000638400000, 0x0000000638400000, 0x0000000638600000|  0%| F|  |TAMS 0x0000000638400000, 0x0000000638400000| Untracked 
| 451|0x0000000638600000, 0x0000000638600000, 0x0000000638800000|  0%| F|  |TAMS 0x0000000638600000, 0x0000000638600000| Untracked 
| 452|0x0000000638800000, 0x0000000638800000, 0x0000000638a00000|  0%| F|  |TAMS 0x0000000638800000, 0x0000000638800000| Untracked 
| 453|0x0000000638a00000, 0x0000000638a00000, 0x0000000638c00000|  0%| F|  |TAMS 0x0000000638a00000, 0x0000000638a00000| Untracked 
| 454|0x0000000638c00000, 0x0000000638c00000, 0x0000000638e00000|  0%| F|  |TAMS 0x0000000638c00000, 0x0000000638c00000| Untracked 
| 455|0x0000000638e00000, 0x0000000638e00000, 0x0000000639000000|  0%| F|  |TAMS 0x0000000638e00000, 0x0000000638e00000| Untracked 
| 456|0x0000000639000000, 0x0000000639000000, 0x0000000639200000|  0%| F|  |TAMS 0x0000000639000000, 0x0000000639000000| Untracked 
| 457|0x0000000639200000, 0x0000000639200000, 0x0000000639400000|  0%| F|  |TAMS 0x0000000639200000, 0x0000000639200000| Untracked 
| 458|0x0000000639400000, 0x0000000639400000, 0x0000000639600000|  0%| F|  |TAMS 0x0000000639400000, 0x0000000639400000| Untracked 
| 459|0x0000000639600000, 0x0000000639600000, 0x0000000639800000|  0%| F|  |TAMS 0x0000000639600000, 0x0000000639600000| Untracked 
| 460|0x0000000639800000, 0x0000000639800000, 0x0000000639a00000|  0%| F|  |TAMS 0x0000000639800000, 0x0000000639800000| Untracked 
| 461|0x0000000639a00000, 0x0000000639a00000, 0x0000000639c00000|  0%| F|  |TAMS 0x0000000639a00000, 0x0000000639a00000| Untracked 
| 462|0x0000000639c00000, 0x0000000639c00000, 0x0000000639e00000|  0%| F|  |TAMS 0x0000000639c00000, 0x0000000639c00000| Untracked 
| 463|0x0000000639e00000, 0x0000000639e00000, 0x000000063a000000|  0%| F|  |TAMS 0x0000000639e00000, 0x0000000639e00000| Untracked 
| 464|0x000000063a000000, 0x000000063a000000, 0x000000063a200000|  0%| F|  |TAMS 0x000000063a000000, 0x000000063a000000| Untracked 
| 465|0x000000063a200000, 0x000000063a200000, 0x000000063a400000|  0%| F|  |TAMS 0x000000063a200000, 0x000000063a200000| Untracked 
| 466|0x000000063a400000, 0x000000063a400000, 0x000000063a600000|  0%| F|  |TAMS 0x000000063a400000, 0x000000063a400000| Untracked 
| 467|0x000000063a600000, 0x000000063a600000, 0x000000063a800000|  0%| F|  |TAMS 0x000000063a600000, 0x000000063a600000| Untracked 
| 468|0x000000063a800000, 0x000000063a800000, 0x000000063aa00000|  0%| F|  |TAMS 0x000000063a800000, 0x000000063a800000| Untracked 
| 469|0x000000063aa00000, 0x000000063aa00000, 0x000000063ac00000|  0%| F|  |TAMS 0x000000063aa00000, 0x000000063aa00000| Untracked 
| 470|0x000000063ac00000, 0x000000063ac00000, 0x000000063ae00000|  0%| F|  |TAMS 0x000000063ac00000, 0x000000063ac00000| Untracked 
| 471|0x000000063ae00000, 0x000000063ae00000, 0x000000063b000000|  0%| F|  |TAMS 0x000000063ae00000, 0x000000063ae00000| Untracked 
| 472|0x000000063b000000, 0x000000063b000000, 0x000000063b200000|  0%| F|  |TAMS 0x000000063b000000, 0x000000063b000000| Untracked 
| 473|0x000000063b200000, 0x000000063b200000, 0x000000063b400000|  0%| F|  |TAMS 0x000000063b200000, 0x000000063b200000| Untracked 
| 474|0x000000063b400000, 0x000000063b400000, 0x000000063b600000|  0%| F|  |TAMS 0x000000063b400000, 0x000000063b400000| Untracked 
| 475|0x000000063b600000, 0x000000063b600000, 0x000000063b800000|  0%| F|  |TAMS 0x000000063b600000, 0x000000063b600000| Untracked 
| 476|0x000000063b800000, 0x000000063b800000, 0x000000063ba00000|  0%| F|  |TAMS 0x000000063b800000, 0x000000063b800000| Untracked 
| 477|0x000000063ba00000, 0x000000063ba00000, 0x000000063bc00000|  0%| F|  |TAMS 0x000000063ba00000, 0x000000063ba00000| Untracked 
| 478|0x000000063bc00000, 0x000000063bc00000, 0x000000063be00000|  0%| F|  |TAMS 0x000000063bc00000, 0x000000063bc00000| Untracked 
| 479|0x000000063be00000, 0x000000063be00000, 0x000000063c000000|  0%| F|  |TAMS 0x000000063be00000, 0x000000063be00000| Untracked 
| 480|0x000000063c000000, 0x000000063c000000, 0x000000063c200000|  0%| F|  |TAMS 0x000000063c000000, 0x000000063c000000| Untracked 
| 481|0x000000063c200000, 0x000000063c200000, 0x000000063c400000|  0%| F|  |TAMS 0x000000063c200000, 0x000000063c200000| Untracked 
| 482|0x000000063c400000, 0x000000063c400000, 0x000000063c600000|  0%| F|  |TAMS 0x000000063c400000, 0x000000063c400000| Untracked 
| 483|0x000000063c600000, 0x000000063c600000, 0x000000063c800000|  0%| F|  |TAMS 0x000000063c600000, 0x000000063c600000| Untracked 
| 484|0x000000063c800000, 0x000000063c800000, 0x000000063ca00000|  0%| F|  |TAMS 0x000000063c800000, 0x000000063c800000| Untracked 
| 485|0x000000063ca00000, 0x000000063ca00000, 0x000000063cc00000|  0%| F|  |TAMS 0x000000063ca00000, 0x000000063ca00000| Untracked 
| 486|0x000000063cc00000, 0x000000063cc00000, 0x000000063ce00000|  0%| F|  |TAMS 0x000000063cc00000, 0x000000063cc00000| Untracked 
| 487|0x000000063ce00000, 0x000000063ce00000, 0x000000063d000000|  0%| F|  |TAMS 0x000000063ce00000, 0x000000063ce00000| Untracked 
| 488|0x000000063d000000, 0x000000063d000000, 0x000000063d200000|  0%| F|  |TAMS 0x000000063d000000, 0x000000063d000000| Untracked 
| 489|0x000000063d200000, 0x000000063d200000, 0x000000063d400000|  0%| F|  |TAMS 0x000000063d200000, 0x000000063d200000| Untracked 
| 490|0x000000063d400000, 0x000000063d400000, 0x000000063d600000|  0%| F|  |TAMS 0x000000063d400000, 0x000000063d400000| Untracked 
| 491|0x000000063d600000, 0x000000063d600000, 0x000000063d800000|  0%| F|  |TAMS 0x000000063d600000, 0x000000063d600000| Untracked 
| 492|0x000000063d800000, 0x000000063d800000, 0x000000063da00000|  0%| F|  |TAMS 0x000000063d800000, 0x000000063d800000| Untracked 
| 493|0x000000063da00000, 0x000000063da00000, 0x000000063dc00000|  0%| F|  |TAMS 0x000000063da00000, 0x000000063da00000| Untracked 
| 494|0x000000063dc00000, 0x000000063dc00000, 0x000000063de00000|  0%| F|  |TAMS 0x000000063dc00000, 0x000000063dc00000| Untracked 
| 495|0x000000063de00000, 0x000000063de00000, 0x000000063e000000|  0%| F|  |TAMS 0x000000063de00000, 0x000000063de00000| Untracked 
| 496|0x000000063e000000, 0x000000063e000000, 0x000000063e200000|  0%| F|  |TAMS 0x000000063e000000, 0x000000063e000000| Untracked 
| 497|0x000000063e200000, 0x000000063e200000, 0x000000063e400000|  0%| F|  |TAMS 0x000000063e200000, 0x000000063e200000| Untracked 
| 498|0x000000063e400000, 0x000000063e400000, 0x000000063e600000|  0%| F|  |TAMS 0x000000063e400000, 0x000000063e400000| Untracked 
| 499|0x000000063e600000, 0x000000063e600000, 0x000000063e800000|  0%| F|  |TAMS 0x000000063e600000, 0x000000063e600000| Untracked 
| 500|0x000000063e800000, 0x000000063e800000, 0x000000063ea00000|  0%| F|  |TAMS 0x000000063e800000, 0x000000063e800000| Untracked 
| 501|0x000000063ea00000, 0x000000063ea00000, 0x000000063ec00000|  0%| F|  |TAMS 0x000000063ea00000, 0x000000063ea00000| Untracked 
| 502|0x000000063ec00000, 0x000000063ec00000, 0x000000063ee00000|  0%| F|  |TAMS 0x000000063ec00000, 0x000000063ec00000| Untracked 
| 503|0x000000063ee00000, 0x000000063ee00000, 0x000000063f000000|  0%| F|  |TAMS 0x000000063ee00000, 0x000000063ee00000| Untracked 
| 504|0x000000063f000000, 0x000000063f000000, 0x000000063f200000|  0%| F|  |TAMS 0x000000063f000000, 0x000000063f000000| Untracked 
| 505|0x000000063f200000, 0x000000063f200000, 0x000000063f400000|  0%| F|  |TAMS 0x000000063f200000, 0x000000063f200000| Untracked 
| 506|0x000000063f400000, 0x000000063f400000, 0x000000063f600000|  0%| F|  |TAMS 0x000000063f400000, 0x000000063f400000| Untracked 
| 507|0x000000063f600000, 0x000000063f600000, 0x000000063f800000|  0%| F|  |TAMS 0x000000063f600000, 0x000000063f600000| Untracked 
| 508|0x000000063f800000, 0x000000063f800000, 0x000000063fa00000|  0%| F|  |TAMS 0x000000063f800000, 0x000000063f800000| Untracked 
| 509|0x000000063fa00000, 0x000000063fa00000, 0x000000063fc00000|  0%| F|  |TAMS 0x000000063fa00000, 0x000000063fa00000| Untracked 
| 510|0x000000063fc00000, 0x000000063fc00000, 0x000000063fe00000|  0%| F|  |TAMS 0x000000063fc00000, 0x000000063fc00000| Untracked 
| 511|0x000000063fe00000, 0x000000063fe00000, 0x0000000640000000|  0%| F|  |TAMS 0x000000063fe00000, 0x000000063fe00000| Untracked 
| 512|0x0000000640000000, 0x0000000640000000, 0x0000000640200000|  0%| F|  |TAMS 0x0000000640000000, 0x0000000640000000| Untracked 
| 513|0x0000000640200000, 0x0000000640200000, 0x0000000640400000|  0%| F|  |TAMS 0x0000000640200000, 0x0000000640200000| Untracked 
| 514|0x0000000640400000, 0x0000000640400000, 0x0000000640600000|  0%| F|  |TAMS 0x0000000640400000, 0x0000000640400000| Untracked 
| 515|0x0000000640600000, 0x0000000640600000, 0x0000000640800000|  0%| F|  |TAMS 0x0000000640600000, 0x0000000640600000| Untracked 
| 516|0x0000000640800000, 0x0000000640800000, 0x0000000640a00000|  0%| F|  |TAMS 0x0000000640800000, 0x0000000640800000| Untracked 
| 517|0x0000000640a00000, 0x0000000640a00000, 0x0000000640c00000|  0%| F|  |TAMS 0x0000000640a00000, 0x0000000640a00000| Untracked 
| 518|0x0000000640c00000, 0x0000000640c00000, 0x0000000640e00000|  0%| F|  |TAMS 0x0000000640c00000, 0x0000000640c00000| Untracked 
| 519|0x0000000640e00000, 0x0000000640e00000, 0x0000000641000000|  0%| F|  |TAMS 0x0000000640e00000, 0x0000000640e00000| Untracked 
| 520|0x0000000641000000, 0x0000000641000000, 0x0000000641200000|  0%| F|  |TAMS 0x0000000641000000, 0x0000000641000000| Untracked 
| 521|0x0000000641200000, 0x0000000641200000, 0x0000000641400000|  0%| F|  |TAMS 0x0000000641200000, 0x0000000641200000| Untracked 
| 522|0x0000000641400000, 0x0000000641400000, 0x0000000641600000|  0%| F|  |TAMS 0x0000000641400000, 0x0000000641400000| Untracked 
| 523|0x0000000641600000, 0x0000000641600000, 0x0000000641800000|  0%| F|  |TAMS 0x0000000641600000, 0x0000000641600000| Untracked 
| 524|0x0000000641800000, 0x0000000641800000, 0x0000000641a00000|  0%| F|  |TAMS 0x0000000641800000, 0x0000000641800000| Untracked 
| 525|0x0000000641a00000, 0x0000000641a00000, 0x0000000641c00000|  0%| F|  |TAMS 0x0000000641a00000, 0x0000000641a00000| Untracked 
| 526|0x0000000641c00000, 0x0000000641c00000, 0x0000000641e00000|  0%| F|  |TAMS 0x0000000641c00000, 0x0000000641c00000| Untracked 
| 527|0x0000000641e00000, 0x0000000641e00000, 0x0000000642000000|  0%| F|  |TAMS 0x0000000641e00000, 0x0000000641e00000| Untracked 
| 528|0x0000000642000000, 0x0000000642000000, 0x0000000642200000|  0%| F|  |TAMS 0x0000000642000000, 0x0000000642000000| Untracked 
| 529|0x0000000642200000, 0x0000000642200000, 0x0000000642400000|  0%| F|  |TAMS 0x0000000642200000, 0x0000000642200000| Untracked 
| 530|0x0000000642400000, 0x0000000642400000, 0x0000000642600000|  0%| F|  |TAMS 0x0000000642400000, 0x0000000642400000| Untracked 
| 531|0x0000000642600000, 0x0000000642600000, 0x0000000642800000|  0%| F|  |TAMS 0x0000000642600000, 0x0000000642600000| Untracked 
| 532|0x0000000642800000, 0x0000000642900800, 0x0000000642a00000| 50%| E|  |TAMS 0x0000000642800000, 0x0000000642800000| Complete 
| 533|0x0000000642a00000, 0x0000000642c00000, 0x0000000642c00000|100%| E|CS|TAMS 0x0000000642a00000, 0x0000000642a00000| Complete 
| 534|0x0000000642c00000, 0x0000000642e00000, 0x0000000642e00000|100%| E|CS|TAMS 0x0000000642c00000, 0x0000000642c00000| Complete 
| 535|0x0000000642e00000, 0x0000000643000000, 0x0000000643000000|100%| E|CS|TAMS 0x0000000642e00000, 0x0000000642e00000| Complete 
|3582|0x00000007bfc00000, 0x00000007bfc48000, 0x00000007bfe00000| 14%|OA|  |TAMS 0x00000007bfc48000, 0x00000007bfc48000| Untracked 
|3583|0x00000007bfe00000, 0x00000007bfe6c000, 0x00000007c0000000| 21%|CA|  |TAMS 0x00000007bfe6c000, 0x00000007bfe6c000| Untracked 

Card table byte_map: [0x00007094d7000000,0x00007094d8000000] _byte_map_base: 0x00007094d4000000

Marking Bits (Prev, Next): (CMBitMap*) 0x00007094f405d6c0, (CMBitMap*) 0x00007094f405d688
 Prev Bits: [0x00007094c6000000, 0x00007094ce000000)
 Next Bits: [0x00007094ce000000, 0x00007094d6000000)

Polling page: 0x00007094fc7ed000

Metaspace:

Usage:
  Non-class:    145,31 MB capacity,   106,84 MB ( 74%) used,    35,54 MB ( 24%) free+waste,     2,93 MB (  2%) overhead. 
      Class:     26,39 MB capacity,    15,64 MB ( 59%) used,     9,29 MB ( 35%) free+waste,     1,45 MB (  6%) overhead. 
       Both:    171,70 MB capacity,   122,49 MB ( 71%) used,    44,83 MB ( 26%) free+waste,     4,38 MB (  3%) overhead. 

Virtual space:
  Non-class space:      146,00 MB reserved,     145,42 MB (>99%) committed 
      Class space:        1,00 GB reserved,      87,45 MB (  9%) committed 
             Both:        1,14 GB reserved,     232,86 MB ( 20%) committed 

Chunk freelists:
   Non-Class:  0 bytes
       Class:  61,02 MB
        Both:  61,02 MB

MaxMetaspaceSize: unlimited
CompressedClassSpaceSize: 1,00 GB
Initial GC threshold: 20,80 MB
Current GC threshold: 538,19 MB
CDS: on

CodeHeap 'non-profiled nmethods': size=120032Kb used=9643Kb max_used=9643Kb free=110388Kb
 bounds [0x00007094e40c8000, 0x00007094e4a38000, 0x00007094eb600000]
CodeHeap 'profiled nmethods': size=120028Kb used=27678Kb max_used=27678Kb free=92349Kb
 bounds [0x00007094dcb91000, 0x00007094de6a1000, 0x00007094e40c8000]
CodeHeap 'non-nmethods': size=5700Kb used=1264Kb max_used=1394Kb free=4435Kb
 bounds [0x00007094dc600000, 0x00007094dc870000, 0x00007094dcb91000]
 total_blobs=10854 nmethods=10304 adapters=462
 compilation: enabled
              stopped_count=0, restarted_count=0
 full_count=0

Compilation events (20 events):
Event: 1584,912 Thread 0x00007094f42ab800 10937       4       kotlinx.coroutines.scheduling.CoroutineScheduler$Worker::idleReset (52 bytes)
Event: 1584,912 Thread 0x00007094f42ab800 nmethod 10937 0x00007094e4a2bd10 code [0x00007094e4a2bea0, 0x00007094e4a2bf38]
Event: 1584,912 Thread 0x00007094f42ab800 10935       4       kotlinx.coroutines.scheduling.CoroutineScheduler$Worker::afterTask (75 bytes)
Event: 1584,913 Thread 0x00007094f42ab800 nmethod 10935 0x00007094e4a2c010 code [0x00007094e4a2c1c0, 0x00007094e4a2c378]
Event: 1640,681 Thread 0x00007094f42ab800 10938   !   4       kotlin.coroutines.jvm.internal.BaseContinuationImpl::resumeWith (128 bytes)
Event: 1640,686 Thread 0x00007094f42ab800 nmethod 10938 0x00007094e4a2c510 code [0x00007094e4a2c720, 0x00007094e4a2cdc8]
Event: 3480,084 Thread 0x00007094f42ab800 10939       4       kotlin.coroutines.AbstractCoroutineContextElement::fold (7 bytes)
Event: 3480,085 Thread 0x00007094f42ab800 nmethod 10939 0x00007094e4a2d390 code [0x00007094e4a2d540, 0x00007094e4a2d658]
Event: 3568,680 Thread 0x00007094f42ad800 10940       3       org.jeasy.random.randomizers.text.StringRandomizer::getRandomValue (55 bytes)
Event: 3568,680 Thread 0x00007094f42ad800 nmethod 10940 0x00007094de697310 code [0x00007094de697540, 0x00007094de697e40]
Event: 3570,833 Thread 0x00007094f42ab800 10941       4       org.jeasy.random.randomizers.text.StringRandomizer::getRandomValue (55 bytes)
Event: 3570,840 Thread 0x00007094f42ab800 nmethod 10941 0x00007094e4a2d790 code [0x00007094e4a2d9c0, 0x00007094e4a2e5a8]
Event: 5005,115 Thread 0x00007094f42ad800 10942 %     3       kotlinx.coroutines.scheduling.CoroutineScheduler$Worker::runWorker @ 2 (118 bytes)
Event: 5005,116 Thread 0x00007094f42ad800 nmethod 10942% 0x00007094de698110 code [0x00007094de6983c0, 0x00007094de698f50]
Event: 5091,044 Thread 0x00007094f42ad800 10943       3       kotlinx.coroutines.scheduling.CoroutineScheduler$Worker::runWorker (118 bytes)
Event: 5091,044 Thread 0x00007094f42ab800 10944       4       kotlinx.coroutines.scheduling.CoroutineScheduler$Worker::tryAcquireCpuPermit (113 bytes)
Event: 5091,045 Thread 0x00007094f42ad800 nmethod 10943 0x00007094de699310 code [0x00007094de6995c0, 0x00007094de69a0d0]
Event: 5091,046 Thread 0x00007094f42ab800 nmethod 10944 0x00007094e4a2ed10 code [0x00007094e4a2eec0, 0x00007094e4a2f0d8]
Event: 5092,049 Thread 0x00007094f42ab800 10945       4       kotlinx.coroutines.scheduling.CoroutineScheduler$Worker::findAnyTask (115 bytes)
Event: 5092,086 Thread 0x00007094f42ab800 nmethod 10945 0x00007094e4a2f290 code [0x00007094e4a2f580, 0x00007094e4a31158]

GC Heap History (20 events):
Event: 7872,567 GC heap before
{Heap before GC invocations=1232 (full 0):
 garbage-first heap   total 1101824K, used 959595K [0x0000000600000000, 0x0000000800000000)
  region size 2048K, 168 young (344064K), 13 survivors (26624K)
 Metaspace       used 330050K, capacity 493936K, committed 503596K, reserved 1464320K
  class space    used 44598K, capacity 80040K, committed 89468K, reserved 1048576K
}
Event: 7872,609 GC heap after
{Heap after GC invocations=1233 (full 0):
 garbage-first heap   total 1101824K, used 645011K [0x0000000600000000, 0x0000000800000000)
  region size 2048K, 12 young (24576K), 12 survivors (24576K)
 Metaspace       used 330050K, capacity 493936K, committed 503596K, reserved 1464320K
  class space    used 44598K, capacity 80040K, committed 89468K, reserved 1048576K
}
Event: 7877,953 GC heap before
{Heap before GC invocations=1233 (full 0):
 garbage-first heap   total 1101824K, used 962451K [0x0000000600000000, 0x0000000800000000)
  region size 2048K, 167 young (342016K), 12 survivors (24576K)
 Metaspace       used 336564K, capacity 504064K, committed 512044K, reserved 1472512K
  class space    used 45508K, capacity 81728K, committed 89468K, reserved 1048576K
}
Event: 7877,989 GC heap after
{Heap after GC invocations=1234 (full 0):
 garbage-first heap   total 1101824K, used 647007K [0x0000000600000000, 0x0000000800000000)
  region size 2048K, 12 young (24576K), 12 survivors (24576K)
 Metaspace       used 336564K, capacity 504064K, committed 512044K, reserved 1472512K
  class space    used 45508K, capacity 81728K, committed 89468K, reserved 1048576K
}
Event: 7883,356 GC heap before
{Heap before GC invocations=1234 (full 0):
 garbage-first heap   total 1101824K, used 962399K [0x0000000600000000, 0x0000000800000000)
  region size 2048K, 166 young (339968K), 12 survivors (24576K)
 Metaspace       used 343156K, capacity 514312K, committed 520492K, reserved 1480704K
  class space    used 46428K, capacity 83436K, committed 89468K, reserved 1048576K
}
Event: 7883,394 GC heap after
{Heap after GC invocations=1235 (full 0):
 garbage-first heap   total 1101824K, used 649096K [0x0000000600000000, 0x0000000800000000)
  region size 2048K, 12 young (24576K), 12 survivors (24576K)
 Metaspace       used 343156K, capacity 514312K, committed 520492K, reserved 1480704K
  class space    used 46428K, capacity 83436K, committed 89468K, reserved 1048576K
}
Event: 7888,714 GC heap before
{Heap before GC invocations=1235 (full 0):
 garbage-first heap   total 1101824K, used 960392K [0x0000000600000000, 0x0000000800000000)
  region size 2048K, 164 young (335872K), 12 survivors (24576K)
 Metaspace       used 349748K, capacity 524560K, committed 528940K, reserved 1488896K
  class space    used 47349K, capacity 85144K, committed 89468K, reserved 1048576K
}
Event: 7888,750 GC heap after
{Heap after GC invocations=1236 (full 0):
 garbage-first heap   total 1101824K, used 651185K [0x0000000600000000, 0x0000000800000000)
  region size 2048K, 12 young (24576K), 12 survivors (24576K)
 Metaspace       used 349748K, capacity 524560K, committed 528940K, reserved 1488896K
  class space    used 47349K, capacity 85144K, committed 89468K, reserved 1048576K
}
Event: 7893,929 GC heap before
{Heap before GC invocations=1236 (full 0):
 garbage-first heap   total 1101824K, used 960433K [0x0000000600000000, 0x0000000800000000)
  region size 2048K, 163 young (333824K), 12 survivors (24576K)
 Metaspace       used 356066K, capacity 534382K, committed 537132K, reserved 1497088K
  class space    used 48232K, capacity 86781K, committed 89468K, reserved 1048576K
}
Event: 7893,967 GC heap after
{Heap after GC invocations=1237 (full 0):
 garbage-first heap   total 1101824K, used 654186K [0x0000000600000000, 0x0000000800000000)
  region size 2048K, 12 young (24576K), 12 survivors (24576K)
 Metaspace       used 356066K, capacity 534382K, committed 537132K, reserved 1497088K
  class space    used 48232K, capacity 86781K, committed 89468K, reserved 1048576K
}
Event: 7899,214 GC heap before
{Heap before GC invocations=1237 (full 0):
 garbage-first heap   total 1101824K, used 961386K [0x0000000600000000, 0x0000000800000000)
  region size 2048K, 162 young (331776K), 12 survivors (24576K)
 Metaspace       used 362484K, capacity 544360K, committed 545580K, reserved 1505280K
  class space    used 49128K, capacity 88444K, committed 89468K, reserved 1048576K
}
Event: 7899,250 GC heap after
{Heap after GC invocations=1238 (full 0):
 garbage-first heap   total 1101824K, used 656657K [0x0000000600000000, 0x0000000800000000)
  region size 2048K, 13 young (26624K), 13 survivors (26624K)
 Metaspace       used 362484K, capacity 544360K, committed 545580K, reserved 1505280K
  class space    used 49128K, capacity 88444K, committed 89468K, reserved 1048576K
}
Event: 7902,455 GC heap before
{Heap before GC invocations=1238 (full 0):
 garbage-first heap   total 1101824K, used 849169K [0x0000000600000000, 0x0000000800000000)
  region size 2048K, 108 young (221184K), 13 survivors (26624K)
 Metaspace       used 366386K, capacity 550428K, committed 550440K, reserved 1511424K
  class space    used 49673K, capacity 89456K, committed 89468K, reserved 1048576K
}
Event: 7902,492 GC heap after
{Heap after GC invocations=1239 (full 0):
 garbage-first heap   total 1101824K, used 658045K [0x0000000600000000, 0x0000000800000000)
  region size 2048K, 13 young (26624K), 13 survivors (26624K)
 Metaspace       used 366386K, capacity 550428K, committed 550440K, reserved 1511424K
  class space    used 49673K, capacity 89456K, committed 89468K, reserved 1048576K
}
Event: 7907,593 GC heap before
{Heap before GC invocations=1240 (full 0):
 garbage-first heap   total 1101824K, used 936573K [0x0000000600000000, 0x0000000800000000)
  region size 2048K, 159 young (325632K), 13 survivors (26624K)
 Metaspace       used 117166K, capacity 162976K, committed 227700K, reserved 1187840K
  class space    used 14863K, capacity 24880K, committed 89544K, reserved 1048576K
}
Event: 7907,623 GC heap after
{Heap after GC invocations=1241 (full 0):
 garbage-first heap   total 1101824K, used 639619K [0x0000000600000000, 0x0000000800000000)
  region size 2048K, 11 young (22528K), 11 survivors (22528K)
 Metaspace       used 117166K, capacity 162976K, committed 227700K, reserved 1187840K
  class space    used 14863K, capacity 24880K, committed 89544K, reserved 1048576K
}
Event: 7908,124 GC heap before
{Heap before GC invocations=1241 (full 0):
 garbage-first heap   total 1101824K, used 670339K [0x0000000600000000, 0x0000000800000000)
  region size 2048K, 26 young (53248K), 11 survivors (22528K)
 Metaspace       used 117796K, capacity 163954K, committed 228468K, reserved 1187840K
  class space    used 14951K, capacity 25043K, committed 89544K, reserved 1048576K
}
Event: 7908,150 GC heap after
{Heap after GC invocations=1242 (full 0):
 garbage-first heap   total 1101824K, used 580544K [0x0000000600000000, 0x0000000800000000)
  region size 2048K, 4 young (8192K), 4 survivors (8192K)
 Metaspace       used 117796K, capacity 163954K, committed 228468K, reserved 1187840K
  class space    used 14951K, capacity 25043K, committed 89544K, reserved 1048576K
}
Event: 7914,141 GC heap before
{Heap before GC invocations=1242 (full 0):
 garbage-first heap   total 1101824K, used 940992K [0x0000000600000000, 0x0000000800000000)
  region size 2048K, 180 young (368640K), 4 survivors (8192K)
 Metaspace       used 125325K, capacity 175660K, committed 238452K, reserved 1198080K
  class space    used 16003K, capacity 26994K, committed 89544K, reserved 1048576K
}
Event: 7914,153 GC heap after
{Heap after GC invocations=1243 (full 0):
 garbage-first heap   total 1101824K, used 580908K [0x0000000600000000, 0x0000000800000000)
  region size 2048K, 4 young (8192K), 4 survivors (8192K)
 Metaspace       used 125325K, capacity 175660K, committed 238452K, reserved 1198080K
  class space    used 16003K, capacity 26994K, committed 89544K, reserved 1048576K
}

Deoptimization events (20 events):
Event: 107,379 Thread 0x00007094f42b3800 DEOPT PACKING pc=0x00007094e43a1d0c sp=0x00007094227fcda0
Event: 107,379 Thread 0x00007094f42b3800 DEOPT UNPACKING pc=0x00007094dc649ea5 sp=0x00007094227fcd50 mode 2
Event: 107,409 Thread 0x000070942c001000 Uncommon trap: trap_request=0xffffffde fr.pc=0x00007094e4560964 relative=0x0000000000000904
Event: 107,409 Thread 0x000070942c001000 Uncommon trap: reason=class_check action=maybe_recompile pc=0x00007094e4560964 method=java.util.HashMap.removeNode(ILjava/lang/Object;Ljava/lang/Object;ZZ)Ljava/util/HashMap$Node; @ 68 c2
Event: 107,409 Thread 0x000070942c001000 DEOPT PACKING pc=0x00007094e4560964 sp=0x00007094bcaf6e50
Event: 107,409 Thread 0x000070942c001000 DEOPT UNPACKING pc=0x00007094dc649ea5 sp=0x00007094bcaf6dd8 mode 2
Event: 107,409 Thread 0x000070942c001000 Uncommon trap: trap_request=0xffffffde fr.pc=0x00007094e4560964 relative=0x0000000000000904
Event: 107,409 Thread 0x000070942c001000 Uncommon trap: reason=class_check action=maybe_recompile pc=0x00007094e4560964 method=java.util.HashMap.removeNode(ILjava/lang/Object;Ljava/lang/Object;ZZ)Ljava/util/HashMap$Node; @ 68 c2
Event: 107,409 Thread 0x000070942c001000 DEOPT PACKING pc=0x00007094e4560964 sp=0x00007094bcaf6e50
Event: 107,409 Thread 0x000070942c001000 DEOPT UNPACKING pc=0x00007094dc649ea5 sp=0x00007094bcaf6dd8 mode 2
Event: 107,409 Thread 0x000070942c001000 Uncommon trap: trap_request=0xffffffde fr.pc=0x00007094e4560964 relative=0x0000000000000904
Event: 107,409 Thread 0x000070942c001000 Uncommon trap: reason=class_check action=maybe_recompile pc=0x00007094e4560964 method=java.util.HashMap.removeNode(ILjava/lang/Object;Ljava/lang/Object;ZZ)Ljava/util/HashMap$Node; @ 68 c2
Event: 107,409 Thread 0x000070942c001000 DEOPT PACKING pc=0x00007094e4560964 sp=0x00007094bcaf6e50
Event: 107,409 Thread 0x000070942c001000 DEOPT UNPACKING pc=0x00007094dc649ea5 sp=0x00007094bcaf6dd8 mode 2
Event: 107,525 Thread 0x00007094f42b6000 DEOPT PACKING pc=0x00007094dd3a28a8 sp=0x00007094226f2c90
Event: 107,525 Thread 0x00007094f42b6000 DEOPT UNPACKING pc=0x00007094dc64a64a sp=0x00007094226f2180 mode 0
Event: 3568,628 Thread 0x00007094f42b6000 Uncommon trap: trap_request=0xffffff4d fr.pc=0x00007094e48f6710 relative=0x0000000000000970
Event: 3568,628 Thread 0x00007094f42b6000 Uncommon trap: reason=unstable_if action=reinterpret pc=0x00007094e48f6710 method=java.util.Random.nextInt(I)I @ 58 c2
Event: 3568,628 Thread 0x00007094f42b6000 DEOPT PACKING pc=0x00007094e48f6710 sp=0x000070942261b2e0
Event: 3568,628 Thread 0x00007094f42b6000 DEOPT UNPACKING pc=0x00007094dc649ea5 sp=0x000070942261b1b8 mode 2

Classes redefined (0 events):
No events

Internal exceptions (20 events):
Event: 7914,215 Thread 0x00007094f42b6000 Exception <a 'java/lang/StackOverflowError'{0x0000000642dfe068}> (0x0000000642dfe068) thrown at [./src/hotspot/share/runtime/javaCalls.cpp, line 417]
Event: 7914,215 Thread 0x00007094f42b6000 Exception <a 'java/lang/StackOverflowError'{0x0000000642dfe068}> (0x0000000642dfe068) thrown at [./src/hotspot/share/prims/jvm.cpp, line 1310]
Event: 7914,215 Thread 0x00007094f42b6000 Exception <a 'java/lang/StackOverflowError'{0x0000000642dfe068}> (0x0000000642dfe068) thrown at [./src/hotspot/share/prims/jvm.cpp, line 1310]
Event: 7914,216 Thread 0x00007094f42b6000 Exception <a 'java/lang/StackOverflowError'{0x0000000642a18e50}> (0x0000000642a18e50) thrown at [./src/hotspot/share/runtime/javaCalls.cpp, line 417]
Event: 7914,216 Thread 0x00007094f42b6000 Exception <a 'java/lang/StackOverflowError'{0x0000000642a18e50}> (0x0000000642a18e50) thrown at [./src/hotspot/share/prims/jvm.cpp, line 1310]
Event: 7914,216 Thread 0x00007094f42b6000 Exception <a 'java/lang/StackOverflowError'{0x0000000642a18e50}> (0x0000000642a18e50) thrown at [./src/hotspot/share/prims/jvm.cpp, line 1310]
Event: 7914,216 Thread 0x00007094f42b6000 Exception <a 'java/lang/StackOverflowError'{0x0000000642a33290}> (0x0000000642a33290) thrown at [./src/hotspot/share/runtime/javaCalls.cpp, line 417]
Event: 7914,216 Thread 0x00007094f42b6000 Exception <a 'java/lang/StackOverflowError'{0x0000000642a33290}> (0x0000000642a33290) thrown at [./src/hotspot/share/prims/jvm.cpp, line 1310]
Event: 7914,216 Thread 0x00007094f42b6000 Exception <a 'java/lang/StackOverflowError'{0x0000000642a33290}> (0x0000000642a33290) thrown at [./src/hotspot/share/prims/jvm.cpp, line 1310]
Event: 7914,217 Thread 0x00007094f42b6000 Exception <a 'java/lang/StackOverflowError'{0x0000000642a4da80}> (0x0000000642a4da80) thrown at [./src/hotspot/share/runtime/javaCalls.cpp, line 417]
Event: 7914,217 Thread 0x00007094f42b6000 Exception <a 'java/lang/StackOverflowError'{0x0000000642a4da80}> (0x0000000642a4da80) thrown at [./src/hotspot/share/prims/jvm.cpp, line 1310]
Event: 7914,217 Thread 0x00007094f42b6000 Exception <a 'java/lang/StackOverflowError'{0x0000000642a4da80}> (0x0000000642a4da80) thrown at [./src/hotspot/share/prims/jvm.cpp, line 1310]
Event: 7914,218 Thread 0x00007094f42b6000 Exception <a 'java/lang/StackOverflowError'{0x0000000642a67ec0}> (0x0000000642a67ec0) thrown at [./src/hotspot/share/runtime/javaCalls.cpp, line 417]
Event: 7914,218 Thread 0x00007094f42b6000 Exception <a 'java/lang/StackOverflowError'{0x0000000642a67ec0}> (0x0000000642a67ec0) thrown at [./src/hotspot/share/prims/jvm.cpp, line 1310]
Event: 7914,218 Thread 0x00007094f42b6000 Exception <a 'java/lang/StackOverflowError'{0x0000000642a67ec0}> (0x0000000642a67ec0) thrown at [./src/hotspot/share/prims/jvm.cpp, line 1310]
Event: 7914,218 Thread 0x00007094f42b6000 Exception <a 'java/lang/StackOverflowError'{0x0000000642a826b0}> (0x0000000642a826b0) thrown at [./src/hotspot/share/runtime/javaCalls.cpp, line 417]
Event: 7914,218 Thread 0x00007094f42b6000 Exception <a 'java/lang/StackOverflowError'{0x0000000642a826b0}> (0x0000000642a826b0) thrown at [./src/hotspot/share/prims/jvm.cpp, line 1310]
Event: 7914,218 Thread 0x00007094f42b6000 Exception <a 'java/lang/StackOverflowError'{0x0000000642a826b0}> (0x0000000642a826b0) thrown at [./src/hotspot/share/prims/jvm.cpp, line 1310]
Event: 7914,228 Thread 0x00007094f42b6000 Exception <a 'java/lang/StackOverflowError'{0x0000000642ad3c68}> (0x0000000642ad3c68) thrown at [./src/hotspot/share/runtime/javaCalls.cpp, line 417]
Event: 7914,228 Thread 0x00007094f42b6000 Exception <a 'java/lang/StackOverflowError'{0x0000000642ad3c68}> (0x0000000642ad3c68) thrown at [./src/hotspot/share/runtime/sharedRuntime.cpp, line 1169]

Events (20 events):
Event: 7888,714 Executing VM operation: G1CollectForAllocation
Event: 7888,750 Executing VM operation: G1CollectForAllocation done
Event: 7893,929 Executing VM operation: G1CollectForAllocation
Event: 7893,967 Executing VM operation: G1CollectForAllocation done
Event: 7899,214 Executing VM operation: G1CollectForAllocation
Event: 7899,250 Executing VM operation: G1CollectForAllocation done
Event: 7902,455 Executing VM operation: CollectForMetadataAllocation
Event: 7902,493 Executing VM operation: CollectForMetadataAllocation done
Event: 7902,639 Executing VM operation: CollectForMetadataAllocation
Event: 7902,639 Executing VM operation: CollectForMetadataAllocation done
Event: 7902,648 Executing VM operation: CGC_Operation
Event: 7902,836 Executing VM operation: CGC_Operation done
Event: 7902,905 Executing VM operation: CGC_Operation
Event: 7902,905 Executing VM operation: CGC_Operation done
Event: 7907,593 Executing VM operation: G1CollectForAllocation
Event: 7907,623 Executing VM operation: G1CollectForAllocation done
Event: 7908,123 Executing VM operation: G1CollectForAllocation
Event: 7908,150 Executing VM operation: G1CollectForAllocation done
Event: 7914,141 Executing VM operation: G1CollectForAllocation
Event: 7914,153 Executing VM operation: G1CollectForAllocation done


Dynamic libraries:
600000000-643000000 rw-p 00000000 00:00 0 
643000000-7bfc00000 ---p 00000000 00:00 0 
7bfc00000-7bfc48000 rw-p 00b14000 103:03 26230379                        /usr/lib/jvm/java-11-openjdk-amd64/lib/server/classes.jsa
7bfc48000-7bfe00000 rw-p 00000000 00:00 0 
7bfe00000-7bfe6c000 rw-p 00aa8000 103:03 26230379                        /usr/lib/jvm/java-11-openjdk-amd64/lib/server/classes.jsa
7bfe6c000-7c0000000 rw-p 00000000 00:00 0 
7c0000000-800000000 ---p 00000000 00:00 0 
800000000-800002000 rwxp 00001000 103:03 26230379                        /usr/lib/jvm/java-11-openjdk-amd64/lib/server/classes.jsa
800002000-8003ce000 rw-p 00003000 103:03 26230379                        /usr/lib/jvm/java-11-openjdk-amd64/lib/server/classes.jsa
8003ce000-800aa6000 r--p 003cf000 103:03 26230379                        /usr/lib/jvm/java-11-openjdk-amd64/lib/server/classes.jsa
800aa6000-800aa7000 rw-p 00aa7000 103:03 26230379                        /usr/lib/jvm/java-11-openjdk-amd64/lib/server/classes.jsa
840000000-845772000 rw-p 00000000 00:00 0 
845772000-880000000 ---p 00000000 00:00 0 
601404811000-601404812000 r--p 00000000 103:03 26230693                  /usr/lib/jvm/java-11-openjdk-amd64/bin/java
601404812000-601404813000 r-xp 00001000 103:03 26230693                  /usr/lib/jvm/java-11-openjdk-amd64/bin/java
601404813000-601404814000 r--p 00002000 103:03 26230693                  /usr/lib/jvm/java-11-openjdk-amd64/bin/java
601404814000-601404815000 r--p 00002000 103:03 26230693                  /usr/lib/jvm/java-11-openjdk-amd64/bin/java
601404815000-601404816000 rw-p 00003000 103:03 26230693                  /usr/lib/jvm/java-11-openjdk-amd64/bin/java
601421bbd000-601421bde000 rw-p 00000000 00:00 0                          [heap]
7093d4000000-7093d5579000 rw-p 00000000 00:00 0 
7093d5579000-7093d8000000 ---p 00000000 00:00 0 
7093dbc00000-7093dbdff000 rw-p 00000000 00:00 0 
7093dbdff000-7093dbe00000 ---p 00000000 00:00 0 
7093dc400000-7093dc600000 rw-p 00000000 00:00 0 
7093dc600000-7093dc800000 rw-p 00000000 00:00 0 
7093dc800000-7093dca00000 rw-p 00000000 00:00 0 
7093dca00000-7093dcc00000 rw-p 00000000 00:00 0 
7093dd000000-7093dd200000 rw-p 00000000 00:00 0 
7093dd600000-7093dd800000 rw-p 00000000 00:00 0 
7093dd800000-7093dda00000 rw-p 00000000 00:00 0 
7093dda00000-7093ddc00000 rw-p 00000000 00:00 0 
7093ddc00000-7093dde00000 rw-p 00000000 00:00 0 
7093dde00000-7093de000000 rw-p 00000000 00:00 0 
7093de000000-7093de200000 rw-p 00000000 00:00 0 
7093de200000-7093de400000 rw-p 00000000 00:00 0 
7093de400000-7093de600000 rw-p 00000000 00:00 0 
7093de600000-7093de800000 rw-p 00000000 00:00 0 
7093de800000-7093dea00000 rw-p 00000000 00:00 0 
7093dea00000-7093dec00000 rw-p 00000000 00:00 0 
7093dec00000-7093dee00000 rw-p 00000000 00:00 0 
7093dee00000-7093df000000 rw-p 00000000 00:00 0 
7093df000000-7093df200000 rw-p 00000000 00:00 0 
7093df200000-7093df400000 rw-p 00000000 00:00 0 
7093df400000-7093df600000 rw-p 00000000 00:00 0 
7093df600000-7093df800000 rw-p 00000000 00:00 0 
7093df800000-7093dfa00000 rw-p 00000000 00:00 0 
7093dfa00000-7093dfc00000 rw-p 00000000 00:00 0 
7093dfc00000-7093dfe00000 rw-p 00000000 00:00 0 
7093dfe00000-7093e0000000 rw-p 00000000 00:00 0 
7093e0000000-7093e3f9b000 rw-p 00000000 00:00 0 
7093e3f9b000-7093e4000000 ---p 00000000 00:00 0 
7093e4200000-7093e4400000 rw-p 00000000 00:00 0 
7093e4400000-7093e4600000 rw-p 00000000 00:00 0 
7093e4600000-7093e4800000 rw-p 00000000 00:00 0 
7093e4800000-7093e4a00000 rw-p 00000000 00:00 0 
7093e4a00000-7093e4c00000 rw-p 00000000 00:00 0 
7093e4c00000-7093e4e00000 rw-p 00000000 00:00 0 
7093e4e00000-7093e5000000 rw-p 00000000 00:00 0 
7093e5000000-7093e5200000 rw-p 00000000 00:00 0 
7093e5200000-7093e5400000 rw-p 00000000 00:00 0 
7093e5400000-7093e5600000 rw-p 00000000 00:00 0 
7093e5600000-7093e5800000 rw-p 00000000 00:00 0 
7093e5800000-7093e5a00000 rw-p 00000000 00:00 0 
7093e5a00000-7093e5c00000 rw-p 00000000 00:00 0 
7093e5c00000-7093e5e00000 rw-p 00000000 00:00 0 
7093e5e00000-7093e6000000 rw-p 00000000 00:00 0 
7093eae00000-7093eb000000 rw-p 00000000 00:00 0 
7093eb000000-7093eb200000 rw-p 00000000 00:00 0 
7093eb200000-7093eb400000 rw-p 00000000 00:00 0 
7093eb400000-7093eb600000 rw-p 00000000 00:00 0 
7093eb600000-7093eb800000 rw-p 00000000 00:00 0 
7093eb800000-7093eba00000 rw-p 00000000 00:00 0 
7093eba00000-7093ebc00000 rw-p 00000000 00:00 0 
7093ec000000-7093effd9000 rw-p 00000000 00:00 0 
7093effd9000-7093f0000000 ---p 00000000 00:00 0 
7093f8000000-7093fbfea000 rw-p 00000000 00:00 0 
7093fbfea000-7093fc000000 ---p 00000000 00:00 0 
709400000000-7094008c0000 rw-p 00000000 00:00 0 
7094008c0000-709404000000 ---p 00000000 00:00 0 
709404000000-709404155000 rw-p 00000000 00:00 0 
709404155000-709408000000 ---p 00000000 00:00 0 
709408000000-709408561000 rw-p 00000000 00:00 0 
709408561000-70940c000000 ---p 00000000 00:00 0 
70940c000000-70940c186000 rw-p 00000000 00:00 0 
70940c186000-709410000000 ---p 00000000 00:00 0 
709410000000-709410495000 rw-p 00000000 00:00 0 
709410495000-709414000000 ---p 00000000 00:00 0 
709414000000-709414153000 rw-p 00000000 00:00 0 
709414153000-709418000000 ---p 00000000 00:00 0 
709418000000-7094180c7000 rw-p 00000000 00:00 0 
7094180c7000-70941c000000 ---p 00000000 00:00 0 
70941c000000-70941c33c000 rw-p 00000000 00:00 0 
70941c33c000-709420000000 ---p 00000000 00:00 0 
7094200ff000-709420100000 ---p 00000000 00:00 0 
709420100000-709420200000 rw-p 00000000 00:00 0 
709421800000-709421980000 rw-p 00000000 00:00 0 
709421980000-709421a00000 ---p 00000000 00:00 0 
709421a00000-709421c00000 rw-p 00000000 00:00 0 
709421c00000-709421e00000 rw-p 00000000 00:00 0 
709421e00000-709422000000 rw-p 00000000 00:00 0 
709422000000-709422200000 rw-p 00000000 00:00 0 
709422200000-709422400000 rw-p 00000000 00:00 0 
709422400000-709422600000 rw-p 00000000 00:00 0 
709422600000-709422604000 ---p 00000000 00:00 0 
709422604000-709422700000 rw-p 00000000 00:00 0 
709422700000-709422704000 ---p 00000000 00:00 0 
709422704000-709422800000 rw-p 00000000 00:00 0 
709422800000-709422804000 ---p 00000000 00:00 0 
709422804000-709422900000 rw-p 00000000 00:00 0 
709422900000-709422904000 ---p 00000000 00:00 0 
709422904000-709422a00000 rw-p 00000000 00:00 0 
709422a00000-709422c00000 rw-p 00000000 00:00 0 
709422c00000-709422e00000 rw-p 00000000 00:00 0 
709422e00000-709423000000 rw-p 00000000 00:00 0 
709423000000-709423200000 rw-p 00000000 00:00 0 
709423200000-709423400000 rw-p 00000000 00:00 0 
709423400000-709423600000 rw-p 00000000 00:00 0 
709423600000-709423800000 rw-p 00000000 00:00 0 
7094238fe000-709423902000 ---p 00000000 00:00 0 
709423902000-7094239fe000 rw-p 00000000 00:00 0 
7094239fe000-7094239ff000 ---p 00000000 00:00 0 
7094239ff000-709423aff000 rw-p 00000000 00:00 0 
709423aff000-709423b00000 ---p 00000000 00:00 0 
709423b00000-709423c00000 rw-p 00000000 00:00 0 
709423c00000-709423dec000 rw-p 00000000 00:00 0 
709423dec000-709423e00000 ---p 00000000 00:00 0 
709423e00000-709424000000 rw-p 00000000 00:00 0 
709424000000-709424021000 rw-p 00000000 00:00 0 
709424021000-709428000000 ---p 00000000 00:00 0 
709428000000-709429526000 rw-p 00000000 00:00 0 
709429526000-70942c000000 ---p 00000000 00:00 0 
70942c000000-70942c021000 rw-p 00000000 00:00 0 
70942c021000-709430000000 ---p 00000000 00:00 0 
709430000000-709430021000 rw-p 00000000 00:00 0 
709430021000-709434000000 ---p 00000000 00:00 0 
709434000000-709434021000 rw-p 00000000 00:00 0 
709434021000-709438000000 ---p 00000000 00:00 0 
709438000000-709438021000 rw-p 00000000 00:00 0 
709438021000-70943c000000 ---p 00000000 00:00 0 
70943c000000-70943c021000 rw-p 00000000 00:00 0 
70943c021000-709440000000 ---p 00000000 00:00 0 
709440000000-709440021000 rw-p 00000000 00:00 0 
709440021000-709444000000 ---p 00000000 00:00 0 
709444000000-709444021000 rw-p 00000000 00:00 0 
709444021000-709448000000 ---p 00000000 00:00 0 
709448000000-709448021000 rw-p 00000000 00:00 0 
709448021000-70944c000000 ---p 00000000 00:00 0 
70944c000000-70944ea3f000 rw-p 00000000 00:00 0 
70944ea3f000-709450000000 ---p 00000000 00:00 0 
709450000000-709450021000 rw-p 00000000 00:00 0 
709450021000-709454000000 ---p 00000000 00:00 0 
709454000000-709454021000 rw-p 00000000 00:00 0 
709454021000-709458000000 ---p 00000000 00:00 0 
709458000000-709458021000 rw-p 00000000 00:00 0 
709458021000-70945c000000 ---p 00000000 00:00 0 
70945c000000-70945c02e000 rw-p 00000000 00:00 0 
70945c02e000-709460000000 ---p 00000000 00:00 0 
709460000000-709460024000 rw-p 00000000 00:00 0 
709460024000-709464000000 ---p 00000000 00:00 0 
709464000000-70946402d000 rw-p 00000000 00:00 0 
70946402d000-709468000000 ---p 00000000 00:00 0 
709468000000-709468027000 rw-p 00000000 00:00 0 
709468027000-70946c000000 ---p 00000000 00:00 0 
70946c000000-70946c02f000 rw-p 00000000 00:00 0 
70946c02f000-709470000000 ---p 00000000 00:00 0 
709470000000-709470025000 rw-p 00000000 00:00 0 
709470025000-709474000000 ---p 00000000 00:00 0 
709474000000-709474024000 rw-p 00000000 00:00 0 
709474024000-709478000000 ---p 00000000 00:00 0 
709478000000-709478024000 rw-p 00000000 00:00 0 
709478024000-70947c000000 ---p 00000000 00:00 0 
70947c000000-70947d573000 rw-p 00000000 00:00 0 
70947d573000-709480000000 ---p 00000000 00:00 0 
709480000000-709480036000 rw-p 00000000 00:00 0 
709480036000-709484000000 ---p 00000000 00:00 0 
709484000000-709484021000 rw-p 00000000 00:00 0 
709484021000-709488000000 ---p 00000000 00:00 0 
709488000000-70948a989000 rw-p 00000000 00:00 0 
70948a989000-70948c000000 ---p 00000000 00:00 0 
70948c000000-70948c021000 rw-p 00000000 00:00 0 
70948c021000-709490000000 ---p 00000000 00:00 0 
709490000000-709490021000 rw-p 00000000 00:00 0 
709490021000-709494000000 ---p 00000000 00:00 0 
709494000000-709496323000 rw-p 00000000 00:00 0 
709496323000-709498000000 ---p 00000000 00:00 0 
709498000000-709498e0f000 rw-p 00000000 00:00 0 
709498e0f000-70949c000000 ---p 00000000 00:00 0 
70949c000000-70949c021000 rw-p 00000000 00:00 0 
70949c021000-7094a0000000 ---p 00000000 00:00 0 
7094a0000000-7094a0021000 rw-p 00000000 00:00 0 
7094a0021000-7094a4000000 ---p 00000000 00:00 0 
7094a4000000-7094a4021000 rw-p 00000000 00:00 0 
7094a4021000-7094a8000000 ---p 00000000 00:00 0 
7094a8000000-7094a8021000 rw-p 00000000 00:00 0 
7094a8021000-7094ac000000 ---p 00000000 00:00 0 
7094ac000000-7094ac021000 rw-p 00000000 00:00 0 
7094ac021000-7094b0000000 ---p 00000000 00:00 0 
7094b0000000-7094b01fc000 rw-p 00000000 00:00 0 
7094b01fc000-7094b4000000 ---p 00000000 00:00 0 
7094b4000000-7094b408b000 rw-p 00000000 00:00 0 
7094b408b000-7094b8000000 ---p 00000000 00:00 0 
7094b8000000-7094b80d3000 rw-p 00000000 00:00 0 
7094b80d3000-7094bc000000 ---p 00000000 00:00 0 
7094bc000000-7094bc004000 ---p 00000000 00:00 0 
7094bc004000-7094bc100000 rw-p 00000000 00:00 0 
7094bc100000-7094bc104000 ---p 00000000 00:00 0 
7094bc104000-7094bc200000 rw-p 00000000 00:00 0 
7094bc200000-7094bc400000 rw-p 00000000 00:00 0 
7094bc400000-7094bc600000 rw-p 00000000 00:00 0 
7094bc600000-7094bc800000 rw-p 00000000 00:00 0 
7094bc8f9000-7094bc8fd000 ---p 00000000 00:00 0 
7094bc8fd000-7094bc9f9000 rw-p 00000000 00:00 0 
7094bc9f9000-7094bc9fd000 ---p 00000000 00:00 0 
7094bc9fd000-7094bcaf9000 rw-p 00000000 00:00 0 
7094bcaf9000-7094bcafd000 ---p 00000000 00:00 0 
7094bcafd000-7094bcbf9000 rw-p 00000000 00:00 0 
7094bcbf9000-7094bcbfd000 ---p 00000000 00:00 0 
7094bcbfd000-7094bccf9000 rw-p 00000000 00:00 0 
7094bccf9000-7094bccfa000 ---p 00000000 00:00 0 
7094bccfa000-7094bcdfa000 rw-p 00000000 00:00 0 
7094bcdfa000-7094bcdfb000 ---p 00000000 00:00 0 
7094bcdfb000-7094bcefb000 rw-p 00000000 00:00 0 
7094bcefb000-7094bcefc000 ---p 00000000 00:00 0 
7094bcefc000-7094bcffc000 rw-p 00000000 00:00 0 
7094bcffc000-7094bcffd000 ---p 00000000 00:00 0 
7094bcffd000-7094bd0fd000 rw-p 00000000 00:00 0 
7094bd0fd000-7094bd0fe000 ---p 00000000 00:00 0 
7094bd0fe000-7094bd1fe000 rw-p 00000000 00:00 0 
7094bd1fe000-7094bd1ff000 ---p 00000000 00:00 0 
7094bd1ff000-7094bd2ff000 rw-p 00000000 00:00 0 
7094bd2ff000-7094bd300000 ---p 00000000 00:00 0 
7094bd300000-7094bd400000 rw-p 00000000 00:00 0 
7094bd400000-7094bd600000 rw-p 00000000 00:00 0 
7094bd6f9000-7094bd6fd000 ---p 00000000 00:00 0 
7094bd6fd000-7094bd7f9000 rw-p 00000000 00:00 0 
7094bd7f9000-7094bd7fd000 ---p 00000000 00:00 0 
7094bd7fd000-7094bd8f9000 rw-p 00000000 00:00 0 
7094bd8f9000-7094bd8fa000 ---p 00000000 00:00 0 
7094bd8fa000-7094bd9fa000 rw-p 00000000 00:00 0 
7094bd9fa000-7094bd9fb000 ---p 00000000 00:00 0 
7094bd9fb000-7094bdafb000 rw-p 00000000 00:00 0 
7094bdafb000-7094bdafc000 ---p 00000000 00:00 0 
7094bdafc000-7094bdbfc000 rw-p 00000000 00:00 0 
7094bdbfc000-7094bdbfd000 ---p 00000000 00:00 0 
7094bdbfd000-7094bdcfd000 rw-p 00000000 00:00 0 
7094bdcfd000-7094bdcfe000 ---p 00000000 00:00 0 
7094bdcfe000-7094bddfe000 rw-p 00000000 00:00 0 
7094bddfe000-7094bddff000 ---p 00000000 00:00 0 
7094bddff000-7094bdeff000 rw-p 00000000 00:00 0 
7094bdeff000-7094bdf00000 ---p 00000000 00:00 0 
7094bdf00000-7094be000000 rw-p 00000000 00:00 0 
7094be000000-7094c0000000 rw-p 00000000 00:00 0 
7094c0000000-7094c0021000 rw-p 00000000 00:00 0 
7094c0021000-7094c4000000 ---p 00000000 00:00 0 
7094c40fd000-7094c40fe000 ---p 00000000 00:00 0 
7094c40fe000-7094c41fe000 rw-p 00000000 00:00 0 
7094c41fe000-7094c41ff000 ---p 00000000 00:00 0 
7094c41ff000-7094c42ff000 rw-p 00000000 00:00 0 
7094c42ff000-7094c4303000 ---p 00000000 00:00 0 
7094c4303000-7094c43ff000 rw-p 00000000 00:00 0 
7094c43ff000-7094c4403000 ---p 00000000 00:00 0 
7094c4403000-7094c44ff000 rw-p 00000000 00:00 0 
7094c44ff000-7094c4500000 ---p 00000000 00:00 0 
7094c4500000-7094c4600000 rw-p 00000000 00:00 0 
7094c4600000-7094c4604000 ---p 00000000 00:00 0 
7094c4604000-7094c4700000 rw-p 00000000 00:00 0 
7094c4700000-7094c4704000 ---p 00000000 00:00 0 
7094c4704000-7094c4800000 rw-p 00000000 00:00 0 
7094c4800000-7094c5706000 r--p 00000000 103:03 25182912                  /usr/lib/locale/locale-archive
7094c5800000-7094c70c0000 rw-p 00000000 00:00 0 
7094c70c0000-7094ccff0000 ---p 00000000 00:00 0 
7094ccff0000-7094cd000000 rw-p 00000000 00:00 0 
7094cd000000-7094ce000000 ---p 00000000 00:00 0 
7094ce000000-7094cf0c0000 rw-p 00000000 00:00 0 
7094cf0c0000-7094d4ff0000 ---p 00000000 00:00 0 
7094d4ff0000-7094d5000000 rw-p 00000000 00:00 0 
7094d5000000-7094d6000000 ---p 00000000 00:00 0 
7094d6000000-7094d6218000 rw-p 00000000 00:00 0 
7094d6218000-7094d6dfe000 ---p 00000000 00:00 0 
7094d6dfe000-7094d6e00000 rw-p 00000000 00:00 0 
7094d6e00000-7094d7000000 ---p 00000000 00:00 0 
7094d7000000-7094d7218000 rw-p 00000000 00:00 0 
7094d7218000-7094d7dfe000 ---p 00000000 00:00 0 
7094d7dfe000-7094d7e00000 rw-p 00000000 00:00 0 
7094d7e00000-7094d8000000 ---p 00000000 00:00 0 
7094d8000000-7094d8029000 rw-p 00000000 00:00 0 
7094d8029000-7094dc000000 ---p 00000000 00:00 0 
7094dc000000-7094dc004000 ---p 00000000 00:00 0 
7094dc004000-7094dc100000 rw-p 00000000 00:00 0 
7094dc100000-7094dc104000 ---p 00000000 00:00 0 
7094dc104000-7094dc200000 rw-p 00000000 00:00 0 
7094dc200000-7094dc204000 ---p 00000000 00:00 0 
7094dc204000-7094dc300000 rw-p 00000000 00:00 0 
7094dc300000-7094dc304000 ---p 00000000 00:00 0 
7094dc304000-7094dc400000 rw-p 00000000 00:00 0 
7094dc400000-7094dc404000 ---p 00000000 00:00 0 
7094dc404000-7094dc500000 rw-p 00000000 00:00 0 
7094dc500000-7094dc504000 ---p 00000000 00:00 0 
7094dc504000-7094dc600000 rw-p 00000000 00:00 0 
7094dc600000-7094dc870000 rwxp 00000000 00:00 0 
7094dc870000-7094dcb91000 ---p 00000000 00:00 0 
7094dcb91000-7094de6a1000 rwxp 00000000 00:00 0 
7094de6a1000-7094e40c8000 ---p 00000000 00:00 0 
7094e40c8000-7094e4a38000 rwxp 00000000 00:00 0 
7094e4a38000-7094eb600000 ---p 00000000 00:00 0 
7094eb600000-7094f3e5d000 r--s 00000000 103:03 26230775                  /usr/lib/jvm/java-11-openjdk-amd64/lib/modules
7094f3eff000-7094f3f00000 ---p 00000000 00:00 0 
7094f3f00000-7094f4000000 rw-p 00000000 00:00 0 
7094f4000000-7094f7ffc000 rw-p 00000000 00:00 0 
7094f7ffc000-7094f8000000 ---p 00000000 00:00 0 
7094f8068000-7094f80e9000 rw-p 00000000 00:00 0 
7094f80e9000-7094f80ea000 ---p 00000000 00:00 0 
7094f80ea000-7094f81ea000 rw-p 00000000 00:00 0 
7094f81ea000-7094f81eb000 ---p 00000000 00:00 0 
7094f81eb000-7094f82eb000 rw-p 00000000 00:00 0 
7094f82eb000-7094f8cf5000 rw-p 00000000 00:00 0 
7094f8cf5000-7094f8cf6000 ---p 00000000 00:00 0 
7094f8cf6000-7094f8df6000 rw-p 00000000 00:00 0 
7094f8df6000-7094f8df7000 ---p 00000000 00:00 0 
7094f8df7000-7094f8ef7000 rw-p 00000000 00:00 0 
7094f8ef7000-7094f9218000 rw-p 00000000 00:00 0 
7094f9218000-7094f9dfe000 ---p 00000000 00:00 0 
7094f9dfe000-7094f9e00000 rw-p 00000000 00:00 0 
7094f9e00000-7094fa000000 ---p 00000000 00:00 0 
7094fa00a000-7094faa14000 rw-p 00000000 00:00 0 
7094faa14000-7094faa15000 ---p 00000000 00:00 0 
7094faa15000-7094fab15000 rw-p 00000000 00:00 0 
7094fab15000-7094fab28000 rw-p 00000000 00:00 0 
7094fab28000-7094fac00000 ---p 00000000 00:00 0 
7094fac00000-7094fac9a000 r--p 00000000 103:03 25166549                  /usr/lib/x86_64-linux-gnu/libstdc++.so.6.0.30
7094fac9a000-7094fadab000 r-xp 0009a000 103:03 25166549                  /usr/lib/x86_64-linux-gnu/libstdc++.so.6.0.30
7094fadab000-7094fae1a000 r--p 001ab000 103:03 25166549                  /usr/lib/x86_64-linux-gnu/libstdc++.so.6.0.30
7094fae1a000-7094fae1b000 ---p 0021a000 103:03 25166549                  /usr/lib/x86_64-linux-gnu/libstdc++.so.6.0.30
7094fae1b000-7094fae26000 r--p 0021a000 103:03 25166549                  /usr/lib/x86_64-linux-gnu/libstdc++.so.6.0.30
7094fae26000-7094fae29000 rw-p 00225000 103:03 25166549                  /usr/lib/x86_64-linux-gnu/libstdc++.so.6.0.30
7094fae29000-7094fae2c000 rw-p 00000000 00:00 0 
7094fae33000-7094fae57000 r--p 00000000 103:03 25716034                  /usr/share/locale-langpack/pt_BR/LC_MESSAGES/libc.mo
7094fae57000-7094fae5b000 ---p 00000000 00:00 0 
7094fae5b000-7094fae79000 rw-p 00000000 00:00 0 
7094fae79000-7094faf4c000 rw-p 00000000 00:00 0 
7094faf4c000-7094fb000000 ---p 00000000 00:00 0 
7094fb000000-7094fb283000 r--p 00000000 103:03 26230778                  /usr/lib/jvm/java-11-openjdk-amd64/lib/server/libjvm.so
7094fb283000-7094fbf2e000 r-xp 00283000 103:03 26230778                  /usr/lib/jvm/java-11-openjdk-amd64/lib/server/libjvm.so
7094fbf2e000-7094fc18a000 r--p 00f2e000 103:03 26230778                  /usr/lib/jvm/java-11-openjdk-amd64/lib/server/libjvm.so
7094fc18a000-7094fc24e000 r--p 01189000 103:03 26230778                  /usr/lib/jvm/java-11-openjdk-amd64/lib/server/libjvm.so
7094fc24e000-7094fc289000 rw-p 0124d000 103:03 26230778                  /usr/lib/jvm/java-11-openjdk-amd64/lib/server/libjvm.so
7094fc289000-7094fc2e0000 rw-p 00000000 00:00 0 
7094fc2f4000-7094fc2fb000 r--s 00000000 103:03 25186079                  /usr/lib/x86_64-linux-gnu/gconv/gconv-modules.cache
7094fc2fb000-7094fc2fc000 r--p 00000000 103:03 26230747                  /usr/lib/jvm/java-11-openjdk-amd64/lib/libextnet.so
7094fc2fc000-7094fc2fd000 r-xp 00001000 103:03 26230747                  /usr/lib/jvm/java-11-openjdk-amd64/lib/libextnet.so
7094fc2fd000-7094fc2fe000 r--p 00002000 103:03 26230747                  /usr/lib/jvm/java-11-openjdk-amd64/lib/libextnet.so
7094fc2fe000-7094fc2ff000 r--p 00002000 103:03 26230747                  /usr/lib/jvm/java-11-openjdk-amd64/lib/libextnet.so
7094fc2ff000-7094fc300000 rw-p 00003000 103:03 26230747                  /usr/lib/jvm/java-11-openjdk-amd64/lib/libextnet.so
7094fc300000-7094fc304000 ---p 00000000 00:00 0 
7094fc304000-7094fc400000 rw-p 00000000 00:00 0 
7094fc400000-7094fc428000 r--p 00000000 103:03 25185813                  /usr/lib/x86_64-linux-gnu/libc.so.6
7094fc428000-7094fc5bd000 r-xp 00028000 103:03 25185813                  /usr/lib/x86_64-linux-gnu/libc.so.6
7094fc5bd000-7094fc615000 r--p 001bd000 103:03 25185813                  /usr/lib/x86_64-linux-gnu/libc.so.6
7094fc615000-7094fc616000 ---p 00215000 103:03 25185813                  /usr/lib/x86_64-linux-gnu/libc.so.6
7094fc616000-7094fc61a000 r--p 00215000 103:03 25185813                  /usr/lib/x86_64-linux-gnu/libc.so.6
7094fc61a000-7094fc61c000 rw-p 00219000 103:03 25185813                  /usr/lib/x86_64-linux-gnu/libc.so.6
7094fc61c000-7094fc629000 rw-p 00000000 00:00 0 
7094fc62d000-7094fc631000 r--p 00000000 103:03 26230765                  /usr/lib/jvm/java-11-openjdk-amd64/lib/libnet.so
7094fc631000-7094fc63f000 r-xp 00004000 103:03 26230765                  /usr/lib/jvm/java-11-openjdk-amd64/lib/libnet.so
7094fc63f000-7094fc643000 r--p 00012000 103:03 26230765                  /usr/lib/jvm/java-11-openjdk-amd64/lib/libnet.so
7094fc643000-7094fc644000 r--p 00015000 103:03 26230765                  /usr/lib/jvm/java-11-openjdk-amd64/lib/libnet.so
7094fc644000-7094fc645000 rw-p 00016000 103:03 26230765                  /usr/lib/jvm/java-11-openjdk-amd64/lib/libnet.so
7094fc645000-7094fc64c000 r--p 00000000 103:03 26230766                  /usr/lib/jvm/java-11-openjdk-amd64/lib/libnio.so
7094fc64c000-7094fc654000 r-xp 00007000 103:03 26230766                  /usr/lib/jvm/java-11-openjdk-amd64/lib/libnio.so
7094fc654000-7094fc657000 r--p 0000f000 103:03 26230766                  /usr/lib/jvm/java-11-openjdk-amd64/lib/libnio.so
7094fc657000-7094fc658000 r--p 00011000 103:03 26230766                  /usr/lib/jvm/java-11-openjdk-amd64/lib/libnio.so
7094fc658000-7094fc659000 rw-p 00012000 103:03 26230766                  /usr/lib/jvm/java-11-openjdk-amd64/lib/libnio.so
7094fc659000-7094fc65e000 rw-p 00000000 00:00 0 
7094fc65e000-7094fc665000 ---p 00000000 00:00 0 
7094fc665000-7094fc667000 r--p 00000000 103:03 26230774                  /usr/lib/jvm/java-11-openjdk-amd64/lib/libzip.so
7094fc667000-7094fc66c000 r-xp 00002000 103:03 26230774                  /usr/lib/jvm/java-11-openjdk-amd64/lib/libzip.so
7094fc66c000-7094fc66e000 r--p 00007000 103:03 26230774                  /usr/lib/jvm/java-11-openjdk-amd64/lib/libzip.so
7094fc66e000-7094fc66f000 r--p 00008000 103:03 26230774                  /usr/lib/jvm/java-11-openjdk-amd64/lib/libzip.so
7094fc66f000-7094fc670000 rw-p 00009000 103:03 26230774                  /usr/lib/jvm/java-11-openjdk-amd64/lib/libzip.so
7094fc670000-7094fc678000 rw-s 00000000 103:03 11272273                  /tmp/hsperfdata_suelenfelix/354294
7094fc678000-7094fc67a000 r--p 00000000 103:03 26230757                  /usr/lib/jvm/java-11-openjdk-amd64/lib/libjimage.so
7094fc67a000-7094fc67d000 r-xp 00002000 103:03 26230757                  /usr/lib/jvm/java-11-openjdk-amd64/lib/libjimage.so
7094fc67d000-7094fc67e000 r--p 00005000 103:03 26230757                  /usr/lib/jvm/java-11-openjdk-amd64/lib/libjimage.so
7094fc67e000-7094fc67f000 ---p 00006000 103:03 26230757                  /usr/lib/jvm/java-11-openjdk-amd64/lib/libjimage.so
7094fc67f000-7094fc680000 r--p 00006000 103:03 26230757                  /usr/lib/jvm/java-11-openjdk-amd64/lib/libjimage.so
7094fc680000-7094fc681000 rw-p 00007000 103:03 26230757                  /usr/lib/jvm/java-11-openjdk-amd64/lib/libjimage.so
7094fc681000-7094fc68f000 r--p 00000000 103:03 26230754                  /usr/lib/jvm/java-11-openjdk-amd64/lib/libjava.so
7094fc68f000-7094fc6a5000 r-xp 0000e000 103:03 26230754                  /usr/lib/jvm/java-11-openjdk-amd64/lib/libjava.so
7094fc6a5000-7094fc6ac000 r--p 00024000 103:03 26230754                  /usr/lib/jvm/java-11-openjdk-amd64/lib/libjava.so
7094fc6ac000-7094fc6ad000 r--p 0002a000 103:03 26230754                  /usr/lib/jvm/java-11-openjdk-amd64/lib/libjava.so
7094fc6ad000-7094fc6ae000 rw-p 0002b000 103:03 26230754                  /usr/lib/jvm/java-11-openjdk-amd64/lib/libjava.so
7094fc6ae000-7094fc6af000 rw-p 00000000 00:00 0 
7094fc6af000-7094fc6b0000 r--p 00000000 103:03 25185827                  /usr/lib/x86_64-linux-gnu/librt.so.1
7094fc6b0000-7094fc6b1000 r-xp 00001000 103:03 25185827                  /usr/lib/x86_64-linux-gnu/librt.so.1
7094fc6b1000-7094fc6b2000 r--p 00002000 103:03 25185827                  /usr/lib/x86_64-linux-gnu/librt.so.1
7094fc6b2000-7094fc6b3000 r--p 00002000 103:03 25185827                  /usr/lib/x86_64-linux-gnu/librt.so.1
7094fc6b3000-7094fc6b4000 rw-p 00003000 103:03 25185827                  /usr/lib/x86_64-linux-gnu/librt.so.1
7094fc6b4000-7094fc6b7000 r--p 00000000 103:03 25167188                  /usr/lib/x86_64-linux-gnu/libgcc_s.so.1
7094fc6b7000-7094fc6ce000 r-xp 00003000 103:03 25167188                  /usr/lib/x86_64-linux-gnu/libgcc_s.so.1
7094fc6ce000-7094fc6d2000 r--p 0001a000 103:03 25167188                  /usr/lib/x86_64-linux-gnu/libgcc_s.so.1
7094fc6d2000-7094fc6d3000 r--p 0001d000 103:03 25167188                  /usr/lib/x86_64-linux-gnu/libgcc_s.so.1
7094fc6d3000-7094fc6d4000 rw-p 0001e000 103:03 25167188                  /usr/lib/x86_64-linux-gnu/libgcc_s.so.1
7094fc6d4000-7094fc6e2000 r--p 00000000 103:03 25185816                  /usr/lib/x86_64-linux-gnu/libm.so.6
7094fc6e2000-7094fc75e000 r-xp 0000e000 103:03 25185816                  /usr/lib/x86_64-linux-gnu/libm.so.6
7094fc75e000-7094fc7b9000 r--p 0008a000 103:03 25185816                  /usr/lib/x86_64-linux-gnu/libm.so.6
7094fc7b9000-7094fc7ba000 r--p 000e4000 103:03 25185816                  /usr/lib/x86_64-linux-gnu/libm.so.6
7094fc7ba000-7094fc7bb000 rw-p 000e5000 103:03 25185816                  /usr/lib/x86_64-linux-gnu/libm.so.6
7094fc7bb000-7094fc7be000 rw-p 00000000 00:00 0 
7094fc7be000-7094fc7c1000 r--p 00000000 103:03 26230739                  /usr/lib/jvm/java-11-openjdk-amd64/lib/jli/libjli.so
7094fc7c1000-7094fc7cb000 r-xp 00003000 103:03 26230739                  /usr/lib/jvm/java-11-openjdk-amd64/lib/jli/libjli.so
7094fc7cb000-7094fc7ce000 r--p 0000d000 103:03 26230739                  /usr/lib/jvm/java-11-openjdk-amd64/lib/jli/libjli.so
7094fc7ce000-7094fc7cf000 ---p 00010000 103:03 26230739                  /usr/lib/jvm/java-11-openjdk-amd64/lib/jli/libjli.so
7094fc7cf000-7094fc7d0000 r--p 00010000 103:03 26230739                  /usr/lib/jvm/java-11-openjdk-amd64/lib/jli/libjli.so
7094fc7d0000-7094fc7d1000 rw-p 00011000 103:03 26230739                  /usr/lib/jvm/java-11-openjdk-amd64/lib/jli/libjli.so
7094fc7d1000-7094fc7d3000 r--p 00000000 103:03 25197068                  /usr/lib/x86_64-linux-gnu/libz.so.1.2.11
7094fc7d3000-7094fc7e4000 r-xp 00002000 103:03 25197068                  /usr/lib/x86_64-linux-gnu/libz.so.1.2.11
7094fc7e4000-7094fc7ea000 r--p 00013000 103:03 25197068                  /usr/lib/x86_64-linux-gnu/libz.so.1.2.11
7094fc7ea000-7094fc7eb000 ---p 00019000 103:03 25197068                  /usr/lib/x86_64-linux-gnu/libz.so.1.2.11
7094fc7eb000-7094fc7ec000 r--p 00019000 103:03 25197068                  /usr/lib/x86_64-linux-gnu/libz.so.1.2.11
7094fc7ec000-7094fc7ed000 rw-p 0001a000 103:03 25197068                  /usr/lib/x86_64-linux-gnu/libz.so.1.2.11
7094fc7ed000-7094fc7ee000 ---p 00000000 00:00 0 
7094fc7ee000-7094fc7ef000 r--p 00000000 00:00 0 
7094fc7ef000-7094fc7f4000 r--p 00000000 103:03 26230773                  /usr/lib/jvm/java-11-openjdk-amd64/lib/libverify.so
7094fc7f4000-7094fc7fb000 r-xp 00005000 103:03 26230773                  /usr/lib/jvm/java-11-openjdk-amd64/lib/libverify.so
7094fc7fb000-7094fc7fd000 r--p 0000c000 103:03 26230773                  /usr/lib/jvm/java-11-openjdk-amd64/lib/libverify.so
7094fc7fd000-7094fc7ff000 r--p 0000d000 103:03 26230773                  /usr/lib/jvm/java-11-openjdk-amd64/lib/libverify.so
7094fc7ff000-7094fc800000 rw-p 0000f000 103:03 26230773                  /usr/lib/jvm/java-11-openjdk-amd64/lib/libverify.so
7094fc800000-7094fc802000 rw-p 00000000 00:00 0 
7094fc802000-7094fc806000 r--p 00000000 00:00 0                          [vvar]
7094fc806000-7094fc808000 r--p 00000000 00:00 0                          [vvar_vclock]
7094fc808000-7094fc80a000 r-xp 00000000 00:00 0                          [vdso]
7094fc80a000-7094fc80c000 r--p 00000000 103:03 25183961                  /usr/lib/x86_64-linux-gnu/ld-linux-x86-64.so.2
7094fc80c000-7094fc836000 r-xp 00002000 103:03 25183961                  /usr/lib/x86_64-linux-gnu/ld-linux-x86-64.so.2
7094fc836000-7094fc841000 r--p 0002c000 103:03 25183961                  /usr/lib/x86_64-linux-gnu/ld-linux-x86-64.so.2
7094fc842000-7094fc844000 r--p 00037000 103:03 25183961                  /usr/lib/x86_64-linux-gnu/ld-linux-x86-64.so.2
7094fc844000-7094fc846000 rw-p 00039000 103:03 25183961                  /usr/lib/x86_64-linux-gnu/ld-linux-x86-64.so.2
7ffe48e97000-7ffe48eba000 rw-p 00000000 00:00 0                          [stack]
ffffffffff600000-ffffffffff601000 --xp 00000000 00:00 0                  [vsyscall]


VM Arguments:
jvm_args: -Xmx8g -Djava.security.manager -Djava.security.policy==/home/suelenfelix/TCC/teste/analise-geracao-testes/kex/kex.policy -Dlogback.statusListenerClass=ch.qos.logback.core.status.NopStatusListener --add-opens=java.base/java.util.concurrent.atomic=ALL-UNNAMED --add-opens=java.base/sun.security.util=ALL-UNNAMED --add-opens=java.base/sun.reflect.annotation=ALL-UNNAMED --add-opens=java.base/java.text=ALL-UNNAMED --add-opens=java.base/java.lang.invoke=ALL-UNNAMED --add-opens=java.base/java.module.invoke=ALL-UNNAMED --add-opens=java.base/jdk.internal.misc=ALL-UNNAMED --add-opens=java.base/sun.reflect.generics.repository=ALL-UNNAMED --add-opens=java.base/java.io=ALL-UNNAMED --add-opens=java.base/java.nio=ALL-UNNAMED --add-opens=java.base/java.nio.file=ALL-UNNAMED --add-opens=java.base/java.net=ALL-UNNAMED --add-opens=java.base/java.lang=ALL-UNNAMED --add-opens=java.base/java.security=ALL-UNNAMED --add-opens=java.base/java.util=ALL-UNNAMED --add-opens=java.base/java.util.stream=ALL-UNNAMED --add-opens=java.base/java.util.concurrent=ALL-UNNAMED --add-opens=java.base/java.util.concurrent.locks=ALL-UNNAMED --add-opens=java.base/java.math=ALL-UNNAMED --add-opens=java.base/java.lang.ref=ALL-UNNAMED --add-opens=java.base/java.lang.reflect=ALL-UNNAMED --add-opens=java.base/sun.security.provider=ALL-UNNAMED --add-opens=java.base/sun.net.util=ALL-UNNAMED --add-opens=java.base/sun.net.fs=ALL-UNNAMED --add-opens=java.base/jdk.internal.event=ALL-UNNAMED --add-opens=java.base/jdk.internal.jimage=ALL-UNNAMED --add-opens=java.base/jdk.internal.jimage.decompressor=ALL-UNNAMED --add-opens=java.base/jdk.internal.jmod=ALL-UNNAMED --add-opens=java.base/jdk.internal.jtrfs=ALL-UNNAMED --add-opens=java.base/jdk.internal.loader=ALL-UNNAMED --add-opens=java.base/jdk.internal.logger=ALL-UNNAMED --add-opens=java.base/jdk.internal.math=ALL-UNNAMED --add-opens=java.base/jdk.internal.misc=ALL-UNNAMED --add-opens=java.base/jdk.internal.module=ALL-UNNAMED --add-opens=java.base/jdk.internal.org.objectweb.asm.commons=ALL-UNNAMED --add-opens=java.base/jdk.internal.org.objectweb.asm.signature=ALL-UNNAMED --add-opens=java.base/jdk.internal.org.objectweb.asm.tree=ALL-UNNAMED --add-opens=java.base/jdk.internal.org.objectweb.asm.tree.analysis=ALL-UNNAMED --add-opens=java.base/jdk.internal.org.objectweb.asm.util=ALL-UNNAMED --add-opens=java.base/jdk.internal.org.xml.sax=ALL-UNNAMED --add-opens=java.base/jdk.internal.org.xml.sax.helpers=ALL-UNNAMED --add-opens=java.base/jdk.internal.perf=ALL-UNNAMED --add-opens=java.base/jdk.internal.platform=ALL-UNNAMED --add-opens=java.base/jdk.internal.ref=ALL-UNNAMED --add-opens=java.base/jdk.internal.reflect=ALL-UNNAMED --add-opens=java.base/jdk.internal.util=ALL-UNNAMED --add-opens=java.base/jdk.internal.util.jar=ALL-UNNAMED --add-opens=java.base/jdk.internal.util.xml=ALL-UNNAMED --add-opens=java.base/jdk.internal.util.xml.impl=ALL-UNNAMED --add-opens=java.base/jdk.internal.vm=ALL-UNNAMED --add-opens=java.base/jdk.internal.vm.annotation=ALL-UNNAMED --add-opens=java.logging/java.util.logging=ALL-UNNAMED --illegal-access=warn 
java_command: /home/suelenfelix/TCC/teste/analise-geracao-testes/kex/kex-runner/target/kex-runner-0.0.11-jar-with-dependencies.jar --classpath target/classes --target org.openapijsonschematools.codegen.* --output kex-tests --mode concolic
java_class_path (initial): /home/suelenfelix/TCC/teste/analise-geracao-testes/kex/kex-runner/target/kex-runner-0.0.11-jar-with-dependencies.jar
Launcher Type: SUN_STANDARD

[Global flags]
     intx CICompilerCount                          = 4                                         {product} {ergonomic}
     uint ConcGCThreads                            = 3                                         {product} {ergonomic}
     uint G1ConcRefinementThreads                  = 10                                        {product} {ergonomic}
   size_t G1HeapRegionSize                         = 2097152                                   {product} {ergonomic}
    uintx GCDrainStackTargetSize                   = 64                                        {product} {ergonomic}
   size_t InitialHeapSize                          = 515899392                                 {product} {ergonomic}
   size_t MarkStackSize                            = 4194304                                   {product} {ergonomic}
   size_t MaxHeapSize                              = 8589934592                                {product} {command line}
   size_t MaxNewSize                               = 5152702464                                {product} {ergonomic}
   size_t MinHeapDeltaBytes                        = 2097152                                   {product} {ergonomic}
    uintx NonNMethodCodeHeapSize                   = 5836300                                {pd product} {ergonomic}
    uintx NonProfiledCodeHeapSize                  = 122910970                              {pd product} {ergonomic}
    uintx ProfiledCodeHeapSize                     = 122910970                              {pd product} {ergonomic}
    uintx ReservedCodeCacheSize                    = 251658240                              {pd product} {ergonomic}
     bool SegmentedCodeCache                       = true                                      {product} {ergonomic}
     bool UseCompressedClassPointers               = true                                 {lp64_product} {ergonomic}
     bool UseCompressedOops                        = true                                 {lp64_product} {ergonomic}
     bool UseG1GC                                  = true                                      {product} {ergonomic}

Logging:
Log output configuration:
 #0: stdout all=warning uptime,level,tags
 #1: stderr all=off uptime,level,tags

Environment Variables:
JAVA_HOME=/usr/lib/jvm/java-11-openjdk-amd64
PATH=/usr/lib/jvm/java-11-openjdk-amd64/bin:/usr/bin:/bin
USERNAME=suelenfelix
SHELL=/bin/bash
DISPLAY=:1
LANG=pt_BR.UTF-8
LC_NUMERIC=pt_BR.UTF-8
LC_TIME=pt_BR.UTF-8
TERM=xterm-256color

Signal Handlers:
SIGSEGV: [libjvm.so+0xebb6e0], sa_mask[0]=11111111011111111101111111111110, sa_flags=SA_RESTART|SA_SIGINFO
SIGBUS: [libjvm.so+0xebb6e0], sa_mask[0]=11111111011111111101111111111110, sa_flags=SA_RESTART|SA_SIGINFO
SIGFPE: [libjvm.so+0xebb6e0], sa_mask[0]=11111111011111111101111111111110, sa_flags=SA_RESTART|SA_SIGINFO
SIGPIPE: [libjvm.so+0xbfe660], sa_mask[0]=11111111011111111101111111111110, sa_flags=SA_RESTART|SA_SIGINFO
SIGXFSZ: [libjvm.so+0xbfe660], sa_mask[0]=11111111011111111101111111111110, sa_flags=SA_RESTART|SA_SIGINFO
SIGILL: [libjvm.so+0xebb6e0], sa_mask[0]=11111111011111111101111111111110, sa_flags=SA_RESTART|SA_SIGINFO
SIGUSR2: [libjvm.so+0xbfe500], sa_mask[0]=00000000000000000000000000000000, sa_flags=SA_RESTART|SA_SIGINFO
SIGHUP: [libjvm.so+0xbfecf0], sa_mask[0]=11111111011111111101111111111110, sa_flags=SA_RESTART|SA_SIGINFO
SIGINT: [libjvm.so+0xbfecf0], sa_mask[0]=11111111011111111101111111111110, sa_flags=SA_RESTART|SA_SIGINFO
SIGTERM: [libjvm.so+0xbfecf0], sa_mask[0]=11111111011111111101111111111110, sa_flags=SA_RESTART|SA_SIGINFO
SIGQUIT: [libjvm.so+0xbfecf0], sa_mask[0]=11111111011111111101111111111110, sa_flags=SA_RESTART|SA_SIGINFO


---------------  S Y S T E M  ---------------

OS:DISTRIB_ID=Pop
DISTRIB_RELEASE=22.04
DISTRIB_CODENAME=jammy
DISTRIB_DESCRIPTION="Pop!_OS 22.04 LTS"
uname:Linux 7.0.11-76070011-generic #202606011647~1780583630~22.04~70ad774 SMP PREEMPT_DYNAMIC Thu J x86_64
OS uptime: 0 days 15:08 hours
libc:glibc 2.35 NPTL 2.35 
rlimit (soft/hard): STACK 8192k/infinity , CORE 0k/infinity , NPROC 113619/113619 , NOFILE 1048576/1048576 , AS infinity/infinity , CPU infinity/infinity , DATA infinity/infinity , FSIZE infinity/infinity , MEMLOCK 4016772k/4016772k
load average:4,11 3,76 3,90

/proc/meminfo:
MemTotal:       32134188 kB
MemFree:         3452400 kB
MemAvailable:    9584580 kB
Buffers:          596500 kB
Cached:          7162304 kB
SwapCached:            0 kB
Active:         20615220 kB
Inactive:        6006552 kB
Active(anon):   17780624 kB
Inactive(anon):  1165060 kB
Active(file):    2834596 kB
Inactive(file):  4841492 kB
Unevictable:          32 kB
Mlocked:              32 kB
SwapTotal:      20970996 kB
SwapFree:       20970980 kB
Zswap:                 0 kB
Zswapped:              0 kB
Dirty:               116 kB
Writeback:             0 kB
AnonPages:      18863244 kB
Mapped:          1338752 kB
Shmem:             82724 kB
KReclaimable:     863840 kB
Slab:            1145792 kB
SReclaimable:     863840 kB
SUnreclaim:       281952 kB
KernelStack:       26144 kB
PageTables:        91804 kB
SecPageTables:      3548 kB
NFS_Unstable:          0 kB
Bounce:                0 kB
WritebackTmp:          0 kB
CommitLimit:    37038088 kB
Committed_AS:   32760884 kB
VmallocTotal:   34359738367 kB
VmallocUsed:      159000 kB
VmallocChunk:          0 kB
Percpu:            12672 kB
HardwareCorrupted:     0 kB
AnonHugePages:     61440 kB
ShmemHugePages:        0 kB
ShmemPmdMapped:        0 kB
FileHugePages:    149504 kB
FilePmdMapped:     73728 kB
CmaTotal:              0 kB
CmaFree:          689744 kB
Unaccepted:            0 kB
Balloon:               0 kB
HugePages_Total:       0
HugePages_Free:        0
HugePages_Rsvd:        0
HugePages_Surp:        0
Hugepagesize:       2048 kB
Hugetlb:               0 kB
DirectMap4k:      410764 kB
DirectMap2M:    11436032 kB
DirectMap1G:    22020096 kB

/sys/kernel/mm/transparent_hugepage/enabled:
always [madvise] never
/sys/kernel/mm/transparent_hugepage/defrag (defrag/compaction efforts parameter):
always defer defer+madvise [madvise] never

Process Memory:
Virtual Size: 13918320K (peak: 20063900K)
Resident Set Size: 1862468K (peak: 2169784K) (anon: 1824616K, file: 37852K, shmem: 0K)
Swapped out: 0K
C-Heap outstanding allocations: 220507K, retained: 260440K
glibc malloc tunables: (default)

/proc/sys/kernel/threads-max (system-wide limit on the number of threads):
227239
/proc/sys/vm/max_map_count (maximum number of memory map areas a process may have):
2147483642
/proc/sys/kernel/pid_max (system-wide limit on number of process identifiers):
4194304

container information not found.
Steal ticks since vm start: 0
Steal ticks percentage since vm start:  0,000

CPU:total 12 (initial active 12) (12 cores per cpu, 2 threads per core) family 25 model 80 stepping 0 microcode 0xa50000d, cmov, cx8, fxsr, mmx, sse, sse2, sse3, ssse3, sse4.1, sse4.2, popcnt, avx, avx2, aes, clmul, erms, mmxext, 3dnowpref, lzcnt, sse4a, ht, tsc, tscinvbit, tscinv, bmi1, bmi2, adx, sha, fma
CPU Model and flags from /proc/cpuinfo:
model name	: AMD Ryzen 5 5600G with Radeon Graphics
flags		: fpu vme de pse tsc msr pae mce cx8 apic sep mtrr pge mca cmov pat pse36 clflush mmx fxsr sse sse2 ht syscall nx mmxext fxsr_opt pdpe1gb rdtscp lm constant_tsc rep_good nopl xtopology nonstop_tsc cpuid extd_apicid aperfmperf rapl pni pclmulqdq monitor ssse3 fma cx16 sse4_1 sse4_2 x2apic movbe popcnt aes xsave avx f16c rdrand lahf_lm cmp_legacy svm extapic cr8_legacy abm sse4a misalignsse 3dnowprefetch osvw ibs skinit wdt tce topoext perfctr_core perfctr_nb bpext perfctr_llc mwaitx cpb cat_l3 cdp_l3 hw_pstate ssbd mba ibrs ibpb stibp vmmcall fsgsbase bmi1 avx2 smep bmi2 erms invpcid cqm rdt_a rdseed adx smap clflushopt clwb sha_ni xsaveopt xsavec xgetbv1 xsaves cqm_llc cqm_occup_llc cqm_mbm_total cqm_mbm_local user_shstk clzero irperf xsaveerptr rdpru wbnoinvd cppc arat npt lbrv svm_lock nrip_save tsc_scale vmcb_clean flushbyasid decodeassists pausefilter pfthreshold avic v_vmsave_vmload vgif v_spec_ctrl umip pku ospke vaes vpclmulqdq rdpid overflow_recov succor smca fsrm debug_swap
Online cpus:
0-11
Offline cpus:

BIOS frequency limitation:
<Not Available>
Frequency switch latency (ns):
0
Available cpu frequencies:
<Not Available>
Current governor:
powersave
Core performance/turbo boost:
1

Memory: 4k page, physical 32134188k(3452188k free), swap 20970996k(20970980k free)

vm_info: OpenJDK 64-Bit Server VM (11.0.31+11-post-1ubuntu1-22.04.2-Ubuntu) for linux-amd64 JRE (11.0.31+11-post-1ubuntu1-22.04.2-Ubuntu), built on Apr 26 2026 12:08:09 by "unknown" with gcc 11.4.0

END.
