[INFO] Scanning for projects...
[WARNING] 
[WARNING] Some problems were encountered while building the effective model for io.basquiat:interface-bbuljit:jar:0.0.1-SNAPSHOT
[WARNING] 'dependencies.dependency.version' for org.jetbrains:annotations:jar is either LATEST or RELEASE (both of them are being deprecated) @ line 58, column 22
[WARNING] 
[WARNING] It is highly recommended to fix these problems because they threaten the stability of your build.
[WARNING] 
[WARNING] For this reason, future Maven versions might no longer support building such malformed projects.
[WARNING] 
[INFO] 
[INFO] -------------------< io.basquiat:interface-bbuljit >--------------------
[INFO] Building interface-bbuljit 0.0.1-SNAPSHOT
[INFO] --------------------------------[ jar ]---------------------------------
[INFO] 
[INFO] --- maven-clean-plugin:3.2.0:clean (default-clean) @ interface-bbuljit ---
[INFO] 
[INFO] --- jacoco-maven-plugin:0.8.11:prepare-agent (default) @ interface-bbuljit ---
[INFO] argLine set to -javaagent:/root/.m2/repository/org/jacoco/org.jacoco.agent/0.8.11/org.jacoco.agent-0.8.11-runtime.jar=destfile=/app/target/jacoco.exec
[INFO] 
[INFO] --- maven-resources-plugin:3.2.0:resources (default-resources) @ interface-bbuljit ---
[INFO] Using 'UTF-8' encoding to copy filtered resources.
[INFO] Using 'UTF-8' encoding to copy filtered properties files.
[INFO] Copying 1 resource
[INFO] Copying 0 resource
[INFO] 
[INFO] --- maven-compiler-plugin:3.10.1:compile (default-compile) @ interface-bbuljit ---
[INFO] Changes detected - recompiling the module!
[INFO] Compiling 16 source files to /app/target/classes
[INFO] /app/src/main/java/io/basquiat/interfacebbuljit/noodle/utils/BeansUtils.java: /app/src/main/java/io/basquiat/interfacebbuljit/noodle/utils/BeansUtils.java uses unchecked or unsafe operations.
[INFO] /app/src/main/java/io/basquiat/interfacebbuljit/noodle/utils/BeansUtils.java: Recompile with -Xlint:unchecked for details.
[INFO] 
[INFO] --- build-helper-maven-plugin:3.3.0:add-test-source (add-kex-test-source) @ interface-bbuljit ---
[INFO] Test Source directory: /app/src/test/java/kex-tests added.
[INFO] 
[INFO] --- maven-resources-plugin:3.2.0:testResources (default-testResources) @ interface-bbuljit ---
[INFO] Using 'UTF-8' encoding to copy filtered resources.
[INFO] Using 'UTF-8' encoding to copy filtered properties files.
[INFO] skip non existing resourceDirectory /app/src/test/resources
[INFO] 
[INFO] --- maven-compiler-plugin:3.10.1:testCompile (default-testCompile) @ interface-bbuljit ---
[INFO] Changes detected - recompiling the module!
[INFO] Compiling 152 source files to /app/target/test-classes
[WARNING] /app/src/test/java/kex-tests/tests/io/basquiat/interfacebbuljit/noodle/code/ReflectionUtils.java:[9,16] sun.misc.Unsafe is internal proprietary API and may be removed in a future release
[WARNING] /app/src/test/java/kex-tests/tests/io/basquiat/interfacebbuljit/noodle/service/ReflectionUtils.java:[9,16] sun.misc.Unsafe is internal proprietary API and may be removed in a future release
[WARNING] /app/src/test/java/kex-tests/tests/io/basquiat/interfacebbuljit/noodle/domain/dto/ReflectionUtils.java:[9,16] sun.misc.Unsafe is internal proprietary API and may be removed in a future release
[WARNING] /app/src/test/java/kex-tests/tests/io/basquiat/interfacebbuljit/noodle/utils/ReflectionUtils.java:[9,16] sun.misc.Unsafe is internal proprietary API and may be removed in a future release
[WARNING] /app/src/test/java/kex-tests/tests/io/basquiat/interfacebbuljit/noodle/domain/ReflectionUtils.java:[9,16] sun.misc.Unsafe is internal proprietary API and may be removed in a future release
[WARNING] /app/src/test/java/kex-tests/tests/io/basquiat/interfacebbuljit/noodle/web/ReflectionUtils.java:[9,16] sun.misc.Unsafe is internal proprietary API and may be removed in a future release
[WARNING] /app/src/test/java/kex-tests/tests/io/basquiat/interfacebbuljit/noodle/domain/vo/ReflectionUtils.java:[9,16] sun.misc.Unsafe is internal proprietary API and may be removed in a future release
[WARNING] /app/src/test/java/kex-tests/tests/io/basquiat/interfacebbuljit/noodle/provider/ReflectionUtils.java:[9,16] sun.misc.Unsafe is internal proprietary API and may be removed in a future release
[WARNING] /app/src/test/java/kex-tests/tests/io/basquiat/interfacebbuljit/ReflectionUtils.java:[9,16] sun.misc.Unsafe is internal proprietary API and may be removed in a future release
[WARNING] /app/src/test/java/kex-tests/tests/io/basquiat/interfacebbuljit/noodle/code/ReflectionUtils.java:[9,16] sun.misc.Unsafe is internal proprietary API and may be removed in a future release
[WARNING] /app/src/test/java/kex-tests/tests/io/basquiat/interfacebbuljit/noodle/service/ReflectionUtils.java:[9,16] sun.misc.Unsafe is internal proprietary API and may be removed in a future release
[WARNING] /app/src/test/java/kex-tests/tests/io/basquiat/interfacebbuljit/noodle/domain/dto/ReflectionUtils.java:[9,16] sun.misc.Unsafe is internal proprietary API and may be removed in a future release
[WARNING] /app/src/test/java/kex-tests/tests/io/basquiat/interfacebbuljit/noodle/utils/ReflectionUtils.java:[9,16] sun.misc.Unsafe is internal proprietary API and may be removed in a future release
[WARNING] /app/src/test/java/kex-tests/tests/io/basquiat/interfacebbuljit/noodle/domain/ReflectionUtils.java:[9,16] sun.misc.Unsafe is internal proprietary API and may be removed in a future release
[WARNING] /app/src/test/java/kex-tests/tests/io/basquiat/interfacebbuljit/noodle/web/ReflectionUtils.java:[9,16] sun.misc.Unsafe is internal proprietary API and may be removed in a future release
[WARNING] /app/src/test/java/kex-tests/tests/io/basquiat/interfacebbuljit/noodle/domain/vo/ReflectionUtils.java:[9,16] sun.misc.Unsafe is internal proprietary API and may be removed in a future release
[WARNING] /app/src/test/java/kex-tests/tests/io/basquiat/interfacebbuljit/noodle/provider/ReflectionUtils.java:[9,16] sun.misc.Unsafe is internal proprietary API and may be removed in a future release
[WARNING] /app/src/test/java/kex-tests/tests/io/basquiat/interfacebbuljit/ReflectionUtils.java:[9,16] sun.misc.Unsafe is internal proprietary API and may be removed in a future release
[WARNING] /app/src/test/java/kex-tests/tests/io/basquiat/interfacebbuljit/noodle/code/ReflectionUtils.java:[9,16] sun.misc.Unsafe is internal proprietary API and may be removed in a future release
[WARNING] /app/src/test/java/kex-tests/tests/io/basquiat/interfacebbuljit/noodle/service/ReflectionUtils.java:[9,16] sun.misc.Unsafe is internal proprietary API and may be removed in a future release
[WARNING] /app/src/test/java/kex-tests/tests/io/basquiat/interfacebbuljit/noodle/domain/dto/ReflectionUtils.java:[9,16] sun.misc.Unsafe is internal proprietary API and may be removed in a future release
[WARNING] /app/src/test/java/kex-tests/tests/io/basquiat/interfacebbuljit/noodle/utils/ReflectionUtils.java:[9,16] sun.misc.Unsafe is internal proprietary API and may be removed in a future release
[WARNING] /app/src/test/java/kex-tests/tests/io/basquiat/interfacebbuljit/noodle/domain/ReflectionUtils.java:[9,16] sun.misc.Unsafe is internal proprietary API and may be removed in a future release
[WARNING] /app/src/test/java/kex-tests/tests/io/basquiat/interfacebbuljit/noodle/web/ReflectionUtils.java:[9,16] sun.misc.Unsafe is internal proprietary API and may be removed in a future release
[WARNING] /app/src/test/java/kex-tests/tests/io/basquiat/interfacebbuljit/noodle/domain/vo/ReflectionUtils.java:[9,16] sun.misc.Unsafe is internal proprietary API and may be removed in a future release
[WARNING] /app/src/test/java/kex-tests/tests/io/basquiat/interfacebbuljit/noodle/provider/ReflectionUtils.java:[9,16] sun.misc.Unsafe is internal proprietary API and may be removed in a future release
[WARNING] /app/src/test/java/kex-tests/tests/io/basquiat/interfacebbuljit/ReflectionUtils.java:[9,16] sun.misc.Unsafe is internal proprietary API and may be removed in a future release
[WARNING] /app/src/test/java/kex-tests/tests/io/basquiat/interfacebbuljit/noodle/code/ReflectionUtils.java:[9,16] sun.misc.Unsafe is internal proprietary API and may be removed in a future release
[WARNING] /app/src/test/java/kex-tests/tests/io/basquiat/interfacebbuljit/noodle/service/ReflectionUtils.java:[9,16] sun.misc.Unsafe is internal proprietary API and may be removed in a future release
[WARNING] /app/src/test/java/kex-tests/tests/io/basquiat/interfacebbuljit/noodle/domain/dto/ReflectionUtils.java:[9,16] sun.misc.Unsafe is internal proprietary API and may be removed in a future release
[WARNING] /app/src/test/java/kex-tests/tests/io/basquiat/interfacebbuljit/noodle/utils/ReflectionUtils.java:[9,16] sun.misc.Unsafe is internal proprietary API and may be removed in a future release
[WARNING] /app/src/test/java/kex-tests/tests/io/basquiat/interfacebbuljit/noodle/domain/ReflectionUtils.java:[9,16] sun.misc.Unsafe is internal proprietary API and may be removed in a future release
[WARNING] /app/src/test/java/kex-tests/tests/io/basquiat/interfacebbuljit/noodle/web/ReflectionUtils.java:[9,16] sun.misc.Unsafe is internal proprietary API and may be removed in a future release
[WARNING] /app/src/test/java/kex-tests/tests/io/basquiat/interfacebbuljit/noodle/domain/vo/ReflectionUtils.java:[9,16] sun.misc.Unsafe is internal proprietary API and may be removed in a future release
[WARNING] /app/src/test/java/kex-tests/tests/io/basquiat/interfacebbuljit/noodle/provider/ReflectionUtils.java:[9,16] sun.misc.Unsafe is internal proprietary API and may be removed in a future release
[WARNING] /app/src/test/java/kex-tests/tests/io/basquiat/interfacebbuljit/ReflectionUtils.java:[9,16] sun.misc.Unsafe is internal proprietary API and may be removed in a future release
[WARNING] /app/src/test/java/kex-tests/tests/io/basquiat/interfacebbuljit/noodle/code/ReflectionUtils.java:[9,16] sun.misc.Unsafe is internal proprietary API and may be removed in a future release
[WARNING] /app/src/test/java/kex-tests/tests/io/basquiat/interfacebbuljit/noodle/service/ReflectionUtils.java:[9,16] sun.misc.Unsafe is internal proprietary API and may be removed in a future release
[WARNING] /app/src/test/java/kex-tests/tests/io/basquiat/interfacebbuljit/noodle/domain/dto/ReflectionUtils.java:[9,16] sun.misc.Unsafe is internal proprietary API and may be removed in a future release
[WARNING] /app/src/test/java/kex-tests/tests/io/basquiat/interfacebbuljit/noodle/utils/ReflectionUtils.java:[9,16] sun.misc.Unsafe is internal proprietary API and may be removed in a future release
[WARNING] /app/src/test/java/kex-tests/tests/io/basquiat/interfacebbuljit/noodle/domain/ReflectionUtils.java:[9,16] sun.misc.Unsafe is internal proprietary API and may be removed in a future release
[WARNING] /app/src/test/java/kex-tests/tests/io/basquiat/interfacebbuljit/noodle/web/ReflectionUtils.java:[9,16] sun.misc.Unsafe is internal proprietary API and may be removed in a future release
[WARNING] /app/src/test/java/kex-tests/tests/io/basquiat/interfacebbuljit/noodle/domain/vo/ReflectionUtils.java:[9,16] sun.misc.Unsafe is internal proprietary API and may be removed in a future release
[WARNING] /app/src/test/java/kex-tests/tests/io/basquiat/interfacebbuljit/noodle/provider/ReflectionUtils.java:[9,16] sun.misc.Unsafe is internal proprietary API and may be removed in a future release
[WARNING] /app/src/test/java/kex-tests/tests/io/basquiat/interfacebbuljit/ReflectionUtils.java:[9,16] sun.misc.Unsafe is internal proprietary API and may be removed in a future release
[WARNING] /app/src/test/java/kex-tests/tests/io/basquiat/interfacebbuljit/noodle/code/ReflectionUtils.java:[13,25] sun.misc.Unsafe is internal proprietary API and may be removed in a future release
[WARNING] /app/src/test/java/kex-tests/tests/io/basquiat/interfacebbuljit/noodle/code/ReflectionUtils.java:[13,25] sun.misc.Unsafe is internal proprietary API and may be removed in a future release
[WARNING] /app/src/test/java/kex-tests/tests/io/basquiat/interfacebbuljit/noodle/code/ReflectionUtils.java:[13,25] sun.misc.Unsafe is internal proprietary API and may be removed in a future release
[WARNING] /app/src/test/java/kex-tests/tests/io/basquiat/interfacebbuljit/noodle/code/ReflectionUtils.java:[13,25] sun.misc.Unsafe is internal proprietary API and may be removed in a future release
[WARNING] /app/src/test/java/kex-tests/tests/io/basquiat/interfacebbuljit/noodle/code/ReflectionUtils.java:[13,25] sun.misc.Unsafe is internal proprietary API and may be removed in a future release
[WARNING] /app/src/test/java/kex-tests/tests/io/basquiat/interfacebbuljit/noodle/code/ReflectionUtils.java:[17,31] sun.misc.Unsafe is internal proprietary API and may be removed in a future release
[WARNING] /app/src/test/java/kex-tests/tests/io/basquiat/interfacebbuljit/noodle/code/ReflectionUtils.java:[19,23] sun.misc.Unsafe is internal proprietary API and may be removed in a future release
[WARNING] /app/src/test/java/kex-tests/tests/io/basquiat/interfacebbuljit/noodle/service/ReflectionUtils.java:[13,25] sun.misc.Unsafe is internal proprietary API and may be removed in a future release
[WARNING] /app/src/test/java/kex-tests/tests/io/basquiat/interfacebbuljit/noodle/service/ReflectionUtils.java:[13,25] sun.misc.Unsafe is internal proprietary API and may be removed in a future release
[WARNING] /app/src/test/java/kex-tests/tests/io/basquiat/interfacebbuljit/noodle/service/ReflectionUtils.java:[13,25] sun.misc.Unsafe is internal proprietary API and may be removed in a future release
[WARNING] /app/src/test/java/kex-tests/tests/io/basquiat/interfacebbuljit/noodle/service/ReflectionUtils.java:[13,25] sun.misc.Unsafe is internal proprietary API and may be removed in a future release
[WARNING] /app/src/test/java/kex-tests/tests/io/basquiat/interfacebbuljit/noodle/service/ReflectionUtils.java:[13,25] sun.misc.Unsafe is internal proprietary API and may be removed in a future release
[WARNING] /app/src/test/java/kex-tests/tests/io/basquiat/interfacebbuljit/noodle/service/ReflectionUtils.java:[17,31] sun.misc.Unsafe is internal proprietary API and may be removed in a future release
[WARNING] /app/src/test/java/kex-tests/tests/io/basquiat/interfacebbuljit/noodle/service/ReflectionUtils.java:[19,23] sun.misc.Unsafe is internal proprietary API and may be removed in a future release
[WARNING] /app/src/test/java/kex-tests/tests/io/basquiat/interfacebbuljit/noodle/domain/dto/ReflectionUtils.java:[13,25] sun.misc.Unsafe is internal proprietary API and may be removed in a future release
[WARNING] /app/src/test/java/kex-tests/tests/io/basquiat/interfacebbuljit/noodle/domain/dto/ReflectionUtils.java:[13,25] sun.misc.Unsafe is internal proprietary API and may be removed in a future release
[WARNING] /app/src/test/java/kex-tests/tests/io/basquiat/interfacebbuljit/noodle/domain/dto/ReflectionUtils.java:[13,25] sun.misc.Unsafe is internal proprietary API and may be removed in a future release
[WARNING] /app/src/test/java/kex-tests/tests/io/basquiat/interfacebbuljit/noodle/domain/dto/ReflectionUtils.java:[13,25] sun.misc.Unsafe is internal proprietary API and may be removed in a future release
[WARNING] /app/src/test/java/kex-tests/tests/io/basquiat/interfacebbuljit/noodle/domain/dto/ReflectionUtils.java:[13,25] sun.misc.Unsafe is internal proprietary API and may be removed in a future release
[WARNING] /app/src/test/java/kex-tests/tests/io/basquiat/interfacebbuljit/noodle/domain/dto/ReflectionUtils.java:[17,31] sun.misc.Unsafe is internal proprietary API and may be removed in a future release
[WARNING] /app/src/test/java/kex-tests/tests/io/basquiat/interfacebbuljit/noodle/domain/dto/ReflectionUtils.java:[19,23] sun.misc.Unsafe is internal proprietary API and may be removed in a future release
[WARNING] /app/src/test/java/kex-tests/tests/io/basquiat/interfacebbuljit/noodle/utils/ReflectionUtils.java:[13,25] sun.misc.Unsafe is internal proprietary API and may be removed in a future release
[WARNING] /app/src/test/java/kex-tests/tests/io/basquiat/interfacebbuljit/noodle/utils/ReflectionUtils.java:[13,25] sun.misc.Unsafe is internal proprietary API and may be removed in a future release
[WARNING] /app/src/test/java/kex-tests/tests/io/basquiat/interfacebbuljit/noodle/utils/ReflectionUtils.java:[13,25] sun.misc.Unsafe is internal proprietary API and may be removed in a future release
[WARNING] /app/src/test/java/kex-tests/tests/io/basquiat/interfacebbuljit/noodle/utils/ReflectionUtils.java:[13,25] sun.misc.Unsafe is internal proprietary API and may be removed in a future release
[WARNING] /app/src/test/java/kex-tests/tests/io/basquiat/interfacebbuljit/noodle/utils/ReflectionUtils.java:[13,25] sun.misc.Unsafe is internal proprietary API and may be removed in a future release
[WARNING] /app/src/test/java/kex-tests/tests/io/basquiat/interfacebbuljit/noodle/utils/ReflectionUtils.java:[17,31] sun.misc.Unsafe is internal proprietary API and may be removed in a future release
[WARNING] /app/src/test/java/kex-tests/tests/io/basquiat/interfacebbuljit/noodle/utils/ReflectionUtils.java:[19,23] sun.misc.Unsafe is internal proprietary API and may be removed in a future release
[WARNING] /app/src/test/java/kex-tests/tests/io/basquiat/interfacebbuljit/noodle/domain/ReflectionUtils.java:[13,25] sun.misc.Unsafe is internal proprietary API and may be removed in a future release
[WARNING] /app/src/test/java/kex-tests/tests/io/basquiat/interfacebbuljit/noodle/domain/ReflectionUtils.java:[13,25] sun.misc.Unsafe is internal proprietary API and may be removed in a future release
[WARNING] /app/src/test/java/kex-tests/tests/io/basquiat/interfacebbuljit/noodle/domain/ReflectionUtils.java:[13,25] sun.misc.Unsafe is internal proprietary API and may be removed in a future release
[WARNING] /app/src/test/java/kex-tests/tests/io/basquiat/interfacebbuljit/noodle/domain/ReflectionUtils.java:[13,25] sun.misc.Unsafe is internal proprietary API and may be removed in a future release
[WARNING] /app/src/test/java/kex-tests/tests/io/basquiat/interfacebbuljit/noodle/domain/ReflectionUtils.java:[13,25] sun.misc.Unsafe is internal proprietary API and may be removed in a future release
[WARNING] /app/src/test/java/kex-tests/tests/io/basquiat/interfacebbuljit/noodle/domain/ReflectionUtils.java:[17,31] sun.misc.Unsafe is internal proprietary API and may be removed in a future release
[WARNING] /app/src/test/java/kex-tests/tests/io/basquiat/interfacebbuljit/noodle/domain/ReflectionUtils.java:[19,23] sun.misc.Unsafe is internal proprietary API and may be removed in a future release
[WARNING] /app/src/test/java/kex-tests/tests/io/basquiat/interfacebbuljit/noodle/web/ReflectionUtils.java:[13,25] sun.misc.Unsafe is internal proprietary API and may be removed in a future release
[WARNING] /app/src/test/java/kex-tests/tests/io/basquiat/interfacebbuljit/noodle/web/ReflectionUtils.java:[13,25] sun.misc.Unsafe is internal proprietary API and may be removed in a future release
[WARNING] /app/src/test/java/kex-tests/tests/io/basquiat/interfacebbuljit/noodle/web/ReflectionUtils.java:[13,25] sun.misc.Unsafe is internal proprietary API and may be removed in a future release
[WARNING] /app/src/test/java/kex-tests/tests/io/basquiat/interfacebbuljit/noodle/web/ReflectionUtils.java:[13,25] sun.misc.Unsafe is internal proprietary API and may be removed in a future release
[WARNING] /app/src/test/java/kex-tests/tests/io/basquiat/interfacebbuljit/noodle/web/ReflectionUtils.java:[13,25] sun.misc.Unsafe is internal proprietary API and may be removed in a future release
[WARNING] /app/src/test/java/kex-tests/tests/io/basquiat/interfacebbuljit/noodle/web/ReflectionUtils.java:[17,31] sun.misc.Unsafe is internal proprietary API and may be removed in a future release
[WARNING] /app/src/test/java/kex-tests/tests/io/basquiat/interfacebbuljit/noodle/web/ReflectionUtils.java:[19,23] sun.misc.Unsafe is internal proprietary API and may be removed in a future release
[WARNING] /app/src/test/java/kex-tests/tests/io/basquiat/interfacebbuljit/noodle/domain/vo/ReflectionUtils.java:[13,25] sun.misc.Unsafe is internal proprietary API and may be removed in a future release
[WARNING] /app/src/test/java/kex-tests/tests/io/basquiat/interfacebbuljit/noodle/domain/vo/ReflectionUtils.java:[13,25] sun.misc.Unsafe is internal proprietary API and may be removed in a future release
[WARNING] /app/src/test/java/kex-tests/tests/io/basquiat/interfacebbuljit/noodle/domain/vo/ReflectionUtils.java:[13,25] sun.misc.Unsafe is internal proprietary API and may be removed in a future release
[WARNING] /app/src/test/java/kex-tests/tests/io/basquiat/interfacebbuljit/noodle/domain/vo/ReflectionUtils.java:[13,25] sun.misc.Unsafe is internal proprietary API and may be removed in a future release
[WARNING] /app/src/test/java/kex-tests/tests/io/basquiat/interfacebbuljit/noodle/domain/vo/ReflectionUtils.java:[13,25] sun.misc.Unsafe is internal proprietary API and may be removed in a future release
[WARNING] /app/src/test/java/kex-tests/tests/io/basquiat/interfacebbuljit/noodle/domain/vo/ReflectionUtils.java:[17,31] sun.misc.Unsafe is internal proprietary API and may be removed in a future release
[WARNING] /app/src/test/java/kex-tests/tests/io/basquiat/interfacebbuljit/noodle/domain/vo/ReflectionUtils.java:[19,23] sun.misc.Unsafe is internal proprietary API and may be removed in a future release
[WARNING] /app/src/test/java/kex-tests/tests/io/basquiat/interfacebbuljit/noodle/provider/ReflectionUtils.java:[13,25] sun.misc.Unsafe is internal proprietary API and may be removed in a future release
[WARNING] /app/src/test/java/kex-tests/tests/io/basquiat/interfacebbuljit/noodle/provider/ReflectionUtils.java:[13,25] sun.misc.Unsafe is internal proprietary API and may be removed in a future release
[WARNING] /app/src/test/java/kex-tests/tests/io/basquiat/interfacebbuljit/noodle/provider/ReflectionUtils.java:[13,25] sun.misc.Unsafe is internal proprietary API and may be removed in a future release
[WARNING] /app/src/test/java/kex-tests/tests/io/basquiat/interfacebbuljit/noodle/provider/ReflectionUtils.java:[13,25] sun.misc.Unsafe is internal proprietary API and may be removed in a future release
[WARNING] /app/src/test/java/kex-tests/tests/io/basquiat/interfacebbuljit/noodle/provider/ReflectionUtils.java:[13,25] sun.misc.Unsafe is internal proprietary API and may be removed in a future release
[WARNING] /app/src/test/java/kex-tests/tests/io/basquiat/interfacebbuljit/noodle/provider/ReflectionUtils.java:[17,31] sun.misc.Unsafe is internal proprietary API and may be removed in a future release
[INFO] /app/src/test/java/kex-tests/tests/io/basquiat/interfacebbuljit/noodle/code/AddOrNot_init_4220249755.java: Some input files use or override a deprecated API.
[INFO] /app/src/test/java/kex-tests/tests/io/basquiat/interfacebbuljit/noodle/code/AddOrNot_init_4220249755.java: Recompile with -Xlint:deprecation for details.
[INFO] 
[INFO] --- maven-surefire-plugin:2.22.2:test (default-test) @ interface-bbuljit ---
[INFO] 
[INFO] -------------------------------------------------------
[INFO]  T E S T S
[INFO] -------------------------------------------------------
05:08:07.964 [main] INFO org.evosuite.runtime.agent.AgentLoader - dynamically loading javaagent
05:08:07.977 [main] INFO org.evosuite.runtime.agent.AgentLoader - Using JavaAgent in /root/.m2/repository/org/evosuite/evosuite-standalone-runtime/1.1.0/evosuite-standalone-runtime-1.1.0.jar
05:08:07.985 [main] INFO org.evosuite.runtime.agent.AgentLoader - Classpath: /app/target/test-classes:/app/target/classes:/root/.m2/repository/junit/junit/4.13.2/junit-4.13.2.jar:/root/.m2/repository/org/hamcrest/hamcrest-core/2.2/hamcrest-core-2.2.jar:/root/.m2/repository/org/junit/vintage/junit-vintage-engine/5.10.0/junit-vintage-engine-5.10.0.jar:/root/.m2/repository/org/junit/platform/junit-platform-engine/1.8.2/junit-platform-engine-1.8.2.jar:/root/.m2/repository/org/opentest4j/opentest4j/1.2.0/opentest4j-1.2.0.jar:/root/.m2/repository/org/junit/platform/junit-platform-commons/1.8.2/junit-platform-commons-1.8.2.jar:/root/.m2/repository/org/apiguardian/apiguardian-api/1.1.2/apiguardian-api-1.1.2.jar:/root/.m2/repository/org/evosuite/evosuite-standalone-runtime/1.1.0/evosuite-standalone-runtime-1.1.0.jar:/root/.m2/repository/org/springframework/boot/spring-boot-starter-web/2.7.0/spring-boot-starter-web-2.7.0.jar:/root/.m2/repository/org/springframework/boot/spring-boot-starter/2.7.0/spring-boot-starter-2.7.0.jar:/root/.m2/repository/org/springframework/boot/spring-boot/2.7.0/spring-boot-2.7.0.jar:/root/.m2/repository/org/springframework/boot/spring-boot-autoconfigure/2.7.0/spring-boot-autoconfigure-2.7.0.jar:/root/.m2/repository/org/springframework/boot/spring-boot-starter-logging/2.7.0/spring-boot-starter-logging-2.7.0.jar:/root/.m2/repository/ch/qos/logback/logback-classic/1.2.11/logback-classic-1.2.11.jar:/root/.m2/repository/ch/qos/logback/logback-core/1.2.11/logback-core-1.2.11.jar:/root/.m2/repository/org/apache/logging/log4j/log4j-to-slf4j/2.17.2/log4j-to-slf4j-2.17.2.jar:/root/.m2/repository/org/apache/logging/log4j/log4j-api/2.17.2/log4j-api-2.17.2.jar:/root/.m2/repository/org/slf4j/jul-to-slf4j/1.7.36/jul-to-slf4j-1.7.36.jar:/root/.m2/repository/jakarta/annotation/jakarta.annotation-api/1.3.5/jakarta.annotation-api-1.3.5.jar:/root/.m2/repository/org/yaml/snakeyaml/1.30/snakeyaml-1.30.jar:/root/.m2/repository/org/springframework/boot/spring-boot-starter-json/2.7.0/spring-boot-starter-json-2.7.0.jar:/root/.m2/repository/com/fasterxml/jackson/core/jackson-databind/2.13.3/jackson-databind-2.13.3.jar:/root/.m2/repository/com/fasterxml/jackson/core/jackson-annotations/2.13.3/jackson-annotations-2.13.3.jar:/root/.m2/repository/com/fasterxml/jackson/core/jackson-core/2.13.3/jackson-core-2.13.3.jar:/root/.m2/repository/com/fasterxml/jackson/datatype/jackson-datatype-jdk8/2.13.3/jackson-datatype-jdk8-2.13.3.jar:/root/.m2/repository/com/fasterxml/jackson/datatype/jackson-datatype-jsr310/2.13.3/jackson-datatype-jsr310-2.13.3.jar:/root/.m2/repository/com/fasterxml/jackson/module/jackson-module-parameter-names/2.13.3/jackson-module-parameter-names-2.13.3.jar:/root/.m2/repository/org/springframework/boot/spring-boot-starter-tomcat/2.7.0/spring-boot-starter-tomcat-2.7.0.jar:/root/.m2/repository/org/apache/tomcat/embed/tomcat-embed-core/9.0.63/tomcat-embed-core-9.0.63.jar:/root/.m2/repository/org/apache/tomcat/embed/tomcat-embed-el/9.0.63/tomcat-embed-el-9.0.63.jar:/root/.m2/repository/org/apache/tomcat/embed/tomcat-embed-websocket/9.0.63/tomcat-embed-websocket-9.0.63.jar:/root/.m2/repository/org/springframework/spring-web/5.3.20/spring-web-5.3.20.jar:/root/.m2/repository/org/springframework/spring-beans/5.3.20/spring-beans-5.3.20.jar:/root/.m2/repository/org/springframework/spring-webmvc/5.3.20/spring-webmvc-5.3.20.jar:/root/.m2/repository/org/springframework/spring-aop/5.3.20/spring-aop-5.3.20.jar:/root/.m2/repository/org/springframework/spring-context/5.3.20/spring-context-5.3.20.jar:/root/.m2/repository/org/springframework/spring-expression/5.3.20/spring-expression-5.3.20.jar:/root/.m2/repository/org/projectlombok/lombok/1.18.24/lombok-1.18.24.jar:/root/.m2/repository/org/springframework/boot/spring-boot-starter-test/2.7.0/spring-boot-starter-test-2.7.0.jar:/root/.m2/repository/org/springframework/boot/spring-boot-test/2.7.0/spring-boot-test-2.7.0.jar:/root/.m2/repository/org/springframework/boot/spring-boot-test-autoconfigure/2.7.0/spring-boot-test-autoconfigure-2.7.0.jar:/root/.m2/repository/com/jayway/jsonpath/json-path/2.7.0/json-path-2.7.0.jar:/root/.m2/repository/net/minidev/json-smart/2.4.8/json-smart-2.4.8.jar:/root/.m2/repository/net/minidev/accessors-smart/2.4.8/accessors-smart-2.4.8.jar:/root/.m2/repository/org/ow2/asm/asm/9.1/asm-9.1.jar:/root/.m2/repository/org/slf4j/slf4j-api/1.7.36/slf4j-api-1.7.36.jar:/root/.m2/repository/jakarta/xml/bind/jakarta.xml.bind-api/2.3.3/jakarta.xml.bind-api-2.3.3.jar:/root/.m2/repository/jakarta/activation/jakarta.activation-api/1.2.2/jakarta.activation-api-1.2.2.jar:/root/.m2/repository/org/assertj/assertj-core/3.22.0/assertj-core-3.22.0.jar:/root/.m2/repository/org/hamcrest/hamcrest/2.2/hamcrest-2.2.jar:/root/.m2/repository/org/junit/jupiter/junit-jupiter/5.8.2/junit-jupiter-5.8.2.jar:/root/.m2/repository/org/junit/jupiter/junit-jupiter-api/5.8.2/junit-jupiter-api-5.8.2.jar:/root/.m2/repository/org/junit/jupiter/junit-jupiter-params/5.8.2/junit-jupiter-params-5.8.2.jar:/root/.m2/repository/org/junit/jupiter/junit-jupiter-engine/5.8.2/junit-jupiter-engine-5.8.2.jar:/root/.m2/repository/org/mockito/mockito-core/4.5.1/mockito-core-4.5.1.jar:/root/.m2/repository/net/bytebuddy/byte-buddy/1.12.10/byte-buddy-1.12.10.jar:/root/.m2/repository/net/bytebuddy/byte-buddy-agent/1.12.10/byte-buddy-agent-1.12.10.jar:/root/.m2/repository/org/objenesis/objenesis/3.2/objenesis-3.2.jar:/root/.m2/repository/org/mockito/mockito-junit-jupiter/4.5.1/mockito-junit-jupiter-4.5.1.jar:/root/.m2/repository/org/skyscreamer/jsonassert/1.5.0/jsonassert-1.5.0.jar:/root/.m2/repository/com/vaadin/external/google/android-json/0.0.20131108.vaadin1/android-json-0.0.20131108.vaadin1.jar:/root/.m2/repository/org/springframework/spring-core/5.3.20/spring-core-5.3.20.jar:/root/.m2/repository/org/springframework/spring-jcl/5.3.20/spring-jcl-5.3.20.jar:/root/.m2/repository/org/springframework/spring-test/5.3.20/spring-test-5.3.20.jar:/root/.m2/repository/org/xmlunit/xmlunit-core/2.9.0/xmlunit-core-2.9.0.jar:/root/.m2/repository/org/jetbrains/annotations/26.1.0/annotations-26.1.0.jar:
05:08:07.985 [main] INFO org.evosuite.runtime.agent.AgentLoader - Going to attach agent to process 70
05:08:08.216 [Attach Listener] INFO org.evosuite.runtime.agent.InstrumentingAgent - Executing agentmain of JavaAgent
[INFO] Running io.basquiat.interfacebbuljit.InterfaceBbuljitApplication_ESTest
05:08:08.791 [main] DEBUG org.evosuite.runtime.sandbox.MSecurityManager - Adding privileged thread: "Reference Handler"
05:08:08.792 [main] DEBUG org.evosuite.runtime.sandbox.MSecurityManager - Adding privileged thread: "Finalizer"
05:08:08.792 [main] DEBUG org.evosuite.runtime.sandbox.MSecurityManager - Adding privileged thread: "Signal Dispatcher"
05:08:08.792 [main] DEBUG org.evosuite.runtime.sandbox.MSecurityManager - Adding privileged thread: "process reaper"
05:08:08.792 [main] DEBUG org.evosuite.runtime.sandbox.MSecurityManager - Adding privileged thread: "Attach Listener"
05:08:08.792 [main] DEBUG org.evosuite.runtime.sandbox.MSecurityManager - Adding privileged thread: "Java2D Disposer"
05:08:08.792 [main] DEBUG org.evosuite.runtime.sandbox.MSecurityManager - Adding privileged thread: "main"
05:08:08.792 [main] DEBUG org.evosuite.runtime.sandbox.MSecurityManager - Adding privileged thread: "surefire-forkedjvm-command-thread"
05:08:08.792 [main] DEBUG org.evosuite.runtime.sandbox.MSecurityManager - Adding privileged thread: "surefire-forkedjvm-ping-30s"
05:08:08.792 [main] DEBUG org.evosuite.runtime.sandbox.MSecurityManager - Adding privileged thread: "Common-Cleaner"
05:08:08.820 [main] DEBUG org.evosuite.runtime.agent.TransformerForTests - Going to instrument: org.springframework.util.ReflectionUtils$FieldFilter
05:08:08.955 [main] DEBUG org.evosuite.runtime.agent.TransformerForTests - Going to instrument: org.springframework.aop.support.AopUtils
05:08:08.958 [main] INFO org.evosuite.runtime.instrumentation.MethodCallReplacementClassAdapter - Adding mock interface to class org/springframework/aop/support/AopUtils
05:08:08.971 [main] INFO org.evosuite.runtime.instrumentation.CreateClassResetClassAdapter - Creating brand-new static initializer in class org/springframework/aop/support/AopUtils
05:08:08.973 [main] DEBUG org.evosuite.runtime.agent.TransformerForTests - Going to instrument: org.springframework.aop.AopInvocationException
05:08:08.973 [main] INFO org.evosuite.runtime.instrumentation.MethodCallReplacementClassAdapter - Adding mock interface to class org/springframework/aop/AopInvocationException
05:08:08.974 [main] INFO org.evosuite.runtime.instrumentation.CreateClassResetClassAdapter - Creating brand-new static initializer in class org/springframework/aop/AopInvocationException
05:08:08.975 [main] DEBUG org.evosuite.runtime.agent.TransformerForTests - Going to instrument: org.springframework.core.NestedRuntimeException
05:08:08.976 [main] INFO org.evosuite.runtime.instrumentation.MethodCallReplacementClassAdapter - Adding mock interface to class org/springframework/core/NestedRuntimeException
05:08:08.979 [main] INFO org.evosuite.runtime.instrumentation.CreateClassResetClassAdapter - Found static initializer in class org/springframework/core/NestedRuntimeException
05:08:08.981 [main] DEBUG org.evosuite.runtime.agent.TransformerForTests - Going to instrument: org.springframework.boot.context.event.ApplicationReadyEvent
05:08:08.981 [main] INFO org.evosuite.runtime.instrumentation.MethodCallReplacementClassAdapter - Adding mock interface to class org/springframework/boot/context/event/ApplicationReadyEvent
05:08:08.982 [main] INFO org.evosuite.runtime.instrumentation.CreateClassResetClassAdapter - Creating brand-new static initializer in class org/springframework/boot/context/event/ApplicationReadyEvent
05:08:08.983 [main] DEBUG org.evosuite.runtime.agent.TransformerForTests - Going to instrument: org.springframework.boot.context.event.SpringApplicationEvent
05:08:08.983 [main] INFO org.evosuite.runtime.instrumentation.MethodCallReplacementClassAdapter - Adding mock interface to class org/springframework/boot/context/event/SpringApplicationEvent
05:08:08.984 [main] INFO org.evosuite.runtime.instrumentation.CreateClassResetClassAdapter - Creating brand-new static initializer in class org/springframework/boot/context/event/SpringApplicationEvent
05:08:08.985 [main] DEBUG org.evosuite.runtime.agent.TransformerForTests - Going to instrument: org.springframework.context.ApplicationEvent
05:08:08.985 [main] INFO org.evosuite.runtime.instrumentation.MethodCallReplacementClassAdapter - Adding mock interface to class org/springframework/context/ApplicationEvent
05:08:08.986 [main] INFO org.evosuite.runtime.instrumentation.CreateClassResetClassAdapter - Creating brand-new static initializer in class org/springframework/context/ApplicationEvent
05:08:08.987 [main] DEBUG org.evosuite.runtime.agent.TransformerForTests - Going to instrument: org.springframework.boot.SpringApplicationShutdownHook$ApplicationContextClosedListener
05:08:08.987 [main] INFO org.evosuite.runtime.instrumentation.MethodCallReplacementClassAdapter - Adding mock interface to class org/springframework/boot/SpringApplicationShutdownHook$ApplicationContextClosedListener
05:08:08.988 [main] INFO org.evosuite.runtime.instrumentation.CreateClassResetClassAdapter - Creating brand-new static initializer in class org/springframework/boot/SpringApplicationShutdownHook$ApplicationContextClosedListener
05:08:08.989 [main] DEBUG org.evosuite.runtime.agent.TransformerForTests - Going to instrument: org.springframework.context.ApplicationListener
05:08:08.990 [main] DEBUG org.evosuite.runtime.agent.TransformerForTests - Going to instrument: org.springframework.context.ApplicationContextException
05:08:08.990 [main] INFO org.evosuite.runtime.instrumentation.MethodCallReplacementClassAdapter - Adding mock interface to class org/springframework/context/ApplicationContextException
05:08:08.991 [main] INFO org.evosuite.runtime.instrumentation.CreateClassResetClassAdapter - Creating brand-new static initializer in class org/springframework/context/ApplicationContextException
05:08:08.992 [main] DEBUG org.evosuite.runtime.agent.TransformerForTests - Going to instrument: org.springframework.beans.FatalBeanException
05:08:08.992 [main] INFO org.evosuite.runtime.instrumentation.MethodCallReplacementClassAdapter - Adding mock interface to class org/springframework/beans/FatalBeanException
05:08:08.992 [main] INFO org.evosuite.runtime.instrumentation.CreateClassResetClassAdapter - Creating brand-new static initializer in class org/springframework/beans/FatalBeanException
05:08:08.993 [main] DEBUG org.evosuite.runtime.agent.TransformerForTests - Going to instrument: org.springframework.beans.BeansException
05:08:08.993 [main] INFO org.evosuite.runtime.instrumentation.MethodCallReplacementClassAdapter - Adding mock interface to class org/springframework/beans/BeansException
05:08:08.994 [main] INFO org.evosuite.runtime.instrumentation.CreateClassResetClassAdapter - Creating brand-new static initializer in class org/springframework/beans/BeansException
05:08:08.994 [main] DEBUG org.evosuite.runtime.agent.TransformerForTests - Going to instrument: org.springframework.core.NestedExceptionUtils
05:08:08.995 [main] INFO org.evosuite.runtime.instrumentation.MethodCallReplacementClassAdapter - Adding mock interface to class org/springframework/core/NestedExceptionUtils
05:08:08.996 [main] INFO org.evosuite.runtime.instrumentation.CreateClassResetClassAdapter - Creating brand-new static initializer in class org/springframework/core/NestedExceptionUtils
05:08:08.998 [main] DEBUG org.evosuite.runtime.agent.TransformerForTests - Going to instrument: org.springframework.context.event.SimpleApplicationEventMulticaster
05:08:08.998 [main] INFO org.evosuite.runtime.instrumentation.MethodCallReplacementClassAdapter - Adding mock interface to class org/springframework/context/event/SimpleApplicationEventMulticaster
05:08:09.004 [main] INFO org.evosuite.runtime.instrumentation.CreateClassResetClassAdapter - Creating brand-new static initializer in class org/springframework/context/event/SimpleApplicationEventMulticaster
05:08:09.007 [main] DEBUG org.evosuite.runtime.agent.TransformerForTests - Going to instrument: org.springframework.context.event.AbstractApplicationEventMulticaster
05:08:09.008 [main] INFO org.evosuite.runtime.instrumentation.MethodCallReplacementClassAdapter - Adding mock interface to class org/springframework/context/event/AbstractApplicationEventMulticaster
05:08:09.020 [main] INFO org.evosuite.runtime.instrumentation.CreateClassResetClassAdapter - Creating brand-new static initializer in class org/springframework/context/event/AbstractApplicationEventMulticaster
05:08:09.021 [main] DEBUG org.evosuite.runtime.agent.TransformerForTests - Going to instrument: org.springframework.context.event.ApplicationEventMulticaster
05:08:09.023 [main] DEBUG org.evosuite.runtime.agent.TransformerForTests - Going to instrument: org.springframework.beans.factory.BeanClassLoaderAware
05:08:09.024 [main] DEBUG org.evosuite.runtime.agent.TransformerForTests - Going to instrument: org.springframework.beans.factory.Aware
05:08:09.024 [main] DEBUG org.evosuite.runtime.agent.TransformerForTests - Going to instrument: org.springframework.beans.factory.BeanFactoryAware
05:08:09.025 [main] DEBUG org.evosuite.runtime.agent.TransformerForTests - Going to instrument: org.springframework.beans.factory.NoSuchBeanDefinitionException
05:08:09.025 [main] INFO org.evosuite.runtime.instrumentation.MethodCallReplacementClassAdapter - Adding mock interface to class org/springframework/beans/factory/NoSuchBeanDefinitionException
05:08:09.027 [main] INFO org.evosuite.runtime.instrumentation.CreateClassResetClassAdapter - Creating brand-new static initializer in class org/springframework/beans/factory/NoSuchBeanDefinitionException
05:08:09.027 [main] DEBUG org.evosuite.runtime.agent.TransformerForTests - Going to instrument: org.springframework.context.event.GenericApplicationListener
05:08:09.029 [main] DEBUG org.evosuite.runtime.agent.TransformerForTests - Going to instrument: org.springframework.context.event.SmartApplicationListener
05:08:09.030 [main] DEBUG org.evosuite.runtime.agent.TransformerForTests - Going to instrument: org.springframework.core.Ordered
05:08:09.031 [main] DEBUG org.evosuite.runtime.agent.TransformerForTests - Going to instrument: org.springframework.boot.SpringApplicationShutdownHook$Handlers
05:08:09.031 [main] INFO org.evosuite.runtime.instrumentation.MethodCallReplacementClassAdapter - Adding mock interface to class org/springframework/boot/SpringApplicationShutdownHook$Handlers
05:08:09.032 [main] INFO org.evosuite.runtime.instrumentation.CreateClassResetClassAdapter - Creating brand-new static initializer in class org/springframework/boot/SpringApplicationShutdownHook$Handlers
05:08:09.032 [main] DEBUG org.evosuite.runtime.agent.TransformerForTests - Going to instrument: org.springframework.boot.SpringApplicationShutdownHandlers
05:08:09.035 [main] DEBUG org.evosuite.runtime.agent.TransformerForTests - Going to instrument: org.springframework.core.annotation.AnnotationTypeMapping
05:08:09.037 [main] INFO org.evosuite.runtime.instrumentation.MethodCallReplacementClassAdapter - Adding mock interface to class org/springframework/core/annotation/AnnotationTypeMapping
05:08:09.043 [main] INFO org.evosuite.runtime.instrumentation.CreateClassResetClassAdapter - Found static initializer in class org/springframework/core/annotation/AnnotationTypeMapping
05:08:09.045 [main] DEBUG org.evosuite.runtime.agent.TransformerForTests - Going to instrument: org.springframework.core.annotation.AnnotationConfigurationException
05:08:09.045 [main] INFO org.evosuite.runtime.instrumentation.MethodCallReplacementClassAdapter - Adding mock interface to class org/springframework/core/annotation/AnnotationConfigurationException
05:08:09.046 [main] INFO org.evosuite.runtime.instrumentation.CreateClassResetClassAdapter - Creating brand-new static initializer in class org/springframework/core/annotation/AnnotationConfigurationException
05:08:09.047 [main] DEBUG org.evosuite.runtime.agent.TransformerForTests - Going to instrument: org.springframework.core.annotation.AnnotationTypeMapping$MirrorSets$MirrorSet
05:08:09.048 [main] INFO org.evosuite.runtime.instrumentation.MethodCallReplacementClassAdapter - Adding mock interface to class org/springframework/core/annotation/AnnotationTypeMapping$MirrorSets$MirrorSet
05:08:09.050 [main] INFO org.evosuite.runtime.instrumentation.CreateClassResetClassAdapter - Creating brand-new static initializer in class org/springframework/core/annotation/AnnotationTypeMapping$MirrorSets$MirrorSet
05:08:09.051 [main] DEBUG org.evosuite.runtime.agent.TransformerForTests - Going to instrument: org.springframework.boot.context.event.ApplicationStartedEvent
05:08:09.051 [main] INFO org.evosuite.runtime.instrumentation.MethodCallReplacementClassAdapter - Adding mock interface to class org/springframework/boot/context/event/ApplicationStartedEvent
05:08:09.052 [main] INFO org.evosuite.runtime.instrumentation.CreateClassResetClassAdapter - Creating brand-new static initializer in class org/springframework/boot/context/event/ApplicationStartedEvent
05:08:09.052 [main] DEBUG org.evosuite.runtime.agent.TransformerForTests - Going to instrument: org.springframework.context.ApplicationEventPublisher
05:08:09.054 [main] DEBUG org.evosuite.runtime.agent.TransformerForTests - Going to instrument: org.springframework.boot.logging.logback.LogbackLoggingSystem
05:08:09.055 [main] INFO org.evosuite.runtime.instrumentation.MethodCallReplacementClassAdapter - Adding mock interface to class org/springframework/boot/logging/logback/LogbackLoggingSystem
05:08:09.061 [main] INFO org.evosuite.runtime.instrumentation.CreateClassResetClassAdapter - Found static initializer in class org/springframework/boot/logging/logback/LogbackLoggingSystem
05:08:09.063 [main] DEBUG org.evosuite.runtime.agent.TransformerForTests - Going to instrument: org.springframework.boot.logging.Slf4JLoggingSystem
05:08:09.064 [main] INFO org.evosuite.runtime.instrumentation.MethodCallReplacementClassAdapter - Adding mock interface to class org/springframework/boot/logging/Slf4JLoggingSystem
05:08:09.066 [main] INFO org.evosuite.runtime.instrumentation.CreateClassResetClassAdapter - Creating brand-new static initializer in class org/springframework/boot/logging/Slf4JLoggingSystem
05:08:09.066 [main] INFO org.evosuite.runtime.instrumentation.CreateClassResetClassAdapter - Adding bytecode for initializing field BRIDGE_HANDLER
05:08:09.067 [main] DEBUG org.evosuite.runtime.agent.TransformerForTests - Going to instrument: org.springframework.boot.logging.AbstractLoggingSystem
05:08:09.067 [main] INFO org.evosuite.runtime.instrumentation.MethodCallReplacementClassAdapter - Adding mock interface to class org/springframework/boot/logging/AbstractLoggingSystem
05:08:09.068 [main] INFO org.evosuite.runtime.instrumentation.CreateClassResetClassAdapter - Found static initializer in class org/springframework/boot/logging/AbstractLoggingSystem
05:08:09.069 [main] DEBUG org.evosuite.runtime.agent.TransformerForTests - Going to instrument: org.springframework.boot.logging.LoggingSystem
05:08:09.069 [main] INFO org.evosuite.runtime.instrumentation.MethodCallReplacementClassAdapter - Adding mock interface to class org/springframework/boot/logging/LoggingSystem
05:08:09.072 [main] INFO org.evosuite.runtime.instrumentation.CreateClassResetClassAdapter - Found static initializer in class org/springframework/boot/logging/LoggingSystem
05:08:09.074 [main] DEBUG org.evosuite.runtime.agent.TransformerForTests - Going to instrument: org.springframework.boot.logging.LoggingSystem$NoOpLoggingSystem
05:08:09.074 [main] INFO org.evosuite.runtime.instrumentation.MethodCallReplacementClassAdapter - Adding mock interface to class org/springframework/boot/logging/LoggingSystem$NoOpLoggingSystem
05:08:09.075 [main] INFO org.evosuite.runtime.instrumentation.CreateClassResetClassAdapter - Creating brand-new static initializer in class org/springframework/boot/logging/LoggingSystem$NoOpLoggingSystem
05:08:09.076 [main] DEBUG org.evosuite.runtime.agent.TransformerForTests - Going to instrument: org.springframework.core.env.Environment
05:08:09.077 [main] DEBUG org.evosuite.runtime.agent.TransformerForTests - Going to instrument: org.springframework.core.env.PropertyResolver
05:08:09.078 [main] DEBUG org.evosuite.runtime.agent.TransformerForTests - Going to instrument: org.springframework.boot.logging.logback.LogbackLoggingSystem$1
05:08:09.078 [main] INFO org.evosuite.runtime.instrumentation.MethodCallReplacementClassAdapter - Adding mock interface to class org/springframework/boot/logging/logback/LogbackLoggingSystem$1
05:08:09.080 [main] DEBUG org.evosuite.runtime.agent.TransformerForTests - Going to instrument: org.springframework.boot.logging.LoggingSystemProperties
05:08:09.080 [main] INFO org.evosuite.runtime.instrumentation.MethodCallReplacementClassAdapter - Adding mock interface to class org/springframework/boot/logging/LoggingSystemProperties
05:08:09.081 [main] INFO org.evosuite.runtime.instrumentation.CreateClassResetClassAdapter - Found static initializer in class org/springframework/boot/logging/LoggingSystemProperties
05:08:09.082 [main] DEBUG org.evosuite.runtime.agent.TransformerForTests - Going to instrument: org.springframework.boot.logging.logback.LogbackLoggingSystemProperties
05:08:09.083 [main] INFO org.evosuite.runtime.instrumentation.MethodCallReplacementClassAdapter - Adding mock interface to class org/springframework/boot/logging/logback/LogbackLoggingSystemProperties
05:08:09.086 [main] INFO org.evosuite.runtime.instrumentation.CreateClassResetClassAdapter - Creating brand-new static initializer in class org/springframework/boot/logging/logback/LogbackLoggingSystemProperties
05:08:09.086 [main] INFO org.evosuite.runtime.instrumentation.CreateClassResetClassAdapter - Adding bytecode for initializing field ROLLINGPOLICY_FILE_NAME_PATTERN
05:08:09.086 [main] INFO org.evosuite.runtime.instrumentation.CreateClassResetClassAdapter - Adding bytecode for initializing field ROLLINGPOLICY_CLEAN_HISTORY_ON_START
05:08:09.087 [main] INFO org.evosuite.runtime.instrumentation.CreateClassResetClassAdapter - Adding bytecode for initializing field ROLLINGPOLICY_MAX_FILE_SIZE
05:08:09.087 [main] INFO org.evosuite.runtime.instrumentation.CreateClassResetClassAdapter - Adding bytecode for initializing field ROLLINGPOLICY_TOTAL_SIZE_CAP
05:08:09.087 [main] INFO org.evosuite.runtime.instrumentation.CreateClassResetClassAdapter - Adding bytecode for initializing field ROLLINGPOLICY_MAX_HISTORY
05:08:09.088 [main] DEBUG org.evosuite.runtime.agent.TransformerForTests - Going to instrument: org.springframework.boot.logging.logback.LogbackConfigurator
05:08:09.088 [main] INFO org.evosuite.runtime.instrumentation.MethodCallReplacementClassAdapter - Adding mock interface to class org/springframework/boot/logging/logback/LogbackConfigurator
05:08:09.089 [main] INFO org.evosuite.runtime.instrumentation.CreateClassResetClassAdapter - Creating brand-new static initializer in class org/springframework/boot/logging/logback/LogbackConfigurator
05:08:09.090 [main] DEBUG org.evosuite.runtime.agent.TransformerForTests - Going to instrument: org.springframework.boot.logging.logback.DebugLogbackConfigurator
05:08:09.091 [main] INFO org.evosuite.runtime.instrumentation.MethodCallReplacementClassAdapter - Adding mock interface to class org/springframework/boot/logging/logback/DebugLogbackConfigurator
05:08:09.091 [main] INFO org.evosuite.runtime.instrumentation.CreateClassResetClassAdapter - Creating brand-new static initializer in class org/springframework/boot/logging/logback/DebugLogbackConfigurator
05:08:09.094 [main] DEBUG org.evosuite.runtime.agent.TransformerForTests - Going to instrument: org.springframework.boot.logging.logback.SpringBootJoranConfigurator
05:08:09.094 [main] INFO org.evosuite.runtime.instrumentation.MethodCallReplacementClassAdapter - Adding mock interface to class org/springframework/boot/logging/logback/SpringBootJoranConfigurator
05:08:09.094 [main] INFO org.evosuite.runtime.instrumentation.CreateClassResetClassAdapter - Creating brand-new static initializer in class org/springframework/boot/logging/logback/SpringBootJoranConfigurator
05:08:09.095 [main] DEBUG org.evosuite.runtime.agent.TransformerForTests - Going to instrument: org.springframework.boot.logging.LoggingSystemFactory
05:08:09.097 [main] DEBUG org.evosuite.runtime.agent.TransformerForTests - Going to instrument: org.springframework.boot.logging.DelegatingLoggingSystemFactory
05:08:09.097 [main] INFO org.evosuite.runtime.instrumentation.MethodCallReplacementClassAdapter - Adding mock interface to class org/springframework/boot/logging/DelegatingLoggingSystemFactory
05:08:09.098 [main] INFO org.evosuite.runtime.instrumentation.CreateClassResetClassAdapter - Creating brand-new static initializer in class org/springframework/boot/logging/DelegatingLoggingSystemFactory
05:08:09.099 [main] DEBUG org.evosuite.runtime.agent.TransformerForTests - Going to instrument: org.springframework.boot.logging.LoggerConfigurationComparator
05:08:09.099 [main] INFO org.evosuite.runtime.instrumentation.MethodCallReplacementClassAdapter - Adding mock interface to class org/springframework/boot/logging/LoggerConfigurationComparator
05:08:09.100 [main] INFO org.evosuite.runtime.instrumentation.CreateClassResetClassAdapter - Creating brand-new static initializer in class org/springframework/boot/logging/LoggerConfigurationComparator
05:08:09.101 [main] DEBUG org.evosuite.runtime.agent.TransformerForTests - Going to instrument: org.springframework.util.Assert
05:08:09.103 [main] INFO org.evosuite.runtime.instrumentation.MethodCallReplacementClassAdapter - Adding mock interface to class org/springframework/util/Assert
05:08:09.110 [main] INFO org.evosuite.runtime.instrumentation.CreateClassResetClassAdapter - Creating brand-new static initializer in class org/springframework/util/Assert
05:08:09.112 [main] DEBUG org.evosuite.runtime.agent.TransformerForTests - Going to instrument: org.springframework.core.SpringProperties
05:08:09.112 [main] INFO org.evosuite.runtime.instrumentation.MethodCallReplacementClassAdapter - Adding mock interface to class org/springframework/core/SpringProperties
05:08:09.113 [main] INFO org.evosuite.runtime.instrumentation.CreateClassResetClassAdapter - Found static initializer in class org/springframework/core/SpringProperties
05:08:09.116 [main] DEBUG org.evosuite.runtime.agent.TransformerForTests - Going to instrument: org.springframework.boot.logging.AbstractLoggingSystem$LogLevels
05:08:09.116 [main] INFO org.evosuite.runtime.instrumentation.MethodCallReplacementClassAdapter - Adding mock interface to class org/springframework/boot/logging/AbstractLoggingSystem$LogLevels
05:08:09.117 [main] INFO org.evosuite.runtime.instrumentation.CreateClassResetClassAdapter - Creating brand-new static initializer in class org/springframework/boot/logging/AbstractLoggingSystem$LogLevels
05:08:09.117 [main] DEBUG org.evosuite.runtime.agent.TransformerForTests - Going to instrument: org.springframework.boot.logging.LogLevel
05:08:09.117 [main] INFO org.evosuite.runtime.instrumentation.MethodCallReplacementClassAdapter - Adding mock interface to class org/springframework/boot/logging/LogLevel
05:08:09.118 [main] INFO org.evosuite.runtime.instrumentation.CreateClassResetClassAdapter - Found static initializer in class org/springframework/boot/logging/LogLevel
05:08:09.119 [main] DEBUG org.evosuite.runtime.agent.TransformerForTests - Going to instrument: org.springframework.core.io.Resource
05:08:09.120 [main] DEBUG org.evosuite.runtime.agent.TransformerForTests - Going to instrument: org.springframework.core.io.InputStreamSource
05:08:09.124 [main] DEBUG org.evosuite.runtime.agent.TransformerForTests - Going to instrument: org.springframework.util.ClassUtils
05:08:09.125 [main] INFO org.evosuite.runtime.instrumentation.MethodCallReplacementClassAdapter - Adding mock interface to class org/springframework/util/ClassUtils
05:08:09.134 [main] INFO org.evosuite.runtime.instrumentation.CreateClassResetClassAdapter - Found static initializer in class org/springframework/util/ClassUtils
05:08:09.138 [main] DEBUG org.evosuite.runtime.agent.TransformerForTests - Going to instrument: org.springframework.util.ConcurrentReferenceHashMap
05:08:09.139 [main] INFO org.evosuite.runtime.instrumentation.MethodCallReplacementClassAdapter - Adding mock interface to class org/springframework/util/ConcurrentReferenceHashMap
05:08:09.142 [main] INFO org.evosuite.runtime.instrumentation.CreateClassResetClassAdapter - Found static initializer in class org/springframework/util/ConcurrentReferenceHashMap
05:08:09.144 [main] DEBUG org.evosuite.runtime.agent.TransformerForTests - Going to instrument: org.springframework.util.ConcurrentReferenceHashMap$Task
05:08:09.144 [main] INFO org.evosuite.runtime.instrumentation.MethodCallReplacementClassAdapter - Adding mock interface to class org/springframework/util/ConcurrentReferenceHashMap$Task
05:08:09.145 [main] INFO org.evosuite.runtime.instrumentation.CreateClassResetClassAdapter - Creating brand-new static initializer in class org/springframework/util/ConcurrentReferenceHashMap$Task
05:08:09.146 [main] DEBUG org.evosuite.runtime.agent.TransformerForTests - Going to instrument: org.springframework.util.ConcurrentReferenceHashMap$2
05:08:09.146 [main] INFO org.evosuite.runtime.instrumentation.MethodCallReplacementClassAdapter - Adding mock interface to class org/springframework/util/ConcurrentReferenceHashMap$2
05:08:09.147 [main] DEBUG org.evosuite.runtime.agent.TransformerForTests - Going to instrument: org.springframework.util.ConcurrentReferenceHashMap$3
05:08:09.147 [main] INFO org.evosuite.runtime.instrumentation.MethodCallReplacementClassAdapter - Adding mock interface to class org/springframework/util/ConcurrentReferenceHashMap$3
05:08:09.148 [main] DEBUG org.evosuite.runtime.agent.TransformerForTests - Going to instrument: org.springframework.util.ConcurrentReferenceHashMap$1
05:08:09.148 [main] INFO org.evosuite.runtime.instrumentation.MethodCallReplacementClassAdapter - Adding mock interface to class org/springframework/util/ConcurrentReferenceHashMap$1
05:08:09.149 [main] DEBUG org.evosuite.runtime.agent.TransformerForTests - Going to instrument: org.springframework.util.ConcurrentReferenceHashMap$5
05:08:09.149 [main] INFO org.evosuite.runtime.instrumentation.MethodCallReplacementClassAdapter - Adding mock interface to class org/springframework/util/ConcurrentReferenceHashMap$5
05:08:09.150 [main] DEBUG org.evosuite.runtime.agent.TransformerForTests - Going to instrument: org.springframework.util.ConcurrentReferenceHashMap$4
05:08:09.150 [main] INFO org.evosuite.runtime.instrumentation.MethodCallReplacementClassAdapter - Adding mock interface to class org/springframework/util/ConcurrentReferenceHashMap$4
05:08:09.151 [main] DEBUG org.evosuite.runtime.agent.TransformerForTests - Going to instrument: org.springframework.util.ConcurrentReferenceHashMap$ReferenceType
05:08:09.151 [main] INFO org.evosuite.runtime.instrumentation.MethodCallReplacementClassAdapter - Adding mock interface to class org/springframework/util/ConcurrentReferenceHashMap$ReferenceType
05:08:09.152 [main] INFO org.evosuite.runtime.instrumentation.CreateClassResetClassAdapter - Found static initializer in class org/springframework/util/ConcurrentReferenceHashMap$ReferenceType
05:08:09.153 [main] DEBUG org.evosuite.runtime.agent.TransformerForTests - Going to instrument: org.springframework.util.ConcurrentReferenceHashMap$Segment
05:08:09.154 [main] INFO org.evosuite.runtime.instrumentation.MethodCallReplacementClassAdapter - Adding mock interface to class org/springframework/util/ConcurrentReferenceHashMap$Segment
05:08:09.156 [main] INFO org.evosuite.runtime.instrumentation.CreateClassResetClassAdapter - Creating brand-new static initializer in class org/springframework/util/ConcurrentReferenceHashMap$Segment
05:08:09.157 [main] DEBUG org.evosuite.runtime.agent.TransformerForTests - Going to instrument: org.springframework.util.ConcurrentReferenceHashMap$ReferenceManager
05:08:09.157 [main] INFO org.evosuite.runtime.instrumentation.MethodCallReplacementClassAdapter - Adding mock interface to class org/springframework/util/ConcurrentReferenceHashMap$ReferenceManager
05:08:09.158 [main] INFO org.evosuite.runtime.instrumentation.CreateClassResetClassAdapter - Creating brand-new static initializer in class org/springframework/util/ConcurrentReferenceHashMap$ReferenceManager
05:08:09.159 [main] DEBUG org.evosuite.runtime.agent.TransformerForTests - Going to instrument: org.springframework.util.ConcurrentReferenceHashMap$Reference
05:08:09.161 [main] DEBUG org.evosuite.runtime.agent.TransformerForTests - Going to instrument: org.springframework.core.PriorityOrdered
05:08:09.162 [main] DEBUG org.evosuite.runtime.agent.TransformerForTests - Going to instrument: org.springframework.core.metrics.ApplicationStartup
05:08:09.163 [main] DEBUG org.evosuite.runtime.agent.TransformerForTests - Going to instrument: org.springframework.core.metrics.DefaultApplicationStartup
05:08:09.163 [main] INFO org.evosuite.runtime.instrumentation.MethodCallReplacementClassAdapter - Adding mock interface to class org/springframework/core/metrics/DefaultApplicationStartup
05:08:09.163 [main] INFO org.evosuite.runtime.instrumentation.CreateClassResetClassAdapter - Found static initializer in class org/springframework/core/metrics/DefaultApplicationStartup
05:08:09.164 [main] DEBUG org.evosuite.runtime.agent.TransformerForTests - Going to instrument: org.springframework.core.metrics.StartupStep
05:08:09.165 [main] DEBUG org.evosuite.runtime.agent.TransformerForTests - Going to instrument: org.springframework.core.metrics.DefaultApplicationStartup$DefaultStartupStep
05:08:09.165 [main] INFO org.evosuite.runtime.instrumentation.MethodCallReplacementClassAdapter - Adding mock interface to class org/springframework/core/metrics/DefaultApplicationStartup$DefaultStartupStep
05:08:09.166 [main] INFO org.evosuite.runtime.instrumentation.CreateClassResetClassAdapter - Creating brand-new static initializer in class org/springframework/core/metrics/DefaultApplicationStartup$DefaultStartupStep
05:08:09.166 [main] DEBUG org.evosuite.runtime.agent.TransformerForTests - Going to instrument: org.springframework.core.metrics.StartupStep$Tags
05:08:09.167 [main] DEBUG org.evosuite.runtime.agent.TransformerForTests - Going to instrument: org.springframework.core.metrics.DefaultApplicationStartup$DefaultStartupStep$DefaultTags
05:08:09.167 [main] INFO org.evosuite.runtime.instrumentation.MethodCallReplacementClassAdapter - Adding mock interface to class org/springframework/core/metrics/DefaultApplicationStartup$DefaultStartupStep$DefaultTags
05:08:09.167 [main] INFO org.evosuite.runtime.instrumentation.CreateClassResetClassAdapter - Creating brand-new static initializer in class org/springframework/core/metrics/DefaultApplicationStartup$DefaultStartupStep$DefaultTags
05:08:09.168 [main] DEBUG org.evosuite.runtime.agent.TransformerForTests - Going to instrument: org.springframework.boot.SpringApplicationRunListeners
05:08:09.169 [main] INFO org.evosuite.runtime.instrumentation.MethodCallReplacementClassAdapter - Adding mock interface to class org/springframework/boot/SpringApplicationRunListeners
05:08:09.170 [main] INFO org.evosuite.runtime.instrumentation.CreateClassResetClassAdapter - Creating brand-new static initializer in class org/springframework/boot/SpringApplicationRunListeners
05:08:09.171 [main] DEBUG org.evosuite.runtime.agent.TransformerForTests - Going to instrument: org.springframework.beans.factory.support.BeanNameGenerator
05:08:09.172 [main] DEBUG org.evosuite.runtime.agent.TransformerForTests - Going to instrument: org.springframework.core.annotation.AnnotationAwareOrderComparator
05:08:09.173 [main] INFO org.evosuite.runtime.instrumentation.MethodCallReplacementClassAdapter - Adding mock interface to class org/springframework/core/annotation/AnnotationAwareOrderComparator
05:08:09.174 [main] INFO org.evosuite.runtime.instrumentation.CreateClassResetClassAdapter - Found static initializer in class org/springframework/core/annotation/AnnotationAwareOrderComparator
05:08:09.176 [main] DEBUG org.evosuite.runtime.agent.TransformerForTests - Going to instrument: org.springframework.core.OrderComparator
05:08:09.177 [main] INFO org.evosuite.runtime.instrumentation.MethodCallReplacementClassAdapter - Adding mock interface to class org/springframework/core/OrderComparator
05:08:09.178 [main] INFO org.evosuite.runtime.instrumentation.CreateClassResetClassAdapter - Found static initializer in class org/springframework/core/OrderComparator
05:08:09.179 [main] DEBUG org.evosuite.runtime.agent.TransformerForTests - Going to instrument: org.springframework.context.ApplicationContextAware
05:08:09.180 [main] DEBUG org.evosuite.runtime.agent.TransformerForTests - Going to instrument: org.springframework.boot.BootstrapRegistry
05:08:09.181 [main] DEBUG org.evosuite.runtime.agent.TransformerForTests - Going to instrument: org.springframework.core.env.CommandLinePropertySource
05:08:09.181 [main] INFO org.evosuite.runtime.instrumentation.MethodCallReplacementClassAdapter - Adding mock interface to class org/springframework/core/env/CommandLinePropertySource
05:08:09.182 [main] INFO org.evosuite.runtime.instrumentation.CreateClassResetClassAdapter - Creating brand-new static initializer in class org/springframework/core/env/CommandLinePropertySource
05:08:09.182 [main] INFO org.evosuite.runtime.instrumentation.CreateClassResetClassAdapter - Adding bytecode for initializing field COMMAND_LINE_PROPERTY_SOURCE_NAME
05:08:09.182 [main] INFO org.evosuite.runtime.instrumentation.CreateClassResetClassAdapter - Adding bytecode for initializing field DEFAULT_NON_OPTION_ARGS_PROPERTY_NAME
05:08:09.182 [main] DEBUG org.evosuite.runtime.agent.TransformerForTests - Going to instrument: org.springframework.core.env.EnumerablePropertySource
05:08:09.182 [main] INFO org.evosuite.runtime.instrumentation.MethodCallReplacementClassAdapter - Adding mock interface to class org/springframework/core/env/EnumerablePropertySource
05:08:09.183 [main] INFO org.evosuite.runtime.instrumentation.CreateClassResetClassAdapter - Creating brand-new static initializer in class org/springframework/core/env/EnumerablePropertySource
05:08:09.183 [main] DEBUG org.evosuite.runtime.agent.TransformerForTests - Going to instrument: org.springframework.core.env.PropertySource
05:08:09.183 [main] INFO org.evosuite.runtime.instrumentation.MethodCallReplacementClassAdapter - Adding mock interface to class org/springframework/core/env/PropertySource
05:08:09.184 [main] INFO org.evosuite.runtime.instrumentation.CreateClassResetClassAdapter - Creating brand-new static initializer in class org/springframework/core/env/PropertySource
05:08:09.185 [main] DEBUG org.evosuite.runtime.agent.TransformerForTests - Going to instrument: org.springframework.core.env.PropertySource$ComparisonPropertySource
05:08:09.185 [main] INFO org.evosuite.runtime.instrumentation.MethodCallReplacementClassAdapter - Adding mock interface to class org/springframework/core/env/PropertySource$ComparisonPropertySource
05:08:09.185 [main] INFO org.evosuite.runtime.instrumentation.CreateClassResetClassAdapter - Creating brand-new static initializer in class org/springframework/core/env/PropertySource$ComparisonPropertySource
05:08:09.185 [main] INFO org.evosuite.runtime.instrumentation.CreateClassResetClassAdapter - Adding bytecode for initializing field USAGE_ERROR
05:08:09.186 [main] DEBUG org.evosuite.runtime.agent.TransformerForTests - Going to instrument: org.springframework.core.env.PropertySource$StubPropertySource
05:08:09.186 [main] INFO org.evosuite.runtime.instrumentation.MethodCallReplacementClassAdapter - Adding mock interface to class org/springframework/core/env/PropertySource$StubPropertySource
05:08:09.186 [main] INFO org.evosuite.runtime.instrumentation.CreateClassResetClassAdapter - Creating brand-new static initializer in class org/springframework/core/env/PropertySource$StubPropertySource
05:08:09.187 [main] DEBUG org.evosuite.runtime.agent.TransformerForTests - Going to instrument: org.springframework.util.ConcurrentReferenceHashMap$Entry
05:08:09.187 [main] INFO org.evosuite.runtime.instrumentation.MethodCallReplacementClassAdapter - Adding mock interface to class org/springframework/util/ConcurrentReferenceHashMap$Entry
05:08:09.188 [main] INFO org.evosuite.runtime.instrumentation.CreateClassResetClassAdapter - Creating brand-new static initializer in class org/springframework/util/ConcurrentReferenceHashMap$Entry
05:08:09.188 [main] DEBUG org.evosuite.runtime.agent.TransformerForTests - Going to instrument: org.springframework.boot.ApplicationArguments
05:08:09.189 [main] DEBUG org.evosuite.runtime.agent.TransformerForTests - Going to instrument: org.springframework.boot.context.properties.bind.Bindable$BindRestriction
05:08:09.189 [main] INFO org.evosuite.runtime.instrumentation.MethodCallReplacementClassAdapter - Adding mock interface to class org/springframework/boot/context/properties/bind/Bindable$BindRestriction
05:08:09.189 [main] INFO org.evosuite.runtime.instrumentation.CreateClassResetClassAdapter - Found static initializer in class org/springframework/boot/context/properties/bind/Bindable$BindRestriction
05:08:09.190 [main] DEBUG org.evosuite.runtime.agent.TransformerForTests - Going to instrument: org.springframework.boot.context.config.DelegatingApplicationContextInitializer
05:08:09.191 [main] INFO org.evosuite.runtime.instrumentation.MethodCallReplacementClassAdapter - Adding mock interface to class org/springframework/boot/context/config/DelegatingApplicationContextInitializer
05:08:09.191 [main] INFO org.evosuite.runtime.instrumentation.CreateClassResetClassAdapter - Creating brand-new static initializer in class org/springframework/boot/context/config/DelegatingApplicationContextInitializer
05:08:09.191 [main] INFO org.evosuite.runtime.instrumentation.CreateClassResetClassAdapter - Adding bytecode for initializing field PROPERTY_NAME
05:08:09.192 [main] DEBUG org.evosuite.runtime.agent.TransformerForTests - Going to instrument: org.springframework.context.ApplicationContextInitializer
05:08:09.193 [main] DEBUG org.evosuite.runtime.agent.TransformerForTests - Going to instrument: org.springframework.core.env.ConfigurablePropertyResolver
05:08:09.193 [main] DEBUG org.evosuite.runtime.agent.TransformerForTests - Going to instrument: org.springframework.util.ConcurrentReferenceHashMap$TaskOption
05:08:09.194 [main] INFO org.evosuite.runtime.instrumentation.MethodCallReplacementClassAdapter - Adding mock interface to class org/springframework/util/ConcurrentReferenceHashMap$TaskOption
05:08:09.194 [main] INFO org.evosuite.runtime.instrumentation.CreateClassResetClassAdapter - Found static initializer in class org/springframework/util/ConcurrentReferenceHashMap$TaskOption
05:08:09.194 [main] DEBUG org.evosuite.runtime.agent.TransformerForTests - Going to instrument: org.springframework.core.ResolvableTypeProvider
05:08:09.196 [main] DEBUG org.evosuite.runtime.agent.TransformerForTests - Going to instrument: org.springframework.core.annotation.AnnotationsScanner
05:08:09.197 [main] INFO org.evosuite.runtime.instrumentation.MethodCallReplacementClassAdapter - Adding mock interface to class org/springframework/core/annotation/AnnotationsScanner
05:08:09.203 [main] INFO org.evosuite.runtime.instrumentation.CreateClassResetClassAdapter - Found static initializer in class org/springframework/core/annotation/AnnotationsScanner
05:08:09.205 [main] DEBUG org.evosuite.runtime.agent.TransformerForTests - Going to instrument: org.springframework.boot.BootstrapRegistryInitializer
05:08:09.206 [main] DEBUG org.evosuite.runtime.agent.TransformerForTests - Going to instrument: org.springframework.core.annotation.RepeatableContainers$NoRepeatableContainers
05:08:09.207 [main] INFO org.evosuite.runtime.instrumentation.MethodCallReplacementClassAdapter - Adding mock interface to class org/springframework/core/annotation/RepeatableContainers$NoRepeatableContainers
05:08:09.208 [main] INFO org.evosuite.runtime.instrumentation.CreateClassResetClassAdapter - Found static initializer in class org/springframework/core/annotation/RepeatableContainers$NoRepeatableContainers
05:08:09.209 [main] DEBUG org.evosuite.runtime.agent.TransformerForTests - Going to instrument: org.springframework.core.annotation.RepeatableContainers
05:08:09.209 [main] INFO org.evosuite.runtime.instrumentation.MethodCallReplacementClassAdapter - Adding mock interface to class org/springframework/core/annotation/RepeatableContainers
05:08:09.210 [main] INFO org.evosuite.runtime.instrumentation.CreateClassResetClassAdapter - Creating brand-new static initializer in class org/springframework/core/annotation/RepeatableContainers
05:08:09.211 [main] DEBUG org.evosuite.runtime.agent.TransformerForTests - Going to instrument: org.springframework.core.annotation.RepeatableContainers$ExplicitRepeatableContainer
05:08:09.211 [main] INFO org.evosuite.runtime.instrumentation.MethodCallReplacementClassAdapter - Adding mock interface to class org/springframework/core/annotation/RepeatableContainers$ExplicitRepeatableContainer
05:08:09.212 [main] INFO org.evosuite.runtime.instrumentation.CreateClassResetClassAdapter - Creating brand-new static initializer in class org/springframework/core/annotation/RepeatableContainers$ExplicitRepeatableContainer
05:08:09.213 [main] DEBUG org.evosuite.runtime.agent.TransformerForTests - Going to instrument: org.springframework.core.annotation.RepeatableContainers$StandardRepeatableContainers
05:08:09.213 [main] INFO org.evosuite.runtime.instrumentation.MethodCallReplacementClassAdapter - Adding mock interface to class org/springframework/core/annotation/RepeatableContainers$StandardRepeatableContainers
05:08:09.214 [main] INFO org.evosuite.runtime.instrumentation.CreateClassResetClassAdapter - Found static initializer in class org/springframework/core/annotation/RepeatableContainers$StandardRepeatableContainers
05:08:09.216 [main] DEBUG org.evosuite.runtime.agent.TransformerForTests - Going to instrument: org.springframework.boot.context.properties.source.ConfigurationPropertyName
05:08:09.217 [main] INFO org.evosuite.runtime.instrumentation.MethodCallReplacementClassAdapter - Adding mock interface to class org/springframework/boot/context/properties/source/ConfigurationPropertyName
05:08:09.221 [main] INFO org.evosuite.runtime.instrumentation.CreateClassResetClassAdapter - Found static initializer in class org/springframework/boot/context/properties/source/ConfigurationPropertyName
05:08:09.223 [main] DEBUG org.evosuite.runtime.agent.TransformerForTests - Going to instrument: org.springframework.boot.context.properties.source.InvalidConfigurationPropertyNameException
05:08:09.223 [main] INFO org.evosuite.runtime.instrumentation.MethodCallReplacementClassAdapter - Adding mock interface to class org/springframework/boot/context/properties/source/InvalidConfigurationPropertyNameException
05:08:09.224 [main] INFO org.evosuite.runtime.instrumentation.CreateClassResetClassAdapter - Creating brand-new static initializer in class org/springframework/boot/context/properties/source/InvalidConfigurationPropertyNameException
05:08:09.225 [main] DEBUG org.evosuite.runtime.agent.TransformerForTests - Going to instrument: org.springframework.boot.context.properties.source.ConfigurationPropertyName$Elements
05:08:09.225 [main] INFO org.evosuite.runtime.instrumentation.MethodCallReplacementClassAdapter - Adding mock interface to class org/springframework/boot/context/properties/source/ConfigurationPropertyName$Elements
05:08:09.226 [main] INFO org.evosuite.runtime.instrumentation.CreateClassResetClassAdapter - Found static initializer in class org/springframework/boot/context/properties/source/ConfigurationPropertyName$Elements
05:08:09.227 [main] DEBUG org.evosuite.runtime.agent.TransformerForTests - Going to instrument: org.springframework.boot.context.properties.source.ConfigurationPropertyName$ElementType
05:08:09.227 [main] INFO org.evosuite.runtime.instrumentation.MethodCallReplacementClassAdapter - Adding mock interface to class org/springframework/boot/context/properties/source/ConfigurationPropertyName$ElementType
05:08:09.227 [main] INFO org.evosuite.runtime.instrumentation.CreateClassResetClassAdapter - Found static initializer in class org/springframework/boot/context/properties/source/ConfigurationPropertyName$ElementType
05:08:09.228 [main] DEBUG org.evosuite.runtime.agent.TransformerForTests - Going to instrument: org.springframework.core.env.EnvironmentCapable
05:08:09.229 [main] DEBUG org.evosuite.runtime.agent.TransformerForTests - Going to instrument: org.springframework.boot.autoconfigure.BackgroundPreinitializer
05:08:09.229 [main] INFO org.evosuite.runtime.instrumentation.MethodCallReplacementClassAdapter - Adding mock interface to class org/springframework/boot/autoconfigure/BackgroundPreinitializer
05:08:09.231 [main] INFO org.evosuite.runtime.instrumentation.CreateClassResetClassAdapter - Found static initializer in class org/springframework/boot/autoconfigure/BackgroundPreinitializer
05:08:09.232 [main] DEBUG org.evosuite.runtime.agent.TransformerForTests - Going to instrument: org.springframework.core.NativeDetector
05:08:09.233 [main] INFO org.evosuite.runtime.instrumentation.MethodCallReplacementClassAdapter - Adding mock interface to class org/springframework/core/NativeDetector
05:08:09.233 [main] INFO org.evosuite.runtime.instrumentation.CreateClassResetClassAdapter - Found static initializer in class org/springframework/core/NativeDetector
05:08:09.234 [main] DEBUG org.evosuite.runtime.agent.TransformerForTests - Going to instrument: org.springframework.core.annotation.AnnotationFilter$2
05:08:09.234 [main] INFO org.evosuite.runtime.instrumentation.MethodCallReplacementClassAdapter - Adding mock interface to class org/springframework/core/annotation/AnnotationFilter$2
05:08:09.235 [main] DEBUG org.evosuite.runtime.agent.TransformerForTests - Going to instrument: org.springframework.core.annotation.AnnotationFilter
05:08:09.236 [main] DEBUG org.evosuite.runtime.agent.TransformerForTests - Going to instrument: org.springframework.core.annotation.PackagesAnnotationFilter
05:08:09.236 [main] INFO org.evosuite.runtime.instrumentation.MethodCallReplacementClassAdapter - Adding mock interface to class org/springframework/core/annotation/PackagesAnnotationFilter
05:08:09.236 [main] INFO org.evosuite.runtime.instrumentation.CreateClassResetClassAdapter - Creating brand-new static initializer in class org/springframework/core/annotation/PackagesAnnotationFilter
05:08:09.239 [main] DEBUG org.evosuite.runtime.agent.TransformerForTests - Going to instrument: org.springframework.util.StringUtils
05:08:09.240 [main] INFO org.evosuite.runtime.instrumentation.MethodCallReplacementClassAdapter - Adding mock interface to class org/springframework/util/StringUtils
05:08:09.246 [main] INFO org.evosuite.runtime.instrumentation.CreateClassResetClassAdapter - Found static initializer in class org/springframework/util/StringUtils
05:08:09.248 [main] DEBUG org.evosuite.runtime.agent.TransformerForTests - Going to instrument: org.springframework.core.annotation.AnnotationFilter$1
05:08:09.248 [main] INFO org.evosuite.runtime.instrumentation.MethodCallReplacementClassAdapter - Adding mock interface to class org/springframework/core/annotation/AnnotationFilter$1
05:08:09.249 [main] DEBUG org.evosuite.runtime.agent.TransformerForTests - Going to instrument: org.springframework.boot.context.ContextIdApplicationContextInitializer
05:08:09.249 [main] INFO org.evosuite.runtime.instrumentation.MethodCallReplacementClassAdapter - Adding mock interface to class org/springframework/boot/context/ContextIdApplicationContextInitializer
05:08:09.250 [main] INFO org.evosuite.runtime.instrumentation.CreateClassResetClassAdapter - Creating brand-new static initializer in class org/springframework/boot/context/ContextIdApplicationContextInitializer
05:08:09.251 [main] DEBUG org.evosuite.runtime.agent.TransformerForTests - Going to instrument: org.springframework.context.event.AbstractApplicationEventMulticaster$DefaultListenerRetriever
05:08:09.251 [main] INFO org.evosuite.runtime.instrumentation.MethodCallReplacementClassAdapter - Adding mock interface to class org/springframework/context/event/AbstractApplicationEventMulticaster$DefaultListenerRetriever
05:08:09.253 [main] INFO org.evosuite.runtime.instrumentation.CreateClassResetClassAdapter - Creating brand-new static initializer in class org/springframework/context/event/AbstractApplicationEventMulticaster$DefaultListenerRetriever
05:08:09.253 [main] DEBUG org.evosuite.runtime.agent.TransformerForTests - Going to instrument: org.springframework.beans.factory.BeanFactory
05:08:09.254 [main] DEBUG org.evosuite.runtime.agent.TransformerForTests - Going to instrument: io.basquiat.interfacebbuljit.InterfaceBbuljitApplication
05:08:09.255 [main] INFO org.evosuite.runtime.instrumentation.MethodCallReplacementClassAdapter - Adding mock interface to class io/basquiat/interfacebbuljit/InterfaceBbuljitApplication
05:08:09.255 [main] INFO org.evosuite.runtime.instrumentation.CreateClassResetClassAdapter - Creating brand-new static initializer in class io/basquiat/interfacebbuljit/InterfaceBbuljitApplication
05:08:09.256 [main] DEBUG org.evosuite.runtime.agent.TransformerForTests - Going to instrument: org.springframework.core.convert.ConversionService
05:08:09.256 [main] DEBUG org.evosuite.runtime.agent.TransformerForTests - Going to instrument: org.springframework.context.MessageSource
05:08:09.257 [main] DEBUG org.evosuite.runtime.agent.TransformerForTests - Going to instrument: org.springframework.boot.autoconfigure.EnableAutoConfiguration
05:08:09.258 [main] DEBUG org.evosuite.runtime.agent.TransformerForTests - Going to instrument: org.springframework.util.ConcurrentReferenceHashMap$Entries
05:08:09.258 [main] DEBUG org.evosuite.runtime.agent.TransformerForTests - Going to instrument: org.springframework.core.DecoratingProxy
05:08:09.259 [main] DEBUG org.evosuite.runtime.agent.TransformerForTests - Going to instrument: org.springframework.context.annotation.ComponentScan
05:08:09.260 [main] DEBUG org.evosuite.runtime.agent.TransformerForTests - Going to instrument: org.springframework.core.annotation.MergedAnnotationSelectors$FirstDirectlyDeclared
05:08:09.260 [main] INFO org.evosuite.runtime.instrumentation.MethodCallReplacementClassAdapter - Adding mock interface to class org/springframework/core/annotation/MergedAnnotationSelectors$FirstDirectlyDeclared
05:08:09.261 [main] INFO org.evosuite.runtime.instrumentation.CreateClassResetClassAdapter - Creating brand-new static initializer in class org/springframework/core/annotation/MergedAnnotationSelectors$FirstDirectlyDeclared
05:08:09.261 [main] DEBUG org.evosuite.runtime.agent.TransformerForTests - Going to instrument: org.springframework.core.annotation.MergedAnnotationSelector
05:08:09.262 [main] DEBUG org.evosuite.runtime.agent.TransformerForTests - Going to instrument: org.springframework.context.Lifecycle
05:08:09.263 [main] DEBUG org.evosuite.runtime.agent.TransformerForTests - Going to instrument: org.springframework.util.MultiValueMapAdapter
05:08:09.264 [main] INFO org.evosuite.runtime.instrumentation.MethodCallReplacementClassAdapter - Adding mock interface to class org/springframework/util/MultiValueMapAdapter
05:08:09.265 [main] INFO org.evosuite.runtime.instrumentation.CreateClassResetClassAdapter - Creating brand-new static initializer in class org/springframework/util/MultiValueMapAdapter
05:08:09.265 [main] DEBUG org.evosuite.runtime.agent.TransformerForTests - Going to instrument: org.springframework.util.MultiValueMap
05:08:09.266 [main] DEBUG org.evosuite.runtime.agent.TransformerForTests - Going to instrument: org.springframework.core.ResolvableType$1
05:08:09.267 [main] INFO org.evosuite.runtime.instrumentation.MethodCallReplacementClassAdapter - Adding mock interface to class org/springframework/core/ResolvableType$1
05:08:09.269 [main] DEBUG org.evosuite.runtime.agent.TransformerForTests - Going to instrument: org.springframework.core.ResolvableType
05:08:09.271 [main] INFO org.evosuite.runtime.instrumentation.MethodCallReplacementClassAdapter - Adding mock interface to class org/springframework/core/ResolvableType
05:08:09.278 [main] INFO org.evosuite.runtime.instrumentation.CreateClassResetClassAdapter - Found static initializer in class org/springframework/core/ResolvableType
05:08:09.279 [main] DEBUG org.evosuite.runtime.agent.TransformerForTests - Going to instrument: org.springframework.core.SerializableTypeWrapper$TypeProvider
05:08:09.280 [main] DEBUG org.evosuite.runtime.agent.TransformerForTests - Going to instrument: org.springframework.core.ResolvableType$VariableResolver
05:08:09.281 [main] DEBUG org.evosuite.runtime.agent.TransformerForTests - Going to instrument: org.springframework.core.ResolvableType$EmptyType
05:08:09.281 [main] INFO org.evosuite.runtime.instrumentation.MethodCallReplacementClassAdapter - Adding mock interface to class org/springframework/core/ResolvableType$EmptyType
05:08:09.282 [main] INFO org.evosuite.runtime.instrumentation.CreateClassResetClassAdapter - Found static initializer in class org/springframework/core/ResolvableType$EmptyType
05:08:09.283 [main] DEBUG org.evosuite.runtime.agent.TransformerForTests - Going to instrument: org.springframework.boot.WebApplicationType
05:08:09.283 [main] INFO org.evosuite.runtime.instrumentation.MethodCallReplacementClassAdapter - Adding mock interface to class org/springframework/boot/WebApplicationType
05:08:09.283 [main] INFO org.evosuite.runtime.instrumentation.CreateClassResetClassAdapter - Found static initializer in class org/springframework/boot/WebApplicationType
05:08:09.284 [main] DEBUG org.evosuite.runtime.agent.TransformerForTests - Going to instrument: org.springframework.boot.context.event.ApplicationPreparedEvent
05:08:09.284 [main] INFO org.evosuite.runtime.instrumentation.MethodCallReplacementClassAdapter - Adding mock interface to class org/springframework/boot/context/event/ApplicationPreparedEvent
05:08:09.285 [main] INFO org.evosuite.runtime.instrumentation.CreateClassResetClassAdapter - Creating brand-new static initializer in class org/springframework/boot/context/event/ApplicationPreparedEvent
05:08:09.285 [main] DEBUG org.evosuite.runtime.agent.TransformerForTests - Going to instrument: org.springframework.boot.ApplicationContextFactory
05:08:09.287 [main] DEBUG org.evosuite.runtime.agent.TransformerForTests - Going to instrument: org.springframework.context.ConfigurableApplicationContext
05:08:09.288 [main] DEBUG org.evosuite.runtime.agent.TransformerForTests - Going to instrument: org.springframework.context.ApplicationContext
05:08:09.288 [main] DEBUG org.evosuite.runtime.agent.TransformerForTests - Going to instrument: org.springframework.beans.factory.ListableBeanFactory
05:08:09.289 [main] DEBUG org.evosuite.runtime.agent.TransformerForTests - Going to instrument: org.springframework.beans.factory.HierarchicalBeanFactory
05:08:09.289 [main] DEBUG org.evosuite.runtime.agent.TransformerForTests - Going to instrument: org.springframework.core.io.support.ResourcePatternResolver
05:08:09.290 [main] DEBUG org.evosuite.runtime.agent.TransformerForTests - Going to instrument: org.springframework.core.io.ResourceLoader
05:08:09.291 [main] DEBUG org.evosuite.runtime.agent.TransformerForTests - Going to instrument: org.springframework.core.annotation.MergedAnnotationSelectors
05:08:09.291 [main] INFO org.evosuite.runtime.instrumentation.MethodCallReplacementClassAdapter - Adding mock interface to class org/springframework/core/annotation/MergedAnnotationSelectors
05:08:09.291 [main] INFO org.evosuite.runtime.instrumentation.CreateClassResetClassAdapter - Found static initializer in class org/springframework/core/annotation/MergedAnnotationSelectors
05:08:09.292 [main] DEBUG org.evosuite.runtime.agent.TransformerForTests - Going to instrument: org.springframework.core.annotation.MergedAnnotationSelectors$Nearest
05:08:09.292 [main] INFO org.evosuite.runtime.instrumentation.MethodCallReplacementClassAdapter - Adding mock interface to class org/springframework/core/annotation/MergedAnnotationSelectors$Nearest
05:08:09.293 [main] INFO org.evosuite.runtime.instrumentation.CreateClassResetClassAdapter - Creating brand-new static initializer in class org/springframework/core/annotation/MergedAnnotationSelectors$Nearest
05:08:09.294 [main] DEBUG org.evosuite.runtime.agent.TransformerForTests - Going to instrument: org.springframework.core.env.SimpleCommandLinePropertySource
05:08:09.294 [main] INFO org.evosuite.runtime.instrumentation.MethodCallReplacementClassAdapter - Adding mock interface to class org/springframework/core/env/SimpleCommandLinePropertySource
05:08:09.294 [main] INFO org.evosuite.runtime.instrumentation.CreateClassResetClassAdapter - Creating brand-new static initializer in class org/springframework/core/env/SimpleCommandLinePropertySource
05:08:09.297 [main] DEBUG org.evosuite.runtime.agent.TransformerForTests - Going to instrument: org.springframework.boot.SpringApplication
05:08:09.299 [main] INFO org.evosuite.runtime.instrumentation.MethodCallReplacementClassAdapter - Adding mock interface to class org/springframework/boot/SpringApplication
05:08:09.310 [main] INFO org.evosuite.runtime.instrumentation.CreateClassResetClassAdapter - Found static initializer in class org/springframework/boot/SpringApplication
05:08:09.312 [main] DEBUG org.evosuite.runtime.agent.TransformerForTests - Going to instrument: org.springframework.boot.ConfigurableBootstrapContext
05:08:09.312 [main] DEBUG org.evosuite.runtime.agent.TransformerForTests - Going to instrument: org.springframework.boot.BootstrapContext
05:08:09.313 [main] DEBUG org.evosuite.runtime.agent.TransformerForTests - Going to instrument: org.springframework.boot.ExitCodeEvent
05:08:09.313 [main] INFO org.evosuite.runtime.instrumentation.MethodCallReplacementClassAdapter - Adding mock interface to class org/springframework/boot/ExitCodeEvent
05:08:09.314 [main] INFO org.evosuite.runtime.instrumentation.CreateClassResetClassAdapter - Creating brand-new static initializer in class org/springframework/boot/ExitCodeEvent
05:08:09.314 [main] DEBUG org.evosuite.runtime.agent.TransformerForTests - Going to instrument: org.springframework.core.env.CompositePropertySource
05:08:09.314 [main] INFO org.evosuite.runtime.instrumentation.MethodCallReplacementClassAdapter - Adding mock interface to class org/springframework/core/env/CompositePropertySource
05:08:09.316 [main] INFO org.evosuite.runtime.instrumentation.CreateClassResetClassAdapter - Creating brand-new static initializer in class org/springframework/core/env/CompositePropertySource
05:08:09.316 [main] DEBUG org.evosuite.runtime.agent.TransformerForTests - Going to instrument: org.springframework.core.env.ConfigurableEnvironment
05:08:09.317 [main] DEBUG org.evosuite.runtime.agent.TransformerForTests - Going to instrument: org.springframework.beans.factory.config.BeanFactoryPostProcessor
05:08:09.318 [main] DEBUG org.evosuite.runtime.agent.TransformerForTests - Going to instrument: org.springframework.core.convert.support.ConfigurableConversionService
05:08:09.318 [main] DEBUG org.evosuite.runtime.agent.TransformerForTests - Going to instrument: org.springframework.core.convert.converter.ConverterRegistry
05:08:09.320 [main] DEBUG org.evosuite.runtime.agent.TransformerForTests - Going to instrument: org.apache.logging.log4j.spi.ExtendedLogger
05:08:09.322 [main] DEBUG org.evosuite.runtime.agent.TransformerForTests - Going to instrument: org.apache.logging.log4j.Logger
05:08:09.326 [main] DEBUG org.evosuite.runtime.agent.TransformerForTests - Going to instrument: org.apache.logging.slf4j.SLF4JProvider
05:08:09.327 [main] INFO org.evosuite.runtime.instrumentation.MethodCallReplacementClassAdapter - Adding mock interface to class org/apache/logging/slf4j/SLF4JProvider
05:08:09.327 [main] INFO org.evosuite.runtime.instrumentation.CreateClassResetClassAdapter - Creating brand-new static initializer in class org/apache/logging/slf4j/SLF4JProvider
05:08:09.328 [main] DEBUG org.evosuite.runtime.agent.TransformerForTests - Going to instrument: org.apache.logging.log4j.spi.Provider
05:08:09.328 [main] INFO org.evosuite.runtime.instrumentation.MethodCallReplacementClassAdapter - Adding mock interface to class org/apache/logging/log4j/spi/Provider
05:08:09.330 [main] INFO org.evosuite.runtime.instrumentation.CreateClassResetClassAdapter - Found static initializer in class org/apache/logging/log4j/spi/Provider
05:08:09.334 [main] DEBUG org.evosuite.runtime.agent.TransformerForTests - Going to instrument: org.springframework.boot.SpringApplicationShutdownHook
05:08:09.334 [main] INFO org.evosuite.runtime.instrumentation.MethodCallReplacementClassAdapter - Adding mock interface to class org/springframework/boot/SpringApplicationShutdownHook
05:08:09.336 [main] INFO org.evosuite.runtime.instrumentation.CreateClassResetClassAdapter - Found static initializer in class org/springframework/boot/SpringApplicationShutdownHook
05:08:09.338 [main] DEBUG org.evosuite.runtime.agent.TransformerForTests - Going to instrument: org.springframework.core.io.support.PropertiesLoaderUtils
05:08:09.338 [main] INFO org.evosuite.runtime.instrumentation.MethodCallReplacementClassAdapter - Adding mock interface to class org/springframework/core/io/support/PropertiesLoaderUtils
05:08:09.341 [main] INFO org.evosuite.runtime.instrumentation.CreateClassResetClassAdapter - Found static initializer in class org/springframework/core/io/support/PropertiesLoaderUtils
05:08:09.342 [main] DEBUG org.evosuite.runtime.agent.TransformerForTests - Going to instrument: org.springframework.util.PropertiesPersister
05:08:09.343 [main] DEBUG org.evosuite.runtime.agent.TransformerForTests - Going to instrument: org.springframework.core.annotation.AnnotationsProcessor
05:08:09.344 [main] DEBUG org.evosuite.runtime.agent.TransformerForTests - Going to instrument: org.springframework.boot.logging.DeferredLogFactory
05:08:09.346 [main] DEBUG org.evosuite.runtime.agent.TransformerForTests - Going to instrument: org.springframework.core.annotation.AttributeMethods
05:08:09.347 [main] INFO org.evosuite.runtime.instrumentation.MethodCallReplacementClassAdapter - Adding mock interface to class org/springframework/core/annotation/AttributeMethods
05:08:09.349 [main] INFO org.evosuite.runtime.instrumentation.CreateClassResetClassAdapter - Found static initializer in class org/springframework/core/annotation/AttributeMethods
05:08:09.351 [main] DEBUG org.evosuite.runtime.agent.TransformerForTests - Going to instrument: org.springframework.boot.logging.logback.LogbackLoggingSystem$Factory
05:08:09.351 [main] INFO org.evosuite.runtime.instrumentation.MethodCallReplacementClassAdapter - Adding mock interface to class org/springframework/boot/logging/logback/LogbackLoggingSystem$Factory
05:08:09.352 [main] INFO org.evosuite.runtime.instrumentation.CreateClassResetClassAdapter - Found static initializer in class org/springframework/boot/logging/logback/LogbackLoggingSystem$Factory
05:08:09.353 [main] DEBUG org.evosuite.runtime.agent.TransformerForTests - Going to instrument: org.springframework.boot.context.properties.bind.Bindable
05:08:09.354 [main] INFO org.evosuite.runtime.instrumentation.MethodCallReplacementClassAdapter - Adding mock interface to class org/springframework/boot/context/properties/bind/Bindable
05:08:09.355 [main] INFO org.evosuite.runtime.instrumentation.CreateClassResetClassAdapter - Found static initializer in class org/springframework/boot/context/properties/bind/Bindable
05:08:09.356 [main] DEBUG org.evosuite.runtime.agent.TransformerForTests - Going to instrument: org.springframework.boot.web.context.ServerPortInfoApplicationContextInitializer
05:08:09.357 [main] INFO org.evosuite.runtime.instrumentation.MethodCallReplacementClassAdapter - Adding mock interface to class org/springframework/boot/web/context/ServerPortInfoApplicationContextInitializer
05:08:09.359 [main] INFO org.evosuite.runtime.instrumentation.CreateClassResetClassAdapter - Creating brand-new static initializer in class org/springframework/boot/web/context/ServerPortInfoApplicationContextInitializer
05:08:09.359 [main] DEBUG org.evosuite.runtime.agent.TransformerForTests - Going to instrument: org.springframework.core.env.MapPropertySource
05:08:09.360 [main] INFO org.evosuite.runtime.instrumentation.MethodCallReplacementClassAdapter - Adding mock interface to class org/springframework/core/env/MapPropertySource
05:08:09.360 [main] INFO org.evosuite.runtime.instrumentation.CreateClassResetClassAdapter - Creating brand-new static initializer in class org/springframework/core/env/MapPropertySource
05:08:09.361 [main] DEBUG org.evosuite.runtime.agent.TransformerForTests - Going to instrument: org.springframework.boot.env.EnvironmentPostProcessorApplicationListener
05:08:09.361 [main] INFO org.evosuite.runtime.instrumentation.MethodCallReplacementClassAdapter - Adding mock interface to class org/springframework/boot/env/EnvironmentPostProcessorApplicationListener
05:08:09.362 [main] INFO org.evosuite.runtime.instrumentation.CreateClassResetClassAdapter - Creating brand-new static initializer in class org/springframework/boot/env/EnvironmentPostProcessorApplicationListener
05:08:09.362 [main] INFO org.evosuite.runtime.instrumentation.CreateClassResetClassAdapter - Adding bytecode for initializing field DEFAULT_ORDER
05:08:09.363 [main] DEBUG org.evosuite.runtime.agent.TransformerForTests - Going to instrument: org.springframework.core.LocalVariableTableParameterNameDiscoverer
05:08:09.364 [main] INFO org.evosuite.runtime.instrumentation.MethodCallReplacementClassAdapter - Adding mock interface to class org/springframework/core/LocalVariableTableParameterNameDiscoverer
05:08:09.366 [main] INFO org.evosuite.runtime.instrumentation.CreateClassResetClassAdapter - Found static initializer in class org/springframework/core/LocalVariableTableParameterNameDiscoverer
05:08:09.367 [main] DEBUG org.evosuite.runtime.agent.TransformerForTests - Going to instrument: org.springframework.core.ParameterNameDiscoverer
05:08:09.368 [main] DEBUG org.evosuite.runtime.agent.TransformerForTests - Going to instrument: org.springframework.asm.ClassVisitor
05:08:09.368 [main] INFO org.evosuite.runtime.instrumentation.MethodCallReplacementClassAdapter - Adding mock interface to class org/springframework/asm/ClassVisitor
05:08:09.370 [main] INFO org.evosuite.runtime.instrumentation.CreateClassResetClassAdapter - Creating brand-new static initializer in class org/springframework/asm/ClassVisitor
05:08:09.371 [main] DEBUG org.evosuite.runtime.agent.TransformerForTests - Going to instrument: org.springframework.core.LocalVariableTableParameterNameDiscoverer$ParameterNameDiscoveringVisitor
05:08:09.371 [main] INFO org.evosuite.runtime.instrumentation.MethodCallReplacementClassAdapter - Adding mock interface to class org/springframework/core/LocalVariableTableParameterNameDiscoverer$ParameterNameDiscoveringVisitor
05:08:09.371 [main] INFO org.evosuite.runtime.instrumentation.CreateClassResetClassAdapter - Creating brand-new static initializer in class org/springframework/core/LocalVariableTableParameterNameDiscoverer$ParameterNameDiscoveringVisitor
05:08:09.371 [main] INFO org.evosuite.runtime.instrumentation.CreateClassResetClassAdapter - Adding bytecode for initializing field STATIC_CLASS_INIT
05:08:09.372 [main] DEBUG org.evosuite.runtime.agent.TransformerForTests - Going to instrument: org.springframework.boot.env.EnvironmentPostProcessorsFactory
05:08:09.374 [main] DEBUG org.evosuite.runtime.agent.TransformerForTests - Going to instrument: org.springframework.boot.ClearCachesApplicationListener
05:08:09.375 [main] INFO org.evosuite.runtime.instrumentation.MethodCallReplacementClassAdapter - Adding mock interface to class org/springframework/boot/ClearCachesApplicationListener
05:08:09.376 [main] INFO org.evosuite.runtime.instrumentation.CreateClassResetClassAdapter - Creating brand-new static initializer in class org/springframework/boot/ClearCachesApplicationListener
05:08:09.377 [main] DEBUG org.evosuite.runtime.agent.TransformerForTests - Going to instrument: org.springframework.boot.logging.log4j2.Log4J2LoggingSystem$Factory
05:08:09.377 [main] INFO org.evosuite.runtime.instrumentation.MethodCallReplacementClassAdapter - Adding mock interface to class org/springframework/boot/logging/log4j2/Log4J2LoggingSystem$Factory
05:08:09.377 [main] INFO org.evosuite.runtime.instrumentation.CreateClassResetClassAdapter - Found static initializer in class org/springframework/boot/logging/log4j2/Log4J2LoggingSystem$Factory
05:08:09.379 [main] DEBUG org.evosuite.runtime.agent.TransformerForTests - Going to instrument: org.springframework.boot.logging.log4j2.Log4J2LoggingSystem
05:08:09.380 [main] INFO org.evosuite.runtime.instrumentation.MethodCallReplacementClassAdapter - Adding mock interface to class org/springframework/boot/logging/log4j2/Log4J2LoggingSystem
05:08:09.384 [main] ERROR org.evosuite.runtime.instrumentation.RuntimeInstrumentation - Error while instrumenting class org/springframework/boot/logging/log4j2/Log4J2LoggingSystem: Class not found: org/apache/logging/log4j/core/config/composite/CompositeConfiguration: java.lang.NullPointerException: Class not found org/apache/logging/log4j/core/config/composite/CompositeConfiguration
java.lang.RuntimeException: Class not found: org/apache/logging/log4j/core/config/composite/CompositeConfiguration: java.lang.NullPointerException: Class not found org/apache/logging/log4j/core/config/composite/CompositeConfiguration
	at org.evosuite.runtime.util.ComputeClassWriter.getCommonSuperClass(ComputeClassWriter.java:56)
	at org.evosuite.shaded.org.objectweb.asm.SymbolTable.addMergedType(SymbolTable.java:1202)
	at org.evosuite.shaded.org.objectweb.asm.Frame.merge(Frame.java:1299)
	at org.evosuite.shaded.org.objectweb.asm.Frame.merge(Frame.java:1244)
	at org.evosuite.shaded.org.objectweb.asm.MethodWriter.computeAllFrames(MethodWriter.java:1610)
	at org.evosuite.shaded.org.objectweb.asm.MethodWriter.visitMaxs(MethodWriter.java:1546)
	at org.evosuite.shaded.org.objectweb.asm.MethodVisitor.visitMaxs(MethodVisitor.java:773)
	at org.evosuite.shaded.org.objectweb.asm.commons.LocalVariablesSorter.visitMaxs(LocalVariablesSorter.java:148)
	at org.evosuite.runtime.instrumentation.MethodCallReplacementMethodAdapter.visitMaxs(MethodCallReplacementMethodAdapter.java:155)
	at org.evosuite.shaded.org.objectweb.asm.MethodVisitor.visitMaxs(MethodVisitor.java:773)
	at org.evosuite.runtime.instrumentation.KillSwitchMethodAdapter.visitMaxs(KillSwitchMethodAdapter.java:43)
	at org.evosuite.shaded.org.objectweb.asm.MethodVisitor.visitMaxs(MethodVisitor.java:773)
	at org.evosuite.runtime.instrumentation.LoopCounterMethodAdapter.visitMaxs(LoopCounterMethodAdapter.java:48)
	at org.evosuite.shaded.org.objectweb.asm.tree.MethodNode.accept(MethodNode.java:769)
	at org.evosuite.shaded.org.objectweb.asm.commons.JSRInlinerAdapter.visitEnd(JSRInlinerAdapter.java:158)
	at org.evosuite.shaded.org.objectweb.asm.tree.MethodNode.accept(MethodNode.java:772)
	at org.evosuite.shaded.org.objectweb.asm.tree.MethodNode.accept(MethodNode.java:649)
	at org.evosuite.shaded.org.objectweb.asm.tree.ClassNode.accept(ClassNode.java:452)
	at org.evosuite.runtime.instrumentation.RuntimeInstrumentation.transformBytes(RuntimeInstrumentation.java:157)
	at org.evosuite.runtime.agent.TransformerForTests.transform(TransformerForTests.java:84)
	at java.instrument/java.lang.instrument.ClassFileTransformer.transform(ClassFileTransformer.java:246)
	at java.instrument/sun.instrument.TransformerManager.transform(TransformerManager.java:188)
	at java.instrument/sun.instrument.InstrumentationImpl.transform(InstrumentationImpl.java:563)
	at java.base/java.lang.ClassLoader.defineClass1(Native Method)
	at java.base/java.lang.ClassLoader.defineClass(ClassLoader.java:1017)
	at java.base/java.security.SecureClassLoader.defineClass(SecureClassLoader.java:174)
	at java.base/jdk.internal.loader.BuiltinClassLoader.defineClass(BuiltinClassLoader.java:800)
	at java.base/jdk.internal.loader.BuiltinClassLoader$4.run(BuiltinClassLoader.java:711)
	at java.base/jdk.internal.loader.BuiltinClassLoader$4.run(BuiltinClassLoader.java:706)
	at java.base/java.security.AccessController.doPrivileged(Native Method)
	at java.base/jdk.internal.loader.BuiltinClassLoader.findClassOnClassPathOrNull(BuiltinClassLoader.java:719)
	at java.base/jdk.internal.loader.BuiltinClassLoader.loadClassOrNull(BuiltinClassLoader.java:621)
	at java.base/jdk.internal.loader.BuiltinClassLoader.loadClass(BuiltinClassLoader.java:579)
	at java.base/jdk.internal.loader.ClassLoaders$AppClassLoader.loadClass(ClassLoaders.java:178)
	at java.base/java.lang.ClassLoader.loadClass(ClassLoader.java:522)
	at java.base/java.lang.Class.forName0(Native Method)
	at java.base/java.lang.Class.forName(Class.java:398)
	at org.evosuite.runtime.classhandling.ClassStateSupport.loadClasses(ClassStateSupport.java:164)
	at org.evosuite.runtime.classhandling.ClassStateSupport.initializeClasses(ClassStateSupport.java:65)
	at io.basquiat.interfacebbuljit.InterfaceBbuljitApplication_ESTest_scaffolding.initializeClasses(InterfaceBbuljitApplication_ESTest_scaffolding.java:79)
	at io.basquiat.interfacebbuljit.InterfaceBbuljitApplication_ESTest_scaffolding.initEvoSuiteFramework(InterfaceBbuljitApplication_ESTest_scaffolding.java:39)
	at java.base/jdk.internal.reflect.NativeMethodAccessorImpl.invoke0(Native Method)
	at java.base/jdk.internal.reflect.NativeMethodAccessorImpl.invoke(NativeMethodAccessorImpl.java:62)
	at java.base/jdk.internal.reflect.DelegatingMethodAccessorImpl.invoke(DelegatingMethodAccessorImpl.java:43)
	at java.base/java.lang.reflect.Method.invoke(Method.java:566)
	at org.junit.runners.model.FrameworkMethod$1.runReflectiveCall(FrameworkMethod.java:59)
	at org.junit.internal.runners.model.ReflectiveCallable.run(ReflectiveCallable.java:12)
	at org.junit.runners.model.FrameworkMethod.invokeExplosively(FrameworkMethod.java:56)
	at org.junit.internal.runners.statements.RunBefores.invokeMethod(RunBefores.java:33)
	at org.junit.internal.runners.statements.RunBefores.evaluate(RunBefores.java:24)
	at org.junit.internal.runners.statements.RunAfters.evaluate(RunAfters.java:27)
	at org.junit.runners.ParentRunner$3.evaluate(ParentRunner.java:306)
	at org.junit.runners.ParentRunner.run(ParentRunner.java:413)
	at org.junit.runner.JUnitCore.run(JUnitCore.java:137)
	at org.junit.runner.JUnitCore.run(JUnitCore.java:115)
	at org.junit.vintage.engine.execution.RunnerExecutor.execute(RunnerExecutor.java:42)
	at org.junit.vintage.engine.VintageTestEngine.executeAllChildren(VintageTestEngine.java:80)
	at org.junit.vintage.engine.VintageTestEngine.execute(VintageTestEngine.java:72)
	at org.junit.platform.launcher.core.DefaultLauncher.execute(DefaultLauncher.java:220)
	at org.junit.platform.launcher.core.DefaultLauncher.lambda$execute$6(DefaultLauncher.java:188)
	at org.junit.platform.launcher.core.DefaultLauncher.withInterceptedStreams(DefaultLauncher.java:202)
	at org.junit.platform.launcher.core.DefaultLauncher.execute(DefaultLauncher.java:181)
	at org.junit.platform.launcher.core.DefaultLauncher.execute(DefaultLauncher.java:128)
	at org.apache.maven.surefire.junitplatform.JUnitPlatformProvider.invokeAllTests(JUnitPlatformProvider.java:150)
	at org.apache.maven.surefire.junitplatform.JUnitPlatformProvider.invoke(JUnitPlatformProvider.java:124)
	at org.apache.maven.surefire.booter.ForkedBooter.invokeProviderInSameClassLoader(ForkedBooter.java:384)
	at org.apache.maven.surefire.booter.ForkedBooter.runSuitesInProcess(ForkedBooter.java:345)
	at org.apache.maven.surefire.booter.ForkedBooter.execute(ForkedBooter.java:126)
	at org.apache.maven.surefire.booter.ForkedBooter.main(ForkedBooter.java:418)
Caused by: java.lang.NullPointerException: Class not found org/apache/logging/log4j/core/config/composite/CompositeConfiguration
	at org.evosuite.runtime.util.ComputeClassWriter.typeInfo(ComputeClassWriter.java:189)
	at org.evosuite.runtime.util.ComputeClassWriter.getCommonSuperClass(ComputeClassWriter.java:53)
	... 68 common frames omitted
05:08:09.385 [main] DEBUG org.evosuite.runtime.agent.TransformerForTests - Going to instrument: org.springframework.util.ConcurrentReferenceHashMap$SoftEntryReference
05:08:09.385 [main] INFO org.evosuite.runtime.instrumentation.MethodCallReplacementClassAdapter - Adding mock interface to class org/springframework/util/ConcurrentReferenceHashMap$SoftEntryReference
05:08:09.386 [main] INFO org.evosuite.runtime.instrumentation.CreateClassResetClassAdapter - Creating brand-new static initializer in class org/springframework/util/ConcurrentReferenceHashMap$SoftEntryReference
05:08:09.388 [main] DEBUG org.evosuite.runtime.agent.TransformerForTests - Going to instrument: org.springframework.beans.BeanUtils
05:08:09.388 [main] INFO org.evosuite.runtime.instrumentation.MethodCallReplacementClassAdapter - Adding mock interface to class org/springframework/beans/BeanUtils
05:08:09.393 [main] INFO org.evosuite.runtime.instrumentation.CreateClassResetClassAdapter - Found static initializer in class org/springframework/beans/BeanUtils
05:08:09.394 [main] DEBUG org.evosuite.runtime.agent.TransformerForTests - Going to instrument: org.springframework.beans.BeanInstantiationException
05:08:09.394 [main] INFO org.evosuite.runtime.instrumentation.MethodCallReplacementClassAdapter - Adding mock interface to class org/springframework/beans/BeanInstantiationException
05:08:09.395 [main] INFO org.evosuite.runtime.instrumentation.CreateClassResetClassAdapter - Creating brand-new static initializer in class org/springframework/beans/BeanInstantiationException
05:08:09.396 [main] DEBUG org.evosuite.runtime.agent.TransformerForTests - Going to instrument: org.springframework.core.DefaultParameterNameDiscoverer
05:08:09.396 [main] INFO org.evosuite.runtime.instrumentation.MethodCallReplacementClassAdapter - Adding mock interface to class org/springframework/core/DefaultParameterNameDiscoverer
05:08:09.397 [main] INFO org.evosuite.runtime.instrumentation.CreateClassResetClassAdapter - Creating brand-new static initializer in class org/springframework/core/DefaultParameterNameDiscoverer
05:08:09.397 [main] DEBUG org.evosuite.runtime.agent.TransformerForTests - Going to instrument: org.springframework.core.PrioritizedParameterNameDiscoverer
05:08:09.397 [main] INFO org.evosuite.runtime.instrumentation.MethodCallReplacementClassAdapter - Adding mock interface to class org/springframework/core/PrioritizedParameterNameDiscoverer
05:08:09.398 [main] INFO org.evosuite.runtime.instrumentation.CreateClassResetClassAdapter - Creating brand-new static initializer in class org/springframework/core/PrioritizedParameterNameDiscoverer
05:08:09.398 [main] DEBUG org.evosuite.runtime.agent.TransformerForTests - Going to instrument: org.springframework.core.KotlinDetector
05:08:09.399 [main] INFO org.evosuite.runtime.instrumentation.MethodCallReplacementClassAdapter - Adding mock interface to class org/springframework/core/KotlinDetector
05:08:09.399 [main] INFO org.evosuite.runtime.instrumentation.CreateClassResetClassAdapter - Found static initializer in class org/springframework/core/KotlinDetector
05:08:09.400 [main] DEBUG org.evosuite.runtime.agent.TransformerForTests - Going to instrument: org.springframework.core.StandardReflectionParameterNameDiscoverer
05:08:09.400 [main] INFO org.evosuite.runtime.instrumentation.MethodCallReplacementClassAdapter - Adding mock interface to class org/springframework/core/StandardReflectionParameterNameDiscoverer
05:08:09.401 [main] INFO org.evosuite.runtime.instrumentation.CreateClassResetClassAdapter - Creating brand-new static initializer in class org/springframework/core/StandardReflectionParameterNameDiscoverer
05:08:09.402 [main] DEBUG org.evosuite.runtime.agent.TransformerForTests - Going to instrument: org.springframework.core.io.UrlResource
05:08:09.402 [main] INFO org.evosuite.runtime.instrumentation.MethodCallReplacementClassAdapter - Adding mock interface to class org/springframework/core/io/UrlResource
05:08:09.404 [main] INFO org.evosuite.runtime.instrumentation.CreateClassResetClassAdapter - Creating brand-new static initializer in class org/springframework/core/io/UrlResource
05:08:09.405 [main] DEBUG org.evosuite.runtime.agent.TransformerForTests - Going to instrument: org.springframework.core.io.AbstractFileResolvingResource
05:08:09.405 [main] INFO org.evosuite.runtime.instrumentation.MethodCallReplacementClassAdapter - Adding mock interface to class org/springframework/core/io/AbstractFileResolvingResource
05:08:09.408 [main] INFO org.evosuite.runtime.instrumentation.CreateClassResetClassAdapter - Creating brand-new static initializer in class org/springframework/core/io/AbstractFileResolvingResource
05:08:09.410 [main] DEBUG org.evosuite.runtime.agent.TransformerForTests - Going to instrument: org.springframework.core.io.AbstractResource
05:08:09.410 [main] INFO org.evosuite.runtime.instrumentation.MethodCallReplacementClassAdapter - Adding mock interface to class org/springframework/core/io/AbstractResource
05:08:09.411 [main] INFO org.evosuite.runtime.instrumentation.CreateClassResetClassAdapter - Creating brand-new static initializer in class org/springframework/core/io/AbstractResource
05:08:09.412 [main] DEBUG org.evosuite.runtime.agent.TransformerForTests - Going to instrument: org.springframework.core.NestedIOException
05:08:09.412 [main] INFO org.evosuite.runtime.instrumentation.MethodCallReplacementClassAdapter - Adding mock interface to class org/springframework/core/NestedIOException
05:08:09.412 [main] INFO org.evosuite.runtime.instrumentation.CreateClassResetClassAdapter - Found static initializer in class org/springframework/core/NestedIOException
05:08:09.413 [main] DEBUG org.evosuite.runtime.agent.TransformerForTests - Going to instrument: org.springframework.boot.autoconfigure.SharedMetadataReaderFactoryContextInitializer
05:08:09.413 [main] INFO org.evosuite.runtime.instrumentation.MethodCallReplacementClassAdapter - Adding mock interface to class org/springframework/boot/autoconfigure/SharedMetadataReaderFactoryContextInitializer
05:08:09.413 [main] INFO org.evosuite.runtime.instrumentation.CreateClassResetClassAdapter - Creating brand-new static initializer in class org/springframework/boot/autoconfigure/SharedMetadataReaderFactoryContextInitializer
05:08:09.414 [main] INFO org.evosuite.runtime.instrumentation.CreateClassResetClassAdapter - Adding bytecode for initializing field BEAN_NAME
05:08:09.414 [main] DEBUG org.evosuite.runtime.agent.TransformerForTests - Going to instrument: org.springframework.boot.builder.ParentContextCloserApplicationListener
05:08:09.415 [main] INFO org.evosuite.runtime.instrumentation.MethodCallReplacementClassAdapter - Adding mock interface to class org/springframework/boot/builder/ParentContextCloserApplicationListener
05:08:09.415 [main] INFO org.evosuite.runtime.instrumentation.CreateClassResetClassAdapter - Creating brand-new static initializer in class org/springframework/boot/builder/ParentContextCloserApplicationListener
05:08:09.415 [main] DEBUG org.evosuite.runtime.agent.TransformerForTests - Going to instrument: org.springframework.aop.TargetClassAware
05:08:09.416 [main] DEBUG org.evosuite.runtime.agent.TransformerForTests - Going to instrument: org.springframework.context.event.AbstractApplicationEventMulticaster$ListenerCacheKey
05:08:09.416 [main] INFO org.evosuite.runtime.instrumentation.MethodCallReplacementClassAdapter - Adding mock interface to class org/springframework/context/event/AbstractApplicationEventMulticaster$ListenerCacheKey
05:08:09.417 [main] INFO org.evosuite.runtime.instrumentation.CreateClassResetClassAdapter - Creating brand-new static initializer in class org/springframework/context/event/AbstractApplicationEventMulticaster$ListenerCacheKey
05:08:09.417 [main] DEBUG org.evosuite.runtime.agent.TransformerForTests - Going to instrument: org.springframework.boot.logging.DeferredLog$Lines
05:08:09.418 [main] INFO org.evosuite.runtime.instrumentation.MethodCallReplacementClassAdapter - Adding mock interface to class org/springframework/boot/logging/DeferredLog$Lines
05:08:09.418 [main] INFO org.evosuite.runtime.instrumentation.CreateClassResetClassAdapter - Creating brand-new static initializer in class org/springframework/boot/logging/DeferredLog$Lines
05:08:09.418 [main] DEBUG org.evosuite.runtime.agent.TransformerForTests - Going to instrument: org.springframework.context.event.ApplicationContextEvent
05:08:09.418 [main] INFO org.evosuite.runtime.instrumentation.MethodCallReplacementClassAdapter - Adding mock interface to class org/springframework/context/event/ApplicationContextEvent
05:08:09.419 [main] INFO org.evosuite.runtime.instrumentation.CreateClassResetClassAdapter - Creating brand-new static initializer in class org/springframework/context/event/ApplicationContextEvent
05:08:09.419 [main] DEBUG org.evosuite.runtime.agent.TransformerForTests - Going to instrument: org.springframework.context.event.AbstractApplicationEventMulticaster$CachedListenerRetriever
05:08:09.419 [main] INFO org.evosuite.runtime.instrumentation.MethodCallReplacementClassAdapter - Adding mock interface to class org/springframework/context/event/AbstractApplicationEventMulticaster$CachedListenerRetriever
05:08:09.420 [main] INFO org.evosuite.runtime.instrumentation.CreateClassResetClassAdapter - Creating brand-new static initializer in class org/springframework/context/event/AbstractApplicationEventMulticaster$CachedListenerRetriever
05:08:09.420 [main] DEBUG org.evosuite.runtime.agent.TransformerForTests - Going to instrument: org.springframework.core.annotation.AliasFor
05:08:09.421 [main] DEBUG org.evosuite.runtime.agent.TransformerForTests - Going to instrument: org.springframework.asm.MethodVisitor
05:08:09.422 [main] INFO org.evosuite.runtime.instrumentation.MethodCallReplacementClassAdapter - Adding mock interface to class org/springframework/asm/MethodVisitor
05:08:09.424 [main] INFO org.evosuite.runtime.instrumentation.CreateClassResetClassAdapter - Creating brand-new static initializer in class org/springframework/asm/MethodVisitor
05:08:09.424 [main] INFO org.evosuite.runtime.instrumentation.CreateClassResetClassAdapter - Adding bytecode for initializing field REQUIRES_ASM5
05:08:09.425 [main] DEBUG org.evosuite.runtime.agent.TransformerForTests - Going to instrument: org.springframework.core.LocalVariableTableParameterNameDiscoverer$LocalVariableTableVisitor
05:08:09.425 [main] INFO org.evosuite.runtime.instrumentation.MethodCallReplacementClassAdapter - Adding mock interface to class org/springframework/core/LocalVariableTableParameterNameDiscoverer$LocalVariableTableVisitor
05:08:09.426 [main] INFO org.evosuite.runtime.instrumentation.CreateClassResetClassAdapter - Creating brand-new static initializer in class org/springframework/core/LocalVariableTableParameterNameDiscoverer$LocalVariableTableVisitor
05:08:09.426 [main] INFO org.evosuite.runtime.instrumentation.CreateClassResetClassAdapter - Adding bytecode for initializing field CONSTRUCTOR
05:08:09.427 [main] DEBUG org.evosuite.runtime.agent.TransformerForTests - Going to instrument: org.springframework.core.ResolvableType$DefaultVariableResolver
05:08:09.427 [main] INFO org.evosuite.runtime.instrumentation.MethodCallReplacementClassAdapter - Adding mock interface to class org/springframework/core/ResolvableType$DefaultVariableResolver
05:08:09.428 [main] INFO org.evosuite.runtime.instrumentation.CreateClassResetClassAdapter - Creating brand-new static initializer in class org/springframework/core/ResolvableType$DefaultVariableResolver
05:08:09.428 [main] DEBUG org.evosuite.runtime.agent.TransformerForTests - Going to instrument: org.springframework.boot.SpringApplicationRunListener
05:08:09.429 [main] DEBUG org.evosuite.runtime.agent.TransformerForTests - Going to instrument: org.springframework.core.annotation.MergedAnnotation
05:08:09.431 [main] DEBUG org.evosuite.runtime.agent.TransformerForTests - Going to instrument: org.springframework.core.annotation.MissingMergedAnnotation
05:08:09.431 [main] INFO org.evosuite.runtime.instrumentation.MethodCallReplacementClassAdapter - Adding mock interface to class org/springframework/core/annotation/MissingMergedAnnotation
05:08:09.432 [main] INFO org.evosuite.runtime.instrumentation.CreateClassResetClassAdapter - Found static initializer in class org/springframework/core/annotation/MissingMergedAnnotation
05:08:09.433 [main] DEBUG org.evosuite.runtime.agent.TransformerForTests - Going to instrument: org.springframework.core.annotation.AbstractMergedAnnotation
05:08:09.434 [main] INFO org.evosuite.runtime.instrumentation.MethodCallReplacementClassAdapter - Adding mock interface to class org/springframework/core/annotation/AbstractMergedAnnotation
05:08:09.435 [main] INFO org.evosuite.runtime.instrumentation.CreateClassResetClassAdapter - Creating brand-new static initializer in class org/springframework/core/annotation/AbstractMergedAnnotation
05:08:09.436 [main] DEBUG org.evosuite.runtime.agent.TransformerForTests - Going to instrument: org.springframework.core.SerializableTypeWrapper
05:08:09.437 [main] INFO org.evosuite.runtime.instrumentation.MethodCallReplacementClassAdapter - Adding mock interface to class org/springframework/core/SerializableTypeWrapper
05:08:09.438 [main] INFO org.evosuite.runtime.instrumentation.CreateClassResetClassAdapter - Found static initializer in class org/springframework/core/SerializableTypeWrapper
05:08:09.440 [main] DEBUG org.evosuite.runtime.agent.TransformerForTests - Going to instrument: org.springframework.core.ResolvableType$TypeVariablesVariableResolver
05:08:09.440 [main] INFO org.evosuite.runtime.instrumentation.MethodCallReplacementClassAdapter - Adding mock interface to class org/springframework/core/ResolvableType$TypeVariablesVariableResolver
05:08:09.441 [main] INFO org.evosuite.runtime.instrumentation.CreateClassResetClassAdapter - Creating brand-new static initializer in class org/springframework/core/ResolvableType$TypeVariablesVariableResolver
05:08:09.442 [main] DEBUG org.evosuite.runtime.agent.TransformerForTests - Going to instrument: org.springframework.context.event.ContextRefreshedEvent
05:08:09.442 [main] INFO org.evosuite.runtime.instrumentation.MethodCallReplacementClassAdapter - Adding mock interface to class org/springframework/context/event/ContextRefreshedEvent
05:08:09.442 [main] INFO org.evosuite.runtime.instrumentation.CreateClassResetClassAdapter - Creating brand-new static initializer in class org/springframework/context/event/ContextRefreshedEvent
05:08:09.444 [main] DEBUG org.evosuite.runtime.agent.TransformerForTests - Going to instrument: org.springframework.util.ReflectionUtils
05:08:09.445 [main] INFO org.evosuite.runtime.instrumentation.MethodCallReplacementClassAdapter - Adding mock interface to class org/springframework/util/ReflectionUtils
05:08:09.450 [main] INFO org.evosuite.runtime.instrumentation.CreateClassResetClassAdapter - Found static initializer in class org/springframework/util/ReflectionUtils
05:08:09.452 [main] DEBUG org.evosuite.runtime.agent.TransformerForTests - Going to instrument: org.springframework.util.ReflectionUtils$MethodFilter
05:08:09.453 [main] DEBUG org.evosuite.runtime.agent.TransformerForTests - Going to instrument: org.springframework.core.OrderComparator$OrderSourceProvider
05:08:09.454 [main] DEBUG org.evosuite.runtime.agent.TransformerForTests - Going to instrument: org.springframework.core.annotation.MergedAnnotations$SearchStrategy
05:08:09.454 [main] INFO org.evosuite.runtime.instrumentation.MethodCallReplacementClassAdapter - Adding mock interface to class org/springframework/core/annotation/MergedAnnotations$SearchStrategy
05:08:09.455 [main] INFO org.evosuite.runtime.instrumentation.CreateClassResetClassAdapter - Found static initializer in class org/springframework/core/annotation/MergedAnnotations$SearchStrategy
05:08:09.456 [main] DEBUG org.evosuite.runtime.agent.TransformerForTests - Going to instrument: org.springframework.boot.autoconfigure.logging.ConditionEvaluationReportLoggingListener
05:08:09.456 [main] INFO org.evosuite.runtime.instrumentation.MethodCallReplacementClassAdapter - Adding mock interface to class org/springframework/boot/autoconfigure/logging/ConditionEvaluationReportLoggingListener
05:08:09.456 [main] INFO org.evosuite.runtime.instrumentation.CreateClassResetClassAdapter - Creating brand-new static initializer in class org/springframework/boot/autoconfigure/logging/ConditionEvaluationReportLoggingListener
05:08:09.457 [main] DEBUG org.evosuite.runtime.agent.TransformerForTests - Going to instrument: org.springframework.boot.logging.DeferredLogs
05:08:09.458 [main] INFO org.evosuite.runtime.instrumentation.MethodCallReplacementClassAdapter - Adding mock interface to class org/springframework/boot/logging/DeferredLogs
05:08:09.458 [main] INFO org.evosuite.runtime.instrumentation.CreateClassResetClassAdapter - Creating brand-new static initializer in class org/springframework/boot/logging/DeferredLogs
05:08:09.459 [main] DEBUG org.evosuite.runtime.agent.TransformerForTests - Going to instrument: org.springframework.util.ErrorHandler
05:08:09.459 [main] DEBUG org.evosuite.runtime.agent.TransformerForTests - Going to instrument: org.springframework.core.annotation.ValueExtractor
05:08:09.460 [main] DEBUG org.evosuite.runtime.agent.TransformerForTests - Going to instrument: org.springframework.aop.framework.AopProxyUtils
05:08:09.461 [main] INFO org.evosuite.runtime.instrumentation.MethodCallReplacementClassAdapter - Adding mock interface to class org/springframework/aop/framework/AopProxyUtils
05:08:09.461 [main] INFO org.evosuite.runtime.instrumentation.CreateClassResetClassAdapter - Found static initializer in class org/springframework/aop/framework/AopProxyUtils
05:08:09.463 [main] DEBUG org.evosuite.runtime.agent.TransformerForTests - Going to instrument: org.springframework.core.io.support.SpringFactoriesLoader
05:08:09.463 [main] INFO org.evosuite.runtime.instrumentation.MethodCallReplacementClassAdapter - Adding mock interface to class org/springframework/core/io/support/SpringFactoriesLoader
05:08:09.465 [main] INFO org.evosuite.runtime.instrumentation.CreateClassResetClassAdapter - Found static initializer in class org/springframework/core/io/support/SpringFactoriesLoader
05:08:09.466 [main] DEBUG org.evosuite.runtime.agent.TransformerForTests - Going to instrument: org.springframework.boot.context.event.ApplicationContextInitializedEvent
05:08:09.467 [main] INFO org.evosuite.runtime.instrumentation.MethodCallReplacementClassAdapter - Adding mock interface to class org/springframework/boot/context/event/ApplicationContextInitializedEvent
05:08:09.467 [main] INFO org.evosuite.runtime.instrumentation.CreateClassResetClassAdapter - Creating brand-new static initializer in class org/springframework/boot/context/event/ApplicationContextInitializedEvent
05:08:09.468 [main] DEBUG org.evosuite.runtime.agent.TransformerForTests - Going to instrument: org.springframework.boot.rsocket.context.RSocketPortInfoApplicationContextInitializer
05:08:09.468 [main] INFO org.evosuite.runtime.instrumentation.MethodCallReplacementClassAdapter - Adding mock interface to class org/springframework/boot/rsocket/context/RSocketPortInfoApplicationContextInitializer
05:08:09.468 [main] INFO org.evosuite.runtime.instrumentation.CreateClassResetClassAdapter - Creating brand-new static initializer in class org/springframework/boot/rsocket/context/RSocketPortInfoApplicationContextInitializer
05:08:09.469 [main] DEBUG org.evosuite.runtime.agent.TransformerForTests - Going to instrument: org.springframework.boot.context.properties.source.ConfigurationPropertyName$ElementsParser
05:08:09.470 [main] INFO org.evosuite.runtime.instrumentation.MethodCallReplacementClassAdapter - Adding mock interface to class org/springframework/boot/context/properties/source/ConfigurationPropertyName$ElementsParser
05:08:09.470 [main] INFO org.evosuite.runtime.instrumentation.CreateClassResetClassAdapter - Creating brand-new static initializer in class org/springframework/boot/context/properties/source/ConfigurationPropertyName$ElementsParser
05:08:09.470 [main] INFO org.evosuite.runtime.instrumentation.CreateClassResetClassAdapter - Adding bytecode for initializing field DEFAULT_CAPACITY
05:08:09.471 [main] DEBUG org.evosuite.runtime.agent.TransformerForTests - Going to instrument: org.springframework.boot.context.event.ApplicationStartingEvent
05:08:09.471 [main] INFO org.evosuite.runtime.instrumentation.MethodCallReplacementClassAdapter - Adding mock interface to class org/springframework/boot/context/event/ApplicationStartingEvent
05:08:09.472 [main] INFO org.evosuite.runtime.instrumentation.CreateClassResetClassAdapter - Creating brand-new static initializer in class org/springframework/boot/context/event/ApplicationStartingEvent
05:08:09.473 [main] DEBUG org.evosuite.runtime.agent.TransformerForTests - Going to instrument: org.springframework.util.CollectionUtils
05:08:09.474 [main] INFO org.evosuite.runtime.instrumentation.MethodCallReplacementClassAdapter - Adding mock interface to class org/springframework/util/CollectionUtils
05:08:09.477 [main] INFO org.evosuite.runtime.instrumentation.CreateClassResetClassAdapter - Creating brand-new static initializer in class org/springframework/util/CollectionUtils
05:08:09.477 [main] INFO org.evosuite.runtime.instrumentation.CreateClassResetClassAdapter - Adding bytecode for initializing field DEFAULT_LOAD_FACTOR
05:08:09.479 [main] DEBUG org.evosuite.runtime.agent.TransformerForTests - Going to instrument: org.springframework.core.annotation.TypeMappedAnnotation
05:08:09.480 [main] INFO org.evosuite.runtime.instrumentation.MethodCallReplacementClassAdapter - Adding mock interface to class org/springframework/core/annotation/TypeMappedAnnotation
05:08:09.485 [main] INFO org.evosuite.runtime.instrumentation.CreateClassResetClassAdapter - Found static initializer in class org/springframework/core/annotation/TypeMappedAnnotation
05:08:09.487 [main] DEBUG org.evosuite.runtime.agent.TransformerForTests - Going to instrument: org.springframework.core.annotation.IntrospectionFailureLogger$1
05:08:09.487 [main] INFO org.evosuite.runtime.instrumentation.MethodCallReplacementClassAdapter - Adding mock interface to class org/springframework/core/annotation/IntrospectionFailureLogger$1
05:08:09.488 [main] DEBUG org.evosuite.runtime.agent.TransformerForTests - Going to instrument: org.springframework.core.annotation.IntrospectionFailureLogger
05:08:09.488 [main] INFO org.evosuite.runtime.instrumentation.MethodCallReplacementClassAdapter - Adding mock interface to class org/springframework/core/annotation/IntrospectionFailureLogger
05:08:09.488 [main] INFO org.evosuite.runtime.instrumentation.CreateClassResetClassAdapter - Found static initializer in class org/springframework/core/annotation/IntrospectionFailureLogger
05:08:09.489 [main] DEBUG org.evosuite.runtime.agent.TransformerForTests - Going to instrument: org.springframework.core.annotation.IntrospectionFailureLogger$2
05:08:09.489 [main] INFO org.evosuite.runtime.instrumentation.MethodCallReplacementClassAdapter - Adding mock interface to class org/springframework/core/annotation/IntrospectionFailureLogger$2
05:08:09.490 [main] DEBUG org.evosuite.runtime.agent.TransformerForTests - Going to instrument: org.springframework.context.event.GenericApplicationListenerAdapter
05:08:09.491 [main] INFO org.evosuite.runtime.instrumentation.MethodCallReplacementClassAdapter - Adding mock interface to class org/springframework/context/event/GenericApplicationListenerAdapter
05:08:09.491 [main] INFO org.evosuite.runtime.instrumentation.CreateClassResetClassAdapter - Found static initializer in class org/springframework/context/event/GenericApplicationListenerAdapter
05:08:09.492 [main] DEBUG org.evosuite.runtime.agent.TransformerForTests - Going to instrument: org.springframework.aop.framework.Advised
05:08:09.493 [main] DEBUG org.evosuite.runtime.agent.TransformerForTests - Going to instrument: org.springframework.boot.context.ConfigurationWarningsApplicationContextInitializer
05:08:09.493 [main] INFO org.evosuite.runtime.instrumentation.MethodCallReplacementClassAdapter - Adding mock interface to class org/springframework/boot/context/ConfigurationWarningsApplicationContextInitializer
05:08:09.493 [main] INFO org.evosuite.runtime.instrumentation.CreateClassResetClassAdapter - Found static initializer in class org/springframework/boot/context/ConfigurationWarningsApplicationContextInitializer
05:08:09.494 [main] DEBUG org.evosuite.runtime.agent.TransformerForTests - Going to instrument: org.springframework.context.event.ContextClosedEvent
05:08:09.494 [main] INFO org.evosuite.runtime.instrumentation.MethodCallReplacementClassAdapter - Adding mock interface to class org/springframework/context/event/ContextClosedEvent
05:08:09.494 [main] INFO org.evosuite.runtime.instrumentation.CreateClassResetClassAdapter - Creating brand-new static initializer in class org/springframework/context/event/ContextClosedEvent
05:08:09.495 [main] DEBUG org.evosuite.runtime.agent.TransformerForTests - Going to instrument: org.springframework.core.annotation.AnnotationTypeMappings
05:08:09.495 [main] INFO org.evosuite.runtime.instrumentation.MethodCallReplacementClassAdapter - Adding mock interface to class org/springframework/core/annotation/AnnotationTypeMappings
05:08:09.496 [main] INFO org.evosuite.runtime.instrumentation.CreateClassResetClassAdapter - Found static initializer in class org/springframework/core/annotation/AnnotationTypeMappings
05:08:09.497 [main] DEBUG org.evosuite.runtime.agent.TransformerForTests - Going to instrument: org.springframework.boot.context.event.ApplicationEnvironmentPreparedEvent
05:08:09.498 [main] INFO org.evosuite.runtime.instrumentation.MethodCallReplacementClassAdapter - Adding mock interface to class org/springframework/boot/context/event/ApplicationEnvironmentPreparedEvent
05:08:09.498 [main] INFO org.evosuite.runtime.instrumentation.CreateClassResetClassAdapter - Creating brand-new static initializer in class org/springframework/boot/context/event/ApplicationEnvironmentPreparedEvent
05:08:09.498 [main] DEBUG org.evosuite.runtime.agent.TransformerForTests - Going to instrument: org.springframework.boot.BootstrapContextClosedEvent
05:08:09.498 [main] INFO org.evosuite.runtime.instrumentation.MethodCallReplacementClassAdapter - Adding mock interface to class org/springframework/boot/BootstrapContextClosedEvent
05:08:09.499 [main] INFO org.evosuite.runtime.instrumentation.CreateClassResetClassAdapter - Creating brand-new static initializer in class org/springframework/boot/BootstrapContextClosedEvent
05:08:09.499 [main] DEBUG org.evosuite.runtime.agent.TransformerForTests - Going to instrument: org.springframework.boot.context.FileEncodingApplicationListener
05:08:09.499 [main] INFO org.evosuite.runtime.instrumentation.MethodCallReplacementClassAdapter - Adding mock interface to class org/springframework/boot/context/FileEncodingApplicationListener
05:08:09.501 [main] INFO org.evosuite.runtime.instrumentation.CreateClassResetClassAdapter - Found static initializer in class org/springframework/boot/context/FileEncodingApplicationListener
05:08:09.502 [main] DEBUG org.evosuite.runtime.agent.TransformerForTests - Going to instrument: org.springframework.boot.autoconfigure.SpringBootApplication
05:08:09.502 [main] DEBUG org.evosuite.runtime.agent.TransformerForTests - Going to instrument: org.springframework.aop.SpringProxy
05:08:09.504 [main] DEBUG org.evosuite.runtime.agent.TransformerForTests - Going to instrument: org.springframework.util.ObjectUtils
05:08:09.505 [main] INFO org.evosuite.runtime.instrumentation.MethodCallReplacementClassAdapter - Adding mock interface to class org/springframework/util/ObjectUtils
05:08:09.509 [main] INFO org.evosuite.runtime.instrumentation.CreateClassResetClassAdapter - Found static initializer in class org/springframework/util/ObjectUtils
05:08:09.511 [main] DEBUG org.evosuite.runtime.agent.TransformerForTests - Going to instrument: org.springframework.util.ResourceUtils
05:08:09.512 [main] INFO org.evosuite.runtime.instrumentation.MethodCallReplacementClassAdapter - Adding mock interface to class org/springframework/util/ResourceUtils
05:08:09.514 [main] INFO org.evosuite.runtime.instrumentation.CreateClassResetClassAdapter - Creating brand-new static initializer in class org/springframework/util/ResourceUtils
05:08:09.514 [main] INFO org.evosuite.runtime.instrumentation.CreateClassResetClassAdapter - Adding bytecode for initializing field CLASSPATH_URL_PREFIX
05:08:09.514 [main] INFO org.evosuite.runtime.instrumentation.CreateClassResetClassAdapter - Adding bytecode for initializing field FILE_URL_PREFIX
05:08:09.514 [main] INFO org.evosuite.runtime.instrumentation.CreateClassResetClassAdapter - Adding bytecode for initializing field JAR_URL_PREFIX
05:08:09.514 [main] INFO org.evosuite.runtime.instrumentation.CreateClassResetClassAdapter - Adding bytecode for initializing field WAR_URL_PREFIX
05:08:09.514 [main] INFO org.evosuite.runtime.instrumentation.CreateClassResetClassAdapter - Adding bytecode for initializing field URL_PROTOCOL_FILE
05:08:09.514 [main] INFO org.evosuite.runtime.instrumentation.CreateClassResetClassAdapter - Adding bytecode for initializing field URL_PROTOCOL_JAR
05:08:09.514 [main] INFO org.evosuite.runtime.instrumentation.CreateClassResetClassAdapter - Adding bytecode for initializing field URL_PROTOCOL_WAR
05:08:09.514 [main] INFO org.evosuite.runtime.instrumentation.CreateClassResetClassAdapter - Adding bytecode for initializing field URL_PROTOCOL_ZIP
05:08:09.514 [main] INFO org.evosuite.runtime.instrumentation.CreateClassResetClassAdapter - Adding bytecode for initializing field URL_PROTOCOL_WSJAR
05:08:09.514 [main] INFO org.evosuite.runtime.instrumentation.CreateClassResetClassAdapter - Adding bytecode for initializing field URL_PROTOCOL_VFSZIP
05:08:09.514 [main] INFO org.evosuite.runtime.instrumentation.CreateClassResetClassAdapter - Adding bytecode for initializing field URL_PROTOCOL_VFSFILE
05:08:09.514 [main] INFO org.evosuite.runtime.instrumentation.CreateClassResetClassAdapter - Adding bytecode for initializing field URL_PROTOCOL_VFS
05:08:09.514 [main] INFO org.evosuite.runtime.instrumentation.CreateClassResetClassAdapter - Adding bytecode for initializing field JAR_FILE_EXTENSION
05:08:09.514 [main] INFO org.evosuite.runtime.instrumentation.CreateClassResetClassAdapter - Adding bytecode for initializing field JAR_URL_SEPARATOR
05:08:09.514 [main] INFO org.evosuite.runtime.instrumentation.CreateClassResetClassAdapter - Adding bytecode for initializing field WAR_URL_SEPARATOR
05:08:09.516 [main] DEBUG org.evosuite.runtime.agent.TransformerForTests - Going to instrument: org.springframework.boot.DefaultBootstrapContext
05:08:09.516 [main] INFO org.evosuite.runtime.instrumentation.MethodCallReplacementClassAdapter - Adding mock interface to class org/springframework/boot/DefaultBootstrapContext
05:08:09.518 [main] INFO org.evosuite.runtime.instrumentation.CreateClassResetClassAdapter - Creating brand-new static initializer in class org/springframework/boot/DefaultBootstrapContext
05:08:09.518 [main] DEBUG org.evosuite.runtime.agent.TransformerForTests - Going to instrument: org.springframework.boot.SpringBootConfiguration
05:08:09.519 [main] DEBUG org.evosuite.runtime.agent.TransformerForTests - Going to instrument: org.springframework.util.LinkedMultiValueMap
05:08:09.519 [main] INFO org.evosuite.runtime.instrumentation.MethodCallReplacementClassAdapter - Adding mock interface to class org/springframework/util/LinkedMultiValueMap
05:08:09.520 [main] INFO org.evosuite.runtime.instrumentation.CreateClassResetClassAdapter - Creating brand-new static initializer in class org/springframework/util/LinkedMultiValueMap
05:08:09.521 [main] DEBUG org.evosuite.runtime.agent.TransformerForTests - Going to instrument: org.springframework.core.annotation.AnnotationTypeMappings$Cache
05:08:09.521 [main] INFO org.evosuite.runtime.instrumentation.MethodCallReplacementClassAdapter - Adding mock interface to class org/springframework/core/annotation/AnnotationTypeMappings$Cache
05:08:09.521 [main] INFO org.evosuite.runtime.instrumentation.CreateClassResetClassAdapter - Creating brand-new static initializer in class org/springframework/core/annotation/AnnotationTypeMappings$Cache
05:08:09.522 [main] DEBUG org.evosuite.runtime.agent.TransformerForTests - Going to instrument: org.springframework.core.annotation.AnnotationTypeMapping$MirrorSets
05:08:09.522 [main] INFO org.evosuite.runtime.instrumentation.MethodCallReplacementClassAdapter - Adding mock interface to class org/springframework/core/annotation/AnnotationTypeMapping$MirrorSets
05:08:09.523 [main] INFO org.evosuite.runtime.instrumentation.CreateClassResetClassAdapter - Creating brand-new static initializer in class org/springframework/core/annotation/AnnotationTypeMapping$MirrorSets
05:08:09.524 [main] DEBUG org.evosuite.runtime.agent.TransformerForTests - Going to instrument: org.springframework.boot.context.config.DelegatingApplicationListener
05:08:09.524 [main] INFO org.evosuite.runtime.instrumentation.MethodCallReplacementClassAdapter - Adding mock interface to class org/springframework/boot/context/config/DelegatingApplicationListener
05:08:09.524 [main] INFO org.evosuite.runtime.instrumentation.CreateClassResetClassAdapter - Creating brand-new static initializer in class org/springframework/boot/context/config/DelegatingApplicationListener
05:08:09.524 [main] INFO org.evosuite.runtime.instrumentation.CreateClassResetClassAdapter - Adding bytecode for initializing field PROPERTY_NAME
05:08:09.525 [main] DEBUG org.evosuite.runtime.agent.TransformerForTests - Going to instrument: org.springframework.boot.Banner$Mode
05:08:09.525 [main] INFO org.evosuite.runtime.instrumentation.MethodCallReplacementClassAdapter - Adding mock interface to class org/springframework/boot/Banner$Mode
05:08:09.525 [main] INFO org.evosuite.runtime.instrumentation.CreateClassResetClassAdapter - Found static initializer in class org/springframework/boot/Banner$Mode
05:08:09.526 [main] DEBUG org.evosuite.runtime.agent.TransformerForTests - Going to instrument: org.springframework.core.annotation.MergedAnnotations
05:08:09.527 [main] DEBUG org.evosuite.runtime.agent.TransformerForTests - Going to instrument: org.springframework.boot.context.config.AnsiOutputApplicationListener
05:08:09.527 [main] INFO org.evosuite.runtime.instrumentation.MethodCallReplacementClassAdapter - Adding mock interface to class org/springframework/boot/context/config/AnsiOutputApplicationListener
05:08:09.527 [main] INFO org.evosuite.runtime.instrumentation.CreateClassResetClassAdapter - Creating brand-new static initializer in class org/springframework/boot/context/config/AnsiOutputApplicationListener
05:08:09.528 [main] DEBUG org.evosuite.runtime.agent.TransformerForTests - Going to instrument: org.springframework.core.ResolvableType$SyntheticParameterizedType
05:08:09.528 [main] INFO org.evosuite.runtime.instrumentation.MethodCallReplacementClassAdapter - Adding mock interface to class org/springframework/core/ResolvableType$SyntheticParameterizedType
05:08:09.529 [main] INFO org.evosuite.runtime.instrumentation.CreateClassResetClassAdapter - Creating brand-new static initializer in class org/springframework/core/ResolvableType$SyntheticParameterizedType
05:08:09.529 [main] DEBUG org.evosuite.runtime.agent.TransformerForTests - Going to instrument: org.springframework.boot.context.event.EventPublishingRunListener
05:08:09.530 [main] INFO org.evosuite.runtime.instrumentation.MethodCallReplacementClassAdapter - Adding mock interface to class org/springframework/boot/context/event/EventPublishingRunListener
05:08:09.530 [main] INFO org.evosuite.runtime.instrumentation.CreateClassResetClassAdapter - Creating brand-new static initializer in class org/springframework/boot/context/event/EventPublishingRunListener
05:08:09.530 [main] DEBUG org.evosuite.runtime.agent.TransformerForTests - Going to instrument: org.springframework.boot.availability.AvailabilityState
05:08:09.531 [main] DEBUG org.evosuite.runtime.agent.TransformerForTests - Going to instrument: org.springframework.boot.context.event.ApplicationFailedEvent
05:08:09.531 [main] INFO org.evosuite.runtime.instrumentation.MethodCallReplacementClassAdapter - Adding mock interface to class org/springframework/boot/context/event/ApplicationFailedEvent
05:08:09.531 [main] INFO org.evosuite.runtime.instrumentation.CreateClassResetClassAdapter - Creating brand-new static initializer in class org/springframework/boot/context/event/ApplicationFailedEvent
05:08:09.532 [main] DEBUG org.evosuite.runtime.agent.TransformerForTests - Going to instrument: org.springframework.core.annotation.AnnotationsScanner$1
05:08:09.532 [main] INFO org.evosuite.runtime.instrumentation.MethodCallReplacementClassAdapter - Adding mock interface to class org/springframework/core/annotation/AnnotationsScanner$1
05:08:09.533 [main] DEBUG org.evosuite.runtime.agent.TransformerForTests - Going to instrument: org.springframework.web.context.WebApplicationContext
05:08:09.534 [main] DEBUG org.evosuite.runtime.agent.TransformerForTests - Going to instrument: org.springframework.context.event.AbstractApplicationEventMulticaster$1
05:08:09.534 [main] INFO org.evosuite.runtime.instrumentation.MethodCallReplacementClassAdapter - Adding mock interface to class org/springframework/context/event/AbstractApplicationEventMulticaster$1
05:08:09.535 [main] DEBUG org.evosuite.runtime.agent.TransformerForTests - Going to instrument: org.springframework.util.ConcurrentReferenceHashMap$Restructure
05:08:09.535 [main] INFO org.evosuite.runtime.instrumentation.MethodCallReplacementClassAdapter - Adding mock interface to class org/springframework/util/ConcurrentReferenceHashMap$Restructure
05:08:09.535 [main] INFO org.evosuite.runtime.instrumentation.CreateClassResetClassAdapter - Found static initializer in class org/springframework/util/ConcurrentReferenceHashMap$Restructure
05:08:09.536 [main] DEBUG org.evosuite.runtime.agent.TransformerForTests - Going to instrument: org.springframework.core.annotation.OrderUtils
05:08:09.536 [main] INFO org.evosuite.runtime.instrumentation.MethodCallReplacementClassAdapter - Adding mock interface to class org/springframework/core/annotation/OrderUtils
05:08:09.537 [main] INFO org.evosuite.runtime.instrumentation.CreateClassResetClassAdapter - Found static initializer in class org/springframework/core/annotation/OrderUtils
05:08:09.539 [main] DEBUG org.evosuite.runtime.agent.TransformerForTests - Going to instrument: org.springframework.boot.context.logging.LoggingApplicationListener
05:08:09.539 [main] INFO org.evosuite.runtime.instrumentation.MethodCallReplacementClassAdapter - Adding mock interface to class org/springframework/boot/context/logging/LoggingApplicationListener
05:08:09.543 [main] INFO org.evosuite.runtime.instrumentation.CreateClassResetClassAdapter - Found static initializer in class org/springframework/boot/context/logging/LoggingApplicationListener
05:08:09.546 [main] DEBUG org.evosuite.runtime.agent.TransformerForTests - Going to instrument: org.springframework.core.SerializableTypeWrapper$SerializableTypeProxy
05:08:09.549 [main] DEBUG org.evosuite.runtime.agent.TransformerForTests - Going to instrument: org.springframework.core.ResolvableType$WildcardBounds
05:08:09.550 [main] INFO org.evosuite.runtime.instrumentation.MethodCallReplacementClassAdapter - Adding mock interface to class org/springframework/core/ResolvableType$WildcardBounds
05:08:09.550 [main] INFO org.evosuite.runtime.instrumentation.CreateClassResetClassAdapter - Creating brand-new static initializer in class org/springframework/core/ResolvableType$WildcardBounds
05:08:09.551 [main] DEBUG org.evosuite.runtime.agent.TransformerForTests - Going to instrument: org.springframework.core.annotation.TypeMappedAnnotations
05:08:09.552 [main] INFO org.evosuite.runtime.instrumentation.MethodCallReplacementClassAdapter - Adding mock interface to class org/springframework/core/annotation/TypeMappedAnnotations
05:08:09.552 [main] INFO org.evosuite.runtime.instrumentation.CreateClassResetClassAdapter - Found static initializer in class org/springframework/core/annotation/TypeMappedAnnotations
05:08:09.554 [main] DEBUG org.evosuite.runtime.agent.TransformerForTests - Going to instrument: org.springframework.core.annotation.Order
05:08:09.555 [main] DEBUG org.evosuite.runtime.agent.TransformerForTests - Going to instrument: org.springframework.core.annotation.TypeMappedAnnotations$MergedAnnotationFinder
05:08:09.555 [main] INFO org.evosuite.runtime.instrumentation.MethodCallReplacementClassAdapter - Adding mock interface to class org/springframework/core/annotation/TypeMappedAnnotations$MergedAnnotationFinder
05:08:09.555 [main] INFO org.evosuite.runtime.instrumentation.CreateClassResetClassAdapter - Creating brand-new static initializer in class org/springframework/core/annotation/TypeMappedAnnotations$MergedAnnotationFinder
05:08:09.556 [main] DEBUG org.evosuite.runtime.agent.TransformerForTests - Going to instrument: org.springframework.boot.builder.ParentContextApplicationContextInitializer$ParentContextAvailableEvent
05:08:09.556 [main] INFO org.evosuite.runtime.instrumentation.MethodCallReplacementClassAdapter - Adding mock interface to class org/springframework/boot/builder/ParentContextApplicationContextInitializer$ParentContextAvailableEvent
05:08:09.556 [main] INFO org.evosuite.runtime.instrumentation.CreateClassResetClassAdapter - Creating brand-new static initializer in class org/springframework/boot/builder/ParentContextApplicationContextInitializer$ParentContextAvailableEvent
05:08:09.557 [main] DEBUG org.evosuite.runtime.agent.TransformerForTests - Going to instrument: org.springframework.web.context.ConfigurableWebApplicationContext
05:08:09.558 [main] ERROR org.evosuite.runtime.classhandling.ClassStateSupport - Found $jacocoInit in class org.springframework.util.ReflectionUtils$FieldFilter
05:08:09.644 [Time-limited test] DEBUG org.evosuite.runtime.agent.TransformerForTests - Going to instrument: org.springframework.boot.logging.log4j2.Log4J2LoggingSystem$LevelSetLoggerConfig
05:08:09.644 [Time-limited test] INFO org.evosuite.runtime.instrumentation.MethodCallReplacementClassAdapter - Adding mock interface to class org/springframework/boot/logging/log4j2/Log4J2LoggingSystem$LevelSetLoggerConfig
05:08:09.645 [Time-limited test] INFO org.evosuite.runtime.instrumentation.CreateClassResetClassAdapter - Creating brand-new static initializer in class org/springframework/boot/logging/log4j2/Log4J2LoggingSystem$LevelSetLoggerConfig
05:08:09.646 [main] INFO org.evosuite.runtime.thread.ThreadStopper - Found new thread
[INFO] Tests run: 2, Failures: 0, Errors: 0, Skipped: 0, Time elapsed: 1.023 s - in io.basquiat.interfacebbuljit.InterfaceBbuljitApplication_ESTest
[INFO] Running io.basquiat.interfacebbuljit.InterfaceBbuljitApplication_init_3395218262
[INFO] Tests run: 1, Failures: 0, Errors: 0, Skipped: 0, Time elapsed: 0.001 s - in io.basquiat.interfacebbuljit.InterfaceBbuljitApplication_init_3395218262
[INFO] Running io.basquiat.interfacebbuljit.InterfaceBbuljitApplication_main_370411781

  .   ____          _            __ _ _
 /\\ / ___'_ __ _ _(_)_ __  __ _ \ \ \ \
( ( )\___ | '_ | '_| | '_ \/ _` | \ \ \ \
 \\/  ___)| |_)| | | | | || (_| |  ) ) ) )
  '  |____| .__|_| |_|_| |_\__, | / / / /
 =========|_|==============|___/=/_/_/_/
 :: Spring Boot ::                (v2.7.0)

2026-04-08 05:08:10.076  INFO 70 --- [me-limited test] i.b.i.InterfaceBbuljitApplication        : Starting InterfaceBbuljitApplication using Java 11.0.16 on 89d86ed9e234 with PID 70 (started by root in /app)
2026-04-08 05:08:10.078  INFO 70 --- [me-limited test] i.b.i.InterfaceBbuljitApplication        : The following 1 profile is active: "local"
2026-04-08 05:08:10.974  INFO 70 --- [me-limited test] o.s.b.w.embedded.tomcat.TomcatWebServer  : Tomcat initialized with port(s): 8888 (http)
2026-04-08 05:08:10.986  INFO 70 --- [me-limited test] o.apache.catalina.core.StandardService   : Starting service [Tomcat]
2026-04-08 05:08:10.986  INFO 70 --- [me-limited test] org.apache.catalina.core.StandardEngine  : Starting Servlet engine: [Apache Tomcat/9.0.63]
2026-04-08 05:08:11.070  INFO 70 --- [me-limited test] o.a.c.c.C.[Tomcat].[localhost].[/]       : Initializing Spring embedded WebApplicationContext
2026-04-08 05:08:11.070  INFO 70 --- [me-limited test] w.s.c.ServletWebServerApplicationContext : Root WebApplicationContext: initialization completed in 959 ms
2026-04-08 05:08:11.713  INFO 70 --- [me-limited test] o.s.b.w.embedded.tomcat.TomcatWebServer  : Tomcat started on port(s): 8888 (http) with context path ''
2026-04-08 05:08:11.723  INFO 70 --- [me-limited test] i.b.i.InterfaceBbuljitApplication        : Started InterfaceBbuljitApplication in 2.06 seconds (JVM running for 4.211)
[INFO] Tests run: 1, Failures: 0, Errors: 0, Skipped: 0, Time elapsed: 2.058 s - in io.basquiat.interfacebbuljit.InterfaceBbuljitApplication_main_370411781
[INFO] Running io.basquiat.interfacebbuljit.InterfaceBbuljitApplication_main_370411783
2026-04-08 05:08:11.753 ERROR 70 --- [me-limited test] o.s.boot.SpringApplication               : Application run failed

java.lang.IllegalArgumentException: Args must not be null
	at org.springframework.util.Assert.notNull(Assert.java:201) ~[spring-core-5.3.20.jar:5.3.20]
	at org.springframework.boot.DefaultApplicationArguments.<init>(DefaultApplicationArguments.java:41) ~[spring-boot-2.7.0.jar:2.7.0]
	at org.springframework.boot.SpringApplication.run(SpringApplication.java:301) ~[spring-boot-2.7.0.jar:2.7.0]
	at org.springframework.boot.SpringApplication.run(SpringApplication.java:1306) ~[spring-boot-2.7.0.jar:2.7.0]
	at org.springframework.boot.SpringApplication.run(SpringApplication.java:1295) ~[spring-boot-2.7.0.jar:2.7.0]
	at io.basquiat.interfacebbuljit.InterfaceBbuljitApplication.main(InterfaceBbuljitApplication.java:10) ~[classes/:na]
	at java.base/jdk.internal.reflect.NativeMethodAccessorImpl.invoke0(Native Method) ~[na:na]
	at java.base/jdk.internal.reflect.NativeMethodAccessorImpl.invoke(NativeMethodAccessorImpl.java:62) ~[na:na]
	at java.base/jdk.internal.reflect.DelegatingMethodAccessorImpl.invoke(DelegatingMethodAccessorImpl.java:43) ~[na:na]
	at java.base/java.lang.reflect.Method.invoke(Method.java:566) ~[na:na]
	at io.basquiat.interfacebbuljit.ReflectionUtils.callMethod(ReflectionUtils.java:328) ~[test-classes/:na]
	at io.basquiat.interfacebbuljit.InterfaceBbuljitApplication_main_370411783.test(InterfaceBbuljitApplication_main_370411783.java:44) ~[test-classes/:na]
	at java.base/jdk.internal.reflect.NativeMethodAccessorImpl.invoke0(Native Method) ~[na:na]
	at java.base/jdk.internal.reflect.NativeMethodAccessorImpl.invoke(NativeMethodAccessorImpl.java:62) ~[na:na]
	at java.base/jdk.internal.reflect.DelegatingMethodAccessorImpl.invoke(DelegatingMethodAccessorImpl.java:43) ~[na:na]
	at java.base/java.lang.reflect.Method.invoke(Method.java:566) ~[na:na]
	at org.junit.runners.model.FrameworkMethod$1.runReflectiveCall(FrameworkMethod.java:59) ~[junit-4.13.2.jar:4.13.2]
	at org.junit.internal.runners.model.ReflectiveCallable.run(ReflectiveCallable.java:12) ~[junit-4.13.2.jar:4.13.2]
	at org.junit.runners.model.FrameworkMethod.invokeExplosively(FrameworkMethod.java:56) ~[junit-4.13.2.jar:4.13.2]
	at org.junit.internal.runners.statements.InvokeMethod.evaluate(InvokeMethod.java:17) ~[junit-4.13.2.jar:4.13.2]
	at org.junit.internal.runners.statements.RunBefores.evaluate(RunBefores.java:26) ~[junit-4.13.2.jar:4.13.2]
	at org.junit.internal.runners.statements.FailOnTimeout$CallableStatement.call(FailOnTimeout.java:299) ~[junit-4.13.2.jar:4.13.2]
	at org.junit.internal.runners.statements.FailOnTimeout$CallableStatement.call(FailOnTimeout.java:293) ~[junit-4.13.2.jar:4.13.2]
	at java.base/java.util.concurrent.FutureTask.run(FutureTask.java:264) ~[na:na]
	at java.base/java.lang.Thread.run(Thread.java:829) ~[na:na]

[ERROR] Tests run: 1, Failures: 0, Errors: 1, Skipped: 0, Time elapsed: 0.029 s <<< FAILURE! - in io.basquiat.interfacebbuljit.InterfaceBbuljitApplication_main_370411783
[ERROR] test  Time elapsed: 0.029 s  <<< ERROR!
java.lang.IllegalArgumentException: Args must not be null
	at io.basquiat.interfacebbuljit.InterfaceBbuljitApplication_main_370411783.test(InterfaceBbuljitApplication_main_370411783.java:44)

[INFO] Running io.basquiat.interfacebbuljit.noodle.provider.ApplicationContextProvider_InnerPrivateResource_init_4050950441
[INFO] Tests run: 1, Failures: 0, Errors: 0, Skipped: 0, Time elapsed: 0 s - in io.basquiat.interfacebbuljit.noodle.provider.ApplicationContextProvider_InnerPrivateResource_init_4050950441
[INFO] Running io.basquiat.interfacebbuljit.noodle.provider.ApplicationContextProvider_ApplicationContextHolder_init_11784235081
[INFO] Tests run: 1, Failures: 0, Errors: 0, Skipped: 0, Time elapsed: 0.001 s - in io.basquiat.interfacebbuljit.noodle.provider.ApplicationContextProvider_ApplicationContextHolder_init_11784235081
[INFO] Running io.basquiat.interfacebbuljit.noodle.provider.ApplicationContextProvider_ApplicationContextHolder_init_11784235080
[INFO] Tests run: 1, Failures: 0, Errors: 0, Skipped: 0, Time elapsed: 0 s - in io.basquiat.interfacebbuljit.noodle.provider.ApplicationContextProvider_ApplicationContextHolder_init_11784235080
[INFO] Running io.basquiat.interfacebbuljit.noodle.provider.ApplicationContextProvider_InnerPrivateResource_init_4050950440
[INFO] Tests run: 1, Failures: 0, Errors: 0, Skipped: 0, Time elapsed: 0 s - in io.basquiat.interfacebbuljit.noodle.provider.ApplicationContextProvider_InnerPrivateResource_init_4050950440
[INFO] Running io.basquiat.interfacebbuljit.noodle.code.AddOrNot_init_4220249755
[ERROR] Tests run: 1, Failures: 0, Errors: 1, Skipped: 0, Time elapsed: 0 s <<< FAILURE! - in io.basquiat.interfacebbuljit.noodle.code.AddOrNot_init_4220249755
[ERROR] test  Time elapsed: 0 s  <<< ERROR!
java.lang.IllegalArgumentException: Cannot reflectively create enum objects
	at io.basquiat.interfacebbuljit.noodle.code.AddOrNot_init_4220249755.test(AddOrNot_init_4220249755.java:47)

[INFO] Running io.basquiat.interfacebbuljit.noodle.code.NoodleType_valueOf_425638127
[ERROR] Tests run: 1, Failures: 0, Errors: 1, Skipped: 0, Time elapsed: 0 s <<< FAILURE! - in io.basquiat.interfacebbuljit.noodle.code.NoodleType_valueOf_425638127
[ERROR] test  Time elapsed: 0 s  <<< ERROR!
java.lang.NullPointerException: Name is null
	at io.basquiat.interfacebbuljit.noodle.code.NoodleType_valueOf_425638127.test(NoodleType_valueOf_425638127.java:49)

[INFO] Running io.basquiat.interfacebbuljit.noodle.code.NoodleType_of_8118322752
[INFO] Tests run: 1, Failures: 0, Errors: 0, Skipped: 0, Time elapsed: 0 s - in io.basquiat.interfacebbuljit.noodle.code.NoodleType_of_8118322752
[INFO] Running io.basquiat.interfacebbuljit.noodle.code.AddOrNot_values_19114998070
[INFO] Tests run: 1, Failures: 0, Errors: 0, Skipped: 0, Time elapsed: 0 s - in io.basquiat.interfacebbuljit.noodle.code.AddOrNot_values_19114998070
[INFO] Running io.basquiat.interfacebbuljit.noodle.code.NoodleType_valueOf_425638121
[ERROR] Tests run: 1, Failures: 0, Errors: 1, Skipped: 0, Time elapsed: 0 s <<< FAILURE! - in io.basquiat.interfacebbuljit.noodle.code.NoodleType_valueOf_425638121
[ERROR] test  Time elapsed: 0 s  <<< ERROR!
java.lang.IllegalArgumentException: No enum constant io.basquiat.interfacebbuljit.noodle.code.NoodleType.sjlJAEtRrb
	at io.basquiat.interfacebbuljit.noodle.code.NoodleType_valueOf_425638121.test(NoodleType_valueOf_425638121.java:42)

[INFO] Running io.basquiat.interfacebbuljit.noodle.code.NoodleType_getName_6986776825
[INFO] Tests run: 1, Failures: 0, Errors: 0, Skipped: 0, Time elapsed: 0 s - in io.basquiat.interfacebbuljit.noodle.code.NoodleType_getName_6986776825
[INFO] Running io.basquiat.interfacebbuljit.noodle.code.NoodleType_init_4223712553
[ERROR] Tests run: 1, Failures: 0, Errors: 1, Skipped: 0, Time elapsed: 0 s <<< FAILURE! - in io.basquiat.interfacebbuljit.noodle.code.NoodleType_init_4223712553
[ERROR] test  Time elapsed: 0 s  <<< ERROR!
java.lang.IllegalArgumentException: Cannot reflectively create enum objects
	at io.basquiat.interfacebbuljit.noodle.code.NoodleType_init_4223712553.test(NoodleType_init_4223712553.java:46)

[INFO] Running io.basquiat.interfacebbuljit.noodle.code.NoodleType_of_8118322758
[INFO] Tests run: 1, Failures: 0, Errors: 0, Skipped: 0, Time elapsed: 0 s - in io.basquiat.interfacebbuljit.noodle.code.NoodleType_of_8118322758
[INFO] Running io.basquiat.interfacebbuljit.noodle.code.NoodleType_values_4494665910
[INFO] Tests run: 1, Failures: 0, Errors: 0, Skipped: 0, Time elapsed: 0 s - in io.basquiat.interfacebbuljit.noodle.code.NoodleType_values_4494665910
[INFO] Running io.basquiat.interfacebbuljit.noodle.code.NoodleType_ESTest
2026-04-08 05:08:11.782 ERROR 70 --- [           main] o.e.r.classhandling.ClassStateSupport    : Class io.basquiat.interfacebbuljit.noodle.code.NoodleType was not instrumented by EvoSuite. This could happen if you are running JUnit tests in a way that is not handled by EvoSuite, in which some classes are loaded be reflection before the tests are run. Consult the EvoSuite documentation for possible workarounds for this issue.
[INFO] Tests run: 5, Failures: 0, Errors: 0, Skipped: 0, Time elapsed: 0.001 s - in io.basquiat.interfacebbuljit.noodle.code.NoodleType_ESTest
[INFO] Running io.basquiat.interfacebbuljit.noodle.code.NoodleType_init_4223712559
[ERROR] Tests run: 1, Failures: 0, Errors: 1, Skipped: 0, Time elapsed: 0 s <<< FAILURE! - in io.basquiat.interfacebbuljit.noodle.code.NoodleType_init_4223712559
[ERROR] test  Time elapsed: 0 s  <<< ERROR!
java.lang.IllegalArgumentException: Cannot reflectively create enum objects
	at io.basquiat.interfacebbuljit.noodle.code.NoodleType_init_4223712559.test(NoodleType_init_4223712559.java:51)

[INFO] Running io.basquiat.interfacebbuljit.noodle.code.AddOrNot_init_4220249752
[ERROR] Tests run: 1, Failures: 0, Errors: 1, Skipped: 0, Time elapsed: 0.001 s <<< FAILURE! - in io.basquiat.interfacebbuljit.noodle.code.AddOrNot_init_4220249752
[ERROR] test  Time elapsed: 0 s  <<< ERROR!
java.lang.IllegalArgumentException: Cannot reflectively create enum objects
	at io.basquiat.interfacebbuljit.noodle.code.AddOrNot_init_4220249752.test(AddOrNot_init_4220249752.java:42)

[INFO] Running io.basquiat.interfacebbuljit.noodle.code.AddOrNot_valueOf_14194694041
[ERROR] Tests run: 1, Failures: 0, Errors: 1, Skipped: 0, Time elapsed: 0 s <<< FAILURE! - in io.basquiat.interfacebbuljit.noodle.code.AddOrNot_valueOf_14194694041
[ERROR] test  Time elapsed: 0 s  <<< ERROR!
java.lang.IllegalArgumentException: No enum constant io.basquiat.interfacebbuljit.noodle.code.AddOrNot.PAEBtnZtTD
	at io.basquiat.interfacebbuljit.noodle.code.AddOrNot_valueOf_14194694041.test(AddOrNot_valueOf_14194694041.java:42)

[INFO] Running io.basquiat.interfacebbuljit.noodle.code.AddOrNot_values_19114998073
[INFO] Tests run: 1, Failures: 0, Errors: 0, Skipped: 0, Time elapsed: 0 s - in io.basquiat.interfacebbuljit.noodle.code.AddOrNot_values_19114998073
[INFO] Running io.basquiat.interfacebbuljit.noodle.code.NoodleType_getType_89270646510
[INFO] Tests run: 1, Failures: 0, Errors: 0, Skipped: 0, Time elapsed: 0.006 s - in io.basquiat.interfacebbuljit.noodle.code.NoodleType_getType_89270646510
[INFO] Running io.basquiat.interfacebbuljit.noodle.code.NoodleType_getType_8927064654
[INFO] Tests run: 1, Failures: 0, Errors: 0, Skipped: 0, Time elapsed: 0 s - in io.basquiat.interfacebbuljit.noodle.code.NoodleType_getType_8927064654
[INFO] Running io.basquiat.interfacebbuljit.noodle.code.AddOrNot_valueOf_14194694044
[ERROR] Tests run: 1, Failures: 0, Errors: 1, Skipped: 0, Time elapsed: 0 s <<< FAILURE! - in io.basquiat.interfacebbuljit.noodle.code.AddOrNot_valueOf_14194694044
[ERROR] test  Time elapsed: 0 s  <<< ERROR!
java.lang.NullPointerException: Name is null
	at io.basquiat.interfacebbuljit.noodle.code.AddOrNot_valueOf_14194694044.test(AddOrNot_valueOf_14194694044.java:49)

[INFO] Running io.basquiat.interfacebbuljit.noodle.code.NoodleType_values_4494665916
[INFO] Tests run: 1, Failures: 0, Errors: 0, Skipped: 0, Time elapsed: 0 s - in io.basquiat.interfacebbuljit.noodle.code.NoodleType_values_4494665916
[INFO] Running io.basquiat.interfacebbuljit.noodle.code.NoodleType_getName_69867768211
[INFO] Tests run: 1, Failures: 0, Errors: 0, Skipped: 0, Time elapsed: 0.001 s - in io.basquiat.interfacebbuljit.noodle.code.NoodleType_getName_69867768211
[INFO] Running io.basquiat.interfacebbuljit.noodle.utils.BeansUtils_init_3175687353
[INFO] Tests run: 1, Failures: 0, Errors: 0, Skipped: 0, Time elapsed: 0.002 s - in io.basquiat.interfacebbuljit.noodle.utils.BeansUtils_init_3175687353
[INFO] Running io.basquiat.interfacebbuljit.noodle.utils.BeansUtils_getBean_544417390
[ERROR] Tests run: 1, Failures: 0, Errors: 1, Skipped: 0, Time elapsed: 0.001 s <<< FAILURE! - in io.basquiat.interfacebbuljit.noodle.utils.BeansUtils_getBean_544417390
[ERROR] test  Time elapsed: 0 s  <<< ERROR!
org.springframework.beans.factory.NoSuchBeanDefinitionException: No bean named 'PAEBtnZtTD' available
	at io.basquiat.interfacebbuljit.noodle.utils.BeansUtils_getBean_544417390.test(BeansUtils_getBean_544417390.java:44)

[INFO] Running io.basquiat.interfacebbuljit.noodle.utils.BeansUtils_ESTest
2026-04-08 05:08:11.813  WARN 70 --- [           main] org.evosuite.runtime.sandbox.Sandbox     : Sandbox can be initalized only once
2026-04-08 05:08:11.814 ERROR 70 --- [           main] o.e.r.classhandling.ClassStateSupport    : Found $jacocoInit in class org.springframework.context.ApplicationEventPublisher
2026-04-08 05:08:11.814 ERROR 70 --- [           main] o.e.r.classhandling.ClassStateSupport    : Class io.basquiat.interfacebbuljit.noodle.provider.ApplicationContextProvider$ApplicationContextHolder was not instrumented by EvoSuite. This could happen if you are running JUnit tests in a way that is not handled by EvoSuite, in which some classes are loaded be reflection before the tests are run. Consult the EvoSuite documentation for possible workarounds for this issue.
2026-04-08 05:08:11.814 ERROR 70 --- [           main] o.e.r.classhandling.ClassStateSupport    : Class io.basquiat.interfacebbuljit.noodle.provider.ApplicationContextProvider was not instrumented by EvoSuite. This could happen if you are running JUnit tests in a way that is not handled by EvoSuite, in which some classes are loaded be reflection before the tests are run. Consult the EvoSuite documentation for possible workarounds for this issue.
2026-04-08 05:08:11.814 ERROR 70 --- [           main] o.e.r.classhandling.ClassStateSupport    : Class io.basquiat.interfacebbuljit.noodle.provider.ApplicationContextProvider$InnerPrivateResource was not instrumented by EvoSuite. This could happen if you are running JUnit tests in a way that is not handled by EvoSuite, in which some classes are loaded be reflection before the tests are run. Consult the EvoSuite documentation for possible workarounds for this issue.
2026-04-08 05:08:11.814 ERROR 70 --- [           main] o.e.r.classhandling.ClassStateSupport    : Class io.basquiat.interfacebbuljit.noodle.utils.BeansUtils was not instrumented by EvoSuite. This could happen if you are running JUnit tests in a way that is not handled by EvoSuite, in which some classes are loaded be reflection before the tests are run. Consult the EvoSuite documentation for possible workarounds for this issue.
[ERROR] Tests run: 1, Failures: 0, Errors: 1, Skipped: 0, Time elapsed: 0.004 s <<< FAILURE! - in io.basquiat.interfacebbuljit.noodle.utils.BeansUtils_ESTest
[ERROR] test0  Time elapsed: 0.003 s  <<< ERROR!
org.springframework.beans.factory.NoSuchBeanDefinitionException: No bean named '' available
	at io.basquiat.interfacebbuljit.noodle.utils.BeansUtils_ESTest.test0(BeansUtils_ESTest.java:24)

[INFO] Running io.basquiat.interfacebbuljit.noodle.utils.BeansUtils_getBean_544417392
[ERROR] Tests run: 1, Failures: 0, Errors: 1, Skipped: 0, Time elapsed: 0 s <<< FAILURE! - in io.basquiat.interfacebbuljit.noodle.utils.BeansUtils_getBean_544417392
[ERROR] test  Time elapsed: 0 s  <<< ERROR!
java.lang.IllegalArgumentException: 'name' must not be null
	at io.basquiat.interfacebbuljit.noodle.utils.BeansUtils_getBean_544417392.test(BeansUtils_getBean_544417392.java:46)

[INFO] Running io.basquiat.interfacebbuljit.noodle.utils.BeansUtils_init_3175687351
[INFO] Tests run: 1, Failures: 0, Errors: 0, Skipped: 0, Time elapsed: 0 s - in io.basquiat.interfacebbuljit.noodle.utils.BeansUtils_init_3175687351
[INFO] Running io.basquiat.interfacebbuljit.noodle.domain.dto.NoodleDto_equals_10589089925
[INFO] Tests run: 1, Failures: 0, Errors: 0, Skipped: 0, Time elapsed: 0.002 s - in io.basquiat.interfacebbuljit.noodle.domain.dto.NoodleDto_equals_10589089925
[INFO] Running io.basquiat.interfacebbuljit.noodle.domain.dto.NoodleDto_getTopping_6073933692
[INFO] Tests run: 1, Failures: 0, Errors: 0, Skipped: 0, Time elapsed: 0.001 s - in io.basquiat.interfacebbuljit.noodle.domain.dto.NoodleDto_getTopping_6073933692
[INFO] Running io.basquiat.interfacebbuljit.noodle.domain.dto.NoodleDto_setTopping_7163366314
[INFO] Tests run: 1, Failures: 0, Errors: 0, Skipped: 0, Time elapsed: 0 s - in io.basquiat.interfacebbuljit.noodle.domain.dto.NoodleDto_setTopping_7163366314
[INFO] Running io.basquiat.interfacebbuljit.noodle.domain.dto.NoodleDto_getTopping_60739336913
[INFO] Tests run: 1, Failures: 0, Errors: 0, Skipped: 0, Time elapsed: 0 s - in io.basquiat.interfacebbuljit.noodle.domain.dto.NoodleDto_getTopping_60739336913
[INFO] Running io.basquiat.interfacebbuljit.noodle.domain.dto.NoodleDto_toString_201835535719
[INFO] Tests run: 1, Failures: 0, Errors: 0, Skipped: 0, Time elapsed: 0.002 s - in io.basquiat.interfacebbuljit.noodle.domain.dto.NoodleDto_toString_201835535719
[INFO] Running io.basquiat.interfacebbuljit.noodle.domain.dto.NoodleDto_setNoodleName_4190856313
[INFO] Tests run: 1, Failures: 0, Errors: 0, Skipped: 0, Time elapsed: 0 s - in io.basquiat.interfacebbuljit.noodle.domain.dto.NoodleDto_setNoodleName_4190856313
[INFO] Running io.basquiat.interfacebbuljit.noodle.domain.dto.NoodleDto_NoodleDtoBuilder_toString_4273105144
[INFO] Tests run: 1, Failures: 0, Errors: 0, Skipped: 0, Time elapsed: 0.004 s - in io.basquiat.interfacebbuljit.noodle.domain.dto.NoodleDto_NoodleDtoBuilder_toString_4273105144
[INFO] Running io.basquiat.interfacebbuljit.noodle.domain.dto.NoodleDto_init_17311560889
[INFO] Tests run: 1, Failures: 0, Errors: 0, Skipped: 0, Time elapsed: 0 s - in io.basquiat.interfacebbuljit.noodle.domain.dto.NoodleDto_init_17311560889
[INFO] Running io.basquiat.interfacebbuljit.noodle.domain.dto.NoodleDto_equals_105890899216
[INFO] Tests run: 1, Failures: 0, Errors: 0, Skipped: 0, Time elapsed: 0 s - in io.basquiat.interfacebbuljit.noodle.domain.dto.NoodleDto_equals_105890899216
[INFO] Running io.basquiat.interfacebbuljit.noodle.domain.dto.NoodleDto_getNoodleName_18688067591
[INFO] Tests run: 1, Failures: 0, Errors: 0, Skipped: 0, Time elapsed: 0 s - in io.basquiat.interfacebbuljit.noodle.domain.dto.NoodleDto_getNoodleName_18688067591
[INFO] Running io.basquiat.interfacebbuljit.noodle.domain.dto.NoodleDto_builder_104193083111
[INFO] Tests run: 1, Failures: 0, Errors: 0, Skipped: 0, Time elapsed: 0 s - in io.basquiat.interfacebbuljit.noodle.domain.dto.NoodleDto_builder_104193083111
[INFO] Running io.basquiat.interfacebbuljit.noodle.domain.dto.NoodleDto_hashCode_150759566718
[INFO] Tests run: 1, Failures: 0, Errors: 0, Skipped: 0, Time elapsed: 0 s - in io.basquiat.interfacebbuljit.noodle.domain.dto.NoodleDto_hashCode_150759566718
[INFO] Running io.basquiat.interfacebbuljit.noodle.domain.dto.NoodleDto_NoodleDtoBuilder_topping_8106951322
[INFO] Tests run: 1, Failures: 0, Errors: 0, Skipped: 0, Time elapsed: 0 s - in io.basquiat.interfacebbuljit.noodle.domain.dto.NoodleDto_NoodleDtoBuilder_topping_8106951322
[INFO] Running io.basquiat.interfacebbuljit.noodle.domain.dto.NoodleDto_NoodleDtoBuilder_init_9727663650
[INFO] Tests run: 1, Failures: 0, Errors: 0, Skipped: 0, Time elapsed: 0 s - in io.basquiat.interfacebbuljit.noodle.domain.dto.NoodleDto_NoodleDtoBuilder_init_9727663650
[INFO] Running io.basquiat.interfacebbuljit.noodle.domain.dto.NoodleDto_builder_10419308310
[INFO] Tests run: 1, Failures: 0, Errors: 0, Skipped: 0, Time elapsed: 0 s - in io.basquiat.interfacebbuljit.noodle.domain.dto.NoodleDto_builder_10419308310
[INFO] Running io.basquiat.interfacebbuljit.noodle.domain.dto.NoodleDto_NoodleDtoBuilder_build_20215624723
[INFO] Tests run: 1, Failures: 0, Errors: 0, Skipped: 0, Time elapsed: 0 s - in io.basquiat.interfacebbuljit.noodle.domain.dto.NoodleDto_NoodleDtoBuilder_build_20215624723
[INFO] Running io.basquiat.interfacebbuljit.noodle.domain.dto.NoodleDto_NoodleDtoBuilder_noodleName_6731474986
[INFO] Tests run: 1, Failures: 0, Errors: 0, Skipped: 0, Time elapsed: 0 s - in io.basquiat.interfacebbuljit.noodle.domain.dto.NoodleDto_NoodleDtoBuilder_noodleName_6731474986
[INFO] Running io.basquiat.interfacebbuljit.noodle.domain.dto.NoodleDto_init_173115608820
[INFO] Tests run: 1, Failures: 0, Errors: 0, Skipped: 0, Time elapsed: 0 s - in io.basquiat.interfacebbuljit.noodle.domain.dto.NoodleDto_init_173115608820
[INFO] Running io.basquiat.interfacebbuljit.noodle.domain.dto.NoodleDto_hashCode_15075956677
[INFO] Tests run: 1, Failures: 0, Errors: 0, Skipped: 0, Time elapsed: 0 s - in io.basquiat.interfacebbuljit.noodle.domain.dto.NoodleDto_hashCode_15075956677
[INFO] Running io.basquiat.interfacebbuljit.noodle.domain.dto.NoodleDto_canEqual_25474636317
[INFO] Tests run: 1, Failures: 0, Errors: 0, Skipped: 0, Time elapsed: 0 s - in io.basquiat.interfacebbuljit.noodle.domain.dto.NoodleDto_canEqual_25474636317
[INFO] Running io.basquiat.interfacebbuljit.noodle.domain.dto.NoodleDto_setNoodleName_41908563114
[INFO] Tests run: 1, Failures: 0, Errors: 0, Skipped: 0, Time elapsed: 0 s - in io.basquiat.interfacebbuljit.noodle.domain.dto.NoodleDto_setNoodleName_41908563114
[INFO] Running io.basquiat.interfacebbuljit.noodle.domain.dto.NoodleDto_NoodleDtoBuilder_build_20215624728
[INFO] Tests run: 1, Failures: 0, Errors: 0, Skipped: 0, Time elapsed: 0 s - in io.basquiat.interfacebbuljit.noodle.domain.dto.NoodleDto_NoodleDtoBuilder_build_20215624728
[INFO] Running io.basquiat.interfacebbuljit.noodle.domain.dto.NoodleDto_NoodleDtoBuilder_topping_8106951327
[INFO] Tests run: 1, Failures: 0, Errors: 0, Skipped: 0, Time elapsed: 0 s - in io.basquiat.interfacebbuljit.noodle.domain.dto.NoodleDto_NoodleDtoBuilder_topping_8106951327
[INFO] Running io.basquiat.interfacebbuljit.noodle.domain.dto.NoodleDto_NoodleDtoBuilder_noodleName_6731474981
[INFO] Tests run: 1, Failures: 0, Errors: 0, Skipped: 0, Time elapsed: 0 s - in io.basquiat.interfacebbuljit.noodle.domain.dto.NoodleDto_NoodleDtoBuilder_noodleName_6731474981
[INFO] Running io.basquiat.interfacebbuljit.noodle.domain.dto.NoodleDto_init_16199221710
[INFO] Tests run: 1, Failures: 0, Errors: 0, Skipped: 0, Time elapsed: 0 s - in io.basquiat.interfacebbuljit.noodle.domain.dto.NoodleDto_init_16199221710
[INFO] Running io.basquiat.interfacebbuljit.noodle.domain.dto.NoodleDto_NoodleDtoBuilder_toString_4273105149
[INFO] Tests run: 1, Failures: 0, Errors: 0, Skipped: 0, Time elapsed: 0 s - in io.basquiat.interfacebbuljit.noodle.domain.dto.NoodleDto_NoodleDtoBuilder_toString_4273105149
[INFO] Running io.basquiat.interfacebbuljit.noodle.domain.dto.NoodleDto_init_16199221721
[INFO] Tests run: 1, Failures: 0, Errors: 0, Skipped: 0, Time elapsed: 0 s - in io.basquiat.interfacebbuljit.noodle.domain.dto.NoodleDto_init_16199221721
[INFO] Running io.basquiat.interfacebbuljit.noodle.domain.dto.NoodleDto_canEqual_2547463636
[INFO] Tests run: 1, Failures: 0, Errors: 0, Skipped: 0, Time elapsed: 0 s - in io.basquiat.interfacebbuljit.noodle.domain.dto.NoodleDto_canEqual_2547463636
[INFO] Running io.basquiat.interfacebbuljit.noodle.domain.dto.NoodleDto_toString_20183553578
[INFO] Tests run: 1, Failures: 0, Errors: 0, Skipped: 0, Time elapsed: 0 s - in io.basquiat.interfacebbuljit.noodle.domain.dto.NoodleDto_toString_20183553578
[INFO] Running io.basquiat.interfacebbuljit.noodle.domain.dto.NoodleDto_NoodleDtoBuilder_init_9727663655
[INFO] Tests run: 1, Failures: 0, Errors: 0, Skipped: 0, Time elapsed: 0 s - in io.basquiat.interfacebbuljit.noodle.domain.dto.NoodleDto_NoodleDtoBuilder_init_9727663655
[INFO] Running io.basquiat.interfacebbuljit.noodle.domain.dto.NoodleDto_getNoodleName_186880675912
[INFO] Tests run: 1, Failures: 0, Errors: 0, Skipped: 0, Time elapsed: 0 s - in io.basquiat.interfacebbuljit.noodle.domain.dto.NoodleDto_getNoodleName_186880675912
[INFO] Running io.basquiat.interfacebbuljit.noodle.domain.dto.NoodleDto_setTopping_71633663115
[INFO] Tests run: 1, Failures: 0, Errors: 0, Skipped: 0, Time elapsed: 0 s - in io.basquiat.interfacebbuljit.noodle.domain.dto.NoodleDto_setTopping_71633663115
[INFO] Running io.basquiat.interfacebbuljit.noodle.domain.ResponseResult_equals_19975491561
[INFO] Tests run: 1, Failures: 0, Errors: 0, Skipped: 0, Time elapsed: 0 s - in io.basquiat.interfacebbuljit.noodle.domain.ResponseResult_equals_19975491561
[INFO] Running io.basquiat.interfacebbuljit.noodle.domain.ResponseResult_init_8623731559
[INFO] Tests run: 1, Failures: 0, Errors: 0, Skipped: 0, Time elapsed: 0 s - in io.basquiat.interfacebbuljit.noodle.domain.ResponseResult_init_8623731559
[INFO] Running io.basquiat.interfacebbuljit.noodle.domain.ResponseResult_hashCode_18487314658
[INFO] Tests run: 1, Failures: 0, Errors: 0, Skipped: 0, Time elapsed: 0 s - in io.basquiat.interfacebbuljit.noodle.domain.ResponseResult_hashCode_18487314658
[INFO] Running io.basquiat.interfacebbuljit.noodle.domain.ResponseResult_init_8623731554
[INFO] Tests run: 1, Failures: 0, Errors: 0, Skipped: 0, Time elapsed: 0 s - in io.basquiat.interfacebbuljit.noodle.domain.ResponseResult_init_8623731554
[INFO] Running io.basquiat.interfacebbuljit.noodle.domain.ResponseResult_responseResult_7070775565
[INFO] Tests run: 1, Failures: 0, Errors: 0, Skipped: 0, Time elapsed: 0 s - in io.basquiat.interfacebbuljit.noodle.domain.ResponseResult_responseResult_7070775565
[INFO] Running io.basquiat.interfacebbuljit.noodle.domain.ResponseResult_ESTest
2026-04-08 05:08:11.861  WARN 70 --- [           main] org.evosuite.runtime.sandbox.Sandbox     : Sandbox can be initalized only once
2026-04-08 05:08:11.862 ERROR 70 --- [           main] o.e.r.classhandling.ClassStateSupport    : Class io.basquiat.interfacebbuljit.noodle.domain.ResponseResult was not instrumented by EvoSuite. This could happen if you are running JUnit tests in a way that is not handled by EvoSuite, in which some classes are loaded be reflection before the tests are run. Consult the EvoSuite documentation for possible workarounds for this issue.
[INFO] Tests run: 10, Failures: 0, Errors: 0, Skipped: 0, Time elapsed: 0.005 s - in io.basquiat.interfacebbuljit.noodle.domain.ResponseResult_ESTest
[INFO] Running io.basquiat.interfacebbuljit.noodle.domain.ResponseResult_responseResult_7070775560
[INFO] Tests run: 1, Failures: 0, Errors: 0, Skipped: 0, Time elapsed: 0 s - in io.basquiat.interfacebbuljit.noodle.domain.ResponseResult_responseResult_7070775560
[INFO] Running io.basquiat.interfacebbuljit.noodle.domain.ResponseResult_canEqual_11933865272
[INFO] Tests run: 1, Failures: 0, Errors: 0, Skipped: 0, Time elapsed: 0 s - in io.basquiat.interfacebbuljit.noodle.domain.ResponseResult_canEqual_11933865272
[INFO] Running io.basquiat.interfacebbuljit.noodle.domain.ResponseResult_equals_19975491566
[INFO] Tests run: 1, Failures: 0, Errors: 0, Skipped: 0, Time elapsed: 0 s - in io.basquiat.interfacebbuljit.noodle.domain.ResponseResult_equals_19975491566
[INFO] Running io.basquiat.interfacebbuljit.noodle.domain.ResponseResult_hashCode_18487314653
[INFO] Tests run: 1, Failures: 0, Errors: 0, Skipped: 0, Time elapsed: 0 s - in io.basquiat.interfacebbuljit.noodle.domain.ResponseResult_hashCode_18487314653
[INFO] Running io.basquiat.interfacebbuljit.noodle.domain.vo.Topping_init_3790970780
[INFO] Tests run: 1, Failures: 0, Errors: 0, Skipped: 0, Time elapsed: 0 s - in io.basquiat.interfacebbuljit.noodle.domain.vo.Topping_init_3790970780
[INFO] Running io.basquiat.interfacebbuljit.noodle.domain.vo.Topping_equals_49302232715
[INFO] Tests run: 1, Failures: 0, Errors: 0, Skipped: 0, Time elapsed: 0 s - in io.basquiat.interfacebbuljit.noodle.domain.vo.Topping_equals_49302232715
[INFO] Running io.basquiat.interfacebbuljit.noodle.domain.vo.Topping_getEgg_54986124510
[INFO] Tests run: 1, Failures: 0, Errors: 0, Skipped: 0, Time elapsed: 0 s - in io.basquiat.interfacebbuljit.noodle.domain.vo.Topping_getEgg_54986124510
[INFO] Running io.basquiat.interfacebbuljit.noodle.domain.vo.Topping_getSpicySource_12531624055
[INFO] Tests run: 1, Failures: 0, Errors: 0, Skipped: 0, Time elapsed: 0 s - in io.basquiat.interfacebbuljit.noodle.domain.vo.Topping_getSpicySource_12531624055
[INFO] Running io.basquiat.interfacebbuljit.noodle.domain.vo.Topping_init_3790970789
[INFO] Tests run: 1, Failures: 0, Errors: 0, Skipped: 0, Time elapsed: 0 s - in io.basquiat.interfacebbuljit.noodle.domain.vo.Topping_init_3790970789
[INFO] Running io.basquiat.interfacebbuljit.noodle.domain.vo.Topping_getPeanutButter_108838181313
[INFO] Tests run: 1, Failures: 0, Errors: 0, Skipped: 0, Time elapsed: 0 s - in io.basquiat.interfacebbuljit.noodle.domain.vo.Topping_getPeanutButter_108838181313
[INFO] Running io.basquiat.interfacebbuljit.noodle.domain.vo.Topping_hashCode_94170900216
[INFO] Tests run: 1, Failures: 0, Errors: 0, Skipped: 0, Time elapsed: 0 s - in io.basquiat.interfacebbuljit.noodle.domain.vo.Topping_hashCode_94170900216
[INFO] Running io.basquiat.interfacebbuljit.noodle.domain.vo.Topping_getSpicySource_125316240514
[INFO] Tests run: 1, Failures: 0, Errors: 0, Skipped: 0, Time elapsed: 0 s - in io.basquiat.interfacebbuljit.noodle.domain.vo.Topping_getSpicySource_125316240514
[INFO] Running io.basquiat.interfacebbuljit.noodle.domain.vo.Topping_getGarlicFlake_17612562193
[INFO] Tests run: 1, Failures: 0, Errors: 0, Skipped: 0, Time elapsed: 0 s - in io.basquiat.interfacebbuljit.noodle.domain.vo.Topping_getGarlicFlake_17612562193
[INFO] Running io.basquiat.interfacebbuljit.noodle.domain.vo.Topping_toString_14524686928
[INFO] Tests run: 1, Failures: 0, Errors: 0, Skipped: 0, Time elapsed: 0 s - in io.basquiat.interfacebbuljit.noodle.domain.vo.Topping_toString_14524686928
[INFO] Running io.basquiat.interfacebbuljit.noodle.domain.vo.Topping_ESTest
2026-04-08 05:08:11.883  WARN 70 --- [           main] org.evosuite.runtime.sandbox.Sandbox     : Sandbox can be initalized only once
2026-04-08 05:08:11.884 ERROR 70 --- [           main] o.e.r.classhandling.ClassStateSupport    : Class io.basquiat.interfacebbuljit.noodle.code.AddOrNot was not instrumented by EvoSuite. This could happen if you are running JUnit tests in a way that is not handled by EvoSuite, in which some classes are loaded be reflection before the tests are run. Consult the EvoSuite documentation for possible workarounds for this issue.
2026-04-08 05:08:11.884 ERROR 70 --- [           main] o.e.r.classhandling.ClassStateSupport    : Class io.basquiat.interfacebbuljit.noodle.domain.vo.Topping was not instrumented by EvoSuite. This could happen if you are running JUnit tests in a way that is not handled by EvoSuite, in which some classes are loaded be reflection before the tests are run. Consult the EvoSuite documentation for possible workarounds for this issue.
[INFO] Tests run: 31, Failures: 0, Errors: 0, Skipped: 0, Time elapsed: 0.024 s - in io.basquiat.interfacebbuljit.noodle.domain.vo.Topping_ESTest
[INFO] Running io.basquiat.interfacebbuljit.noodle.domain.vo.Topping_getRice_173734271711
[INFO] Tests run: 1, Failures: 0, Errors: 0, Skipped: 0, Time elapsed: 0 s - in io.basquiat.interfacebbuljit.noodle.domain.vo.Topping_getRice_173734271711
[INFO] Running io.basquiat.interfacebbuljit.noodle.domain.vo.Topping_getRice_17373427172
[INFO] Tests run: 1, Failures: 0, Errors: 0, Skipped: 0, Time elapsed: 0 s - in io.basquiat.interfacebbuljit.noodle.domain.vo.Topping_getRice_17373427172
[INFO] Running io.basquiat.interfacebbuljit.noodle.domain.vo.Topping_getEgg_5498612451
[INFO] Tests run: 1, Failures: 0, Errors: 0, Skipped: 0, Time elapsed: 0 s - in io.basquiat.interfacebbuljit.noodle.domain.vo.Topping_getEgg_5498612451
[INFO] Running io.basquiat.interfacebbuljit.noodle.domain.vo.Topping_equals_4930223276
[INFO] Tests run: 1, Failures: 0, Errors: 0, Skipped: 0, Time elapsed: 0 s - in io.basquiat.interfacebbuljit.noodle.domain.vo.Topping_equals_4930223276
[INFO] Running io.basquiat.interfacebbuljit.noodle.domain.vo.Topping_hashCode_9417090027
[INFO] Tests run: 1, Failures: 0, Errors: 0, Skipped: 0, Time elapsed: 0 s - in io.basquiat.interfacebbuljit.noodle.domain.vo.Topping_hashCode_9417090027
[INFO] Running io.basquiat.interfacebbuljit.noodle.domain.vo.Topping_getGarlicFlake_176125621912
[INFO] Tests run: 1, Failures: 0, Errors: 0, Skipped: 0, Time elapsed: 0 s - in io.basquiat.interfacebbuljit.noodle.domain.vo.Topping_getGarlicFlake_176125621912
[INFO] Running io.basquiat.interfacebbuljit.noodle.domain.vo.Topping_toString_145246869217
[INFO] Tests run: 1, Failures: 0, Errors: 0, Skipped: 0, Time elapsed: 0 s - in io.basquiat.interfacebbuljit.noodle.domain.vo.Topping_toString_145246869217
[INFO] Running io.basquiat.interfacebbuljit.noodle.domain.vo.Topping_getPeanutButter_10883818134
[INFO] Tests run: 1, Failures: 0, Errors: 0, Skipped: 0, Time elapsed: 0 s - in io.basquiat.interfacebbuljit.noodle.domain.vo.Topping_getPeanutButter_10883818134
[INFO] Running io.basquiat.interfacebbuljit.noodle.domain.ResponseResult_canEqual_11933865277
[INFO] Tests run: 1, Failures: 0, Errors: 0, Skipped: 0, Time elapsed: 0 s - in io.basquiat.interfacebbuljit.noodle.domain.ResponseResult_canEqual_11933865277
[INFO] Running io.basquiat.interfacebbuljit.noodle.service.LamyeonService_cooking_1895158542
[INFO] Tests run: 1, Failures: 0, Errors: 0, Skipped: 0, Time elapsed: 0 s - in io.basquiat.interfacebbuljit.noodle.service.LamyeonService_cooking_1895158542
[INFO] Running io.basquiat.interfacebbuljit.noodle.service.VietnamnoodleService_ESTest
2026-04-08 05:08:11.919  WARN 70 --- [           main] org.evosuite.runtime.sandbox.Sandbox     : Sandbox can be initalized only once
2026-04-08 05:08:11.920 ERROR 70 --- [           main] o.e.r.classhandling.ClassStateSupport    : Class io.basquiat.interfacebbuljit.noodle.code.AddOrNot was not instrumented by EvoSuite. This could happen if you are running JUnit tests in a way that is not handled by EvoSuite, in which some classes are loaded be reflection before the tests are run. Consult the EvoSuite documentation for possible workarounds for this issue.
2026-04-08 05:08:11.920 ERROR 70 --- [           main] o.e.r.classhandling.ClassStateSupport    : Class io.basquiat.interfacebbuljit.noodle.domain.dto.NoodleDto was not instrumented by EvoSuite. This could happen if you are running JUnit tests in a way that is not handled by EvoSuite, in which some classes are loaded be reflection before the tests are run. Consult the EvoSuite documentation for possible workarounds for this issue.
2026-04-08 05:08:11.920 ERROR 70 --- [           main] o.e.r.classhandling.ClassStateSupport    : Class io.basquiat.interfacebbuljit.noodle.domain.vo.Topping was not instrumented by EvoSuite. This could happen if you are running JUnit tests in a way that is not handled by EvoSuite, in which some classes are loaded be reflection before the tests are run. Consult the EvoSuite documentation for possible workarounds for this issue.
2026-04-08 05:08:11.920 ERROR 70 --- [           main] o.e.r.classhandling.ClassStateSupport    : Class io.basquiat.interfacebbuljit.noodle.code.NoodleType was not instrumented by EvoSuite. This could happen if you are running JUnit tests in a way that is not handled by EvoSuite, in which some classes are loaded be reflection before the tests are run. Consult the EvoSuite documentation for possible workarounds for this issue.
2026-04-08 05:08:11.920 ERROR 70 --- [           main] o.e.r.classhandling.ClassStateSupport    : Class io.basquiat.interfacebbuljit.noodle.service.VietnamnoodleService was not instrumented by EvoSuite. This could happen if you are running JUnit tests in a way that is not handled by EvoSuite, in which some classes are loaded be reflection before the tests are run. Consult the EvoSuite documentation for possible workarounds for this issue.
2026-04-08 05:08:11.920 ERROR 70 --- [           main] o.e.r.classhandling.ClassStateSupport    : Class io.basquiat.interfacebbuljit.noodle.domain.ResponseResult was not instrumented by EvoSuite. This could happen if you are running JUnit tests in a way that is not handled by EvoSuite, in which some classes are loaded be reflection before the tests are run. Consult the EvoSuite documentation for possible workarounds for this issue.
2026-04-08 05:08:11.920 ERROR 70 --- [           main] o.e.r.classhandling.ClassStateSupport    : Class io.basquiat.interfacebbuljit.noodle.domain.dto.NoodleDto$NoodleDtoBuilder was not instrumented by EvoSuite. This could happen if you are running JUnit tests in a way that is not handled by EvoSuite, in which some classes are loaded be reflection before the tests are run. Consult the EvoSuite documentation for possible workarounds for this issue.
[INFO] Tests run: 1, Failures: 0, Errors: 0, Skipped: 0, Time elapsed: 0.002 s - in io.basquiat.interfacebbuljit.noodle.service.VietnamnoodleService_ESTest
[INFO] Running io.basquiat.interfacebbuljit.noodle.service.PastaService_init_15685860291
[INFO] Tests run: 1, Failures: 0, Errors: 0, Skipped: 0, Time elapsed: 0 s - in io.basquiat.interfacebbuljit.noodle.service.PastaService_init_15685860291
[INFO] Running io.basquiat.interfacebbuljit.noodle.service.VietnamnoodleService_init_11001453711
[INFO] Tests run: 1, Failures: 0, Errors: 0, Skipped: 0, Time elapsed: 0 s - in io.basquiat.interfacebbuljit.noodle.service.VietnamnoodleService_init_11001453711
[INFO] Running io.basquiat.interfacebbuljit.noodle.service.NoodleService_init_1925805611
[INFO] Tests run: 1, Failures: 0, Errors: 0, Skipped: 0, Time elapsed: 0 s - in io.basquiat.interfacebbuljit.noodle.service.NoodleService_init_1925805611
[INFO] Running io.basquiat.interfacebbuljit.noodle.service.PastaService_init_15685860293
[INFO] Tests run: 1, Failures: 0, Errors: 0, Skipped: 0, Time elapsed: 0 s - in io.basquiat.interfacebbuljit.noodle.service.PastaService_init_15685860293
[INFO] Running io.basquiat.interfacebbuljit.noodle.service.PastaService_cooking_10672043142
[INFO] Tests run: 1, Failures: 0, Errors: 0, Skipped: 0, Time elapsed: 0 s - in io.basquiat.interfacebbuljit.noodle.service.PastaService_cooking_10672043142
[INFO] Running io.basquiat.interfacebbuljit.noodle.service.NaengmyeonService_init_11402204331
[INFO] Tests run: 1, Failures: 0, Errors: 0, Skipped: 0, Time elapsed: 0 s - in io.basquiat.interfacebbuljit.noodle.service.NaengmyeonService_init_11402204331
[INFO] Running io.basquiat.interfacebbuljit.noodle.service.NaengmyeonService_ESTest
2026-04-08 05:08:11.926  WARN 70 --- [           main] org.evosuite.runtime.sandbox.Sandbox     : Sandbox can be initalized only once
2026-04-08 05:08:11.927 ERROR 70 --- [           main] o.e.r.classhandling.ClassStateSupport    : Class io.basquiat.interfacebbuljit.noodle.code.AddOrNot was not instrumented by EvoSuite. This could happen if you are running JUnit tests in a way that is not handled by EvoSuite, in which some classes are loaded be reflection before the tests are run. Consult the EvoSuite documentation for possible workarounds for this issue.
2026-04-08 05:08:11.927 ERROR 70 --- [           main] o.e.r.classhandling.ClassStateSupport    : Class io.basquiat.interfacebbuljit.noodle.domain.dto.NoodleDto was not instrumented by EvoSuite. This could happen if you are running JUnit tests in a way that is not handled by EvoSuite, in which some classes are loaded be reflection before the tests are run. Consult the EvoSuite documentation for possible workarounds for this issue.
2026-04-08 05:08:11.927 ERROR 70 --- [           main] o.e.r.classhandling.ClassStateSupport    : Class io.basquiat.interfacebbuljit.noodle.service.NaengmyeonService was not instrumented by EvoSuite. This could happen if you are running JUnit tests in a way that is not handled by EvoSuite, in which some classes are loaded be reflection before the tests are run. Consult the EvoSuite documentation for possible workarounds for this issue.
2026-04-08 05:08:11.927 ERROR 70 --- [           main] o.e.r.classhandling.ClassStateSupport    : Class io.basquiat.interfacebbuljit.noodle.domain.vo.Topping was not instrumented by EvoSuite. This could happen if you are running JUnit tests in a way that is not handled by EvoSuite, in which some classes are loaded be reflection before the tests are run. Consult the EvoSuite documentation for possible workarounds for this issue.
2026-04-08 05:08:11.927 ERROR 70 --- [           main] o.e.r.classhandling.ClassStateSupport    : Class io.basquiat.interfacebbuljit.noodle.code.NoodleType was not instrumented by EvoSuite. This could happen if you are running JUnit tests in a way that is not handled by EvoSuite, in which some classes are loaded be reflection before the tests are run. Consult the EvoSuite documentation for possible workarounds for this issue.
2026-04-08 05:08:11.927 ERROR 70 --- [           main] o.e.r.classhandling.ClassStateSupport    : Class io.basquiat.interfacebbuljit.noodle.domain.ResponseResult was not instrumented by EvoSuite. This could happen if you are running JUnit tests in a way that is not handled by EvoSuite, in which some classes are loaded be reflection before the tests are run. Consult the EvoSuite documentation for possible workarounds for this issue.
2026-04-08 05:08:11.927 ERROR 70 --- [           main] o.e.r.classhandling.ClassStateSupport    : Class io.basquiat.interfacebbuljit.noodle.domain.dto.NoodleDto$NoodleDtoBuilder was not instrumented by EvoSuite. This could happen if you are running JUnit tests in a way that is not handled by EvoSuite, in which some classes are loaded be reflection before the tests are run. Consult the EvoSuite documentation for possible workarounds for this issue.
[INFO] Tests run: 1, Failures: 0, Errors: 0, Skipped: 0, Time elapsed: 0.002 s - in io.basquiat.interfacebbuljit.noodle.service.NaengmyeonService_ESTest
[INFO] Running io.basquiat.interfacebbuljit.noodle.service.NoodleService_ESTest
2026-04-08 05:08:11.929  WARN 70 --- [           main] org.evosuite.runtime.sandbox.Sandbox     : Sandbox can be initalized only once
2026-04-08 05:08:11.930 ERROR 70 --- [           main] o.e.r.classhandling.ClassStateSupport    : Found $jacocoInit in class org.springframework.context.ApplicationEventPublisher
2026-04-08 05:08:11.930 ERROR 70 --- [           main] o.e.r.classhandling.ClassStateSupport    : Class io.basquiat.interfacebbuljit.noodle.service.LamyeonService was not instrumented by EvoSuite. This could happen if you are running JUnit tests in a way that is not handled by EvoSuite, in which some classes are loaded be reflection before the tests are run. Consult the EvoSuite documentation for possible workarounds for this issue.
2026-04-08 05:08:11.930 ERROR 70 --- [           main] o.e.r.classhandling.ClassStateSupport    : Class io.basquiat.interfacebbuljit.noodle.provider.ApplicationContextProvider$ApplicationContextHolder was not instrumented by EvoSuite. This could happen if you are running JUnit tests in a way that is not handled by EvoSuite, in which some classes are loaded be reflection before the tests are run. Consult the EvoSuite documentation for possible workarounds for this issue.
2026-04-08 05:08:11.930 ERROR 70 --- [           main] o.e.r.classhandling.ClassStateSupport    : Class io.basquiat.interfacebbuljit.noodle.domain.dto.NoodleDto was not instrumented by EvoSuite. This could happen if you are running JUnit tests in a way that is not handled by EvoSuite, in which some classes are loaded be reflection before the tests are run. Consult the EvoSuite documentation for possible workarounds for this issue.
2026-04-08 05:08:11.930 ERROR 70 --- [           main] o.e.r.classhandling.ClassStateSupport    : Class io.basquiat.interfacebbuljit.noodle.service.NaengmyeonService was not instrumented by EvoSuite. This could happen if you are running JUnit tests in a way that is not handled by EvoSuite, in which some classes are loaded be reflection before the tests are run. Consult the EvoSuite documentation for possible workarounds for this issue.
2026-04-08 05:08:11.930 ERROR 70 --- [           main] o.e.r.classhandling.ClassStateSupport    : Class io.basquiat.interfacebbuljit.noodle.domain.ResponseResult was not instrumented by EvoSuite. This could happen if you are running JUnit tests in a way that is not handled by EvoSuite, in which some classes are loaded be reflection before the tests are run. Consult the EvoSuite documentation for possible workarounds for this issue.
2026-04-08 05:08:11.930 ERROR 70 --- [           main] o.e.r.classhandling.ClassStateSupport    : Class io.basquiat.interfacebbuljit.noodle.provider.ApplicationContextProvider was not instrumented by EvoSuite. This could happen if you are running JUnit tests in a way that is not handled by EvoSuite, in which some classes are loaded be reflection before the tests are run. Consult the EvoSuite documentation for possible workarounds for this issue.
2026-04-08 05:08:11.930 ERROR 70 --- [           main] o.e.r.classhandling.ClassStateSupport    : Class io.basquiat.interfacebbuljit.noodle.provider.ApplicationContextProvider$InnerPrivateResource was not instrumented by EvoSuite. This could happen if you are running JUnit tests in a way that is not handled by EvoSuite, in which some classes are loaded be reflection before the tests are run. Consult the EvoSuite documentation for possible workarounds for this issue.
2026-04-08 05:08:11.930 ERROR 70 --- [           main] o.e.r.classhandling.ClassStateSupport    : Class io.basquiat.interfacebbuljit.noodle.utils.BeansUtils was not instrumented by EvoSuite. This could happen if you are running JUnit tests in a way that is not handled by EvoSuite, in which some classes are loaded be reflection before the tests are run. Consult the EvoSuite documentation for possible workarounds for this issue.
2026-04-08 05:08:11.930 ERROR 70 --- [           main] o.e.r.classhandling.ClassStateSupport    : Class io.basquiat.interfacebbuljit.noodle.domain.vo.Topping was not instrumented by EvoSuite. This could happen if you are running JUnit tests in a way that is not handled by EvoSuite, in which some classes are loaded be reflection before the tests are run. Consult the EvoSuite documentation for possible workarounds for this issue.
2026-04-08 05:08:11.931 ERROR 70 --- [           main] o.e.r.classhandling.ClassStateSupport    : Class io.basquiat.interfacebbuljit.noodle.code.NoodleType was not instrumented by EvoSuite. This could happen if you are running JUnit tests in a way that is not handled by EvoSuite, in which some classes are loaded be reflection before the tests are run. Consult the EvoSuite documentation for possible workarounds for this issue.
2026-04-08 05:08:11.931 ERROR 70 --- [           main] o.e.r.classhandling.ClassStateSupport    : Class io.basquiat.interfacebbuljit.noodle.service.NoodleService was not instrumented by EvoSuite. This could happen if you are running JUnit tests in a way that is not handled by EvoSuite, in which some classes are loaded be reflection before the tests are run. Consult the EvoSuite documentation for possible workarounds for this issue.
2026-04-08 05:08:11.931 ERROR 70 --- [           main] o.e.r.classhandling.ClassStateSupport    : Class io.basquiat.interfacebbuljit.noodle.domain.dto.NoodleDto$NoodleDtoBuilder was not instrumented by EvoSuite. This could happen if you are running JUnit tests in a way that is not handled by EvoSuite, in which some classes are loaded be reflection before the tests are run. Consult the EvoSuite documentation for possible workarounds for this issue.
2026-04-08 05:08:11.931 ERROR 70 --- [           main] o.e.r.classhandling.ClassStateSupport    : Class io.basquiat.interfacebbuljit.noodle.code.AddOrNot was not instrumented by EvoSuite. This could happen if you are running JUnit tests in a way that is not handled by EvoSuite, in which some classes are loaded be reflection before the tests are run. Consult the EvoSuite documentation for possible workarounds for this issue.
2026-04-08 05:08:11.931 ERROR 70 --- [           main] o.e.r.classhandling.ClassStateSupport    : Class io.basquiat.interfacebbuljit.noodle.service.PastaService was not instrumented by EvoSuite. This could happen if you are running JUnit tests in a way that is not handled by EvoSuite, in which some classes are loaded be reflection before the tests are run. Consult the EvoSuite documentation for possible workarounds for this issue.
2026-04-08 05:08:11.931 ERROR 70 --- [           main] o.e.r.classhandling.ClassStateSupport    : Class io.basquiat.interfacebbuljit.noodle.service.VietnamnoodleService was not instrumented by EvoSuite. This could happen if you are running JUnit tests in a way that is not handled by EvoSuite, in which some classes are loaded be reflection before the tests are run. Consult the EvoSuite documentation for possible workarounds for this issue.
[INFO] Tests run: 1, Failures: 0, Errors: 0, Skipped: 0, Time elapsed: 0.002 s - in io.basquiat.interfacebbuljit.noodle.service.NoodleService_ESTest
[INFO] Running io.basquiat.interfacebbuljit.noodle.service.NaengmyeonService_cooking_16416021482
[INFO] Tests run: 1, Failures: 0, Errors: 0, Skipped: 0, Time elapsed: 0 s - in io.basquiat.interfacebbuljit.noodle.service.NaengmyeonService_cooking_16416021482
[INFO] Running io.basquiat.interfacebbuljit.noodle.service.LamyeonService_init_6908975693
[INFO] Tests run: 1, Failures: 0, Errors: 0, Skipped: 0, Time elapsed: 0 s - in io.basquiat.interfacebbuljit.noodle.service.LamyeonService_init_6908975693
[INFO] Running io.basquiat.interfacebbuljit.noodle.service.VietnamnoodleService_init_11001453713
[INFO] Tests run: 1, Failures: 0, Errors: 0, Skipped: 0, Time elapsed: 0 s - in io.basquiat.interfacebbuljit.noodle.service.VietnamnoodleService_init_11001453713
[INFO] Running io.basquiat.interfacebbuljit.noodle.service.LamyeonService_ESTest
2026-04-08 05:08:11.935  WARN 70 --- [           main] org.evosuite.runtime.sandbox.Sandbox     : Sandbox can be initalized only once
2026-04-08 05:08:11.935 ERROR 70 --- [           main] o.e.r.classhandling.ClassStateSupport    : Class io.basquiat.interfacebbuljit.noodle.service.LamyeonService was not instrumented by EvoSuite. This could happen if you are running JUnit tests in a way that is not handled by EvoSuite, in which some classes are loaded be reflection before the tests are run. Consult the EvoSuite documentation for possible workarounds for this issue.
2026-04-08 05:08:11.935 ERROR 70 --- [           main] o.e.r.classhandling.ClassStateSupport    : Class io.basquiat.interfacebbuljit.noodle.code.AddOrNot was not instrumented by EvoSuite. This could happen if you are running JUnit tests in a way that is not handled by EvoSuite, in which some classes are loaded be reflection before the tests are run. Consult the EvoSuite documentation for possible workarounds for this issue.
2026-04-08 05:08:11.935 ERROR 70 --- [           main] o.e.r.classhandling.ClassStateSupport    : Class io.basquiat.interfacebbuljit.noodle.domain.dto.NoodleDto was not instrumented by EvoSuite. This could happen if you are running JUnit tests in a way that is not handled by EvoSuite, in which some classes are loaded be reflection before the tests are run. Consult the EvoSuite documentation for possible workarounds for this issue.
2026-04-08 05:08:11.935 ERROR 70 --- [           main] o.e.r.classhandling.ClassStateSupport    : Class io.basquiat.interfacebbuljit.noodle.domain.vo.Topping was not instrumented by EvoSuite. This could happen if you are running JUnit tests in a way that is not handled by EvoSuite, in which some classes are loaded be reflection before the tests are run. Consult the EvoSuite documentation for possible workarounds for this issue.
2026-04-08 05:08:11.935 ERROR 70 --- [           main] o.e.r.classhandling.ClassStateSupport    : Class io.basquiat.interfacebbuljit.noodle.code.NoodleType was not instrumented by EvoSuite. This could happen if you are running JUnit tests in a way that is not handled by EvoSuite, in which some classes are loaded be reflection before the tests are run. Consult the EvoSuite documentation for possible workarounds for this issue.
2026-04-08 05:08:11.935 ERROR 70 --- [           main] o.e.r.classhandling.ClassStateSupport    : Class io.basquiat.interfacebbuljit.noodle.domain.ResponseResult was not instrumented by EvoSuite. This could happen if you are running JUnit tests in a way that is not handled by EvoSuite, in which some classes are loaded be reflection before the tests are run. Consult the EvoSuite documentation for possible workarounds for this issue.
2026-04-08 05:08:11.935 ERROR 70 --- [           main] o.e.r.classhandling.ClassStateSupport    : Class io.basquiat.interfacebbuljit.noodle.domain.dto.NoodleDto$NoodleDtoBuilder was not instrumented by EvoSuite. This could happen if you are running JUnit tests in a way that is not handled by EvoSuite, in which some classes are loaded be reflection before the tests are run. Consult the EvoSuite documentation for possible workarounds for this issue.
[INFO] Tests run: 1, Failures: 0, Errors: 0, Skipped: 0, Time elapsed: 0.001 s - in io.basquiat.interfacebbuljit.noodle.service.LamyeonService_ESTest
[INFO] Running io.basquiat.interfacebbuljit.noodle.service.LamyeonService_cooking_1895158540
[INFO] Tests run: 1, Failures: 0, Errors: 0, Skipped: 0, Time elapsed: 0 s - in io.basquiat.interfacebbuljit.noodle.service.LamyeonService_cooking_1895158540
[INFO] Running io.basquiat.interfacebbuljit.noodle.service.VietnamnoodleService_cooking_16015270860
[INFO] Tests run: 1, Failures: 0, Errors: 0, Skipped: 0, Time elapsed: 0 s - in io.basquiat.interfacebbuljit.noodle.service.VietnamnoodleService_cooking_16015270860
[INFO] Running io.basquiat.interfacebbuljit.noodle.service.PastaService_cooking_10672043140
[INFO] Tests run: 1, Failures: 0, Errors: 0, Skipped: 0, Time elapsed: 0 s - in io.basquiat.interfacebbuljit.noodle.service.PastaService_cooking_10672043140
[INFO] Running io.basquiat.interfacebbuljit.noodle.service.NoodleService_routeNoodleRecipe_4829285290
[INFO] Tests run: 1, Failures: 0, Errors: 0, Skipped: 0, Time elapsed: 0 s - in io.basquiat.interfacebbuljit.noodle.service.NoodleService_routeNoodleRecipe_4829285290
[INFO] Running io.basquiat.interfacebbuljit.noodle.service.NoodleService_init_1925805613
[INFO] Tests run: 1, Failures: 0, Errors: 0, Skipped: 0, Time elapsed: 0 s - in io.basquiat.interfacebbuljit.noodle.service.NoodleService_init_1925805613
[INFO] Running io.basquiat.interfacebbuljit.noodle.service.VietnamnoodleService_cooking_16015270862
[INFO] Tests run: 1, Failures: 0, Errors: 0, Skipped: 0, Time elapsed: 0 s - in io.basquiat.interfacebbuljit.noodle.service.VietnamnoodleService_cooking_16015270862
[INFO] Running io.basquiat.interfacebbuljit.noodle.service.NaengmyeonService_init_11402204333
[INFO] Tests run: 1, Failures: 0, Errors: 0, Skipped: 0, Time elapsed: 0 s - in io.basquiat.interfacebbuljit.noodle.service.NaengmyeonService_init_11402204333
[INFO] Running io.basquiat.interfacebbuljit.noodle.service.NaengmyeonService_cooking_16416021480
[INFO] Tests run: 1, Failures: 0, Errors: 0, Skipped: 0, Time elapsed: 0 s - in io.basquiat.interfacebbuljit.noodle.service.NaengmyeonService_cooking_16416021480
[INFO] Running io.basquiat.interfacebbuljit.noodle.service.NoodleService_routeNoodleRecipe_4829285292
[INFO] Tests run: 1, Failures: 0, Errors: 0, Skipped: 0, Time elapsed: 0 s - in io.basquiat.interfacebbuljit.noodle.service.NoodleService_routeNoodleRecipe_4829285292
[INFO] Running io.basquiat.interfacebbuljit.noodle.service.LamyeonService_init_6908975691
[INFO] Tests run: 1, Failures: 0, Errors: 0, Skipped: 0, Time elapsed: 0 s - in io.basquiat.interfacebbuljit.noodle.service.LamyeonService_init_6908975691
[INFO] Running io.basquiat.interfacebbuljit.noodle.service.PastaService_ESTest
2026-04-08 05:08:11.946  WARN 70 --- [           main] org.evosuite.runtime.sandbox.Sandbox     : Sandbox can be initalized only once
2026-04-08 05:08:11.947 ERROR 70 --- [           main] o.e.r.classhandling.ClassStateSupport    : Class io.basquiat.interfacebbuljit.noodle.code.AddOrNot was not instrumented by EvoSuite. This could happen if you are running JUnit tests in a way that is not handled by EvoSuite, in which some classes are loaded be reflection before the tests are run. Consult the EvoSuite documentation for possible workarounds for this issue.
2026-04-08 05:08:11.947 ERROR 70 --- [           main] o.e.r.classhandling.ClassStateSupport    : Class io.basquiat.interfacebbuljit.noodle.service.PastaService was not instrumented by EvoSuite. This could happen if you are running JUnit tests in a way that is not handled by EvoSuite, in which some classes are loaded be reflection before the tests are run. Consult the EvoSuite documentation for possible workarounds for this issue.
2026-04-08 05:08:11.947 ERROR 70 --- [           main] o.e.r.classhandling.ClassStateSupport    : Class io.basquiat.interfacebbuljit.noodle.domain.dto.NoodleDto was not instrumented by EvoSuite. This could happen if you are running JUnit tests in a way that is not handled by EvoSuite, in which some classes are loaded be reflection before the tests are run. Consult the EvoSuite documentation for possible workarounds for this issue.
2026-04-08 05:08:11.947 ERROR 70 --- [           main] o.e.r.classhandling.ClassStateSupport    : Class io.basquiat.interfacebbuljit.noodle.domain.vo.Topping was not instrumented by EvoSuite. This could happen if you are running JUnit tests in a way that is not handled by EvoSuite, in which some classes are loaded be reflection before the tests are run. Consult the EvoSuite documentation for possible workarounds for this issue.
2026-04-08 05:08:11.947 ERROR 70 --- [           main] o.e.r.classhandling.ClassStateSupport    : Class io.basquiat.interfacebbuljit.noodle.code.NoodleType was not instrumented by EvoSuite. This could happen if you are running JUnit tests in a way that is not handled by EvoSuite, in which some classes are loaded be reflection before the tests are run. Consult the EvoSuite documentation for possible workarounds for this issue.
2026-04-08 05:08:11.947 ERROR 70 --- [           main] o.e.r.classhandling.ClassStateSupport    : Class io.basquiat.interfacebbuljit.noodle.domain.ResponseResult was not instrumented by EvoSuite. This could happen if you are running JUnit tests in a way that is not handled by EvoSuite, in which some classes are loaded be reflection before the tests are run. Consult the EvoSuite documentation for possible workarounds for this issue.
2026-04-08 05:08:11.947 ERROR 70 --- [           main] o.e.r.classhandling.ClassStateSupport    : Class io.basquiat.interfacebbuljit.noodle.domain.dto.NoodleDto$NoodleDtoBuilder was not instrumented by EvoSuite. This could happen if you are running JUnit tests in a way that is not handled by EvoSuite, in which some classes are loaded be reflection before the tests are run. Consult the EvoSuite documentation for possible workarounds for this issue.
[INFO] Tests run: 1, Failures: 0, Errors: 0, Skipped: 0, Time elapsed: 0 s - in io.basquiat.interfacebbuljit.noodle.service.PastaService_ESTest
[INFO] Running io.basquiat.interfacebbuljit.noodle.web.NoodleRestController_noodle_8421649462
[ERROR] Tests run: 1, Failures: 0, Errors: 1, Skipped: 0, Time elapsed: 0.002 s <<< FAILURE! - in io.basquiat.interfacebbuljit.noodle.web.NoodleRestController_noodle_8421649462
[ERROR] test  Time elapsed: 0.002 s  <<< ERROR!
java.lang.NullPointerException
	at io.basquiat.interfacebbuljit.noodle.web.NoodleRestController_noodle_8421649462.test(NoodleRestController_noodle_8421649462.java:47)

[INFO] Running io.basquiat.interfacebbuljit.noodle.web.NoodleRestController_init_15411243833
[INFO] Tests run: 1, Failures: 0, Errors: 0, Skipped: 0, Time elapsed: 0 s - in io.basquiat.interfacebbuljit.noodle.web.NoodleRestController_init_15411243833
[INFO] Running io.basquiat.interfacebbuljit.noodle.web.NoodleRestController_init_15411243831
[INFO] Tests run: 1, Failures: 0, Errors: 0, Skipped: 0, Time elapsed: 0 s - in io.basquiat.interfacebbuljit.noodle.web.NoodleRestController_init_15411243831
[INFO] Running io.basquiat.interfacebbuljit.noodle.web.NoodleRestController_noodle_8421649460
[INFO] Tests run: 1, Failures: 0, Errors: 0, Skipped: 0, Time elapsed: 0.001 s - in io.basquiat.interfacebbuljit.noodle.web.NoodleRestController_noodle_8421649460
[INFO] Running io.basquiat.interfacebbuljit.InterfaceBbuljitApplication_init_3395218260
[INFO] Tests run: 1, Failures: 0, Errors: 0, Skipped: 0, Time elapsed: 0 s - in io.basquiat.interfacebbuljit.InterfaceBbuljitApplication_init_3395218260
2026-04-08 05:08:12.046  WARN 70 --- [ionShutdownHook] o.e.runtime.sandbox.MSecurityManager     : SUT asked for a runtime permission that EvoSuite does not recognize: closeClassLoader
[INFO] 
[INFO] Results:
[INFO] 
[ERROR] Errors: 
[ERROR]   InterfaceBbuljitApplication_main_370411783.test:44 » IllegalArgument Args must...
[ERROR]   AddOrNot_init_4220249752.test:42 » IllegalArgument Cannot reflectively create ...
[ERROR]   AddOrNot_init_4220249755.test:47 » IllegalArgument Cannot reflectively create ...
[ERROR]   AddOrNot_valueOf_14194694041.test:42 » IllegalArgument No enum constant io.bas...
[ERROR]   AddOrNot_valueOf_14194694044.test:49 » NullPointer Name is null
[ERROR]   NoodleType_init_4223712553.test:46 » IllegalArgument Cannot reflectively creat...
[ERROR]   NoodleType_init_4223712559.test:51 » IllegalArgument Cannot reflectively creat...
[ERROR]   NoodleType_valueOf_425638121.test:42 » IllegalArgument No enum constant io.bas...
[ERROR]   NoodleType_valueOf_425638127.test:49 » NullPointer Name is null
[ERROR]   BeansUtils_ESTest.test0:24 » NoSuchBeanDefinition No bean named '' available
[ERROR]   BeansUtils_getBean_544417390.test:44 » NoSuchBeanDefinition No bean named 'PAE...
[ERROR]   BeansUtils_getBean_544417392.test:46 » IllegalArgument 'name' must not be null
[ERROR]   NoodleRestController_noodle_8421649462.test:47 » NullPointer
[INFO] 
[ERROR] Tests run: 168, Failures: 0, Errors: 13, Skipped: 0
[INFO] 
[ERROR] There are test failures.

Please refer to /app/target/surefire-reports for the individual test results.
Please refer to dump files (if any exist) [date].dump, [date]-jvmRun[N].dump and [date].dumpstream.
[INFO] 
[INFO] --- jacoco-maven-plugin:0.8.11:report (report) @ interface-bbuljit ---
[INFO] Loading execution data file /app/target/jacoco.exec
[INFO] Analyzed bundle 'interface-bbuljit' with 17 classes
[INFO] 
[INFO] --- jacoco-maven-plugin:0.8.11:report (default-cli) @ interface-bbuljit ---
[INFO] Loading execution data file /app/target/jacoco.exec
[INFO] Analyzed bundle 'interface-bbuljit' with 17 classes
[INFO] ------------------------------------------------------------------------
[INFO] BUILD SUCCESS
[INFO] ------------------------------------------------------------------------
[INFO] Total time:  8.269 s
[INFO] Finished at: 2026-04-08T05:08:12Z
[INFO] ------------------------------------------------------------------------
