[INFO] Scanning for projects...
[WARNING] 
[WARNING] Some problems were encountered while building the effective model for me.nurio:events:jar:0.0.5-SNAPSHOT
[WARNING] 'build.plugins.plugin.version' for org.apache.maven.plugins:maven-compiler-plugin is missing. @ line 98, column 21
[WARNING] 'build.plugins.plugin.version' for org.apache.maven.plugins:maven-source-plugin is missing. @ line 107, column 21
[WARNING] 'build.plugins.plugin.version' for org.apache.maven.plugins:maven-javadoc-plugin is missing. @ line 121, column 21
[WARNING] 
[WARNING] It is highly recommended to fix these problems because they threaten the stability of your build.
[WARNING] 
[WARNING] For this reason, future Maven versions might no longer support building such malformed projects.
[WARNING] 
[INFO] 
[INFO] --------------------------< me.nurio:events >---------------------------
[INFO] Building JR-EventSystem 0.0.5-SNAPSHOT
[INFO] --------------------------------[ jar ]---------------------------------
[INFO] 
[INFO] --- maven-clean-plugin:2.5:clean (default-clean) @ events ---
[INFO] Deleting /app/target
[INFO] 
[INFO] --- jacoco-maven-plugin:0.8.11:prepare-agent (default) @ events ---
[INFO] argLine set to -javaagent:/root/.m2/repository/org/jacoco/org.jacoco.agent/0.8.11/org.jacoco.agent-0.8.11-runtime.jar=destfile=/app/target/jacoco.exec
[INFO] 
[INFO] --- maven-resources-plugin:2.6:resources (default-resources) @ events ---
[WARNING] Using platform encoding (UTF-8 actually) to copy filtered resources, i.e. build is platform dependent!
[INFO] skip non existing resourceDirectory /app/src/main/resources
[INFO] 
[INFO] --- maven-compiler-plugin:3.1:compile (default-compile) @ events ---
[INFO] Changes detected - recompiling the module!
[WARNING] File encoding has not been set, using platform encoding UTF-8, i.e. build is platform dependent!
[INFO] Compiling 17 source files to /app/target/classes
[WARNING] /app/src/main/java/me/nurio/events/internal/EventReflectionUtils.java: /app/src/main/java/me/nurio/events/internal/EventReflectionUtils.java uses unchecked or unsafe operations.
[WARNING] /app/src/main/java/me/nurio/events/internal/EventReflectionUtils.java: Recompile with -Xlint:unchecked for details.
[INFO] 
[INFO] >>> maven-source-plugin:3.4.0:jar (attach-sources) > generate-sources @ events >>>
[INFO] 
[INFO] --- jacoco-maven-plugin:0.8.11:prepare-agent (default) @ events ---
[INFO] argLine set to -javaagent:/root/.m2/repository/org/jacoco/org.jacoco.agent/0.8.11/org.jacoco.agent-0.8.11-runtime.jar=destfile=/app/target/jacoco.exec
[INFO] 
[INFO] <<< maven-source-plugin:3.4.0:jar (attach-sources) < generate-sources @ events <<<
[INFO] 
[INFO] 
[INFO] --- maven-source-plugin:3.4.0:jar (attach-sources) @ events ---
[INFO] Building jar: /app/target/events-0.0.5-SNAPSHOT-sources.jar
[INFO] 
[INFO] --- maven-javadoc-plugin:3.12.0:jar (attach-javadocs) @ events ---
[WARNING] Source files encoding has not been set, using platform encoding UTF-8, i.e. build is platform dependent!
[INFO] 
Loading source files for package me.nurio.events.handler...
Loading source files for package me.nurio.events...
Loading source files for package me.nurio.events.exceptions...
Loading source files for package me.nurio.events.internal...
Loading source files for package me.nurio.events.internal.annotations...
Constructing Javadoc information...
Standard Doclet version 11.0.16
Building tree for all the packages and classes...
Generating /app/target/reports/apidocs/me/nurio/events/EventManager.html...
Generating /app/target/reports/apidocs/me/nurio/events/ReflectedEventHandler.html...
Generating /app/target/reports/apidocs/me/nurio/events/exceptions/EventHandlerNotFoundException.html...
Generating /app/target/reports/apidocs/me/nurio/events/handler/Event.html...
Generating /app/target/reports/apidocs/me/nurio/events/handler/EventCancellable.html...
Generating /app/target/reports/apidocs/me/nurio/events/handler/EventDispatchEvent.html...
Generating /app/target/reports/apidocs/me/nurio/events/handler/EventHandler.html...
Generating /app/target/reports/apidocs/me/nurio/events/handler/EventListener.html...
Generating /app/target/reports/apidocs/me/nurio/events/handler/EventPriority.html...
Generating /app/target/reports/apidocs/me/nurio/events/internal/EventReflectionUtils.html...
Generating /app/target/reports/apidocs/me/nurio/events/internal/ReflectedEventManager.html...
Generating /app/target/reports/apidocs/me/nurio/events/internal/RegisteredEventHandler.html...
Generating /app/target/reports/apidocs/me/nurio/events/internal/annotations/AnnotationEventHandler.html...
Generating /app/target/reports/apidocs/me/nurio/events/internal/annotations/EventAnnotationHandlersManager.html...
Generating /app/target/reports/apidocs/me/nurio/events/internal/annotations/EventHandlerAnnotationEventHandler.html...
Generating /app/target/reports/apidocs/me/nurio/events/internal/annotations/HandledMethod.html...
Generating /app/target/reports/apidocs/me/nurio/events/package-summary.html...
Generating /app/target/reports/apidocs/me/nurio/events/package-tree.html...
Generating /app/target/reports/apidocs/me/nurio/events/exceptions/package-summary.html...
Generating /app/target/reports/apidocs/me/nurio/events/exceptions/package-tree.html...
Generating /app/target/reports/apidocs/me/nurio/events/handler/package-summary.html...
Generating /app/target/reports/apidocs/me/nurio/events/handler/package-tree.html...
Generating /app/target/reports/apidocs/me/nurio/events/internal/package-summary.html...
Generating /app/target/reports/apidocs/me/nurio/events/internal/package-tree.html...
Generating /app/target/reports/apidocs/me/nurio/events/internal/annotations/package-summary.html...
Generating /app/target/reports/apidocs/me/nurio/events/internal/annotations/package-tree.html...
Generating /app/target/reports/apidocs/constant-values.html...
Generating /app/target/reports/apidocs/serialized-form.html...
Generating /app/target/reports/apidocs/me/nurio/events/handler/class-use/EventDispatchEvent.html...
Generating /app/target/reports/apidocs/me/nurio/events/handler/class-use/EventPriority.html...
Generating /app/target/reports/apidocs/me/nurio/events/handler/class-use/Event.html...
Generating /app/target/reports/apidocs/me/nurio/events/handler/class-use/EventHandler.html...
Generating /app/target/reports/apidocs/me/nurio/events/handler/class-use/EventCancellable.html...
Generating /app/target/reports/apidocs/me/nurio/events/handler/class-use/EventListener.html...
Generating /app/target/reports/apidocs/me/nurio/events/class-use/EventManager.html...
Generating /app/target/reports/apidocs/me/nurio/events/class-use/ReflectedEventHandler.html...
Generating /app/target/reports/apidocs/me/nurio/events/exceptions/class-use/EventHandlerNotFoundException.html...
Generating /app/target/reports/apidocs/me/nurio/events/internal/class-use/EventReflectionUtils.html...
Generating /app/target/reports/apidocs/me/nurio/events/internal/class-use/ReflectedEventManager.html...
Generating /app/target/reports/apidocs/me/nurio/events/internal/class-use/RegisteredEventHandler.html...
Generating /app/target/reports/apidocs/me/nurio/events/internal/annotations/class-use/EventHandlerAnnotationEventHandler.html...
Generating /app/target/reports/apidocs/me/nurio/events/internal/annotations/class-use/EventAnnotationHandlersManager.html...
Generating /app/target/reports/apidocs/me/nurio/events/internal/annotations/class-use/HandledMethod.html...
Generating /app/target/reports/apidocs/me/nurio/events/internal/annotations/class-use/AnnotationEventHandler.html...
Generating /app/target/reports/apidocs/me/nurio/events/package-use.html...
Generating /app/target/reports/apidocs/me/nurio/events/exceptions/package-use.html...
Generating /app/target/reports/apidocs/me/nurio/events/handler/package-use.html...
Generating /app/target/reports/apidocs/me/nurio/events/internal/package-use.html...
Generating /app/target/reports/apidocs/me/nurio/events/internal/annotations/package-use.html...
Building index for all the packages and classes...
Generating /app/target/reports/apidocs/overview-tree.html...
Generating /app/target/reports/apidocs/index-all.html...
Building index for all classes...
Generating /app/target/reports/apidocs/allclasses-index.html...
Generating /app/target/reports/apidocs/allpackages-index.html...
Generating /app/target/reports/apidocs/deprecated-list.html...
Building index for all classes...
Generating /app/target/reports/apidocs/allclasses.html...
Generating /app/target/reports/apidocs/allclasses.html...
Generating /app/target/reports/apidocs/index.html...
Generating /app/target/reports/apidocs/overview-summary.html...
Generating /app/target/reports/apidocs/help-doc.html...
1 warning
[WARNING] Javadoc Warnings
[WARNING] /app/src/main/java/me/nurio/events/internal/annotations/AnnotationEventHandler.java:17: warning: no @return
[WARNING] Class<? extends Annotation> getAnnotation();
[WARNING] ^
[INFO] Building jar: /app/target/events-0.0.5-SNAPSHOT-javadoc.jar
[INFO] 
[INFO] --- build-helper-maven-plugin:3.3.0:add-test-source (add-kex-test-source) @ events ---
[INFO] Test Source directory: /app/src/test/java/kex-tests added.
[INFO] 
[INFO] --- maven-resources-plugin:2.6:testResources (default-testResources) @ events ---
[WARNING] Using platform encoding (UTF-8 actually) to copy filtered resources, i.e. build is platform dependent!
[INFO] skip non existing resourceDirectory /app/src/test/resources
[INFO] 
[INFO] --- maven-compiler-plugin:3.1:testCompile (default-testCompile) @ events ---
[INFO] Changes detected - recompiling the module!
[WARNING] File encoding has not been set, using platform encoding UTF-8, i.e. build is platform dependent!
[INFO] Compiling 122 source files to /app/target/test-classes
[WARNING] /app/src/test/java/kex-tests/tests/me/nurio/events/handler/ReflectionUtils.java:[9,16] sun.misc.Unsafe is internal proprietary API and may be removed in a future release
[WARNING] /app/src/test/java/kex-tests/tests/me/nurio/events/internal/ReflectionUtils.java:[9,16] sun.misc.Unsafe is internal proprietary API and may be removed in a future release
[WARNING] /app/src/test/java/kex-tests/tests/me/nurio/events/internal/annotations/ReflectionUtils.java:[9,16] sun.misc.Unsafe is internal proprietary API and may be removed in a future release
[WARNING] /app/src/test/java/kex-tests/tests/me/nurio/events/exceptions/ReflectionUtils.java:[9,16] sun.misc.Unsafe is internal proprietary API and may be removed in a future release
[WARNING] /app/src/test/java/kex-tests/tests/me/nurio/events/ReflectionUtils.java:[9,16] sun.misc.Unsafe is internal proprietary API and may be removed in a future release
[WARNING] /app/src/test/java/kex-tests/tests/me/nurio/events/handler/ReflectionUtils.java:[9,16] sun.misc.Unsafe is internal proprietary API and may be removed in a future release
[WARNING] /app/src/test/java/kex-tests/tests/me/nurio/events/internal/ReflectionUtils.java:[9,16] sun.misc.Unsafe is internal proprietary API and may be removed in a future release
[WARNING] /app/src/test/java/kex-tests/tests/me/nurio/events/internal/annotations/ReflectionUtils.java:[9,16] sun.misc.Unsafe is internal proprietary API and may be removed in a future release
[WARNING] /app/src/test/java/kex-tests/tests/me/nurio/events/exceptions/ReflectionUtils.java:[9,16] sun.misc.Unsafe is internal proprietary API and may be removed in a future release
[WARNING] /app/src/test/java/kex-tests/tests/me/nurio/events/ReflectionUtils.java:[9,16] sun.misc.Unsafe is internal proprietary API and may be removed in a future release
[WARNING] /app/src/test/java/kex-tests/tests/me/nurio/events/handler/ReflectionUtils.java:[9,16] sun.misc.Unsafe is internal proprietary API and may be removed in a future release
[WARNING] /app/src/test/java/kex-tests/tests/me/nurio/events/internal/ReflectionUtils.java:[9,16] sun.misc.Unsafe is internal proprietary API and may be removed in a future release
[WARNING] /app/src/test/java/kex-tests/tests/me/nurio/events/internal/annotations/ReflectionUtils.java:[9,16] sun.misc.Unsafe is internal proprietary API and may be removed in a future release
[WARNING] /app/src/test/java/kex-tests/tests/me/nurio/events/exceptions/ReflectionUtils.java:[9,16] sun.misc.Unsafe is internal proprietary API and may be removed in a future release
[WARNING] /app/src/test/java/kex-tests/tests/me/nurio/events/ReflectionUtils.java:[9,16] sun.misc.Unsafe is internal proprietary API and may be removed in a future release
[WARNING] /app/src/test/java/kex-tests/tests/me/nurio/events/handler/ReflectionUtils.java:[9,16] sun.misc.Unsafe is internal proprietary API and may be removed in a future release
[WARNING] /app/src/test/java/kex-tests/tests/me/nurio/events/internal/ReflectionUtils.java:[9,16] sun.misc.Unsafe is internal proprietary API and may be removed in a future release
[WARNING] /app/src/test/java/kex-tests/tests/me/nurio/events/internal/annotations/ReflectionUtils.java:[9,16] sun.misc.Unsafe is internal proprietary API and may be removed in a future release
[WARNING] /app/src/test/java/kex-tests/tests/me/nurio/events/exceptions/ReflectionUtils.java:[9,16] sun.misc.Unsafe is internal proprietary API and may be removed in a future release
[WARNING] /app/src/test/java/kex-tests/tests/me/nurio/events/ReflectionUtils.java:[9,16] sun.misc.Unsafe is internal proprietary API and may be removed in a future release
[WARNING] /app/src/test/java/kex-tests/tests/me/nurio/events/handler/ReflectionUtils.java:[9,16] sun.misc.Unsafe is internal proprietary API and may be removed in a future release
[WARNING] /app/src/test/java/kex-tests/tests/me/nurio/events/internal/ReflectionUtils.java:[9,16] sun.misc.Unsafe is internal proprietary API and may be removed in a future release
[WARNING] /app/src/test/java/kex-tests/tests/me/nurio/events/internal/annotations/ReflectionUtils.java:[9,16] sun.misc.Unsafe is internal proprietary API and may be removed in a future release
[WARNING] /app/src/test/java/kex-tests/tests/me/nurio/events/exceptions/ReflectionUtils.java:[9,16] sun.misc.Unsafe is internal proprietary API and may be removed in a future release
[WARNING] /app/src/test/java/kex-tests/tests/me/nurio/events/ReflectionUtils.java:[9,16] sun.misc.Unsafe is internal proprietary API and may be removed in a future release
[WARNING] /app/src/test/java/kex-tests/tests/me/nurio/events/handler/ReflectionUtils.java:[13,25] sun.misc.Unsafe is internal proprietary API and may be removed in a future release
[WARNING] /app/src/test/java/kex-tests/tests/me/nurio/events/handler/ReflectionUtils.java:[13,25] sun.misc.Unsafe is internal proprietary API and may be removed in a future release
[WARNING] /app/src/test/java/kex-tests/tests/me/nurio/events/handler/ReflectionUtils.java:[13,25] sun.misc.Unsafe is internal proprietary API and may be removed in a future release
[WARNING] /app/src/test/java/kex-tests/tests/me/nurio/events/handler/ReflectionUtils.java:[13,25] sun.misc.Unsafe is internal proprietary API and may be removed in a future release
[WARNING] /app/src/test/java/kex-tests/tests/me/nurio/events/handler/ReflectionUtils.java:[13,25] sun.misc.Unsafe is internal proprietary API and may be removed in a future release
[WARNING] /app/src/test/java/kex-tests/tests/me/nurio/events/handler/ReflectionUtils.java:[17,31] sun.misc.Unsafe is internal proprietary API and may be removed in a future release
[WARNING] /app/src/test/java/kex-tests/tests/me/nurio/events/handler/ReflectionUtils.java:[19,23] sun.misc.Unsafe is internal proprietary API and may be removed in a future release
[WARNING] /app/src/test/java/kex-tests/tests/me/nurio/events/internal/ReflectionUtils.java:[13,25] sun.misc.Unsafe is internal proprietary API and may be removed in a future release
[WARNING] /app/src/test/java/kex-tests/tests/me/nurio/events/internal/ReflectionUtils.java:[13,25] sun.misc.Unsafe is internal proprietary API and may be removed in a future release
[WARNING] /app/src/test/java/kex-tests/tests/me/nurio/events/internal/ReflectionUtils.java:[13,25] sun.misc.Unsafe is internal proprietary API and may be removed in a future release
[WARNING] /app/src/test/java/kex-tests/tests/me/nurio/events/internal/ReflectionUtils.java:[13,25] sun.misc.Unsafe is internal proprietary API and may be removed in a future release
[WARNING] /app/src/test/java/kex-tests/tests/me/nurio/events/internal/ReflectionUtils.java:[13,25] sun.misc.Unsafe is internal proprietary API and may be removed in a future release
[WARNING] /app/src/test/java/kex-tests/tests/me/nurio/events/internal/ReflectionUtils.java:[17,31] sun.misc.Unsafe is internal proprietary API and may be removed in a future release
[WARNING] /app/src/test/java/kex-tests/tests/me/nurio/events/internal/ReflectionUtils.java:[19,23] sun.misc.Unsafe is internal proprietary API and may be removed in a future release
[WARNING] /app/src/test/java/kex-tests/tests/me/nurio/events/internal/annotations/ReflectionUtils.java:[13,25] sun.misc.Unsafe is internal proprietary API and may be removed in a future release
[WARNING] /app/src/test/java/kex-tests/tests/me/nurio/events/internal/annotations/ReflectionUtils.java:[13,25] sun.misc.Unsafe is internal proprietary API and may be removed in a future release
[WARNING] /app/src/test/java/kex-tests/tests/me/nurio/events/internal/annotations/ReflectionUtils.java:[13,25] sun.misc.Unsafe is internal proprietary API and may be removed in a future release
[WARNING] /app/src/test/java/kex-tests/tests/me/nurio/events/internal/annotations/ReflectionUtils.java:[13,25] sun.misc.Unsafe is internal proprietary API and may be removed in a future release
[WARNING] /app/src/test/java/kex-tests/tests/me/nurio/events/internal/annotations/ReflectionUtils.java:[13,25] sun.misc.Unsafe is internal proprietary API and may be removed in a future release
[WARNING] /app/src/test/java/kex-tests/tests/me/nurio/events/internal/annotations/ReflectionUtils.java:[17,31] sun.misc.Unsafe is internal proprietary API and may be removed in a future release
[WARNING] /app/src/test/java/kex-tests/tests/me/nurio/events/internal/annotations/ReflectionUtils.java:[19,23] sun.misc.Unsafe is internal proprietary API and may be removed in a future release
[WARNING] /app/src/test/java/kex-tests/tests/me/nurio/events/exceptions/ReflectionUtils.java:[13,25] sun.misc.Unsafe is internal proprietary API and may be removed in a future release
[WARNING] /app/src/test/java/kex-tests/tests/me/nurio/events/exceptions/ReflectionUtils.java:[13,25] sun.misc.Unsafe is internal proprietary API and may be removed in a future release
[WARNING] /app/src/test/java/kex-tests/tests/me/nurio/events/exceptions/ReflectionUtils.java:[13,25] sun.misc.Unsafe is internal proprietary API and may be removed in a future release
[WARNING] /app/src/test/java/kex-tests/tests/me/nurio/events/exceptions/ReflectionUtils.java:[13,25] sun.misc.Unsafe is internal proprietary API and may be removed in a future release
[WARNING] /app/src/test/java/kex-tests/tests/me/nurio/events/exceptions/ReflectionUtils.java:[13,25] sun.misc.Unsafe is internal proprietary API and may be removed in a future release
[WARNING] /app/src/test/java/kex-tests/tests/me/nurio/events/exceptions/ReflectionUtils.java:[17,31] sun.misc.Unsafe is internal proprietary API and may be removed in a future release
[WARNING] /app/src/test/java/kex-tests/tests/me/nurio/events/exceptions/ReflectionUtils.java:[19,23] sun.misc.Unsafe is internal proprietary API and may be removed in a future release
[WARNING] /app/src/test/java/kex-tests/tests/me/nurio/events/ReflectionUtils.java:[13,25] sun.misc.Unsafe is internal proprietary API and may be removed in a future release
[WARNING] /app/src/test/java/kex-tests/tests/me/nurio/events/ReflectionUtils.java:[13,25] sun.misc.Unsafe is internal proprietary API and may be removed in a future release
[WARNING] /app/src/test/java/kex-tests/tests/me/nurio/events/ReflectionUtils.java:[13,25] sun.misc.Unsafe is internal proprietary API and may be removed in a future release
[WARNING] /app/src/test/java/kex-tests/tests/me/nurio/events/ReflectionUtils.java:[13,25] sun.misc.Unsafe is internal proprietary API and may be removed in a future release
[WARNING] /app/src/test/java/kex-tests/tests/me/nurio/events/ReflectionUtils.java:[13,25] sun.misc.Unsafe is internal proprietary API and may be removed in a future release
[WARNING] /app/src/test/java/kex-tests/tests/me/nurio/events/ReflectionUtils.java:[17,31] sun.misc.Unsafe is internal proprietary API and may be removed in a future release
[WARNING] /app/src/test/java/kex-tests/tests/me/nurio/events/ReflectionUtils.java:[19,23] sun.misc.Unsafe is internal proprietary API and may be removed in a future release
[WARNING] /app/src/test/java/kex-tests/tests/me/nurio/events/handler/EventDispatchEvent_setCancelled_5343301842.java: Some input files use or override a deprecated API.
[WARNING] /app/src/test/java/kex-tests/tests/me/nurio/events/handler/EventDispatchEvent_setCancelled_5343301842.java: Recompile with -Xlint:deprecation for details.
[WARNING] /app/src/test/java/kex-tests/tests/me/nurio/events/internal/ReflectedEventManager_callEvent_10697487674.java: Some input files use unchecked or unsafe operations.
[WARNING] /app/src/test/java/kex-tests/tests/me/nurio/events/internal/ReflectedEventManager_callEvent_10697487674.java: Recompile with -Xlint:unchecked for details.
[INFO] 
[INFO] --- maven-surefire-plugin:2.12.4:test (default-test) @ events ---
[INFO] Surefire report directory: /app/target/surefire-reports

-------------------------------------------------------
 T E S T S
-------------------------------------------------------
Running me.nurio.events.handler.EventDispatchEvent_toString_11690243483
WARNING: An illegal reflective access operation has occurred
WARNING: Illegal reflective access by me.nurio.events.handler.ReflectionUtils (file:/app/target/test-classes/) to field java.lang.reflect.Field.modifiers
WARNING: Please consider reporting this to the maintainers of me.nurio.events.handler.ReflectionUtils
WARNING: Use --illegal-access=warn to enable warnings of further illegal reflective access operations
WARNING: All illegal access operations will be denied in a future release
Tests run: 1, Failures: 0, Errors: 0, Skipped: 0, Time elapsed: 0.137 sec
Running me.nurio.events.handler.EventDispatchEvent_toString_116902434811
Tests run: 1, Failures: 0, Errors: 0, Skipped: 0, Time elapsed: 0 sec
Running me.nurio.events.handler.EventDispatchEvent_getEvent_18057608439
Tests run: 1, Failures: 0, Errors: 0, Skipped: 0, Time elapsed: 0.002 sec
Running me.nurio.events.handler.EventDispatchEvent_hashCode_6582646586
Tests run: 1, Failures: 0, Errors: 0, Skipped: 0, Time elapsed: 0 sec
Running me.nurio.events.handler.EventDispatchEvent_init_12848395917
Tests run: 1, Failures: 0, Errors: 0, Skipped: 0, Time elapsed: 0 sec
Running me.nurio.events.handler.EventPriority_valueOf_11947526364
Tests run: 1, Failures: 0, Errors: 1, Skipped: 0, Time elapsed: 0.001 sec <<< FAILURE!
test(me.nurio.events.handler.EventPriority_valueOf_11947526364)  Time elapsed: 0.001 sec  <<< ERROR!
java.lang.NullPointerException: Name is null
	at java.base/java.lang.Enum.valueOf(Enum.java:238)
	at me.nurio.events.handler.EventPriority.valueOf(EventPriority.java:7)
	at java.base/jdk.internal.reflect.NativeMethodAccessorImpl.invoke0(Native Method)
	at java.base/jdk.internal.reflect.NativeMethodAccessorImpl.invoke(NativeMethodAccessorImpl.java:62)
	at java.base/jdk.internal.reflect.DelegatingMethodAccessorImpl.invoke(DelegatingMethodAccessorImpl.java:43)
	at java.base/java.lang.reflect.Method.invoke(Method.java:566)
	at me.nurio.events.handler.ReflectionUtils.callMethod(ReflectionUtils.java:328)
	at me.nurio.events.handler.EventPriority_valueOf_11947526364.test(EventPriority_valueOf_11947526364.java:49)
	at java.base/jdk.internal.reflect.NativeMethodAccessorImpl.invoke0(Native Method)
	at java.base/jdk.internal.reflect.NativeMethodAccessorImpl.invoke(NativeMethodAccessorImpl.java:62)
	at java.base/jdk.internal.reflect.DelegatingMethodAccessorImpl.invoke(DelegatingMethodAccessorImpl.java:43)
	at java.base/java.lang.reflect.Method.invoke(Method.java:566)
	at org.junit.runners.model.FrameworkMethod$1.runReflectiveCall(FrameworkMethod.java:59)
	at org.junit.internal.runners.model.ReflectiveCallable.run(ReflectiveCallable.java:12)
	at org.junit.runners.model.FrameworkMethod.invokeExplosively(FrameworkMethod.java:56)
	at org.junit.internal.runners.statements.InvokeMethod.evaluate(InvokeMethod.java:17)
	at org.junit.internal.runners.statements.RunBefores.evaluate(RunBefores.java:26)
	at org.junit.internal.runners.statements.FailOnTimeout$CallableStatement.call(FailOnTimeout.java:299)
	at org.junit.internal.runners.statements.FailOnTimeout$CallableStatement.call(FailOnTimeout.java:293)
	at java.base/java.util.concurrent.FutureTask.run(FutureTask.java:264)
	at java.base/java.lang.Thread.run(Thread.java:829)

Running me.nurio.events.handler.EventDispatchEvent_isCancelled_4640158028
Tests run: 1, Failures: 0, Errors: 0, Skipped: 0, Time elapsed: 0.001 sec
Running me.nurio.events.handler.EventDispatchEvent_getEvent_18057608431
Tests run: 1, Failures: 0, Errors: 0, Skipped: 0, Time elapsed: 0.001 sec
Running me.nurio.events.handler.Event_isCancellable_4682820930
Tests run: 1, Failures: 0, Errors: 1, Skipped: 0, Time elapsed: 0.001 sec <<< FAILURE!
test(me.nurio.events.handler.Event_isCancellable_4682820930)  Time elapsed: 0 sec  <<< ERROR!
java.lang.NullPointerException
	at java.base/jdk.internal.reflect.NativeMethodAccessorImpl.invoke0(Native Method)
	at java.base/jdk.internal.reflect.NativeMethodAccessorImpl.invoke(NativeMethodAccessorImpl.java:62)
	at java.base/jdk.internal.reflect.DelegatingMethodAccessorImpl.invoke(DelegatingMethodAccessorImpl.java:43)
	at java.base/java.lang.reflect.Method.invoke(Method.java:566)
	at me.nurio.events.handler.ReflectionUtils.callMethod(ReflectionUtils.java:328)
	at me.nurio.events.handler.Event_isCancellable_4682820930.test(Event_isCancellable_4682820930.java:40)
	at java.base/jdk.internal.reflect.NativeMethodAccessorImpl.invoke0(Native Method)
	at java.base/jdk.internal.reflect.NativeMethodAccessorImpl.invoke(NativeMethodAccessorImpl.java:62)
	at java.base/jdk.internal.reflect.DelegatingMethodAccessorImpl.invoke(DelegatingMethodAccessorImpl.java:43)
	at java.base/java.lang.reflect.Method.invoke(Method.java:566)
	at org.junit.runners.model.FrameworkMethod$1.runReflectiveCall(FrameworkMethod.java:59)
	at org.junit.internal.runners.model.ReflectiveCallable.run(ReflectiveCallable.java:12)
	at org.junit.runners.model.FrameworkMethod.invokeExplosively(FrameworkMethod.java:56)
	at org.junit.internal.runners.statements.InvokeMethod.evaluate(InvokeMethod.java:17)
	at org.junit.internal.runners.statements.RunBefores.evaluate(RunBefores.java:26)
	at org.junit.internal.runners.statements.FailOnTimeout$CallableStatement.call(FailOnTimeout.java:299)
	at org.junit.internal.runners.statements.FailOnTimeout$CallableStatement.call(FailOnTimeout.java:293)
	at java.base/java.util.concurrent.FutureTask.run(FutureTask.java:264)
	at java.base/java.lang.Thread.run(Thread.java:829)

Running me.nurio.events.handler.EventPriority_valueOf_11947526361
Tests run: 1, Failures: 0, Errors: 1, Skipped: 0, Time elapsed: 0 sec <<< FAILURE!
test(me.nurio.events.handler.EventPriority_valueOf_11947526361)  Time elapsed: 0 sec  <<< ERROR!
java.lang.IllegalArgumentException: No enum constant me.nurio.events.handler.EventPriority.PAEBtnZtTD
	at java.base/java.lang.Enum.valueOf(Enum.java:240)
	at me.nurio.events.handler.EventPriority.valueOf(EventPriority.java:7)
	at java.base/jdk.internal.reflect.NativeMethodAccessorImpl.invoke0(Native Method)
	at java.base/jdk.internal.reflect.NativeMethodAccessorImpl.invoke(NativeMethodAccessorImpl.java:62)
	at java.base/jdk.internal.reflect.DelegatingMethodAccessorImpl.invoke(DelegatingMethodAccessorImpl.java:43)
	at java.base/java.lang.reflect.Method.invoke(Method.java:566)
	at me.nurio.events.handler.ReflectionUtils.callMethod(ReflectionUtils.java:328)
	at me.nurio.events.handler.EventPriority_valueOf_11947526361.test(EventPriority_valueOf_11947526361.java:42)
	at java.base/jdk.internal.reflect.NativeMethodAccessorImpl.invoke0(Native Method)
	at java.base/jdk.internal.reflect.NativeMethodAccessorImpl.invoke(NativeMethodAccessorImpl.java:62)
	at java.base/jdk.internal.reflect.DelegatingMethodAccessorImpl.invoke(DelegatingMethodAccessorImpl.java:43)
	at java.base/java.lang.reflect.Method.invoke(Method.java:566)
	at org.junit.runners.model.FrameworkMethod$1.runReflectiveCall(FrameworkMethod.java:59)
	at org.junit.internal.runners.model.ReflectiveCallable.run(ReflectiveCallable.java:12)
	at org.junit.runners.model.FrameworkMethod.invokeExplosively(FrameworkMethod.java:56)
	at org.junit.internal.runners.statements.InvokeMethod.evaluate(InvokeMethod.java:17)
	at org.junit.internal.runners.statements.RunBefores.evaluate(RunBefores.java:26)
	at org.junit.internal.runners.statements.FailOnTimeout$CallableStatement.call(FailOnTimeout.java:299)
	at org.junit.internal.runners.statements.FailOnTimeout$CallableStatement.call(FailOnTimeout.java:293)
	at java.base/java.util.concurrent.FutureTask.run(FutureTask.java:264)
	at java.base/java.lang.Thread.run(Thread.java:829)

Running me.nurio.events.handler.EventDispatchEvent_equals_20957798312
Tests run: 1, Failures: 0, Errors: 0, Skipped: 0, Time elapsed: 0.001 sec
Running me.nurio.events.handler.EventPriority_init_19431530422
Tests run: 1, Failures: 0, Errors: 1, Skipped: 0, Time elapsed: 0.001 sec <<< FAILURE!
test(me.nurio.events.handler.EventPriority_init_19431530422)  Time elapsed: 0 sec  <<< ERROR!
java.lang.IllegalArgumentException: Cannot reflectively create enum objects
	at java.base/java.lang.reflect.Constructor.newInstance(Constructor.java:484)
	at me.nurio.events.handler.ReflectionUtils.callConstructor(ReflectionUtils.java:321)
	at me.nurio.events.handler.EventPriority_init_19431530422.test(EventPriority_init_19431530422.java:42)
	at java.base/jdk.internal.reflect.NativeMethodAccessorImpl.invoke0(Native Method)
	at java.base/jdk.internal.reflect.NativeMethodAccessorImpl.invoke(NativeMethodAccessorImpl.java:62)
	at java.base/jdk.internal.reflect.DelegatingMethodAccessorImpl.invoke(DelegatingMethodAccessorImpl.java:43)
	at java.base/java.lang.reflect.Method.invoke(Method.java:566)
	at org.junit.runners.model.FrameworkMethod$1.runReflectiveCall(FrameworkMethod.java:59)
	at org.junit.internal.runners.model.ReflectiveCallable.run(ReflectiveCallable.java:12)
	at org.junit.runners.model.FrameworkMethod.invokeExplosively(FrameworkMethod.java:56)
	at org.junit.internal.runners.statements.InvokeMethod.evaluate(InvokeMethod.java:17)
	at org.junit.internal.runners.statements.RunBefores.evaluate(RunBefores.java:26)
	at org.junit.internal.runners.statements.FailOnTimeout$CallableStatement.call(FailOnTimeout.java:299)
	at org.junit.internal.runners.statements.FailOnTimeout$CallableStatement.call(FailOnTimeout.java:293)
	at java.base/java.util.concurrent.FutureTask.run(FutureTask.java:264)
	at java.base/java.lang.Thread.run(Thread.java:829)

Running me.nurio.events.handler.EventDispatchEvent_setCancelled_5343301842
Tests run: 1, Failures: 0, Errors: 0, Skipped: 0, Time elapsed: 0.001 sec
Running me.nurio.events.handler.EventPriority_values_16867830393
Tests run: 1, Failures: 0, Errors: 0, Skipped: 0, Time elapsed: 0 sec
Running me.nurio.events.handler.Event_isCancelled_292083061
Tests run: 1, Failures: 0, Errors: 1, Skipped: 0, Time elapsed: 0.001 sec <<< FAILURE!
test(me.nurio.events.handler.Event_isCancelled_292083061)  Time elapsed: 0 sec  <<< ERROR!
java.lang.NullPointerException
	at java.base/jdk.internal.reflect.NativeMethodAccessorImpl.invoke0(Native Method)
	at java.base/jdk.internal.reflect.NativeMethodAccessorImpl.invoke(NativeMethodAccessorImpl.java:62)
	at java.base/jdk.internal.reflect.DelegatingMethodAccessorImpl.invoke(DelegatingMethodAccessorImpl.java:43)
	at java.base/java.lang.reflect.Method.invoke(Method.java:566)
	at me.nurio.events.handler.ReflectionUtils.callMethod(ReflectionUtils.java:328)
	at me.nurio.events.handler.Event_isCancelled_292083061.test(Event_isCancelled_292083061.java:40)
	at java.base/jdk.internal.reflect.NativeMethodAccessorImpl.invoke0(Native Method)
	at java.base/jdk.internal.reflect.NativeMethodAccessorImpl.invoke(NativeMethodAccessorImpl.java:62)
	at java.base/jdk.internal.reflect.DelegatingMethodAccessorImpl.invoke(DelegatingMethodAccessorImpl.java:43)
	at java.base/java.lang.reflect.Method.invoke(Method.java:566)
	at org.junit.runners.model.FrameworkMethod$1.runReflectiveCall(FrameworkMethod.java:59)
	at org.junit.internal.runners.model.ReflectiveCallable.run(ReflectiveCallable.java:12)
	at org.junit.runners.model.FrameworkMethod.invokeExplosively(FrameworkMethod.java:56)
	at org.junit.internal.runners.statements.InvokeMethod.evaluate(InvokeMethod.java:17)
	at org.junit.internal.runners.statements.RunBefores.evaluate(RunBefores.java:26)
	at org.junit.internal.runners.statements.FailOnTimeout$CallableStatement.call(FailOnTimeout.java:299)
	at org.junit.internal.runners.statements.FailOnTimeout$CallableStatement.call(FailOnTimeout.java:293)
	at java.base/java.util.concurrent.FutureTask.run(FutureTask.java:264)
	at java.base/java.lang.Thread.run(Thread.java:829)

Running me.nurio.events.handler.EventDispatchEvent_equals_2095779834
Tests run: 1, Failures: 0, Errors: 0, Skipped: 0, Time elapsed: 0.001 sec
Running me.nurio.events.handler.EventPriority_init_19431530425
Tests run: 1, Failures: 0, Errors: 1, Skipped: 0, Time elapsed: 0 sec <<< FAILURE!
test(me.nurio.events.handler.EventPriority_init_19431530425)  Time elapsed: 0 sec  <<< ERROR!
java.lang.IllegalArgumentException: Cannot reflectively create enum objects
	at java.base/java.lang.reflect.Constructor.newInstance(Constructor.java:484)
	at me.nurio.events.handler.ReflectionUtils.callConstructor(ReflectionUtils.java:321)
	at me.nurio.events.handler.EventPriority_init_19431530425.test(EventPriority_init_19431530425.java:47)
	at java.base/jdk.internal.reflect.NativeMethodAccessorImpl.invoke0(Native Method)
	at java.base/jdk.internal.reflect.NativeMethodAccessorImpl.invoke(NativeMethodAccessorImpl.java:62)
	at java.base/jdk.internal.reflect.DelegatingMethodAccessorImpl.invoke(DelegatingMethodAccessorImpl.java:43)
	at java.base/java.lang.reflect.Method.invoke(Method.java:566)
	at org.junit.runners.model.FrameworkMethod$1.runReflectiveCall(FrameworkMethod.java:59)
	at org.junit.internal.runners.model.ReflectiveCallable.run(ReflectiveCallable.java:12)
	at org.junit.runners.model.FrameworkMethod.invokeExplosively(FrameworkMethod.java:56)
	at org.junit.internal.runners.statements.InvokeMethod.evaluate(InvokeMethod.java:17)
	at org.junit.internal.runners.statements.RunBefores.evaluate(RunBefores.java:26)
	at org.junit.internal.runners.statements.FailOnTimeout$CallableStatement.call(FailOnTimeout.java:299)
	at org.junit.internal.runners.statements.FailOnTimeout$CallableStatement.call(FailOnTimeout.java:293)
	at java.base/java.util.concurrent.FutureTask.run(FutureTask.java:264)
	at java.base/java.lang.Thread.run(Thread.java:829)

Running me.nurio.events.handler.EventDispatchEvent_hashCode_65826465814
Tests run: 1, Failures: 0, Errors: 0, Skipped: 0, Time elapsed: 0.004 sec
Running me.nurio.events.handler.EventPriority_values_16867830390
Tests run: 1, Failures: 0, Errors: 0, Skipped: 0, Time elapsed: 0.001 sec
Running me.nurio.events.handler.EventDispatchEvent_canEqual_5945846465
Tests run: 1, Failures: 0, Errors: 0, Skipped: 0, Time elapsed: 0 sec
Running me.nurio.events.handler.Event_isCancelled_292083063
Tests run: 1, Failures: 0, Errors: 1, Skipped: 0, Time elapsed: 0 sec <<< FAILURE!
test(me.nurio.events.handler.Event_isCancelled_292083063)  Time elapsed: 0 sec  <<< ERROR!
java.lang.NullPointerException
	at java.base/jdk.internal.reflect.NativeMethodAccessorImpl.invoke0(Native Method)
	at java.base/jdk.internal.reflect.NativeMethodAccessorImpl.invoke(NativeMethodAccessorImpl.java:62)
	at java.base/jdk.internal.reflect.DelegatingMethodAccessorImpl.invoke(DelegatingMethodAccessorImpl.java:43)
	at java.base/java.lang.reflect.Method.invoke(Method.java:566)
	at me.nurio.events.handler.ReflectionUtils.callMethod(ReflectionUtils.java:328)
	at me.nurio.events.handler.Event_isCancelled_292083063.test(Event_isCancelled_292083063.java:40)
	at java.base/jdk.internal.reflect.NativeMethodAccessorImpl.invoke0(Native Method)
	at java.base/jdk.internal.reflect.NativeMethodAccessorImpl.invoke(NativeMethodAccessorImpl.java:62)
	at java.base/jdk.internal.reflect.DelegatingMethodAccessorImpl.invoke(DelegatingMethodAccessorImpl.java:43)
	at java.base/java.lang.reflect.Method.invoke(Method.java:566)
	at org.junit.runners.model.FrameworkMethod$1.runReflectiveCall(FrameworkMethod.java:59)
	at org.junit.internal.runners.model.ReflectiveCallable.run(ReflectiveCallable.java:12)
	at org.junit.runners.model.FrameworkMethod.invokeExplosively(FrameworkMethod.java:56)
	at org.junit.internal.runners.statements.InvokeMethod.evaluate(InvokeMethod.java:17)
	at org.junit.internal.runners.statements.RunBefores.evaluate(RunBefores.java:26)
	at org.junit.internal.runners.statements.FailOnTimeout$CallableStatement.call(FailOnTimeout.java:299)
	at org.junit.internal.runners.statements.FailOnTimeout$CallableStatement.call(FailOnTimeout.java:293)
	at java.base/java.util.concurrent.FutureTask.run(FutureTask.java:264)
	at java.base/java.lang.Thread.run(Thread.java:829)

Running me.nurio.events.handler.EventDispatchEvent_canEqual_59458464613
Tests run: 1, Failures: 0, Errors: 0, Skipped: 0, Time elapsed: 0.001 sec
Running me.nurio.events.handler.EventDispatchEvent_setCancelled_53433018410
Tests run: 1, Failures: 0, Errors: 0, Skipped: 0, Time elapsed: 0.004 sec
Running me.nurio.events.handler.EventDispatchEvent_init_128483959115
Tests run: 1, Failures: 0, Errors: 0, Skipped: 0, Time elapsed: 0.001 sec
Running me.nurio.events.handler.EventDispatchEvent_isCancelled_4640158020
Tests run: 1, Failures: 0, Errors: 0, Skipped: 0, Time elapsed: 0.001 sec
Running me.nurio.events.handler.Event_isCancellable_4682820932
Tests run: 1, Failures: 0, Errors: 1, Skipped: 0, Time elapsed: 0.002 sec <<< FAILURE!
test(me.nurio.events.handler.Event_isCancellable_4682820932)  Time elapsed: 0.001 sec  <<< ERROR!
java.lang.NullPointerException
	at java.base/jdk.internal.reflect.NativeMethodAccessorImpl.invoke0(Native Method)
	at java.base/jdk.internal.reflect.NativeMethodAccessorImpl.invoke(NativeMethodAccessorImpl.java:62)
	at java.base/jdk.internal.reflect.DelegatingMethodAccessorImpl.invoke(DelegatingMethodAccessorImpl.java:43)
	at java.base/java.lang.reflect.Method.invoke(Method.java:566)
	at me.nurio.events.handler.ReflectionUtils.callMethod(ReflectionUtils.java:328)
	at me.nurio.events.handler.Event_isCancellable_4682820932.test(Event_isCancellable_4682820932.java:40)
	at java.base/jdk.internal.reflect.NativeMethodAccessorImpl.invoke0(Native Method)
	at java.base/jdk.internal.reflect.NativeMethodAccessorImpl.invoke(NativeMethodAccessorImpl.java:62)
	at java.base/jdk.internal.reflect.DelegatingMethodAccessorImpl.invoke(DelegatingMethodAccessorImpl.java:43)
	at java.base/java.lang.reflect.Method.invoke(Method.java:566)
	at org.junit.runners.model.FrameworkMethod$1.runReflectiveCall(FrameworkMethod.java:59)
	at org.junit.internal.runners.model.ReflectiveCallable.run(ReflectiveCallable.java:12)
	at org.junit.runners.model.FrameworkMethod.invokeExplosively(FrameworkMethod.java:56)
	at org.junit.internal.runners.statements.InvokeMethod.evaluate(InvokeMethod.java:17)
	at org.junit.internal.runners.statements.RunBefores.evaluate(RunBefores.java:26)
	at org.junit.internal.runners.statements.FailOnTimeout$CallableStatement.call(FailOnTimeout.java:299)
	at org.junit.internal.runners.statements.FailOnTimeout$CallableStatement.call(FailOnTimeout.java:293)
	at java.base/java.util.concurrent.FutureTask.run(FutureTask.java:264)
	at java.base/java.lang.Thread.run(Thread.java:829)

Running me.nurio.events.ReflectedEventHandler_createEventManager_3269280232
Tests run: 1, Failures: 0, Errors: 0, Skipped: 0, Time elapsed: 0.009 sec
Running me.nurio.events.exceptions.EventHandlerNotFoundException_init_18810425560
Tests run: 1, Failures: 0, Errors: 0, Skipped: 0, Time elapsed: 0.013 sec
Running me.nurio.events.exceptions.EventHandlerNotFoundException_init_18810425562
Tests run: 1, Failures: 0, Errors: 0, Skipped: 0, Time elapsed: 0.001 sec
Running me.nurio.events.exceptions.EventHandlerNotFoundException_init_16982725203
Tests run: 1, Failures: 0, Errors: 0, Skipped: 0, Time elapsed: 0.002 sec
Running me.nurio.events.exceptions.EventHandlerNotFoundException_init_16982725201
Tests run: 1, Failures: 0, Errors: 0, Skipped: 0, Time elapsed: 0.005 sec
Running me.nurio.events.ReflectedEventHandler_init_20676794501
Tests run: 1, Failures: 0, Errors: 0, Skipped: 0, Time elapsed: 0.003 sec
Running me.nurio.events.ReflectedEventHandler_createEventManager_3269280230
Tests run: 1, Failures: 0, Errors: 0, Skipped: 0, Time elapsed: 0.001 sec
Running me.nurio.events.internal.EventManagement_init_187674099511
Tests run: 1, Failures: 0, Errors: 1, Skipped: 0, Time elapsed: 0.002 sec <<< FAILURE!
test(me.nurio.events.internal.EventManagement_init_187674099511)  Time elapsed: 0.002 sec  <<< ERROR!
java.lang.reflect.InvocationTargetException
	at java.base/jdk.internal.reflect.NativeConstructorAccessorImpl.newInstance0(Native Method)
	at java.base/jdk.internal.reflect.NativeConstructorAccessorImpl.newInstance(NativeConstructorAccessorImpl.java:62)
	at java.base/jdk.internal.reflect.DelegatingConstructorAccessorImpl.newInstance(DelegatingConstructorAccessorImpl.java:45)
	at java.base/java.lang.reflect.Constructor.newInstance(Constructor.java:490)
	at me.nurio.events.internal.ReflectionUtils.callConstructor(ReflectionUtils.java:321)
	at me.nurio.events.internal.EventManagement_init_187674099511.test(EventManagement_init_187674099511.java:42)
	at java.base/jdk.internal.reflect.NativeMethodAccessorImpl.invoke0(Native Method)
	at java.base/jdk.internal.reflect.NativeMethodAccessorImpl.invoke(NativeMethodAccessorImpl.java:62)
	at java.base/jdk.internal.reflect.DelegatingMethodAccessorImpl.invoke(DelegatingMethodAccessorImpl.java:43)
	at java.base/java.lang.reflect.Method.invoke(Method.java:566)
	at org.junit.runners.model.FrameworkMethod$1.runReflectiveCall(FrameworkMethod.java:59)
	at org.junit.internal.runners.model.ReflectiveCallable.run(ReflectiveCallable.java:12)
	at org.junit.runners.model.FrameworkMethod.invokeExplosively(FrameworkMethod.java:56)
	at org.junit.internal.runners.statements.InvokeMethod.evaluate(InvokeMethod.java:17)
	at org.junit.internal.runners.statements.RunBefores.evaluate(RunBefores.java:26)
	at org.junit.internal.runners.statements.FailOnTimeout$CallableStatement.call(FailOnTimeout.java:299)
	at org.junit.internal.runners.statements.FailOnTimeout$CallableStatement.call(FailOnTimeout.java:293)
	at java.base/java.util.concurrent.FutureTask.run(FutureTask.java:264)
	at java.base/java.lang.Thread.run(Thread.java:829)
Caused by: java.lang.NullPointerException: eventManager is marked non-null but is null
	at me.nurio.events.internal.EventManagement.<init>(EventManagement.java:14)
	... 19 more

Running me.nurio.events.internal.RegisteredEventHandler_getName_18806189146
Tests run: 1, Failures: 0, Errors: 0, Skipped: 0, Time elapsed: 0.007 sec
Running me.nurio.events.internal.ReflectedEventManager_isDebugLoggingEnabled_39377191613
Tests run: 1, Failures: 0, Errors: 0, Skipped: 0, Time elapsed: 0 sec
Running me.nurio.events.internal.EventManagement_registerEvent_9218274851
Tests run: 1, Failures: 0, Errors: 1, Skipped: 0, Time elapsed: 0.009 sec <<< FAILURE!
test(me.nurio.events.internal.EventManagement_registerEvent_9218274851)  Time elapsed: 0.009 sec  <<< ERROR!
java.lang.NoSuchMethodException: java.lang.invoke.ProxyClassesDumper.dumpClass(java.lang.String, [[[Ljava.util.stream.SliceOps$3$1;)
	at java.base/java.lang.Class.getDeclaredMethod(Class.java:2475)
	at me.nurio.events.internal.EventManagement_registerEvent_9218274851.setup(EventManagement_registerEvent_9218274851.java:65)
	at java.base/jdk.internal.reflect.NativeMethodAccessorImpl.invoke0(Native Method)
	at java.base/jdk.internal.reflect.NativeMethodAccessorImpl.invoke(NativeMethodAccessorImpl.java:62)
	at java.base/jdk.internal.reflect.DelegatingMethodAccessorImpl.invoke(DelegatingMethodAccessorImpl.java:43)
	at java.base/java.lang.reflect.Method.invoke(Method.java:566)
	at org.junit.runners.model.FrameworkMethod$1.runReflectiveCall(FrameworkMethod.java:59)
	at org.junit.internal.runners.model.ReflectiveCallable.run(ReflectiveCallable.java:12)
	at org.junit.runners.model.FrameworkMethod.invokeExplosively(FrameworkMethod.java:56)
	at org.junit.internal.runners.statements.RunBefores.invokeMethod(RunBefores.java:33)
	at org.junit.internal.runners.statements.RunBefores.evaluate(RunBefores.java:24)
	at org.junit.internal.runners.statements.FailOnTimeout$CallableStatement.call(FailOnTimeout.java:299)
	at org.junit.internal.runners.statements.FailOnTimeout$CallableStatement.call(FailOnTimeout.java:293)
	at java.base/java.util.concurrent.FutureTask.run(FutureTask.java:264)
	at java.base/java.lang.Thread.run(Thread.java:829)

Running me.nurio.events.internal.RegisteredEventHandler_init_4620471137
Tests run: 1, Failures: 0, Errors: 1, Skipped: 0, Time elapsed: 0 sec <<< FAILURE!
test(me.nurio.events.internal.RegisteredEventHandler_init_4620471137)  Time elapsed: 0 sec  <<< ERROR!
java.lang.reflect.InvocationTargetException
	at java.base/jdk.internal.reflect.NativeConstructorAccessorImpl.newInstance0(Native Method)
	at java.base/jdk.internal.reflect.NativeConstructorAccessorImpl.newInstance(NativeConstructorAccessorImpl.java:62)
	at java.base/jdk.internal.reflect.DelegatingConstructorAccessorImpl.newInstance(DelegatingConstructorAccessorImpl.java:45)
	at java.base/java.lang.reflect.Constructor.newInstance(Constructor.java:490)
	at me.nurio.events.internal.ReflectionUtils.callConstructor(ReflectionUtils.java:321)
	at me.nurio.events.internal.RegisteredEventHandler_init_4620471137.test(RegisteredEventHandler_init_4620471137.java:44)
	at java.base/jdk.internal.reflect.NativeMethodAccessorImpl.invoke0(Native Method)
	at java.base/jdk.internal.reflect.NativeMethodAccessorImpl.invoke(NativeMethodAccessorImpl.java:62)
	at java.base/jdk.internal.reflect.DelegatingMethodAccessorImpl.invoke(DelegatingMethodAccessorImpl.java:43)
	at java.base/java.lang.reflect.Method.invoke(Method.java:566)
	at org.junit.runners.model.FrameworkMethod$1.runReflectiveCall(FrameworkMethod.java:59)
	at org.junit.internal.runners.model.ReflectiveCallable.run(ReflectiveCallable.java:12)
	at org.junit.runners.model.FrameworkMethod.invokeExplosively(FrameworkMethod.java:56)
	at org.junit.internal.runners.statements.InvokeMethod.evaluate(InvokeMethod.java:17)
	at org.junit.internal.runners.statements.RunBefores.evaluate(RunBefores.java:26)
	at org.junit.internal.runners.statements.FailOnTimeout$CallableStatement.call(FailOnTimeout.java:299)
	at org.junit.internal.runners.statements.FailOnTimeout$CallableStatement.call(FailOnTimeout.java:293)
	at java.base/java.util.concurrent.FutureTask.run(FutureTask.java:264)
	at java.base/java.lang.Thread.run(Thread.java:829)
Caused by: java.lang.NullPointerException
	at me.nurio.events.internal.RegisteredEventHandler.<init>(RegisteredEventHandler.java:33)
	... 19 more

Running me.nurio.events.internal.RegisteredEventHandler_invoke_16297454508
[EventManager] Error launching 'null' event handler.
java.lang.NullPointerException
	at me.nurio.events.internal.RegisteredEventHandler.invoke(RegisteredEventHandler.java:49)
	at java.base/jdk.internal.reflect.NativeMethodAccessorImpl.invoke0(Native Method)
	at java.base/jdk.internal.reflect.NativeMethodAccessorImpl.invoke(NativeMethodAccessorImpl.java:62)
	at java.base/jdk.internal.reflect.DelegatingMethodAccessorImpl.invoke(DelegatingMethodAccessorImpl.java:43)
	at java.base/java.lang.reflect.Method.invoke(Method.java:566)
	at me.nurio.events.internal.ReflectionUtils.callMethod(ReflectionUtils.java:328)
	at me.nurio.events.internal.RegisteredEventHandler_invoke_16297454508.test(RegisteredEventHandler_invoke_16297454508.java:51)
	at java.base/jdk.internal.reflect.NativeMethodAccessorImpl.invoke0(Native Method)
	at java.base/jdk.internal.reflect.NativeMethodAccessorImpl.invoke(NativeMethodAccessorImpl.java:62)
	at java.base/jdk.internal.reflect.DelegatingMethodAccessorImpl.invoke(DelegatingMethodAccessorImpl.java:43)
	at java.base/java.lang.reflect.Method.invoke(Method.java:566)
	at org.junit.runners.model.FrameworkMethod$1.runReflectiveCall(FrameworkMethod.java:59)
	at org.junit.internal.runners.model.ReflectiveCallable.run(ReflectiveCallable.java:12)
	at org.junit.runners.model.FrameworkMethod.invokeExplosively(FrameworkMethod.java:56)
	at org.junit.internal.runners.statements.InvokeMethod.evaluate(InvokeMethod.java:17)
	at org.junit.internal.runners.statements.RunBefores.evaluate(RunBefores.java:26)
	at org.junit.internal.runners.statements.FailOnTimeout$CallableStatement.call(FailOnTimeout.java:299)
	at org.junit.internal.runners.statements.FailOnTimeout$CallableStatement.call(FailOnTimeout.java:293)
	at java.base/java.util.concurrent.FutureTask.run(FutureTask.java:264)
	at java.base/java.lang.Thread.run(Thread.java:829)
Tests run: 1, Failures: 0, Errors: 0, Skipped: 0, Time elapsed: 0.018 sec
Running me.nurio.events.internal.EventManagement_getRegisteredEvents_2838113626
Tests run: 1, Failures: 0, Errors: 1, Skipped: 0, Time elapsed: 0.006 sec <<< FAILURE!
test(me.nurio.events.internal.EventManagement_getRegisteredEvents_2838113626)  Time elapsed: 0.001 sec  <<< ERROR!
java.lang.NullPointerException
	at me.nurio.events.internal.EventManagement.getRegisteredEvents(EventManagement.java:30)
	at java.base/jdk.internal.reflect.NativeMethodAccessorImpl.invoke0(Native Method)
	at java.base/jdk.internal.reflect.NativeMethodAccessorImpl.invoke(NativeMethodAccessorImpl.java:62)
	at java.base/jdk.internal.reflect.DelegatingMethodAccessorImpl.invoke(DelegatingMethodAccessorImpl.java:43)
	at java.base/java.lang.reflect.Method.invoke(Method.java:566)
	at me.nurio.events.internal.ReflectionUtils.callMethod(ReflectionUtils.java:328)
	at me.nurio.events.internal.EventManagement_getRegisteredEvents_2838113626.test(EventManagement_getRegisteredEvents_2838113626.java:44)
	at java.base/jdk.internal.reflect.NativeMethodAccessorImpl.invoke0(Native Method)
	at java.base/jdk.internal.reflect.NativeMethodAccessorImpl.invoke(NativeMethodAccessorImpl.java:62)
	at java.base/jdk.internal.reflect.DelegatingMethodAccessorImpl.invoke(DelegatingMethodAccessorImpl.java:43)
	at java.base/java.lang.reflect.Method.invoke(Method.java:566)
	at org.junit.runners.model.FrameworkMethod$1.runReflectiveCall(FrameworkMethod.java:59)
	at org.junit.internal.runners.model.ReflectiveCallable.run(ReflectiveCallable.java:12)
	at org.junit.runners.model.FrameworkMethod.invokeExplosively(FrameworkMethod.java:56)
	at org.junit.internal.runners.statements.InvokeMethod.evaluate(InvokeMethod.java:17)
	at org.junit.internal.runners.statements.RunBefores.evaluate(RunBefores.java:26)
	at org.junit.internal.runners.statements.FailOnTimeout$CallableStatement.call(FailOnTimeout.java:299)
	at org.junit.internal.runners.statements.FailOnTimeout$CallableStatement.call(FailOnTimeout.java:293)
	at java.base/java.util.concurrent.FutureTask.run(FutureTask.java:264)
	at java.base/java.lang.Thread.run(Thread.java:829)

Running me.nurio.events.internal.RegisteredEventHandler_isIgnoreCancelled_2968414512
Tests run: 1, Failures: 0, Errors: 0, Skipped: 0, Time elapsed: 0.005 sec
Running me.nurio.events.internal.RegisteredEventHandler_init_4620471130
Tests run: 1, Failures: 0, Errors: 1, Skipped: 0, Time elapsed: 0.01 sec <<< FAILURE!
test(me.nurio.events.internal.RegisteredEventHandler_init_4620471130)  Time elapsed: 0.01 sec  <<< ERROR!
java.lang.reflect.InvocationTargetException
	at java.base/jdk.internal.reflect.NativeConstructorAccessorImpl.newInstance0(Native Method)
	at java.base/jdk.internal.reflect.NativeConstructorAccessorImpl.newInstance(NativeConstructorAccessorImpl.java:62)
	at java.base/jdk.internal.reflect.DelegatingConstructorAccessorImpl.newInstance(DelegatingConstructorAccessorImpl.java:45)
	at java.base/java.lang.reflect.Constructor.newInstance(Constructor.java:490)
	at me.nurio.events.internal.ReflectionUtils.callConstructor(ReflectionUtils.java:321)
	at me.nurio.events.internal.RegisteredEventHandler_init_4620471130.test(RegisteredEventHandler_init_4620471130.java:54)
	at java.base/jdk.internal.reflect.NativeMethodAccessorImpl.invoke0(Native Method)
	at java.base/jdk.internal.reflect.NativeMethodAccessorImpl.invoke(NativeMethodAccessorImpl.java:62)
	at java.base/jdk.internal.reflect.DelegatingMethodAccessorImpl.invoke(DelegatingMethodAccessorImpl.java:43)
	at java.base/java.lang.reflect.Method.invoke(Method.java:566)
	at org.junit.runners.model.FrameworkMethod$1.runReflectiveCall(FrameworkMethod.java:59)
	at org.junit.internal.runners.model.ReflectiveCallable.run(ReflectiveCallable.java:12)
	at org.junit.runners.model.FrameworkMethod.invokeExplosively(FrameworkMethod.java:56)
	at org.junit.internal.runners.statements.InvokeMethod.evaluate(InvokeMethod.java:17)
	at org.junit.internal.runners.statements.RunBefores.evaluate(RunBefores.java:26)
	at org.junit.internal.runners.statements.FailOnTimeout$CallableStatement.call(FailOnTimeout.java:299)
	at org.junit.internal.runners.statements.FailOnTimeout$CallableStatement.call(FailOnTimeout.java:293)
	at java.base/java.util.concurrent.FutureTask.run(FutureTask.java:264)
	at java.base/java.lang.Thread.run(Thread.java:829)
Caused by: me.nurio.events.exceptions.EventHandlerNotFoundException: Unable to find Event > Handled method doesn't have a event parameter or have more than one.
	at me.nurio.events.internal.EventReflectionUtils.getEventFromMethod(EventReflectionUtils.java:21)
	at me.nurio.events.internal.RegisteredEventHandler.<init>(RegisteredEventHandler.java:37)
	... 19 more

Running me.nurio.events.internal.RegisteredEventHandler_getListener_13844327543
Tests run: 1, Failures: 0, Errors: 0, Skipped: 0, Time elapsed: 0.002 sec
Running me.nurio.events.internal.EventReflectionUtils_init_1550402642
Tests run: 1, Failures: 0, Errors: 0, Skipped: 0, Time elapsed: 0.001 sec
Running me.nurio.events.internal.EventManagement_getEventHandlerFor_8236540944
Tests run: 1, Failures: 0, Errors: 0, Skipped: 0, Time elapsed: 0.003 sec
Running me.nurio.events.internal.ReflectedEventManager_1_init_12186994901
Tests run: 1, Failures: 0, Errors: 0, Skipped: 0, Time elapsed: 0.001 sec
Running me.nurio.events.internal.EventManagement_getRegisteredEvents_2838113620
Tests run: 1, Failures: 0, Errors: 0, Skipped: 0, Time elapsed: 0.002 sec
Running me.nurio.events.internal.ReflectedEventManager_init_9968867137
Tests run: 1, Failures: 0, Errors: 0, Skipped: 0, Time elapsed: 0.002 sec
Running me.nurio.events.internal.RegisteredEventHandler_getName_188061891413
Tests run: 1, Failures: 0, Errors: 0, Skipped: 0, Time elapsed: 0.001 sec
Running me.nurio.events.internal.EventManagement_getEventHandlerFor_4297702429
Tests run: 1, Failures: 0, Errors: 1, Skipped: 0, Time elapsed: 0.004 sec <<< FAILURE!
test(me.nurio.events.internal.EventManagement_getEventHandlerFor_4297702429)  Time elapsed: 0.003 sec  <<< ERROR!
java.lang.NullPointerException
	at me.nurio.events.internal.EventManagement.getEventHandlerFor(EventManagement.java:88)
	at java.base/jdk.internal.reflect.NativeMethodAccessorImpl.invoke0(Native Method)
	at java.base/jdk.internal.reflect.NativeMethodAccessorImpl.invoke(NativeMethodAccessorImpl.java:62)
	at java.base/jdk.internal.reflect.DelegatingMethodAccessorImpl.invoke(DelegatingMethodAccessorImpl.java:43)
	at java.base/java.lang.reflect.Method.invoke(Method.java:566)
	at me.nurio.events.internal.ReflectionUtils.callMethod(ReflectionUtils.java:328)
	at me.nurio.events.internal.EventManagement_getEventHandlerFor_4297702429.test(EventManagement_getEventHandlerFor_4297702429.java:46)
	at java.base/jdk.internal.reflect.NativeMethodAccessorImpl.invoke0(Native Method)
	at java.base/jdk.internal.reflect.NativeMethodAccessorImpl.invoke(NativeMethodAccessorImpl.java:62)
	at java.base/jdk.internal.reflect.DelegatingMethodAccessorImpl.invoke(DelegatingMethodAccessorImpl.java:43)
	at java.base/java.lang.reflect.Method.invoke(Method.java:566)
	at org.junit.runners.model.FrameworkMethod$1.runReflectiveCall(FrameworkMethod.java:59)
	at org.junit.internal.runners.model.ReflectiveCallable.run(ReflectiveCallable.java:12)
	at org.junit.runners.model.FrameworkMethod.invokeExplosively(FrameworkMethod.java:56)
	at org.junit.internal.runners.statements.InvokeMethod.evaluate(InvokeMethod.java:17)
	at org.junit.internal.runners.statements.RunBefores.evaluate(RunBefores.java:26)
	at org.junit.internal.runners.statements.FailOnTimeout$CallableStatement.call(FailOnTimeout.java:299)
	at org.junit.internal.runners.statements.FailOnTimeout$CallableStatement.call(FailOnTimeout.java:293)
	at java.base/java.util.concurrent.FutureTask.run(FutureTask.java:264)
	at java.base/java.lang.Thread.run(Thread.java:829)

Running me.nurio.events.internal.RegisteredEventHandler_getPriority_50286833411
Tests run: 1, Failures: 0, Errors: 0, Skipped: 0, Time elapsed: 0 sec
Running me.nurio.events.internal.EventManagement_unregisterEvent_210874608
Tests run: 1, Failures: 0, Errors: 1, Skipped: 0, Time elapsed: 0.001 sec <<< FAILURE!
test(me.nurio.events.internal.EventManagement_unregisterEvent_210874608)  Time elapsed: 0 sec  <<< ERROR!
java.lang.NullPointerException
	at me.nurio.events.internal.EventManagement.unregisterEvent(EventManagement.java:62)
	at java.base/jdk.internal.reflect.NativeMethodAccessorImpl.invoke0(Native Method)
	at java.base/jdk.internal.reflect.NativeMethodAccessorImpl.invoke(NativeMethodAccessorImpl.java:62)
	at java.base/jdk.internal.reflect.DelegatingMethodAccessorImpl.invoke(DelegatingMethodAccessorImpl.java:43)
	at java.base/java.lang.reflect.Method.invoke(Method.java:566)
	at me.nurio.events.internal.ReflectionUtils.callMethod(ReflectionUtils.java:328)
	at me.nurio.events.internal.EventManagement_unregisterEvent_210874608.test(EventManagement_unregisterEvent_210874608.java:46)
	at java.base/jdk.internal.reflect.NativeMethodAccessorImpl.invoke0(Native Method)
	at java.base/jdk.internal.reflect.NativeMethodAccessorImpl.invoke(NativeMethodAccessorImpl.java:62)
	at java.base/jdk.internal.reflect.DelegatingMethodAccessorImpl.invoke(DelegatingMethodAccessorImpl.java:43)
	at java.base/java.lang.reflect.Method.invoke(Method.java:566)
	at org.junit.runners.model.FrameworkMethod$1.runReflectiveCall(FrameworkMethod.java:59)
	at org.junit.internal.runners.model.ReflectiveCallable.run(ReflectiveCallable.java:12)
	at org.junit.runners.model.FrameworkMethod.invokeExplosively(FrameworkMethod.java:56)
	at org.junit.internal.runners.statements.InvokeMethod.evaluate(InvokeMethod.java:17)
	at org.junit.internal.runners.statements.RunBefores.evaluate(RunBefores.java:26)
	at org.junit.internal.runners.statements.FailOnTimeout$CallableStatement.call(FailOnTimeout.java:299)
	at org.junit.internal.runners.statements.FailOnTimeout$CallableStatement.call(FailOnTimeout.java:293)
	at java.base/java.util.concurrent.FutureTask.run(FutureTask.java:264)
	at java.base/java.lang.Thread.run(Thread.java:829)

Running me.nurio.events.internal.EventManagement_registerEvent_9218274857
Tests run: 1, Failures: 0, Errors: 1, Skipped: 0, Time elapsed: 0.003 sec <<< FAILURE!
test(me.nurio.events.internal.EventManagement_registerEvent_9218274857)  Time elapsed: 0.002 sec  <<< ERROR!
java.lang.NullPointerException
	at me.nurio.events.internal.EventManagement.registerEvent(EventManagement.java:42)
	at java.base/jdk.internal.reflect.NativeMethodAccessorImpl.invoke0(Native Method)
	at java.base/jdk.internal.reflect.NativeMethodAccessorImpl.invoke(NativeMethodAccessorImpl.java:62)
	at java.base/jdk.internal.reflect.DelegatingMethodAccessorImpl.invoke(DelegatingMethodAccessorImpl.java:43)
	at java.base/java.lang.reflect.Method.invoke(Method.java:566)
	at me.nurio.events.internal.ReflectionUtils.callMethod(ReflectionUtils.java:328)
	at me.nurio.events.internal.EventManagement_registerEvent_9218274857.test(EventManagement_registerEvent_9218274857.java:46)
	at java.base/jdk.internal.reflect.NativeMethodAccessorImpl.invoke0(Native Method)
	at java.base/jdk.internal.reflect.NativeMethodAccessorImpl.invoke(NativeMethodAccessorImpl.java:62)
	at java.base/jdk.internal.reflect.DelegatingMethodAccessorImpl.invoke(DelegatingMethodAccessorImpl.java:43)
	at java.base/java.lang.reflect.Method.invoke(Method.java:566)
	at org.junit.runners.model.FrameworkMethod$1.runReflectiveCall(FrameworkMethod.java:59)
	at org.junit.internal.runners.model.ReflectiveCallable.run(ReflectiveCallable.java:12)
	at org.junit.runners.model.FrameworkMethod.invokeExplosively(FrameworkMethod.java:56)
	at org.junit.internal.runners.statements.InvokeMethod.evaluate(InvokeMethod.java:17)
	at org.junit.internal.runners.statements.RunBefores.evaluate(RunBefores.java:26)
	at org.junit.internal.runners.statements.FailOnTimeout$CallableStatement.call(FailOnTimeout.java:299)
	at org.junit.internal.runners.statements.FailOnTimeout$CallableStatement.call(FailOnTimeout.java:293)
	at java.base/java.util.concurrent.FutureTask.run(FutureTask.java:264)
	at java.base/java.lang.Thread.run(Thread.java:829)

Running me.nurio.events.internal.ReflectedEventManager_getRegisteredListeners_15657902988
Tests run: 1, Failures: 0, Errors: 1, Skipped: 0, Time elapsed: 0.001 sec <<< FAILURE!
test(me.nurio.events.internal.ReflectedEventManager_getRegisteredListeners_15657902988)  Time elapsed: 0.001 sec  <<< ERROR!
java.lang.NullPointerException
	at me.nurio.events.internal.ReflectedEventManager.getRegisteredListeners(ReflectedEventManager.java:45)
	at java.base/jdk.internal.reflect.NativeMethodAccessorImpl.invoke0(Native Method)
	at java.base/jdk.internal.reflect.NativeMethodAccessorImpl.invoke(NativeMethodAccessorImpl.java:62)
	at java.base/jdk.internal.reflect.DelegatingMethodAccessorImpl.invoke(DelegatingMethodAccessorImpl.java:43)
	at java.base/java.lang.reflect.Method.invoke(Method.java:566)
	at me.nurio.events.internal.ReflectionUtils.callMethod(ReflectionUtils.java:328)
	at me.nurio.events.internal.ReflectedEventManager_getRegisteredListeners_15657902988.test(ReflectedEventManager_getRegisteredListeners_15657902988.java:45)
	at java.base/jdk.internal.reflect.NativeMethodAccessorImpl.invoke0(Native Method)
	at java.base/jdk.internal.reflect.NativeMethodAccessorImpl.invoke(NativeMethodAccessorImpl.java:62)
	at java.base/jdk.internal.reflect.DelegatingMethodAccessorImpl.invoke(DelegatingMethodAccessorImpl.java:43)
	at java.base/java.lang.reflect.Method.invoke(Method.java:566)
	at org.junit.runners.model.FrameworkMethod$1.runReflectiveCall(FrameworkMethod.java:59)
	at org.junit.internal.runners.model.ReflectiveCallable.run(ReflectiveCallable.java:12)
	at org.junit.runners.model.FrameworkMethod.invokeExplosively(FrameworkMethod.java:56)
	at org.junit.internal.runners.statements.InvokeMethod.evaluate(InvokeMethod.java:17)
	at org.junit.internal.runners.statements.RunBefores.evaluate(RunBefores.java:26)
	at org.junit.internal.runners.statements.FailOnTimeout$CallableStatement.call(FailOnTimeout.java:299)
	at org.junit.internal.runners.statements.FailOnTimeout$CallableStatement.call(FailOnTimeout.java:293)
	at java.base/java.util.concurrent.FutureTask.run(FutureTask.java:264)
	at java.base/java.lang.Thread.run(Thread.java:829)

Running me.nurio.events.internal.ReflectedEventManager_isDebugLoggingEnabled_3937719166
Tests run: 1, Failures: 0, Errors: 0, Skipped: 0, Time elapsed: 0.002 sec
Running me.nurio.events.internal.EventReflectionUtils_init_1550402640
Tests run: 1, Failures: 0, Errors: 0, Skipped: 0, Time elapsed: 0.002 sec
Running me.nurio.events.internal.EventManagement_init_18767409955
Tests run: 1, Failures: 0, Errors: 0, Skipped: 0, Time elapsed: 0.003 sec
Running me.nurio.events.internal.ReflectedEventManager_registerEvents_6149461652
Tests run: 1, Failures: 0, Errors: 1, Skipped: 0, Time elapsed: 0.008 sec <<< FAILURE!
test(me.nurio.events.internal.ReflectedEventManager_registerEvents_6149461652)  Time elapsed: 0.007 sec  <<< ERROR!
java.lang.NullPointerException
	at me.nurio.events.internal.ReflectedEventManager.registerEvents(ReflectedEventManager.java:59)
	at java.base/jdk.internal.reflect.NativeMethodAccessorImpl.invoke0(Native Method)
	at java.base/jdk.internal.reflect.NativeMethodAccessorImpl.invoke(NativeMethodAccessorImpl.java:62)
	at java.base/jdk.internal.reflect.DelegatingMethodAccessorImpl.invoke(DelegatingMethodAccessorImpl.java:43)
	at java.base/java.lang.reflect.Method.invoke(Method.java:566)
	at me.nurio.events.internal.ReflectionUtils.callMethod(ReflectionUtils.java:328)
	at me.nurio.events.internal.ReflectedEventManager_registerEvents_6149461652.test(ReflectedEventManager_registerEvents_6149461652.java:61)
	at java.base/jdk.internal.reflect.NativeMethodAccessorImpl.invoke0(Native Method)
	at java.base/jdk.internal.reflect.NativeMethodAccessorImpl.invoke(NativeMethodAccessorImpl.java:62)
	at java.base/jdk.internal.reflect.DelegatingMethodAccessorImpl.invoke(DelegatingMethodAccessorImpl.java:43)
	at java.base/java.lang.reflect.Method.invoke(Method.java:566)
	at org.junit.runners.model.FrameworkMethod$1.runReflectiveCall(FrameworkMethod.java:59)
	at org.junit.internal.runners.model.ReflectiveCallable.run(ReflectiveCallable.java:12)
	at org.junit.runners.model.FrameworkMethod.invokeExplosively(FrameworkMethod.java:56)
	at org.junit.internal.runners.statements.InvokeMethod.evaluate(InvokeMethod.java:17)
	at org.junit.internal.runners.statements.RunBefores.evaluate(RunBefores.java:26)
	at org.junit.internal.runners.statements.FailOnTimeout$CallableStatement.call(FailOnTimeout.java:299)
	at org.junit.internal.runners.statements.FailOnTimeout$CallableStatement.call(FailOnTimeout.java:293)
	at java.base/java.util.concurrent.FutureTask.run(FutureTask.java:264)
	at java.base/java.lang.Thread.run(Thread.java:829)

Running me.nurio.events.internal.EventManagement_getEventHandlerFor_82365409410
Tests run: 1, Failures: 0, Errors: 1, Skipped: 0, Time elapsed: 0 sec <<< FAILURE!
test(me.nurio.events.internal.EventManagement_getEventHandlerFor_82365409410)  Time elapsed: 0 sec  <<< ERROR!
java.lang.NullPointerException
	at me.nurio.events.internal.EventManagement.getEventHandlerFor(EventManagement.java:100)
	at java.base/jdk.internal.reflect.NativeMethodAccessorImpl.invoke0(Native Method)
	at java.base/jdk.internal.reflect.NativeMethodAccessorImpl.invoke(NativeMethodAccessorImpl.java:62)
	at java.base/jdk.internal.reflect.DelegatingMethodAccessorImpl.invoke(DelegatingMethodAccessorImpl.java:43)
	at java.base/java.lang.reflect.Method.invoke(Method.java:566)
	at me.nurio.events.internal.ReflectionUtils.callMethod(ReflectionUtils.java:328)
	at me.nurio.events.internal.EventManagement_getEventHandlerFor_82365409410.test(EventManagement_getEventHandlerFor_82365409410.java:46)
	at java.base/jdk.internal.reflect.NativeMethodAccessorImpl.invoke0(Native Method)
	at java.base/jdk.internal.reflect.NativeMethodAccessorImpl.invoke(NativeMethodAccessorImpl.java:62)
	at java.base/jdk.internal.reflect.DelegatingMethodAccessorImpl.invoke(DelegatingMethodAccessorImpl.java:43)
	at java.base/java.lang.reflect.Method.invoke(Method.java:566)
	at org.junit.runners.model.FrameworkMethod$1.runReflectiveCall(FrameworkMethod.java:59)
	at org.junit.internal.runners.model.ReflectiveCallable.run(ReflectiveCallable.java:12)
	at org.junit.runners.model.FrameworkMethod.invokeExplosively(FrameworkMethod.java:56)
	at org.junit.internal.runners.statements.InvokeMethod.evaluate(InvokeMethod.java:17)
	at org.junit.internal.runners.statements.RunBefores.evaluate(RunBefores.java:26)
	at org.junit.internal.runners.statements.FailOnTimeout$CallableStatement.call(FailOnTimeout.java:299)
	at org.junit.internal.runners.statements.FailOnTimeout$CallableStatement.call(FailOnTimeout.java:293)
	at java.base/java.util.concurrent.FutureTask.run(FutureTask.java:264)
	at java.base/java.lang.Thread.run(Thread.java:829)

Running me.nurio.events.internal.ReflectedEventManager_unregisterEvents_152688413210
Tests run: 1, Failures: 0, Errors: 1, Skipped: 0, Time elapsed: 0 sec <<< FAILURE!
test(me.nurio.events.internal.ReflectedEventManager_unregisterEvents_152688413210)  Time elapsed: 0 sec  <<< ERROR!
java.lang.NullPointerException
	at me.nurio.events.internal.ReflectedEventManager.unregisterEvents(ReflectedEventManager.java:78)
	at java.base/jdk.internal.reflect.NativeMethodAccessorImpl.invoke0(Native Method)
	at java.base/jdk.internal.reflect.NativeMethodAccessorImpl.invoke(NativeMethodAccessorImpl.java:62)
	at java.base/jdk.internal.reflect.DelegatingMethodAccessorImpl.invoke(DelegatingMethodAccessorImpl.java:43)
	at java.base/java.lang.reflect.Method.invoke(Method.java:566)
	at me.nurio.events.internal.ReflectionUtils.callMethod(ReflectionUtils.java:328)
	at me.nurio.events.internal.ReflectedEventManager_unregisterEvents_152688413210.test(ReflectedEventManager_unregisterEvents_152688413210.java:47)
	at java.base/jdk.internal.reflect.NativeMethodAccessorImpl.invoke0(Native Method)
	at java.base/jdk.internal.reflect.NativeMethodAccessorImpl.invoke(NativeMethodAccessorImpl.java:62)
	at java.base/jdk.internal.reflect.DelegatingMethodAccessorImpl.invoke(DelegatingMethodAccessorImpl.java:43)
	at java.base/java.lang.reflect.Method.invoke(Method.java:566)
	at org.junit.runners.model.FrameworkMethod$1.runReflectiveCall(FrameworkMethod.java:59)
	at org.junit.internal.runners.model.ReflectiveCallable.run(ReflectiveCallable.java:12)
	at org.junit.runners.model.FrameworkMethod.invokeExplosively(FrameworkMethod.java:56)
	at org.junit.internal.runners.statements.InvokeMethod.evaluate(InvokeMethod.java:17)
	at org.junit.internal.runners.statements.RunBefores.evaluate(RunBefores.java:26)
	at org.junit.internal.runners.statements.FailOnTimeout$CallableStatement.call(FailOnTimeout.java:299)
	at org.junit.internal.runners.statements.FailOnTimeout$CallableStatement.call(FailOnTimeout.java:293)
	at java.base/java.util.concurrent.FutureTask.run(FutureTask.java:264)
	at java.base/java.lang.Thread.run(Thread.java:829)

Running me.nurio.events.internal.annotations.EventAnnotationHandlersManager_getHandlers_13157983682
Tests run: 1, Failures: 0, Errors: 0, Skipped: 0, Time elapsed: 0.001 sec
Running me.nurio.events.internal.annotations.EventHandlerAnnotationEventHandler_init_11298626500
Tests run: 1, Failures: 0, Errors: 0, Skipped: 0, Time elapsed: 0.002 sec
Running me.nurio.events.internal.annotations.EventHandlerAnnotationEventHandler_shouldIgnoreCancellable_10826671906
Tests run: 1, Failures: 0, Errors: 1, Skipped: 0, Time elapsed: 0.006 sec <<< FAILURE!
test(me.nurio.events.internal.annotations.EventHandlerAnnotationEventHandler_shouldIgnoreCancellable_10826671906)  Time elapsed: 0.005 sec  <<< ERROR!
java.lang.NullPointerException
	at me.nurio.events.internal.annotations.EventHandlerAnnotationEventHandler.shouldIgnoreCancellable(EventHandlerAnnotationEventHandler.java:40)
	at java.base/jdk.internal.reflect.NativeMethodAccessorImpl.invoke0(Native Method)
	at java.base/jdk.internal.reflect.NativeMethodAccessorImpl.invoke(NativeMethodAccessorImpl.java:62)
	at java.base/jdk.internal.reflect.DelegatingMethodAccessorImpl.invoke(DelegatingMethodAccessorImpl.java:43)
	at java.base/java.lang.reflect.Method.invoke(Method.java:566)
	at me.nurio.events.internal.annotations.ReflectionUtils.callMethod(ReflectionUtils.java:328)
	at me.nurio.events.internal.annotations.EventHandlerAnnotationEventHandler_shouldIgnoreCancellable_10826671906.test(EventHandlerAnnotationEventHandler_shouldIgnoreCancellable_10826671906.java:45)
	at java.base/jdk.internal.reflect.NativeMethodAccessorImpl.invoke0(Native Method)
	at java.base/jdk.internal.reflect.NativeMethodAccessorImpl.invoke(NativeMethodAccessorImpl.java:62)
	at java.base/jdk.internal.reflect.DelegatingMethodAccessorImpl.invoke(DelegatingMethodAccessorImpl.java:43)
	at java.base/java.lang.reflect.Method.invoke(Method.java:566)
	at org.junit.runners.model.FrameworkMethod$1.runReflectiveCall(FrameworkMethod.java:59)
	at org.junit.internal.runners.model.ReflectiveCallable.run(ReflectiveCallable.java:12)
	at org.junit.runners.model.FrameworkMethod.invokeExplosively(FrameworkMethod.java:56)
	at org.junit.internal.runners.statements.InvokeMethod.evaluate(InvokeMethod.java:17)
	at org.junit.internal.runners.statements.RunBefores.evaluate(RunBefores.java:26)
	at org.junit.internal.runners.statements.FailOnTimeout$CallableStatement.call(FailOnTimeout.java:299)
	at org.junit.internal.runners.statements.FailOnTimeout$CallableStatement.call(FailOnTimeout.java:293)
	at java.base/java.util.concurrent.FutureTask.run(FutureTask.java:264)
	at java.base/java.lang.Thread.run(Thread.java:829)

Running me.nurio.events.internal.annotations.HandledMethod_init_7651351522
Tests run: 1, Failures: 0, Errors: 0, Skipped: 0, Time elapsed: 0.002 sec
Running me.nurio.events.internal.annotations.EventAnnotationHandlersManager_addAnnotationHandler_9380464351
Tests run: 1, Failures: 0, Errors: 0, Skipped: 0, Time elapsed: 0.005 sec
Running me.nurio.events.internal.annotations.EventHandlerAnnotationEventHandler_getEventPriority_7207139375
Tests run: 1, Failures: 0, Errors: 1, Skipped: 0, Time elapsed: 0.001 sec <<< FAILURE!
test(me.nurio.events.internal.annotations.EventHandlerAnnotationEventHandler_getEventPriority_7207139375)  Time elapsed: 0.001 sec  <<< ERROR!
java.lang.NullPointerException
	at me.nurio.events.internal.annotations.EventHandlerAnnotationEventHandler.getEventPriority(EventHandlerAnnotationEventHandler.java:28)
	at java.base/jdk.internal.reflect.NativeMethodAccessorImpl.invoke0(Native Method)
	at java.base/jdk.internal.reflect.NativeMethodAccessorImpl.invoke(NativeMethodAccessorImpl.java:62)
	at java.base/jdk.internal.reflect.DelegatingMethodAccessorImpl.invoke(DelegatingMethodAccessorImpl.java:43)
	at java.base/java.lang.reflect.Method.invoke(Method.java:566)
	at me.nurio.events.internal.annotations.ReflectionUtils.callMethod(ReflectionUtils.java:328)
	at me.nurio.events.internal.annotations.EventHandlerAnnotationEventHandler_getEventPriority_7207139375.test(EventHandlerAnnotationEventHandler_getEventPriority_7207139375.java:45)
	at java.base/jdk.internal.reflect.NativeMethodAccessorImpl.invoke0(Native Method)
	at java.base/jdk.internal.reflect.NativeMethodAccessorImpl.invoke(NativeMethodAccessorImpl.java:62)
	at java.base/jdk.internal.reflect.DelegatingMethodAccessorImpl.invoke(DelegatingMethodAccessorImpl.java:43)
	at java.base/java.lang.reflect.Method.invoke(Method.java:566)
	at org.junit.runners.model.FrameworkMethod$1.runReflectiveCall(FrameworkMethod.java:59)
	at org.junit.internal.runners.model.ReflectiveCallable.run(ReflectiveCallable.java:12)
	at org.junit.runners.model.FrameworkMethod.invokeExplosively(FrameworkMethod.java:56)
	at org.junit.internal.runners.statements.InvokeMethod.evaluate(InvokeMethod.java:17)
	at org.junit.internal.runners.statements.RunBefores.evaluate(RunBefores.java:26)
	at org.junit.internal.runners.statements.FailOnTimeout$CallableStatement.call(FailOnTimeout.java:299)
	at org.junit.internal.runners.statements.FailOnTimeout$CallableStatement.call(FailOnTimeout.java:293)
	at java.base/java.util.concurrent.FutureTask.run(FutureTask.java:264)
	at java.base/java.lang.Thread.run(Thread.java:829)

Running me.nurio.events.internal.annotations.HandledMethod_getMethod_8859042520
Tests run: 1, Failures: 0, Errors: 0, Skipped: 0, Time elapsed: 0.004 sec
Running me.nurio.events.internal.annotations.EventAnnotationHandlersManager_getHandledMethodsFrom_12110106504
Tests run: 1, Failures: 0, Errors: 1, Skipped: 0, Time elapsed: 0 sec <<< FAILURE!
test(me.nurio.events.internal.annotations.EventAnnotationHandlersManager_getHandledMethodsFrom_12110106504)  Time elapsed: 0 sec  <<< ERROR!
java.lang.NullPointerException
	at me.nurio.events.internal.annotations.EventAnnotationHandlersManager.handledMethodsFrom(EventAnnotationHandlersManager.java:73)
	at me.nurio.events.internal.annotations.EventAnnotationHandlersManager.getHandledMethodsFrom(EventAnnotationHandlersManager.java:58)
	at java.base/jdk.internal.reflect.NativeMethodAccessorImpl.invoke0(Native Method)
	at java.base/jdk.internal.reflect.NativeMethodAccessorImpl.invoke(NativeMethodAccessorImpl.java:62)
	at java.base/jdk.internal.reflect.DelegatingMethodAccessorImpl.invoke(DelegatingMethodAccessorImpl.java:43)
	at java.base/java.lang.reflect.Method.invoke(Method.java:566)
	at me.nurio.events.internal.annotations.ReflectionUtils.callMethod(ReflectionUtils.java:328)
	at me.nurio.events.internal.annotations.EventAnnotationHandlersManager_getHandledMethodsFrom_12110106504.test(EventAnnotationHandlersManager_getHandledMethodsFrom_12110106504.java:47)
	at java.base/jdk.internal.reflect.NativeMethodAccessorImpl.invoke0(Native Method)
	at java.base/jdk.internal.reflect.NativeMethodAccessorImpl.invoke(NativeMethodAccessorImpl.java:62)
	at java.base/jdk.internal.reflect.DelegatingMethodAccessorImpl.invoke(DelegatingMethodAccessorImpl.java:43)
	at java.base/java.lang.reflect.Method.invoke(Method.java:566)
	at org.junit.runners.model.FrameworkMethod$1.runReflectiveCall(FrameworkMethod.java:59)
	at org.junit.internal.runners.model.ReflectiveCallable.run(ReflectiveCallable.java:12)
	at org.junit.runners.model.FrameworkMethod.invokeExplosively(FrameworkMethod.java:56)
	at org.junit.internal.runners.statements.InvokeMethod.evaluate(InvokeMethod.java:17)
	at org.junit.internal.runners.statements.RunBefores.evaluate(RunBefores.java:26)
	at org.junit.internal.runners.statements.FailOnTimeout$CallableStatement.call(FailOnTimeout.java:299)
	at org.junit.internal.runners.statements.FailOnTimeout$CallableStatement.call(FailOnTimeout.java:293)
	at java.base/java.util.concurrent.FutureTask.run(FutureTask.java:264)
	at java.base/java.lang.Thread.run(Thread.java:829)

Running me.nurio.events.internal.annotations.EventAnnotationHandlersManager_getHandlers_13157983688
Tests run: 1, Failures: 0, Errors: 1, Skipped: 0, Time elapsed: 0 sec <<< FAILURE!
test(me.nurio.events.internal.annotations.EventAnnotationHandlersManager_getHandlers_13157983688)  Time elapsed: 0 sec  <<< ERROR!
java.lang.NullPointerException
	at me.nurio.events.internal.annotations.EventAnnotationHandlersManager.getHandlers(EventAnnotationHandlersManager.java:33)
	at java.base/jdk.internal.reflect.NativeMethodAccessorImpl.invoke0(Native Method)
	at java.base/jdk.internal.reflect.NativeMethodAccessorImpl.invoke(NativeMethodAccessorImpl.java:62)
	at java.base/jdk.internal.reflect.DelegatingMethodAccessorImpl.invoke(DelegatingMethodAccessorImpl.java:43)
	at java.base/java.lang.reflect.Method.invoke(Method.java:566)
	at me.nurio.events.internal.annotations.ReflectionUtils.callMethod(ReflectionUtils.java:328)
	at me.nurio.events.internal.annotations.EventAnnotationHandlersManager_getHandlers_13157983688.test(EventAnnotationHandlersManager_getHandlers_13157983688.java:45)
	at java.base/jdk.internal.reflect.NativeMethodAccessorImpl.invoke0(Native Method)
	at java.base/jdk.internal.reflect.NativeMethodAccessorImpl.invoke(NativeMethodAccessorImpl.java:62)
	at java.base/jdk.internal.reflect.DelegatingMethodAccessorImpl.invoke(DelegatingMethodAccessorImpl.java:43)
	at java.base/java.lang.reflect.Method.invoke(Method.java:566)
	at org.junit.runners.model.FrameworkMethod$1.runReflectiveCall(FrameworkMethod.java:59)
	at org.junit.internal.runners.model.ReflectiveCallable.run(ReflectiveCallable.java:12)
	at org.junit.runners.model.FrameworkMethod.invokeExplosively(FrameworkMethod.java:56)
	at org.junit.internal.runners.statements.InvokeMethod.evaluate(InvokeMethod.java:17)
	at org.junit.internal.runners.statements.RunBefores.evaluate(RunBefores.java:26)
	at org.junit.internal.runners.statements.FailOnTimeout$CallableStatement.call(FailOnTimeout.java:299)
	at org.junit.internal.runners.statements.FailOnTimeout$CallableStatement.call(FailOnTimeout.java:293)
	at java.base/java.util.concurrent.FutureTask.run(FutureTask.java:264)
	at java.base/java.lang.Thread.run(Thread.java:829)

Running me.nurio.events.internal.annotations.AnnotationEventHandler_shouldIgnoreCancellable_11467355785
Tests run: 1, Failures: 0, Errors: 1, Skipped: 0, Time elapsed: 0 sec <<< FAILURE!
test(me.nurio.events.internal.annotations.AnnotationEventHandler_shouldIgnoreCancellable_11467355785)  Time elapsed: 0 sec  <<< ERROR!
java.lang.NullPointerException
	at java.base/jdk.internal.reflect.NativeMethodAccessorImpl.invoke0(Native Method)
	at java.base/jdk.internal.reflect.NativeMethodAccessorImpl.invoke(NativeMethodAccessorImpl.java:62)
	at java.base/jdk.internal.reflect.DelegatingMethodAccessorImpl.invoke(DelegatingMethodAccessorImpl.java:43)
	at java.base/java.lang.reflect.Method.invoke(Method.java:566)
	at me.nurio.events.internal.annotations.ReflectionUtils.callMethod(ReflectionUtils.java:328)
	at me.nurio.events.internal.annotations.AnnotationEventHandler_shouldIgnoreCancellable_11467355785.test(AnnotationEventHandler_shouldIgnoreCancellable_11467355785.java:42)
	at java.base/jdk.internal.reflect.NativeMethodAccessorImpl.invoke0(Native Method)
	at java.base/jdk.internal.reflect.NativeMethodAccessorImpl.invoke(NativeMethodAccessorImpl.java:62)
	at java.base/jdk.internal.reflect.DelegatingMethodAccessorImpl.invoke(DelegatingMethodAccessorImpl.java:43)
	at java.base/java.lang.reflect.Method.invoke(Method.java:566)
	at org.junit.runners.model.FrameworkMethod$1.runReflectiveCall(FrameworkMethod.java:59)
	at org.junit.internal.runners.model.ReflectiveCallable.run(ReflectiveCallable.java:12)
	at org.junit.runners.model.FrameworkMethod.invokeExplosively(FrameworkMethod.java:56)
	at org.junit.internal.runners.statements.InvokeMethod.evaluate(InvokeMethod.java:17)
	at org.junit.internal.runners.statements.RunBefores.evaluate(RunBefores.java:26)
	at org.junit.internal.runners.statements.FailOnTimeout$CallableStatement.call(FailOnTimeout.java:299)
	at org.junit.internal.runners.statements.FailOnTimeout$CallableStatement.call(FailOnTimeout.java:293)
	at java.base/java.util.concurrent.FutureTask.run(FutureTask.java:264)
	at java.base/java.lang.Thread.run(Thread.java:829)

Running me.nurio.events.internal.annotations.EventAnnotationHandlersManager_hasHandlers_18621827463
Tests run: 1, Failures: 0, Errors: 0, Skipped: 0, Time elapsed: 0.006 sec
Running me.nurio.events.internal.annotations.HandledMethod_getMethod_8859042523
Tests run: 1, Failures: 0, Errors: 0, Skipped: 0, Time elapsed: 0.001 sec
Running me.nurio.events.internal.annotations.AnnotationEventHandler_getEventPriority_13448505911
Tests run: 1, Failures: 0, Errors: 1, Skipped: 0, Time elapsed: 0.001 sec <<< FAILURE!
test(me.nurio.events.internal.annotations.AnnotationEventHandler_getEventPriority_13448505911)  Time elapsed: 0 sec  <<< ERROR!
java.lang.NullPointerException
	at java.base/jdk.internal.reflect.NativeMethodAccessorImpl.invoke0(Native Method)
	at java.base/jdk.internal.reflect.NativeMethodAccessorImpl.invoke(NativeMethodAccessorImpl.java:62)
	at java.base/jdk.internal.reflect.DelegatingMethodAccessorImpl.invoke(DelegatingMethodAccessorImpl.java:43)
	at java.base/java.lang.reflect.Method.invoke(Method.java:566)
	at me.nurio.events.internal.annotations.ReflectionUtils.callMethod(ReflectionUtils.java:328)
	at me.nurio.events.internal.annotations.AnnotationEventHandler_getEventPriority_13448505911.test(AnnotationEventHandler_getEventPriority_13448505911.java:53)
	at java.base/jdk.internal.reflect.NativeMethodAccessorImpl.invoke0(Native Method)
	at java.base/jdk.internal.reflect.NativeMethodAccessorImpl.invoke(NativeMethodAccessorImpl.java:62)
	at java.base/jdk.internal.reflect.DelegatingMethodAccessorImpl.invoke(DelegatingMethodAccessorImpl.java:43)
	at java.base/java.lang.reflect.Method.invoke(Method.java:566)
	at org.junit.runners.model.FrameworkMethod$1.runReflectiveCall(FrameworkMethod.java:59)
	at org.junit.internal.runners.model.ReflectiveCallable.run(ReflectiveCallable.java:12)
	at org.junit.runners.model.FrameworkMethod.invokeExplosively(FrameworkMethod.java:56)
	at org.junit.internal.runners.statements.InvokeMethod.evaluate(InvokeMethod.java:17)
	at org.junit.internal.runners.statements.RunBefores.evaluate(RunBefores.java:26)
	at org.junit.internal.runners.statements.FailOnTimeout$CallableStatement.call(FailOnTimeout.java:299)
	at org.junit.internal.runners.statements.FailOnTimeout$CallableStatement.call(FailOnTimeout.java:293)
	at java.base/java.util.concurrent.FutureTask.run(FutureTask.java:264)
	at java.base/java.lang.Thread.run(Thread.java:829)

Running me.nurio.events.internal.annotations.EventHandlerAnnotationEventHandler_shouldIgnoreCancellable_10826671902
Tests run: 1, Failures: 0, Errors: 1, Skipped: 0, Time elapsed: 0 sec <<< FAILURE!
test(me.nurio.events.internal.annotations.EventHandlerAnnotationEventHandler_shouldIgnoreCancellable_10826671902)  Time elapsed: 0 sec  <<< ERROR!
java.lang.NullPointerException
	at me.nurio.events.internal.annotations.EventHandlerAnnotationEventHandler.shouldIgnoreCancellable(EventHandlerAnnotationEventHandler.java:41)
	at java.base/jdk.internal.reflect.NativeMethodAccessorImpl.invoke0(Native Method)
	at java.base/jdk.internal.reflect.NativeMethodAccessorImpl.invoke(NativeMethodAccessorImpl.java:62)
	at java.base/jdk.internal.reflect.DelegatingMethodAccessorImpl.invoke(DelegatingMethodAccessorImpl.java:43)
	at java.base/java.lang.reflect.Method.invoke(Method.java:566)
	at me.nurio.events.internal.annotations.ReflectionUtils.callMethod(ReflectionUtils.java:328)
	at me.nurio.events.internal.annotations.EventHandlerAnnotationEventHandler_shouldIgnoreCancellable_10826671902.test(EventHandlerAnnotationEventHandler_shouldIgnoreCancellable_10826671902.java:55)
	at java.base/jdk.internal.reflect.NativeMethodAccessorImpl.invoke0(Native Method)
	at java.base/jdk.internal.reflect.NativeMethodAccessorImpl.invoke(NativeMethodAccessorImpl.java:62)
	at java.base/jdk.internal.reflect.DelegatingMethodAccessorImpl.invoke(DelegatingMethodAccessorImpl.java:43)
	at java.base/java.lang.reflect.Method.invoke(Method.java:566)
	at org.junit.runners.model.FrameworkMethod$1.runReflectiveCall(FrameworkMethod.java:59)
	at org.junit.internal.runners.model.ReflectiveCallable.run(ReflectiveCallable.java:12)
	at org.junit.runners.model.FrameworkMethod.invokeExplosively(FrameworkMethod.java:56)
	at org.junit.internal.runners.statements.InvokeMethod.evaluate(InvokeMethod.java:17)
	at org.junit.internal.runners.statements.RunBefores.evaluate(RunBefores.java:26)
	at org.junit.internal.runners.statements.FailOnTimeout$CallableStatement.call(FailOnTimeout.java:299)
	at org.junit.internal.runners.statements.FailOnTimeout$CallableStatement.call(FailOnTimeout.java:293)
	at java.base/java.util.concurrent.FutureTask.run(FutureTask.java:264)
	at java.base/java.lang.Thread.run(Thread.java:829)

Running me.nurio.events.internal.annotations.EventAnnotationHandlersManager_hasHandlers_18621827469
Tests run: 1, Failures: 0, Errors: 1, Skipped: 0, Time elapsed: 0.006 sec <<< FAILURE!
test(me.nurio.events.internal.annotations.EventAnnotationHandlersManager_hasHandlers_18621827469)  Time elapsed: 0.001 sec  <<< ERROR!
java.lang.NullPointerException
	at me.nurio.events.internal.annotations.EventAnnotationHandlersManager.getHandlers(EventAnnotationHandlersManager.java:33)
	at me.nurio.events.internal.annotations.EventAnnotationHandlersManager.hasHandlers(EventAnnotationHandlersManager.java:47)
	at java.base/jdk.internal.reflect.NativeMethodAccessorImpl.invoke0(Native Method)
	at java.base/jdk.internal.reflect.NativeMethodAccessorImpl.invoke(NativeMethodAccessorImpl.java:62)
	at java.base/jdk.internal.reflect.DelegatingMethodAccessorImpl.invoke(DelegatingMethodAccessorImpl.java:43)
	at java.base/java.lang.reflect.Method.invoke(Method.java:566)
	at me.nurio.events.internal.annotations.ReflectionUtils.callMethod(ReflectionUtils.java:328)
	at me.nurio.events.internal.annotations.EventAnnotationHandlersManager_hasHandlers_18621827469.test(EventAnnotationHandlersManager_hasHandlers_18621827469.java:45)
	at java.base/jdk.internal.reflect.NativeMethodAccessorImpl.invoke0(Native Method)
	at java.base/jdk.internal.reflect.NativeMethodAccessorImpl.invoke(NativeMethodAccessorImpl.java:62)
	at java.base/jdk.internal.reflect.DelegatingMethodAccessorImpl.invoke(DelegatingMethodAccessorImpl.java:43)
	at java.base/java.lang.reflect.Method.invoke(Method.java:566)
	at org.junit.runners.model.FrameworkMethod$1.runReflectiveCall(FrameworkMethod.java:59)
	at org.junit.internal.runners.model.ReflectiveCallable.run(ReflectiveCallable.java:12)
	at org.junit.runners.model.FrameworkMethod.invokeExplosively(FrameworkMethod.java:56)
	at org.junit.internal.runners.statements.InvokeMethod.evaluate(InvokeMethod.java:17)
	at org.junit.internal.runners.statements.RunBefores.evaluate(RunBefores.java:26)
	at org.junit.internal.runners.statements.FailOnTimeout$CallableStatement.call(FailOnTimeout.java:299)
	at org.junit.internal.runners.statements.FailOnTimeout$CallableStatement.call(FailOnTimeout.java:293)
	at java.base/java.util.concurrent.FutureTask.run(FutureTask.java:264)
	at java.base/java.lang.Thread.run(Thread.java:829)

Running me.nurio.events.internal.annotations.EventHandlerAnnotationEventHandler_init_11298626504
Tests run: 1, Failures: 0, Errors: 0, Skipped: 0, Time elapsed: 0 sec
Running me.nurio.events.internal.annotations.EventAnnotationHandlersManager_init_18094682426
Tests run: 1, Failures: 0, Errors: 0, Skipped: 0, Time elapsed: 0 sec
Running me.nurio.events.internal.annotations.EventHandlerAnnotationEventHandler_getEventPriority_7207139371
Tests run: 1, Failures: 0, Errors: 1, Skipped: 0, Time elapsed: 0.003 sec <<< FAILURE!
test(me.nurio.events.internal.annotations.EventHandlerAnnotationEventHandler_getEventPriority_7207139371)  Time elapsed: 0.002 sec  <<< ERROR!
java.lang.NullPointerException
	at me.nurio.events.internal.annotations.EventHandlerAnnotationEventHandler.getEventPriority(EventHandlerAnnotationEventHandler.java:29)
	at java.base/jdk.internal.reflect.NativeMethodAccessorImpl.invoke0(Native Method)
	at java.base/jdk.internal.reflect.NativeMethodAccessorImpl.invoke(NativeMethodAccessorImpl.java:62)
	at java.base/jdk.internal.reflect.DelegatingMethodAccessorImpl.invoke(DelegatingMethodAccessorImpl.java:43)
	at java.base/java.lang.reflect.Method.invoke(Method.java:566)
	at me.nurio.events.internal.annotations.ReflectionUtils.callMethod(ReflectionUtils.java:328)
	at me.nurio.events.internal.annotations.EventHandlerAnnotationEventHandler_getEventPriority_7207139371.test(EventHandlerAnnotationEventHandler_getEventPriority_7207139371.java:55)
	at java.base/jdk.internal.reflect.NativeMethodAccessorImpl.invoke0(Native Method)
	at java.base/jdk.internal.reflect.NativeMethodAccessorImpl.invoke(NativeMethodAccessorImpl.java:62)
	at java.base/jdk.internal.reflect.DelegatingMethodAccessorImpl.invoke(DelegatingMethodAccessorImpl.java:43)
	at java.base/java.lang.reflect.Method.invoke(Method.java:566)
	at org.junit.runners.model.FrameworkMethod$1.runReflectiveCall(FrameworkMethod.java:59)
	at org.junit.internal.runners.model.ReflectiveCallable.run(ReflectiveCallable.java:12)
	at org.junit.runners.model.FrameworkMethod.invokeExplosively(FrameworkMethod.java:56)
	at org.junit.internal.runners.statements.InvokeMethod.evaluate(InvokeMethod.java:17)
	at org.junit.internal.runners.statements.RunBefores.evaluate(RunBefores.java:26)
	at org.junit.internal.runners.statements.FailOnTimeout$CallableStatement.call(FailOnTimeout.java:299)
	at org.junit.internal.runners.statements.FailOnTimeout$CallableStatement.call(FailOnTimeout.java:293)
	at java.base/java.util.concurrent.FutureTask.run(FutureTask.java:264)
	at java.base/java.lang.Thread.run(Thread.java:829)

Running me.nurio.events.internal.annotations.AnnotationEventHandler_shouldIgnoreCancellable_11467355782
Tests run: 1, Failures: 0, Errors: 1, Skipped: 0, Time elapsed: 0.003 sec <<< FAILURE!
test(me.nurio.events.internal.annotations.AnnotationEventHandler_shouldIgnoreCancellable_11467355782)  Time elapsed: 0.002 sec  <<< ERROR!
java.lang.NullPointerException
	at java.base/jdk.internal.reflect.NativeMethodAccessorImpl.invoke0(Native Method)
	at java.base/jdk.internal.reflect.NativeMethodAccessorImpl.invoke(NativeMethodAccessorImpl.java:62)
	at java.base/jdk.internal.reflect.DelegatingMethodAccessorImpl.invoke(DelegatingMethodAccessorImpl.java:43)
	at java.base/java.lang.reflect.Method.invoke(Method.java:566)
	at me.nurio.events.internal.annotations.ReflectionUtils.callMethod(ReflectionUtils.java:328)
	at me.nurio.events.internal.annotations.AnnotationEventHandler_shouldIgnoreCancellable_11467355782.test(AnnotationEventHandler_shouldIgnoreCancellable_11467355782.java:51)
	at java.base/jdk.internal.reflect.NativeMethodAccessorImpl.invoke0(Native Method)
	at java.base/jdk.internal.reflect.NativeMethodAccessorImpl.invoke(NativeMethodAccessorImpl.java:62)
	at java.base/jdk.internal.reflect.DelegatingMethodAccessorImpl.invoke(DelegatingMethodAccessorImpl.java:43)
	at java.base/java.lang.reflect.Method.invoke(Method.java:566)
	at org.junit.runners.model.FrameworkMethod$1.runReflectiveCall(FrameworkMethod.java:59)
	at org.junit.internal.runners.model.ReflectiveCallable.run(ReflectiveCallable.java:12)
	at org.junit.runners.model.FrameworkMethod.invokeExplosively(FrameworkMethod.java:56)
	at org.junit.internal.runners.statements.InvokeMethod.evaluate(InvokeMethod.java:17)
	at org.junit.internal.runners.statements.RunBefores.evaluate(RunBefores.java:26)
	at org.junit.internal.runners.statements.FailOnTimeout$CallableStatement.call(FailOnTimeout.java:299)
	at org.junit.internal.runners.statements.FailOnTimeout$CallableStatement.call(FailOnTimeout.java:293)
	at java.base/java.util.concurrent.FutureTask.run(FutureTask.java:264)
	at java.base/java.lang.Thread.run(Thread.java:829)

Running me.nurio.events.internal.annotations.AnnotationEventHandler_getEventPriority_13448505914
Tests run: 1, Failures: 0, Errors: 1, Skipped: 0, Time elapsed: 0.002 sec <<< FAILURE!
test(me.nurio.events.internal.annotations.AnnotationEventHandler_getEventPriority_13448505914)  Time elapsed: 0.001 sec  <<< ERROR!
java.lang.NullPointerException
	at java.base/jdk.internal.reflect.NativeMethodAccessorImpl.invoke0(Native Method)
	at java.base/jdk.internal.reflect.NativeMethodAccessorImpl.invoke(NativeMethodAccessorImpl.java:62)
	at java.base/jdk.internal.reflect.DelegatingMethodAccessorImpl.invoke(DelegatingMethodAccessorImpl.java:43)
	at java.base/java.lang.reflect.Method.invoke(Method.java:566)
	at me.nurio.events.internal.annotations.ReflectionUtils.callMethod(ReflectionUtils.java:328)
	at me.nurio.events.internal.annotations.AnnotationEventHandler_getEventPriority_13448505914.test(AnnotationEventHandler_getEventPriority_13448505914.java:42)
	at java.base/jdk.internal.reflect.NativeMethodAccessorImpl.invoke0(Native Method)
	at java.base/jdk.internal.reflect.NativeMethodAccessorImpl.invoke(NativeMethodAccessorImpl.java:62)
	at java.base/jdk.internal.reflect.DelegatingMethodAccessorImpl.invoke(DelegatingMethodAccessorImpl.java:43)
	at java.base/java.lang.reflect.Method.invoke(Method.java:566)
	at org.junit.runners.model.FrameworkMethod$1.runReflectiveCall(FrameworkMethod.java:59)
	at org.junit.internal.runners.model.ReflectiveCallable.run(ReflectiveCallable.java:12)
	at org.junit.runners.model.FrameworkMethod.invokeExplosively(FrameworkMethod.java:56)
	at org.junit.internal.runners.statements.InvokeMethod.evaluate(InvokeMethod.java:17)
	at org.junit.internal.runners.statements.RunBefores.evaluate(RunBefores.java:26)
	at org.junit.internal.runners.statements.FailOnTimeout$CallableStatement.call(FailOnTimeout.java:299)
	at org.junit.internal.runners.statements.FailOnTimeout$CallableStatement.call(FailOnTimeout.java:293)
	at java.base/java.util.concurrent.FutureTask.run(FutureTask.java:264)
	at java.base/java.lang.Thread.run(Thread.java:829)

Running me.nurio.events.internal.annotations.EventAnnotationHandlersManager_handledMethodsFrom_17047997725
Tests run: 1, Failures: 0, Errors: 1, Skipped: 0, Time elapsed: 0 sec <<< FAILURE!
test(me.nurio.events.internal.annotations.EventAnnotationHandlersManager_handledMethodsFrom_17047997725)  Time elapsed: 0 sec  <<< ERROR!
java.lang.NullPointerException
	at me.nurio.events.internal.annotations.EventAnnotationHandlersManager.handledMethodsFrom(EventAnnotationHandlersManager.java:73)
	at java.base/jdk.internal.reflect.NativeMethodAccessorImpl.invoke0(Native Method)
	at java.base/jdk.internal.reflect.NativeMethodAccessorImpl.invoke(NativeMethodAccessorImpl.java:62)
	at java.base/jdk.internal.reflect.DelegatingMethodAccessorImpl.invoke(DelegatingMethodAccessorImpl.java:43)
	at java.base/java.lang.reflect.Method.invoke(Method.java:566)
	at me.nurio.events.internal.annotations.ReflectionUtils.callMethod(ReflectionUtils.java:328)
	at me.nurio.events.internal.annotations.EventAnnotationHandlersManager_handledMethodsFrom_17047997725.test(EventAnnotationHandlersManager_handledMethodsFrom_17047997725.java:47)
	at java.base/jdk.internal.reflect.NativeMethodAccessorImpl.invoke0(Native Method)
	at java.base/jdk.internal.reflect.NativeMethodAccessorImpl.invoke(NativeMethodAccessorImpl.java:62)
	at java.base/jdk.internal.reflect.DelegatingMethodAccessorImpl.invoke(DelegatingMethodAccessorImpl.java:43)
	at java.base/java.lang.reflect.Method.invoke(Method.java:566)
	at org.junit.runners.model.FrameworkMethod$1.runReflectiveCall(FrameworkMethod.java:59)
	at org.junit.internal.runners.model.ReflectiveCallable.run(ReflectiveCallable.java:12)
	at org.junit.runners.model.FrameworkMethod.invokeExplosively(FrameworkMethod.java:56)
	at org.junit.internal.runners.statements.InvokeMethod.evaluate(InvokeMethod.java:17)
	at org.junit.internal.runners.statements.RunBefores.evaluate(RunBefores.java:26)
	at org.junit.internal.runners.statements.FailOnTimeout$CallableStatement.call(FailOnTimeout.java:299)
	at org.junit.internal.runners.statements.FailOnTimeout$CallableStatement.call(FailOnTimeout.java:293)
	at java.base/java.util.concurrent.FutureTask.run(FutureTask.java:264)
	at java.base/java.lang.Thread.run(Thread.java:829)

Running me.nurio.events.internal.annotations.EventHandlerAnnotationEventHandler_getAnnotation_15628063657
Tests run: 1, Failures: 0, Errors: 0, Skipped: 0, Time elapsed: 0.002 sec
Running me.nurio.events.internal.annotations.EventAnnotationHandlersManager_getHandledMethodsFrom_121101065010
Tests run: 1, Failures: 0, Errors: 1, Skipped: 0, Time elapsed: 0.001 sec <<< FAILURE!
test(me.nurio.events.internal.annotations.EventAnnotationHandlersManager_getHandledMethodsFrom_121101065010)  Time elapsed: 0.001 sec  <<< ERROR!
java.lang.NullPointerException
	at me.nurio.events.internal.annotations.EventAnnotationHandlersManager.handledMethodsFrom(EventAnnotationHandlersManager.java:73)
	at me.nurio.events.internal.annotations.EventAnnotationHandlersManager.getHandledMethodsFrom(EventAnnotationHandlersManager.java:58)
	at java.base/jdk.internal.reflect.NativeMethodAccessorImpl.invoke0(Native Method)
	at java.base/jdk.internal.reflect.NativeMethodAccessorImpl.invoke(NativeMethodAccessorImpl.java:62)
	at java.base/jdk.internal.reflect.DelegatingMethodAccessorImpl.invoke(DelegatingMethodAccessorImpl.java:43)
	at java.base/java.lang.reflect.Method.invoke(Method.java:566)
	at me.nurio.events.internal.annotations.ReflectionUtils.callMethod(ReflectionUtils.java:328)
	at me.nurio.events.internal.annotations.EventAnnotationHandlersManager_getHandledMethodsFrom_121101065010.test(EventAnnotationHandlersManager_getHandledMethodsFrom_121101065010.java:45)
	at java.base/jdk.internal.reflect.NativeMethodAccessorImpl.invoke0(Native Method)
	at java.base/jdk.internal.reflect.NativeMethodAccessorImpl.invoke(NativeMethodAccessorImpl.java:62)
	at java.base/jdk.internal.reflect.DelegatingMethodAccessorImpl.invoke(DelegatingMethodAccessorImpl.java:43)
	at java.base/java.lang.reflect.Method.invoke(Method.java:566)
	at org.junit.runners.model.FrameworkMethod$1.runReflectiveCall(FrameworkMethod.java:59)
	at org.junit.internal.runners.model.ReflectiveCallable.run(ReflectiveCallable.java:12)
	at org.junit.runners.model.FrameworkMethod.invokeExplosively(FrameworkMethod.java:56)
	at org.junit.internal.runners.statements.InvokeMethod.evaluate(InvokeMethod.java:17)
	at org.junit.internal.runners.statements.RunBefores.evaluate(RunBefores.java:26)
	at org.junit.internal.runners.statements.FailOnTimeout$CallableStatement.call(FailOnTimeout.java:299)
	at org.junit.internal.runners.statements.FailOnTimeout$CallableStatement.call(FailOnTimeout.java:293)
	at java.base/java.util.concurrent.FutureTask.run(FutureTask.java:264)
	at java.base/java.lang.Thread.run(Thread.java:829)

Running me.nurio.events.internal.annotations.EventAnnotationHandlersManager_init_18094682420
Tests run: 1, Failures: 0, Errors: 0, Skipped: 0, Time elapsed: 0 sec
Running me.nurio.events.internal.annotations.HandledMethod_getHandler_21105823551
Tests run: 1, Failures: 0, Errors: 0, Skipped: 0, Time elapsed: 0 sec
Running me.nurio.events.internal.annotations.AnnotationEventHandler_shouldHandle_6743311420
Tests run: 1, Failures: 0, Errors: 1, Skipped: 0, Time elapsed: 0.002 sec <<< FAILURE!
test(me.nurio.events.internal.annotations.AnnotationEventHandler_shouldHandle_6743311420)  Time elapsed: 0.002 sec  <<< ERROR!
java.lang.NullPointerException
	at java.base/jdk.internal.reflect.NativeMethodAccessorImpl.invoke0(Native Method)
	at java.base/jdk.internal.reflect.NativeMethodAccessorImpl.invoke(NativeMethodAccessorImpl.java:62)
	at java.base/jdk.internal.reflect.DelegatingMethodAccessorImpl.invoke(DelegatingMethodAccessorImpl.java:43)
	at java.base/java.lang.reflect.Method.invoke(Method.java:566)
	at me.nurio.events.internal.annotations.ReflectionUtils.callMethod(ReflectionUtils.java:328)
	at me.nurio.events.internal.annotations.AnnotationEventHandler_shouldHandle_6743311420.test(AnnotationEventHandler_shouldHandle_6743311420.java:51)
	at java.base/jdk.internal.reflect.NativeMethodAccessorImpl.invoke0(Native Method)
	at java.base/jdk.internal.reflect.NativeMethodAccessorImpl.invoke(NativeMethodAccessorImpl.java:62)
	at java.base/jdk.internal.reflect.DelegatingMethodAccessorImpl.invoke(DelegatingMethodAccessorImpl.java:43)
	at java.base/java.lang.reflect.Method.invoke(Method.java:566)
	at org.junit.runners.model.FrameworkMethod$1.runReflectiveCall(FrameworkMethod.java:59)
	at org.junit.internal.runners.model.ReflectiveCallable.run(ReflectiveCallable.java:12)
	at org.junit.runners.model.FrameworkMethod.invokeExplosively(FrameworkMethod.java:56)
	at org.junit.internal.runners.statements.InvokeMethod.evaluate(InvokeMethod.java:17)
	at org.junit.internal.runners.statements.RunBefores.evaluate(RunBefores.java:26)
	at org.junit.internal.runners.statements.FailOnTimeout$CallableStatement.call(FailOnTimeout.java:299)
	at org.junit.internal.runners.statements.FailOnTimeout$CallableStatement.call(FailOnTimeout.java:293)
	at java.base/java.util.concurrent.FutureTask.run(FutureTask.java:264)
	at java.base/java.lang.Thread.run(Thread.java:829)

Running me.nurio.events.internal.annotations.EventAnnotationHandlersManager_addAnnotationHandler_9380464357
Tests run: 1, Failures: 0, Errors: 1, Skipped: 0, Time elapsed: 0.006 sec <<< FAILURE!
test(me.nurio.events.internal.annotations.EventAnnotationHandlersManager_addAnnotationHandler_9380464357)  Time elapsed: 0.006 sec  <<< ERROR!
java.lang.NullPointerException
	at me.nurio.events.internal.annotations.EventAnnotationHandlersManager.addAnnotationHandler(EventAnnotationHandlersManager.java:23)
	at java.base/jdk.internal.reflect.NativeMethodAccessorImpl.invoke0(Native Method)
	at java.base/jdk.internal.reflect.NativeMethodAccessorImpl.invoke(NativeMethodAccessorImpl.java:62)
	at java.base/jdk.internal.reflect.DelegatingMethodAccessorImpl.invoke(DelegatingMethodAccessorImpl.java:43)
	at java.base/java.lang.reflect.Method.invoke(Method.java:566)
	at me.nurio.events.internal.annotations.ReflectionUtils.callMethod(ReflectionUtils.java:328)
	at me.nurio.events.internal.annotations.EventAnnotationHandlersManager_addAnnotationHandler_9380464357.test(EventAnnotationHandlersManager_addAnnotationHandler_9380464357.java:45)
	at java.base/jdk.internal.reflect.NativeMethodAccessorImpl.invoke0(Native Method)
	at java.base/jdk.internal.reflect.NativeMethodAccessorImpl.invoke(NativeMethodAccessorImpl.java:62)
	at java.base/jdk.internal.reflect.DelegatingMethodAccessorImpl.invoke(DelegatingMethodAccessorImpl.java:43)
	at java.base/java.lang.reflect.Method.invoke(Method.java:566)
	at org.junit.runners.model.FrameworkMethod$1.runReflectiveCall(FrameworkMethod.java:59)
	at org.junit.internal.runners.model.ReflectiveCallable.run(ReflectiveCallable.java:12)
	at org.junit.runners.model.FrameworkMethod.invokeExplosively(FrameworkMethod.java:56)
	at org.junit.internal.runners.statements.InvokeMethod.evaluate(InvokeMethod.java:17)
	at org.junit.internal.runners.statements.RunBefores.evaluate(RunBefores.java:26)
	at org.junit.internal.runners.statements.FailOnTimeout$CallableStatement.call(FailOnTimeout.java:299)
	at org.junit.internal.runners.statements.FailOnTimeout$CallableStatement.call(FailOnTimeout.java:293)
	at java.base/java.util.concurrent.FutureTask.run(FutureTask.java:264)
	at java.base/java.lang.Thread.run(Thread.java:829)

Running me.nurio.events.internal.annotations.EventHandlerAnnotationEventHandler_getAnnotation_15628063653
Tests run: 1, Failures: 0, Errors: 0, Skipped: 0, Time elapsed: 0.004 sec
Running me.nurio.events.internal.annotations.HandledMethod_getHandler_21105823554
Tests run: 1, Failures: 0, Errors: 0, Skipped: 0, Time elapsed: 0.001 sec
Running me.nurio.events.internal.annotations.HandledMethod_init_7651351525
Tests run: 1, Failures: 0, Errors: 0, Skipped: 0, Time elapsed: 0.001 sec
Running me.nurio.events.internal.annotations.EventAnnotationHandlersManager_handledMethodsFrom_170479977211
Tests run: 1, Failures: 0, Errors: 1, Skipped: 0, Time elapsed: 0.003 sec <<< FAILURE!
test(me.nurio.events.internal.annotations.EventAnnotationHandlersManager_handledMethodsFrom_170479977211)  Time elapsed: 0.002 sec  <<< ERROR!
java.lang.NullPointerException
	at me.nurio.events.internal.annotations.EventAnnotationHandlersManager.handledMethodsFrom(EventAnnotationHandlersManager.java:73)
	at java.base/jdk.internal.reflect.NativeMethodAccessorImpl.invoke0(Native Method)
	at java.base/jdk.internal.reflect.NativeMethodAccessorImpl.invoke(NativeMethodAccessorImpl.java:62)
	at java.base/jdk.internal.reflect.DelegatingMethodAccessorImpl.invoke(DelegatingMethodAccessorImpl.java:43)
	at java.base/java.lang.reflect.Method.invoke(Method.java:566)
	at me.nurio.events.internal.annotations.ReflectionUtils.callMethod(ReflectionUtils.java:328)
	at me.nurio.events.internal.annotations.EventAnnotationHandlersManager_handledMethodsFrom_170479977211.test(EventAnnotationHandlersManager_handledMethodsFrom_170479977211.java:45)
	at java.base/jdk.internal.reflect.NativeMethodAccessorImpl.invoke0(Native Method)
	at java.base/jdk.internal.reflect.NativeMethodAccessorImpl.invoke(NativeMethodAccessorImpl.java:62)
	at java.base/jdk.internal.reflect.DelegatingMethodAccessorImpl.invoke(DelegatingMethodAccessorImpl.java:43)
	at java.base/java.lang.reflect.Method.invoke(Method.java:566)
	at org.junit.runners.model.FrameworkMethod$1.runReflectiveCall(FrameworkMethod.java:59)
	at org.junit.internal.runners.model.ReflectiveCallable.run(ReflectiveCallable.java:12)
	at org.junit.runners.model.FrameworkMethod.invokeExplosively(FrameworkMethod.java:56)
	at org.junit.internal.runners.statements.InvokeMethod.evaluate(InvokeMethod.java:17)
	at org.junit.internal.runners.statements.RunBefores.evaluate(RunBefores.java:26)
	at org.junit.internal.runners.statements.FailOnTimeout$CallableStatement.call(FailOnTimeout.java:299)
	at org.junit.internal.runners.statements.FailOnTimeout$CallableStatement.call(FailOnTimeout.java:293)
	at java.base/java.util.concurrent.FutureTask.run(FutureTask.java:264)
	at java.base/java.lang.Thread.run(Thread.java:829)

Running me.nurio.events.internal.annotations.AnnotationEventHandler_shouldHandle_6743311423
Tests run: 1, Failures: 0, Errors: 1, Skipped: 0, Time elapsed: 0.003 sec <<< FAILURE!
test(me.nurio.events.internal.annotations.AnnotationEventHandler_shouldHandle_6743311423)  Time elapsed: 0.001 sec  <<< ERROR!
java.lang.NullPointerException
	at java.base/jdk.internal.reflect.NativeMethodAccessorImpl.invoke0(Native Method)
	at java.base/jdk.internal.reflect.NativeMethodAccessorImpl.invoke(NativeMethodAccessorImpl.java:62)
	at java.base/jdk.internal.reflect.DelegatingMethodAccessorImpl.invoke(DelegatingMethodAccessorImpl.java:43)
	at java.base/java.lang.reflect.Method.invoke(Method.java:566)
	at me.nurio.events.internal.annotations.ReflectionUtils.callMethod(ReflectionUtils.java:328)
	at me.nurio.events.internal.annotations.AnnotationEventHandler_shouldHandle_6743311423.test(AnnotationEventHandler_shouldHandle_6743311423.java:42)
	at java.base/jdk.internal.reflect.NativeMethodAccessorImpl.invoke0(Native Method)
	at java.base/jdk.internal.reflect.NativeMethodAccessorImpl.invoke(NativeMethodAccessorImpl.java:62)
	at java.base/jdk.internal.reflect.DelegatingMethodAccessorImpl.invoke(DelegatingMethodAccessorImpl.java:43)
	at java.base/java.lang.reflect.Method.invoke(Method.java:566)
	at org.junit.runners.model.FrameworkMethod$1.runReflectiveCall(FrameworkMethod.java:59)
	at org.junit.internal.runners.model.ReflectiveCallable.run(ReflectiveCallable.java:12)
	at org.junit.runners.model.FrameworkMethod.invokeExplosively(FrameworkMethod.java:56)
	at org.junit.internal.runners.statements.InvokeMethod.evaluate(InvokeMethod.java:17)
	at org.junit.internal.runners.statements.RunBefores.evaluate(RunBefores.java:26)
	at org.junit.internal.runners.statements.FailOnTimeout$CallableStatement.call(FailOnTimeout.java:299)
	at org.junit.internal.runners.statements.FailOnTimeout$CallableStatement.call(FailOnTimeout.java:293)
	at java.base/java.util.concurrent.FutureTask.run(FutureTask.java:264)
	at java.base/java.lang.Thread.run(Thread.java:829)

Running me.nurio.events.internal.ReflectedEventManager_setDebugLoggingEnabled_144059071012
Tests run: 1, Failures: 0, Errors: 0, Skipped: 0, Time elapsed: 0.001 sec
Running me.nurio.events.internal.RegisteredEventHandler_getListener_138443275410
Tests run: 1, Failures: 0, Errors: 0, Skipped: 0, Time elapsed: 0.003 sec
Running me.nurio.events.internal.ReflectedEventManager_registerEvents_6149461659
Tests run: 1, Failures: 0, Errors: 1, Skipped: 0, Time elapsed: 0.004 sec <<< FAILURE!
test(me.nurio.events.internal.ReflectedEventManager_registerEvents_6149461659)  Time elapsed: 0.003 sec  <<< ERROR!
java.lang.NullPointerException
	at me.nurio.events.internal.ReflectedEventManager.registerEvents(ReflectedEventManager.java:59)
	at java.base/jdk.internal.reflect.NativeMethodAccessorImpl.invoke0(Native Method)
	at java.base/jdk.internal.reflect.NativeMethodAccessorImpl.invoke(NativeMethodAccessorImpl.java:62)
	at java.base/jdk.internal.reflect.DelegatingMethodAccessorImpl.invoke(DelegatingMethodAccessorImpl.java:43)
	at java.base/java.lang.reflect.Method.invoke(Method.java:566)
	at me.nurio.events.internal.ReflectionUtils.callMethod(ReflectionUtils.java:328)
	at me.nurio.events.internal.ReflectedEventManager_registerEvents_6149461659.test(ReflectedEventManager_registerEvents_6149461659.java:47)
	at java.base/jdk.internal.reflect.NativeMethodAccessorImpl.invoke0(Native Method)
	at java.base/jdk.internal.reflect.NativeMethodAccessorImpl.invoke(NativeMethodAccessorImpl.java:62)
	at java.base/jdk.internal.reflect.DelegatingMethodAccessorImpl.invoke(DelegatingMethodAccessorImpl.java:43)
	at java.base/java.lang.reflect.Method.invoke(Method.java:566)
	at org.junit.runners.model.FrameworkMethod$1.runReflectiveCall(FrameworkMethod.java:59)
	at org.junit.internal.runners.model.ReflectiveCallable.run(ReflectiveCallable.java:12)
	at org.junit.runners.model.FrameworkMethod.invokeExplosively(FrameworkMethod.java:56)
	at org.junit.internal.runners.statements.InvokeMethod.evaluate(InvokeMethod.java:17)
	at org.junit.internal.runners.statements.RunBefores.evaluate(RunBefores.java:26)
	at org.junit.internal.runners.statements.FailOnTimeout$CallableStatement.call(FailOnTimeout.java:299)
	at org.junit.internal.runners.statements.FailOnTimeout$CallableStatement.call(FailOnTimeout.java:293)
	at java.base/java.util.concurrent.FutureTask.run(FutureTask.java:264)
	at java.base/java.lang.Thread.run(Thread.java:829)

Running me.nurio.events.internal.ReflectedEventManager_unregisterEvents_15268841323
Tests run: 1, Failures: 0, Errors: 0, Skipped: 0, Time elapsed: 0.008 sec
Running me.nurio.events.internal.ReflectedEventManager_callEvent_10697487674
Tests run: 1, Failures: 0, Errors: 1, Skipped: 0, Time elapsed: 0.004 sec <<< FAILURE!
test(me.nurio.events.internal.ReflectedEventManager_callEvent_10697487674)  Time elapsed: 0.004 sec  <<< ERROR!
java.lang.NullPointerException
	at me.nurio.events.internal.EventManagement.getEventHandlerFor(EventManagement.java:88)
	at me.nurio.events.internal.ReflectedEventManager.callEvent(ReflectedEventManager.java:106)
	at java.base/jdk.internal.reflect.NativeMethodAccessorImpl.invoke0(Native Method)
	at java.base/jdk.internal.reflect.NativeMethodAccessorImpl.invoke(NativeMethodAccessorImpl.java:62)
	at java.base/jdk.internal.reflect.DelegatingMethodAccessorImpl.invoke(DelegatingMethodAccessorImpl.java:43)
	at java.base/java.lang.reflect.Method.invoke(Method.java:566)
	at me.nurio.events.internal.ReflectionUtils.callMethod(ReflectionUtils.java:328)
	at me.nurio.events.internal.ReflectedEventManager_callEvent_10697487674.test(ReflectedEventManager_callEvent_10697487674.java:61)
	at java.base/jdk.internal.reflect.NativeMethodAccessorImpl.invoke0(Native Method)
	at java.base/jdk.internal.reflect.NativeMethodAccessorImpl.invoke(NativeMethodAccessorImpl.java:62)
	at java.base/jdk.internal.reflect.DelegatingMethodAccessorImpl.invoke(DelegatingMethodAccessorImpl.java:43)
	at java.base/java.lang.reflect.Method.invoke(Method.java:566)
	at org.junit.runners.model.FrameworkMethod$1.runReflectiveCall(FrameworkMethod.java:59)
	at org.junit.internal.runners.model.ReflectiveCallable.run(ReflectiveCallable.java:12)
	at org.junit.runners.model.FrameworkMethod.invokeExplosively(FrameworkMethod.java:56)
	at org.junit.internal.runners.statements.InvokeMethod.evaluate(InvokeMethod.java:17)
	at org.junit.internal.runners.statements.RunBefores.evaluate(RunBefores.java:26)
	at org.junit.internal.runners.statements.FailOnTimeout$CallableStatement.call(FailOnTimeout.java:299)
	at org.junit.internal.runners.statements.FailOnTimeout$CallableStatement.call(FailOnTimeout.java:293)
	at java.base/java.util.concurrent.FutureTask.run(FutureTask.java:264)
	at java.base/java.lang.Thread.run(Thread.java:829)

Running me.nurio.events.internal.ReflectedEventManager_setDebugLoggingEnabled_14405907105
Tests run: 1, Failures: 0, Errors: 0, Skipped: 0, Time elapsed: 0.001 sec
Running me.nurio.events.internal.ReflectedEventManager_getRegisteredListeners_15657902981
Tests run: 1, Failures: 0, Errors: 0, Skipped: 0, Time elapsed: 0.007 sec
Running me.nurio.events.internal.RegisteredEventHandler_getPriority_5028683344
Tests run: 1, Failures: 0, Errors: 0, Skipped: 0, Time elapsed: 0 sec
Running me.nurio.events.internal.ReflectedEventManager_1_init_12186994900
Tests run: 1, Failures: 0, Errors: 0, Skipped: 0, Time elapsed: 0 sec
Running me.nurio.events.internal.EventManagement_getEventHandlerFor_4297702423
Tests run: 1, Failures: 0, Errors: 1, Skipped: 0, Time elapsed: 0.004 sec <<< FAILURE!
test(me.nurio.events.internal.EventManagement_getEventHandlerFor_4297702423)  Time elapsed: 0.004 sec  <<< ERROR!
java.lang.NullPointerException
	at me.nurio.events.internal.EventManagement.getEventHandlerFor(EventManagement.java:88)
	at java.base/jdk.internal.reflect.NativeMethodAccessorImpl.invoke0(Native Method)
	at java.base/jdk.internal.reflect.NativeMethodAccessorImpl.invoke(NativeMethodAccessorImpl.java:62)
	at java.base/jdk.internal.reflect.DelegatingMethodAccessorImpl.invoke(DelegatingMethodAccessorImpl.java:43)
	at java.base/java.lang.reflect.Method.invoke(Method.java:566)
	at me.nurio.events.internal.ReflectionUtils.callMethod(ReflectionUtils.java:328)
	at me.nurio.events.internal.EventManagement_getEventHandlerFor_4297702423.test(EventManagement_getEventHandlerFor_4297702423.java:63)
	at java.base/jdk.internal.reflect.NativeMethodAccessorImpl.invoke0(Native Method)
	at java.base/jdk.internal.reflect.NativeMethodAccessorImpl.invoke(NativeMethodAccessorImpl.java:62)
	at java.base/jdk.internal.reflect.DelegatingMethodAccessorImpl.invoke(DelegatingMethodAccessorImpl.java:43)
	at java.base/java.lang.reflect.Method.invoke(Method.java:566)
	at org.junit.runners.model.FrameworkMethod$1.runReflectiveCall(FrameworkMethod.java:59)
	at org.junit.internal.runners.model.ReflectiveCallable.run(ReflectiveCallable.java:12)
	at org.junit.runners.model.FrameworkMethod.invokeExplosively(FrameworkMethod.java:56)
	at org.junit.internal.runners.statements.InvokeMethod.evaluate(InvokeMethod.java:17)
	at org.junit.internal.runners.statements.RunBefores.evaluate(RunBefores.java:26)
	at org.junit.internal.runners.statements.FailOnTimeout$CallableStatement.call(FailOnTimeout.java:299)
	at org.junit.internal.runners.statements.FailOnTimeout$CallableStatement.call(FailOnTimeout.java:293)
	at java.base/java.util.concurrent.FutureTask.run(FutureTask.java:264)
	at java.base/java.lang.Thread.run(Thread.java:829)

Running me.nurio.events.internal.RegisteredEventHandler_isIgnoreCancelled_296841455
Tests run: 1, Failures: 0, Errors: 0, Skipped: 0, Time elapsed: 0.001 sec
Running me.nurio.events.internal.RegisteredEventHandler_getEvent_6819301802
Tests run: 1, Failures: 0, Errors: 0, Skipped: 0, Time elapsed: 0.002 sec
Running me.nurio.events.internal.ReflectedEventManager_callEvent_106974876711
Tests run: 1, Failures: 0, Errors: 1, Skipped: 0, Time elapsed: 0.002 sec <<< FAILURE!
test(me.nurio.events.internal.ReflectedEventManager_callEvent_106974876711)  Time elapsed: 0.001 sec  <<< ERROR!
java.lang.NullPointerException
	at me.nurio.events.internal.ReflectedEventManager.callEvent(ReflectedEventManager.java:96)
	at java.base/jdk.internal.reflect.NativeMethodAccessorImpl.invoke0(Native Method)
	at java.base/jdk.internal.reflect.NativeMethodAccessorImpl.invoke(NativeMethodAccessorImpl.java:62)
	at java.base/jdk.internal.reflect.DelegatingMethodAccessorImpl.invoke(DelegatingMethodAccessorImpl.java:43)
	at java.base/java.lang.reflect.Method.invoke(Method.java:566)
	at me.nurio.events.internal.ReflectionUtils.callMethod(ReflectionUtils.java:328)
	at me.nurio.events.internal.ReflectedEventManager_callEvent_106974876711.test(ReflectedEventManager_callEvent_106974876711.java:47)
	at java.base/jdk.internal.reflect.NativeMethodAccessorImpl.invoke0(Native Method)
	at java.base/jdk.internal.reflect.NativeMethodAccessorImpl.invoke(NativeMethodAccessorImpl.java:62)
	at java.base/jdk.internal.reflect.DelegatingMethodAccessorImpl.invoke(DelegatingMethodAccessorImpl.java:43)
	at java.base/java.lang.reflect.Method.invoke(Method.java:566)
	at org.junit.runners.model.FrameworkMethod$1.runReflectiveCall(FrameworkMethod.java:59)
	at org.junit.internal.runners.model.ReflectiveCallable.run(ReflectiveCallable.java:12)
	at org.junit.runners.model.FrameworkMethod.invokeExplosively(FrameworkMethod.java:56)
	at org.junit.internal.runners.statements.InvokeMethod.evaluate(InvokeMethod.java:17)
	at org.junit.internal.runners.statements.RunBefores.evaluate(RunBefores.java:26)
	at org.junit.internal.runners.statements.FailOnTimeout$CallableStatement.call(FailOnTimeout.java:299)
	at org.junit.internal.runners.statements.FailOnTimeout$CallableStatement.call(FailOnTimeout.java:293)
	at java.base/java.util.concurrent.FutureTask.run(FutureTask.java:264)
	at java.base/java.lang.Thread.run(Thread.java:829)

Running me.nurio.events.internal.RegisteredEventHandler_getEvent_6819301809
Tests run: 1, Failures: 0, Errors: 0, Skipped: 0, Time elapsed: 0 sec
Running me.nurio.events.internal.EventReflectionUtils_getEventFromMethod_2686922083
Tests run: 1, Failures: 0, Errors: 1, Skipped: 0, Time elapsed: 0.005 sec <<< FAILURE!
test(me.nurio.events.internal.EventReflectionUtils_getEventFromMethod_2686922083)  Time elapsed: 0.004 sec  <<< ERROR!
java.lang.NullPointerException
	at me.nurio.events.internal.EventReflectionUtils.getEventFromMethod(EventReflectionUtils.java:20)
	at java.base/jdk.internal.reflect.NativeMethodAccessorImpl.invoke0(Native Method)
	at java.base/jdk.internal.reflect.NativeMethodAccessorImpl.invoke(NativeMethodAccessorImpl.java:62)
	at java.base/jdk.internal.reflect.DelegatingMethodAccessorImpl.invoke(DelegatingMethodAccessorImpl.java:43)
	at java.base/java.lang.reflect.Method.invoke(Method.java:566)
	at me.nurio.events.internal.ReflectionUtils.callMethod(ReflectionUtils.java:328)
	at me.nurio.events.internal.EventReflectionUtils_getEventFromMethod_2686922083.test(EventReflectionUtils_getEventFromMethod_2686922083.java:44)
	at java.base/jdk.internal.reflect.NativeMethodAccessorImpl.invoke0(Native Method)
	at java.base/jdk.internal.reflect.NativeMethodAccessorImpl.invoke(NativeMethodAccessorImpl.java:62)
	at java.base/jdk.internal.reflect.DelegatingMethodAccessorImpl.invoke(DelegatingMethodAccessorImpl.java:43)
	at java.base/java.lang.reflect.Method.invoke(Method.java:566)
	at org.junit.runners.model.FrameworkMethod$1.runReflectiveCall(FrameworkMethod.java:59)
	at org.junit.internal.runners.model.ReflectiveCallable.run(ReflectiveCallable.java:12)
	at org.junit.runners.model.FrameworkMethod.invokeExplosively(FrameworkMethod.java:56)
	at org.junit.internal.runners.statements.InvokeMethod.evaluate(InvokeMethod.java:17)
	at org.junit.internal.runners.statements.RunBefores.evaluate(RunBefores.java:26)
	at org.junit.internal.runners.statements.FailOnTimeout$CallableStatement.call(FailOnTimeout.java:299)
	at org.junit.internal.runners.statements.FailOnTimeout$CallableStatement.call(FailOnTimeout.java:293)
	at java.base/java.util.concurrent.FutureTask.run(FutureTask.java:264)
	at java.base/java.lang.Thread.run(Thread.java:829)

Running me.nurio.events.internal.EventManagement_unregisterEvent_210874602
Tests run: 1, Failures: 0, Errors: 1, Skipped: 0, Time elapsed: 0.003 sec <<< FAILURE!
test(me.nurio.events.internal.EventManagement_unregisterEvent_210874602)  Time elapsed: 0.003 sec  <<< ERROR!
java.lang.ClassNotFoundException: kex.java.lang.Character$Subset
	at java.base/jdk.internal.loader.BuiltinClassLoader.loadClass(BuiltinClassLoader.java:581)
	at java.base/jdk.internal.loader.ClassLoaders$AppClassLoader.loadClass(ClassLoaders.java:178)
	at java.base/java.lang.ClassLoader.loadClass(ClassLoader.java:522)
	at java.base/java.lang.Class.forName0(Native Method)
	at java.base/java.lang.Class.forName(Class.java:315)
	at me.nurio.events.internal.EventManagement_unregisterEvent_210874602.setup(EventManagement_unregisterEvent_210874602.java:56)
	at java.base/jdk.internal.reflect.NativeMethodAccessorImpl.invoke0(Native Method)
	at java.base/jdk.internal.reflect.NativeMethodAccessorImpl.invoke(NativeMethodAccessorImpl.java:62)
	at java.base/jdk.internal.reflect.DelegatingMethodAccessorImpl.invoke(DelegatingMethodAccessorImpl.java:43)
	at java.base/java.lang.reflect.Method.invoke(Method.java:566)
	at org.junit.runners.model.FrameworkMethod$1.runReflectiveCall(FrameworkMethod.java:59)
	at org.junit.internal.runners.model.ReflectiveCallable.run(ReflectiveCallable.java:12)
	at org.junit.runners.model.FrameworkMethod.invokeExplosively(FrameworkMethod.java:56)
	at org.junit.internal.runners.statements.RunBefores.invokeMethod(RunBefores.java:33)
	at org.junit.internal.runners.statements.RunBefores.evaluate(RunBefores.java:24)
	at org.junit.internal.runners.statements.FailOnTimeout$CallableStatement.call(FailOnTimeout.java:299)
	at org.junit.internal.runners.statements.FailOnTimeout$CallableStatement.call(FailOnTimeout.java:293)
	at java.base/java.util.concurrent.FutureTask.run(FutureTask.java:264)
	at java.base/java.lang.Thread.run(Thread.java:829)

Running me.nurio.events.internal.ReflectedEventManager_init_9968867130
Tests run: 1, Failures: 0, Errors: 0, Skipped: 0, Time elapsed: 0.002 sec
Running me.nurio.events.internal.EventReflectionUtils_getEventFromMethod_2686922081
Tests run: 1, Failures: 0, Errors: 1, Skipped: 0, Time elapsed: 0.005 sec <<< FAILURE!
test(me.nurio.events.internal.EventReflectionUtils_getEventFromMethod_2686922081)  Time elapsed: 0.003 sec  <<< ERROR!
me.nurio.events.exceptions.EventHandlerNotFoundException: Unable to find Event > Handled method doesn't have a event parameter or have more than one.
	at me.nurio.events.internal.EventReflectionUtils.getEventFromMethod(EventReflectionUtils.java:21)
	at java.base/jdk.internal.reflect.NativeMethodAccessorImpl.invoke0(Native Method)
	at java.base/jdk.internal.reflect.NativeMethodAccessorImpl.invoke(NativeMethodAccessorImpl.java:62)
	at java.base/jdk.internal.reflect.DelegatingMethodAccessorImpl.invoke(DelegatingMethodAccessorImpl.java:43)
	at java.base/java.lang.reflect.Method.invoke(Method.java:566)
	at me.nurio.events.internal.ReflectionUtils.callMethod(ReflectionUtils.java:328)
	at me.nurio.events.internal.EventReflectionUtils_getEventFromMethod_2686922081.test(EventReflectionUtils_getEventFromMethod_2686922081.java:49)
	at java.base/jdk.internal.reflect.NativeMethodAccessorImpl.invoke0(Native Method)
	at java.base/jdk.internal.reflect.NativeMethodAccessorImpl.invoke(NativeMethodAccessorImpl.java:62)
	at java.base/jdk.internal.reflect.DelegatingMethodAccessorImpl.invoke(DelegatingMethodAccessorImpl.java:43)
	at java.base/java.lang.reflect.Method.invoke(Method.java:566)
	at org.junit.runners.model.FrameworkMethod$1.runReflectiveCall(FrameworkMethod.java:59)
	at org.junit.internal.runners.model.ReflectiveCallable.run(ReflectiveCallable.java:12)
	at org.junit.runners.model.FrameworkMethod.invokeExplosively(FrameworkMethod.java:56)
	at org.junit.internal.runners.statements.InvokeMethod.evaluate(InvokeMethod.java:17)
	at org.junit.internal.runners.statements.RunBefores.evaluate(RunBefores.java:26)
	at org.junit.internal.runners.statements.FailOnTimeout$CallableStatement.call(FailOnTimeout.java:299)
	at org.junit.internal.runners.statements.FailOnTimeout$CallableStatement.call(FailOnTimeout.java:293)
	at java.base/java.util.concurrent.FutureTask.run(FutureTask.java:264)
	at java.base/java.lang.Thread.run(Thread.java:829)

Running me.nurio.events.internal.RegisteredEventHandler_invoke_16297454501
[EventManager] Error launching 'ffYhPOzlUs' event handler.
java.lang.NullPointerException
	at java.base/jdk.internal.reflect.NativeMethodAccessorImpl.invoke0(Native Method)
	at java.base/jdk.internal.reflect.NativeMethodAccessorImpl.invoke(NativeMethodAccessorImpl.java:62)
	at java.base/jdk.internal.reflect.DelegatingMethodAccessorImpl.invoke(DelegatingMethodAccessorImpl.java:43)
	at java.base/java.lang.reflect.Method.invoke(Method.java:566)
	at me.nurio.events.internal.RegisteredEventHandler.invoke(RegisteredEventHandler.java:49)
	at java.base/jdk.internal.reflect.NativeMethodAccessorImpl.invoke0(Native Method)
	at java.base/jdk.internal.reflect.NativeMethodAccessorImpl.invoke(NativeMethodAccessorImpl.java:62)
	at java.base/jdk.internal.reflect.DelegatingMethodAccessorImpl.invoke(DelegatingMethodAccessorImpl.java:43)
	at java.base/java.lang.reflect.Method.invoke(Method.java:566)
	at me.nurio.events.internal.ReflectionUtils.callMethod(ReflectionUtils.java:328)
	at me.nurio.events.internal.RegisteredEventHandler_invoke_16297454501.test(RegisteredEventHandler_invoke_16297454501.java:63)
	at java.base/jdk.internal.reflect.NativeMethodAccessorImpl.invoke0(Native Method)
	at java.base/jdk.internal.reflect.NativeMethodAccessorImpl.invoke(NativeMethodAccessorImpl.java:62)
	at java.base/jdk.internal.reflect.DelegatingMethodAccessorImpl.invoke(DelegatingMethodAccessorImpl.java:43)
	at java.base/java.lang.reflect.Method.invoke(Method.java:566)
	at org.junit.runners.model.FrameworkMethod$1.runReflectiveCall(FrameworkMethod.java:59)
	at org.junit.internal.runners.model.ReflectiveCallable.run(ReflectiveCallable.java:12)
	at org.junit.runners.model.FrameworkMethod.invokeExplosively(FrameworkMethod.java:56)
	at org.junit.internal.runners.statements.InvokeMethod.evaluate(InvokeMethod.java:17)
	at org.junit.internal.runners.statements.RunBefores.evaluate(RunBefores.java:26)
	at org.junit.internal.runners.statements.FailOnTimeout$CallableStatement.call(FailOnTimeout.java:299)
	at org.junit.internal.runners.statements.FailOnTimeout$CallableStatement.call(FailOnTimeout.java:293)
	at java.base/java.util.concurrent.FutureTask.run(FutureTask.java:264)
	at java.base/java.lang.Thread.run(Thread.java:829)
Tests run: 1, Failures: 0, Errors: 0, Skipped: 0, Time elapsed: 0.002 sec
Running me.nurio.events.ReflectedEventHandler_init_20676794503
Tests run: 1, Failures: 0, Errors: 0, Skipped: 0, Time elapsed: 0 sec

Results :

Tests in error: 
  test(me.nurio.events.handler.EventPriority_valueOf_11947526364): Name is null
  test(me.nurio.events.handler.Event_isCancellable_4682820930)
  test(me.nurio.events.handler.EventPriority_valueOf_11947526361): No enum constant me.nurio.events.handler.EventPriority.PAEBtnZtTD
  test(me.nurio.events.handler.EventPriority_init_19431530422): Cannot reflectively create enum objects
  test(me.nurio.events.handler.Event_isCancelled_292083061)
  test(me.nurio.events.handler.EventPriority_init_19431530425): Cannot reflectively create enum objects
  test(me.nurio.events.handler.Event_isCancelled_292083063)
  test(me.nurio.events.handler.Event_isCancellable_4682820932)
  test(me.nurio.events.internal.EventManagement_init_187674099511)
  test(me.nurio.events.internal.EventManagement_registerEvent_9218274851): java.lang.invoke.ProxyClassesDumper.dumpClass(java.lang.String, [[[Ljava.util.stream.SliceOps$3$1;)
  test(me.nurio.events.internal.RegisteredEventHandler_init_4620471137)
  test(me.nurio.events.internal.EventManagement_getRegisteredEvents_2838113626)
  test(me.nurio.events.internal.RegisteredEventHandler_init_4620471130)
  test(me.nurio.events.internal.EventManagement_getEventHandlerFor_4297702429)
  test(me.nurio.events.internal.EventManagement_unregisterEvent_210874608)
  test(me.nurio.events.internal.EventManagement_registerEvent_9218274857)
  test(me.nurio.events.internal.ReflectedEventManager_getRegisteredListeners_15657902988)
  test(me.nurio.events.internal.ReflectedEventManager_registerEvents_6149461652)
  test(me.nurio.events.internal.EventManagement_getEventHandlerFor_82365409410)
  test(me.nurio.events.internal.ReflectedEventManager_unregisterEvents_152688413210)
  test(me.nurio.events.internal.annotations.EventHandlerAnnotationEventHandler_shouldIgnoreCancellable_10826671906)
  test(me.nurio.events.internal.annotations.EventHandlerAnnotationEventHandler_getEventPriority_7207139375)
  test(me.nurio.events.internal.annotations.EventAnnotationHandlersManager_getHandledMethodsFrom_12110106504)
  test(me.nurio.events.internal.annotations.EventAnnotationHandlersManager_getHandlers_13157983688)
  test(me.nurio.events.internal.annotations.AnnotationEventHandler_shouldIgnoreCancellable_11467355785)
  test(me.nurio.events.internal.annotations.AnnotationEventHandler_getEventPriority_13448505911)
  test(me.nurio.events.internal.annotations.EventHandlerAnnotationEventHandler_shouldIgnoreCancellable_10826671902)
  test(me.nurio.events.internal.annotations.EventAnnotationHandlersManager_hasHandlers_18621827469)
  test(me.nurio.events.internal.annotations.EventHandlerAnnotationEventHandler_getEventPriority_7207139371)
  test(me.nurio.events.internal.annotations.AnnotationEventHandler_shouldIgnoreCancellable_11467355782)
  test(me.nurio.events.internal.annotations.AnnotationEventHandler_getEventPriority_13448505914)
  test(me.nurio.events.internal.annotations.EventAnnotationHandlersManager_handledMethodsFrom_17047997725)
  test(me.nurio.events.internal.annotations.EventAnnotationHandlersManager_getHandledMethodsFrom_121101065010)
  test(me.nurio.events.internal.annotations.AnnotationEventHandler_shouldHandle_6743311420)
  test(me.nurio.events.internal.annotations.EventAnnotationHandlersManager_addAnnotationHandler_9380464357)
  test(me.nurio.events.internal.annotations.EventAnnotationHandlersManager_handledMethodsFrom_170479977211)
  test(me.nurio.events.internal.annotations.AnnotationEventHandler_shouldHandle_6743311423)
  test(me.nurio.events.internal.ReflectedEventManager_registerEvents_6149461659)
  test(me.nurio.events.internal.ReflectedEventManager_callEvent_10697487674)
  test(me.nurio.events.internal.EventManagement_getEventHandlerFor_4297702423)
  test(me.nurio.events.internal.ReflectedEventManager_callEvent_106974876711)
  test(me.nurio.events.internal.EventReflectionUtils_getEventFromMethod_2686922083)
  test(me.nurio.events.internal.EventManagement_unregisterEvent_210874602): kex.java.lang.Character$Subset
  test(me.nurio.events.internal.EventReflectionUtils_getEventFromMethod_2686922081): Unable to find Event > Handled method doesn't have a event parameter or have more than one.

Tests run: 112, Failures: 0, Errors: 44, Skipped: 0

[ERROR] There are test failures.

Please refer to /app/target/surefire-reports for the individual test results.
[INFO] 
[INFO] --- jacoco-maven-plugin:0.8.11:report (report) @ events ---
[INFO] Loading execution data file /app/target/jacoco.exec
[INFO] Analyzed bundle 'JR-EventSystem' with 14 classes
[INFO] 
[INFO] --- jacoco-maven-plugin:0.8.11:report (default-cli) @ events ---
[INFO] Loading execution data file /app/target/jacoco.exec
[INFO] Analyzed bundle 'JR-EventSystem' with 14 classes
[INFO] ------------------------------------------------------------------------
[INFO] BUILD SUCCESS
[INFO] ------------------------------------------------------------------------
[INFO] Total time:  9.609 s
[INFO] Finished at: 2026-04-08T06:37:00Z
[INFO] ------------------------------------------------------------------------
