[INFO] Scanning for projects...
[INFO] 
[INFO] ----------------------< com.gin:merge-gf-assets >-----------------------
[INFO] Building merge-gf-assets 0.0.1-SNAPSHOT
[INFO] --------------------------------[ jar ]---------------------------------
[INFO] 
[INFO] --- maven-clean-plugin:3.2.0:clean (default-clean) @ merge-gf-assets ---
[INFO] Deleting /app/target
[INFO] 
[INFO] --- jacoco-maven-plugin:0.8.11:prepare-agent (prepare-agent) @ merge-gf-assets ---
[INFO] surefire.argLine set to -javaagent:/root/.m2/repository/org/jacoco/org.jacoco.agent/0.8.11/org.jacoco.agent-0.8.11-runtime.jar=destfile=/app/target/jacoco.exec,append=true
[INFO] 
[INFO] --- maven-resources-plugin:3.2.0:resources (default-resources) @ merge-gf-assets ---
[INFO] Using 'UTF-8' encoding to copy filtered resources.
[INFO] Using 'UTF-8' encoding to copy filtered properties files.
[INFO] Copying 1 resource
[INFO] Copying 0 resource
[INFO] 
[INFO] --- maven-compiler-plugin:3.10.1:compile (default-compile) @ merge-gf-assets ---
[INFO] Changes detected - recompiling the module!
[INFO] Compiling 14 source files to /app/target/classes
[INFO] 
[INFO] --- build-helper-maven-plugin:3.3.0:add-test-source (add-test-source) @ merge-gf-assets ---
[INFO] Test Source directory: /app/evosuite-tests added.
[INFO] Test Source directory: /app/src/test/java/kex-tests/tests added.
[INFO] 
[INFO] --- maven-resources-plugin:3.2.0:testResources (default-testResources) @ merge-gf-assets ---
[INFO] Using 'UTF-8' encoding to copy filtered resources.
[INFO] Using 'UTF-8' encoding to copy filtered properties files.
[INFO] skip non existing resourceDirectory /app/src/test/resources
[INFO] 
[INFO] --- maven-compiler-plugin:3.10.1:testCompile (default-testCompile) @ merge-gf-assets ---
[INFO] Changes detected - recompiling the module!
[INFO] Compiling 200 source files to /app/target/test-classes
[WARNING] /app/src/test/java/kex-tests/tests/com/gin/mergegfassets/utils/ReflectionUtils.java:[9,16] sun.misc.Unsafe is internal proprietary API and may be removed in a future release
[WARNING] /app/src/test/java/kex-tests/tests/com/gin/mergegfassets/entity/ReflectionUtils.java:[9,16] sun.misc.Unsafe is internal proprietary API and may be removed in a future release
[WARNING] /app/src/test/java/kex-tests/tests/com/gin/mergegfassets/script/ReflectionUtils.java:[9,16] sun.misc.Unsafe is internal proprietary API and may be removed in a future release
[WARNING] /app/src/test/java/kex-tests/tests/com/gin/mergegfassets/ReflectionUtils.java:[9,16] sun.misc.Unsafe is internal proprietary API and may be removed in a future release
[WARNING] /app/src/test/java/kex-tests/tests/com/gin/mergegfassets/utils/ReflectionUtils.java:[9,16] sun.misc.Unsafe is internal proprietary API and may be removed in a future release
[WARNING] /app/src/test/java/kex-tests/tests/com/gin/mergegfassets/entity/ReflectionUtils.java:[9,16] sun.misc.Unsafe is internal proprietary API and may be removed in a future release
[WARNING] /app/src/test/java/kex-tests/tests/com/gin/mergegfassets/script/ReflectionUtils.java:[9,16] sun.misc.Unsafe is internal proprietary API and may be removed in a future release
[WARNING] /app/src/test/java/kex-tests/tests/com/gin/mergegfassets/ReflectionUtils.java:[9,16] sun.misc.Unsafe is internal proprietary API and may be removed in a future release
[WARNING] /app/src/test/java/kex-tests/tests/com/gin/mergegfassets/utils/ReflectionUtils.java:[9,16] sun.misc.Unsafe is internal proprietary API and may be removed in a future release
[WARNING] /app/src/test/java/kex-tests/tests/com/gin/mergegfassets/entity/ReflectionUtils.java:[9,16] sun.misc.Unsafe is internal proprietary API and may be removed in a future release
[WARNING] /app/src/test/java/kex-tests/tests/com/gin/mergegfassets/script/ReflectionUtils.java:[9,16] sun.misc.Unsafe is internal proprietary API and may be removed in a future release
[WARNING] /app/src/test/java/kex-tests/tests/com/gin/mergegfassets/ReflectionUtils.java:[9,16] sun.misc.Unsafe is internal proprietary API and may be removed in a future release
[WARNING] /app/src/test/java/kex-tests/tests/com/gin/mergegfassets/utils/ReflectionUtils.java:[9,16] sun.misc.Unsafe is internal proprietary API and may be removed in a future release
[WARNING] /app/src/test/java/kex-tests/tests/com/gin/mergegfassets/entity/ReflectionUtils.java:[9,16] sun.misc.Unsafe is internal proprietary API and may be removed in a future release
[WARNING] /app/src/test/java/kex-tests/tests/com/gin/mergegfassets/script/ReflectionUtils.java:[9,16] sun.misc.Unsafe is internal proprietary API and may be removed in a future release
[WARNING] /app/src/test/java/kex-tests/tests/com/gin/mergegfassets/ReflectionUtils.java:[9,16] sun.misc.Unsafe is internal proprietary API and may be removed in a future release
[WARNING] /app/src/test/java/kex-tests/tests/com/gin/mergegfassets/utils/ReflectionUtils.java:[9,16] sun.misc.Unsafe is internal proprietary API and may be removed in a future release
[WARNING] /app/src/test/java/kex-tests/tests/com/gin/mergegfassets/entity/ReflectionUtils.java:[9,16] sun.misc.Unsafe is internal proprietary API and may be removed in a future release
[WARNING] /app/src/test/java/kex-tests/tests/com/gin/mergegfassets/script/ReflectionUtils.java:[9,16] sun.misc.Unsafe is internal proprietary API and may be removed in a future release
[WARNING] /app/src/test/java/kex-tests/tests/com/gin/mergegfassets/ReflectionUtils.java:[9,16] sun.misc.Unsafe is internal proprietary API and may be removed in a future release
[WARNING] /app/src/test/java/kex-tests/tests/com/gin/mergegfassets/utils/ReflectionUtils.java:[13,25] sun.misc.Unsafe is internal proprietary API and may be removed in a future release
[WARNING] /app/src/test/java/kex-tests/tests/com/gin/mergegfassets/utils/ReflectionUtils.java:[13,25] sun.misc.Unsafe is internal proprietary API and may be removed in a future release
[WARNING] /app/src/test/java/kex-tests/tests/com/gin/mergegfassets/utils/ReflectionUtils.java:[13,25] sun.misc.Unsafe is internal proprietary API and may be removed in a future release
[WARNING] /app/src/test/java/kex-tests/tests/com/gin/mergegfassets/utils/ReflectionUtils.java:[13,25] sun.misc.Unsafe is internal proprietary API and may be removed in a future release
[WARNING] /app/src/test/java/kex-tests/tests/com/gin/mergegfassets/utils/ReflectionUtils.java:[13,25] sun.misc.Unsafe is internal proprietary API and may be removed in a future release
[WARNING] /app/src/test/java/kex-tests/tests/com/gin/mergegfassets/utils/ReflectionUtils.java:[17,31] sun.misc.Unsafe is internal proprietary API and may be removed in a future release
[WARNING] /app/src/test/java/kex-tests/tests/com/gin/mergegfassets/utils/ReflectionUtils.java:[19,23] sun.misc.Unsafe is internal proprietary API and may be removed in a future release
[WARNING] /app/src/test/java/kex-tests/tests/com/gin/mergegfassets/entity/ReflectionUtils.java:[13,25] sun.misc.Unsafe is internal proprietary API and may be removed in a future release
[WARNING] /app/src/test/java/kex-tests/tests/com/gin/mergegfassets/entity/ReflectionUtils.java:[13,25] sun.misc.Unsafe is internal proprietary API and may be removed in a future release
[WARNING] /app/src/test/java/kex-tests/tests/com/gin/mergegfassets/entity/ReflectionUtils.java:[13,25] sun.misc.Unsafe is internal proprietary API and may be removed in a future release
[WARNING] /app/src/test/java/kex-tests/tests/com/gin/mergegfassets/entity/ReflectionUtils.java:[13,25] sun.misc.Unsafe is internal proprietary API and may be removed in a future release
[WARNING] /app/src/test/java/kex-tests/tests/com/gin/mergegfassets/entity/ReflectionUtils.java:[13,25] sun.misc.Unsafe is internal proprietary API and may be removed in a future release
[WARNING] /app/src/test/java/kex-tests/tests/com/gin/mergegfassets/entity/ReflectionUtils.java:[17,31] sun.misc.Unsafe is internal proprietary API and may be removed in a future release
[WARNING] /app/src/test/java/kex-tests/tests/com/gin/mergegfassets/entity/ReflectionUtils.java:[19,23] sun.misc.Unsafe is internal proprietary API and may be removed in a future release
[WARNING] /app/src/test/java/kex-tests/tests/com/gin/mergegfassets/script/ReflectionUtils.java:[13,25] sun.misc.Unsafe is internal proprietary API and may be removed in a future release
[WARNING] /app/src/test/java/kex-tests/tests/com/gin/mergegfassets/script/ReflectionUtils.java:[13,25] sun.misc.Unsafe is internal proprietary API and may be removed in a future release
[WARNING] /app/src/test/java/kex-tests/tests/com/gin/mergegfassets/script/ReflectionUtils.java:[13,25] sun.misc.Unsafe is internal proprietary API and may be removed in a future release
[WARNING] /app/src/test/java/kex-tests/tests/com/gin/mergegfassets/script/ReflectionUtils.java:[13,25] sun.misc.Unsafe is internal proprietary API and may be removed in a future release
[WARNING] /app/src/test/java/kex-tests/tests/com/gin/mergegfassets/script/ReflectionUtils.java:[13,25] sun.misc.Unsafe is internal proprietary API and may be removed in a future release
[WARNING] /app/src/test/java/kex-tests/tests/com/gin/mergegfassets/script/ReflectionUtils.java:[17,31] sun.misc.Unsafe is internal proprietary API and may be removed in a future release
[WARNING] /app/src/test/java/kex-tests/tests/com/gin/mergegfassets/script/ReflectionUtils.java:[19,23] sun.misc.Unsafe is internal proprietary API and may be removed in a future release
[WARNING] /app/src/test/java/kex-tests/tests/com/gin/mergegfassets/ReflectionUtils.java:[13,25] sun.misc.Unsafe is internal proprietary API and may be removed in a future release
[WARNING] /app/src/test/java/kex-tests/tests/com/gin/mergegfassets/ReflectionUtils.java:[13,25] sun.misc.Unsafe is internal proprietary API and may be removed in a future release
[WARNING] /app/src/test/java/kex-tests/tests/com/gin/mergegfassets/ReflectionUtils.java:[13,25] sun.misc.Unsafe is internal proprietary API and may be removed in a future release
[WARNING] /app/src/test/java/kex-tests/tests/com/gin/mergegfassets/ReflectionUtils.java:[13,25] sun.misc.Unsafe is internal proprietary API and may be removed in a future release
[WARNING] /app/src/test/java/kex-tests/tests/com/gin/mergegfassets/ReflectionUtils.java:[13,25] sun.misc.Unsafe is internal proprietary API and may be removed in a future release
[WARNING] /app/src/test/java/kex-tests/tests/com/gin/mergegfassets/ReflectionUtils.java:[17,31] sun.misc.Unsafe is internal proprietary API and may be removed in a future release
[WARNING] /app/src/test/java/kex-tests/tests/com/gin/mergegfassets/ReflectionUtils.java:[19,23] sun.misc.Unsafe is internal proprietary API and may be removed in a future release
[INFO] /app/src/test/java/kex-tests/tests/com/gin/mergegfassets/entity/AssetFile_setSkin_194290584259.java: Some input files use or override a deprecated API.
[INFO] /app/src/test/java/kex-tests/tests/com/gin/mergegfassets/entity/AssetFile_setSkin_194290584259.java: Recompile with -Xlint:deprecation for details.
[INFO] /app/src/test/java/kex-tests/tests/com/gin/mergegfassets/entity/AssetFilePair_equals_4242358595.java: Some input files use unchecked or unsafe operations.
[INFO] /app/src/test/java/kex-tests/tests/com/gin/mergegfassets/entity/AssetFilePair_equals_4242358595.java: Recompile with -Xlint:unchecked for details.
[INFO] 
[INFO] --- maven-surefire-plugin:3.0.0-M7:test (default-test) @ merge-gf-assets ---
[INFO] Using auto detected provider org.apache.maven.surefire.junitplatform.JUnitPlatformProvider
[INFO] 
[INFO] -------------------------------------------------------
[INFO]  T E S T S
[INFO] -------------------------------------------------------
[INFO] Running com.gin.mergegfassets.MergeGfAssetsApplication_main_13965029313
Loading //app/opencv_java.dll
[ERROR] Tests run: 1, Failures: 0, Errors: 1, Skipped: 0, Time elapsed: 0.05 s <<< FAILURE! - in com.gin.mergegfassets.MergeGfAssetsApplication_main_13965029313
[ERROR] com.gin.mergegfassets.MergeGfAssetsApplication_main_13965029313.test  Time elapsed: 0.033 s  <<< ERROR!
java.lang.UnsatisfiedLinkError: Can't load library: //app/opencv_java.dll
	at java.base/java.lang.ClassLoader.loadLibrary(ClassLoader.java:2633)
	at java.base/java.lang.Runtime.load0(Runtime.java:768)
	at java.base/java.lang.System.load(System.java:1837)
	at com.gin.mergegfassets.script.MergeImage.init(MergeImage.java:104)
	at com.gin.mergegfassets.MergeGfAssetsApplication.main(MergeGfAssetsApplication.java:24)
	at java.base/jdk.internal.reflect.NativeMethodAccessorImpl.invoke0(Native Method)
	at java.base/jdk.internal.reflect.NativeMethodAccessorImpl.invoke(NativeMethodAccessorImpl.java:62)
	at java.base/jdk.internal.reflect.DelegatingMethodAccessorImpl.invoke(DelegatingMethodAccessorImpl.java:43)
	at java.base/java.lang.reflect.Method.invoke(Method.java:566)
	at com.gin.mergegfassets.ReflectionUtils.callMethod(ReflectionUtils.java:328)
	at com.gin.mergegfassets.MergeGfAssetsApplication_main_13965029313.test(MergeGfAssetsApplication_main_13965029313.java:44)
	at java.base/jdk.internal.reflect.NativeMethodAccessorImpl.invoke0(Native Method)
	at java.base/jdk.internal.reflect.NativeMethodAccessorImpl.invoke(NativeMethodAccessorImpl.java:62)
	at java.base/jdk.internal.reflect.DelegatingMethodAccessorImpl.invoke(DelegatingMethodAccessorImpl.java:43)
	at java.base/java.lang.reflect.Method.invoke(Method.java:566)
	at org.junit.runners.model.FrameworkMethod$1.runReflectiveCall(FrameworkMethod.java:59)
	at org.junit.internal.runners.model.ReflectiveCallable.run(ReflectiveCallable.java:12)
	at org.junit.runners.model.FrameworkMethod.invokeExplosively(FrameworkMethod.java:56)
	at org.junit.internal.runners.statements.InvokeMethod.evaluate(InvokeMethod.java:17)
	at org.junit.internal.runners.statements.RunBefores.evaluate(RunBefores.java:26)
	at org.junit.internal.runners.statements.FailOnTimeout$CallableStatement.call(FailOnTimeout.java:299)
	at org.junit.internal.runners.statements.FailOnTimeout$CallableStatement.call(FailOnTimeout.java:293)
	at java.base/java.util.concurrent.FutureTask.run(FutureTask.java:264)
	at java.base/java.lang.Thread.run(Thread.java:829)

[INFO] Running com.gin.mergegfassets.script.MergeImage_init_14305092761
[INFO] Tests run: 1, Failures: 0, Errors: 0, Skipped: 0, Time elapsed: 0.035 s - in com.gin.mergegfassets.script.MergeImage_init_14305092761
[INFO] Running com.gin.mergegfassets.script.MergeImage_init_14305092760
[INFO] Tests run: 1, Failures: 0, Errors: 0, Skipped: 0, Time elapsed: 0.034 s - in com.gin.mergegfassets.script.MergeImage_init_14305092760
[INFO] Running com.gin.mergegfassets.entity.AssetFile_setExtensions_46916224053
WARNING: An illegal reflective access operation has occurred
WARNING: Illegal reflective access by com.gin.mergegfassets.entity.ReflectionUtils (file:/app/target/test-classes/) to field java.lang.reflect.Field.modifiers
WARNING: Please consider reporting this to the maintainers of com.gin.mergegfassets.entity.ReflectionUtils
WARNING: Use --illegal-access=warn to enable warnings of further illegal reflective access operations
WARNING: All illegal access operations will be denied in a future release
[INFO] Tests run: 1, Failures: 0, Errors: 0, Skipped: 0, Time elapsed: 0.038 s - in com.gin.mergegfassets.entity.AssetFile_setExtensions_46916224053
[INFO] Running com.gin.mergegfassets.entity.Config_canEqual_1949640749
WARNING: An illegal reflective access operation has occurred
WARNING: Illegal reflective access by com.gin.mergegfassets.entity.ReflectionUtils (file:/app/target/test-classes/) to field java.lang.reflect.Field.modifiers
WARNING: Please consider reporting this to the maintainers of com.gin.mergegfassets.entity.ReflectionUtils
WARNING: Use --illegal-access=warn to enable warnings of further illegal reflective access operations
WARNING: All illegal access operations will be denied in a future release
[INFO] Tests run: 1, Failures: 0, Errors: 0, Skipped: 0, Time elapsed: 0.039 s - in com.gin.mergegfassets.entity.Config_canEqual_1949640749
[INFO] Running com.gin.mergegfassets.entity.AssetFilePair_getAlphaFiles_20873133562
WARNING: An illegal reflective access operation has occurred
WARNING: Illegal reflective access by com.gin.mergegfassets.entity.AssetFilePair_getAlphaFiles_20873133562 (file:/app/target/test-classes/) to field java.io.File$PathStatus.CHECKED
WARNING: Please consider reporting this to the maintainers of com.gin.mergegfassets.entity.AssetFilePair_getAlphaFiles_20873133562
WARNING: Use --illegal-access=warn to enable warnings of further illegal reflective access operations
WARNING: All illegal access operations will be denied in a future release
[INFO] Tests run: 1, Failures: 0, Errors: 0, Skipped: 0, Time elapsed: 0.039 s - in com.gin.mergegfassets.entity.AssetFilePair_getAlphaFiles_20873133562
[INFO] Running com.gin.mergegfassets.entity.AssetFile_getFile_17679464996
WARNING: An illegal reflective access operation has occurred
WARNING: Illegal reflective access by com.gin.mergegfassets.entity.AssetFile_getFile_17679464996 (file:/app/target/test-classes/) to field java.io.File$PathStatus.INVALID
WARNING: Please consider reporting this to the maintainers of com.gin.mergegfassets.entity.AssetFile_getFile_17679464996
WARNING: Use --illegal-access=warn to enable warnings of further illegal reflective access operations
WARNING: All illegal access operations will be denied in a future release
[INFO] Tests run: 1, Failures: 0, Errors: 0, Skipped: 0, Time elapsed: 0.04 s - in com.gin.mergegfassets.entity.AssetFile_getFile_17679464996
[INFO] Running com.gin.mergegfassets.entity.Config_hashCode_105788523010
WARNING: An illegal reflective access operation has occurred
WARNING: Illegal reflective access by com.gin.mergegfassets.entity.ReflectionUtils (file:/app/target/test-classes/) to field java.lang.reflect.Field.modifiers
WARNING: Please consider reporting this to the maintainers of com.gin.mergegfassets.entity.ReflectionUtils
WARNING: Use --illegal-access=warn to enable warnings of further illegal reflective access operations
WARNING: All illegal access operations will be denied in a future release
[INFO] Tests run: 1, Failures: 0, Errors: 0, Skipped: 0, Time elapsed: 0.038 s - in com.gin.mergegfassets.entity.Config_hashCode_105788523010
[INFO] Running com.gin.mergegfassets.entity.AssetFilePair_equals_42423585914
WARNING: An illegal reflective access operation has occurred
WARNING: Illegal reflective access by com.gin.mergegfassets.entity.ReflectionUtils (file:/app/target/test-classes/) to field java.lang.reflect.Field.modifiers
WARNING: Please consider reporting this to the maintainers of com.gin.mergegfassets.entity.ReflectionUtils
WARNING: Use --illegal-access=warn to enable warnings of further illegal reflective access operations
WARNING: All illegal access operations will be denied in a future release
[INFO] Tests run: 1, Failures: 0, Errors: 0, Skipped: 0, Time elapsed: 0.039 s - in com.gin.mergegfassets.entity.AssetFilePair_equals_42423585914
[INFO] Running com.gin.mergegfassets.entity.AssetFilePair_toString_13836822248
WARNING: An illegal reflective access operation has occurred
WARNING: Illegal reflective access by com.gin.mergegfassets.entity.AssetFilePair_toString_13836822248 (file:/app/target/test-classes/) to field java.io.File$PathStatus.INVALID
WARNING: Please consider reporting this to the maintainers of com.gin.mergegfassets.entity.AssetFilePair_toString_13836822248
WARNING: Use --illegal-access=warn to enable warnings of further illegal reflective access operations
WARNING: All illegal access operations will be denied in a future release
[INFO] Tests run: 1, Failures: 0, Errors: 0, Skipped: 0, Time elapsed: 0.063 s - in com.gin.mergegfassets.entity.AssetFilePair_toString_13836822248
[INFO] Running com.gin.mergegfassets.entity.AssetFile_setExtensions_46916224021
WARNING: An illegal reflective access operation has occurred
WARNING: Illegal reflective access by com.gin.mergegfassets.entity.AssetFile_setExtensions_46916224021 (file:/app/target/test-classes/) to field java.io.File$PathStatus.CHECKED
WARNING: Please consider reporting this to the maintainers of com.gin.mergegfassets.entity.AssetFile_setExtensions_46916224021
WARNING: Use --illegal-access=warn to enable warnings of further illegal reflective access operations
WARNING: All illegal access operations will be denied in a future release
[INFO] Tests run: 1, Failures: 0, Errors: 0, Skipped: 0, Time elapsed: 0.04 s - in com.gin.mergegfassets.entity.AssetFile_setExtensions_46916224021
[INFO] Running com.gin.mergegfassets.entity.AssetFile_isHe_58714204814
WARNING: An illegal reflective access operation has occurred
WARNING: Illegal reflective access by com.gin.mergegfassets.entity.AssetFile_isHe_58714204814 (file:/app/target/test-classes/) to field java.io.File$PathStatus.CHECKED
WARNING: Please consider reporting this to the maintainers of com.gin.mergegfassets.entity.AssetFile_isHe_58714204814
WARNING: Use --illegal-access=warn to enable warnings of further illegal reflective access operations
WARNING: All illegal access operations will be denied in a future release
[INFO] Tests run: 1, Failures: 0, Errors: 0, Skipped: 0, Time elapsed: 0.04 s - in com.gin.mergegfassets.entity.AssetFile_isHe_58714204814
[INFO] Running com.gin.mergegfassets.entity.Config_getAssetPath_14623094032
WARNING: An illegal reflective access operation has occurred
WARNING: Illegal reflective access by com.gin.mergegfassets.entity.ReflectionUtils (file:/app/target/test-classes/) to field java.lang.reflect.Field.modifiers
WARNING: Please consider reporting this to the maintainers of com.gin.mergegfassets.entity.ReflectionUtils
WARNING: Use --illegal-access=warn to enable warnings of further illegal reflective access operations
WARNING: All illegal access operations will be denied in a future release
[INFO] Tests run: 1, Failures: 0, Errors: 0, Skipped: 0, Time elapsed: 0.033 s - in com.gin.mergegfassets.entity.Config_getAssetPath_14623094032
[INFO] Running com.gin.mergegfassets.entity.AssetFile_setDamaged_103661520223
WARNING: An illegal reflective access operation has occurred
WARNING: Illegal reflective access by com.gin.mergegfassets.entity.AssetFile_setDamaged_103661520223 (file:/app/target/test-classes/) to field java.io.File$PathStatus.INVALID
WARNING: Please consider reporting this to the maintainers of com.gin.mergegfassets.entity.AssetFile_setDamaged_103661520223
WARNING: Use --illegal-access=warn to enable warnings of further illegal reflective access operations
WARNING: All illegal access operations will be denied in a future release
[INFO] Tests run: 1, Failures: 0, Errors: 0, Skipped: 0, Time elapsed: 0.04 s - in com.gin.mergegfassets.entity.AssetFile_setDamaged_103661520223
[INFO] Running com.gin.mergegfassets.entity.AssetFile_init_74289095332
[ERROR] Tests run: 1, Failures: 0, Errors: 1, Skipped: 0, Time elapsed: 0.04 s <<< FAILURE! - in com.gin.mergegfassets.entity.AssetFile_init_74289095332
[ERROR] com.gin.mergegfassets.entity.AssetFile_init_74289095332.test  Time elapsed: 0.025 s  <<< ERROR!
java.lang.reflect.InvocationTargetException
	at java.base/jdk.internal.reflect.NativeConstructorAccessorImpl.newInstance0(Native Method)
	at java.base/jdk.internal.reflect.NativeConstructorAccessorImpl.newInstance(NativeConstructorAccessorImpl.java:62)
	at java.base/jdk.internal.reflect.DelegatingConstructorAccessorImpl.newInstance(DelegatingConstructorAccessorImpl.java:45)
	at java.base/java.lang.reflect.Constructor.newInstance(Constructor.java:490)
	at com.gin.mergegfassets.entity.ReflectionUtils.callConstructor(ReflectionUtils.java:321)
	at com.gin.mergegfassets.entity.AssetFile_init_74289095332.test(AssetFile_init_74289095332.java:42)
	at java.base/jdk.internal.reflect.NativeMethodAccessorImpl.invoke0(Native Method)
	at java.base/jdk.internal.reflect.NativeMethodAccessorImpl.invoke(NativeMethodAccessorImpl.java:62)
	at java.base/jdk.internal.reflect.DelegatingMethodAccessorImpl.invoke(DelegatingMethodAccessorImpl.java:43)
	at java.base/java.lang.reflect.Method.invoke(Method.java:566)
	at org.junit.runners.model.FrameworkMethod$1.runReflectiveCall(FrameworkMethod.java:59)
	at org.junit.internal.runners.model.ReflectiveCallable.run(ReflectiveCallable.java:12)
	at org.junit.runners.model.FrameworkMethod.invokeExplosively(FrameworkMethod.java:56)
	at org.junit.internal.runners.statements.InvokeMethod.evaluate(InvokeMethod.java:17)
	at org.junit.internal.runners.statements.RunBefores.evaluate(RunBefores.java:26)
	at org.junit.internal.runners.statements.FailOnTimeout$CallableStatement.call(FailOnTimeout.java:299)
	at org.junit.internal.runners.statements.FailOnTimeout$CallableStatement.call(FailOnTimeout.java:293)
	at java.base/java.util.concurrent.FutureTask.run(FutureTask.java:264)
	at java.base/java.lang.Thread.run(Thread.java:829)
Caused by: java.lang.NullPointerException
	at com.gin.mergegfassets.entity.AssetFile.<init>(AssetFile.java:85)
	... 19 more

[INFO] Running com.gin.mergegfassets.entity.AssetFile_setHd_53911749124
WARNING: An illegal reflective access operation has occurred
WARNING: Illegal reflective access by com.gin.mergegfassets.entity.AssetFile_setHd_53911749124 (file:/app/target/test-classes/) to field java.io.File$PathStatus.INVALID
WARNING: Please consider reporting this to the maintainers of com.gin.mergegfassets.entity.AssetFile_setHd_53911749124
WARNING: Use --illegal-access=warn to enable warnings of further illegal reflective access operations
WARNING: All illegal access operations will be denied in a future release
[INFO] Tests run: 1, Failures: 0, Errors: 0, Skipped: 0, Time elapsed: 0.039 s - in com.gin.mergegfassets.entity.AssetFile_setHd_53911749124
[INFO] Running com.gin.mergegfassets.entity.Config_canEqual_19496407421
WARNING: An illegal reflective access operation has occurred
WARNING: Illegal reflective access by com.gin.mergegfassets.entity.ReflectionUtils (file:/app/target/test-classes/) to field java.lang.reflect.Field.modifiers
WARNING: Please consider reporting this to the maintainers of com.gin.mergegfassets.entity.ReflectionUtils
WARNING: Use --illegal-access=warn to enable warnings of further illegal reflective access operations
WARNING: All illegal access operations will be denied in a future release
[INFO] Tests run: 1, Failures: 0, Errors: 0, Skipped: 0, Time elapsed: 0.037 s - in com.gin.mergegfassets.entity.Config_canEqual_19496407421
[INFO] Running com.gin.mergegfassets.entity.AssetFile_getFile_176794649938
WARNING: An illegal reflective access operation has occurred
WARNING: Illegal reflective access by com.gin.mergegfassets.entity.ReflectionUtils (file:/app/target/test-classes/) to field java.lang.reflect.Field.modifiers
WARNING: Please consider reporting this to the maintainers of com.gin.mergegfassets.entity.ReflectionUtils
WARNING: Use --illegal-access=warn to enable warnings of further illegal reflective access operations
WARNING: All illegal access operations will be denied in a future release
[INFO] Tests run: 1, Failures: 0, Errors: 0, Skipped: 0, Time elapsed: 0.04 s - in com.gin.mergegfassets.entity.AssetFile_getFile_176794649938
[INFO] Running com.gin.mergegfassets.entity.Config_setAssetPath_162506684317
WARNING: An illegal reflective access operation has occurred
WARNING: Illegal reflective access by com.gin.mergegfassets.entity.ReflectionUtils (file:/app/target/test-classes/) to field java.lang.reflect.Field.modifiers
WARNING: Please consider reporting this to the maintainers of com.gin.mergegfassets.entity.ReflectionUtils
WARNING: Use --illegal-access=warn to enable warnings of further illegal reflective access operations
WARNING: All illegal access operations will be denied in a future release
[INFO] Tests run: 1, Failures: 0, Errors: 0, Skipped: 0, Time elapsed: 0.038 s - in com.gin.mergegfassets.entity.Config_setAssetPath_162506684317
[INFO] Running com.gin.mergegfassets.entity.AssetFile_equals_187610280960
WARNING: An illegal reflective access operation has occurred
WARNING: Illegal reflective access by com.gin.mergegfassets.entity.ReflectionUtils (file:/app/target/test-classes/) to field java.lang.reflect.Field.modifiers
WARNING: Please consider reporting this to the maintainers of com.gin.mergegfassets.entity.ReflectionUtils
WARNING: Use --illegal-access=warn to enable warnings of further illegal reflective access operations
WARNING: All illegal access operations will be denied in a future release
[INFO] Tests run: 1, Failures: 0, Errors: 0, Skipped: 0, Time elapsed: 0.036 s - in com.gin.mergegfassets.entity.AssetFile_equals_187610280960
[INFO] Running com.gin.mergegfassets.entity.AssetFile_isHd_58714108745
WARNING: An illegal reflective access operation has occurred
WARNING: Illegal reflective access by com.gin.mergegfassets.entity.ReflectionUtils (file:/app/target/test-classes/) to field java.lang.reflect.Field.modifiers
WARNING: Please consider reporting this to the maintainers of com.gin.mergegfassets.entity.ReflectionUtils
WARNING: Use --illegal-access=warn to enable warnings of further illegal reflective access operations
WARNING: All illegal access operations will be denied in a future release
[INFO] Tests run: 1, Failures: 0, Errors: 0, Skipped: 0, Time elapsed: 0.036 s - in com.gin.mergegfassets.entity.AssetFile_isHd_58714108745
[INFO] Running com.gin.mergegfassets.entity.AssetFilePair_getRawFile_13828090371
WARNING: An illegal reflective access operation has occurred
WARNING: Illegal reflective access by com.gin.mergegfassets.entity.AssetFilePair_getRawFile_13828090371 (file:/app/target/test-classes/) to field java.io.File$PathStatus.INVALID
WARNING: Please consider reporting this to the maintainers of com.gin.mergegfassets.entity.AssetFilePair_getRawFile_13828090371
WARNING: Use --illegal-access=warn to enable warnings of further illegal reflective access operations
WARNING: All illegal access operations will be denied in a future release
[INFO] Tests run: 1, Failures: 0, Errors: 0, Skipped: 0, Time elapsed: 0.037 s - in com.gin.mergegfassets.entity.AssetFilePair_getRawFile_13828090371
[INFO] Running com.gin.mergegfassets.entity.AssetFile_similar_121031625635
WARNING: An illegal reflective access operation has occurred
WARNING: Illegal reflective access by com.gin.mergegfassets.entity.ReflectionUtils (file:/app/target/test-classes/) to field java.lang.reflect.Field.modifiers
WARNING: Please consider reporting this to the maintainers of com.gin.mergegfassets.entity.ReflectionUtils
WARNING: Use --illegal-access=warn to enable warnings of further illegal reflective access operations
WARNING: All illegal access operations will be denied in a future release
[ERROR] Tests run: 1, Failures: 0, Errors: 1, Skipped: 0, Time elapsed: 0.044 s <<< FAILURE! - in com.gin.mergegfassets.entity.AssetFile_similar_121031625635
[ERROR] com.gin.mergegfassets.entity.AssetFile_similar_121031625635.test  Time elapsed: 0.028 s  <<< ERROR!
java.lang.NullPointerException
	at com.gin.mergegfassets.entity.AssetFile.similar(AssetFile.java:197)
	at java.base/jdk.internal.reflect.NativeMethodAccessorImpl.invoke0(Native Method)
	at java.base/jdk.internal.reflect.NativeMethodAccessorImpl.invoke(NativeMethodAccessorImpl.java:62)
	at java.base/jdk.internal.reflect.DelegatingMethodAccessorImpl.invoke(DelegatingMethodAccessorImpl.java:43)
	at java.base/java.lang.reflect.Method.invoke(Method.java:566)
	at com.gin.mergegfassets.entity.ReflectionUtils.callMethod(ReflectionUtils.java:328)
	at com.gin.mergegfassets.entity.AssetFile_similar_121031625635.test(AssetFile_similar_121031625635.java:55)
	at java.base/jdk.internal.reflect.NativeMethodAccessorImpl.invoke0(Native Method)
	at java.base/jdk.internal.reflect.NativeMethodAccessorImpl.invoke(NativeMethodAccessorImpl.java:62)
	at java.base/jdk.internal.reflect.DelegatingMethodAccessorImpl.invoke(DelegatingMethodAccessorImpl.java:43)
	at java.base/java.lang.reflect.Method.invoke(Method.java:566)
	at org.junit.runners.model.FrameworkMethod$1.runReflectiveCall(FrameworkMethod.java:59)
	at org.junit.internal.runners.model.ReflectiveCallable.run(ReflectiveCallable.java:12)
	at org.junit.runners.model.FrameworkMethod.invokeExplosively(FrameworkMethod.java:56)
	at org.junit.internal.runners.statements.InvokeMethod.evaluate(InvokeMethod.java:17)
	at org.junit.internal.runners.statements.RunBefores.evaluate(RunBefores.java:26)
	at org.junit.internal.runners.statements.FailOnTimeout$CallableStatement.call(FailOnTimeout.java:299)
	at org.junit.internal.runners.statements.FailOnTimeout$CallableStatement.call(FailOnTimeout.java:293)
	at java.base/java.util.concurrent.FutureTask.run(FutureTask.java:264)
	at java.base/java.lang.Thread.run(Thread.java:829)

[INFO] Running com.gin.mergegfassets.entity.AssetFilePair_setAlphaFiles_89136900613
WARNING: An illegal reflective access operation has occurred
WARNING: Illegal reflective access by com.gin.mergegfassets.entity.ReflectionUtils (file:/app/target/test-classes/) to field java.lang.reflect.Field.modifiers
WARNING: Please consider reporting this to the maintainers of com.gin.mergegfassets.entity.ReflectionUtils
WARNING: Use --illegal-access=warn to enable warnings of further illegal reflective access operations
WARNING: All illegal access operations will be denied in a future release
[INFO] Tests run: 1, Failures: 0, Errors: 0, Skipped: 0, Time elapsed: 0.037 s - in com.gin.mergegfassets.entity.AssetFilePair_setAlphaFiles_89136900613
[INFO] Running com.gin.mergegfassets.entity.AssetFilePair_getAlphaFiles_208731335611
WARNING: An illegal reflective access operation has occurred
WARNING: Illegal reflective access by com.gin.mergegfassets.entity.ReflectionUtils (file:/app/target/test-classes/) to field java.lang.reflect.Field.modifiers
WARNING: Please consider reporting this to the maintainers of com.gin.mergegfassets.entity.ReflectionUtils
WARNING: Use --illegal-access=warn to enable warnings of further illegal reflective access operations
WARNING: All illegal access operations will be denied in a future release
[INFO] Tests run: 1, Failures: 0, Errors: 0, Skipped: 0, Time elapsed: 0.039 s - in com.gin.mergegfassets.entity.AssetFilePair_getAlphaFiles_208731335611
[INFO] Running com.gin.mergegfassets.entity.AssetFilePair_setRawFile_592706393
WARNING: An illegal reflective access operation has occurred
WARNING: Illegal reflective access by com.gin.mergegfassets.entity.AssetFilePair_setRawFile_592706393 (file:/app/target/test-classes/) to field java.io.File$PathStatus.CHECKED
WARNING: Please consider reporting this to the maintainers of com.gin.mergegfassets.entity.AssetFilePair_setRawFile_592706393
WARNING: Use --illegal-access=warn to enable warnings of further illegal reflective access operations
WARNING: All illegal access operations will be denied in a future release
[INFO] Tests run: 1, Failures: 0, Errors: 0, Skipped: 0, Time elapsed: 0.039 s - in com.gin.mergegfassets.entity.AssetFilePair_setRawFile_592706393
[INFO] Running com.gin.mergegfassets.entity.Config_getAssetPath_146230940314
WARNING: An illegal reflective access operation has occurred
WARNING: Illegal reflective access by com.gin.mergegfassets.entity.ReflectionUtils (file:/app/target/test-classes/) to field java.lang.reflect.Field.modifiers
WARNING: Please consider reporting this to the maintainers of com.gin.mergegfassets.entity.ReflectionUtils
WARNING: Use --illegal-access=warn to enable warnings of further illegal reflective access operations
WARNING: All illegal access operations will be denied in a future release
[INFO] Tests run: 1, Failures: 0, Errors: 0, Skipped: 0, Time elapsed: 0.036 s - in com.gin.mergegfassets.entity.Config_getAssetPath_146230940314
[INFO] Running com.gin.mergegfassets.entity.Config_getAssetPath_146230940315
WARNING: An illegal reflective access operation has occurred
WARNING: Illegal reflective access by com.gin.mergegfassets.entity.ReflectionUtils (file:/app/target/test-classes/) to field java.lang.reflect.Field.modifiers
WARNING: Please consider reporting this to the maintainers of com.gin.mergegfassets.entity.ReflectionUtils
WARNING: Use --illegal-access=warn to enable warnings of further illegal reflective access operations
WARNING: All illegal access operations will be denied in a future release
[INFO] Tests run: 1, Failures: 0, Errors: 0, Skipped: 0, Time elapsed: 0.032 s - in com.gin.mergegfassets.entity.Config_getAssetPath_146230940315
[INFO] Running com.gin.mergegfassets.entity.AssetFilePair_toString_138368222417
WARNING: An illegal reflective access operation has occurred
WARNING: Illegal reflective access by com.gin.mergegfassets.entity.ReflectionUtils (file:/app/target/test-classes/) to field java.lang.reflect.Field.modifiers
WARNING: Please consider reporting this to the maintainers of com.gin.mergegfassets.entity.ReflectionUtils
WARNING: Use --illegal-access=warn to enable warnings of further illegal reflective access operations
WARNING: All illegal access operations will be denied in a future release
[INFO] Tests run: 1, Failures: 0, Errors: 0, Skipped: 0, Time elapsed: 0.048 s - in com.gin.mergegfassets.entity.AssetFilePair_toString_138368222417
[INFO] Running com.gin.mergegfassets.entity.AssetFilePair_setAlphaFiles_8913690064
WARNING: An illegal reflective access operation has occurred
WARNING: Illegal reflective access by com.gin.mergegfassets.entity.AssetFilePair_setAlphaFiles_8913690064 (file:/app/target/test-classes/) to field java.io.File$PathStatus.CHECKED
WARNING: Please consider reporting this to the maintainers of com.gin.mergegfassets.entity.AssetFilePair_setAlphaFiles_8913690064
WARNING: Use --illegal-access=warn to enable warnings of further illegal reflective access operations
WARNING: All illegal access operations will be denied in a future release
[INFO] Tests run: 1, Failures: 0, Errors: 0, Skipped: 0, Time elapsed: 0.037 s - in com.gin.mergegfassets.entity.AssetFilePair_setAlphaFiles_8913690064
[INFO] Running com.gin.mergegfassets.entity.AssetFilePair_canEqual_3799267706
WARNING: An illegal reflective access operation has occurred
WARNING: Illegal reflective access by com.gin.mergegfassets.entity.AssetFilePair_canEqual_3799267706 (file:/app/target/test-classes/) to field java.io.File$PathStatus.CHECKED
WARNING: Please consider reporting this to the maintainers of com.gin.mergegfassets.entity.AssetFilePair_canEqual_3799267706
WARNING: Use --illegal-access=warn to enable warnings of further illegal reflective access operations
WARNING: All illegal access operations will be denied in a future release
[INFO] Tests run: 1, Failures: 0, Errors: 0, Skipped: 0, Time elapsed: 0.038 s - in com.gin.mergegfassets.entity.AssetFilePair_canEqual_3799267706
[INFO] Running com.gin.mergegfassets.entity.Config_toString_156864492012
WARNING: An illegal reflective access operation has occurred
WARNING: Illegal reflective access by com.gin.mergegfassets.entity.ReflectionUtils (file:/app/target/test-classes/) to field java.lang.reflect.Field.modifiers
WARNING: Please consider reporting this to the maintainers of com.gin.mergegfassets.entity.ReflectionUtils
WARNING: Use --illegal-access=warn to enable warnings of further illegal reflective access operations
WARNING: All illegal access operations will be denied in a future release
[INFO] Tests run: 1, Failures: 0, Errors: 0, Skipped: 0, Time elapsed: 0.057 s - in com.gin.mergegfassets.entity.Config_toString_156864492012
[INFO] Running com.gin.mergegfassets.entity.AssetFile_canEqual_107194018029
WARNING: An illegal reflective access operation has occurred
WARNING: Illegal reflective access by com.gin.mergegfassets.entity.AssetFile_canEqual_107194018029 (file:/app/target/test-classes/) to field java.io.File$PathStatus.CHECKED
WARNING: Please consider reporting this to the maintainers of com.gin.mergegfassets.entity.AssetFile_canEqual_107194018029
WARNING: Use --illegal-access=warn to enable warnings of further illegal reflective access operations
WARNING: All illegal access operations will be denied in a future release
[INFO] Tests run: 1, Failures: 0, Errors: 0, Skipped: 0, Time elapsed: 0.035 s - in com.gin.mergegfassets.entity.AssetFile_canEqual_107194018029
[INFO] Running com.gin.mergegfassets.entity.AssetFile_getCharacter_10023464158
WARNING: An illegal reflective access operation has occurred
WARNING: Illegal reflective access by com.gin.mergegfassets.entity.AssetFile_getCharacter_10023464158 (file:/app/target/test-classes/) to field java.io.File$PathStatus.INVALID
WARNING: Please consider reporting this to the maintainers of com.gin.mergegfassets.entity.AssetFile_getCharacter_10023464158
WARNING: Use --illegal-access=warn to enable warnings of further illegal reflective access operations
WARNING: All illegal access operations will be denied in a future release
[INFO] Tests run: 1, Failures: 0, Errors: 0, Skipped: 0, Time elapsed: 0.035 s - in com.gin.mergegfassets.entity.AssetFile_getCharacter_10023464158
[INFO] Running com.gin.mergegfassets.entity.Config_equals_60919855520
WARNING: An illegal reflective access operation has occurred
WARNING: Illegal reflective access by com.gin.mergegfassets.entity.ReflectionUtils (file:/app/target/test-classes/) to field java.lang.reflect.Field.modifiers
WARNING: Please consider reporting this to the maintainers of com.gin.mergegfassets.entity.ReflectionUtils
WARNING: Use --illegal-access=warn to enable warnings of further illegal reflective access operations
WARNING: All illegal access operations will be denied in a future release
[INFO] Tests run: 1, Failures: 0, Errors: 0, Skipped: 0, Time elapsed: 0.034 s - in com.gin.mergegfassets.entity.Config_equals_60919855520
[INFO] Running com.gin.mergegfassets.entity.AssetFile_getExtensions_191888336810
WARNING: An illegal reflective access operation has occurred
WARNING: Illegal reflective access by com.gin.mergegfassets.entity.AssetFile_getExtensions_191888336810 (file:/app/target/test-classes/) to field java.io.File$PathStatus.INVALID
WARNING: Please consider reporting this to the maintainers of com.gin.mergegfassets.entity.AssetFile_getExtensions_191888336810
WARNING: Use --illegal-access=warn to enable warnings of further illegal reflective access operations
WARNING: All illegal access operations will be denied in a future release
[INFO] Tests run: 1, Failures: 0, Errors: 0, Skipped: 0, Time elapsed: 0.038 s - in com.gin.mergegfassets.entity.AssetFile_getExtensions_191888336810
[INFO] Running com.gin.mergegfassets.entity.AssetFile_setVersion_175125632052
WARNING: An illegal reflective access operation has occurred
WARNING: Illegal reflective access by com.gin.mergegfassets.entity.ReflectionUtils (file:/app/target/test-classes/) to field java.lang.reflect.Field.modifiers
WARNING: Please consider reporting this to the maintainers of com.gin.mergegfassets.entity.ReflectionUtils
WARNING: Use --illegal-access=warn to enable warnings of further illegal reflective access operations
WARNING: All illegal access operations will be denied in a future release
[INFO] Tests run: 1, Failures: 0, Errors: 0, Skipped: 0, Time elapsed: 0.04 s - in com.gin.mergegfassets.entity.AssetFile_setVersion_175125632052
[INFO] Running com.gin.mergegfassets.entity.AssetFilePair_hashCode_8729225347
WARNING: An illegal reflective access operation has occurred
WARNING: Illegal reflective access by com.gin.mergegfassets.entity.AssetFilePair_hashCode_8729225347 (file:/app/target/test-classes/) to field java.io.File$PathStatus.CHECKED
WARNING: Please consider reporting this to the maintainers of com.gin.mergegfassets.entity.AssetFilePair_hashCode_8729225347
WARNING: Use --illegal-access=warn to enable warnings of further illegal reflective access operations
WARNING: All illegal access operations will be denied in a future release
[ERROR] Tests run: 1, Failures: 0, Errors: 1, Skipped: 0, Time elapsed: 0.042 s <<< FAILURE! - in com.gin.mergegfassets.entity.AssetFilePair_hashCode_8729225347
[ERROR] com.gin.mergegfassets.entity.AssetFilePair_hashCode_8729225347.test  Time elapsed: 0.029 s  <<< ERROR!
java.lang.NullPointerException
	at java.base/java.io.UnixFileSystem.hashCode(UnixFileSystem.java:330)
	at java.base/java.io.File.hashCode(File.java:2237)
	at com.gin.mergegfassets.entity.AssetFile.hashCode(AssetFile.java:16)
	at java.base/java.util.ArrayList.hashCodeRange(ArrayList.java:627)
	at java.base/java.util.ArrayList.hashCode(ArrayList.java:614)
	at com.gin.mergegfassets.entity.AssetFilePair.hashCode(AssetFilePair.java:13)
	at java.base/jdk.internal.reflect.NativeMethodAccessorImpl.invoke0(Native Method)
	at java.base/jdk.internal.reflect.NativeMethodAccessorImpl.invoke(NativeMethodAccessorImpl.java:62)
	at java.base/jdk.internal.reflect.DelegatingMethodAccessorImpl.invoke(DelegatingMethodAccessorImpl.java:43)
	at java.base/java.lang.reflect.Method.invoke(Method.java:566)
	at com.gin.mergegfassets.entity.ReflectionUtils.callMethod(ReflectionUtils.java:328)
	at com.gin.mergegfassets.entity.AssetFilePair_hashCode_8729225347.test(AssetFilePair_hashCode_8729225347.java:195)
	at java.base/jdk.internal.reflect.NativeMethodAccessorImpl.invoke0(Native Method)
	at java.base/jdk.internal.reflect.NativeMethodAccessorImpl.invoke(NativeMethodAccessorImpl.java:62)
	at java.base/jdk.internal.reflect.DelegatingMethodAccessorImpl.invoke(DelegatingMethodAccessorImpl.java:43)
	at java.base/java.lang.reflect.Method.invoke(Method.java:566)
	at org.junit.runners.model.FrameworkMethod$1.runReflectiveCall(FrameworkMethod.java:59)
	at org.junit.internal.runners.model.ReflectiveCallable.run(ReflectiveCallable.java:12)
	at org.junit.runners.model.FrameworkMethod.invokeExplosively(FrameworkMethod.java:56)
	at org.junit.internal.runners.statements.InvokeMethod.evaluate(InvokeMethod.java:17)
	at org.junit.internal.runners.statements.RunBefores.evaluate(RunBefores.java:26)
	at org.junit.internal.runners.statements.FailOnTimeout$CallableStatement.call(FailOnTimeout.java:299)
	at org.junit.internal.runners.statements.FailOnTimeout$CallableStatement.call(FailOnTimeout.java:293)
	at java.base/java.util.concurrent.FutureTask.run(FutureTask.java:264)
	at java.base/java.lang.Thread.run(Thread.java:829)

[INFO] Running com.gin.mergegfassets.entity.AssetFile_getCharacter_100234641540
WARNING: An illegal reflective access operation has occurred
WARNING: Illegal reflective access by com.gin.mergegfassets.entity.ReflectionUtils (file:/app/target/test-classes/) to field java.lang.reflect.Field.modifiers
WARNING: Please consider reporting this to the maintainers of com.gin.mergegfassets.entity.ReflectionUtils
WARNING: Use --illegal-access=warn to enable warnings of further illegal reflective access operations
WARNING: All illegal access operations will be denied in a future release
[INFO] Tests run: 1, Failures: 0, Errors: 0, Skipped: 0, Time elapsed: 0.042 s - in com.gin.mergegfassets.entity.AssetFile_getCharacter_100234641540
[INFO] Running com.gin.mergegfassets.entity.Config_init_165391713712
WARNING: An illegal reflective access operation has occurred
WARNING: Illegal reflective access by com.gin.mergegfassets.entity.ReflectionUtils (file:/app/target/test-classes/) to field java.lang.reflect.Field.modifiers
WARNING: Please consider reporting this to the maintainers of com.gin.mergegfassets.entity.ReflectionUtils
WARNING: Use --illegal-access=warn to enable warnings of further illegal reflective access operations
WARNING: All illegal access operations will be denied in a future release
请提供assets目录路径 >> [ERROR] Tests run: 1, Failures: 0, Errors: 1, Skipped: 0, Time elapsed: 10.038 s <<< FAILURE! - in com.gin.mergegfassets.entity.Config_init_165391713712
[ERROR] com.gin.mergegfassets.entity.Config_init_165391713712.test  Time elapsed: 10.022 s  <<< ERROR!
org.junit.runners.model.TestTimedOutException: test timed out after 10 seconds
	at java.base@11.0.16/java.io.FileInputStream.readBytes(Native Method)
	at java.base@11.0.16/java.io.FileInputStream.read(FileInputStream.java:279)
	at java.base@11.0.16/java.io.BufferedInputStream.read1(BufferedInputStream.java:290)
	at java.base@11.0.16/java.io.BufferedInputStream.read(BufferedInputStream.java:351)
	at java.base@11.0.16/sun.nio.cs.StreamDecoder.readBytes(StreamDecoder.java:284)
	at java.base@11.0.16/sun.nio.cs.StreamDecoder.implRead(StreamDecoder.java:326)
	at java.base@11.0.16/sun.nio.cs.StreamDecoder.read(StreamDecoder.java:178)
	at java.base@11.0.16/java.io.InputStreamReader.read(InputStreamReader.java:181)
	at java.base@11.0.16/java.io.BufferedReader.fill(BufferedReader.java:161)
	at java.base@11.0.16/java.io.BufferedReader.readLine(BufferedReader.java:326)
	at java.base@11.0.16/java.io.BufferedReader.readLine(BufferedReader.java:392)
	at app//com.gin.mergegfassets.utils.IoUtils.readAssetPath(IoUtils.java:24)
	at app//com.gin.mergegfassets.entity.Config.init(Config.java:30)
	at java.base@11.0.16/jdk.internal.reflect.NativeMethodAccessorImpl.invoke0(Native Method)
	at java.base@11.0.16/jdk.internal.reflect.NativeMethodAccessorImpl.invoke(NativeMethodAccessorImpl.java:62)
	at java.base@11.0.16/jdk.internal.reflect.DelegatingMethodAccessorImpl.invoke(DelegatingMethodAccessorImpl.java:43)
	at java.base@11.0.16/java.lang.reflect.Method.invoke(Method.java:566)
	at app//com.gin.mergegfassets.entity.ReflectionUtils.callMethod(ReflectionUtils.java:328)
	at app//com.gin.mergegfassets.entity.Config_init_165391713712.test(Config_init_165391713712.java:45)
	at java.base@11.0.16/jdk.internal.reflect.NativeMethodAccessorImpl.invoke0(Native Method)
	at java.base@11.0.16/jdk.internal.reflect.NativeMethodAccessorImpl.invoke(NativeMethodAccessorImpl.java:62)
	at java.base@11.0.16/jdk.internal.reflect.DelegatingMethodAccessorImpl.invoke(DelegatingMethodAccessorImpl.java:43)
	at java.base@11.0.16/java.lang.reflect.Method.invoke(Method.java:566)
	at app//org.junit.runners.model.FrameworkMethod$1.runReflectiveCall(FrameworkMethod.java:59)
	at app//org.junit.internal.runners.model.ReflectiveCallable.run(ReflectiveCallable.java:12)
	at app//org.junit.runners.model.FrameworkMethod.invokeExplosively(FrameworkMethod.java:56)
	at app//org.junit.internal.runners.statements.InvokeMethod.evaluate(InvokeMethod.java:17)
	at app//org.junit.internal.runners.statements.RunBefores.evaluate(RunBefores.java:26)
	at app//org.junit.internal.runners.statements.FailOnTimeout$CallableStatement.call(FailOnTimeout.java:299)
	at app//org.junit.internal.runners.statements.FailOnTimeout$CallableStatement.call(FailOnTimeout.java:293)
	at java.base@11.0.16/java.util.concurrent.FutureTask.run(FutureTask.java:264)
	at java.base@11.0.16/java.lang.Thread.run(Thread.java:829)

[ERROR] Surefire is going to kill self fork JVM. The exit has elapsed 30 seconds after System.exit(0).
[INFO] Running com.gin.mergegfassets.entity.AssetFile_setVersion_175125632020
WARNING: An illegal reflective access operation has occurred
WARNING: Illegal reflective access by com.gin.mergegfassets.entity.AssetFile_setVersion_175125632020 (file:/app/target/test-classes/) to field java.io.File$PathStatus.CHECKED
WARNING: Please consider reporting this to the maintainers of com.gin.mergegfassets.entity.AssetFile_setVersion_175125632020
WARNING: Use --illegal-access=warn to enable warnings of further illegal reflective access operations
WARNING: All illegal access operations will be denied in a future release
[INFO] Tests run: 1, Failures: 0, Errors: 0, Skipped: 0, Time elapsed: 0.04 s - in com.gin.mergegfassets.entity.AssetFile_setVersion_175125632020
[INFO] Running com.gin.mergegfassets.entity.Config_equals_6091985559
WARNING: An illegal reflective access operation has occurred
WARNING: Illegal reflective access by com.gin.mergegfassets.entity.ReflectionUtils (file:/app/target/test-classes/) to field java.lang.reflect.Field.modifiers
WARNING: Please consider reporting this to the maintainers of com.gin.mergegfassets.entity.ReflectionUtils
WARNING: Use --illegal-access=warn to enable warnings of further illegal reflective access operations
WARNING: All illegal access operations will be denied in a future release
[INFO] Tests run: 1, Failures: 0, Errors: 0, Skipped: 0, Time elapsed: 0.04 s - in com.gin.mergegfassets.entity.Config_equals_6091985559
[INFO] Running com.gin.mergegfassets.entity.AssetFile_toFormatName_5933550995
WARNING: An illegal reflective access operation has occurred
WARNING: Illegal reflective access by com.gin.mergegfassets.entity.AssetFile_toFormatName_5933550995 (file:/app/target/test-classes/) to field java.io.File$PathStatus.CHECKED
WARNING: Please consider reporting this to the maintainers of com.gin.mergegfassets.entity.AssetFile_toFormatName_5933550995
WARNING: Use --illegal-access=warn to enable warnings of further illegal reflective access operations
WARNING: All illegal access operations will be denied in a future release
[INFO] Tests run: 1, Failures: 0, Errors: 0, Skipped: 0, Time elapsed: 0.04 s - in com.gin.mergegfassets.entity.AssetFile_toFormatName_5933550995
[INFO] Running com.gin.mergegfassets.entity.AssetFile_matchPair_7815580682
WARNING: An illegal reflective access operation has occurred
WARNING: Illegal reflective access by com.gin.mergegfassets.entity.AssetFile_matchPair_7815580682 (file:/app/target/test-classes/) to field java.io.File$PathStatus.INVALID
WARNING: Please consider reporting this to the maintainers of com.gin.mergegfassets.entity.AssetFile_matchPair_7815580682
WARNING: Use --illegal-access=warn to enable warnings of further illegal reflective access operations
WARNING: All illegal access operations will be denied in a future release
[INFO] Tests run: 1, Failures: 0, Errors: 0, Skipped: 0, Time elapsed: 0.038 s - in com.gin.mergegfassets.entity.AssetFile_matchPair_7815580682
[INFO] Running com.gin.mergegfassets.entity.Config_toString_156864492023
WARNING: An illegal reflective access operation has occurred
WARNING: Illegal reflective access by com.gin.mergegfassets.entity.ReflectionUtils (file:/app/target/test-classes/) to field java.lang.reflect.Field.modifiers
WARNING: Please consider reporting this to the maintainers of com.gin.mergegfassets.entity.ReflectionUtils
WARNING: Use --illegal-access=warn to enable warnings of further illegal reflective access operations
WARNING: All illegal access operations will be denied in a future release
[INFO] Tests run: 1, Failures: 0, Errors: 0, Skipped: 0, Time elapsed: 0.054 s - in com.gin.mergegfassets.entity.Config_toString_156864492023
[INFO] Running com.gin.mergegfassets.entity.AssetFile_getParentPath_20239249257
WARNING: An illegal reflective access operation has occurred
WARNING: Illegal reflective access by com.gin.mergegfassets.entity.AssetFile_getParentPath_20239249257 (file:/app/target/test-classes/) to field java.io.File$PathStatus.CHECKED
WARNING: Please consider reporting this to the maintainers of com.gin.mergegfassets.entity.AssetFile_getParentPath_20239249257
WARNING: Use --illegal-access=warn to enable warnings of further illegal reflective access operations
WARNING: All illegal access operations will be denied in a future release
[INFO] Tests run: 1, Failures: 0, Errors: 0, Skipped: 0, Time elapsed: 0.035 s - in com.gin.mergegfassets.entity.AssetFile_getParentPath_20239249257
[INFO] Running com.gin.mergegfassets.entity.Config_canEqual_19496407410
WARNING: An illegal reflective access operation has occurred
WARNING: Illegal reflective access by com.gin.mergegfassets.entity.ReflectionUtils (file:/app/target/test-classes/) to field java.lang.reflect.Field.modifiers
WARNING: Please consider reporting this to the maintainers of com.gin.mergegfassets.entity.ReflectionUtils
WARNING: Use --illegal-access=warn to enable warnings of further illegal reflective access operations
WARNING: All illegal access operations will be denied in a future release
[INFO] Tests run: 1, Failures: 0, Errors: 0, Skipped: 0, Time elapsed: 0.04 s - in com.gin.mergegfassets.entity.Config_canEqual_19496407410
[INFO] Running com.gin.mergegfassets.entity.Config_getOutputPath_19508113683
WARNING: An illegal reflective access operation has occurred
WARNING: Illegal reflective access by com.gin.mergegfassets.entity.ReflectionUtils (file:/app/target/test-classes/) to field java.lang.reflect.Field.modifiers
WARNING: Please consider reporting this to the maintainers of com.gin.mergegfassets.entity.ReflectionUtils
WARNING: Use --illegal-access=warn to enable warnings of further illegal reflective access operations
WARNING: All illegal access operations will be denied in a future release
[INFO] Tests run: 1, Failures: 0, Errors: 0, Skipped: 0, Time elapsed: 0.039 s - in com.gin.mergegfassets.entity.Config_getOutputPath_19508113683
[INFO] Running com.gin.mergegfassets.entity.Config_getOutputPath_195081136815
WARNING: An illegal reflective access operation has occurred
WARNING: Illegal reflective access by com.gin.mergegfassets.entity.ReflectionUtils (file:/app/target/test-classes/) to field java.lang.reflect.Field.modifiers
WARNING: Please consider reporting this to the maintainers of com.gin.mergegfassets.entity.ReflectionUtils
WARNING: Use --illegal-access=warn to enable warnings of further illegal reflective access operations
WARNING: All illegal access operations will be denied in a future release
[INFO] Tests run: 1, Failures: 0, Errors: 0, Skipped: 0, Time elapsed: 0.035 s - in com.gin.mergegfassets.entity.Config_getOutputPath_195081136815
[INFO] Running com.gin.mergegfassets.entity.AssetFile_getVersion_173222995241
WARNING: An illegal reflective access operation has occurred
WARNING: Illegal reflective access by com.gin.mergegfassets.entity.ReflectionUtils (file:/app/target/test-classes/) to field java.lang.reflect.Field.modifiers
WARNING: Please consider reporting this to the maintainers of com.gin.mergegfassets.entity.ReflectionUtils
WARNING: Use --illegal-access=warn to enable warnings of further illegal reflective access operations
WARNING: All illegal access operations will be denied in a future release
[INFO] Tests run: 1, Failures: 0, Errors: 0, Skipped: 0, Time elapsed: 0.035 s - in com.gin.mergegfassets.entity.AssetFile_getVersion_173222995241
[INFO] Running com.gin.mergegfassets.entity.AssetFile_setCharacter_83958897551
WARNING: An illegal reflective access operation has occurred
WARNING: Illegal reflective access by com.gin.mergegfassets.entity.ReflectionUtils (file:/app/target/test-classes/) to field java.lang.reflect.Field.modifiers
WARNING: Please consider reporting this to the maintainers of com.gin.mergegfassets.entity.ReflectionUtils
WARNING: Use --illegal-access=warn to enable warnings of further illegal reflective access operations
WARNING: All illegal access operations will be denied in a future release
[INFO] Tests run: 1, Failures: 0, Errors: 0, Skipped: 0, Time elapsed: 0.039 s - in com.gin.mergegfassets.entity.AssetFile_setCharacter_83958897551
[INFO] Running com.gin.mergegfassets.entity.AssetFile_getParentPath_202392492539
WARNING: An illegal reflective access operation has occurred
WARNING: Illegal reflective access by com.gin.mergegfassets.entity.ReflectionUtils (file:/app/target/test-classes/) to field java.lang.reflect.Field.modifiers
WARNING: Please consider reporting this to the maintainers of com.gin.mergegfassets.entity.ReflectionUtils
WARNING: Use --illegal-access=warn to enable warnings of further illegal reflective access operations
WARNING: All illegal access operations will be denied in a future release
[INFO] Tests run: 1, Failures: 0, Errors: 0, Skipped: 0, Time elapsed: 0.035 s - in com.gin.mergegfassets.entity.AssetFile_getParentPath_202392492539
[INFO] Running com.gin.mergegfassets.entity.Config_setAssetPath_16250668436
WARNING: An illegal reflective access operation has occurred
WARNING: Illegal reflective access by com.gin.mergegfassets.entity.ReflectionUtils (file:/app/target/test-classes/) to field java.lang.reflect.Field.modifiers
WARNING: Please consider reporting this to the maintainers of com.gin.mergegfassets.entity.ReflectionUtils
WARNING: Use --illegal-access=warn to enable warnings of further illegal reflective access operations
WARNING: All illegal access operations will be denied in a future release
[INFO] Tests run: 1, Failures: 0, Errors: 0, Skipped: 0, Time elapsed: 0.039 s - in com.gin.mergegfassets.entity.Config_setAssetPath_16250668436
[INFO] Running com.gin.mergegfassets.entity.Config_setOutputPath_8944348006
WARNING: An illegal reflective access operation has occurred
WARNING: Illegal reflective access by com.gin.mergegfassets.entity.ReflectionUtils (file:/app/target/test-classes/) to field java.lang.reflect.Field.modifiers
WARNING: Please consider reporting this to the maintainers of com.gin.mergegfassets.entity.ReflectionUtils
WARNING: Use --illegal-access=warn to enable warnings of further illegal reflective access operations
WARNING: All illegal access operations will be denied in a future release
[INFO] Tests run: 1, Failures: 0, Errors: 0, Skipped: 0, Time elapsed: 0.036 s - in com.gin.mergegfassets.entity.Config_setOutputPath_8944348006
[INFO] Running com.gin.mergegfassets.entity.Config_getThreads_8552718924
WARNING: An illegal reflective access operation has occurred
WARNING: Illegal reflective access by com.gin.mergegfassets.entity.ReflectionUtils (file:/app/target/test-classes/) to field java.lang.reflect.Field.modifiers
WARNING: Please consider reporting this to the maintainers of com.gin.mergegfassets.entity.ReflectionUtils
WARNING: Use --illegal-access=warn to enable warnings of further illegal reflective access operations
WARNING: All illegal access operations will be denied in a future release
[INFO] Tests run: 1, Failures: 0, Errors: 0, Skipped: 0, Time elapsed: 0.036 s - in com.gin.mergegfassets.entity.Config_getThreads_8552718924
[INFO] Running com.gin.mergegfassets.entity.AssetFile_getRelativePath_651362291
WARNING: An illegal reflective access operation has occurred
WARNING: Illegal reflective access by com.gin.mergegfassets.entity.AssetFile_getRelativePath_651362291 (file:/app/target/test-classes/) to field java.io.File$PathStatus.INVALID
WARNING: Please consider reporting this to the maintainers of com.gin.mergegfassets.entity.AssetFile_getRelativePath_651362291
WARNING: Use --illegal-access=warn to enable warnings of further illegal reflective access operations
WARNING: All illegal access operations will be denied in a future release
[INFO] Tests run: 1, Failures: 0, Errors: 0, Skipped: 0, Time elapsed: 0.036 s - in com.gin.mergegfassets.entity.AssetFile_getRelativePath_651362291
[INFO] Running com.gin.mergegfassets.entity.AssetFile_canEqual_107194018061
WARNING: An illegal reflective access operation has occurred
WARNING: Illegal reflective access by com.gin.mergegfassets.entity.ReflectionUtils (file:/app/target/test-classes/) to field java.lang.reflect.Field.modifiers
WARNING: Please consider reporting this to the maintainers of com.gin.mergegfassets.entity.ReflectionUtils
WARNING: Use --illegal-access=warn to enable warnings of further illegal reflective access operations
WARNING: All illegal access operations will be denied in a future release
[INFO] Tests run: 1, Failures: 0, Errors: 0, Skipped: 0, Time elapsed: 0.036 s - in com.gin.mergegfassets.entity.AssetFile_canEqual_107194018061
[INFO] Running com.gin.mergegfassets.entity.AssetFilePair_canEqual_37992677015
WARNING: An illegal reflective access operation has occurred
WARNING: Illegal reflective access by com.gin.mergegfassets.entity.ReflectionUtils (file:/app/target/test-classes/) to field java.lang.reflect.Field.modifiers
WARNING: Please consider reporting this to the maintainers of com.gin.mergegfassets.entity.ReflectionUtils
WARNING: Use --illegal-access=warn to enable warnings of further illegal reflective access operations
WARNING: All illegal access operations will be denied in a future release
[INFO] Tests run: 1, Failures: 0, Errors: 0, Skipped: 0, Time elapsed: 0.034 s - in com.gin.mergegfassets.entity.AssetFilePair_canEqual_37992677015
[INFO] Running com.gin.mergegfassets.entity.AssetFile_hashCode_197017781230
WARNING: An illegal reflective access operation has occurred
WARNING: Illegal reflective access by com.gin.mergegfassets.entity.AssetFile_hashCode_197017781230 (file:/app/target/test-classes/) to field java.io.File$PathStatus.CHECKED
WARNING: Please consider reporting this to the maintainers of com.gin.mergegfassets.entity.AssetFile_hashCode_197017781230
WARNING: Use --illegal-access=warn to enable warnings of further illegal reflective access operations
WARNING: All illegal access operations will be denied in a future release
[INFO] Tests run: 1, Failures: 0, Errors: 0, Skipped: 0, Time elapsed: 0.037 s - in com.gin.mergegfassets.entity.AssetFile_hashCode_197017781230
[INFO] Running com.gin.mergegfassets.entity.AssetFile_setAlpha_45795586154
WARNING: An illegal reflective access operation has occurred
WARNING: Illegal reflective access by com.gin.mergegfassets.entity.ReflectionUtils (file:/app/target/test-classes/) to field java.lang.reflect.Field.modifiers
WARNING: Please consider reporting this to the maintainers of com.gin.mergegfassets.entity.ReflectionUtils
WARNING: Use --illegal-access=warn to enable warnings of further illegal reflective access operations
WARNING: All illegal access operations will be denied in a future release
[INFO] Tests run: 1, Failures: 0, Errors: 0, Skipped: 0, Time elapsed: 0.037 s - in com.gin.mergegfassets.entity.AssetFile_setAlpha_45795586154
[INFO] Running com.gin.mergegfassets.entity.Config_setAssetPath_16250668435
WARNING: An illegal reflective access operation has occurred
WARNING: Illegal reflective access by com.gin.mergegfassets.entity.ReflectionUtils (file:/app/target/test-classes/) to field java.lang.reflect.Field.modifiers
WARNING: Please consider reporting this to the maintainers of com.gin.mergegfassets.entity.ReflectionUtils
WARNING: Use --illegal-access=warn to enable warnings of further illegal reflective access operations
WARNING: All illegal access operations will be denied in a future release
[INFO] Tests run: 1, Failures: 0, Errors: 0, Skipped: 0, Time elapsed: 0.039 s - in com.gin.mergegfassets.entity.Config_setAssetPath_16250668435
[INFO] Running com.gin.mergegfassets.entity.AssetFile_isDamaged_67202077212
WARNING: An illegal reflective access operation has occurred
WARNING: Illegal reflective access by com.gin.mergegfassets.entity.AssetFile_isDamaged_67202077212 (file:/app/target/test-classes/) to field java.io.File$PathStatus.INVALID
WARNING: Please consider reporting this to the maintainers of com.gin.mergegfassets.entity.AssetFile_isDamaged_67202077212
WARNING: Use --illegal-access=warn to enable warnings of further illegal reflective access operations
WARNING: All illegal access operations will be denied in a future release
[INFO] Tests run: 1, Failures: 0, Errors: 0, Skipped: 0, Time elapsed: 0.041 s - in com.gin.mergegfassets.entity.AssetFile_isDamaged_67202077212
[INFO] Running com.gin.mergegfassets.entity.AssetFile_isHd_58714108713
WARNING: An illegal reflective access operation has occurred
WARNING: Illegal reflective access by com.gin.mergegfassets.entity.AssetFile_isHd_58714108713 (file:/app/target/test-classes/) to field java.io.File$PathStatus.INVALID
WARNING: Please consider reporting this to the maintainers of com.gin.mergegfassets.entity.AssetFile_isHd_58714108713
WARNING: Use --illegal-access=warn to enable warnings of further illegal reflective access operations
WARNING: All illegal access operations will be denied in a future release
[INFO] Tests run: 1, Failures: 0, Errors: 0, Skipped: 0, Time elapsed: 0.037 s - in com.gin.mergegfassets.entity.AssetFile_isHd_58714108713
[INFO] Running com.gin.mergegfassets.entity.AssetFile_setParentPath_82132124318
WARNING: An illegal reflective access operation has occurred
WARNING: Illegal reflective access by com.gin.mergegfassets.entity.AssetFile_setParentPath_82132124318 (file:/app/target/test-classes/) to field java.io.File$PathStatus.CHECKED
WARNING: Please consider reporting this to the maintainers of com.gin.mergegfassets.entity.AssetFile_setParentPath_82132124318
WARNING: Use --illegal-access=warn to enable warnings of further illegal reflective access operations
WARNING: All illegal access operations will be denied in a future release
[INFO] Tests run: 1, Failures: 0, Errors: 0, Skipped: 0, Time elapsed: 0.039 s - in com.gin.mergegfassets.entity.AssetFile_setParentPath_82132124318
[INFO] Running com.gin.mergegfassets.entity.Config_equals_6091985558
WARNING: An illegal reflective access operation has occurred
WARNING: Illegal reflective access by com.gin.mergegfassets.entity.ReflectionUtils (file:/app/target/test-classes/) to field java.lang.reflect.Field.modifiers
WARNING: Please consider reporting this to the maintainers of com.gin.mergegfassets.entity.ReflectionUtils
WARNING: Use --illegal-access=warn to enable warnings of further illegal reflective access operations
WARNING: All illegal access operations will be denied in a future release
[INFO] Tests run: 1, Failures: 0, Errors: 0, Skipped: 0, Time elapsed: 0.034 s - in com.gin.mergegfassets.entity.Config_equals_6091985558
[INFO] Running com.gin.mergegfassets.entity.AssetFile_setAlpha_45795586122
WARNING: An illegal reflective access operation has occurred
WARNING: Illegal reflective access by com.gin.mergegfassets.entity.AssetFile_setAlpha_45795586122 (file:/app/target/test-classes/) to field java.io.File$PathStatus.INVALID
WARNING: Please consider reporting this to the maintainers of com.gin.mergegfassets.entity.AssetFile_setAlpha_45795586122
WARNING: Use --illegal-access=warn to enable warnings of further illegal reflective access operations
WARNING: All illegal access operations will be denied in a future release
[INFO] Tests run: 1, Failures: 0, Errors: 0, Skipped: 0, Time elapsed: 0.039 s - in com.gin.mergegfassets.entity.AssetFile_setAlpha_45795586122
[INFO] Running com.gin.mergegfassets.entity.AssetFilePair_hashCode_87292253416
WARNING: An illegal reflective access operation has occurred
WARNING: Illegal reflective access by com.gin.mergegfassets.entity.ReflectionUtils (file:/app/target/test-classes/) to field java.lang.reflect.Field.modifiers
WARNING: Please consider reporting this to the maintainers of com.gin.mergegfassets.entity.ReflectionUtils
WARNING: Use --illegal-access=warn to enable warnings of further illegal reflective access operations
WARNING: All illegal access operations will be denied in a future release
[INFO] Tests run: 1, Failures: 0, Errors: 0, Skipped: 0, Time elapsed: 0.038 s - in com.gin.mergegfassets.entity.AssetFilePair_hashCode_87292253416
[INFO] Running com.gin.mergegfassets.entity.AssetFile_isDifference_19039798415
WARNING: An illegal reflective access operation has occurred
WARNING: Illegal reflective access by com.gin.mergegfassets.entity.AssetFile_isDifference_19039798415 (file:/app/target/test-classes/) to field java.io.File$PathStatus.CHECKED
WARNING: Please consider reporting this to the maintainers of com.gin.mergegfassets.entity.AssetFile_isDifference_19039798415
WARNING: Use --illegal-access=warn to enable warnings of further illegal reflective access operations
WARNING: All illegal access operations will be denied in a future release
[INFO] Tests run: 1, Failures: 0, Errors: 0, Skipped: 0, Time elapsed: 0.036 s - in com.gin.mergegfassets.entity.AssetFile_isDifference_19039798415
[INFO] Running com.gin.mergegfassets.entity.Config_setThreads_13654607788
WARNING: An illegal reflective access operation has occurred
WARNING: Illegal reflective access by com.gin.mergegfassets.entity.ReflectionUtils (file:/app/target/test-classes/) to field java.lang.reflect.Field.modifiers
WARNING: Please consider reporting this to the maintainers of com.gin.mergegfassets.entity.ReflectionUtils
WARNING: Use --illegal-access=warn to enable warnings of further illegal reflective access operations
WARNING: All illegal access operations will be denied in a future release
[INFO] Tests run: 1, Failures: 0, Errors: 0, Skipped: 0, Time elapsed: 0.035 s - in com.gin.mergegfassets.entity.Config_setThreads_13654607788
[INFO] Running com.gin.mergegfassets.entity.AssetFile_toFilename_1355135364
WARNING: An illegal reflective access operation has occurred
WARNING: Illegal reflective access by com.gin.mergegfassets.entity.AssetFile_toFilename_1355135364 (file:/app/target/test-classes/) to field java.io.File$PathStatus.CHECKED
WARNING: Please consider reporting this to the maintainers of com.gin.mergegfassets.entity.AssetFile_toFilename_1355135364
WARNING: Use --illegal-access=warn to enable warnings of further illegal reflective access operations
WARNING: All illegal access operations will be denied in a future release
[INFO] Tests run: 1, Failures: 0, Errors: 0, Skipped: 0, Time elapsed: 0.055 s - in com.gin.mergegfassets.entity.AssetFile_toFilename_1355135364
[INFO] Running com.gin.mergegfassets.entity.AssetFile_setCharacter_83958897519
WARNING: An illegal reflective access operation has occurred
WARNING: Illegal reflective access by com.gin.mergegfassets.entity.AssetFile_setCharacter_83958897519 (file:/app/target/test-classes/) to field java.io.File$PathStatus.CHECKED
WARNING: Please consider reporting this to the maintainers of com.gin.mergegfassets.entity.AssetFile_setCharacter_83958897519
WARNING: Use --illegal-access=warn to enable warnings of further illegal reflective access operations
WARNING: All illegal access operations will be denied in a future release
[INFO] Tests run: 1, Failures: 0, Errors: 0, Skipped: 0, Time elapsed: 0.042 s - in com.gin.mergegfassets.entity.AssetFile_setCharacter_83958897519
[INFO] Running com.gin.mergegfassets.entity.AssetFile_hashCode_197017781262
WARNING: An illegal reflective access operation has occurred
WARNING: Illegal reflective access by com.gin.mergegfassets.entity.ReflectionUtils (file:/app/target/test-classes/) to field java.lang.reflect.Field.modifiers
WARNING: Please consider reporting this to the maintainers of com.gin.mergegfassets.entity.ReflectionUtils
WARNING: Use --illegal-access=warn to enable warnings of further illegal reflective access operations
WARNING: All illegal access operations will be denied in a future release
[INFO] Tests run: 1, Failures: 0, Errors: 0, Skipped: 0, Time elapsed: 0.042 s - in com.gin.mergegfassets.entity.AssetFile_hashCode_197017781262
[INFO] Running com.gin.mergegfassets.entity.Config_init_211410077113
[INFO] Tests run: 1, Failures: 0, Errors: 0, Skipped: 0, Time elapsed: 0.036 s - in com.gin.mergegfassets.entity.Config_init_211410077113
[INFO] Running com.gin.mergegfassets.entity.AssetFile_setHd_53911749156
WARNING: An illegal reflective access operation has occurred
WARNING: Illegal reflective access by com.gin.mergegfassets.entity.ReflectionUtils (file:/app/target/test-classes/) to field java.lang.reflect.Field.modifiers
WARNING: Please consider reporting this to the maintainers of com.gin.mergegfassets.entity.ReflectionUtils
WARNING: Use --illegal-access=warn to enable warnings of further illegal reflective access operations
WARNING: All illegal access operations will be denied in a future release
[INFO] Tests run: 1, Failures: 0, Errors: 0, Skipped: 0, Time elapsed: 0.041 s - in com.gin.mergegfassets.entity.AssetFile_setHd_53911749156
[INFO] Running com.gin.mergegfassets.entity.AssetFile_setHe_53911653057
WARNING: An illegal reflective access operation has occurred
WARNING: Illegal reflective access by com.gin.mergegfassets.entity.ReflectionUtils (file:/app/target/test-classes/) to field java.lang.reflect.Field.modifiers
WARNING: Please consider reporting this to the maintainers of com.gin.mergegfassets.entity.ReflectionUtils
WARNING: Use --illegal-access=warn to enable warnings of further illegal reflective access operations
WARNING: All illegal access operations will be denied in a future release
[INFO] Tests run: 1, Failures: 0, Errors: 0, Skipped: 0, Time elapsed: 0.039 s - in com.gin.mergegfassets.entity.AssetFile_setHe_53911653057
[INFO] Running com.gin.mergegfassets.entity.AssetFile_isSkin_154107126448
WARNING: An illegal reflective access operation has occurred
WARNING: Illegal reflective access by com.gin.mergegfassets.entity.ReflectionUtils (file:/app/target/test-classes/) to field java.lang.reflect.Field.modifiers
WARNING: Please consider reporting this to the maintainers of com.gin.mergegfassets.entity.ReflectionUtils
WARNING: Use --illegal-access=warn to enable warnings of further illegal reflective access operations
WARNING: All illegal access operations will be denied in a future release
[INFO] Tests run: 1, Failures: 0, Errors: 0, Skipped: 0, Time elapsed: 0.042 s - in com.gin.mergegfassets.entity.AssetFile_isSkin_154107126448
[INFO] Running com.gin.mergegfassets.entity.AssetFile_toFilename_13551353636
WARNING: An illegal reflective access operation has occurred
WARNING: Illegal reflective access by com.gin.mergegfassets.entity.ReflectionUtils (file:/app/target/test-classes/) to field java.lang.reflect.Field.modifiers
WARNING: Please consider reporting this to the maintainers of com.gin.mergegfassets.entity.ReflectionUtils
WARNING: Use --illegal-access=warn to enable warnings of further illegal reflective access operations
WARNING: All illegal access operations will be denied in a future release
[ERROR] Tests run: 1, Failures: 0, Errors: 1, Skipped: 0, Time elapsed: 0.041 s <<< FAILURE! - in com.gin.mergegfassets.entity.AssetFile_toFilename_13551353636
[ERROR] com.gin.mergegfassets.entity.AssetFile_toFilename_13551353636.test  Time elapsed: 0.027 s  <<< ERROR!
java.lang.NullPointerException
	at java.base/java.lang.StringBuilder.<init>(StringBuilder.java:128)
	at com.gin.mergegfassets.entity.AssetFile.toFormatName(AssetFile.java:225)
	at com.gin.mergegfassets.entity.AssetFile.toFilename(AssetFile.java:216)
	at java.base/jdk.internal.reflect.NativeMethodAccessorImpl.invoke0(Native Method)
	at java.base/jdk.internal.reflect.NativeMethodAccessorImpl.invoke(NativeMethodAccessorImpl.java:62)
	at java.base/jdk.internal.reflect.DelegatingMethodAccessorImpl.invoke(DelegatingMethodAccessorImpl.java:43)
	at java.base/java.lang.reflect.Method.invoke(Method.java:566)
	at com.gin.mergegfassets.entity.ReflectionUtils.callMethod(ReflectionUtils.java:328)
	at com.gin.mergegfassets.entity.AssetFile_toFilename_13551353636.test(AssetFile_toFilename_13551353636.java:53)
	at java.base/jdk.internal.reflect.NativeMethodAccessorImpl.invoke0(Native Method)
	at java.base/jdk.internal.reflect.NativeMethodAccessorImpl.invoke(NativeMethodAccessorImpl.java:62)
	at java.base/jdk.internal.reflect.DelegatingMethodAccessorImpl.invoke(DelegatingMethodAccessorImpl.java:43)
	at java.base/java.lang.reflect.Method.invoke(Method.java:566)
	at org.junit.runners.model.FrameworkMethod$1.runReflectiveCall(FrameworkMethod.java:59)
	at org.junit.internal.runners.model.ReflectiveCallable.run(ReflectiveCallable.java:12)
	at org.junit.runners.model.FrameworkMethod.invokeExplosively(FrameworkMethod.java:56)
	at org.junit.internal.runners.statements.InvokeMethod.evaluate(InvokeMethod.java:17)
	at org.junit.internal.runners.statements.RunBefores.evaluate(RunBefores.java:26)
	at org.junit.internal.runners.statements.FailOnTimeout$CallableStatement.call(FailOnTimeout.java:299)
	at org.junit.internal.runners.statements.FailOnTimeout$CallableStatement.call(FailOnTimeout.java:293)
	at java.base/java.util.concurrent.FutureTask.run(FutureTask.java:264)
	at java.base/java.lang.Thread.run(Thread.java:829)

[INFO] Running com.gin.mergegfassets.entity.Config_init_21141007711
[INFO] Tests run: 1, Failures: 0, Errors: 0, Skipped: 0, Time elapsed: 0.033 s - in com.gin.mergegfassets.entity.Config_init_21141007711
[INFO] Running com.gin.mergegfassets.entity.AssetFile_setFile_180704392517
WARNING: An illegal reflective access operation has occurred
WARNING: Illegal reflective access by com.gin.mergegfassets.entity.AssetFile_setFile_180704392517 (file:/app/target/test-classes/) to field java.io.File$PathStatus.INVALID
WARNING: Please consider reporting this to the maintainers of com.gin.mergegfassets.entity.AssetFile_setFile_180704392517
WARNING: Use --illegal-access=warn to enable warnings of further illegal reflective access operations
WARNING: All illegal access operations will be denied in a future release
[INFO] Tests run: 1, Failures: 0, Errors: 0, Skipped: 0, Time elapsed: 0.038 s - in com.gin.mergegfassets.entity.AssetFile_setFile_180704392517
[INFO] Running com.gin.mergegfassets.entity.AssetFile_isAlpha_27994084511
WARNING: An illegal reflective access operation has occurred
WARNING: Illegal reflective access by com.gin.mergegfassets.entity.AssetFile_isAlpha_27994084511 (file:/app/target/test-classes/) to field java.io.File$PathStatus.CHECKED
WARNING: Please consider reporting this to the maintainers of com.gin.mergegfassets.entity.AssetFile_isAlpha_27994084511
WARNING: Use --illegal-access=warn to enable warnings of further illegal reflective access operations
WARNING: All illegal access operations will be denied in a future release
[INFO] Tests run: 1, Failures: 0, Errors: 0, Skipped: 0, Time elapsed: 0.041 s - in com.gin.mergegfassets.entity.AssetFile_isAlpha_27994084511
[INFO] Running com.gin.mergegfassets.entity.Config_setThreads_136546077819
WARNING: An illegal reflective access operation has occurred
WARNING: Illegal reflective access by com.gin.mergegfassets.entity.ReflectionUtils (file:/app/target/test-classes/) to field java.lang.reflect.Field.modifiers
WARNING: Please consider reporting this to the maintainers of com.gin.mergegfassets.entity.ReflectionUtils
WARNING: Use --illegal-access=warn to enable warnings of further illegal reflective access operations
WARNING: All illegal access operations will be denied in a future release
[INFO] Tests run: 1, Failures: 0, Errors: 0, Skipped: 0, Time elapsed: 0.033 s - in com.gin.mergegfassets.entity.Config_setThreads_136546077819
[INFO] Running com.gin.mergegfassets.entity.AssetFile_setDifference_118314129826
WARNING: An illegal reflective access operation has occurred
WARNING: Illegal reflective access by com.gin.mergegfassets.entity.AssetFile_setDifference_118314129826 (file:/app/target/test-classes/) to field java.io.File$PathStatus.CHECKED
WARNING: Please consider reporting this to the maintainers of com.gin.mergegfassets.entity.AssetFile_setDifference_118314129826
WARNING: Use --illegal-access=warn to enable warnings of further illegal reflective access operations
WARNING: All illegal access operations will be denied in a future release
[INFO] Tests run: 1, Failures: 0, Errors: 0, Skipped: 0, Time elapsed: 0.039 s - in com.gin.mergegfassets.entity.AssetFile_setDifference_118314129826
[INFO] Running com.gin.mergegfassets.entity.Config_toString_156864492011
WARNING: An illegal reflective access operation has occurred
WARNING: Illegal reflective access by com.gin.mergegfassets.entity.ReflectionUtils (file:/app/target/test-classes/) to field java.lang.reflect.Field.modifiers
WARNING: Please consider reporting this to the maintainers of com.gin.mergegfassets.entity.ReflectionUtils
WARNING: Use --illegal-access=warn to enable warnings of further illegal reflective access operations
WARNING: All illegal access operations will be denied in a future release
[INFO] Tests run: 1, Failures: 0, Errors: 0, Skipped: 0, Time elapsed: 0.05 s - in com.gin.mergegfassets.entity.Config_toString_156864492011
[INFO] Running com.gin.mergegfassets.entity.AssetFile_setSkin_194290584259
WARNING: An illegal reflective access operation has occurred
WARNING: Illegal reflective access by com.gin.mergegfassets.entity.ReflectionUtils (file:/app/target/test-classes/) to field java.lang.reflect.Field.modifiers
WARNING: Please consider reporting this to the maintainers of com.gin.mergegfassets.entity.ReflectionUtils
WARNING: Use --illegal-access=warn to enable warnings of further illegal reflective access operations
WARNING: All illegal access operations will be denied in a future release
[INFO] Tests run: 1, Failures: 0, Errors: 0, Skipped: 0, Time elapsed: 0.038 s - in com.gin.mergegfassets.entity.AssetFile_setSkin_194290584259
[INFO] Running com.gin.mergegfassets.entity.AssetFile_setDifference_118314129858
WARNING: An illegal reflective access operation has occurred
WARNING: Illegal reflective access by com.gin.mergegfassets.entity.ReflectionUtils (file:/app/target/test-classes/) to field java.lang.reflect.Field.modifiers
WARNING: Please consider reporting this to the maintainers of com.gin.mergegfassets.entity.ReflectionUtils
WARNING: Use --illegal-access=warn to enable warnings of further illegal reflective access operations
WARNING: All illegal access operations will be denied in a future release
[INFO] Tests run: 1, Failures: 0, Errors: 0, Skipped: 0, Time elapsed: 0.039 s - in com.gin.mergegfassets.entity.AssetFile_setDifference_118314129858
[INFO] Running com.gin.mergegfassets.entity.AssetFile_toFormatName_59335509937
WARNING: An illegal reflective access operation has occurred
WARNING: Illegal reflective access by com.gin.mergegfassets.entity.ReflectionUtils (file:/app/target/test-classes/) to field java.lang.reflect.Field.modifiers
WARNING: Please consider reporting this to the maintainers of com.gin.mergegfassets.entity.ReflectionUtils
WARNING: Use --illegal-access=warn to enable warnings of further illegal reflective access operations
WARNING: All illegal access operations will be denied in a future release
[ERROR] Tests run: 1, Failures: 0, Errors: 1, Skipped: 0, Time elapsed: 0.046 s <<< FAILURE! - in com.gin.mergegfassets.entity.AssetFile_toFormatName_59335509937
[ERROR] com.gin.mergegfassets.entity.AssetFile_toFormatName_59335509937.test  Time elapsed: 0.029 s  <<< ERROR!
java.lang.NullPointerException
	at java.base/java.lang.StringBuilder.<init>(StringBuilder.java:128)
	at com.gin.mergegfassets.entity.AssetFile.toFormatName(AssetFile.java:225)
	at java.base/jdk.internal.reflect.NativeMethodAccessorImpl.invoke0(Native Method)
	at java.base/jdk.internal.reflect.NativeMethodAccessorImpl.invoke(NativeMethodAccessorImpl.java:62)
	at java.base/jdk.internal.reflect.DelegatingMethodAccessorImpl.invoke(DelegatingMethodAccessorImpl.java:43)
	at java.base/java.lang.reflect.Method.invoke(Method.java:566)
	at com.gin.mergegfassets.entity.ReflectionUtils.callMethod(ReflectionUtils.java:328)
	at com.gin.mergegfassets.entity.AssetFile_toFormatName_59335509937.test(AssetFile_toFormatName_59335509937.java:53)
	at java.base/jdk.internal.reflect.NativeMethodAccessorImpl.invoke0(Native Method)
	at java.base/jdk.internal.reflect.NativeMethodAccessorImpl.invoke(NativeMethodAccessorImpl.java:62)
	at java.base/jdk.internal.reflect.DelegatingMethodAccessorImpl.invoke(DelegatingMethodAccessorImpl.java:43)
	at java.base/java.lang.reflect.Method.invoke(Method.java:566)
	at org.junit.runners.model.FrameworkMethod$1.runReflectiveCall(FrameworkMethod.java:59)
	at org.junit.internal.runners.model.ReflectiveCallable.run(ReflectiveCallable.java:12)
	at org.junit.runners.model.FrameworkMethod.invokeExplosively(FrameworkMethod.java:56)
	at org.junit.internal.runners.statements.InvokeMethod.evaluate(InvokeMethod.java:17)
	at org.junit.internal.runners.statements.RunBefores.evaluate(RunBefores.java:26)
	at org.junit.internal.runners.statements.FailOnTimeout$CallableStatement.call(FailOnTimeout.java:299)
	at org.junit.internal.runners.statements.FailOnTimeout$CallableStatement.call(FailOnTimeout.java:293)
	at java.base/java.util.concurrent.FutureTask.run(FutureTask.java:264)
	at java.base/java.lang.Thread.run(Thread.java:829)

[INFO] Running com.gin.mergegfassets.entity.AssetFilePair_init_15990689730
WARNING: An illegal reflective access operation has occurred
WARNING: Illegal reflective access by com.gin.mergegfassets.entity.AssetFilePair_init_15990689730 (file:/app/target/test-classes/) to field java.io.File$PathStatus.CHECKED
WARNING: Please consider reporting this to the maintainers of com.gin.mergegfassets.entity.AssetFilePair_init_15990689730
WARNING: Use --illegal-access=warn to enable warnings of further illegal reflective access operations
WARNING: All illegal access operations will be denied in a future release
[INFO] Tests run: 1, Failures: 0, Errors: 0, Skipped: 0, Time elapsed: 0.035 s - in com.gin.mergegfassets.entity.AssetFilePair_init_15990689730
[INFO] Running com.gin.mergegfassets.entity.Config_setThreads_13654607787
WARNING: An illegal reflective access operation has occurred
WARNING: Illegal reflective access by com.gin.mergegfassets.entity.ReflectionUtils (file:/app/target/test-classes/) to field java.lang.reflect.Field.modifiers
WARNING: Please consider reporting this to the maintainers of com.gin.mergegfassets.entity.ReflectionUtils
WARNING: Use --illegal-access=warn to enable warnings of further illegal reflective access operations
WARNING: All illegal access operations will be denied in a future release
[INFO] Tests run: 1, Failures: 0, Errors: 0, Skipped: 0, Time elapsed: 0.038 s - in com.gin.mergegfassets.entity.Config_setThreads_13654607787
[INFO] Running com.gin.mergegfassets.entity.AssetFile_isDifference_19039798447
WARNING: An illegal reflective access operation has occurred
WARNING: Illegal reflective access by com.gin.mergegfassets.entity.ReflectionUtils (file:/app/target/test-classes/) to field java.lang.reflect.Field.modifiers
WARNING: Please consider reporting this to the maintainers of com.gin.mergegfassets.entity.ReflectionUtils
WARNING: Use --illegal-access=warn to enable warnings of further illegal reflective access operations
WARNING: All illegal access operations will be denied in a future release
[INFO] Tests run: 1, Failures: 0, Errors: 0, Skipped: 0, Time elapsed: 0.038 s - in com.gin.mergegfassets.entity.AssetFile_isDifference_19039798447
[INFO] Running com.gin.mergegfassets.entity.Config_hashCode_105788523011
WARNING: An illegal reflective access operation has occurred
WARNING: Illegal reflective access by com.gin.mergegfassets.entity.ReflectionUtils (file:/app/target/test-classes/) to field java.lang.reflect.Field.modifiers
WARNING: Please consider reporting this to the maintainers of com.gin.mergegfassets.entity.ReflectionUtils
WARNING: Use --illegal-access=warn to enable warnings of further illegal reflective access operations
WARNING: All illegal access operations will be denied in a future release
[INFO] Tests run: 1, Failures: 0, Errors: 0, Skipped: 0, Time elapsed: 0.038 s - in com.gin.mergegfassets.entity.Config_hashCode_105788523011
[INFO] Running com.gin.mergegfassets.entity.AssetFile_getRelativePath_6513622933
WARNING: An illegal reflective access operation has occurred
WARNING: Illegal reflective access by com.gin.mergegfassets.entity.ReflectionUtils (file:/app/target/test-classes/) to field java.lang.reflect.Field.modifiers
WARNING: Please consider reporting this to the maintainers of com.gin.mergegfassets.entity.ReflectionUtils
WARNING: Use --illegal-access=warn to enable warnings of further illegal reflective access operations
WARNING: All illegal access operations will be denied in a future release
[ERROR] Tests run: 1, Failures: 0, Errors: 1, Skipped: 0, Time elapsed: 0.044 s <<< FAILURE! - in com.gin.mergegfassets.entity.AssetFile_getRelativePath_6513622933
[ERROR] com.gin.mergegfassets.entity.AssetFile_getRelativePath_6513622933.test  Time elapsed: 0.028 s  <<< ERROR!
java.lang.NullPointerException
	at com.gin.mergegfassets.entity.AssetFile.getRelativePath(AssetFile.java:164)
	at java.base/jdk.internal.reflect.NativeMethodAccessorImpl.invoke0(Native Method)
	at java.base/jdk.internal.reflect.NativeMethodAccessorImpl.invoke(NativeMethodAccessorImpl.java:62)
	at java.base/jdk.internal.reflect.DelegatingMethodAccessorImpl.invoke(DelegatingMethodAccessorImpl.java:43)
	at java.base/java.lang.reflect.Method.invoke(Method.java:566)
	at com.gin.mergegfassets.entity.ReflectionUtils.callMethod(ReflectionUtils.java:328)
	at com.gin.mergegfassets.entity.AssetFile_getRelativePath_6513622933.test(AssetFile_getRelativePath_6513622933.java:53)
	at java.base/jdk.internal.reflect.NativeMethodAccessorImpl.invoke0(Native Method)
	at java.base/jdk.internal.reflect.NativeMethodAccessorImpl.invoke(NativeMethodAccessorImpl.java:62)
	at java.base/jdk.internal.reflect.DelegatingMethodAccessorImpl.invoke(DelegatingMethodAccessorImpl.java:43)
	at java.base/java.lang.reflect.Method.invoke(Method.java:566)
	at org.junit.runners.model.FrameworkMethod$1.runReflectiveCall(FrameworkMethod.java:59)
	at org.junit.internal.runners.model.ReflectiveCallable.run(ReflectiveCallable.java:12)
	at org.junit.runners.model.FrameworkMethod.invokeExplosively(FrameworkMethod.java:56)
	at org.junit.internal.runners.statements.InvokeMethod.evaluate(InvokeMethod.java:17)
	at org.junit.internal.runners.statements.RunBefores.evaluate(RunBefores.java:26)
	at org.junit.internal.runners.statements.FailOnTimeout$CallableStatement.call(FailOnTimeout.java:299)
	at org.junit.internal.runners.statements.FailOnTimeout$CallableStatement.call(FailOnTimeout.java:293)
	at java.base/java.util.concurrent.FutureTask.run(FutureTask.java:264)
	at java.base/java.lang.Thread.run(Thread.java:829)

[INFO] Running com.gin.mergegfassets.entity.Config_hashCode_105788523022
WARNING: An illegal reflective access operation has occurred
WARNING: Illegal reflective access by com.gin.mergegfassets.entity.ReflectionUtils (file:/app/target/test-classes/) to field java.lang.reflect.Field.modifiers
WARNING: Please consider reporting this to the maintainers of com.gin.mergegfassets.entity.ReflectionUtils
WARNING: Use --illegal-access=warn to enable warnings of further illegal reflective access operations
WARNING: All illegal access operations will be denied in a future release
[INFO] Tests run: 1, Failures: 0, Errors: 0, Skipped: 0, Time elapsed: 0.038 s - in com.gin.mergegfassets.entity.Config_hashCode_105788523022
[INFO] Running com.gin.mergegfassets.entity.AssetFile_matchPair_78155806834
WARNING: An illegal reflective access operation has occurred
WARNING: Illegal reflective access by com.gin.mergegfassets.entity.ReflectionUtils (file:/app/target/test-classes/) to field java.lang.reflect.Field.modifiers
WARNING: Please consider reporting this to the maintainers of com.gin.mergegfassets.entity.ReflectionUtils
WARNING: Use --illegal-access=warn to enable warnings of further illegal reflective access operations
WARNING: All illegal access operations will be denied in a future release
[ERROR] Tests run: 1, Failures: 0, Errors: 1, Skipped: 0, Time elapsed: 0.044 s <<< FAILURE! - in com.gin.mergegfassets.entity.AssetFile_matchPair_78155806834
[ERROR] com.gin.mergegfassets.entity.AssetFile_matchPair_78155806834.test  Time elapsed: 0.027 s  <<< ERROR!
java.lang.NullPointerException
	at com.gin.mergegfassets.entity.AssetFile.similar(AssetFile.java:197)
	at com.gin.mergegfassets.entity.AssetFile.matchPair(AssetFile.java:176)
	at java.base/jdk.internal.reflect.NativeMethodAccessorImpl.invoke0(Native Method)
	at java.base/jdk.internal.reflect.NativeMethodAccessorImpl.invoke(NativeMethodAccessorImpl.java:62)
	at java.base/jdk.internal.reflect.DelegatingMethodAccessorImpl.invoke(DelegatingMethodAccessorImpl.java:43)
	at java.base/java.lang.reflect.Method.invoke(Method.java:566)
	at com.gin.mergegfassets.entity.ReflectionUtils.callMethod(ReflectionUtils.java:328)
	at com.gin.mergegfassets.entity.AssetFile_matchPair_78155806834.test(AssetFile_matchPair_78155806834.java:55)
	at java.base/jdk.internal.reflect.NativeMethodAccessorImpl.invoke0(Native Method)
	at java.base/jdk.internal.reflect.NativeMethodAccessorImpl.invoke(NativeMethodAccessorImpl.java:62)
	at java.base/jdk.internal.reflect.DelegatingMethodAccessorImpl.invoke(DelegatingMethodAccessorImpl.java:43)
	at java.base/java.lang.reflect.Method.invoke(Method.java:566)
	at org.junit.runners.model.FrameworkMethod$1.runReflectiveCall(FrameworkMethod.java:59)
	at org.junit.internal.runners.model.ReflectiveCallable.run(ReflectiveCallable.java:12)
	at org.junit.runners.model.FrameworkMethod.invokeExplosively(FrameworkMethod.java:56)
	at org.junit.internal.runners.statements.InvokeMethod.evaluate(InvokeMethod.java:17)
	at org.junit.internal.runners.statements.RunBefores.evaluate(RunBefores.java:26)
	at org.junit.internal.runners.statements.FailOnTimeout$CallableStatement.call(FailOnTimeout.java:299)
	at org.junit.internal.runners.statements.FailOnTimeout$CallableStatement.call(FailOnTimeout.java:293)
	at java.base/java.util.concurrent.FutureTask.run(FutureTask.java:264)
	at java.base/java.lang.Thread.run(Thread.java:829)

[INFO] Running com.gin.mergegfassets.entity.AssetFile_isDamaged_67202077244
WARNING: An illegal reflective access operation has occurred
WARNING: Illegal reflective access by com.gin.mergegfassets.entity.ReflectionUtils (file:/app/target/test-classes/) to field java.lang.reflect.Field.modifiers
WARNING: Please consider reporting this to the maintainers of com.gin.mergegfassets.entity.ReflectionUtils
WARNING: Use --illegal-access=warn to enable warnings of further illegal reflective access operations
WARNING: All illegal access operations will be denied in a future release
[INFO] Tests run: 1, Failures: 0, Errors: 0, Skipped: 0, Time elapsed: 0.035 s - in com.gin.mergegfassets.entity.AssetFile_isDamaged_67202077244
[INFO] Running com.gin.mergegfassets.entity.AssetFile_isHe_58714204846
WARNING: An illegal reflective access operation has occurred
WARNING: Illegal reflective access by com.gin.mergegfassets.entity.ReflectionUtils (file:/app/target/test-classes/) to field java.lang.reflect.Field.modifiers
WARNING: Please consider reporting this to the maintainers of com.gin.mergegfassets.entity.ReflectionUtils
WARNING: Use --illegal-access=warn to enable warnings of further illegal reflective access operations
WARNING: All illegal access operations will be denied in a future release
[INFO] Tests run: 1, Failures: 0, Errors: 0, Skipped: 0, Time elapsed: 0.042 s - in com.gin.mergegfassets.entity.AssetFile_isHe_58714204846
[INFO] Running com.gin.mergegfassets.entity.AssetFile_isAlpha_27994084543
WARNING: An illegal reflective access operation has occurred
WARNING: Illegal reflective access by com.gin.mergegfassets.entity.ReflectionUtils (file:/app/target/test-classes/) to field java.lang.reflect.Field.modifiers
WARNING: Please consider reporting this to the maintainers of com.gin.mergegfassets.entity.ReflectionUtils
WARNING: Use --illegal-access=warn to enable warnings of further illegal reflective access operations
WARNING: All illegal access operations will be denied in a future release
[INFO] Tests run: 1, Failures: 0, Errors: 0, Skipped: 0, Time elapsed: 0.039 s - in com.gin.mergegfassets.entity.AssetFile_isAlpha_27994084543
[INFO] Running com.gin.mergegfassets.entity.AssetFile_setFile_180704392549
WARNING: An illegal reflective access operation has occurred
WARNING: Illegal reflective access by com.gin.mergegfassets.entity.ReflectionUtils (file:/app/target/test-classes/) to field java.lang.reflect.Field.modifiers
WARNING: Please consider reporting this to the maintainers of com.gin.mergegfassets.entity.ReflectionUtils
WARNING: Use --illegal-access=warn to enable warnings of further illegal reflective access operations
WARNING: All illegal access operations will be denied in a future release
[INFO] Tests run: 1, Failures: 0, Errors: 0, Skipped: 0, Time elapsed: 0.035 s - in com.gin.mergegfassets.entity.AssetFile_setFile_180704392549
[INFO] Running com.gin.mergegfassets.entity.AssetFile_init_7428909530
WARNING: An illegal reflective access operation has occurred
WARNING: Illegal reflective access by com.gin.mergegfassets.entity.AssetFile_init_7428909530 (file:/app/target/test-classes/) to field java.io.File$PathStatus.INVALID
WARNING: Please consider reporting this to the maintainers of com.gin.mergegfassets.entity.AssetFile_init_7428909530
WARNING: Use --illegal-access=warn to enable warnings of further illegal reflective access operations
WARNING: All illegal access operations will be denied in a future release
[ERROR] Tests run: 1, Failures: 0, Errors: 1, Skipped: 0, Time elapsed: 0.044 s <<< FAILURE! - in com.gin.mergegfassets.entity.AssetFile_init_7428909530
[ERROR] com.gin.mergegfassets.entity.AssetFile_init_7428909530.test  Time elapsed: 0.029 s  <<< ERROR!
java.lang.reflect.InvocationTargetException
	at java.base/jdk.internal.reflect.NativeConstructorAccessorImpl.newInstance0(Native Method)
	at java.base/jdk.internal.reflect.NativeConstructorAccessorImpl.newInstance(NativeConstructorAccessorImpl.java:62)
	at java.base/jdk.internal.reflect.DelegatingConstructorAccessorImpl.newInstance(DelegatingConstructorAccessorImpl.java:45)
	at java.base/java.lang.reflect.Constructor.newInstance(Constructor.java:490)
	at com.gin.mergegfassets.entity.ReflectionUtils.callConstructor(ReflectionUtils.java:321)
	at com.gin.mergegfassets.entity.AssetFile_init_7428909530.test(AssetFile_init_7428909530.java:54)
	at java.base/jdk.internal.reflect.NativeMethodAccessorImpl.invoke0(Native Method)
	at java.base/jdk.internal.reflect.NativeMethodAccessorImpl.invoke(NativeMethodAccessorImpl.java:62)
	at java.base/jdk.internal.reflect.DelegatingMethodAccessorImpl.invoke(DelegatingMethodAccessorImpl.java:43)
	at java.base/java.lang.reflect.Method.invoke(Method.java:566)
	at org.junit.runners.model.FrameworkMethod$1.runReflectiveCall(FrameworkMethod.java:59)
	at org.junit.internal.runners.model.ReflectiveCallable.run(ReflectiveCallable.java:12)
	at org.junit.runners.model.FrameworkMethod.invokeExplosively(FrameworkMethod.java:56)
	at org.junit.internal.runners.statements.InvokeMethod.evaluate(InvokeMethod.java:17)
	at org.junit.internal.runners.statements.RunBefores.evaluate(RunBefores.java:26)
	at org.junit.internal.runners.statements.FailOnTimeout$CallableStatement.call(FailOnTimeout.java:299)
	at org.junit.internal.runners.statements.FailOnTimeout$CallableStatement.call(FailOnTimeout.java:293)
	at java.base/java.util.concurrent.FutureTask.run(FutureTask.java:264)
	at java.base/java.lang.Thread.run(Thread.java:829)
Caused by: java.lang.NullPointerException
	at com.gin.mergegfassets.entity.AssetFile.<init>(AssetFile.java:85)
	... 19 more

[INFO] Running com.gin.mergegfassets.entity.Config_getThreads_8552718925
WARNING: An illegal reflective access operation has occurred
WARNING: Illegal reflective access by com.gin.mergegfassets.entity.ReflectionUtils (file:/app/target/test-classes/) to field java.lang.reflect.Field.modifiers
WARNING: Please consider reporting this to the maintainers of com.gin.mergegfassets.entity.ReflectionUtils
WARNING: Use --illegal-access=warn to enable warnings of further illegal reflective access operations
WARNING: All illegal access operations will be denied in a future release
[INFO] Tests run: 1, Failures: 0, Errors: 0, Skipped: 0, Time elapsed: 0.036 s - in com.gin.mergegfassets.entity.Config_getThreads_8552718925
[INFO] Running com.gin.mergegfassets.entity.AssetFilePair_equals_4242358595
WARNING: An illegal reflective access operation has occurred
WARNING: Illegal reflective access by com.gin.mergegfassets.entity.AssetFilePair_equals_4242358595 (file:/app/target/test-classes/) to field java.io.File$PathStatus.CHECKED
WARNING: Please consider reporting this to the maintainers of com.gin.mergegfassets.entity.AssetFilePair_equals_4242358595
WARNING: Use --illegal-access=warn to enable warnings of further illegal reflective access operations
WARNING: All illegal access operations will be denied in a future release
[INFO] Tests run: 1, Failures: 0, Errors: 0, Skipped: 0, Time elapsed: 0.062 s - in com.gin.mergegfassets.entity.AssetFilePair_equals_4242358595
[INFO] Running com.gin.mergegfassets.entity.Config_setOutputPath_8944348007
WARNING: An illegal reflective access operation has occurred
WARNING: Illegal reflective access by com.gin.mergegfassets.entity.ReflectionUtils (file:/app/target/test-classes/) to field java.lang.reflect.Field.modifiers
WARNING: Please consider reporting this to the maintainers of com.gin.mergegfassets.entity.ReflectionUtils
WARNING: Use --illegal-access=warn to enable warnings of further illegal reflective access operations
WARNING: All illegal access operations will be denied in a future release
[INFO] Tests run: 1, Failures: 0, Errors: 0, Skipped: 0, Time elapsed: 0.033 s - in com.gin.mergegfassets.entity.Config_setOutputPath_8944348007
[INFO] Running com.gin.mergegfassets.entity.AssetFile_getExtensions_191888336842
WARNING: An illegal reflective access operation has occurred
WARNING: Illegal reflective access by com.gin.mergegfassets.entity.ReflectionUtils (file:/app/target/test-classes/) to field java.lang.reflect.Field.modifiers
WARNING: Please consider reporting this to the maintainers of com.gin.mergegfassets.entity.ReflectionUtils
WARNING: Use --illegal-access=warn to enable warnings of further illegal reflective access operations
WARNING: All illegal access operations will be denied in a future release
[INFO] Tests run: 1, Failures: 0, Errors: 0, Skipped: 0, Time elapsed: 0.037 s - in com.gin.mergegfassets.entity.AssetFile_getExtensions_191888336842
[INFO] Running com.gin.mergegfassets.entity.AssetFile_setHe_53911653025
WARNING: An illegal reflective access operation has occurred
WARNING: Illegal reflective access by com.gin.mergegfassets.entity.AssetFile_setHe_53911653025 (file:/app/target/test-classes/) to field java.io.File$PathStatus.CHECKED
WARNING: Please consider reporting this to the maintainers of com.gin.mergegfassets.entity.AssetFile_setHe_53911653025
WARNING: Use --illegal-access=warn to enable warnings of further illegal reflective access operations
WARNING: All illegal access operations will be denied in a future release
[INFO] Tests run: 1, Failures: 0, Errors: 0, Skipped: 0, Time elapsed: 0.04 s - in com.gin.mergegfassets.entity.AssetFile_setHe_53911653025
[INFO] Running com.gin.mergegfassets.entity.AssetFilePair_setRawFile_5927063912
WARNING: An illegal reflective access operation has occurred
WARNING: Illegal reflective access by com.gin.mergegfassets.entity.ReflectionUtils (file:/app/target/test-classes/) to field java.lang.reflect.Field.modifiers
WARNING: Please consider reporting this to the maintainers of com.gin.mergegfassets.entity.ReflectionUtils
WARNING: Use --illegal-access=warn to enable warnings of further illegal reflective access operations
WARNING: All illegal access operations will be denied in a future release
[INFO] Tests run: 1, Failures: 0, Errors: 0, Skipped: 0, Time elapsed: 0.039 s - in com.gin.mergegfassets.entity.AssetFilePair_setRawFile_5927063912
[INFO] Running com.gin.mergegfassets.entity.AssetFile_setParentPath_82132124350
WARNING: An illegal reflective access operation has occurred
WARNING: Illegal reflective access by com.gin.mergegfassets.entity.ReflectionUtils (file:/app/target/test-classes/) to field java.lang.reflect.Field.modifiers
WARNING: Please consider reporting this to the maintainers of com.gin.mergegfassets.entity.ReflectionUtils
WARNING: Use --illegal-access=warn to enable warnings of further illegal reflective access operations
WARNING: All illegal access operations will be denied in a future release
[INFO] Tests run: 1, Failures: 0, Errors: 0, Skipped: 0, Time elapsed: 0.042 s - in com.gin.mergegfassets.entity.AssetFile_setParentPath_82132124350
[INFO] Running com.gin.mergegfassets.entity.AssetFile_setSkin_194290584227
WARNING: An illegal reflective access operation has occurred
WARNING: Illegal reflective access by com.gin.mergegfassets.entity.AssetFile_setSkin_194290584227 (file:/app/target/test-classes/) to field java.io.File$PathStatus.CHECKED
WARNING: Please consider reporting this to the maintainers of com.gin.mergegfassets.entity.AssetFile_setSkin_194290584227
WARNING: Use --illegal-access=warn to enable warnings of further illegal reflective access operations
WARNING: All illegal access operations will be denied in a future release
[INFO] Tests run: 1, Failures: 0, Errors: 0, Skipped: 0, Time elapsed: 0.047 s - in com.gin.mergegfassets.entity.AssetFile_setSkin_194290584227
[INFO] Running com.gin.mergegfassets.entity.AssetFile_equals_187610280928
WARNING: An illegal reflective access operation has occurred
WARNING: Illegal reflective access by com.gin.mergegfassets.entity.AssetFile_equals_187610280928 (file:/app/target/test-classes/) to field java.io.File$PathStatus.CHECKED
WARNING: Please consider reporting this to the maintainers of com.gin.mergegfassets.entity.AssetFile_equals_187610280928
WARNING: Use --illegal-access=warn to enable warnings of further illegal reflective access operations
WARNING: All illegal access operations will be denied in a future release
[INFO] Tests run: 1, Failures: 0, Errors: 0, Skipped: 0, Time elapsed: 0.036 s - in com.gin.mergegfassets.entity.AssetFile_equals_187610280928
[INFO] Running com.gin.mergegfassets.entity.Config_init_165391713713
WARNING: An illegal reflective access operation has occurred
WARNING: Illegal reflective access by com.gin.mergegfassets.entity.ReflectionUtils (file:/app/target/test-classes/) to field java.lang.reflect.Field.modifiers
WARNING: Please consider reporting this to the maintainers of com.gin.mergegfassets.entity.ReflectionUtils
WARNING: Use --illegal-access=warn to enable warnings of further illegal reflective access operations
WARNING: All illegal access operations will be denied in a future release
请提供assets目录路径 >> [ERROR] Tests run: 1, Failures: 0, Errors: 1, Skipped: 0, Time elapsed: 10.036 s <<< FAILURE! - in com.gin.mergegfassets.entity.Config_init_165391713713
[ERROR] com.gin.mergegfassets.entity.Config_init_165391713713.test  Time elapsed: 10.021 s  <<< ERROR!
org.junit.runners.model.TestTimedOutException: test timed out after 10 seconds
	at java.base@11.0.16/java.io.FileInputStream.readBytes(Native Method)
	at java.base@11.0.16/java.io.FileInputStream.read(FileInputStream.java:279)
	at java.base@11.0.16/java.io.BufferedInputStream.read1(BufferedInputStream.java:290)
	at java.base@11.0.16/java.io.BufferedInputStream.read(BufferedInputStream.java:351)
	at java.base@11.0.16/sun.nio.cs.StreamDecoder.readBytes(StreamDecoder.java:284)
	at java.base@11.0.16/sun.nio.cs.StreamDecoder.implRead(StreamDecoder.java:326)
	at java.base@11.0.16/sun.nio.cs.StreamDecoder.read(StreamDecoder.java:178)
	at java.base@11.0.16/java.io.InputStreamReader.read(InputStreamReader.java:181)
	at java.base@11.0.16/java.io.BufferedReader.fill(BufferedReader.java:161)
	at java.base@11.0.16/java.io.BufferedReader.readLine(BufferedReader.java:326)
	at java.base@11.0.16/java.io.BufferedReader.readLine(BufferedReader.java:392)
	at app//com.gin.mergegfassets.utils.IoUtils.readAssetPath(IoUtils.java:24)
	at app//com.gin.mergegfassets.entity.Config.init(Config.java:30)
	at java.base@11.0.16/jdk.internal.reflect.NativeMethodAccessorImpl.invoke0(Native Method)
	at java.base@11.0.16/jdk.internal.reflect.NativeMethodAccessorImpl.invoke(NativeMethodAccessorImpl.java:62)
	at java.base@11.0.16/jdk.internal.reflect.DelegatingMethodAccessorImpl.invoke(DelegatingMethodAccessorImpl.java:43)
	at java.base@11.0.16/java.lang.reflect.Method.invoke(Method.java:566)
	at app//com.gin.mergegfassets.entity.ReflectionUtils.callMethod(ReflectionUtils.java:328)
	at app//com.gin.mergegfassets.entity.Config_init_165391713713.test(Config_init_165391713713.java:45)
	at java.base@11.0.16/jdk.internal.reflect.NativeMethodAccessorImpl.invoke0(Native Method)
	at java.base@11.0.16/jdk.internal.reflect.NativeMethodAccessorImpl.invoke(NativeMethodAccessorImpl.java:62)
	at java.base@11.0.16/jdk.internal.reflect.DelegatingMethodAccessorImpl.invoke(DelegatingMethodAccessorImpl.java:43)
	at java.base@11.0.16/java.lang.reflect.Method.invoke(Method.java:566)
	at app//org.junit.runners.model.FrameworkMethod$1.runReflectiveCall(FrameworkMethod.java:59)
	at app//org.junit.internal.runners.model.ReflectiveCallable.run(ReflectiveCallable.java:12)
	at app//org.junit.runners.model.FrameworkMethod.invokeExplosively(FrameworkMethod.java:56)
	at app//org.junit.internal.runners.statements.InvokeMethod.evaluate(InvokeMethod.java:17)
	at app//org.junit.internal.runners.statements.RunBefores.evaluate(RunBefores.java:26)
	at app//org.junit.internal.runners.statements.FailOnTimeout$CallableStatement.call(FailOnTimeout.java:299)
	at app//org.junit.internal.runners.statements.FailOnTimeout$CallableStatement.call(FailOnTimeout.java:293)
	at java.base@11.0.16/java.util.concurrent.FutureTask.run(FutureTask.java:264)
	at java.base@11.0.16/java.lang.Thread.run(Thread.java:829)

[ERROR] Surefire is going to kill self fork JVM. The exit has elapsed 30 seconds after System.exit(0).
[INFO] Running com.gin.mergegfassets.entity.AssetFilePair_getRawFile_138280903710
WARNING: An illegal reflective access operation has occurred
WARNING: Illegal reflective access by com.gin.mergegfassets.entity.ReflectionUtils (file:/app/target/test-classes/) to field java.lang.reflect.Field.modifiers
WARNING: Please consider reporting this to the maintainers of com.gin.mergegfassets.entity.ReflectionUtils
WARNING: Use --illegal-access=warn to enable warnings of further illegal reflective access operations
WARNING: All illegal access operations will be denied in a future release
[INFO] Tests run: 1, Failures: 0, Errors: 0, Skipped: 0, Time elapsed: 0.04 s - in com.gin.mergegfassets.entity.AssetFilePair_getRawFile_138280903710
[INFO] Running com.gin.mergegfassets.entity.AssetFile_similar_12103162563
WARNING: An illegal reflective access operation has occurred
WARNING: Illegal reflective access by com.gin.mergegfassets.entity.AssetFile_similar_12103162563 (file:/app/target/test-classes/) to field java.io.File$PathStatus.CHECKED
WARNING: Please consider reporting this to the maintainers of com.gin.mergegfassets.entity.AssetFile_similar_12103162563
WARNING: Use --illegal-access=warn to enable warnings of further illegal reflective access operations
WARNING: All illegal access operations will be denied in a future release
[INFO] Tests run: 1, Failures: 0, Errors: 0, Skipped: 0, Time elapsed: 0.043 s - in com.gin.mergegfassets.entity.AssetFile_similar_12103162563
[INFO] Running com.gin.mergegfassets.entity.Config_getThreads_85527189216
WARNING: An illegal reflective access operation has occurred
WARNING: Illegal reflective access by com.gin.mergegfassets.entity.ReflectionUtils (file:/app/target/test-classes/) to field java.lang.reflect.Field.modifiers
WARNING: Please consider reporting this to the maintainers of com.gin.mergegfassets.entity.ReflectionUtils
WARNING: Use --illegal-access=warn to enable warnings of further illegal reflective access operations
WARNING: All illegal access operations will be denied in a future release
[INFO] Tests run: 1, Failures: 0, Errors: 0, Skipped: 0, Time elapsed: 0.038 s - in com.gin.mergegfassets.entity.Config_getThreads_85527189216
[INFO] Running com.gin.mergegfassets.entity.Config_init_16539171370
请提供assets目录路径 >> [ERROR] Tests run: 1, Failures: 0, Errors: 1, Skipped: 0, Time elapsed: 10.04 s <<< FAILURE! - in com.gin.mergegfassets.entity.Config_init_16539171370
[ERROR] com.gin.mergegfassets.entity.Config_init_16539171370.test  Time elapsed: 10.022 s  <<< ERROR!
org.junit.runners.model.TestTimedOutException: test timed out after 10 seconds
	at java.base@11.0.16/java.io.FileInputStream.readBytes(Native Method)
	at java.base@11.0.16/java.io.FileInputStream.read(FileInputStream.java:279)
	at java.base@11.0.16/java.io.BufferedInputStream.read1(BufferedInputStream.java:290)
	at java.base@11.0.16/java.io.BufferedInputStream.read(BufferedInputStream.java:351)
	at java.base@11.0.16/sun.nio.cs.StreamDecoder.readBytes(StreamDecoder.java:284)
	at java.base@11.0.16/sun.nio.cs.StreamDecoder.implRead(StreamDecoder.java:326)
	at java.base@11.0.16/sun.nio.cs.StreamDecoder.read(StreamDecoder.java:178)
	at java.base@11.0.16/java.io.InputStreamReader.read(InputStreamReader.java:181)
	at java.base@11.0.16/java.io.BufferedReader.fill(BufferedReader.java:161)
	at java.base@11.0.16/java.io.BufferedReader.readLine(BufferedReader.java:326)
	at java.base@11.0.16/java.io.BufferedReader.readLine(BufferedReader.java:392)
	at app//com.gin.mergegfassets.utils.IoUtils.readAssetPath(IoUtils.java:24)
	at app//com.gin.mergegfassets.entity.Config.init(Config.java:30)
	at java.base@11.0.16/jdk.internal.reflect.NativeMethodAccessorImpl.invoke0(Native Method)
	at java.base@11.0.16/jdk.internal.reflect.NativeMethodAccessorImpl.invoke(NativeMethodAccessorImpl.java:62)
	at java.base@11.0.16/jdk.internal.reflect.DelegatingMethodAccessorImpl.invoke(DelegatingMethodAccessorImpl.java:43)
	at java.base@11.0.16/java.lang.reflect.Method.invoke(Method.java:566)
	at app//com.gin.mergegfassets.entity.ReflectionUtils.callMethod(ReflectionUtils.java:328)
	at app//com.gin.mergegfassets.entity.Config_init_16539171370.test(Config_init_16539171370.java:40)
	at java.base@11.0.16/jdk.internal.reflect.NativeMethodAccessorImpl.invoke0(Native Method)
	at java.base@11.0.16/jdk.internal.reflect.NativeMethodAccessorImpl.invoke(NativeMethodAccessorImpl.java:62)
	at java.base@11.0.16/jdk.internal.reflect.DelegatingMethodAccessorImpl.invoke(DelegatingMethodAccessorImpl.java:43)
	at java.base@11.0.16/java.lang.reflect.Method.invoke(Method.java:566)
	at app//org.junit.runners.model.FrameworkMethod$1.runReflectiveCall(FrameworkMethod.java:59)
	at app//org.junit.internal.runners.model.ReflectiveCallable.run(ReflectiveCallable.java:12)
	at app//org.junit.runners.model.FrameworkMethod.invokeExplosively(FrameworkMethod.java:56)
	at app//org.junit.internal.runners.statements.InvokeMethod.evaluate(InvokeMethod.java:17)
	at app//org.junit.internal.runners.statements.RunBefores.evaluate(RunBefores.java:26)
	at app//org.junit.internal.runners.statements.FailOnTimeout$CallableStatement.call(FailOnTimeout.java:299)
	at app//org.junit.internal.runners.statements.FailOnTimeout$CallableStatement.call(FailOnTimeout.java:293)
	at java.base@11.0.16/java.util.concurrent.FutureTask.run(FutureTask.java:264)
	at java.base@11.0.16/java.lang.Thread.run(Thread.java:829)

[ERROR] Surefire is going to kill self fork JVM. The exit has elapsed 30 seconds after System.exit(0).
[INFO] Running com.gin.mergegfassets.entity.AssetFile_setDamaged_103661520255
WARNING: An illegal reflective access operation has occurred
WARNING: Illegal reflective access by com.gin.mergegfassets.entity.ReflectionUtils (file:/app/target/test-classes/) to field java.lang.reflect.Field.modifiers
WARNING: Please consider reporting this to the maintainers of com.gin.mergegfassets.entity.ReflectionUtils
WARNING: Use --illegal-access=warn to enable warnings of further illegal reflective access operations
WARNING: All illegal access operations will be denied in a future release
[INFO] Tests run: 1, Failures: 0, Errors: 0, Skipped: 0, Time elapsed: 0.038 s - in com.gin.mergegfassets.entity.AssetFile_setDamaged_103661520255
[INFO] Running com.gin.mergegfassets.entity.Config_init_211410077114
[INFO] Tests run: 1, Failures: 0, Errors: 0, Skipped: 0, Time elapsed: 0.034 s - in com.gin.mergegfassets.entity.Config_init_211410077114
[INFO] Running com.gin.mergegfassets.entity.Config_getOutputPath_19508113684
WARNING: An illegal reflective access operation has occurred
WARNING: Illegal reflective access by com.gin.mergegfassets.entity.ReflectionUtils (file:/app/target/test-classes/) to field java.lang.reflect.Field.modifiers
WARNING: Please consider reporting this to the maintainers of com.gin.mergegfassets.entity.ReflectionUtils
WARNING: Use --illegal-access=warn to enable warnings of further illegal reflective access operations
WARNING: All illegal access operations will be denied in a future release
[INFO] Tests run: 1, Failures: 0, Errors: 0, Skipped: 0, Time elapsed: 0.035 s - in com.gin.mergegfassets.entity.Config_getOutputPath_19508113684
[INFO] Running com.gin.mergegfassets.entity.AssetFile_toString_145941812263
WARNING: An illegal reflective access operation has occurred
WARNING: Illegal reflective access by com.gin.mergegfassets.entity.ReflectionUtils (file:/app/target/test-classes/) to field java.lang.reflect.Field.modifiers
WARNING: Please consider reporting this to the maintainers of com.gin.mergegfassets.entity.ReflectionUtils
WARNING: Use --illegal-access=warn to enable warnings of further illegal reflective access operations
WARNING: All illegal access operations will be denied in a future release
[INFO] Tests run: 1, Failures: 0, Errors: 0, Skipped: 0, Time elapsed: 0.065 s - in com.gin.mergegfassets.entity.AssetFile_toString_145941812263
[INFO] Running com.gin.mergegfassets.entity.Config_setOutputPath_89443480018
WARNING: An illegal reflective access operation has occurred
WARNING: Illegal reflective access by com.gin.mergegfassets.entity.ReflectionUtils (file:/app/target/test-classes/) to field java.lang.reflect.Field.modifiers
WARNING: Please consider reporting this to the maintainers of com.gin.mergegfassets.entity.ReflectionUtils
WARNING: Use --illegal-access=warn to enable warnings of further illegal reflective access operations
WARNING: All illegal access operations will be denied in a future release
[INFO] Tests run: 1, Failures: 0, Errors: 0, Skipped: 0, Time elapsed: 0.036 s - in com.gin.mergegfassets.entity.Config_setOutputPath_89443480018
[INFO] Running com.gin.mergegfassets.entity.AssetFile_getVersion_17322299529
WARNING: An illegal reflective access operation has occurred
WARNING: Illegal reflective access by com.gin.mergegfassets.entity.AssetFile_getVersion_17322299529 (file:/app/target/test-classes/) to field java.io.File$PathStatus.CHECKED
WARNING: Please consider reporting this to the maintainers of com.gin.mergegfassets.entity.AssetFile_getVersion_17322299529
WARNING: Use --illegal-access=warn to enable warnings of further illegal reflective access operations
WARNING: All illegal access operations will be denied in a future release
[INFO] Tests run: 1, Failures: 0, Errors: 0, Skipped: 0, Time elapsed: 0.04 s - in com.gin.mergegfassets.entity.AssetFile_getVersion_17322299529
[INFO] Running com.gin.mergegfassets.entity.AssetFilePair_init_15990689739
[INFO] Tests run: 1, Failures: 0, Errors: 0, Skipped: 0, Time elapsed: 0.037 s - in com.gin.mergegfassets.entity.AssetFilePair_init_15990689739
[INFO] Running com.gin.mergegfassets.entity.AssetFile_isSkin_154107126416
WARNING: An illegal reflective access operation has occurred
WARNING: Illegal reflective access by com.gin.mergegfassets.entity.AssetFile_isSkin_154107126416 (file:/app/target/test-classes/) to field java.io.File$PathStatus.INVALID
WARNING: Please consider reporting this to the maintainers of com.gin.mergegfassets.entity.AssetFile_isSkin_154107126416
WARNING: Use --illegal-access=warn to enable warnings of further illegal reflective access operations
WARNING: All illegal access operations will be denied in a future release
[INFO] Tests run: 1, Failures: 0, Errors: 0, Skipped: 0, Time elapsed: 0.035 s - in com.gin.mergegfassets.entity.AssetFile_isSkin_154107126416
[INFO] Running com.gin.mergegfassets.entity.AssetFile_toString_145941812231
WARNING: An illegal reflective access operation has occurred
WARNING: Illegal reflective access by com.gin.mergegfassets.entity.AssetFile_toString_145941812231 (file:/app/target/test-classes/) to field java.io.File$PathStatus.INVALID
WARNING: Please consider reporting this to the maintainers of com.gin.mergegfassets.entity.AssetFile_toString_145941812231
WARNING: Use --illegal-access=warn to enable warnings of further illegal reflective access operations
WARNING: All illegal access operations will be denied in a future release
[INFO] Tests run: 1, Failures: 0, Errors: 0, Skipped: 0, Time elapsed: 0.062 s - in com.gin.mergegfassets.entity.AssetFile_toString_145941812231
[INFO] Running com.gin.mergegfassets.MergeGfAssetsApplication_init_10199399270
[INFO] Tests run: 1, Failures: 0, Errors: 0, Skipped: 0, Time elapsed: 0.038 s - in com.gin.mergegfassets.MergeGfAssetsApplication_init_10199399270
[INFO] Running com.gin.mergegfassets.MergeGfAssetsApplication_init_10199399272
[INFO] Tests run: 1, Failures: 0, Errors: 0, Skipped: 0, Time elapsed: 0.034 s - in com.gin.mergegfassets.MergeGfAssetsApplication_init_10199399272
[INFO] Running com.gin.mergegfassets.utils.IoUtils_readOutputPath_15664863752
请提供输出目录路径 >> [ERROR] Tests run: 1, Failures: 0, Errors: 1, Skipped: 0, Time elapsed: 10.037 s <<< FAILURE! - in com.gin.mergegfassets.utils.IoUtils_readOutputPath_15664863752
[ERROR] com.gin.mergegfassets.utils.IoUtils_readOutputPath_15664863752.test  Time elapsed: 10.02 s  <<< ERROR!
org.junit.runners.model.TestTimedOutException: test timed out after 10 seconds
	at java.base@11.0.16/java.io.FileInputStream.readBytes(Native Method)
	at java.base@11.0.16/java.io.FileInputStream.read(FileInputStream.java:279)
	at java.base@11.0.16/java.io.BufferedInputStream.read1(BufferedInputStream.java:290)
	at java.base@11.0.16/java.io.BufferedInputStream.read(BufferedInputStream.java:351)
	at java.base@11.0.16/sun.nio.cs.StreamDecoder.readBytes(StreamDecoder.java:284)
	at java.base@11.0.16/sun.nio.cs.StreamDecoder.implRead(StreamDecoder.java:326)
	at java.base@11.0.16/sun.nio.cs.StreamDecoder.read(StreamDecoder.java:178)
	at java.base@11.0.16/java.io.InputStreamReader.read(InputStreamReader.java:181)
	at java.base@11.0.16/java.io.BufferedReader.fill(BufferedReader.java:161)
	at java.base@11.0.16/java.io.BufferedReader.readLine(BufferedReader.java:326)
	at java.base@11.0.16/java.io.BufferedReader.readLine(BufferedReader.java:392)
	at app//com.gin.mergegfassets.utils.IoUtils.readOutputPath(IoUtils.java:34)
	at java.base@11.0.16/jdk.internal.reflect.NativeMethodAccessorImpl.invoke0(Native Method)
	at java.base@11.0.16/jdk.internal.reflect.NativeMethodAccessorImpl.invoke(NativeMethodAccessorImpl.java:62)
	at java.base@11.0.16/jdk.internal.reflect.DelegatingMethodAccessorImpl.invoke(DelegatingMethodAccessorImpl.java:43)
	at java.base@11.0.16/java.lang.reflect.Method.invoke(Method.java:566)
	at app//com.gin.mergegfassets.utils.ReflectionUtils.callMethod(ReflectionUtils.java:328)
	at app//com.gin.mergegfassets.utils.IoUtils_readOutputPath_15664863752.test(IoUtils_readOutputPath_15664863752.java:40)
	at java.base@11.0.16/jdk.internal.reflect.NativeMethodAccessorImpl.invoke0(Native Method)
	at java.base@11.0.16/jdk.internal.reflect.NativeMethodAccessorImpl.invoke(NativeMethodAccessorImpl.java:62)
	at java.base@11.0.16/jdk.internal.reflect.DelegatingMethodAccessorImpl.invoke(DelegatingMethodAccessorImpl.java:43)
	at java.base@11.0.16/java.lang.reflect.Method.invoke(Method.java:566)
	at app//org.junit.runners.model.FrameworkMethod$1.runReflectiveCall(FrameworkMethod.java:59)
	at app//org.junit.internal.runners.model.ReflectiveCallable.run(ReflectiveCallable.java:12)
	at app//org.junit.runners.model.FrameworkMethod.invokeExplosively(FrameworkMethod.java:56)
	at app//org.junit.internal.runners.statements.InvokeMethod.evaluate(InvokeMethod.java:17)
	at app//org.junit.internal.runners.statements.RunBefores.evaluate(RunBefores.java:26)
	at app//org.junit.internal.runners.statements.FailOnTimeout$CallableStatement.call(FailOnTimeout.java:299)
	at app//org.junit.internal.runners.statements.FailOnTimeout$CallableStatement.call(FailOnTimeout.java:293)
	at java.base@11.0.16/java.util.concurrent.FutureTask.run(FutureTask.java:264)
	at java.base@11.0.16/java.lang.Thread.run(Thread.java:829)

[ERROR] Surefire is going to kill self fork JVM. The exit has elapsed 30 seconds after System.exit(0).
[INFO] Running com.gin.mergegfassets.utils.JsonUtils_readFromFile_10280858835
[ERROR] Tests run: 1, Failures: 0, Errors: 1, Skipped: 0, Time elapsed: 0.042 s <<< FAILURE! - in com.gin.mergegfassets.utils.JsonUtils_readFromFile_10280858835
[ERROR] com.gin.mergegfassets.utils.JsonUtils_readFromFile_10280858835.test  Time elapsed: 0.026 s  <<< ERROR!
java.lang.NullPointerException
	at java.base/java.io.FileInputStream.<init>(FileInputStream.java:149)
	at java.base/java.io.FileReader.<init>(FileReader.java:75)
	at com.gin.mergegfassets.utils.JsonUtils.readFromFile(JsonUtils.java:26)
	at java.base/jdk.internal.reflect.NativeMethodAccessorImpl.invoke0(Native Method)
	at java.base/jdk.internal.reflect.NativeMethodAccessorImpl.invoke(NativeMethodAccessorImpl.java:62)
	at java.base/jdk.internal.reflect.DelegatingMethodAccessorImpl.invoke(DelegatingMethodAccessorImpl.java:43)
	at java.base/java.lang.reflect.Method.invoke(Method.java:566)
	at com.gin.mergegfassets.utils.ReflectionUtils.callMethod(ReflectionUtils.java:328)
	at com.gin.mergegfassets.utils.JsonUtils_readFromFile_10280858835.test(JsonUtils_readFromFile_10280858835.java:44)
	at java.base/jdk.internal.reflect.NativeMethodAccessorImpl.invoke0(Native Method)
	at java.base/jdk.internal.reflect.NativeMethodAccessorImpl.invoke(NativeMethodAccessorImpl.java:62)
	at java.base/jdk.internal.reflect.DelegatingMethodAccessorImpl.invoke(DelegatingMethodAccessorImpl.java:43)
	at java.base/java.lang.reflect.Method.invoke(Method.java:566)
	at org.junit.runners.model.FrameworkMethod$1.runReflectiveCall(FrameworkMethod.java:59)
	at org.junit.internal.runners.model.ReflectiveCallable.run(ReflectiveCallable.java:12)
	at org.junit.runners.model.FrameworkMethod.invokeExplosively(FrameworkMethod.java:56)
	at org.junit.internal.runners.statements.InvokeMethod.evaluate(InvokeMethod.java:17)
	at org.junit.internal.runners.statements.RunBefores.evaluate(RunBefores.java:26)
	at org.junit.internal.runners.statements.FailOnTimeout$CallableStatement.call(FailOnTimeout.java:299)
	at org.junit.internal.runners.statements.FailOnTimeout$CallableStatement.call(FailOnTimeout.java:293)
	at java.base/java.util.concurrent.FutureTask.run(FutureTask.java:264)
	at java.base/java.lang.Thread.run(Thread.java:829)

[INFO] Running com.gin.mergegfassets.utils.JsonUtils_writeToFile_21449376414
[ERROR] Tests run: 1, Failures: 0, Errors: 1, Skipped: 0, Time elapsed: 0.04 s <<< FAILURE! - in com.gin.mergegfassets.utils.JsonUtils_writeToFile_21449376414
[ERROR] com.gin.mergegfassets.utils.JsonUtils_writeToFile_21449376414.test  Time elapsed: 0.026 s  <<< ERROR!
java.lang.NullPointerException
	at java.base/java.io.FileOutputStream.<init>(FileOutputStream.java:228)
	at java.base/java.io.FileOutputStream.<init>(FileOutputStream.java:187)
	at java.base/java.io.FileWriter.<init>(FileWriter.java:96)
	at com.gin.mergegfassets.utils.JsonUtils.writeToFile(JsonUtils.java:20)
	at java.base/jdk.internal.reflect.NativeMethodAccessorImpl.invoke0(Native Method)
	at java.base/jdk.internal.reflect.NativeMethodAccessorImpl.invoke(NativeMethodAccessorImpl.java:62)
	at java.base/jdk.internal.reflect.DelegatingMethodAccessorImpl.invoke(DelegatingMethodAccessorImpl.java:43)
	at java.base/java.lang.reflect.Method.invoke(Method.java:566)
	at com.gin.mergegfassets.utils.ReflectionUtils.callMethod(ReflectionUtils.java:328)
	at com.gin.mergegfassets.utils.JsonUtils_writeToFile_21449376414.test(JsonUtils_writeToFile_21449376414.java:46)
	at java.base/jdk.internal.reflect.NativeMethodAccessorImpl.invoke0(Native Method)
	at java.base/jdk.internal.reflect.NativeMethodAccessorImpl.invoke(NativeMethodAccessorImpl.java:62)
	at java.base/jdk.internal.reflect.DelegatingMethodAccessorImpl.invoke(DelegatingMethodAccessorImpl.java:43)
	at java.base/java.lang.reflect.Method.invoke(Method.java:566)
	at org.junit.runners.model.FrameworkMethod$1.runReflectiveCall(FrameworkMethod.java:59)
	at org.junit.internal.runners.model.ReflectiveCallable.run(ReflectiveCallable.java:12)
	at org.junit.runners.model.FrameworkMethod.invokeExplosively(FrameworkMethod.java:56)
	at org.junit.internal.runners.statements.InvokeMethod.evaluate(InvokeMethod.java:17)
	at org.junit.internal.runners.statements.RunBefores.evaluate(RunBefores.java:26)
	at org.junit.internal.runners.statements.FailOnTimeout$CallableStatement.call(FailOnTimeout.java:299)
	at org.junit.internal.runners.statements.FailOnTimeout$CallableStatement.call(FailOnTimeout.java:293)
	at java.base/java.util.concurrent.FutureTask.run(FutureTask.java:264)
	at java.base/java.lang.Thread.run(Thread.java:829)

[INFO] Running com.gin.mergegfassets.utils.JsonUtils_init_19369211840
[INFO] Tests run: 1, Failures: 0, Errors: 0, Skipped: 0, Time elapsed: 0.033 s - in com.gin.mergegfassets.utils.JsonUtils_init_19369211840
[INFO] Running com.gin.mergegfassets.utils.FileUtils_init_100837889211
[INFO] Tests run: 1, Failures: 0, Errors: 0, Skipped: 0, Time elapsed: 0.037 s - in com.gin.mergegfassets.utils.FileUtils_init_100837889211
[INFO] Running com.gin.mergegfassets.utils.FileUtils_hasKeywords_19282929814
[ERROR] Tests run: 1, Failures: 0, Errors: 1, Skipped: 0, Time elapsed: 0.042 s <<< FAILURE! - in com.gin.mergegfassets.utils.FileUtils_hasKeywords_19282929814
[ERROR] com.gin.mergegfassets.utils.FileUtils_hasKeywords_19282929814.test  Time elapsed: 0.028 s  <<< ERROR!
java.lang.NullPointerException
	at com.gin.mergegfassets.utils.FileUtils.hasKeywords(FileUtils.java:51)
	at java.base/jdk.internal.reflect.NativeMethodAccessorImpl.invoke0(Native Method)
	at java.base/jdk.internal.reflect.NativeMethodAccessorImpl.invoke(NativeMethodAccessorImpl.java:62)
	at java.base/jdk.internal.reflect.DelegatingMethodAccessorImpl.invoke(DelegatingMethodAccessorImpl.java:43)
	at java.base/java.lang.reflect.Method.invoke(Method.java:566)
	at com.gin.mergegfassets.utils.ReflectionUtils.callMethod(ReflectionUtils.java:328)
	at com.gin.mergegfassets.utils.FileUtils_hasKeywords_19282929814.test(FileUtils_hasKeywords_19282929814.java:46)
	at java.base/jdk.internal.reflect.NativeMethodAccessorImpl.invoke0(Native Method)
	at java.base/jdk.internal.reflect.NativeMethodAccessorImpl.invoke(NativeMethodAccessorImpl.java:62)
	at java.base/jdk.internal.reflect.DelegatingMethodAccessorImpl.invoke(DelegatingMethodAccessorImpl.java:43)
	at java.base/java.lang.reflect.Method.invoke(Method.java:566)
	at org.junit.runners.model.FrameworkMethod$1.runReflectiveCall(FrameworkMethod.java:59)
	at org.junit.internal.runners.model.ReflectiveCallable.run(ReflectiveCallable.java:12)
	at org.junit.runners.model.FrameworkMethod.invokeExplosively(FrameworkMethod.java:56)
	at org.junit.internal.runners.statements.InvokeMethod.evaluate(InvokeMethod.java:17)
	at org.junit.internal.runners.statements.RunBefores.evaluate(RunBefores.java:26)
	at org.junit.internal.runners.statements.FailOnTimeout$CallableStatement.call(FailOnTimeout.java:299)
	at org.junit.internal.runners.statements.FailOnTimeout$CallableStatement.call(FailOnTimeout.java:293)
	at java.base/java.util.concurrent.FutureTask.run(FutureTask.java:264)
	at java.base/java.lang.Thread.run(Thread.java:829)

[INFO] Running com.gin.mergegfassets.utils.NumberUtils_isInt_8833448613
[INFO] Tests run: 1, Failures: 0, Errors: 0, Skipped: 0, Time elapsed: 0.038 s - in com.gin.mergegfassets.utils.NumberUtils_isInt_8833448613
[INFO] Running com.gin.mergegfassets.utils.FileUtils_deleteFileWithKeyword_65976072715
[ERROR] Tests run: 1, Failures: 0, Errors: 1, Skipped: 0, Time elapsed: 0.042 s <<< FAILURE! - in com.gin.mergegfassets.utils.FileUtils_deleteFileWithKeyword_65976072715
[ERROR] com.gin.mergegfassets.utils.FileUtils_deleteFileWithKeyword_65976072715.test  Time elapsed: 0.028 s  <<< ERROR!
java.lang.NullPointerException
	at com.gin.mergegfassets.utils.FileUtils.deleteFileWithKeyword(FileUtils.java:65)
	at java.base/jdk.internal.reflect.NativeMethodAccessorImpl.invoke0(Native Method)
	at java.base/jdk.internal.reflect.NativeMethodAccessorImpl.invoke(NativeMethodAccessorImpl.java:62)
	at java.base/jdk.internal.reflect.DelegatingMethodAccessorImpl.invoke(DelegatingMethodAccessorImpl.java:43)
	at java.base/java.lang.reflect.Method.invoke(Method.java:566)
	at com.gin.mergegfassets.utils.ReflectionUtils.callMethod(ReflectionUtils.java:328)
	at com.gin.mergegfassets.utils.FileUtils_deleteFileWithKeyword_65976072715.test(FileUtils_deleteFileWithKeyword_65976072715.java:46)
	at java.base/jdk.internal.reflect.NativeMethodAccessorImpl.invoke0(Native Method)
	at java.base/jdk.internal.reflect.NativeMethodAccessorImpl.invoke(NativeMethodAccessorImpl.java:62)
	at java.base/jdk.internal.reflect.DelegatingMethodAccessorImpl.invoke(DelegatingMethodAccessorImpl.java:43)
	at java.base/java.lang.reflect.Method.invoke(Method.java:566)
	at org.junit.runners.model.FrameworkMethod$1.runReflectiveCall(FrameworkMethod.java:59)
	at org.junit.internal.runners.model.ReflectiveCallable.run(ReflectiveCallable.java:12)
	at org.junit.runners.model.FrameworkMethod.invokeExplosively(FrameworkMethod.java:56)
	at org.junit.internal.runners.statements.InvokeMethod.evaluate(InvokeMethod.java:17)
	at org.junit.internal.runners.statements.RunBefores.evaluate(RunBefores.java:26)
	at org.junit.internal.runners.statements.FailOnTimeout$CallableStatement.call(FailOnTimeout.java:299)
	at org.junit.internal.runners.statements.FailOnTimeout$CallableStatement.call(FailOnTimeout.java:293)
	at java.base/java.util.concurrent.FutureTask.run(FutureTask.java:264)
	at java.base/java.lang.Thread.run(Thread.java:829)

[INFO] Running com.gin.mergegfassets.utils.TimeUtils_init_20167576272
[INFO] Tests run: 1, Failures: 0, Errors: 0, Skipped: 0, Time elapsed: 0.034 s - in com.gin.mergegfassets.utils.TimeUtils_init_20167576272
[INFO] Running com.gin.mergegfassets.utils.IoUtils_readAssetPath_6929968926
请提供assets目录路径 >> [ERROR] Tests run: 1, Failures: 0, Errors: 1, Skipped: 0, Time elapsed: 10.035 s <<< FAILURE! - in com.gin.mergegfassets.utils.IoUtils_readAssetPath_6929968926
[ERROR] com.gin.mergegfassets.utils.IoUtils_readAssetPath_6929968926.test  Time elapsed: 10.021 s  <<< ERROR!
org.junit.runners.model.TestTimedOutException: test timed out after 10 seconds
	at java.base@11.0.16/java.io.FileInputStream.readBytes(Native Method)
	at java.base@11.0.16/java.io.FileInputStream.read(FileInputStream.java:279)
	at java.base@11.0.16/java.io.BufferedInputStream.read1(BufferedInputStream.java:290)
	at java.base@11.0.16/java.io.BufferedInputStream.read(BufferedInputStream.java:351)
	at java.base@11.0.16/sun.nio.cs.StreamDecoder.readBytes(StreamDecoder.java:284)
	at java.base@11.0.16/sun.nio.cs.StreamDecoder.implRead(StreamDecoder.java:326)
	at java.base@11.0.16/sun.nio.cs.StreamDecoder.read(StreamDecoder.java:178)
	at java.base@11.0.16/java.io.InputStreamReader.read(InputStreamReader.java:181)
	at java.base@11.0.16/java.io.BufferedReader.fill(BufferedReader.java:161)
	at java.base@11.0.16/java.io.BufferedReader.readLine(BufferedReader.java:326)
	at java.base@11.0.16/java.io.BufferedReader.readLine(BufferedReader.java:392)
	at app//com.gin.mergegfassets.utils.IoUtils.readAssetPath(IoUtils.java:24)
	at java.base@11.0.16/jdk.internal.reflect.NativeMethodAccessorImpl.invoke0(Native Method)
	at java.base@11.0.16/jdk.internal.reflect.NativeMethodAccessorImpl.invoke(NativeMethodAccessorImpl.java:62)
	at java.base@11.0.16/jdk.internal.reflect.DelegatingMethodAccessorImpl.invoke(DelegatingMethodAccessorImpl.java:43)
	at java.base@11.0.16/java.lang.reflect.Method.invoke(Method.java:566)
	at app//com.gin.mergegfassets.utils.ReflectionUtils.callMethod(ReflectionUtils.java:328)
	at app//com.gin.mergegfassets.utils.IoUtils_readAssetPath_6929968926.test(IoUtils_readAssetPath_6929968926.java:42)
	at java.base@11.0.16/jdk.internal.reflect.NativeMethodAccessorImpl.invoke0(Native Method)
	at java.base@11.0.16/jdk.internal.reflect.NativeMethodAccessorImpl.invoke(NativeMethodAccessorImpl.java:62)
	at java.base@11.0.16/jdk.internal.reflect.DelegatingMethodAccessorImpl.invoke(DelegatingMethodAccessorImpl.java:43)
	at java.base@11.0.16/java.lang.reflect.Method.invoke(Method.java:566)
	at app//org.junit.runners.model.FrameworkMethod$1.runReflectiveCall(FrameworkMethod.java:59)
	at app//org.junit.internal.runners.model.ReflectiveCallable.run(ReflectiveCallable.java:12)
	at app//org.junit.runners.model.FrameworkMethod.invokeExplosively(FrameworkMethod.java:56)
	at app//org.junit.internal.runners.statements.InvokeMethod.evaluate(InvokeMethod.java:17)
	at app//org.junit.internal.runners.statements.RunBefores.evaluate(RunBefores.java:26)
	at app//org.junit.internal.runners.statements.FailOnTimeout$CallableStatement.call(FailOnTimeout.java:299)
	at app//org.junit.internal.runners.statements.FailOnTimeout$CallableStatement.call(FailOnTimeout.java:293)
	at java.base@11.0.16/java.util.concurrent.FutureTask.run(FutureTask.java:264)
	at java.base@11.0.16/java.lang.Thread.run(Thread.java:829)

[ERROR] Surefire is going to kill self fork JVM. The exit has elapsed 30 seconds after System.exit(0).
[INFO] Running com.gin.mergegfassets.utils.FileUtils_listFiles_9985079535
WARNING: An illegal reflective access operation has occurred
WARNING: Illegal reflective access by com.gin.mergegfassets.utils.FileUtils_listFiles_9985079535 (file:/app/target/test-classes/) to field java.io.File$PathStatus.CHECKED
WARNING: Please consider reporting this to the maintainers of com.gin.mergegfassets.utils.FileUtils_listFiles_9985079535
WARNING: Use --illegal-access=warn to enable warnings of further illegal reflective access operations
WARNING: All illegal access operations will be denied in a future release
[ERROR] Tests run: 1, Failures: 0, Errors: 1, Skipped: 0, Time elapsed: 0.044 s <<< FAILURE! - in com.gin.mergegfassets.utils.FileUtils_listFiles_9985079535
[ERROR] com.gin.mergegfassets.utils.FileUtils_listFiles_9985079535.test  Time elapsed: 0.028 s  <<< ERROR!
java.lang.NullPointerException
	at java.base/java.util.Objects.requireNonNull(Objects.java:221)
	at com.gin.mergegfassets.utils.FileUtils.listFiles(FileUtils.java:79)
	at java.base/jdk.internal.reflect.NativeMethodAccessorImpl.invoke0(Native Method)
	at java.base/jdk.internal.reflect.NativeMethodAccessorImpl.invoke(NativeMethodAccessorImpl.java:62)
	at java.base/jdk.internal.reflect.DelegatingMethodAccessorImpl.invoke(DelegatingMethodAccessorImpl.java:43)
	at java.base/java.lang.reflect.Method.invoke(Method.java:566)
	at com.gin.mergegfassets.utils.ReflectionUtils.callMethod(ReflectionUtils.java:328)
	at com.gin.mergegfassets.utils.FileUtils_listFiles_9985079535.test(FileUtils_listFiles_9985079535.java:54)
	at java.base/jdk.internal.reflect.NativeMethodAccessorImpl.invoke0(Native Method)
	at java.base/jdk.internal.reflect.NativeMethodAccessorImpl.invoke(NativeMethodAccessorImpl.java:62)
	at java.base/jdk.internal.reflect.DelegatingMethodAccessorImpl.invoke(DelegatingMethodAccessorImpl.java:43)
	at java.base/java.lang.reflect.Method.invoke(Method.java:566)
	at org.junit.runners.model.FrameworkMethod$1.runReflectiveCall(FrameworkMethod.java:59)
	at org.junit.internal.runners.model.ReflectiveCallable.run(ReflectiveCallable.java:12)
	at org.junit.runners.model.FrameworkMethod.invokeExplosively(FrameworkMethod.java:56)
	at org.junit.internal.runners.statements.InvokeMethod.evaluate(InvokeMethod.java:17)
	at org.junit.internal.runners.statements.RunBefores.evaluate(RunBefores.java:26)
	at org.junit.internal.runners.statements.FailOnTimeout$CallableStatement.call(FailOnTimeout.java:299)
	at org.junit.internal.runners.statements.FailOnTimeout$CallableStatement.call(FailOnTimeout.java:293)
	at java.base/java.util.concurrent.FutureTask.run(FutureTask.java:264)
	at java.base/java.lang.Thread.run(Thread.java:829)

[INFO] Running com.gin.mergegfassets.utils.NumberUtils_isInt_8833448611
[INFO] Tests run: 1, Failures: 0, Errors: 0, Skipped: 0, Time elapsed: 0.032 s - in com.gin.mergegfassets.utils.NumberUtils_isInt_8833448611
[INFO] Running com.gin.mergegfassets.utils.IoUtils_readNumber_14021714688
null >> [ERROR] Tests run: 1, Failures: 0, Errors: 1, Skipped: 0, Time elapsed: 10.035 s <<< FAILURE! - in com.gin.mergegfassets.utils.IoUtils_readNumber_14021714688
[ERROR] com.gin.mergegfassets.utils.IoUtils_readNumber_14021714688.test  Time elapsed: 10.02 s  <<< ERROR!
org.junit.runners.model.TestTimedOutException: test timed out after 10 seconds
	at java.base@11.0.16/java.io.FileInputStream.readBytes(Native Method)
	at java.base@11.0.16/java.io.FileInputStream.read(FileInputStream.java:279)
	at java.base@11.0.16/java.io.BufferedInputStream.read1(BufferedInputStream.java:290)
	at java.base@11.0.16/java.io.BufferedInputStream.read(BufferedInputStream.java:351)
	at java.base@11.0.16/sun.nio.cs.StreamDecoder.readBytes(StreamDecoder.java:284)
	at java.base@11.0.16/sun.nio.cs.StreamDecoder.implRead(StreamDecoder.java:326)
	at java.base@11.0.16/sun.nio.cs.StreamDecoder.read(StreamDecoder.java:178)
	at java.base@11.0.16/java.io.InputStreamReader.read(InputStreamReader.java:181)
	at java.base@11.0.16/java.io.BufferedReader.fill(BufferedReader.java:161)
	at java.base@11.0.16/java.io.BufferedReader.readLine(BufferedReader.java:326)
	at java.base@11.0.16/java.io.BufferedReader.readLine(BufferedReader.java:392)
	at app//com.gin.mergegfassets.utils.IoUtils.readNumber(IoUtils.java:47)
	at java.base@11.0.16/jdk.internal.reflect.NativeMethodAccessorImpl.invoke0(Native Method)
	at java.base@11.0.16/jdk.internal.reflect.NativeMethodAccessorImpl.invoke(NativeMethodAccessorImpl.java:62)
	at java.base@11.0.16/jdk.internal.reflect.DelegatingMethodAccessorImpl.invoke(DelegatingMethodAccessorImpl.java:43)
	at java.base@11.0.16/java.lang.reflect.Method.invoke(Method.java:566)
	at app//com.gin.mergegfassets.utils.ReflectionUtils.callMethod(ReflectionUtils.java:328)
	at app//com.gin.mergegfassets.utils.IoUtils_readNumber_14021714688.test(IoUtils_readNumber_14021714688.java:44)
	at java.base@11.0.16/jdk.internal.reflect.NativeMethodAccessorImpl.invoke0(Native Method)
	at java.base@11.0.16/jdk.internal.reflect.NativeMethodAccessorImpl.invoke(NativeMethodAccessorImpl.java:62)
	at java.base@11.0.16/jdk.internal.reflect.DelegatingMethodAccessorImpl.invoke(DelegatingMethodAccessorImpl.java:43)
	at java.base@11.0.16/java.lang.reflect.Method.invoke(Method.java:566)
	at app//org.junit.runners.model.FrameworkMethod$1.runReflectiveCall(FrameworkMethod.java:59)
	at app//org.junit.internal.runners.model.ReflectiveCallable.run(ReflectiveCallable.java:12)
	at app//org.junit.runners.model.FrameworkMethod.invokeExplosively(FrameworkMethod.java:56)
	at app//org.junit.internal.runners.statements.InvokeMethod.evaluate(InvokeMethod.java:17)
	at app//org.junit.internal.runners.statements.RunBefores.evaluate(RunBefores.java:26)
	at app//org.junit.internal.runners.statements.FailOnTimeout$CallableStatement.call(FailOnTimeout.java:299)
	at app//org.junit.internal.runners.statements.FailOnTimeout$CallableStatement.call(FailOnTimeout.java:293)
	at java.base@11.0.16/java.util.concurrent.FutureTask.run(FutureTask.java:264)
	at java.base@11.0.16/java.lang.Thread.run(Thread.java:829)

[ERROR] Surefire is going to kill self fork JVM. The exit has elapsed 30 seconds after System.exit(0).
[INFO] Running com.gin.mergegfassets.utils.JsonUtils_init_19369211843
[INFO] Tests run: 1, Failures: 0, Errors: 0, Skipped: 0, Time elapsed: 0.033 s - in com.gin.mergegfassets.utils.JsonUtils_init_19369211843
[INFO] Running com.gin.mergegfassets.utils.IoUtils_readCommand_4940487604
MuLcgQHgqz >> [ERROR] Tests run: 1, Failures: 0, Errors: 1, Skipped: 0, Time elapsed: 10.038 s <<< FAILURE! - in com.gin.mergegfassets.utils.IoUtils_readCommand_4940487604
[ERROR] com.gin.mergegfassets.utils.IoUtils_readCommand_4940487604.test  Time elapsed: 10.022 s  <<< ERROR!
org.junit.runners.model.TestTimedOutException: test timed out after 10 seconds
	at java.base@11.0.16/java.io.FileInputStream.readBytes(Native Method)
	at java.base@11.0.16/java.io.FileInputStream.read(FileInputStream.java:279)
	at java.base@11.0.16/java.io.BufferedInputStream.read1(BufferedInputStream.java:290)
	at java.base@11.0.16/java.io.BufferedInputStream.read(BufferedInputStream.java:351)
	at java.base@11.0.16/sun.nio.cs.StreamDecoder.readBytes(StreamDecoder.java:284)
	at java.base@11.0.16/sun.nio.cs.StreamDecoder.implRead(StreamDecoder.java:326)
	at java.base@11.0.16/sun.nio.cs.StreamDecoder.read(StreamDecoder.java:178)
	at java.base@11.0.16/java.io.InputStreamReader.read(InputStreamReader.java:181)
	at java.base@11.0.16/java.io.BufferedReader.fill(BufferedReader.java:161)
	at java.base@11.0.16/java.io.BufferedReader.readLine(BufferedReader.java:326)
	at java.base@11.0.16/java.io.BufferedReader.readLine(BufferedReader.java:392)
	at app//com.gin.mergegfassets.utils.IoUtils.readCommand(IoUtils.java:60)
	at java.base@11.0.16/jdk.internal.reflect.NativeMethodAccessorImpl.invoke0(Native Method)
	at java.base@11.0.16/jdk.internal.reflect.NativeMethodAccessorImpl.invoke(NativeMethodAccessorImpl.java:62)
	at java.base@11.0.16/jdk.internal.reflect.DelegatingMethodAccessorImpl.invoke(DelegatingMethodAccessorImpl.java:43)
	at java.base@11.0.16/java.lang.reflect.Method.invoke(Method.java:566)
	at app//com.gin.mergegfassets.utils.ReflectionUtils.callMethod(ReflectionUtils.java:328)
	at app//com.gin.mergegfassets.utils.IoUtils_readCommand_4940487604.test(IoUtils_readCommand_4940487604.java:44)
	at java.base@11.0.16/jdk.internal.reflect.NativeMethodAccessorImpl.invoke0(Native Method)
	at java.base@11.0.16/jdk.internal.reflect.NativeMethodAccessorImpl.invoke(NativeMethodAccessorImpl.java:62)
	at java.base@11.0.16/jdk.internal.reflect.DelegatingMethodAccessorImpl.invoke(DelegatingMethodAccessorImpl.java:43)
	at java.base@11.0.16/java.lang.reflect.Method.invoke(Method.java:566)
	at app//org.junit.runners.model.FrameworkMethod$1.runReflectiveCall(FrameworkMethod.java:59)
	at app//org.junit.internal.runners.model.ReflectiveCallable.run(ReflectiveCallable.java:12)
	at app//org.junit.runners.model.FrameworkMethod.invokeExplosively(FrameworkMethod.java:56)
	at app//org.junit.internal.runners.statements.InvokeMethod.evaluate(InvokeMethod.java:17)
	at app//org.junit.internal.runners.statements.RunBefores.evaluate(RunBefores.java:26)
	at app//org.junit.internal.runners.statements.FailOnTimeout$CallableStatement.call(FailOnTimeout.java:299)
	at app//org.junit.internal.runners.statements.FailOnTimeout$CallableStatement.call(FailOnTimeout.java:293)
	at java.base@11.0.16/java.util.concurrent.FutureTask.run(FutureTask.java:264)
	at java.base@11.0.16/java.lang.Thread.run(Thread.java:829)

[ERROR] Surefire is going to kill self fork JVM. The exit has elapsed 30 seconds after System.exit(0).
[INFO] Running com.gin.mergegfassets.utils.FileUtils_listAllFiles_205760328620
[INFO] Tests run: 1, Failures: 0, Errors: 0, Skipped: 0, Time elapsed: 0.039 s - in com.gin.mergegfassets.utils.FileUtils_listAllFiles_205760328620
[INFO] Running com.gin.mergegfassets.utils.FileUtils_init_10083788920
[INFO] Tests run: 1, Failures: 0, Errors: 0, Skipped: 0, Time elapsed: 0.036 s - in com.gin.mergegfassets.utils.FileUtils_init_10083788920
[INFO] Running com.gin.mergegfassets.utils.TasksUtil_init_10094389190
[INFO] Tests run: 1, Failures: 0, Errors: 0, Skipped: 0, Time elapsed: 0.088 s - in com.gin.mergegfassets.utils.TasksUtil_init_10094389190
[INFO] Running com.gin.mergegfassets.utils.FileUtils_removeDir_6409938356
WARNING: An illegal reflective access operation has occurred
WARNING: Illegal reflective access by com.gin.mergegfassets.utils.FileUtils_removeDir_6409938356 (file:/app/target/test-classes/) to field java.io.File$PathStatus.INVALID
WARNING: Please consider reporting this to the maintainers of com.gin.mergegfassets.utils.FileUtils_removeDir_6409938356
WARNING: Use --illegal-access=warn to enable warnings of further illegal reflective access operations
WARNING: All illegal access operations will be denied in a future release
[INFO] Tests run: 1, Failures: 0, Errors: 0, Skipped: 0, Time elapsed: 0.036 s - in com.gin.mergegfassets.utils.FileUtils_removeDir_6409938356
[INFO] Running com.gin.mergegfassets.utils.CmdUtils_getRuntime_18779604904
[INFO] Tests run: 1, Failures: 0, Errors: 0, Skipped: 0, Time elapsed: 0.035 s - in com.gin.mergegfassets.utils.CmdUtils_getRuntime_18779604904
[INFO] Running com.gin.mergegfassets.utils.FileUtils_move_18962715712
WARNING: An illegal reflective access operation has occurred
WARNING: Illegal reflective access by com.gin.mergegfassets.utils.FileUtils_move_18962715712 (file:/app/target/test-classes/) to field java.io.File$PathStatus.CHECKED
WARNING: Please consider reporting this to the maintainers of com.gin.mergegfassets.utils.FileUtils_move_18962715712
WARNING: Use --illegal-access=warn to enable warnings of further illegal reflective access operations
WARNING: All illegal access operations will be denied in a future release
[ERROR] Tests run: 1, Failures: 0, Errors: 1, Skipped: 0, Time elapsed: 0.044 s <<< FAILURE! - in com.gin.mergegfassets.utils.FileUtils_move_18962715712
[ERROR] com.gin.mergegfassets.utils.FileUtils_move_18962715712.test  Time elapsed: 0.027 s  <<< ERROR!
java.lang.StringIndexOutOfBoundsException: begin 0, end -1, length 10
	at java.base/java.lang.String.checkBoundsBeginEnd(String.java:3319)
	at java.base/java.lang.String.substring(String.java:1874)
	at java.base/java.io.File.getParent(File.java:481)
	at java.base/java.io.File.getParentFile(File.java:501)
	at com.gin.mergegfassets.utils.FileUtils.move(FileUtils.java:31)
	at java.base/jdk.internal.reflect.NativeMethodAccessorImpl.invoke0(Native Method)
	at java.base/jdk.internal.reflect.NativeMethodAccessorImpl.invoke(NativeMethodAccessorImpl.java:62)
	at java.base/jdk.internal.reflect.DelegatingMethodAccessorImpl.invoke(DelegatingMethodAccessorImpl.java:43)
	at java.base/java.lang.reflect.Method.invoke(Method.java:566)
	at com.gin.mergegfassets.utils.ReflectionUtils.callMethod(ReflectionUtils.java:328)
	at com.gin.mergegfassets.utils.FileUtils_move_18962715712.test(FileUtils_move_18962715712.java:62)
	at java.base/jdk.internal.reflect.NativeMethodAccessorImpl.invoke0(Native Method)
	at java.base/jdk.internal.reflect.NativeMethodAccessorImpl.invoke(NativeMethodAccessorImpl.java:62)
	at java.base/jdk.internal.reflect.DelegatingMethodAccessorImpl.invoke(DelegatingMethodAccessorImpl.java:43)
	at java.base/java.lang.reflect.Method.invoke(Method.java:566)
	at org.junit.runners.model.FrameworkMethod$1.runReflectiveCall(FrameworkMethod.java:59)
	at org.junit.internal.runners.model.ReflectiveCallable.run(ReflectiveCallable.java:12)
	at org.junit.runners.model.FrameworkMethod.invokeExplosively(FrameworkMethod.java:56)
	at org.junit.internal.runners.statements.InvokeMethod.evaluate(InvokeMethod.java:17)
	at org.junit.internal.runners.statements.RunBefores.evaluate(RunBefores.java:26)
	at org.junit.internal.runners.statements.FailOnTimeout$CallableStatement.call(FailOnTimeout.java:299)
	at org.junit.internal.runners.statements.FailOnTimeout$CallableStatement.call(FailOnTimeout.java:293)
	at java.base/java.util.concurrent.FutureTask.run(FutureTask.java:264)
	at java.base/java.lang.Thread.run(Thread.java:829)

[INFO] Running com.gin.mergegfassets.utils.FileUtils_move_189627157113
[ERROR] Tests run: 1, Failures: 0, Errors: 1, Skipped: 0, Time elapsed: 0.042 s <<< FAILURE! - in com.gin.mergegfassets.utils.FileUtils_move_189627157113
[ERROR] com.gin.mergegfassets.utils.FileUtils_move_189627157113.test  Time elapsed: 0.027 s  <<< ERROR!
java.lang.NullPointerException
	at com.gin.mergegfassets.utils.FileUtils.move(FileUtils.java:31)
	at java.base/jdk.internal.reflect.NativeMethodAccessorImpl.invoke0(Native Method)
	at java.base/jdk.internal.reflect.NativeMethodAccessorImpl.invoke(NativeMethodAccessorImpl.java:62)
	at java.base/jdk.internal.reflect.DelegatingMethodAccessorImpl.invoke(DelegatingMethodAccessorImpl.java:43)
	at java.base/java.lang.reflect.Method.invoke(Method.java:566)
	at com.gin.mergegfassets.utils.ReflectionUtils.callMethod(ReflectionUtils.java:328)
	at com.gin.mergegfassets.utils.FileUtils_move_189627157113.test(FileUtils_move_189627157113.java:46)
	at java.base/jdk.internal.reflect.NativeMethodAccessorImpl.invoke0(Native Method)
	at java.base/jdk.internal.reflect.NativeMethodAccessorImpl.invoke(NativeMethodAccessorImpl.java:62)
	at java.base/jdk.internal.reflect.DelegatingMethodAccessorImpl.invoke(DelegatingMethodAccessorImpl.java:43)
	at java.base/java.lang.reflect.Method.invoke(Method.java:566)
	at org.junit.runners.model.FrameworkMethod$1.runReflectiveCall(FrameworkMethod.java:59)
	at org.junit.internal.runners.model.ReflectiveCallable.run(ReflectiveCallable.java:12)
	at org.junit.runners.model.FrameworkMethod.invokeExplosively(FrameworkMethod.java:56)
	at org.junit.internal.runners.statements.InvokeMethod.evaluate(InvokeMethod.java:17)
	at org.junit.internal.runners.statements.RunBefores.evaluate(RunBefores.java:26)
	at org.junit.internal.runners.statements.FailOnTimeout$CallableStatement.call(FailOnTimeout.java:299)
	at org.junit.internal.runners.statements.FailOnTimeout$CallableStatement.call(FailOnTimeout.java:293)
	at java.base/java.util.concurrent.FutureTask.run(FutureTask.java:264)
	at java.base/java.lang.Thread.run(Thread.java:829)

[INFO] Running com.gin.mergegfassets.utils.IoUtils_init_12299338545
[INFO] Tests run: 1, Failures: 0, Errors: 0, Skipped: 0, Time elapsed: 0.035 s - in com.gin.mergegfassets.utils.IoUtils_init_12299338545
[INFO] Running com.gin.mergegfassets.utils.TimeUtils_init_20167576270
[INFO] Tests run: 1, Failures: 0, Errors: 0, Skipped: 0, Time elapsed: 0.034 s - in com.gin.mergegfassets.utils.TimeUtils_init_20167576270
[INFO] Running com.gin.mergegfassets.utils.CmdUtils_init_19269724583
[INFO] Tests run: 1, Failures: 0, Errors: 0, Skipped: 0, Time elapsed: 0.032 s - in com.gin.mergegfassets.utils.CmdUtils_init_19269724583
[INFO] Running com.gin.mergegfassets.utils.JsonUtils_readFromFile_10280858832
WARNING: An illegal reflective access operation has occurred
WARNING: Illegal reflective access by com.gin.mergegfassets.utils.JsonUtils_readFromFile_10280858832 (file:/app/target/test-classes/) to field java.io.File$PathStatus.INVALID
WARNING: Please consider reporting this to the maintainers of com.gin.mergegfassets.utils.JsonUtils_readFromFile_10280858832
WARNING: Use --illegal-access=warn to enable warnings of further illegal reflective access operations
WARNING: All illegal access operations will be denied in a future release
[ERROR] Tests run: 1, Failures: 0, Errors: 1, Skipped: 0, Time elapsed: 0.039 s <<< FAILURE! - in com.gin.mergegfassets.utils.JsonUtils_readFromFile_10280858832
[ERROR] com.gin.mergegfassets.utils.JsonUtils_readFromFile_10280858832.test  Time elapsed: 0.025 s  <<< ERROR!
java.io.FileNotFoundException: Invalid file path
	at java.base/java.io.FileInputStream.<init>(FileInputStream.java:152)
	at java.base/java.io.FileReader.<init>(FileReader.java:75)
	at com.gin.mergegfassets.utils.JsonUtils.readFromFile(JsonUtils.java:26)
	at java.base/jdk.internal.reflect.NativeMethodAccessorImpl.invoke0(Native Method)
	at java.base/jdk.internal.reflect.NativeMethodAccessorImpl.invoke(NativeMethodAccessorImpl.java:62)
	at java.base/jdk.internal.reflect.DelegatingMethodAccessorImpl.invoke(DelegatingMethodAccessorImpl.java:43)
	at java.base/java.lang.reflect.Method.invoke(Method.java:566)
	at com.gin.mergegfassets.utils.ReflectionUtils.callMethod(ReflectionUtils.java:328)
	at com.gin.mergegfassets.utils.JsonUtils_readFromFile_10280858832.test(JsonUtils_readFromFile_10280858832.java:54)
	at java.base/jdk.internal.reflect.NativeMethodAccessorImpl.invoke0(Native Method)
	at java.base/jdk.internal.reflect.NativeMethodAccessorImpl.invoke(NativeMethodAccessorImpl.java:62)
	at java.base/jdk.internal.reflect.DelegatingMethodAccessorImpl.invoke(DelegatingMethodAccessorImpl.java:43)
	at java.base/java.lang.reflect.Method.invoke(Method.java:566)
	at org.junit.runners.model.FrameworkMethod$1.runReflectiveCall(FrameworkMethod.java:59)
	at org.junit.internal.runners.model.ReflectiveCallable.run(ReflectiveCallable.java:12)
	at org.junit.runners.model.FrameworkMethod.invokeExplosively(FrameworkMethod.java:56)
	at org.junit.internal.runners.statements.InvokeMethod.evaluate(InvokeMethod.java:17)
	at org.junit.internal.runners.statements.RunBefores.evaluate(RunBefores.java:26)
	at org.junit.internal.runners.statements.FailOnTimeout$CallableStatement.call(FailOnTimeout.java:299)
	at org.junit.internal.runners.statements.FailOnTimeout$CallableStatement.call(FailOnTimeout.java:293)
	at java.base/java.util.concurrent.FutureTask.run(FutureTask.java:264)
	at java.base/java.lang.Thread.run(Thread.java:829)

[INFO] Running com.gin.mergegfassets.utils.FileUtils_moveToDir_19158993311
WARNING: An illegal reflective access operation has occurred
WARNING: Illegal reflective access by com.gin.mergegfassets.utils.FileUtils_moveToDir_19158993311 (file:/app/target/test-classes/) to field java.io.File$PathStatus.INVALID
WARNING: Please consider reporting this to the maintainers of com.gin.mergegfassets.utils.FileUtils_moveToDir_19158993311
WARNING: Use --illegal-access=warn to enable warnings of further illegal reflective access operations
WARNING: All illegal access operations will be denied in a future release
[ERROR] Tests run: 1, Failures: 0, Errors: 1, Skipped: 0, Time elapsed: 0.046 s <<< FAILURE! - in com.gin.mergegfassets.utils.FileUtils_moveToDir_19158993311
[ERROR] com.gin.mergegfassets.utils.FileUtils_moveToDir_19158993311.test  Time elapsed: 0.031 s  <<< ERROR!
java.lang.StringIndexOutOfBoundsException: String index out of range: -1484323151
	at java.base/java.lang.String.substring(String.java:1841)
	at java.base/java.io.File.getName(File.java:457)
	at com.gin.mergegfassets.utils.FileUtils.moveToDir(FileUtils.java:25)
	at java.base/jdk.internal.reflect.NativeMethodAccessorImpl.invoke0(Native Method)
	at java.base/jdk.internal.reflect.NativeMethodAccessorImpl.invoke(NativeMethodAccessorImpl.java:62)
	at java.base/jdk.internal.reflect.DelegatingMethodAccessorImpl.invoke(DelegatingMethodAccessorImpl.java:43)
	at java.base/java.lang.reflect.Method.invoke(Method.java:566)
	at com.gin.mergegfassets.utils.ReflectionUtils.callMethod(ReflectionUtils.java:328)
	at com.gin.mergegfassets.utils.FileUtils_moveToDir_19158993311.test(FileUtils_moveToDir_19158993311.java:62)
	at java.base/jdk.internal.reflect.NativeMethodAccessorImpl.invoke0(Native Method)
	at java.base/jdk.internal.reflect.NativeMethodAccessorImpl.invoke(NativeMethodAccessorImpl.java:62)
	at java.base/jdk.internal.reflect.DelegatingMethodAccessorImpl.invoke(DelegatingMethodAccessorImpl.java:43)
	at java.base/java.lang.reflect.Method.invoke(Method.java:566)
	at org.junit.runners.model.FrameworkMethod$1.runReflectiveCall(FrameworkMethod.java:59)
	at org.junit.internal.runners.model.ReflectiveCallable.run(ReflectiveCallable.java:12)
	at org.junit.runners.model.FrameworkMethod.invokeExplosively(FrameworkMethod.java:56)
	at org.junit.internal.runners.statements.InvokeMethod.evaluate(InvokeMethod.java:17)
	at org.junit.internal.runners.statements.RunBefores.evaluate(RunBefores.java:26)
	at org.junit.internal.runners.statements.FailOnTimeout$CallableStatement.call(FailOnTimeout.java:299)
	at org.junit.internal.runners.statements.FailOnTimeout$CallableStatement.call(FailOnTimeout.java:293)
	at java.base/java.util.concurrent.FutureTask.run(FutureTask.java:264)
	at java.base/java.lang.Thread.run(Thread.java:829)

[INFO] Running com.gin.mergegfassets.utils.IoUtils_readOutputPath_15664863757
请提供输出目录路径 >> [ERROR] Tests run: 1, Failures: 0, Errors: 1, Skipped: 0, Time elapsed: 10.039 s <<< FAILURE! - in com.gin.mergegfassets.utils.IoUtils_readOutputPath_15664863757
[ERROR] com.gin.mergegfassets.utils.IoUtils_readOutputPath_15664863757.test  Time elapsed: 10.022 s  <<< ERROR!
org.junit.runners.model.TestTimedOutException: test timed out after 10 seconds
	at java.base@11.0.16/java.io.FileInputStream.readBytes(Native Method)
	at java.base@11.0.16/java.io.FileInputStream.read(FileInputStream.java:279)
	at java.base@11.0.16/java.io.BufferedInputStream.read1(BufferedInputStream.java:290)
	at java.base@11.0.16/java.io.BufferedInputStream.read(BufferedInputStream.java:351)
	at java.base@11.0.16/sun.nio.cs.StreamDecoder.readBytes(StreamDecoder.java:284)
	at java.base@11.0.16/sun.nio.cs.StreamDecoder.implRead(StreamDecoder.java:326)
	at java.base@11.0.16/sun.nio.cs.StreamDecoder.read(StreamDecoder.java:178)
	at java.base@11.0.16/java.io.InputStreamReader.read(InputStreamReader.java:181)
	at java.base@11.0.16/java.io.BufferedReader.fill(BufferedReader.java:161)
	at java.base@11.0.16/java.io.BufferedReader.readLine(BufferedReader.java:326)
	at java.base@11.0.16/java.io.BufferedReader.readLine(BufferedReader.java:392)
	at app//com.gin.mergegfassets.utils.IoUtils.readOutputPath(IoUtils.java:34)
	at java.base@11.0.16/jdk.internal.reflect.NativeMethodAccessorImpl.invoke0(Native Method)
	at java.base@11.0.16/jdk.internal.reflect.NativeMethodAccessorImpl.invoke(NativeMethodAccessorImpl.java:62)
	at java.base@11.0.16/jdk.internal.reflect.DelegatingMethodAccessorImpl.invoke(DelegatingMethodAccessorImpl.java:43)
	at java.base@11.0.16/java.lang.reflect.Method.invoke(Method.java:566)
	at app//com.gin.mergegfassets.utils.ReflectionUtils.callMethod(ReflectionUtils.java:328)
	at app//com.gin.mergegfassets.utils.IoUtils_readOutputPath_15664863757.test(IoUtils_readOutputPath_15664863757.java:42)
	at java.base@11.0.16/jdk.internal.reflect.NativeMethodAccessorImpl.invoke0(Native Method)
	at java.base@11.0.16/jdk.internal.reflect.NativeMethodAccessorImpl.invoke(NativeMethodAccessorImpl.java:62)
	at java.base@11.0.16/jdk.internal.reflect.DelegatingMethodAccessorImpl.invoke(DelegatingMethodAccessorImpl.java:43)
	at java.base@11.0.16/java.lang.reflect.Method.invoke(Method.java:566)
	at app//org.junit.runners.model.FrameworkMethod$1.runReflectiveCall(FrameworkMethod.java:59)
	at app//org.junit.internal.runners.model.ReflectiveCallable.run(ReflectiveCallable.java:12)
	at app//org.junit.runners.model.FrameworkMethod.invokeExplosively(FrameworkMethod.java:56)
	at app//org.junit.internal.runners.statements.InvokeMethod.evaluate(InvokeMethod.java:17)
	at app//org.junit.internal.runners.statements.RunBefores.evaluate(RunBefores.java:26)
	at app//org.junit.internal.runners.statements.FailOnTimeout$CallableStatement.call(FailOnTimeout.java:299)
	at app//org.junit.internal.runners.statements.FailOnTimeout$CallableStatement.call(FailOnTimeout.java:293)
	at java.base@11.0.16/java.util.concurrent.FutureTask.run(FutureTask.java:264)
	at java.base@11.0.16/java.lang.Thread.run(Thread.java:829)

[ERROR] Surefire is going to kill self fork JVM. The exit has elapsed 30 seconds after System.exit(0).
[INFO] Running com.gin.mergegfassets.utils.TimeUtils_printlnTimeCost_7800997673
用时： 1.7756280636E9s
[INFO] Tests run: 1, Failures: 0, Errors: 0, Skipped: 0, Time elapsed: 0.046 s - in com.gin.mergegfassets.utils.TimeUtils_printlnTimeCost_7800997673
[INFO] Running com.gin.mergegfassets.utils.IoUtils_readAssetPath_6929968921
请提供assets目录路径 >> [ERROR] Tests run: 1, Failures: 0, Errors: 1, Skipped: 0, Time elapsed: 10.034 s <<< FAILURE! - in com.gin.mergegfassets.utils.IoUtils_readAssetPath_6929968921
[ERROR] com.gin.mergegfassets.utils.IoUtils_readAssetPath_6929968921.test  Time elapsed: 10.02 s  <<< ERROR!
org.junit.runners.model.TestTimedOutException: test timed out after 10 seconds
	at java.base@11.0.16/java.io.FileInputStream.readBytes(Native Method)
	at java.base@11.0.16/java.io.FileInputStream.read(FileInputStream.java:279)
	at java.base@11.0.16/java.io.BufferedInputStream.read1(BufferedInputStream.java:290)
	at java.base@11.0.16/java.io.BufferedInputStream.read(BufferedInputStream.java:351)
	at java.base@11.0.16/sun.nio.cs.StreamDecoder.readBytes(StreamDecoder.java:284)
	at java.base@11.0.16/sun.nio.cs.StreamDecoder.implRead(StreamDecoder.java:326)
	at java.base@11.0.16/sun.nio.cs.StreamDecoder.read(StreamDecoder.java:178)
	at java.base@11.0.16/java.io.InputStreamReader.read(InputStreamReader.java:181)
	at java.base@11.0.16/java.io.BufferedReader.fill(BufferedReader.java:161)
	at java.base@11.0.16/java.io.BufferedReader.readLine(BufferedReader.java:326)
	at java.base@11.0.16/java.io.BufferedReader.readLine(BufferedReader.java:392)
	at app//com.gin.mergegfassets.utils.IoUtils.readAssetPath(IoUtils.java:24)
	at java.base@11.0.16/jdk.internal.reflect.NativeMethodAccessorImpl.invoke0(Native Method)
	at java.base@11.0.16/jdk.internal.reflect.NativeMethodAccessorImpl.invoke(NativeMethodAccessorImpl.java:62)
	at java.base@11.0.16/jdk.internal.reflect.DelegatingMethodAccessorImpl.invoke(DelegatingMethodAccessorImpl.java:43)
	at java.base@11.0.16/java.lang.reflect.Method.invoke(Method.java:566)
	at app//com.gin.mergegfassets.utils.ReflectionUtils.callMethod(ReflectionUtils.java:328)
	at app//com.gin.mergegfassets.utils.IoUtils_readAssetPath_6929968921.test(IoUtils_readAssetPath_6929968921.java:40)
	at java.base@11.0.16/jdk.internal.reflect.NativeMethodAccessorImpl.invoke0(Native Method)
	at java.base@11.0.16/jdk.internal.reflect.NativeMethodAccessorImpl.invoke(NativeMethodAccessorImpl.java:62)
	at java.base@11.0.16/jdk.internal.reflect.DelegatingMethodAccessorImpl.invoke(DelegatingMethodAccessorImpl.java:43)
	at java.base@11.0.16/java.lang.reflect.Method.invoke(Method.java:566)
	at app//org.junit.runners.model.FrameworkMethod$1.runReflectiveCall(FrameworkMethod.java:59)
	at app//org.junit.internal.runners.model.ReflectiveCallable.run(ReflectiveCallable.java:12)
	at app//org.junit.runners.model.FrameworkMethod.invokeExplosively(FrameworkMethod.java:56)
	at app//org.junit.internal.runners.statements.InvokeMethod.evaluate(InvokeMethod.java:17)
	at app//org.junit.internal.runners.statements.RunBefores.evaluate(RunBefores.java:26)
	at app//org.junit.internal.runners.statements.FailOnTimeout$CallableStatement.call(FailOnTimeout.java:299)
	at app//org.junit.internal.runners.statements.FailOnTimeout$CallableStatement.call(FailOnTimeout.java:293)
	at java.base@11.0.16/java.util.concurrent.FutureTask.run(FutureTask.java:264)
	at java.base@11.0.16/java.lang.Thread.run(Thread.java:829)

[ERROR] Surefire is going to kill self fork JVM. The exit has elapsed 30 seconds after System.exit(0).
[INFO] Running com.gin.mergegfassets.utils.FileUtils_hasKeywords_1928292983
[INFO] Tests run: 1, Failures: 0, Errors: 0, Skipped: 0, Time elapsed: 0.035 s - in com.gin.mergegfassets.utils.FileUtils_hasKeywords_1928292983
[INFO] Running com.gin.mergegfassets.utils.TimeUtils_printlnTimeCost_7800997671
vrQLuWIDJX用时： -2.442116007269899E15s
[INFO] Tests run: 1, Failures: 0, Errors: 0, Skipped: 0, Time elapsed: 0.042 s - in com.gin.mergegfassets.utils.TimeUtils_printlnTimeCost_7800997671
[INFO] Running com.gin.mergegfassets.utils.FileUtils_deleteFileWithKeyword_6597607274
WARNING: An illegal reflective access operation has occurred
WARNING: Illegal reflective access by com.gin.mergegfassets.utils.FileUtils_deleteFileWithKeyword_6597607274 (file:/app/target/test-classes/) to field java.io.File$PathStatus.CHECKED
WARNING: Please consider reporting this to the maintainers of com.gin.mergegfassets.utils.FileUtils_deleteFileWithKeyword_6597607274
WARNING: Use --illegal-access=warn to enable warnings of further illegal reflective access operations
WARNING: All illegal access operations will be denied in a future release
[INFO] Tests run: 1, Failures: 0, Errors: 0, Skipped: 0, Time elapsed: 0.038 s - in com.gin.mergegfassets.utils.FileUtils_deleteFileWithKeyword_6597607274
[INFO] Running com.gin.mergegfassets.utils.FileUtils_copyToDir_116183695918
[ERROR] Tests run: 1, Failures: 0, Errors: 1, Skipped: 0, Time elapsed: 0.041 s <<< FAILURE! - in com.gin.mergegfassets.utils.FileUtils_copyToDir_116183695918
[ERROR] com.gin.mergegfassets.utils.FileUtils_copyToDir_116183695918.test  Time elapsed: 0.027 s  <<< ERROR!
java.lang.NullPointerException
	at com.gin.mergegfassets.utils.FileUtils.copyToDir(FileUtils.java:105)
	at java.base/jdk.internal.reflect.NativeMethodAccessorImpl.invoke0(Native Method)
	at java.base/jdk.internal.reflect.NativeMethodAccessorImpl.invoke(NativeMethodAccessorImpl.java:62)
	at java.base/jdk.internal.reflect.DelegatingMethodAccessorImpl.invoke(DelegatingMethodAccessorImpl.java:43)
	at java.base/java.lang.reflect.Method.invoke(Method.java:566)
	at com.gin.mergegfassets.utils.ReflectionUtils.callMethod(ReflectionUtils.java:328)
	at com.gin.mergegfassets.utils.FileUtils_copyToDir_116183695918.test(FileUtils_copyToDir_116183695918.java:46)
	at java.base/jdk.internal.reflect.NativeMethodAccessorImpl.invoke0(Native Method)
	at java.base/jdk.internal.reflect.NativeMethodAccessorImpl.invoke(NativeMethodAccessorImpl.java:62)
	at java.base/jdk.internal.reflect.DelegatingMethodAccessorImpl.invoke(DelegatingMethodAccessorImpl.java:43)
	at java.base/java.lang.reflect.Method.invoke(Method.java:566)
	at org.junit.runners.model.FrameworkMethod$1.runReflectiveCall(FrameworkMethod.java:59)
	at org.junit.internal.runners.model.ReflectiveCallable.run(ReflectiveCallable.java:12)
	at org.junit.runners.model.FrameworkMethod.invokeExplosively(FrameworkMethod.java:56)
	at org.junit.internal.runners.statements.InvokeMethod.evaluate(InvokeMethod.java:17)
	at org.junit.internal.runners.statements.RunBefores.evaluate(RunBefores.java:26)
	at org.junit.internal.runners.statements.FailOnTimeout$CallableStatement.call(FailOnTimeout.java:299)
	at org.junit.internal.runners.statements.FailOnTimeout$CallableStatement.call(FailOnTimeout.java:293)
	at java.base/java.util.concurrent.FutureTask.run(FutureTask.java:264)
	at java.base/java.lang.Thread.run(Thread.java:829)

[INFO] Running com.gin.mergegfassets.utils.IoUtils_init_12299338540
[INFO] Tests run: 1, Failures: 0, Errors: 0, Skipped: 0, Time elapsed: 0.036 s - in com.gin.mergegfassets.utils.IoUtils_init_12299338540
[INFO] Running com.gin.mergegfassets.utils.NumberUtils_init_18798051830
[INFO] Tests run: 1, Failures: 0, Errors: 0, Skipped: 0, Time elapsed: 0.036 s - in com.gin.mergegfassets.utils.NumberUtils_init_18798051830
[INFO] Running com.gin.mergegfassets.utils.FileUtils_listAllFilesWithTimeCost_111602596210
WARNING: An illegal reflective access operation has occurred
WARNING: Illegal reflective access by com.gin.mergegfassets.utils.FileUtils_listAllFilesWithTimeCost_111602596210 (file:/app/target/test-classes/) to field java.io.File$PathStatus.INVALID
WARNING: Please consider reporting this to the maintainers of com.gin.mergegfassets.utils.FileUtils_listAllFilesWithTimeCost_111602596210
WARNING: Use --illegal-access=warn to enable warnings of further illegal reflective access operations
WARNING: All illegal access operations will be denied in a future release
扫描目录 BYqFIqCKAV | 发现 0 个文件 | 用时： 0.0s
[INFO] Tests run: 1, Failures: 0, Errors: 0, Skipped: 0, Time elapsed: 0.048 s - in com.gin.mergegfassets.utils.FileUtils_listAllFilesWithTimeCost_111602596210
[INFO] Running com.gin.mergegfassets.utils.FileUtils_copyFile_166993755519
[ERROR] Tests run: 1, Failures: 0, Errors: 1, Skipped: 0, Time elapsed: 0.04 s <<< FAILURE! - in com.gin.mergegfassets.utils.FileUtils_copyFile_166993755519
[ERROR] com.gin.mergegfassets.utils.FileUtils_copyFile_166993755519.test  Time elapsed: 0.026 s  <<< ERROR!
java.lang.NullPointerException
	at com.gin.mergegfassets.utils.FileUtils.copyFile(FileUtils.java:111)
	at java.base/jdk.internal.reflect.NativeMethodAccessorImpl.invoke0(Native Method)
	at java.base/jdk.internal.reflect.NativeMethodAccessorImpl.invoke(NativeMethodAccessorImpl.java:62)
	at java.base/jdk.internal.reflect.DelegatingMethodAccessorImpl.invoke(DelegatingMethodAccessorImpl.java:43)
	at java.base/java.lang.reflect.Method.invoke(Method.java:566)
	at com.gin.mergegfassets.utils.ReflectionUtils.callMethod(ReflectionUtils.java:328)
	at com.gin.mergegfassets.utils.FileUtils_copyFile_166993755519.test(FileUtils_copyFile_166993755519.java:46)
	at java.base/jdk.internal.reflect.NativeMethodAccessorImpl.invoke0(Native Method)
	at java.base/jdk.internal.reflect.NativeMethodAccessorImpl.invoke(NativeMethodAccessorImpl.java:62)
	at java.base/jdk.internal.reflect.DelegatingMethodAccessorImpl.invoke(DelegatingMethodAccessorImpl.java:43)
	at java.base/java.lang.reflect.Method.invoke(Method.java:566)
	at org.junit.runners.model.FrameworkMethod$1.runReflectiveCall(FrameworkMethod.java:59)
	at org.junit.internal.runners.model.ReflectiveCallable.run(ReflectiveCallable.java:12)
	at org.junit.runners.model.FrameworkMethod.invokeExplosively(FrameworkMethod.java:56)
	at org.junit.internal.runners.statements.InvokeMethod.evaluate(InvokeMethod.java:17)
	at org.junit.internal.runners.statements.RunBefores.evaluate(RunBefores.java:26)
	at org.junit.internal.runners.statements.FailOnTimeout$CallableStatement.call(FailOnTimeout.java:299)
	at org.junit.internal.runners.statements.FailOnTimeout$CallableStatement.call(FailOnTimeout.java:293)
	at java.base/java.util.concurrent.FutureTask.run(FutureTask.java:264)
	at java.base/java.lang.Thread.run(Thread.java:829)

[INFO] Running com.gin.mergegfassets.utils.TasksUtil_init_10094389191
[INFO] Tests run: 1, Failures: 0, Errors: 0, Skipped: 0, Time elapsed: 0.091 s - in com.gin.mergegfassets.utils.TasksUtil_init_10094389191
[INFO] Running com.gin.mergegfassets.utils.CmdUtils_explorerSelect_21343869925
[ERROR] Tests run: 1, Failures: 0, Errors: 1, Skipped: 0, Time elapsed: 0.049 s <<< FAILURE! - in com.gin.mergegfassets.utils.CmdUtils_explorerSelect_21343869925
[ERROR] com.gin.mergegfassets.utils.CmdUtils_explorerSelect_21343869925.test  Time elapsed: 0.033 s  <<< ERROR!
java.io.IOException: Cannot run program "Explorer.exe": error=2, No such file or directory
	at java.base/java.lang.ProcessBuilder.start(ProcessBuilder.java:1128)
	at java.base/java.lang.ProcessBuilder.start(ProcessBuilder.java:1071)
	at java.base/java.lang.Runtime.exec(Runtime.java:592)
	at java.base/java.lang.Runtime.exec(Runtime.java:416)
	at java.base/java.lang.Runtime.exec(Runtime.java:313)
	at com.gin.mergegfassets.utils.CmdUtils.explorerSelect(CmdUtils.java:16)
	at java.base/jdk.internal.reflect.NativeMethodAccessorImpl.invoke0(Native Method)
	at java.base/jdk.internal.reflect.NativeMethodAccessorImpl.invoke(NativeMethodAccessorImpl.java:62)
	at java.base/jdk.internal.reflect.DelegatingMethodAccessorImpl.invoke(DelegatingMethodAccessorImpl.java:43)
	at java.base/java.lang.reflect.Method.invoke(Method.java:566)
	at com.gin.mergegfassets.utils.ReflectionUtils.callMethod(ReflectionUtils.java:328)
	at com.gin.mergegfassets.utils.CmdUtils_explorerSelect_21343869925.test(CmdUtils_explorerSelect_21343869925.java:44)
	at java.base/jdk.internal.reflect.NativeMethodAccessorImpl.invoke0(Native Method)
	at java.base/jdk.internal.reflect.NativeMethodAccessorImpl.invoke(NativeMethodAccessorImpl.java:62)
	at java.base/jdk.internal.reflect.DelegatingMethodAccessorImpl.invoke(DelegatingMethodAccessorImpl.java:43)
	at java.base/java.lang.reflect.Method.invoke(Method.java:566)
	at org.junit.runners.model.FrameworkMethod$1.runReflectiveCall(FrameworkMethod.java:59)
	at org.junit.internal.runners.model.ReflectiveCallable.run(ReflectiveCallable.java:12)
	at org.junit.runners.model.FrameworkMethod.invokeExplosively(FrameworkMethod.java:56)
	at org.junit.internal.runners.statements.InvokeMethod.evaluate(InvokeMethod.java:17)
	at org.junit.internal.runners.statements.RunBefores.evaluate(RunBefores.java:26)
	at org.junit.internal.runners.statements.FailOnTimeout$CallableStatement.call(FailOnTimeout.java:299)
	at org.junit.internal.runners.statements.FailOnTimeout$CallableStatement.call(FailOnTimeout.java:293)
	at java.base/java.util.concurrent.FutureTask.run(FutureTask.java:264)
	at java.base/java.lang.Thread.run(Thread.java:829)
Caused by: java.io.IOException: error=2, No such file or directory
	at java.base/java.lang.ProcessImpl.forkAndExec(Native Method)
	at java.base/java.lang.ProcessImpl.<init>(ProcessImpl.java:340)
	at java.base/java.lang.ProcessImpl.start(ProcessImpl.java:271)
	at java.base/java.lang.ProcessBuilder.start(ProcessBuilder.java:1107)
	... 24 more

[INFO] Running com.gin.mergegfassets.utils.FileUtils_listAllFiles_20576032869
WARNING: An illegal reflective access operation has occurred
WARNING: Illegal reflective access by com.gin.mergegfassets.utils.FileUtils_listAllFiles_20576032869 (file:/app/target/test-classes/) to field java.io.File$PathStatus.CHECKED
WARNING: Please consider reporting this to the maintainers of com.gin.mergegfassets.utils.FileUtils_listAllFiles_20576032869
WARNING: Use --illegal-access=warn to enable warnings of further illegal reflective access operations
WARNING: All illegal access operations will be denied in a future release
[INFO] Tests run: 1, Failures: 0, Errors: 0, Skipped: 0, Time elapsed: 0.038 s - in com.gin.mergegfassets.utils.FileUtils_listAllFiles_20576032869
[INFO] Running com.gin.mergegfassets.utils.CmdUtils_explorerSelect_21343869922
[ERROR] Tests run: 1, Failures: 0, Errors: 1, Skipped: 0, Time elapsed: 0.046 s <<< FAILURE! - in com.gin.mergegfassets.utils.CmdUtils_explorerSelect_21343869922
[ERROR] com.gin.mergegfassets.utils.CmdUtils_explorerSelect_21343869922.test  Time elapsed: 0.029 s  <<< ERROR!
java.io.IOException: Cannot run program "Explorer.exe": error=2, No such file or directory
	at java.base/java.lang.ProcessBuilder.start(ProcessBuilder.java:1128)
	at java.base/java.lang.ProcessBuilder.start(ProcessBuilder.java:1071)
	at java.base/java.lang.Runtime.exec(Runtime.java:592)
	at java.base/java.lang.Runtime.exec(Runtime.java:416)
	at java.base/java.lang.Runtime.exec(Runtime.java:313)
	at com.gin.mergegfassets.utils.CmdUtils.explorerSelect(CmdUtils.java:16)
	at java.base/jdk.internal.reflect.NativeMethodAccessorImpl.invoke0(Native Method)
	at java.base/jdk.internal.reflect.NativeMethodAccessorImpl.invoke(NativeMethodAccessorImpl.java:62)
	at java.base/jdk.internal.reflect.DelegatingMethodAccessorImpl.invoke(DelegatingMethodAccessorImpl.java:43)
	at java.base/java.lang.reflect.Method.invoke(Method.java:566)
	at com.gin.mergegfassets.utils.ReflectionUtils.callMethod(ReflectionUtils.java:328)
	at com.gin.mergegfassets.utils.CmdUtils_explorerSelect_21343869922.test(CmdUtils_explorerSelect_21343869922.java:42)
	at java.base/jdk.internal.reflect.NativeMethodAccessorImpl.invoke0(Native Method)
	at java.base/jdk.internal.reflect.NativeMethodAccessorImpl.invoke(NativeMethodAccessorImpl.java:62)
	at java.base/jdk.internal.reflect.DelegatingMethodAccessorImpl.invoke(DelegatingMethodAccessorImpl.java:43)
	at java.base/java.lang.reflect.Method.invoke(Method.java:566)
	at org.junit.runners.model.FrameworkMethod$1.runReflectiveCall(FrameworkMethod.java:59)
	at org.junit.internal.runners.model.ReflectiveCallable.run(ReflectiveCallable.java:12)
	at org.junit.runners.model.FrameworkMethod.invokeExplosively(FrameworkMethod.java:56)
	at org.junit.internal.runners.statements.InvokeMethod.evaluate(InvokeMethod.java:17)
	at org.junit.internal.runners.statements.RunBefores.evaluate(RunBefores.java:26)
	at org.junit.internal.runners.statements.FailOnTimeout$CallableStatement.call(FailOnTimeout.java:299)
	at org.junit.internal.runners.statements.FailOnTimeout$CallableStatement.call(FailOnTimeout.java:293)
	at java.base/java.util.concurrent.FutureTask.run(FutureTask.java:264)
	at java.base/java.lang.Thread.run(Thread.java:829)
Caused by: java.io.IOException: error=2, No such file or directory
	at java.base/java.lang.ProcessImpl.forkAndExec(Native Method)
	at java.base/java.lang.ProcessImpl.<init>(ProcessImpl.java:340)
	at java.base/java.lang.ProcessImpl.start(ProcessImpl.java:271)
	at java.base/java.lang.ProcessBuilder.start(ProcessBuilder.java:1107)
	... 24 more

[INFO] Running com.gin.mergegfassets.utils.FileUtils_copyFile_16699375558
WARNING: An illegal reflective access operation has occurred
WARNING: Illegal reflective access by com.gin.mergegfassets.utils.FileUtils_copyFile_16699375558 (file:/app/target/test-classes/) to field java.io.File$PathStatus.CHECKED
WARNING: Please consider reporting this to the maintainers of com.gin.mergegfassets.utils.FileUtils_copyFile_16699375558
WARNING: Use --illegal-access=warn to enable warnings of further illegal reflective access operations
WARNING: All illegal access operations will be denied in a future release
[ERROR] Tests run: 1, Failures: 0, Errors: 1, Skipped: 0, Time elapsed: 0.043 s <<< FAILURE! - in com.gin.mergegfassets.utils.FileUtils_copyFile_16699375558
[ERROR] com.gin.mergegfassets.utils.FileUtils_copyFile_16699375558.test  Time elapsed: 0.029 s  <<< ERROR!
java.lang.NullPointerException
	at com.gin.mergegfassets.utils.FileUtils.copyFile(FileUtils.java:112)
	at java.base/jdk.internal.reflect.NativeMethodAccessorImpl.invoke0(Native Method)
	at java.base/jdk.internal.reflect.NativeMethodAccessorImpl.invoke(NativeMethodAccessorImpl.java:62)
	at java.base/jdk.internal.reflect.DelegatingMethodAccessorImpl.invoke(DelegatingMethodAccessorImpl.java:43)
	at java.base/java.lang.reflect.Method.invoke(Method.java:566)
	at com.gin.mergegfassets.utils.ReflectionUtils.callMethod(ReflectionUtils.java:328)
	at com.gin.mergegfassets.utils.FileUtils_copyFile_16699375558.test(FileUtils_copyFile_16699375558.java:66)
	at java.base/jdk.internal.reflect.NativeMethodAccessorImpl.invoke0(Native Method)
	at java.base/jdk.internal.reflect.NativeMethodAccessorImpl.invoke(NativeMethodAccessorImpl.java:62)
	at java.base/jdk.internal.reflect.DelegatingMethodAccessorImpl.invoke(DelegatingMethodAccessorImpl.java:43)
	at java.base/java.lang.reflect.Method.invoke(Method.java:566)
	at org.junit.runners.model.FrameworkMethod$1.runReflectiveCall(FrameworkMethod.java:59)
	at org.junit.internal.runners.model.ReflectiveCallable.run(ReflectiveCallable.java:12)
	at org.junit.runners.model.FrameworkMethod.invokeExplosively(FrameworkMethod.java:56)
	at org.junit.internal.runners.statements.InvokeMethod.evaluate(InvokeMethod.java:17)
	at org.junit.internal.runners.statements.RunBefores.evaluate(RunBefores.java:26)
	at org.junit.internal.runners.statements.FailOnTimeout$CallableStatement.call(FailOnTimeout.java:299)
	at org.junit.internal.runners.statements.FailOnTimeout$CallableStatement.call(FailOnTimeout.java:293)
	at java.base/java.util.concurrent.FutureTask.run(FutureTask.java:264)
	at java.base/java.lang.Thread.run(Thread.java:829)

[INFO] Running com.gin.mergegfassets.utils.IoUtils_readCommand_4940487609
null >> [ERROR] Tests run: 1, Failures: 0, Errors: 1, Skipped: 0, Time elapsed: 10.039 s <<< FAILURE! - in com.gin.mergegfassets.utils.IoUtils_readCommand_4940487609
[ERROR] com.gin.mergegfassets.utils.IoUtils_readCommand_4940487609.test  Time elapsed: 10.023 s  <<< ERROR!
org.junit.runners.model.TestTimedOutException: test timed out after 10 seconds
	at java.base@11.0.16/java.io.FileInputStream.readBytes(Native Method)
	at java.base@11.0.16/java.io.FileInputStream.read(FileInputStream.java:279)
	at java.base@11.0.16/java.io.BufferedInputStream.read1(BufferedInputStream.java:290)
	at java.base@11.0.16/java.io.BufferedInputStream.read(BufferedInputStream.java:351)
	at java.base@11.0.16/sun.nio.cs.StreamDecoder.readBytes(StreamDecoder.java:284)
	at java.base@11.0.16/sun.nio.cs.StreamDecoder.implRead(StreamDecoder.java:326)
	at java.base@11.0.16/sun.nio.cs.StreamDecoder.read(StreamDecoder.java:178)
	at java.base@11.0.16/java.io.InputStreamReader.read(InputStreamReader.java:181)
	at java.base@11.0.16/java.io.BufferedReader.fill(BufferedReader.java:161)
	at java.base@11.0.16/java.io.BufferedReader.readLine(BufferedReader.java:326)
	at java.base@11.0.16/java.io.BufferedReader.readLine(BufferedReader.java:392)
	at app//com.gin.mergegfassets.utils.IoUtils.readCommand(IoUtils.java:60)
	at java.base@11.0.16/jdk.internal.reflect.NativeMethodAccessorImpl.invoke0(Native Method)
	at java.base@11.0.16/jdk.internal.reflect.NativeMethodAccessorImpl.invoke(NativeMethodAccessorImpl.java:62)
	at java.base@11.0.16/jdk.internal.reflect.DelegatingMethodAccessorImpl.invoke(DelegatingMethodAccessorImpl.java:43)
	at java.base@11.0.16/java.lang.reflect.Method.invoke(Method.java:566)
	at app//com.gin.mergegfassets.utils.ReflectionUtils.callMethod(ReflectionUtils.java:328)
	at app//com.gin.mergegfassets.utils.IoUtils_readCommand_4940487609.test(IoUtils_readCommand_4940487609.java:46)
	at java.base@11.0.16/jdk.internal.reflect.NativeMethodAccessorImpl.invoke0(Native Method)
	at java.base@11.0.16/jdk.internal.reflect.NativeMethodAccessorImpl.invoke(NativeMethodAccessorImpl.java:62)
	at java.base@11.0.16/jdk.internal.reflect.DelegatingMethodAccessorImpl.invoke(DelegatingMethodAccessorImpl.java:43)
	at java.base@11.0.16/java.lang.reflect.Method.invoke(Method.java:566)
	at app//org.junit.runners.model.FrameworkMethod$1.runReflectiveCall(FrameworkMethod.java:59)
	at app//org.junit.internal.runners.model.ReflectiveCallable.run(ReflectiveCallable.java:12)
	at app//org.junit.runners.model.FrameworkMethod.invokeExplosively(FrameworkMethod.java:56)
	at app//org.junit.internal.runners.statements.InvokeMethod.evaluate(InvokeMethod.java:17)
	at app//org.junit.internal.runners.statements.RunBefores.evaluate(RunBefores.java:26)
	at app//org.junit.internal.runners.statements.FailOnTimeout$CallableStatement.call(FailOnTimeout.java:299)
	at app//org.junit.internal.runners.statements.FailOnTimeout$CallableStatement.call(FailOnTimeout.java:293)
	at java.base@11.0.16/java.util.concurrent.FutureTask.run(FutureTask.java:264)
	at java.base@11.0.16/java.lang.Thread.run(Thread.java:829)

[ERROR] Surefire is going to kill self fork JVM. The exit has elapsed 30 seconds after System.exit(0).
[INFO] Running com.gin.mergegfassets.utils.FileUtils_listAllFilesWithTimeCost_111602596221
[ERROR] Tests run: 1, Failures: 0, Errors: 1, Skipped: 0, Time elapsed: 0.04 s <<< FAILURE! - in com.gin.mergegfassets.utils.FileUtils_listAllFilesWithTimeCost_111602596221
[ERROR] com.gin.mergegfassets.utils.FileUtils_listAllFilesWithTimeCost_111602596221.test  Time elapsed: 0.026 s  <<< ERROR!
java.lang.NullPointerException
	at com.gin.mergegfassets.utils.FileUtils.listAllFilesWithTimeCost(FileUtils.java:143)
	at java.base/jdk.internal.reflect.NativeMethodAccessorImpl.invoke0(Native Method)
	at java.base/jdk.internal.reflect.NativeMethodAccessorImpl.invoke(NativeMethodAccessorImpl.java:62)
	at java.base/jdk.internal.reflect.DelegatingMethodAccessorImpl.invoke(DelegatingMethodAccessorImpl.java:43)
	at java.base/java.lang.reflect.Method.invoke(Method.java:566)
	at com.gin.mergegfassets.utils.ReflectionUtils.callMethod(ReflectionUtils.java:328)
	at com.gin.mergegfassets.utils.FileUtils_listAllFilesWithTimeCost_111602596221.test(FileUtils_listAllFilesWithTimeCost_111602596221.java:44)
	at java.base/jdk.internal.reflect.NativeMethodAccessorImpl.invoke0(Native Method)
	at java.base/jdk.internal.reflect.NativeMethodAccessorImpl.invoke(NativeMethodAccessorImpl.java:62)
	at java.base/jdk.internal.reflect.DelegatingMethodAccessorImpl.invoke(DelegatingMethodAccessorImpl.java:43)
	at java.base/java.lang.reflect.Method.invoke(Method.java:566)
	at org.junit.runners.model.FrameworkMethod$1.runReflectiveCall(FrameworkMethod.java:59)
	at org.junit.internal.runners.model.ReflectiveCallable.run(ReflectiveCallable.java:12)
	at org.junit.runners.model.FrameworkMethod.invokeExplosively(FrameworkMethod.java:56)
	at org.junit.internal.runners.statements.InvokeMethod.evaluate(InvokeMethod.java:17)
	at org.junit.internal.runners.statements.RunBefores.evaluate(RunBefores.java:26)
	at org.junit.internal.runners.statements.FailOnTimeout$CallableStatement.call(FailOnTimeout.java:299)
	at org.junit.internal.runners.statements.FailOnTimeout$CallableStatement.call(FailOnTimeout.java:293)
	at java.base/java.util.concurrent.FutureTask.run(FutureTask.java:264)
	at java.base/java.lang.Thread.run(Thread.java:829)

[INFO] Running com.gin.mergegfassets.utils.FileUtils_copyToDir_11618369597
WARNING: An illegal reflective access operation has occurred
WARNING: Illegal reflective access by com.gin.mergegfassets.utils.FileUtils_copyToDir_11618369597 (file:/app/target/test-classes/) to field java.io.File$PathStatus.CHECKED
WARNING: Please consider reporting this to the maintainers of com.gin.mergegfassets.utils.FileUtils_copyToDir_11618369597
WARNING: Use --illegal-access=warn to enable warnings of further illegal reflective access operations
WARNING: All illegal access operations will be denied in a future release
[ERROR] Tests run: 1, Failures: 0, Errors: 1, Skipped: 0, Time elapsed: 0.051 s <<< FAILURE! - in com.gin.mergegfassets.utils.FileUtils_copyToDir_11618369597
[ERROR] com.gin.mergegfassets.utils.FileUtils_copyToDir_11618369597.test  Time elapsed: 0.036 s  <<< ERROR!
java.nio.file.NoSuchFileException: pCTimMblYc
	at java.base/sun.nio.fs.UnixException.translateToIOException(UnixException.java:92)
	at java.base/sun.nio.fs.UnixException.rethrowAsIOException(UnixException.java:111)
	at java.base/sun.nio.fs.UnixException.rethrowAsIOException(UnixException.java:116)
	at java.base/sun.nio.fs.UnixCopyFile.copy(UnixCopyFile.java:548)
	at java.base/sun.nio.fs.UnixFileSystemProvider.copy(UnixFileSystemProvider.java:258)
	at java.base/java.nio.file.Files.copy(Files.java:1295)
	at com.gin.mergegfassets.utils.FileUtils.copyFile(FileUtils.java:118)
	at com.gin.mergegfassets.utils.FileUtils.copyToDir(FileUtils.java:107)
	at java.base/jdk.internal.reflect.NativeMethodAccessorImpl.invoke0(Native Method)
	at java.base/jdk.internal.reflect.NativeMethodAccessorImpl.invoke(NativeMethodAccessorImpl.java:62)
	at java.base/jdk.internal.reflect.DelegatingMethodAccessorImpl.invoke(DelegatingMethodAccessorImpl.java:43)
	at java.base/java.lang.reflect.Method.invoke(Method.java:566)
	at com.gin.mergegfassets.utils.ReflectionUtils.callMethod(ReflectionUtils.java:328)
	at com.gin.mergegfassets.utils.FileUtils_copyToDir_11618369597.test(FileUtils_copyToDir_11618369597.java:66)
	at java.base/jdk.internal.reflect.NativeMethodAccessorImpl.invoke0(Native Method)
	at java.base/jdk.internal.reflect.NativeMethodAccessorImpl.invoke(NativeMethodAccessorImpl.java:62)
	at java.base/jdk.internal.reflect.DelegatingMethodAccessorImpl.invoke(DelegatingMethodAccessorImpl.java:43)
	at java.base/java.lang.reflect.Method.invoke(Method.java:566)
	at org.junit.runners.model.FrameworkMethod$1.runReflectiveCall(FrameworkMethod.java:59)
	at org.junit.internal.runners.model.ReflectiveCallable.run(ReflectiveCallable.java:12)
	at org.junit.runners.model.FrameworkMethod.invokeExplosively(FrameworkMethod.java:56)
	at org.junit.internal.runners.statements.InvokeMethod.evaluate(InvokeMethod.java:17)
	at org.junit.internal.runners.statements.RunBefores.evaluate(RunBefores.java:26)
	at org.junit.internal.runners.statements.FailOnTimeout$CallableStatement.call(FailOnTimeout.java:299)
	at org.junit.internal.runners.statements.FailOnTimeout$CallableStatement.call(FailOnTimeout.java:293)
	at java.base/java.util.concurrent.FutureTask.run(FutureTask.java:264)
	at java.base/java.lang.Thread.run(Thread.java:829)

[INFO] Running com.gin.mergegfassets.utils.FileUtils_removeDir_64099383517
[ERROR] Tests run: 1, Failures: 0, Errors: 1, Skipped: 0, Time elapsed: 0.042 s <<< FAILURE! - in com.gin.mergegfassets.utils.FileUtils_removeDir_64099383517
[ERROR] com.gin.mergegfassets.utils.FileUtils_removeDir_64099383517.test  Time elapsed: 0.028 s  <<< ERROR!
java.lang.NullPointerException: dir is marked non-null but is null
	at com.gin.mergegfassets.utils.FileUtils.removeDir(FileUtils.java:87)
	at java.base/jdk.internal.reflect.NativeMethodAccessorImpl.invoke0(Native Method)
	at java.base/jdk.internal.reflect.NativeMethodAccessorImpl.invoke(NativeMethodAccessorImpl.java:62)
	at java.base/jdk.internal.reflect.DelegatingMethodAccessorImpl.invoke(DelegatingMethodAccessorImpl.java:43)
	at java.base/java.lang.reflect.Method.invoke(Method.java:566)
	at com.gin.mergegfassets.utils.ReflectionUtils.callMethod(ReflectionUtils.java:328)
	at com.gin.mergegfassets.utils.FileUtils_removeDir_64099383517.test(FileUtils_removeDir_64099383517.java:44)
	at java.base/jdk.internal.reflect.NativeMethodAccessorImpl.invoke0(Native Method)
	at java.base/jdk.internal.reflect.NativeMethodAccessorImpl.invoke(NativeMethodAccessorImpl.java:62)
	at java.base/jdk.internal.reflect.DelegatingMethodAccessorImpl.invoke(DelegatingMethodAccessorImpl.java:43)
	at java.base/java.lang.reflect.Method.invoke(Method.java:566)
	at org.junit.runners.model.FrameworkMethod$1.runReflectiveCall(FrameworkMethod.java:59)
	at org.junit.internal.runners.model.ReflectiveCallable.run(ReflectiveCallable.java:12)
	at org.junit.runners.model.FrameworkMethod.invokeExplosively(FrameworkMethod.java:56)
	at org.junit.internal.runners.statements.InvokeMethod.evaluate(InvokeMethod.java:17)
	at org.junit.internal.runners.statements.RunBefores.evaluate(RunBefores.java:26)
	at org.junit.internal.runners.statements.FailOnTimeout$CallableStatement.call(FailOnTimeout.java:299)
	at org.junit.internal.runners.statements.FailOnTimeout$CallableStatement.call(FailOnTimeout.java:293)
	at java.base/java.util.concurrent.FutureTask.run(FutureTask.java:264)
	at java.base/java.lang.Thread.run(Thread.java:829)

[INFO] Running com.gin.mergegfassets.utils.JsonUtils_writeToFile_21449376411
WARNING: An illegal reflective access operation has occurred
WARNING: Illegal reflective access by com.gin.mergegfassets.utils.JsonUtils_writeToFile_21449376411 (file:/app/target/test-classes/) to field java.io.File$PathStatus.INVALID
WARNING: Please consider reporting this to the maintainers of com.gin.mergegfassets.utils.JsonUtils_writeToFile_21449376411
WARNING: Use --illegal-access=warn to enable warnings of further illegal reflective access operations
WARNING: All illegal access operations will be denied in a future release
[ERROR] Tests run: 1, Failures: 0, Errors: 1, Skipped: 0, Time elapsed: 0.039 s <<< FAILURE! - in com.gin.mergegfassets.utils.JsonUtils_writeToFile_21449376411
[ERROR] com.gin.mergegfassets.utils.JsonUtils_writeToFile_21449376411.test  Time elapsed: 0.023 s  <<< ERROR!
java.io.FileNotFoundException: Invalid file path
	at java.base/java.io.FileOutputStream.<init>(FileOutputStream.java:231)
	at java.base/java.io.FileOutputStream.<init>(FileOutputStream.java:187)
	at java.base/java.io.FileWriter.<init>(FileWriter.java:96)
	at com.gin.mergegfassets.utils.JsonUtils.writeToFile(JsonUtils.java:20)
	at java.base/jdk.internal.reflect.NativeMethodAccessorImpl.invoke0(Native Method)
	at java.base/jdk.internal.reflect.NativeMethodAccessorImpl.invoke(NativeMethodAccessorImpl.java:62)
	at java.base/jdk.internal.reflect.DelegatingMethodAccessorImpl.invoke(DelegatingMethodAccessorImpl.java:43)
	at java.base/java.lang.reflect.Method.invoke(Method.java:566)
	at com.gin.mergegfassets.utils.ReflectionUtils.callMethod(ReflectionUtils.java:328)
	at com.gin.mergegfassets.utils.JsonUtils_writeToFile_21449376411.test(JsonUtils_writeToFile_21449376411.java:58)
	at java.base/jdk.internal.reflect.NativeMethodAccessorImpl.invoke0(Native Method)
	at java.base/jdk.internal.reflect.NativeMethodAccessorImpl.invoke(NativeMethodAccessorImpl.java:62)
	at java.base/jdk.internal.reflect.DelegatingMethodAccessorImpl.invoke(DelegatingMethodAccessorImpl.java:43)
	at java.base/java.lang.reflect.Method.invoke(Method.java:566)
	at org.junit.runners.model.FrameworkMethod$1.runReflectiveCall(FrameworkMethod.java:59)
	at org.junit.internal.runners.model.ReflectiveCallable.run(ReflectiveCallable.java:12)
	at org.junit.runners.model.FrameworkMethod.invokeExplosively(FrameworkMethod.java:56)
	at org.junit.internal.runners.statements.InvokeMethod.evaluate(InvokeMethod.java:17)
	at org.junit.internal.runners.statements.RunBefores.evaluate(RunBefores.java:26)
	at org.junit.internal.runners.statements.FailOnTimeout$CallableStatement.call(FailOnTimeout.java:299)
	at org.junit.internal.runners.statements.FailOnTimeout$CallableStatement.call(FailOnTimeout.java:293)
	at java.base/java.util.concurrent.FutureTask.run(FutureTask.java:264)
	at java.base/java.lang.Thread.run(Thread.java:829)

[INFO] Running com.gin.mergegfassets.utils.CmdUtils_getRuntime_18779604901
[INFO] Tests run: 1, Failures: 0, Errors: 0, Skipped: 0, Time elapsed: 0.036 s - in com.gin.mergegfassets.utils.CmdUtils_getRuntime_18779604901
[INFO] Running com.gin.mergegfassets.utils.IoUtils_readNumber_14021714683
sjlJAEtRrb >> [ERROR] Tests run: 1, Failures: 0, Errors: 1, Skipped: 0, Time elapsed: 10.042 s <<< FAILURE! - in com.gin.mergegfassets.utils.IoUtils_readNumber_14021714683
[ERROR] com.gin.mergegfassets.utils.IoUtils_readNumber_14021714683.test  Time elapsed: 10.027 s  <<< ERROR!
org.junit.runners.model.TestTimedOutException: test timed out after 10 seconds
	at java.base@11.0.16/java.io.FileInputStream.readBytes(Native Method)
	at java.base@11.0.16/java.io.FileInputStream.read(FileInputStream.java:279)
	at java.base@11.0.16/java.io.BufferedInputStream.read1(BufferedInputStream.java:290)
	at java.base@11.0.16/java.io.BufferedInputStream.read(BufferedInputStream.java:351)
	at java.base@11.0.16/sun.nio.cs.StreamDecoder.readBytes(StreamDecoder.java:284)
	at java.base@11.0.16/sun.nio.cs.StreamDecoder.implRead(StreamDecoder.java:326)
	at java.base@11.0.16/sun.nio.cs.StreamDecoder.read(StreamDecoder.java:178)
	at java.base@11.0.16/java.io.InputStreamReader.read(InputStreamReader.java:181)
	at java.base@11.0.16/java.io.BufferedReader.fill(BufferedReader.java:161)
	at java.base@11.0.16/java.io.BufferedReader.readLine(BufferedReader.java:326)
	at java.base@11.0.16/java.io.BufferedReader.readLine(BufferedReader.java:392)
	at app//com.gin.mergegfassets.utils.IoUtils.readNumber(IoUtils.java:47)
	at java.base@11.0.16/jdk.internal.reflect.NativeMethodAccessorImpl.invoke0(Native Method)
	at java.base@11.0.16/jdk.internal.reflect.NativeMethodAccessorImpl.invoke(NativeMethodAccessorImpl.java:62)
	at java.base@11.0.16/jdk.internal.reflect.DelegatingMethodAccessorImpl.invoke(DelegatingMethodAccessorImpl.java:43)
	at java.base@11.0.16/java.lang.reflect.Method.invoke(Method.java:566)
	at app//com.gin.mergegfassets.utils.ReflectionUtils.callMethod(ReflectionUtils.java:328)
	at app//com.gin.mergegfassets.utils.IoUtils_readNumber_14021714683.test(IoUtils_readNumber_14021714683.java:42)
	at java.base@11.0.16/jdk.internal.reflect.NativeMethodAccessorImpl.invoke0(Native Method)
	at java.base@11.0.16/jdk.internal.reflect.NativeMethodAccessorImpl.invoke(NativeMethodAccessorImpl.java:62)
	at java.base@11.0.16/jdk.internal.reflect.DelegatingMethodAccessorImpl.invoke(DelegatingMethodAccessorImpl.java:43)
	at java.base@11.0.16/java.lang.reflect.Method.invoke(Method.java:566)
	at app//org.junit.runners.model.FrameworkMethod$1.runReflectiveCall(FrameworkMethod.java:59)
	at app//org.junit.internal.runners.model.ReflectiveCallable.run(ReflectiveCallable.java:12)
	at app//org.junit.runners.model.FrameworkMethod.invokeExplosively(FrameworkMethod.java:56)
	at app//org.junit.internal.runners.statements.InvokeMethod.evaluate(InvokeMethod.java:17)
	at app//org.junit.internal.runners.statements.RunBefores.evaluate(RunBefores.java:26)
	at app//org.junit.internal.runners.statements.FailOnTimeout$CallableStatement.call(FailOnTimeout.java:299)
	at app//org.junit.internal.runners.statements.FailOnTimeout$CallableStatement.call(FailOnTimeout.java:293)
	at java.base@11.0.16/java.util.concurrent.FutureTask.run(FutureTask.java:264)
	at java.base@11.0.16/java.lang.Thread.run(Thread.java:829)

[ERROR] Surefire is going to kill self fork JVM. The exit has elapsed 30 seconds after System.exit(0).
[INFO] Running com.gin.mergegfassets.utils.NumberUtils_init_18798051832
[INFO] Tests run: 1, Failures: 0, Errors: 0, Skipped: 0, Time elapsed: 0.037 s - in com.gin.mergegfassets.utils.NumberUtils_init_18798051832
[INFO] Running com.gin.mergegfassets.utils.FileUtils_moveToDir_191589933112
[ERROR] Tests run: 1, Failures: 0, Errors: 1, Skipped: 0, Time elapsed: 0.042 s <<< FAILURE! - in com.gin.mergegfassets.utils.FileUtils_moveToDir_191589933112
[ERROR] com.gin.mergegfassets.utils.FileUtils_moveToDir_191589933112.test  Time elapsed: 0.027 s  <<< ERROR!
java.lang.NullPointerException
	at com.gin.mergegfassets.utils.FileUtils.moveToDir(FileUtils.java:25)
	at java.base/jdk.internal.reflect.NativeMethodAccessorImpl.invoke0(Native Method)
	at java.base/jdk.internal.reflect.NativeMethodAccessorImpl.invoke(NativeMethodAccessorImpl.java:62)
	at java.base/jdk.internal.reflect.DelegatingMethodAccessorImpl.invoke(DelegatingMethodAccessorImpl.java:43)
	at java.base/java.lang.reflect.Method.invoke(Method.java:566)
	at com.gin.mergegfassets.utils.ReflectionUtils.callMethod(ReflectionUtils.java:328)
	at com.gin.mergegfassets.utils.FileUtils_moveToDir_191589933112.test(FileUtils_moveToDir_191589933112.java:46)
	at java.base/jdk.internal.reflect.NativeMethodAccessorImpl.invoke0(Native Method)
	at java.base/jdk.internal.reflect.NativeMethodAccessorImpl.invoke(NativeMethodAccessorImpl.java:62)
	at java.base/jdk.internal.reflect.DelegatingMethodAccessorImpl.invoke(DelegatingMethodAccessorImpl.java:43)
	at java.base/java.lang.reflect.Method.invoke(Method.java:566)
	at org.junit.runners.model.FrameworkMethod$1.runReflectiveCall(FrameworkMethod.java:59)
	at org.junit.internal.runners.model.ReflectiveCallable.run(ReflectiveCallable.java:12)
	at org.junit.runners.model.FrameworkMethod.invokeExplosively(FrameworkMethod.java:56)
	at org.junit.internal.runners.statements.InvokeMethod.evaluate(InvokeMethod.java:17)
	at org.junit.internal.runners.statements.RunBefores.evaluate(RunBefores.java:26)
	at org.junit.internal.runners.statements.FailOnTimeout$CallableStatement.call(FailOnTimeout.java:299)
	at org.junit.internal.runners.statements.FailOnTimeout$CallableStatement.call(FailOnTimeout.java:293)
	at java.base/java.util.concurrent.FutureTask.run(FutureTask.java:264)
	at java.base/java.lang.Thread.run(Thread.java:829)

[INFO] Running com.gin.mergegfassets.utils.CmdUtils_init_19269724580
[INFO] Tests run: 1, Failures: 0, Errors: 0, Skipped: 0, Time elapsed: 0.032 s - in com.gin.mergegfassets.utils.CmdUtils_init_19269724580
[INFO] Running com.gin.mergegfassets.utils.FileUtils_listFiles_99850795316
[ERROR] Tests run: 1, Failures: 0, Errors: 1, Skipped: 0, Time elapsed: 0.043 s <<< FAILURE! - in com.gin.mergegfassets.utils.FileUtils_listFiles_99850795316
[ERROR] com.gin.mergegfassets.utils.FileUtils_listFiles_99850795316.test  Time elapsed: 0.029 s  <<< ERROR!
java.lang.NullPointerException: dir is marked non-null but is null
	at com.gin.mergegfassets.utils.FileUtils.listFiles(FileUtils.java:78)
	at java.base/jdk.internal.reflect.NativeMethodAccessorImpl.invoke0(Native Method)
	at java.base/jdk.internal.reflect.NativeMethodAccessorImpl.invoke(NativeMethodAccessorImpl.java:62)
	at java.base/jdk.internal.reflect.DelegatingMethodAccessorImpl.invoke(DelegatingMethodAccessorImpl.java:43)
	at java.base/java.lang.reflect.Method.invoke(Method.java:566)
	at com.gin.mergegfassets.utils.ReflectionUtils.callMethod(ReflectionUtils.java:328)
	at com.gin.mergegfassets.utils.FileUtils_listFiles_99850795316.test(FileUtils_listFiles_99850795316.java:44)
	at java.base/jdk.internal.reflect.NativeMethodAccessorImpl.invoke0(Native Method)
	at java.base/jdk.internal.reflect.NativeMethodAccessorImpl.invoke(NativeMethodAccessorImpl.java:62)
	at java.base/jdk.internal.reflect.DelegatingMethodAccessorImpl.invoke(DelegatingMethodAccessorImpl.java:43)
	at java.base/java.lang.reflect.Method.invoke(Method.java:566)
	at org.junit.runners.model.FrameworkMethod$1.runReflectiveCall(FrameworkMethod.java:59)
	at org.junit.internal.runners.model.ReflectiveCallable.run(ReflectiveCallable.java:12)
	at org.junit.runners.model.FrameworkMethod.invokeExplosively(FrameworkMethod.java:56)
	at org.junit.internal.runners.statements.InvokeMethod.evaluate(InvokeMethod.java:17)
	at org.junit.internal.runners.statements.RunBefores.evaluate(RunBefores.java:26)
	at org.junit.internal.runners.statements.FailOnTimeout$CallableStatement.call(FailOnTimeout.java:299)
	at org.junit.internal.runners.statements.FailOnTimeout$CallableStatement.call(FailOnTimeout.java:293)
	at java.base/java.util.concurrent.FutureTask.run(FutureTask.java:264)
	at java.base/java.lang.Thread.run(Thread.java:829)

[INFO] Running com.gin.mergegfassets.MergeGfAssetsApplication_main_13965029311
Loading //app/opencv_java.dll
[ERROR] Tests run: 1, Failures: 0, Errors: 1, Skipped: 0, Time elapsed: 0.053 s <<< FAILURE! - in com.gin.mergegfassets.MergeGfAssetsApplication_main_13965029311
[ERROR] com.gin.mergegfassets.MergeGfAssetsApplication_main_13965029311.test  Time elapsed: 0.037 s  <<< ERROR!
java.lang.UnsatisfiedLinkError: Can't load library: //app/opencv_java.dll
	at java.base/java.lang.ClassLoader.loadLibrary(ClassLoader.java:2633)
	at java.base/java.lang.Runtime.load0(Runtime.java:768)
	at java.base/java.lang.System.load(System.java:1837)
	at com.gin.mergegfassets.script.MergeImage.init(MergeImage.java:104)
	at com.gin.mergegfassets.MergeGfAssetsApplication.main(MergeGfAssetsApplication.java:24)
	at java.base/jdk.internal.reflect.NativeMethodAccessorImpl.invoke0(Native Method)
	at java.base/jdk.internal.reflect.NativeMethodAccessorImpl.invoke(NativeMethodAccessorImpl.java:62)
	at java.base/jdk.internal.reflect.DelegatingMethodAccessorImpl.invoke(DelegatingMethodAccessorImpl.java:43)
	at java.base/java.lang.reflect.Method.invoke(Method.java:566)
	at com.gin.mergegfassets.ReflectionUtils.callMethod(ReflectionUtils.java:328)
	at com.gin.mergegfassets.MergeGfAssetsApplication_main_13965029311.test(MergeGfAssetsApplication_main_13965029311.java:50)
	at java.base/jdk.internal.reflect.NativeMethodAccessorImpl.invoke0(Native Method)
	at java.base/jdk.internal.reflect.NativeMethodAccessorImpl.invoke(NativeMethodAccessorImpl.java:62)
	at java.base/jdk.internal.reflect.DelegatingMethodAccessorImpl.invoke(DelegatingMethodAccessorImpl.java:43)
	at java.base/java.lang.reflect.Method.invoke(Method.java:566)
	at org.junit.runners.model.FrameworkMethod$1.runReflectiveCall(FrameworkMethod.java:59)
	at org.junit.internal.runners.model.ReflectiveCallable.run(ReflectiveCallable.java:12)
	at org.junit.runners.model.FrameworkMethod.invokeExplosively(FrameworkMethod.java:56)
	at org.junit.internal.runners.statements.InvokeMethod.evaluate(InvokeMethod.java:17)
	at org.junit.internal.runners.statements.RunBefores.evaluate(RunBefores.java:26)
	at org.junit.internal.runners.statements.FailOnTimeout$CallableStatement.call(FailOnTimeout.java:299)
	at org.junit.internal.runners.statements.FailOnTimeout$CallableStatement.call(FailOnTimeout.java:293)
	at java.base/java.util.concurrent.FutureTask.run(FutureTask.java:264)
	at java.base/java.lang.Thread.run(Thread.java:829)

[INFO] 
[INFO] Results:
[INFO] 
[ERROR] Errors: 
[ERROR]   MergeGfAssetsApplication_main_13965029311.test:50 » UnsatisfiedLink Can't load library: //app/opencv_java.dll
[ERROR]   MergeGfAssetsApplication_main_13965029313.test:44 » UnsatisfiedLink Can't load library: //app/opencv_java.dll
[ERROR]   AssetFilePair_hashCode_8729225347.test:195 » NullPointer
[ERROR]   AssetFile_getRelativePath_6513622933.test:53 » NullPointer
[ERROR]   AssetFile_init_7428909530.test:54 » InvocationTarget
[ERROR]   AssetFile_init_74289095332.test:42 » InvocationTarget
[ERROR]   AssetFile_matchPair_78155806834.test:55 » NullPointer
[ERROR]   AssetFile_similar_121031625635.test:55 » NullPointer
[ERROR]   AssetFile_toFilename_13551353636.test:53 » NullPointer
[ERROR]   AssetFile_toFormatName_59335509937.test:53 » NullPointer
[ERROR]   Config_init_16539171370.test:40 » TestTimedOut test timed out after 10 seconds
[ERROR]   Config_init_165391713712.test:45 » TestTimedOut test timed out after 10 seconds
[ERROR]   Config_init_165391713713.test:45 » TestTimedOut test timed out after 10 seconds
[ERROR]   CmdUtils_explorerSelect_21343869922.test:42 » IO Cannot run program "Explorer.exe": error=2, No such file or directory
[ERROR]   CmdUtils_explorerSelect_21343869925.test:44 » IO Cannot run program "Explorer.exe": error=2, No such file or directory
[ERROR]   FileUtils_copyFile_166993755519.test:46 » NullPointer
[ERROR]   FileUtils_copyFile_16699375558.test:66 » NullPointer
[ERROR]   FileUtils_copyToDir_116183695918.test:46 » NullPointer
[ERROR]   FileUtils_copyToDir_11618369597.test:66 » NoSuchFile pCTimMblYc
[ERROR]   FileUtils_deleteFileWithKeyword_65976072715.test:46 » NullPointer
[ERROR]   FileUtils_hasKeywords_19282929814.test:46 » NullPointer
[ERROR]   FileUtils_listAllFilesWithTimeCost_111602596221.test:44 » NullPointer
[ERROR]   FileUtils_listFiles_99850795316.test:44 » NullPointer dir is marked non-null but is null
[ERROR]   FileUtils_listFiles_9985079535.test:54 » NullPointer
[ERROR]   FileUtils_moveToDir_19158993311.test:62 » StringIndexOutOfBounds String index out of range: -1484323151
[ERROR]   FileUtils_moveToDir_191589933112.test:46 » NullPointer
[ERROR]   FileUtils_move_189627157113.test:46 » NullPointer
[ERROR]   FileUtils_move_18962715712.test:62 » StringIndexOutOfBounds begin 0, end -1, length 10
[ERROR]   FileUtils_removeDir_64099383517.test:44 » NullPointer dir is marked non-null but is null
[ERROR]   IoUtils_readAssetPath_6929968921.test:40 » TestTimedOut test timed out after 10 seconds
[ERROR]   IoUtils_readAssetPath_6929968926.test:42 » TestTimedOut test timed out after 10 seconds
[ERROR]   IoUtils_readCommand_4940487604.test:44 » TestTimedOut test timed out after 10 seconds
[ERROR]   IoUtils_readCommand_4940487609.test:46 » TestTimedOut test timed out after 10 seconds
[ERROR]   IoUtils_readNumber_14021714683.test:42 » TestTimedOut test timed out after 10 seconds
[ERROR]   IoUtils_readNumber_14021714688.test:44 » TestTimedOut test timed out after 10 seconds
[ERROR]   IoUtils_readOutputPath_15664863752.test:40 » TestTimedOut test timed out after 10 seconds
[ERROR]   IoUtils_readOutputPath_15664863757.test:42 » TestTimedOut test timed out after 10 seconds
[ERROR]   JsonUtils_readFromFile_10280858832.test:54 » FileNotFound Invalid file path
[ERROR]   JsonUtils_readFromFile_10280858835.test:44 » NullPointer
[ERROR]   JsonUtils_writeToFile_21449376411.test:58 » FileNotFound Invalid file path
[ERROR]   JsonUtils_writeToFile_21449376414.test:46 » NullPointer
[INFO] 
[ERROR] Tests run: 178, Failures: 0, Errors: 41, Skipped: 0
[INFO] 
[ERROR] 

Please refer to /app/target/surefire-reports for the individual test results.
Please refer to dump files (if any exist) [date].dump, [date]-jvmRun[N].dump and [date].dumpstream.
[INFO] 
[INFO] --- jacoco-maven-plugin:0.8.11:report (report) @ merge-gf-assets ---
[INFO] Loading execution data file /app/target/jacoco.exec
[INFO] Analyzed bundle 'merge-gf-assets' with 15 classes
[INFO] 
[INFO] --- jacoco-maven-plugin:0.8.11:report (default-cli) @ merge-gf-assets ---
[INFO] Loading execution data file /app/target/jacoco.exec
[INFO] Analyzed bundle 'merge-gf-assets' with 15 classes
[INFO] ------------------------------------------------------------------------
[INFO] BUILD SUCCESS
[INFO] ------------------------------------------------------------------------
[INFO] Total time:  09:36 min
[INFO] Finished at: 2026-04-08T06:03:23Z
[INFO] ------------------------------------------------------------------------
