[INFO] Scanning for projects...
[INFO] 
[INFO] ----------------< io.pivotal.workshop:spring-boot-tdd >-----------------
[INFO] Building spring-boot-tdd 0.0.1-SNAPSHOT
[INFO] --------------------------------[ jar ]---------------------------------
[INFO] 
[INFO] --- maven-clean-plugin:3.1.0:clean (default-clean) @ spring-boot-tdd ---
[INFO] 
[INFO] --- jacoco-maven-plugin:0.8.11:prepare-agent (default) @ spring-boot-tdd ---
[INFO] argLine set to -javaagent:/root/.m2/repository/org/jacoco/org.jacoco.agent/0.8.11/org.jacoco.agent-0.8.11-runtime.jar=destfile=/app/target/jacoco.exec
[INFO] 
[INFO] --- maven-resources-plugin:3.1.0:resources (default-resources) @ spring-boot-tdd ---
[INFO] Using 'UTF-8' encoding to copy filtered resources.
[INFO] Copying 1 resource
[INFO] Copying 0 resource
[INFO] 
[INFO] --- maven-compiler-plugin:3.8.1:compile (default-compile) @ spring-boot-tdd ---
[INFO] Changes detected - recompiling the module!
[INFO] Compiling 7 source files to /app/target/classes
[INFO] 
[INFO] --- build-helper-maven-plugin:3.3.0:add-test-source (add-kex-test-source) @ spring-boot-tdd ---
[INFO] Test Source directory: /app/src/test/java/kex-tests added.
[INFO] 
[INFO] --- maven-resources-plugin:3.1.0:testResources (default-testResources) @ spring-boot-tdd ---
[INFO] Using 'UTF-8' encoding to copy filtered resources.
[INFO] skip non existing resourceDirectory /app/src/test/resources
[INFO] 
[INFO] --- maven-compiler-plugin:3.8.1:testCompile (default-testCompile) @ spring-boot-tdd ---
[INFO] Changes detected - recompiling the module!
[INFO] Compiling 36 source files to /app/target/test-classes
[WARNING] /app/src/test/java/kex-tests/tests/io/pivotal/workshop/ReflectionUtils.java:[9,16] sun.misc.Unsafe is internal proprietary API and may be removed in a future release
[WARNING] /app/src/test/java/kex-tests/tests/io/pivotal/workshop/ReflectionUtils.java:[13,25] sun.misc.Unsafe is internal proprietary API and may be removed in a future release
[WARNING] /app/src/test/java/kex-tests/tests/io/pivotal/workshop/ReflectionUtils.java:[17,31] sun.misc.Unsafe is internal proprietary API and may be removed in a future release
[WARNING] /app/src/test/java/kex-tests/tests/io/pivotal/workshop/ReflectionUtils.java:[19,23] sun.misc.Unsafe is internal proprietary API and may be removed in a future release
[INFO] /app/src/test/java/kex-tests/tests/io/pivotal/workshop/Car_equals_18870536867.java: Some input files use or override a deprecated API.
[INFO] /app/src/test/java/kex-tests/tests/io/pivotal/workshop/Car_equals_18870536867.java: Recompile with -Xlint:deprecation for details.
[INFO] 
[INFO] --- maven-surefire-plugin:2.22.2:test (default-test) @ spring-boot-tdd ---
[INFO] 
[INFO] -------------------------------------------------------
[INFO]  T E S T S
[INFO] -------------------------------------------------------
05:45:39.682 [main] INFO org.evosuite.runtime.agent.AgentLoader - dynamically loading javaagent
05:45:39.698 [main] INFO org.evosuite.runtime.agent.AgentLoader - Using JavaAgent in /root/.m2/repository/org/evosuite/evosuite-standalone-runtime/1.1.0/evosuite-standalone-runtime-1.1.0.jar
05:45:39.707 [main] INFO org.evosuite.runtime.agent.AgentLoader - Classpath: /app/target/test-classes:/app/target/classes:/root/.m2/repository/junit/junit/4.13.2/junit-4.13.2.jar:/root/.m2/repository/org/hamcrest/hamcrest-core/2.2/hamcrest-core-2.2.jar:/root/.m2/repository/org/junit/vintage/junit-vintage-engine/5.10.0/junit-vintage-engine-5.10.0.jar:/root/.m2/repository/org/junit/platform/junit-platform-engine/1.6.2/junit-platform-engine-1.6.2.jar:/root/.m2/repository/org/opentest4j/opentest4j/1.2.0/opentest4j-1.2.0.jar:/root/.m2/repository/org/junit/platform/junit-platform-commons/1.6.2/junit-platform-commons-1.6.2.jar:/root/.m2/repository/org/apiguardian/apiguardian-api/1.1.2/apiguardian-api-1.1.2.jar:/root/.m2/repository/org/evosuite/evosuite-standalone-runtime/1.1.0/evosuite-standalone-runtime-1.1.0.jar:/root/.m2/repository/org/springframework/boot/spring-boot-starter-actuator/2.3.1.RELEASE/spring-boot-starter-actuator-2.3.1.RELEASE.jar:/root/.m2/repository/org/springframework/boot/spring-boot-starter/2.3.1.RELEASE/spring-boot-starter-2.3.1.RELEASE.jar:/root/.m2/repository/org/springframework/boot/spring-boot/2.3.1.RELEASE/spring-boot-2.3.1.RELEASE.jar:/root/.m2/repository/org/springframework/boot/spring-boot-autoconfigure/2.3.1.RELEASE/spring-boot-autoconfigure-2.3.1.RELEASE.jar:/root/.m2/repository/org/springframework/boot/spring-boot-starter-logging/2.3.1.RELEASE/spring-boot-starter-logging-2.3.1.RELEASE.jar:/root/.m2/repository/ch/qos/logback/logback-classic/1.2.3/logback-classic-1.2.3.jar:/root/.m2/repository/ch/qos/logback/logback-core/1.2.3/logback-core-1.2.3.jar:/root/.m2/repository/org/apache/logging/log4j/log4j-to-slf4j/2.13.3/log4j-to-slf4j-2.13.3.jar:/root/.m2/repository/org/apache/logging/log4j/log4j-api/2.13.3/log4j-api-2.13.3.jar:/root/.m2/repository/org/slf4j/jul-to-slf4j/1.7.30/jul-to-slf4j-1.7.30.jar:/root/.m2/repository/jakarta/annotation/jakarta.annotation-api/1.3.5/jakarta.annotation-api-1.3.5.jar:/root/.m2/repository/org/yaml/snakeyaml/1.26/snakeyaml-1.26.jar:/root/.m2/repository/org/springframework/boot/spring-boot-actuator-autoconfigure/2.3.1.RELEASE/spring-boot-actuator-autoconfigure-2.3.1.RELEASE.jar:/root/.m2/repository/org/springframework/boot/spring-boot-actuator/2.3.1.RELEASE/spring-boot-actuator-2.3.1.RELEASE.jar:/root/.m2/repository/com/fasterxml/jackson/core/jackson-databind/2.11.0/jackson-databind-2.11.0.jar:/root/.m2/repository/com/fasterxml/jackson/core/jackson-annotations/2.11.0/jackson-annotations-2.11.0.jar:/root/.m2/repository/com/fasterxml/jackson/core/jackson-core/2.11.0/jackson-core-2.11.0.jar:/root/.m2/repository/com/fasterxml/jackson/datatype/jackson-datatype-jsr310/2.11.0/jackson-datatype-jsr310-2.11.0.jar:/root/.m2/repository/io/micrometer/micrometer-core/1.5.1/micrometer-core-1.5.1.jar:/root/.m2/repository/org/hdrhistogram/HdrHistogram/2.1.12/HdrHistogram-2.1.12.jar:/root/.m2/repository/org/latencyutils/LatencyUtils/2.0.3/LatencyUtils-2.0.3.jar:/root/.m2/repository/org/springframework/boot/spring-boot-starter-web/2.3.1.RELEASE/spring-boot-starter-web-2.3.1.RELEASE.jar:/root/.m2/repository/org/springframework/boot/spring-boot-starter-json/2.3.1.RELEASE/spring-boot-starter-json-2.3.1.RELEASE.jar:/root/.m2/repository/com/fasterxml/jackson/datatype/jackson-datatype-jdk8/2.11.0/jackson-datatype-jdk8-2.11.0.jar:/root/.m2/repository/com/fasterxml/jackson/module/jackson-module-parameter-names/2.11.0/jackson-module-parameter-names-2.11.0.jar:/root/.m2/repository/org/springframework/boot/spring-boot-starter-tomcat/2.3.1.RELEASE/spring-boot-starter-tomcat-2.3.1.RELEASE.jar:/root/.m2/repository/org/apache/tomcat/embed/tomcat-embed-core/9.0.36/tomcat-embed-core-9.0.36.jar:/root/.m2/repository/org/glassfish/jakarta.el/3.0.3/jakarta.el-3.0.3.jar:/root/.m2/repository/org/apache/tomcat/embed/tomcat-embed-websocket/9.0.36/tomcat-embed-websocket-9.0.36.jar:/root/.m2/repository/org/springframework/spring-web/5.2.7.RELEASE/spring-web-5.2.7.RELEASE.jar:/root/.m2/repository/org/springframework/spring-beans/5.2.7.RELEASE/spring-beans-5.2.7.RELEASE.jar:/root/.m2/repository/org/springframework/spring-webmvc/5.2.7.RELEASE/spring-webmvc-5.2.7.RELEASE.jar:/root/.m2/repository/org/springframework/spring-aop/5.2.7.RELEASE/spring-aop-5.2.7.RELEASE.jar:/root/.m2/repository/org/springframework/spring-context/5.2.7.RELEASE/spring-context-5.2.7.RELEASE.jar:/root/.m2/repository/org/springframework/spring-expression/5.2.7.RELEASE/spring-expression-5.2.7.RELEASE.jar:/root/.m2/repository/org/springframework/boot/spring-boot-starter-data-jpa/2.3.1.RELEASE/spring-boot-starter-data-jpa-2.3.1.RELEASE.jar:/root/.m2/repository/org/springframework/boot/spring-boot-starter-aop/2.3.1.RELEASE/spring-boot-starter-aop-2.3.1.RELEASE.jar:/root/.m2/repository/org/aspectj/aspectjweaver/1.9.5/aspectjweaver-1.9.5.jar:/root/.m2/repository/org/springframework/boot/spring-boot-starter-jdbc/2.3.1.RELEASE/spring-boot-starter-jdbc-2.3.1.RELEASE.jar:/root/.m2/repository/com/zaxxer/HikariCP/3.4.5/HikariCP-3.4.5.jar:/root/.m2/repository/org/springframework/spring-jdbc/5.2.7.RELEASE/spring-jdbc-5.2.7.RELEASE.jar:/root/.m2/repository/jakarta/transaction/jakarta.transaction-api/1.3.3/jakarta.transaction-api-1.3.3.jar:/root/.m2/repository/jakarta/persistence/jakarta.persistence-api/2.2.3/jakarta.persistence-api-2.2.3.jar:/root/.m2/repository/org/hibernate/hibernate-core/5.4.17.Final/hibernate-core-5.4.17.Final.jar:/root/.m2/repository/org/jboss/logging/jboss-logging/3.4.1.Final/jboss-logging-3.4.1.Final.jar:/root/.m2/repository/org/javassist/javassist/3.24.0-GA/javassist-3.24.0-GA.jar:/root/.m2/repository/net/bytebuddy/byte-buddy/1.10.11/byte-buddy-1.10.11.jar:/root/.m2/repository/antlr/antlr/2.7.7/antlr-2.7.7.jar:/root/.m2/repository/org/jboss/jandex/2.1.3.Final/jandex-2.1.3.Final.jar:/root/.m2/repository/com/fasterxml/classmate/1.5.1/classmate-1.5.1.jar:/root/.m2/repository/org/dom4j/dom4j/2.1.3/dom4j-2.1.3.jar:/root/.m2/repository/org/hibernate/common/hibernate-commons-annotations/5.1.0.Final/hibernate-commons-annotations-5.1.0.Final.jar:/root/.m2/repository/org/glassfish/jaxb/jaxb-runtime/2.3.3/jaxb-runtime-2.3.3.jar:/root/.m2/repository/org/glassfish/jaxb/txw2/2.3.3/txw2-2.3.3.jar:/root/.m2/repository/com/sun/istack/istack-commons-runtime/3.0.11/istack-commons-runtime-3.0.11.jar:/root/.m2/repository/com/sun/activation/jakarta.activation/1.2.2/jakarta.activation-1.2.2.jar:/root/.m2/repository/org/springframework/data/spring-data-jpa/2.3.1.RELEASE/spring-data-jpa-2.3.1.RELEASE.jar:/root/.m2/repository/org/springframework/data/spring-data-commons/2.3.1.RELEASE/spring-data-commons-2.3.1.RELEASE.jar:/root/.m2/repository/org/springframework/spring-orm/5.2.7.RELEASE/spring-orm-5.2.7.RELEASE.jar:/root/.m2/repository/org/springframework/spring-tx/5.2.7.RELEASE/spring-tx-5.2.7.RELEASE.jar:/root/.m2/repository/org/slf4j/slf4j-api/1.7.30/slf4j-api-1.7.30.jar:/root/.m2/repository/org/springframework/spring-aspects/5.2.7.RELEASE/spring-aspects-5.2.7.RELEASE.jar:/root/.m2/repository/com/h2database/h2/1.4.200/h2-1.4.200.jar:/root/.m2/repository/org/springframework/boot/spring-boot-starter-test/2.3.1.RELEASE/spring-boot-starter-test-2.3.1.RELEASE.jar:/root/.m2/repository/org/springframework/boot/spring-boot-test/2.3.1.RELEASE/spring-boot-test-2.3.1.RELEASE.jar:/root/.m2/repository/org/springframework/boot/spring-boot-test-autoconfigure/2.3.1.RELEASE/spring-boot-test-autoconfigure-2.3.1.RELEASE.jar:/root/.m2/repository/com/jayway/jsonpath/json-path/2.4.0/json-path-2.4.0.jar:/root/.m2/repository/net/minidev/json-smart/2.3/json-smart-2.3.jar:/root/.m2/repository/net/minidev/accessors-smart/1.2/accessors-smart-1.2.jar:/root/.m2/repository/org/ow2/asm/asm/5.0.4/asm-5.0.4.jar:/root/.m2/repository/jakarta/xml/bind/jakarta.xml.bind-api/2.3.3/jakarta.xml.bind-api-2.3.3.jar:/root/.m2/repository/jakarta/activation/jakarta.activation-api/1.2.2/jakarta.activation-api-1.2.2.jar:/root/.m2/repository/org/assertj/assertj-core/3.16.1/assertj-core-3.16.1.jar:/root/.m2/repository/org/hamcrest/hamcrest/2.2/hamcrest-2.2.jar:/root/.m2/repository/org/junit/jupiter/junit-jupiter/5.6.2/junit-jupiter-5.6.2.jar:/root/.m2/repository/org/junit/jupiter/junit-jupiter-api/5.6.2/junit-jupiter-api-5.6.2.jar:/root/.m2/repository/org/junit/jupiter/junit-jupiter-params/5.6.2/junit-jupiter-params-5.6.2.jar:/root/.m2/repository/org/junit/jupiter/junit-jupiter-engine/5.6.2/junit-jupiter-engine-5.6.2.jar:/root/.m2/repository/org/mockito/mockito-core/3.3.3/mockito-core-3.3.3.jar:/root/.m2/repository/net/bytebuddy/byte-buddy-agent/1.10.11/byte-buddy-agent-1.10.11.jar:/root/.m2/repository/org/objenesis/objenesis/2.6/objenesis-2.6.jar:/root/.m2/repository/org/mockito/mockito-junit-jupiter/3.3.3/mockito-junit-jupiter-3.3.3.jar:/root/.m2/repository/org/skyscreamer/jsonassert/1.5.0/jsonassert-1.5.0.jar:/root/.m2/repository/com/vaadin/external/google/android-json/0.0.20131108.vaadin1/android-json-0.0.20131108.vaadin1.jar:/root/.m2/repository/org/springframework/spring-core/5.2.7.RELEASE/spring-core-5.2.7.RELEASE.jar:/root/.m2/repository/org/springframework/spring-jcl/5.2.7.RELEASE/spring-jcl-5.2.7.RELEASE.jar:/root/.m2/repository/org/springframework/spring-test/5.2.7.RELEASE/spring-test-5.2.7.RELEASE.jar:/root/.m2/repository/org/xmlunit/xmlunit-core/2.7.0/xmlunit-core-2.7.0.jar:
05:45:39.707 [main] INFO org.evosuite.runtime.agent.AgentLoader - Going to attach agent to process 69
05:45:39.941 [Attach Listener] INFO org.evosuite.runtime.agent.InstrumentingAgent - Executing agentmain of JavaAgent
[INFO] Running io.pivotal.workshop.Car_init_19498117010
[INFO] Tests run: 1, Failures: 0, Errors: 0, Skipped: 0, Time elapsed: 0.016 s - in io.pivotal.workshop.Car_init_19498117010
[INFO] Running io.pivotal.workshop.CarNotFoundException_init_4702651561
[INFO] Tests run: 1, Failures: 0, Errors: 0, Skipped: 0, Time elapsed: 0 s - in io.pivotal.workshop.CarNotFoundException_init_4702651561
[INFO] Running io.pivotal.workshop.SpringBootTddApplication_init_13737802370
[INFO] Tests run: 1, Failures: 0, Errors: 0, Skipped: 0, Time elapsed: 0 s - in io.pivotal.workshop.SpringBootTddApplication_init_13737802370
[INFO] Running io.pivotal.workshop.Car_setName_15157261505
[INFO] Tests run: 1, Failures: 0, Errors: 0, Skipped: 0, Time elapsed: 0 s - in io.pivotal.workshop.Car_setName_15157261505
[INFO] Running io.pivotal.workshop.Car_init_18840590082
[INFO] Tests run: 1, Failures: 0, Errors: 0, Skipped: 0, Time elapsed: 0 s - in io.pivotal.workshop.Car_init_18840590082
[INFO] Running io.pivotal.workshop.SpringBootTddApplication_ESTest
05:45:40.237 [main] DEBUG org.evosuite.runtime.sandbox.MSecurityManager - Adding privileged thread: "Reference Handler"
05:45:40.237 [main] DEBUG org.evosuite.runtime.sandbox.MSecurityManager - Adding privileged thread: "Finalizer"
05:45:40.237 [main] DEBUG org.evosuite.runtime.sandbox.MSecurityManager - Adding privileged thread: "Signal Dispatcher"
05:45:40.237 [main] DEBUG org.evosuite.runtime.sandbox.MSecurityManager - Adding privileged thread: "process reaper"
05:45:40.237 [main] DEBUG org.evosuite.runtime.sandbox.MSecurityManager - Adding privileged thread: "Attach Listener"
05:45:40.237 [main] DEBUG org.evosuite.runtime.sandbox.MSecurityManager - Adding privileged thread: "Java2D Disposer"
05:45:40.237 [main] DEBUG org.evosuite.runtime.sandbox.MSecurityManager - Adding privileged thread: "main"
05:45:40.237 [main] DEBUG org.evosuite.runtime.sandbox.MSecurityManager - Adding privileged thread: "surefire-forkedjvm-command-thread"
05:45:40.237 [main] DEBUG org.evosuite.runtime.sandbox.MSecurityManager - Adding privileged thread: "surefire-forkedjvm-ping-30s"
05:45:40.237 [main] DEBUG org.evosuite.runtime.sandbox.MSecurityManager - Adding privileged thread: "Common-Cleaner"
05:45:40.265 [main] DEBUG org.evosuite.runtime.agent.TransformerForTests - Going to instrument: org.springframework.core.convert.support.ObjectToStringConverter
05:45:40.296 [main] INFO org.evosuite.runtime.instrumentation.MethodCallReplacementClassAdapter - Adding mock interface to class org/springframework/core/convert/support/ObjectToStringConverter
05:45:40.388 [main] INFO org.evosuite.runtime.instrumentation.CreateClassResetClassAdapter - Creating brand-new static initializer in class org/springframework/core/convert/support/ObjectToStringConverter
05:45:40.390 [main] DEBUG org.evosuite.runtime.agent.TransformerForTests - Going to instrument: org.springframework.core.convert.converter.Converter
05:45:40.391 [main] DEBUG org.evosuite.runtime.agent.TransformerForTests - Going to instrument: org.springframework.core.io.DescriptiveResource
05:45:40.392 [main] INFO org.evosuite.runtime.instrumentation.MethodCallReplacementClassAdapter - Adding mock interface to class org/springframework/core/io/DescriptiveResource
05:45:40.394 [main] INFO org.evosuite.runtime.instrumentation.CreateClassResetClassAdapter - Creating brand-new static initializer in class org/springframework/core/io/DescriptiveResource
05:45:40.396 [main] DEBUG org.evosuite.runtime.agent.TransformerForTests - Going to instrument: org.springframework.core.io.AbstractResource
05:45:40.398 [main] INFO org.evosuite.runtime.instrumentation.MethodCallReplacementClassAdapter - Adding mock interface to class org/springframework/core/io/AbstractResource
05:45:40.403 [main] INFO org.evosuite.runtime.instrumentation.CreateClassResetClassAdapter - Creating brand-new static initializer in class org/springframework/core/io/AbstractResource
05:45:40.404 [main] DEBUG org.evosuite.runtime.agent.TransformerForTests - Going to instrument: org.springframework.core.io.Resource
05:45:40.406 [main] DEBUG org.evosuite.runtime.agent.TransformerForTests - Going to instrument: org.springframework.core.io.InputStreamSource
05:45:40.408 [main] DEBUG org.evosuite.runtime.agent.TransformerForTests - Going to instrument: org.springframework.core.NestedIOException
05:45:40.408 [main] INFO org.evosuite.runtime.instrumentation.MethodCallReplacementClassAdapter - Adding mock interface to class org/springframework/core/NestedIOException
05:45:40.409 [main] INFO org.evosuite.runtime.instrumentation.CreateClassResetClassAdapter - Found static initializer in class org/springframework/core/NestedIOException
05:45:40.411 [main] DEBUG org.evosuite.runtime.agent.TransformerForTests - Going to instrument: org.yaml.snakeyaml.nodes.SequenceNode
05:45:40.412 [main] INFO org.evosuite.runtime.instrumentation.MethodCallReplacementClassAdapter - Adding mock interface to class org/yaml/snakeyaml/nodes/SequenceNode
05:45:40.417 [main] INFO org.evosuite.runtime.instrumentation.CreateClassResetClassAdapter - Creating brand-new static initializer in class org/yaml/snakeyaml/nodes/SequenceNode
05:45:40.417 [main] DEBUG org.evosuite.runtime.agent.TransformerForTests - Going to instrument: org.yaml.snakeyaml.nodes.CollectionNode
05:45:40.418 [main] INFO org.evosuite.runtime.instrumentation.MethodCallReplacementClassAdapter - Adding mock interface to class org/yaml/snakeyaml/nodes/CollectionNode
05:45:40.421 [main] INFO org.evosuite.runtime.instrumentation.CreateClassResetClassAdapter - Creating brand-new static initializer in class org/yaml/snakeyaml/nodes/CollectionNode
05:45:40.421 [main] DEBUG org.evosuite.runtime.agent.TransformerForTests - Going to instrument: org.yaml.snakeyaml.nodes.Node
05:45:40.422 [main] INFO org.evosuite.runtime.instrumentation.MethodCallReplacementClassAdapter - Adding mock interface to class org/yaml/snakeyaml/nodes/Node
05:45:40.426 [main] INFO org.evosuite.runtime.instrumentation.CreateClassResetClassAdapter - Creating brand-new static initializer in class org/yaml/snakeyaml/nodes/Node
05:45:40.427 [main] DEBUG org.evosuite.runtime.agent.TransformerForTests - Going to instrument: org.springframework.boot.SpringBootBanner
05:45:40.428 [main] INFO org.evosuite.runtime.instrumentation.MethodCallReplacementClassAdapter - Adding mock interface to class org/springframework/boot/SpringBootBanner
05:45:40.429 [main] INFO org.evosuite.runtime.instrumentation.CreateClassResetClassAdapter - Found static initializer in class org/springframework/boot/SpringBootBanner
05:45:40.430 [main] DEBUG org.evosuite.runtime.agent.TransformerForTests - Going to instrument: org.springframework.boot.Banner
05:45:40.431 [main] DEBUG org.evosuite.runtime.agent.TransformerForTests - Going to instrument: org.springframework.core.env.PropertySource$ComparisonPropertySource
05:45:40.432 [main] INFO org.evosuite.runtime.instrumentation.MethodCallReplacementClassAdapter - Adding mock interface to class org/springframework/core/env/PropertySource$ComparisonPropertySource
05:45:40.432 [main] INFO org.evosuite.runtime.instrumentation.CreateClassResetClassAdapter - Creating brand-new static initializer in class org/springframework/core/env/PropertySource$ComparisonPropertySource
05:45:40.432 [main] INFO org.evosuite.runtime.instrumentation.CreateClassResetClassAdapter - Adding bytecode for initializing field USAGE_ERROR
05:45:40.433 [main] DEBUG org.evosuite.runtime.agent.TransformerForTests - Going to instrument: org.springframework.core.env.PropertySource$StubPropertySource
05:45:40.433 [main] INFO org.evosuite.runtime.instrumentation.MethodCallReplacementClassAdapter - Adding mock interface to class org/springframework/core/env/PropertySource$StubPropertySource
05:45:40.438 [main] INFO org.evosuite.runtime.instrumentation.CreateClassResetClassAdapter - Creating brand-new static initializer in class org/springframework/core/env/PropertySource$StubPropertySource
05:45:40.440 [main] DEBUG org.evosuite.runtime.agent.TransformerForTests - Going to instrument: org.springframework.core.env.PropertySource
05:45:40.441 [main] INFO org.evosuite.runtime.instrumentation.MethodCallReplacementClassAdapter - Adding mock interface to class org/springframework/core/env/PropertySource
05:45:40.443 [main] INFO org.evosuite.runtime.instrumentation.CreateClassResetClassAdapter - Creating brand-new static initializer in class org/springframework/core/env/PropertySource
05:45:40.444 [main] DEBUG org.evosuite.runtime.agent.TransformerForTests - Going to instrument: org.springframework.boot.autoconfigure.r2dbc.ConnectionFactoryBeanCreationFailureAnalyzer
05:45:40.445 [main] INFO org.evosuite.runtime.instrumentation.MethodCallReplacementClassAdapter - Adding mock interface to class org/springframework/boot/autoconfigure/r2dbc/ConnectionFactoryBeanCreationFailureAnalyzer
05:45:40.447 [main] INFO org.evosuite.runtime.instrumentation.CreateClassResetClassAdapter - Creating brand-new static initializer in class org/springframework/boot/autoconfigure/r2dbc/ConnectionFactoryBeanCreationFailureAnalyzer
05:45:40.447 [main] DEBUG org.evosuite.runtime.agent.TransformerForTests - Going to instrument: org.springframework.context.EnvironmentAware
05:45:40.448 [main] DEBUG org.evosuite.runtime.agent.TransformerForTests - Going to instrument: org.springframework.beans.factory.Aware
05:45:40.449 [main] DEBUG org.evosuite.runtime.agent.TransformerForTests - Going to instrument: org.springframework.boot.diagnostics.AbstractFailureAnalyzer
05:45:40.449 [main] INFO org.evosuite.runtime.instrumentation.MethodCallReplacementClassAdapter - Adding mock interface to class org/springframework/boot/diagnostics/AbstractFailureAnalyzer
05:45:40.449 [main] INFO org.evosuite.runtime.instrumentation.CreateClassResetClassAdapter - Creating brand-new static initializer in class org/springframework/boot/diagnostics/AbstractFailureAnalyzer
05:45:40.450 [main] DEBUG org.evosuite.runtime.agent.TransformerForTests - Going to instrument: org.springframework.boot.diagnostics.FailureAnalyzer
05:45:40.450 [main] DEBUG org.evosuite.runtime.agent.TransformerForTests - Going to instrument: org.springframework.boot.autoconfigure.r2dbc.ConnectionFactoryBuilder$ConnectionFactoryBeanCreationException
05:45:40.451 [main] INFO org.evosuite.runtime.instrumentation.MethodCallReplacementClassAdapter - Adding mock interface to class org/springframework/boot/autoconfigure/r2dbc/ConnectionFactoryBuilder$ConnectionFactoryBeanCreationException
05:45:40.451 [main] INFO org.evosuite.runtime.instrumentation.CreateClassResetClassAdapter - Creating brand-new static initializer in class org/springframework/boot/autoconfigure/r2dbc/ConnectionFactoryBuilder$ConnectionFactoryBeanCreationException
05:45:40.452 [main] DEBUG org.evosuite.runtime.agent.TransformerForTests - Going to instrument: org.springframework.beans.factory.BeanCreationException
05:45:40.452 [main] INFO org.evosuite.runtime.instrumentation.MethodCallReplacementClassAdapter - Adding mock interface to class org/springframework/beans/factory/BeanCreationException
05:45:40.455 [main] INFO org.evosuite.runtime.instrumentation.CreateClassResetClassAdapter - Creating brand-new static initializer in class org/springframework/beans/factory/BeanCreationException
05:45:40.456 [main] DEBUG org.evosuite.runtime.agent.TransformerForTests - Going to instrument: org.springframework.beans.FatalBeanException
05:45:40.456 [main] INFO org.evosuite.runtime.instrumentation.MethodCallReplacementClassAdapter - Adding mock interface to class org/springframework/beans/FatalBeanException
05:45:40.457 [main] INFO org.evosuite.runtime.instrumentation.CreateClassResetClassAdapter - Creating brand-new static initializer in class org/springframework/beans/FatalBeanException
05:45:40.457 [main] DEBUG org.evosuite.runtime.agent.TransformerForTests - Going to instrument: org.springframework.beans.BeansException
05:45:40.457 [main] INFO org.evosuite.runtime.instrumentation.MethodCallReplacementClassAdapter - Adding mock interface to class org/springframework/beans/BeansException
05:45:40.458 [main] INFO org.evosuite.runtime.instrumentation.CreateClassResetClassAdapter - Creating brand-new static initializer in class org/springframework/beans/BeansException
05:45:40.458 [main] DEBUG org.evosuite.runtime.agent.TransformerForTests - Going to instrument: org.springframework.core.NestedRuntimeException
05:45:40.459 [main] INFO org.evosuite.runtime.instrumentation.MethodCallReplacementClassAdapter - Adding mock interface to class org/springframework/core/NestedRuntimeException
05:45:40.461 [main] INFO org.evosuite.runtime.instrumentation.CreateClassResetClassAdapter - Found static initializer in class org/springframework/core/NestedRuntimeException
05:45:40.462 [main] DEBUG org.evosuite.runtime.agent.TransformerForTests - Going to instrument: org.springframework.beans.factory.support.BeanDefinitionDefaults
05:45:40.462 [main] INFO org.evosuite.runtime.instrumentation.MethodCallReplacementClassAdapter - Adding mock interface to class org/springframework/beans/factory/support/BeanDefinitionDefaults
05:45:40.463 [main] INFO org.evosuite.runtime.instrumentation.CreateClassResetClassAdapter - Creating brand-new static initializer in class org/springframework/beans/factory/support/BeanDefinitionDefaults
05:45:40.465 [main] DEBUG org.evosuite.runtime.agent.TransformerForTests - Going to instrument: org.springframework.context.ApplicationContextException
05:45:40.465 [main] INFO org.evosuite.runtime.instrumentation.MethodCallReplacementClassAdapter - Adding mock interface to class org/springframework/context/ApplicationContextException
05:45:40.465 [main] INFO org.evosuite.runtime.instrumentation.CreateClassResetClassAdapter - Creating brand-new static initializer in class org/springframework/context/ApplicationContextException
05:45:40.466 [main] DEBUG org.evosuite.runtime.agent.TransformerForTests - Going to instrument: org.springframework.core.NestedExceptionUtils
05:45:40.466 [main] INFO org.evosuite.runtime.instrumentation.MethodCallReplacementClassAdapter - Adding mock interface to class org/springframework/core/NestedExceptionUtils
05:45:40.467 [main] INFO org.evosuite.runtime.instrumentation.CreateClassResetClassAdapter - Creating brand-new static initializer in class org/springframework/core/NestedExceptionUtils
05:45:40.468 [main] DEBUG org.evosuite.runtime.agent.TransformerForTests - Going to instrument: org.yaml.snakeyaml.representer.SafeRepresenter$RepresentList
05:45:40.468 [main] INFO org.evosuite.runtime.instrumentation.MethodCallReplacementClassAdapter - Adding mock interface to class org/yaml/snakeyaml/representer/SafeRepresenter$RepresentList
05:45:40.468 [main] INFO org.evosuite.runtime.instrumentation.CreateClassResetClassAdapter - Creating brand-new static initializer in class org/yaml/snakeyaml/representer/SafeRepresenter$RepresentList
05:45:40.469 [main] DEBUG org.evosuite.runtime.agent.TransformerForTests - Going to instrument: org.yaml.snakeyaml.representer.Represent
05:45:40.470 [main] DEBUG org.evosuite.runtime.agent.TransformerForTests - Going to instrument: org.springframework.boot.context.config.ConfigFileApplicationListener$Profile
05:45:40.470 [main] INFO org.evosuite.runtime.instrumentation.MethodCallReplacementClassAdapter - Adding mock interface to class org/springframework/boot/context/config/ConfigFileApplicationListener$Profile
05:45:40.471 [main] INFO org.evosuite.runtime.instrumentation.CreateClassResetClassAdapter - Creating brand-new static initializer in class org/springframework/boot/context/config/ConfigFileApplicationListener$Profile
05:45:40.472 [main] DEBUG org.evosuite.runtime.agent.TransformerForTests - Going to instrument: org.springframework.core.annotation.TypeMappedAnnotations$Aggregate
05:45:40.473 [main] INFO org.evosuite.runtime.instrumentation.MethodCallReplacementClassAdapter - Adding mock interface to class org/springframework/core/annotation/TypeMappedAnnotations$Aggregate
05:45:40.474 [main] INFO org.evosuite.runtime.instrumentation.CreateClassResetClassAdapter - Creating brand-new static initializer in class org/springframework/core/annotation/TypeMappedAnnotations$Aggregate
05:45:40.475 [main] DEBUG org.evosuite.runtime.agent.TransformerForTests - Going to instrument: org.springframework.core.annotation.MergedAnnotation
05:45:40.478 [main] DEBUG org.evosuite.runtime.agent.TransformerForTests - Going to instrument: org.springframework.boot.context.event.ApplicationStartedEvent
05:45:40.479 [main] INFO org.evosuite.runtime.instrumentation.MethodCallReplacementClassAdapter - Adding mock interface to class org/springframework/boot/context/event/ApplicationStartedEvent
05:45:40.479 [main] INFO org.evosuite.runtime.instrumentation.CreateClassResetClassAdapter - Creating brand-new static initializer in class org/springframework/boot/context/event/ApplicationStartedEvent
05:45:40.480 [main] DEBUG org.evosuite.runtime.agent.TransformerForTests - Going to instrument: org.springframework.boot.context.event.SpringApplicationEvent
05:45:40.480 [main] INFO org.evosuite.runtime.instrumentation.MethodCallReplacementClassAdapter - Adding mock interface to class org/springframework/boot/context/event/SpringApplicationEvent
05:45:40.480 [main] INFO org.evosuite.runtime.instrumentation.CreateClassResetClassAdapter - Creating brand-new static initializer in class org/springframework/boot/context/event/SpringApplicationEvent
05:45:40.481 [main] DEBUG org.evosuite.runtime.agent.TransformerForTests - Going to instrument: org.springframework.context.ApplicationEvent
05:45:40.481 [main] INFO org.evosuite.runtime.instrumentation.MethodCallReplacementClassAdapter - Adding mock interface to class org/springframework/context/ApplicationEvent
05:45:40.482 [main] INFO org.evosuite.runtime.instrumentation.CreateClassResetClassAdapter - Creating brand-new static initializer in class org/springframework/context/ApplicationEvent
05:45:40.484 [main] DEBUG org.evosuite.runtime.agent.TransformerForTests - Going to instrument: org.yaml.snakeyaml.constructor.SafeConstructor
05:45:40.485 [main] INFO org.evosuite.runtime.instrumentation.MethodCallReplacementClassAdapter - Adding mock interface to class org/yaml/snakeyaml/constructor/SafeConstructor
05:45:40.489 [main] INFO org.evosuite.runtime.instrumentation.CreateClassResetClassAdapter - Found static initializer in class org/yaml/snakeyaml/constructor/SafeConstructor
05:45:40.493 [main] DEBUG org.evosuite.runtime.agent.TransformerForTests - Going to instrument: org.yaml.snakeyaml.constructor.BaseConstructor
05:45:40.494 [main] INFO org.evosuite.runtime.instrumentation.MethodCallReplacementClassAdapter - Adding mock interface to class org/yaml/snakeyaml/constructor/BaseConstructor
05:45:40.503 [main] INFO org.evosuite.runtime.instrumentation.CreateClassResetClassAdapter - Creating brand-new static initializer in class org/yaml/snakeyaml/constructor/BaseConstructor
05:45:40.504 [main] DEBUG org.evosuite.runtime.agent.TransformerForTests - Going to instrument: org.yaml.snakeyaml.error.YAMLException
05:45:40.505 [main] INFO org.evosuite.runtime.instrumentation.MethodCallReplacementClassAdapter - Adding mock interface to class org/yaml/snakeyaml/error/YAMLException
05:45:40.506 [main] INFO org.evosuite.runtime.instrumentation.CreateClassResetClassAdapter - Creating brand-new static initializer in class org/yaml/snakeyaml/error/YAMLException
05:45:40.508 [main] DEBUG org.evosuite.runtime.agent.TransformerForTests - Going to instrument: org.yaml.snakeyaml.nodes.MappingNode
05:45:40.508 [main] INFO org.evosuite.runtime.instrumentation.MethodCallReplacementClassAdapter - Adding mock interface to class org/yaml/snakeyaml/nodes/MappingNode
05:45:40.512 [main] INFO org.evosuite.runtime.instrumentation.CreateClassResetClassAdapter - Creating brand-new static initializer in class org/yaml/snakeyaml/nodes/MappingNode
05:45:40.513 [main] DEBUG org.evosuite.runtime.agent.TransformerForTests - Going to instrument: org.yaml.snakeyaml.constructor.ConstructorException
05:45:40.513 [main] INFO org.evosuite.runtime.instrumentation.MethodCallReplacementClassAdapter - Adding mock interface to class org/yaml/snakeyaml/constructor/ConstructorException
05:45:40.513 [main] INFO org.evosuite.runtime.instrumentation.CreateClassResetClassAdapter - Creating brand-new static initializer in class org/yaml/snakeyaml/constructor/ConstructorException
05:45:40.514 [main] DEBUG org.evosuite.runtime.agent.TransformerForTests - Going to instrument: org.yaml.snakeyaml.error.MarkedYAMLException
05:45:40.514 [main] INFO org.evosuite.runtime.instrumentation.MethodCallReplacementClassAdapter - Adding mock interface to class org/yaml/snakeyaml/error/MarkedYAMLException
05:45:40.516 [main] INFO org.evosuite.runtime.instrumentation.CreateClassResetClassAdapter - Creating brand-new static initializer in class org/yaml/snakeyaml/error/MarkedYAMLException
05:45:40.517 [main] DEBUG org.evosuite.runtime.agent.TransformerForTests - Going to instrument: org.yaml.snakeyaml.constructor.DuplicateKeyException
05:45:40.517 [main] INFO org.evosuite.runtime.instrumentation.MethodCallReplacementClassAdapter - Adding mock interface to class org/yaml/snakeyaml/constructor/DuplicateKeyException
05:45:40.517 [main] INFO org.evosuite.runtime.instrumentation.CreateClassResetClassAdapter - Creating brand-new static initializer in class org/yaml/snakeyaml/constructor/DuplicateKeyException
05:45:40.518 [main] DEBUG org.evosuite.runtime.agent.TransformerForTests - Going to instrument: org.yaml.snakeyaml.constructor.SafeConstructor$ConstructUndefined
05:45:40.518 [main] INFO org.evosuite.runtime.instrumentation.MethodCallReplacementClassAdapter - Adding mock interface to class org/yaml/snakeyaml/constructor/SafeConstructor$ConstructUndefined
05:45:40.519 [main] INFO org.evosuite.runtime.instrumentation.CreateClassResetClassAdapter - Creating brand-new static initializer in class org/yaml/snakeyaml/constructor/SafeConstructor$ConstructUndefined
05:45:40.519 [main] DEBUG org.evosuite.runtime.agent.TransformerForTests - Going to instrument: org.yaml.snakeyaml.constructor.AbstractConstruct
05:45:40.519 [main] INFO org.evosuite.runtime.instrumentation.MethodCallReplacementClassAdapter - Adding mock interface to class org/yaml/snakeyaml/constructor/AbstractConstruct
05:45:40.521 [main] INFO org.evosuite.runtime.instrumentation.CreateClassResetClassAdapter - Creating brand-new static initializer in class org/yaml/snakeyaml/constructor/AbstractConstruct
05:45:40.522 [main] DEBUG org.evosuite.runtime.agent.TransformerForTests - Going to instrument: org.yaml.snakeyaml.constructor.Construct
05:45:40.523 [main] DEBUG org.evosuite.runtime.agent.TransformerForTests - Going to instrument: org.springframework.core.type.classreading.MetadataReader
05:45:40.525 [main] DEBUG org.evosuite.runtime.agent.TransformerForTests - Going to instrument: org.springframework.boot.autoconfigure.condition.ConditionMessage$Style
05:45:40.525 [main] INFO org.evosuite.runtime.instrumentation.MethodCallReplacementClassAdapter - Adding mock interface to class org/springframework/boot/autoconfigure/condition/ConditionMessage$Style
05:45:40.526 [main] INFO org.evosuite.runtime.instrumentation.CreateClassResetClassAdapter - Found static initializer in class org/springframework/boot/autoconfigure/condition/ConditionMessage$Style
05:45:40.527 [main] DEBUG org.evosuite.runtime.agent.TransformerForTests - Going to instrument: org.springframework.boot.autoconfigure.condition.ConditionMessage$Style$1
05:45:40.527 [main] INFO org.evosuite.runtime.instrumentation.MethodCallReplacementClassAdapter - Adding mock interface to class org/springframework/boot/autoconfigure/condition/ConditionMessage$Style$1
05:45:40.528 [main] DEBUG org.evosuite.runtime.agent.TransformerForTests - Going to instrument: org.springframework.boot.autoconfigure.condition.ConditionMessage$Style$2
05:45:40.528 [main] INFO org.evosuite.runtime.instrumentation.MethodCallReplacementClassAdapter - Adding mock interface to class org/springframework/boot/autoconfigure/condition/ConditionMessage$Style$2
05:45:40.530 [main] DEBUG org.evosuite.runtime.agent.TransformerForTests - Going to instrument: org.springframework.core.convert.support.NumberToNumberConverterFactory
05:45:40.530 [main] INFO org.evosuite.runtime.instrumentation.MethodCallReplacementClassAdapter - Adding mock interface to class org/springframework/core/convert/support/NumberToNumberConverterFactory
05:45:40.531 [main] INFO org.evosuite.runtime.instrumentation.CreateClassResetClassAdapter - Creating brand-new static initializer in class org/springframework/core/convert/support/NumberToNumberConverterFactory
05:45:40.531 [main] DEBUG org.evosuite.runtime.agent.TransformerForTests - Going to instrument: org.springframework.core.convert.converter.ConverterFactory
05:45:40.532 [main] DEBUG org.evosuite.runtime.agent.TransformerForTests - Going to instrument: org.springframework.core.convert.converter.ConditionalConverter
05:45:40.533 [main] DEBUG org.evosuite.runtime.agent.TransformerForTests - Going to instrument: org.springframework.boot.availability.AvailabilityChangeEvent
05:45:40.533 [main] INFO org.evosuite.runtime.instrumentation.MethodCallReplacementClassAdapter - Adding mock interface to class org/springframework/boot/availability/AvailabilityChangeEvent
05:45:40.533 [main] INFO org.evosuite.runtime.instrumentation.CreateClassResetClassAdapter - Creating brand-new static initializer in class org/springframework/boot/availability/AvailabilityChangeEvent
05:45:40.534 [main] DEBUG org.evosuite.runtime.agent.TransformerForTests - Going to instrument: org.springframework.context.ApplicationEventPublisher
05:45:40.536 [main] DEBUG org.evosuite.runtime.agent.TransformerForTests - Going to instrument: org.springframework.core.Constants
05:45:40.537 [main] INFO org.evosuite.runtime.instrumentation.MethodCallReplacementClassAdapter - Adding mock interface to class org/springframework/core/Constants
05:45:40.542 [main] INFO org.evosuite.runtime.instrumentation.CreateClassResetClassAdapter - Creating brand-new static initializer in class org/springframework/core/Constants
05:45:40.543 [main] DEBUG org.evosuite.runtime.agent.TransformerForTests - Going to instrument: org.springframework.core.Constants$ConstantException
05:45:40.543 [main] INFO org.evosuite.runtime.instrumentation.MethodCallReplacementClassAdapter - Adding mock interface to class org/springframework/core/Constants$ConstantException
05:45:40.544 [main] INFO org.evosuite.runtime.instrumentation.CreateClassResetClassAdapter - Creating brand-new static initializer in class org/springframework/core/Constants$ConstantException
05:45:40.546 [main] DEBUG org.evosuite.runtime.agent.TransformerForTests - Going to instrument: org.springframework.util.AntPathMatcher
05:45:40.547 [main] INFO org.evosuite.runtime.instrumentation.MethodCallReplacementClassAdapter - Adding mock interface to class org/springframework/util/AntPathMatcher
05:45:40.555 [main] INFO org.evosuite.runtime.instrumentation.CreateClassResetClassAdapter - Found static initializer in class org/springframework/util/AntPathMatcher
05:45:40.556 [main] DEBUG org.evosuite.runtime.agent.TransformerForTests - Going to instrument: org.springframework.util.PathMatcher
05:45:40.558 [main] DEBUG org.evosuite.runtime.agent.TransformerForTests - Going to instrument: org.springframework.boot.convert.StringToFileConverter
05:45:40.558 [main] INFO org.evosuite.runtime.instrumentation.MethodCallReplacementClassAdapter - Adding mock interface to class org/springframework/boot/convert/StringToFileConverter
05:45:40.561 [main] INFO org.evosuite.runtime.instrumentation.CreateClassResetClassAdapter - Found static initializer in class org/springframework/boot/convert/StringToFileConverter
05:45:40.562 [main] DEBUG org.evosuite.runtime.agent.TransformerForTests - Going to instrument: org.springframework.core.io.ResourceLoader
05:45:40.564 [main] DEBUG org.evosuite.runtime.agent.TransformerForTests - Going to instrument: org.springframework.core.io.DefaultResourceLoader
05:45:40.564 [main] INFO org.evosuite.runtime.instrumentation.MethodCallReplacementClassAdapter - Adding mock interface to class org/springframework/core/io/DefaultResourceLoader
05:45:40.569 [main] INFO org.evosuite.runtime.instrumentation.CreateClassResetClassAdapter - Creating brand-new static initializer in class org/springframework/core/io/DefaultResourceLoader
05:45:40.570 [main] DEBUG org.evosuite.runtime.agent.TransformerForTests - Going to instrument: org.springframework.core.io.UrlResource
05:45:40.570 [main] INFO org.evosuite.runtime.instrumentation.MethodCallReplacementClassAdapter - Adding mock interface to class org/springframework/core/io/UrlResource
05:45:40.572 [main] INFO org.evosuite.runtime.instrumentation.CreateClassResetClassAdapter - Creating brand-new static initializer in class org/springframework/core/io/UrlResource
05:45:40.573 [main] DEBUG org.evosuite.runtime.agent.TransformerForTests - Going to instrument: org.springframework.core.io.AbstractFileResolvingResource
05:45:40.574 [main] INFO org.evosuite.runtime.instrumentation.MethodCallReplacementClassAdapter - Adding mock interface to class org/springframework/core/io/AbstractFileResolvingResource
05:45:40.578 [main] INFO org.evosuite.runtime.instrumentation.CreateClassResetClassAdapter - Creating brand-new static initializer in class org/springframework/core/io/AbstractFileResolvingResource
05:45:40.579 [main] DEBUG org.evosuite.runtime.agent.TransformerForTests - Going to instrument: org.springframework.core.io.FileUrlResource
05:45:40.580 [main] INFO org.evosuite.runtime.instrumentation.MethodCallReplacementClassAdapter - Adding mock interface to class org/springframework/core/io/FileUrlResource
05:45:40.580 [main] INFO org.evosuite.runtime.instrumentation.CreateClassResetClassAdapter - Creating brand-new static initializer in class org/springframework/core/io/FileUrlResource
05:45:40.581 [main] DEBUG org.evosuite.runtime.agent.TransformerForTests - Going to instrument: org.springframework.core.io.WritableResource
05:45:40.582 [main] DEBUG org.evosuite.runtime.agent.TransformerForTests - Going to instrument: org.springframework.context.annotation.ImportSelector
05:45:40.584 [main] DEBUG org.evosuite.runtime.agent.TransformerForTests - Going to instrument: org.springframework.boot.autoconfigure.condition.FilteringSpringBootCondition
05:45:40.584 [main] INFO org.evosuite.runtime.instrumentation.MethodCallReplacementClassAdapter - Adding mock interface to class org/springframework/boot/autoconfigure/condition/FilteringSpringBootCondition
05:45:40.585 [main] INFO org.evosuite.runtime.instrumentation.CreateClassResetClassAdapter - Creating brand-new static initializer in class org/springframework/boot/autoconfigure/condition/FilteringSpringBootCondition
05:45:40.586 [main] DEBUG org.evosuite.runtime.agent.TransformerForTests - Going to instrument: org.springframework.boot.autoconfigure.AutoConfigurationImportFilter
05:45:40.586 [main] DEBUG org.evosuite.runtime.agent.TransformerForTests - Going to instrument: org.springframework.beans.factory.BeanFactoryAware
05:45:40.587 [main] DEBUG org.evosuite.runtime.agent.TransformerForTests - Going to instrument: org.springframework.beans.factory.BeanClassLoaderAware
05:45:40.588 [main] DEBUG org.evosuite.runtime.agent.TransformerForTests - Going to instrument: org.springframework.boot.autoconfigure.condition.SpringBootCondition
05:45:40.588 [main] INFO org.evosuite.runtime.instrumentation.MethodCallReplacementClassAdapter - Adding mock interface to class org/springframework/boot/autoconfigure/condition/SpringBootCondition
05:45:40.591 [main] INFO org.evosuite.runtime.instrumentation.CreateClassResetClassAdapter - Creating brand-new static initializer in class org/springframework/boot/autoconfigure/condition/SpringBootCondition
05:45:40.592 [main] DEBUG org.evosuite.runtime.agent.TransformerForTests - Going to instrument: org.springframework.context.annotation.Condition
05:45:40.593 [main] DEBUG org.evosuite.runtime.agent.TransformerForTests - Going to instrument: org.springframework.core.convert.support.StringToBooleanConverter
05:45:40.594 [main] INFO org.evosuite.runtime.instrumentation.MethodCallReplacementClassAdapter - Adding mock interface to class org/springframework/core/convert/support/StringToBooleanConverter
05:45:40.595 [main] INFO org.evosuite.runtime.instrumentation.CreateClassResetClassAdapter - Found static initializer in class org/springframework/core/convert/support/StringToBooleanConverter
05:45:40.597 [main] DEBUG org.evosuite.runtime.agent.TransformerForTests - Going to instrument: org.springframework.boot.convert.DelimitedStringToCollectionConverter
05:45:40.597 [main] INFO org.evosuite.runtime.instrumentation.MethodCallReplacementClassAdapter - Adding mock interface to class org/springframework/boot/convert/DelimitedStringToCollectionConverter
05:45:40.598 [main] INFO org.evosuite.runtime.instrumentation.CreateClassResetClassAdapter - Creating brand-new static initializer in class org/springframework/boot/convert/DelimitedStringToCollectionConverter
05:45:40.599 [main] DEBUG org.evosuite.runtime.agent.TransformerForTests - Going to instrument: org.springframework.core.convert.converter.ConditionalGenericConverter
05:45:40.599 [main] DEBUG org.evosuite.runtime.agent.TransformerForTests - Going to instrument: org.springframework.core.convert.converter.GenericConverter
05:45:40.600 [main] DEBUG org.evosuite.runtime.agent.TransformerForTests - Going to instrument: org.springframework.boot.actuate.autoconfigure.endpoint.condition.ConditionalOnAvailableEndpoint
05:45:40.602 [main] DEBUG org.evosuite.runtime.agent.TransformerForTests - Going to instrument: org.springframework.beans.factory.InjectionPoint
05:45:40.602 [main] INFO org.evosuite.runtime.instrumentation.MethodCallReplacementClassAdapter - Adding mock interface to class org/springframework/beans/factory/InjectionPoint
05:45:40.604 [main] INFO org.evosuite.runtime.instrumentation.CreateClassResetClassAdapter - Creating brand-new static initializer in class org/springframework/beans/factory/InjectionPoint
05:45:40.606 [main] DEBUG org.evosuite.runtime.agent.TransformerForTests - Going to instrument: org.springframework.core.type.classreading.CachingMetadataReaderFactory
05:45:40.607 [main] INFO org.evosuite.runtime.instrumentation.MethodCallReplacementClassAdapter - Adding mock interface to class org/springframework/core/type/classreading/CachingMetadataReaderFactory
05:45:40.608 [main] INFO org.evosuite.runtime.instrumentation.CreateClassResetClassAdapter - Creating brand-new static initializer in class org/springframework/core/type/classreading/CachingMetadataReaderFactory
05:45:40.608 [main] INFO org.evosuite.runtime.instrumentation.CreateClassResetClassAdapter - Adding bytecode for initializing field DEFAULT_CACHE_LIMIT
05:45:40.609 [main] DEBUG org.evosuite.runtime.agent.TransformerForTests - Going to instrument: org.springframework.core.type.classreading.SimpleMetadataReaderFactory
05:45:40.609 [main] INFO org.evosuite.runtime.instrumentation.MethodCallReplacementClassAdapter - Adding mock interface to class org/springframework/core/type/classreading/SimpleMetadataReaderFactory
05:45:40.611 [main] INFO org.evosuite.runtime.instrumentation.CreateClassResetClassAdapter - Creating brand-new static initializer in class org/springframework/core/type/classreading/SimpleMetadataReaderFactory
05:45:40.611 [main] DEBUG org.evosuite.runtime.agent.TransformerForTests - Going to instrument: org.springframework.core.type.classreading.MetadataReaderFactory
05:45:40.612 [main] DEBUG org.evosuite.runtime.agent.TransformerForTests - Going to instrument: org.springframework.core.PriorityOrdered
05:45:40.613 [main] DEBUG org.evosuite.runtime.agent.TransformerForTests - Going to instrument: org.springframework.core.Ordered
05:45:40.614 [main] DEBUG org.evosuite.runtime.agent.TransformerForTests - Going to instrument: org.h2.server.web.WebServlet
05:45:40.614 [main] INFO org.evosuite.runtime.instrumentation.MethodCallReplacementClassAdapter - Adding mock interface to class org/h2/server/web/WebServlet
05:45:40.619 [main] INFO org.evosuite.runtime.instrumentation.CreateClassResetClassAdapter - Creating brand-new static initializer in class org/h2/server/web/WebServlet
05:45:40.625 [main] DEBUG org.evosuite.runtime.agent.TransformerForTests - Going to instrument: org.springframework.beans.factory.parsing.EmptyReaderEventListener
05:45:40.625 [main] INFO org.evosuite.runtime.instrumentation.MethodCallReplacementClassAdapter - Adding mock interface to class org/springframework/beans/factory/parsing/EmptyReaderEventListener
05:45:40.626 [main] INFO org.evosuite.runtime.instrumentation.CreateClassResetClassAdapter - Creating brand-new static initializer in class org/springframework/beans/factory/parsing/EmptyReaderEventListener
05:45:40.626 [main] DEBUG org.evosuite.runtime.agent.TransformerForTests - Going to instrument: org.springframework.beans.factory.parsing.ReaderEventListener
05:45:40.627 [main] DEBUG org.evosuite.runtime.agent.TransformerForTests - Going to instrument: org.yaml.snakeyaml.constructor.SafeConstructor$ConstructYamlFloat
05:45:40.627 [main] INFO org.evosuite.runtime.instrumentation.MethodCallReplacementClassAdapter - Adding mock interface to class org/yaml/snakeyaml/constructor/SafeConstructor$ConstructYamlFloat
05:45:40.628 [main] INFO org.evosuite.runtime.instrumentation.CreateClassResetClassAdapter - Creating brand-new static initializer in class org/yaml/snakeyaml/constructor/SafeConstructor$ConstructYamlFloat
05:45:40.630 [main] DEBUG org.evosuite.runtime.agent.TransformerForTests - Going to instrument: org.springframework.context.support.AbstractApplicationContext
05:45:40.632 [main] INFO org.evosuite.runtime.instrumentation.MethodCallReplacementClassAdapter - Adding mock interface to class org/springframework/context/support/AbstractApplicationContext
05:45:40.645 [main] INFO org.evosuite.runtime.instrumentation.CreateClassResetClassAdapter - Found static initializer in class org/springframework/context/support/AbstractApplicationContext
05:45:40.646 [main] DEBUG org.evosuite.runtime.agent.TransformerForTests - Going to instrument: org.springframework.context.ConfigurableApplicationContext
05:45:40.647 [main] DEBUG org.evosuite.runtime.agent.TransformerForTests - Going to instrument: org.springframework.context.ApplicationContext
05:45:40.648 [main] DEBUG org.evosuite.runtime.agent.TransformerForTests - Going to instrument: org.springframework.core.env.EnvironmentCapable
05:45:40.648 [main] DEBUG org.evosuite.runtime.agent.TransformerForTests - Going to instrument: org.springframework.beans.factory.ListableBeanFactory
05:45:40.649 [main] DEBUG org.evosuite.runtime.agent.TransformerForTests - Going to instrument: org.springframework.beans.factory.BeanFactory
05:45:40.649 [main] DEBUG org.evosuite.runtime.agent.TransformerForTests - Going to instrument: org.springframework.beans.factory.HierarchicalBeanFactory
05:45:40.650 [main] DEBUG org.evosuite.runtime.agent.TransformerForTests - Going to instrument: org.springframework.context.MessageSource
05:45:40.650 [main] DEBUG org.evosuite.runtime.agent.TransformerForTests - Going to instrument: org.springframework.core.io.support.ResourcePatternResolver
05:45:40.651 [main] DEBUG org.evosuite.runtime.agent.TransformerForTests - Going to instrument: org.springframework.context.Lifecycle
05:45:40.652 [main] DEBUG org.evosuite.runtime.agent.TransformerForTests - Going to instrument: org.springframework.core.env.Environment
05:45:40.653 [main] DEBUG org.evosuite.runtime.agent.TransformerForTests - Going to instrument: org.springframework.core.env.PropertyResolver
05:45:40.654 [main] DEBUG org.evosuite.runtime.agent.TransformerForTests - Going to instrument: org.springframework.context.event.ContextStartedEvent
05:45:40.654 [main] INFO org.evosuite.runtime.instrumentation.MethodCallReplacementClassAdapter - Adding mock interface to class org/springframework/context/event/ContextStartedEvent
05:45:40.654 [main] INFO org.evosuite.runtime.instrumentation.CreateClassResetClassAdapter - Creating brand-new static initializer in class org/springframework/context/event/ContextStartedEvent
05:45:40.655 [main] DEBUG org.evosuite.runtime.agent.TransformerForTests - Going to instrument: org.springframework.context.event.ApplicationContextEvent
05:45:40.655 [main] INFO org.evosuite.runtime.instrumentation.MethodCallReplacementClassAdapter - Adding mock interface to class org/springframework/context/event/ApplicationContextEvent
05:45:40.655 [main] INFO org.evosuite.runtime.instrumentation.CreateClassResetClassAdapter - Creating brand-new static initializer in class org/springframework/context/event/ApplicationContextEvent
05:45:40.656 [main] DEBUG org.evosuite.runtime.agent.TransformerForTests - Going to instrument: org.springframework.context.event.ContextStoppedEvent
05:45:40.656 [main] INFO org.evosuite.runtime.instrumentation.MethodCallReplacementClassAdapter - Adding mock interface to class org/springframework/context/event/ContextStoppedEvent
05:45:40.656 [main] INFO org.evosuite.runtime.instrumentation.CreateClassResetClassAdapter - Creating brand-new static initializer in class org/springframework/context/event/ContextStoppedEvent
05:45:40.657 [main] DEBUG org.evosuite.runtime.agent.TransformerForTests - Going to instrument: org.springframework.context.support.AbstractApplicationContext$1
05:45:40.657 [main] INFO org.evosuite.runtime.instrumentation.MethodCallReplacementClassAdapter - Adding mock interface to class org/springframework/context/support/AbstractApplicationContext$1
05:45:40.658 [main] DEBUG org.evosuite.runtime.agent.TransformerForTests - Going to instrument: org.springframework.context.PayloadApplicationEvent
05:45:40.658 [main] INFO org.evosuite.runtime.instrumentation.MethodCallReplacementClassAdapter - Adding mock interface to class org/springframework/context/PayloadApplicationEvent
05:45:40.658 [main] INFO org.evosuite.runtime.instrumentation.CreateClassResetClassAdapter - Creating brand-new static initializer in class org/springframework/context/PayloadApplicationEvent
05:45:40.659 [main] DEBUG org.evosuite.runtime.agent.TransformerForTests - Going to instrument: org.springframework.core.ResolvableTypeProvider
05:45:40.659 [main] DEBUG org.evosuite.runtime.agent.TransformerForTests - Going to instrument: org.springframework.context.event.ContextClosedEvent
05:45:40.659 [main] INFO org.evosuite.runtime.instrumentation.MethodCallReplacementClassAdapter - Adding mock interface to class org/springframework/context/event/ContextClosedEvent
05:45:40.660 [main] INFO org.evosuite.runtime.instrumentation.CreateClassResetClassAdapter - Creating brand-new static initializer in class org/springframework/context/event/ContextClosedEvent
05:45:40.660 [main] DEBUG org.evosuite.runtime.agent.TransformerForTests - Going to instrument: org.springframework.core.env.ConfigurableEnvironment
05:45:40.661 [main] DEBUG org.evosuite.runtime.agent.TransformerForTests - Going to instrument: org.springframework.core.env.ConfigurablePropertyResolver
05:45:40.661 [main] DEBUG org.evosuite.runtime.agent.TransformerForTests - Going to instrument: org.springframework.beans.factory.config.AutowireCapableBeanFactory
05:45:40.662 [main] DEBUG org.evosuite.runtime.agent.TransformerForTests - Going to instrument: org.springframework.context.LifecycleProcessor
05:45:40.663 [main] DEBUG org.evosuite.runtime.agent.TransformerForTests - Going to instrument: org.springframework.beans.factory.config.BeanExpressionResolver
05:45:40.663 [main] DEBUG org.evosuite.runtime.agent.TransformerForTests - Going to instrument: org.springframework.beans.PropertyEditorRegistrar
05:45:40.664 [main] DEBUG org.evosuite.runtime.agent.TransformerForTests - Going to instrument: org.springframework.beans.factory.config.BeanPostProcessor
05:45:40.665 [main] DEBUG org.evosuite.runtime.agent.TransformerForTests - Going to instrument: org.springframework.context.support.ContextTypeMatchClassLoader
05:45:40.665 [main] INFO org.evosuite.runtime.instrumentation.MethodCallReplacementClassAdapter - Adding mock interface to class org/springframework/context/support/ContextTypeMatchClassLoader
05:45:40.665 [main] INFO org.evosuite.runtime.instrumentation.CreateClassResetClassAdapter - Found static initializer in class org/springframework/context/support/ContextTypeMatchClassLoader
05:45:40.667 [main] DEBUG org.evosuite.runtime.agent.TransformerForTests - Going to instrument: org.springframework.core.SmartClassLoader
05:45:40.668 [main] DEBUG org.evosuite.runtime.agent.TransformerForTests - Going to instrument: org.springframework.core.DecoratingClassLoader
05:45:40.668 [main] INFO org.evosuite.runtime.instrumentation.MethodCallReplacementClassAdapter - Adding mock interface to class org/springframework/core/DecoratingClassLoader
05:45:40.668 [main] INFO org.evosuite.runtime.instrumentation.CreateClassResetClassAdapter - Found static initializer in class org/springframework/core/DecoratingClassLoader
05:45:40.669 [main] DEBUG org.evosuite.runtime.agent.TransformerForTests - Going to instrument: org.springframework.context.event.ApplicationEventMulticaster
05:45:40.670 [main] DEBUG org.evosuite.runtime.agent.TransformerForTests - Going to instrument: org.springframework.context.event.ContextRefreshedEvent
05:45:40.670 [main] INFO org.evosuite.runtime.instrumentation.MethodCallReplacementClassAdapter - Adding mock interface to class org/springframework/context/event/ContextRefreshedEvent
05:45:40.670 [main] INFO org.evosuite.runtime.instrumentation.CreateClassResetClassAdapter - Creating brand-new static initializer in class org/springframework/context/event/ContextRefreshedEvent
05:45:40.671 [main] DEBUG org.evosuite.runtime.agent.TransformerForTests - Going to instrument: org.springframework.boot.autoconfigure.session.NonUniqueSessionRepositoryException
05:45:40.671 [main] INFO org.evosuite.runtime.instrumentation.MethodCallReplacementClassAdapter - Adding mock interface to class org/springframework/boot/autoconfigure/session/NonUniqueSessionRepositoryException
05:45:40.672 [main] INFO org.evosuite.runtime.instrumentation.CreateClassResetClassAdapter - Creating brand-new static initializer in class org/springframework/boot/autoconfigure/session/NonUniqueSessionRepositoryException
05:45:40.675 [main] DEBUG org.evosuite.runtime.agent.TransformerForTests - Going to instrument: org.hibernate.jpa.spi.HibernateEntityManagerImplementor
05:45:40.677 [main] DEBUG org.evosuite.runtime.agent.TransformerForTests - Going to instrument: org.hibernate.ejb.HibernateEntityManager
05:45:40.677 [main] DEBUG org.evosuite.runtime.agent.TransformerForTests - Going to instrument: org.hibernate.jpa.HibernateEntityManager
05:45:40.678 [main] DEBUG org.evosuite.runtime.agent.TransformerForTests - Going to instrument: org.hibernate.query.QueryProducer
05:45:40.679 [main] DEBUG org.evosuite.runtime.agent.TransformerForTests - Going to instrument: org.hibernate.jpa.spi.HibernateEntityManagerFactoryAware
05:45:40.681 [main] DEBUG org.evosuite.runtime.agent.TransformerForTests - Going to instrument: org.hibernate.Query
05:45:40.686 [main] DEBUG org.evosuite.runtime.agent.TransformerForTests - Going to instrument: org.hibernate.query.CommonQueryContract
05:45:40.686 [main] DEBUG org.evosuite.runtime.agent.TransformerForTests - Going to instrument: org.hibernate.BasicQueryContract
05:45:40.688 [main] DEBUG org.evosuite.runtime.agent.TransformerForTests - Going to instrument: org.hibernate.SQLQuery
05:45:40.690 [main] DEBUG org.evosuite.runtime.agent.TransformerForTests - Going to instrument: org.hibernate.SynchronizeableQuery
05:45:40.692 [main] DEBUG org.evosuite.runtime.agent.TransformerForTests - Going to instrument: org.hibernate.Session
05:45:40.693 [main] DEBUG org.evosuite.runtime.agent.TransformerForTests - Going to instrument: org.hibernate.SharedSessionContract
05:45:40.695 [main] DEBUG org.evosuite.runtime.agent.TransformerForTests - Going to instrument: org.springframework.format.support.FormattingConversionService$AnnotationPrinterConverter
05:45:40.696 [main] INFO org.evosuite.runtime.instrumentation.MethodCallReplacementClassAdapter - Adding mock interface to class org/springframework/format/support/FormattingConversionService$AnnotationPrinterConverter
05:45:40.698 [main] INFO org.evosuite.runtime.instrumentation.CreateClassResetClassAdapter - Creating brand-new static initializer in class org/springframework/format/support/FormattingConversionService$AnnotationPrinterConverter
05:45:40.699 [main] DEBUG org.evosuite.runtime.agent.TransformerForTests - Going to instrument: org.springframework.core.convert.ConversionService
05:45:40.700 [main] DEBUG org.evosuite.runtime.agent.TransformerForTests - Going to instrument: org.springframework.http.client.support.InterceptingHttpAccessor
05:45:40.701 [main] INFO org.evosuite.runtime.instrumentation.MethodCallReplacementClassAdapter - Adding mock interface to class org/springframework/http/client/support/InterceptingHttpAccessor
05:45:40.702 [main] INFO org.evosuite.runtime.instrumentation.CreateClassResetClassAdapter - Creating brand-new static initializer in class org/springframework/http/client/support/InterceptingHttpAccessor
05:45:40.703 [main] DEBUG org.evosuite.runtime.agent.TransformerForTests - Going to instrument: org.springframework.http.client.support.HttpAccessor
05:45:40.703 [main] INFO org.evosuite.runtime.instrumentation.MethodCallReplacementClassAdapter - Adding mock interface to class org/springframework/http/client/support/HttpAccessor
05:45:40.704 [main] INFO org.evosuite.runtime.instrumentation.CreateClassResetClassAdapter - Creating brand-new static initializer in class org/springframework/http/client/support/HttpAccessor
05:45:40.704 [main] DEBUG org.evosuite.runtime.agent.TransformerForTests - Going to instrument: org.springframework.http.client.ClientHttpRequestFactory
05:45:40.706 [main] DEBUG org.evosuite.runtime.agent.TransformerForTests - Going to instrument: org.springframework.context.index.CandidateComponentsIndex
05:45:40.706 [main] INFO org.evosuite.runtime.instrumentation.MethodCallReplacementClassAdapter - Adding mock interface to class org/springframework/context/index/CandidateComponentsIndex
05:45:40.707 [main] INFO org.evosuite.runtime.instrumentation.CreateClassResetClassAdapter - Found static initializer in class org/springframework/context/index/CandidateComponentsIndex
05:45:40.709 [main] DEBUG org.evosuite.runtime.agent.TransformerForTests - Going to instrument: org.springframework.util.MultiValueMap
05:45:40.712 [main] DEBUG org.evosuite.runtime.agent.TransformerForTests - Going to instrument: org.springframework.util.Assert
05:45:40.713 [main] INFO org.evosuite.runtime.instrumentation.MethodCallReplacementClassAdapter - Adding mock interface to class org/springframework/util/Assert
05:45:40.717 [main] INFO org.evosuite.runtime.instrumentation.CreateClassResetClassAdapter - Creating brand-new static initializer in class org/springframework/util/Assert
05:45:40.719 [main] DEBUG org.evosuite.runtime.agent.TransformerForTests - Going to instrument: org.springframework.util.AntPathMatcher$PathSeparatorPatternCache
05:45:40.719 [main] INFO org.evosuite.runtime.instrumentation.MethodCallReplacementClassAdapter - Adding mock interface to class org/springframework/util/AntPathMatcher$PathSeparatorPatternCache
05:45:40.719 [main] INFO org.evosuite.runtime.instrumentation.CreateClassResetClassAdapter - Creating brand-new static initializer in class org/springframework/util/AntPathMatcher$PathSeparatorPatternCache
05:45:40.721 [main] DEBUG org.evosuite.runtime.agent.TransformerForTests - Going to instrument: org.yaml.snakeyaml.reader.UnicodeReader
05:45:40.721 [main] INFO org.evosuite.runtime.instrumentation.MethodCallReplacementClassAdapter - Adding mock interface to class org/yaml/snakeyaml/reader/UnicodeReader
05:45:40.721 [main] INFO org.evosuite.runtime.instrumentation.CreateClassResetClassAdapter - Found static initializer in class org/yaml/snakeyaml/reader/UnicodeReader
05:45:40.723 [main] DEBUG org.evosuite.runtime.agent.TransformerForTests - Going to instrument: org.springframework.util.ConcurrentReferenceHashMap$Entry
05:45:40.723 [main] INFO org.evosuite.runtime.instrumentation.MethodCallReplacementClassAdapter - Adding mock interface to class org/springframework/util/ConcurrentReferenceHashMap$Entry
05:45:40.724 [main] INFO org.evosuite.runtime.instrumentation.CreateClassResetClassAdapter - Creating brand-new static initializer in class org/springframework/util/ConcurrentReferenceHashMap$Entry
05:45:40.725 [main] DEBUG org.evosuite.runtime.agent.TransformerForTests - Going to instrument: org.springframework.boot.context.config.DelegatingApplicationContextInitializer
05:45:40.725 [main] INFO org.evosuite.runtime.instrumentation.MethodCallReplacementClassAdapter - Adding mock interface to class org/springframework/boot/context/config/DelegatingApplicationContextInitializer
05:45:40.726 [main] INFO org.evosuite.runtime.instrumentation.CreateClassResetClassAdapter - Creating brand-new static initializer in class org/springframework/boot/context/config/DelegatingApplicationContextInitializer
05:45:40.726 [main] INFO org.evosuite.runtime.instrumentation.CreateClassResetClassAdapter - Adding bytecode for initializing field PROPERTY_NAME
05:45:40.726 [main] DEBUG org.evosuite.runtime.agent.TransformerForTests - Going to instrument: org.springframework.context.ApplicationContextInitializer
05:45:40.727 [main] DEBUG org.evosuite.runtime.agent.TransformerForTests - Going to instrument: org.springframework.context.index.CandidateComponentsIndexLoader
05:45:40.727 [main] INFO org.evosuite.runtime.instrumentation.MethodCallReplacementClassAdapter - Adding mock interface to class org/springframework/context/index/CandidateComponentsIndexLoader
05:45:40.729 [main] INFO org.evosuite.runtime.instrumentation.CreateClassResetClassAdapter - Found static initializer in class org/springframework/context/index/CandidateComponentsIndexLoader
05:45:40.730 [main] DEBUG org.evosuite.runtime.agent.TransformerForTests - Going to instrument: org.springframework.core.SpringProperties
05:45:40.730 [main] INFO org.evosuite.runtime.instrumentation.MethodCallReplacementClassAdapter - Adding mock interface to class org/springframework/core/SpringProperties
05:45:40.731 [main] INFO org.evosuite.runtime.instrumentation.CreateClassResetClassAdapter - Found static initializer in class org/springframework/core/SpringProperties
05:45:40.734 [main] DEBUG org.evosuite.runtime.agent.TransformerForTests - Going to instrument: org.apache.logging.log4j.spi.ExtendedLogger
05:45:40.736 [main] DEBUG org.evosuite.runtime.agent.TransformerForTests - Going to instrument: org.apache.logging.log4j.Logger
05:45:40.741 [main] DEBUG org.evosuite.runtime.agent.TransformerForTests - Going to instrument: org.apache.logging.slf4j.SLF4JProvider
05:45:40.741 [main] INFO org.evosuite.runtime.instrumentation.MethodCallReplacementClassAdapter - Adding mock interface to class org/apache/logging/slf4j/SLF4JProvider
05:45:40.742 [main] INFO org.evosuite.runtime.instrumentation.CreateClassResetClassAdapter - Creating brand-new static initializer in class org/apache/logging/slf4j/SLF4JProvider
05:45:40.743 [main] DEBUG org.evosuite.runtime.agent.TransformerForTests - Going to instrument: org.apache.logging.log4j.spi.Provider
05:45:40.743 [main] INFO org.evosuite.runtime.instrumentation.MethodCallReplacementClassAdapter - Adding mock interface to class org/apache/logging/log4j/spi/Provider
05:45:40.745 [main] INFO org.evosuite.runtime.instrumentation.CreateClassResetClassAdapter - Found static initializer in class org/apache/logging/log4j/spi/Provider
05:45:40.749 [main] DEBUG org.evosuite.runtime.agent.TransformerForTests - Going to instrument: org.springframework.util.ConcurrentReferenceHashMap
05:45:40.750 [main] INFO org.evosuite.runtime.instrumentation.MethodCallReplacementClassAdapter - Adding mock interface to class org/springframework/util/ConcurrentReferenceHashMap
05:45:40.752 [main] INFO org.evosuite.runtime.instrumentation.CreateClassResetClassAdapter - Found static initializer in class org/springframework/util/ConcurrentReferenceHashMap
05:45:40.754 [main] DEBUG org.evosuite.runtime.agent.TransformerForTests - Going to instrument: org.springframework.util.ConcurrentReferenceHashMap$Task
05:45:40.754 [main] INFO org.evosuite.runtime.instrumentation.MethodCallReplacementClassAdapter - Adding mock interface to class org/springframework/util/ConcurrentReferenceHashMap$Task
05:45:40.754 [main] INFO org.evosuite.runtime.instrumentation.CreateClassResetClassAdapter - Creating brand-new static initializer in class org/springframework/util/ConcurrentReferenceHashMap$Task
05:45:40.755 [main] DEBUG org.evosuite.runtime.agent.TransformerForTests - Going to instrument: org.springframework.util.ConcurrentReferenceHashMap$2
05:45:40.755 [main] INFO org.evosuite.runtime.instrumentation.MethodCallReplacementClassAdapter - Adding mock interface to class org/springframework/util/ConcurrentReferenceHashMap$2
05:45:40.756 [main] DEBUG org.evosuite.runtime.agent.TransformerForTests - Going to instrument: org.springframework.util.ConcurrentReferenceHashMap$3
05:45:40.756 [main] INFO org.evosuite.runtime.instrumentation.MethodCallReplacementClassAdapter - Adding mock interface to class org/springframework/util/ConcurrentReferenceHashMap$3
05:45:40.757 [main] DEBUG org.evosuite.runtime.agent.TransformerForTests - Going to instrument: org.springframework.util.ConcurrentReferenceHashMap$1
05:45:40.757 [main] INFO org.evosuite.runtime.instrumentation.MethodCallReplacementClassAdapter - Adding mock interface to class org/springframework/util/ConcurrentReferenceHashMap$1
05:45:40.758 [main] DEBUG org.evosuite.runtime.agent.TransformerForTests - Going to instrument: org.springframework.util.ConcurrentReferenceHashMap$5
05:45:40.758 [main] INFO org.evosuite.runtime.instrumentation.MethodCallReplacementClassAdapter - Adding mock interface to class org/springframework/util/ConcurrentReferenceHashMap$5
05:45:40.759 [main] DEBUG org.evosuite.runtime.agent.TransformerForTests - Going to instrument: org.springframework.util.ConcurrentReferenceHashMap$4
05:45:40.759 [main] INFO org.evosuite.runtime.instrumentation.MethodCallReplacementClassAdapter - Adding mock interface to class org/springframework/util/ConcurrentReferenceHashMap$4
05:45:40.760 [main] DEBUG org.evosuite.runtime.agent.TransformerForTests - Going to instrument: org.springframework.util.ConcurrentReferenceHashMap$ReferenceType
05:45:40.760 [main] INFO org.evosuite.runtime.instrumentation.MethodCallReplacementClassAdapter - Adding mock interface to class org/springframework/util/ConcurrentReferenceHashMap$ReferenceType
05:45:40.761 [main] INFO org.evosuite.runtime.instrumentation.CreateClassResetClassAdapter - Found static initializer in class org/springframework/util/ConcurrentReferenceHashMap$ReferenceType
05:45:40.762 [main] DEBUG org.evosuite.runtime.agent.TransformerForTests - Going to instrument: org.springframework.util.ConcurrentReferenceHashMap$Segment
05:45:40.763 [main] INFO org.evosuite.runtime.instrumentation.MethodCallReplacementClassAdapter - Adding mock interface to class org/springframework/util/ConcurrentReferenceHashMap$Segment
05:45:40.764 [main] INFO org.evosuite.runtime.instrumentation.CreateClassResetClassAdapter - Creating brand-new static initializer in class org/springframework/util/ConcurrentReferenceHashMap$Segment
05:45:40.765 [main] DEBUG org.evosuite.runtime.agent.TransformerForTests - Going to instrument: org.springframework.util.ConcurrentReferenceHashMap$ReferenceManager
05:45:40.766 [main] INFO org.evosuite.runtime.instrumentation.MethodCallReplacementClassAdapter - Adding mock interface to class org/springframework/util/ConcurrentReferenceHashMap$ReferenceManager
05:45:40.766 [main] INFO org.evosuite.runtime.instrumentation.CreateClassResetClassAdapter - Creating brand-new static initializer in class org/springframework/util/ConcurrentReferenceHashMap$ReferenceManager
05:45:40.766 [main] DEBUG org.evosuite.runtime.agent.TransformerForTests - Going to instrument: org.springframework.util.ConcurrentReferenceHashMap$Reference
05:45:40.767 [main] DEBUG org.evosuite.runtime.agent.TransformerForTests - Going to instrument: org.springframework.web.filter.OncePerRequestFilter
05:45:40.768 [main] INFO org.evosuite.runtime.instrumentation.MethodCallReplacementClassAdapter - Adding mock interface to class org/springframework/web/filter/OncePerRequestFilter
05:45:40.768 [main] INFO org.evosuite.runtime.instrumentation.CreateClassResetClassAdapter - Creating brand-new static initializer in class org/springframework/web/filter/OncePerRequestFilter
05:45:40.768 [main] INFO org.evosuite.runtime.instrumentation.CreateClassResetClassAdapter - Adding bytecode for initializing field ALREADY_FILTERED_SUFFIX
05:45:40.769 [main] DEBUG org.evosuite.runtime.agent.TransformerForTests - Going to instrument: org.springframework.web.filter.GenericFilterBean
05:45:40.769 [main] INFO org.evosuite.runtime.instrumentation.MethodCallReplacementClassAdapter - Adding mock interface to class org/springframework/web/filter/GenericFilterBean
05:45:40.772 [main] INFO org.evosuite.runtime.instrumentation.CreateClassResetClassAdapter - Creating brand-new static initializer in class org/springframework/web/filter/GenericFilterBean
05:45:40.773 [main] DEBUG org.evosuite.runtime.agent.TransformerForTests - Going to instrument: org.springframework.beans.factory.BeanNameAware
05:45:40.774 [main] DEBUG org.evosuite.runtime.agent.TransformerForTests - Going to instrument: org.springframework.web.context.ServletContextAware
05:45:40.774 [main] DEBUG org.evosuite.runtime.agent.TransformerForTests - Going to instrument: org.springframework.beans.factory.InitializingBean
05:45:40.775 [main] DEBUG org.evosuite.runtime.agent.TransformerForTests - Going to instrument: org.springframework.beans.factory.DisposableBean
05:45:40.776 [main] DEBUG org.evosuite.runtime.agent.TransformerForTests - Going to instrument: org.springframework.beans.PropertyValues
05:45:40.777 [main] DEBUG org.evosuite.runtime.agent.TransformerForTests - Going to instrument: org.springframework.web.util.NestedServletException
05:45:40.777 [main] INFO org.evosuite.runtime.instrumentation.MethodCallReplacementClassAdapter - Adding mock interface to class org/springframework/web/util/NestedServletException
05:45:40.777 [main] INFO org.evosuite.runtime.instrumentation.CreateClassResetClassAdapter - Found static initializer in class org/springframework/web/util/NestedServletException
05:45:40.778 [main] DEBUG org.evosuite.runtime.agent.TransformerForTests - Going to instrument: org.springframework.boot.autoconfigure.condition.ConditionEvaluationReport$AncestorsMatchedCondition
05:45:40.779 [main] INFO org.evosuite.runtime.instrumentation.MethodCallReplacementClassAdapter - Adding mock interface to class org/springframework/boot/autoconfigure/condition/ConditionEvaluationReport$AncestorsMatchedCondition
05:45:40.779 [main] INFO org.evosuite.runtime.instrumentation.CreateClassResetClassAdapter - Creating brand-new static initializer in class org/springframework/boot/autoconfigure/condition/ConditionEvaluationReport$AncestorsMatchedCondition
05:45:40.779 [main] DEBUG org.evosuite.runtime.agent.TransformerForTests - Going to instrument: org.springframework.context.support.LiveBeansViewMBean
05:45:40.780 [main] DEBUG org.evosuite.runtime.agent.TransformerForTests - Going to instrument: org.springframework.format.datetime.standard.DurationFormatter
05:45:40.781 [main] INFO org.evosuite.runtime.instrumentation.MethodCallReplacementClassAdapter - Adding mock interface to class org/springframework/format/datetime/standard/DurationFormatter
05:45:40.781 [main] INFO org.evosuite.runtime.instrumentation.CreateClassResetClassAdapter - Creating brand-new static initializer in class org/springframework/format/datetime/standard/DurationFormatter
05:45:40.781 [main] DEBUG org.evosuite.runtime.agent.TransformerForTests - Going to instrument: org.springframework.format.Formatter
05:45:40.782 [main] DEBUG org.evosuite.runtime.agent.TransformerForTests - Going to instrument: org.springframework.format.Printer
05:45:40.782 [main] DEBUG org.evosuite.runtime.agent.TransformerForTests - Going to instrument: org.springframework.format.Parser
05:45:40.783 [main] DEBUG org.evosuite.runtime.agent.TransformerForTests - Going to instrument: org.springframework.context.annotation.Scope
05:45:40.784 [main] DEBUG org.evosuite.runtime.agent.TransformerForTests - Going to instrument: org.springframework.beans.factory.FactoryBean
05:45:40.786 [main] DEBUG org.evosuite.runtime.agent.TransformerForTests - Going to instrument: org.springframework.boot.BeanDefinitionLoader
05:45:40.786 [main] INFO org.evosuite.runtime.instrumentation.MethodCallReplacementClassAdapter - Adding mock interface to class org/springframework/boot/BeanDefinitionLoader
05:45:40.791 [main] INFO org.evosuite.runtime.instrumentation.CreateClassResetClassAdapter - Creating brand-new static initializer in class org/springframework/boot/BeanDefinitionLoader
05:45:40.792 [main] DEBUG org.evosuite.runtime.agent.TransformerForTests - Going to instrument: org.springframework.beans.factory.support.BeanDefinitionReader
05:45:40.793 [main] DEBUG org.evosuite.runtime.agent.TransformerForTests - Going to instrument: org.springframework.core.type.filter.TypeFilter
05:45:40.794 [main] DEBUG org.evosuite.runtime.agent.TransformerForTests - Going to instrument: org.springframework.beans.factory.BeanDefinitionStoreException
05:45:40.794 [main] INFO org.evosuite.runtime.instrumentation.MethodCallReplacementClassAdapter - Adding mock interface to class org/springframework/beans/factory/BeanDefinitionStoreException
05:45:40.795 [main] INFO org.evosuite.runtime.instrumentation.CreateClassResetClassAdapter - Creating brand-new static initializer in class org/springframework/beans/factory/BeanDefinitionStoreException
05:45:40.796 [main] DEBUG org.evosuite.runtime.agent.TransformerForTests - Going to instrument: org.springframework.core.annotation.AnnotationFilter$2
05:45:40.796 [main] INFO org.evosuite.runtime.instrumentation.MethodCallReplacementClassAdapter - Adding mock interface to class org/springframework/core/annotation/AnnotationFilter$2
05:45:40.797 [main] DEBUG org.evosuite.runtime.agent.TransformerForTests - Going to instrument: org.springframework.core.annotation.AnnotationFilter
05:45:40.798 [main] DEBUG org.evosuite.runtime.agent.TransformerForTests - Going to instrument: org.springframework.core.annotation.PackagesAnnotationFilter
05:45:40.798 [main] INFO org.evosuite.runtime.instrumentation.MethodCallReplacementClassAdapter - Adding mock interface to class org/springframework/core/annotation/PackagesAnnotationFilter
05:45:40.799 [main] INFO org.evosuite.runtime.instrumentation.CreateClassResetClassAdapter - Creating brand-new static initializer in class org/springframework/core/annotation/PackagesAnnotationFilter
05:45:40.801 [main] DEBUG org.evosuite.runtime.agent.TransformerForTests - Going to instrument: org.springframework.util.StringUtils
05:45:40.802 [main] INFO org.evosuite.runtime.instrumentation.MethodCallReplacementClassAdapter - Adding mock interface to class org/springframework/util/StringUtils
05:45:40.808 [main] INFO org.evosuite.runtime.instrumentation.CreateClassResetClassAdapter - Found static initializer in class org/springframework/util/StringUtils
05:45:40.810 [main] DEBUG org.evosuite.runtime.agent.TransformerForTests - Going to instrument: org.springframework.core.annotation.AnnotationFilter$1
05:45:40.810 [main] INFO org.evosuite.runtime.instrumentation.MethodCallReplacementClassAdapter - Adding mock interface to class org/springframework/core/annotation/AnnotationFilter$1
05:45:40.812 [main] DEBUG org.evosuite.runtime.agent.TransformerForTests - Going to instrument: org.yaml.snakeyaml.resolver.Resolver
05:45:40.812 [main] INFO org.evosuite.runtime.instrumentation.MethodCallReplacementClassAdapter - Adding mock interface to class org/yaml/snakeyaml/resolver/Resolver
05:45:40.814 [main] INFO org.evosuite.runtime.instrumentation.CreateClassResetClassAdapter - Found static initializer in class org/yaml/snakeyaml/resolver/Resolver
05:45:40.816 [main] DEBUG org.evosuite.runtime.agent.TransformerForTests - Going to instrument: org.springframework.boot.context.ContextIdApplicationContextInitializer
05:45:40.816 [main] INFO org.evosuite.runtime.instrumentation.MethodCallReplacementClassAdapter - Adding mock interface to class org/springframework/boot/context/ContextIdApplicationContextInitializer
05:45:40.817 [main] INFO org.evosuite.runtime.instrumentation.CreateClassResetClassAdapter - Creating brand-new static initializer in class org/springframework/boot/context/ContextIdApplicationContextInitializer
05:45:40.818 [main] DEBUG org.evosuite.runtime.agent.TransformerForTests - Going to instrument: org.springframework.expression.TypedValue
05:45:40.818 [main] INFO org.evosuite.runtime.instrumentation.MethodCallReplacementClassAdapter - Adding mock interface to class org/springframework/expression/TypedValue
05:45:40.819 [main] INFO org.evosuite.runtime.instrumentation.CreateClassResetClassAdapter - Found static initializer in class org/springframework/expression/TypedValue
05:45:40.820 [main] DEBUG org.evosuite.runtime.agent.TransformerForTests - Going to instrument: org.springframework.boot.autoconfigure.condition.ConditionalOnBean
05:45:40.821 [main] DEBUG org.evosuite.runtime.agent.TransformerForTests - Going to instrument: io.micrometer.core.instrument.Clock
05:45:40.822 [main] DEBUG org.evosuite.runtime.agent.TransformerForTests - Going to instrument: io.micrometer.core.instrument.Clock$1
05:45:40.822 [main] INFO org.evosuite.runtime.instrumentation.MethodCallReplacementClassAdapter - Adding mock interface to class io/micrometer/core/instrument/Clock$1
05:45:40.824 [main] DEBUG org.evosuite.runtime.agent.TransformerForTests - Going to instrument: org.springframework.core.type.classreading.SimpleMethodMetadataReadingVisitor
05:45:40.824 [main] INFO org.evosuite.runtime.instrumentation.MethodCallReplacementClassAdapter - Adding mock interface to class org/springframework/core/type/classreading/SimpleMethodMetadataReadingVisitor
05:45:40.825 [main] INFO org.evosuite.runtime.instrumentation.CreateClassResetClassAdapter - Creating brand-new static initializer in class org/springframework/core/type/classreading/SimpleMethodMetadataReadingVisitor
05:45:40.827 [main] DEBUG org.evosuite.runtime.agent.TransformerForTests - Going to instrument: org.springframework.asm.MethodVisitor
05:45:40.827 [main] INFO org.evosuite.runtime.instrumentation.MethodCallReplacementClassAdapter - Adding mock interface to class org/springframework/asm/MethodVisitor
05:45:40.830 [main] INFO org.evosuite.runtime.instrumentation.CreateClassResetClassAdapter - Creating brand-new static initializer in class org/springframework/asm/MethodVisitor
05:45:40.830 [main] INFO org.evosuite.runtime.instrumentation.CreateClassResetClassAdapter - Adding bytecode for initializing field REQUIRES_ASM5
05:45:40.831 [main] DEBUG org.evosuite.runtime.agent.TransformerForTests - Going to instrument: org.springframework.boot.context.properties.source.SpringIterableConfigurationPropertySource$Mappings
05:45:40.832 [main] INFO org.evosuite.runtime.instrumentation.MethodCallReplacementClassAdapter - Adding mock interface to class org/springframework/boot/context/properties/source/SpringIterableConfigurationPropertySource$Mappings
05:45:40.833 [main] INFO org.evosuite.runtime.instrumentation.CreateClassResetClassAdapter - Found static initializer in class org/springframework/boot/context/properties/source/SpringIterableConfigurationPropertySource$Mappings
05:45:40.835 [main] DEBUG org.evosuite.runtime.agent.TransformerForTests - Going to instrument: org.springframework.boot.context.properties.source.ConfigurationPropertyName
05:45:40.835 [main] INFO org.evosuite.runtime.instrumentation.MethodCallReplacementClassAdapter - Adding mock interface to class org/springframework/boot/context/properties/source/ConfigurationPropertyName
05:45:40.838 [main] INFO org.evosuite.runtime.instrumentation.CreateClassResetClassAdapter - Found static initializer in class org/springframework/boot/context/properties/source/ConfigurationPropertyName
05:45:40.841 [main] DEBUG org.evosuite.runtime.agent.TransformerForTests - Going to instrument: org.springframework.beans.factory.support.BeanDefinitionRegistryPostProcessor
05:45:40.842 [main] DEBUG org.evosuite.runtime.agent.TransformerForTests - Going to instrument: org.springframework.beans.factory.config.BeanFactoryPostProcessor
05:45:40.843 [main] DEBUG org.evosuite.runtime.agent.TransformerForTests - Going to instrument: org.springframework.core.convert.support.GenericConversionService$ConvertersForPair
05:45:40.843 [main] INFO org.evosuite.runtime.instrumentation.MethodCallReplacementClassAdapter - Adding mock interface to class org/springframework/core/convert/support/GenericConversionService$ConvertersForPair
05:45:40.843 [main] INFO org.evosuite.runtime.instrumentation.CreateClassResetClassAdapter - Creating brand-new static initializer in class org/springframework/core/convert/support/GenericConversionService$ConvertersForPair
05:45:40.844 [main] DEBUG org.evosuite.runtime.agent.TransformerForTests - Going to instrument: org.springframework.boot.SpringApplicationBannerPrinter
05:45:40.845 [main] INFO org.evosuite.runtime.instrumentation.MethodCallReplacementClassAdapter - Adding mock interface to class org/springframework/boot/SpringApplicationBannerPrinter
05:45:40.846 [main] INFO org.evosuite.runtime.instrumentation.CreateClassResetClassAdapter - Found static initializer in class org/springframework/boot/SpringApplicationBannerPrinter
05:45:40.847 [main] DEBUG org.evosuite.runtime.agent.TransformerForTests - Going to instrument: org.springframework.core.ResolvableType$1
05:45:40.847 [main] INFO org.evosuite.runtime.instrumentation.MethodCallReplacementClassAdapter - Adding mock interface to class org/springframework/core/ResolvableType$1
05:45:40.850 [main] DEBUG org.evosuite.runtime.agent.TransformerForTests - Going to instrument: org.springframework.core.ResolvableType
05:45:40.851 [main] INFO org.evosuite.runtime.instrumentation.MethodCallReplacementClassAdapter - Adding mock interface to class org/springframework/core/ResolvableType
05:45:40.856 [main] INFO org.evosuite.runtime.instrumentation.CreateClassResetClassAdapter - Found static initializer in class org/springframework/core/ResolvableType
05:45:40.858 [main] DEBUG org.evosuite.runtime.agent.TransformerForTests - Going to instrument: org.springframework.core.ResolvableType$VariableResolver
05:45:40.858 [main] DEBUG org.evosuite.runtime.agent.TransformerForTests - Going to instrument: org.springframework.core.SerializableTypeWrapper$TypeProvider
05:45:40.859 [main] DEBUG org.evosuite.runtime.agent.TransformerForTests - Going to instrument: org.springframework.core.ResolvableType$EmptyType
05:45:40.859 [main] INFO org.evosuite.runtime.instrumentation.MethodCallReplacementClassAdapter - Adding mock interface to class org/springframework/core/ResolvableType$EmptyType
05:45:40.859 [main] INFO org.evosuite.runtime.instrumentation.CreateClassResetClassAdapter - Found static initializer in class org/springframework/core/ResolvableType$EmptyType
05:45:40.860 [main] DEBUG org.evosuite.runtime.agent.TransformerForTests - Going to instrument: org.springframework.boot.env.SpringApplicationJsonEnvironmentPostProcessor$JsonPropertySource
05:45:40.860 [main] INFO org.evosuite.runtime.instrumentation.MethodCallReplacementClassAdapter - Adding mock interface to class org/springframework/boot/env/SpringApplicationJsonEnvironmentPostProcessor$JsonPropertySource
05:45:40.861 [main] INFO org.evosuite.runtime.instrumentation.CreateClassResetClassAdapter - Creating brand-new static initializer in class org/springframework/boot/env/SpringApplicationJsonEnvironmentPostProcessor$JsonPropertySource
05:45:40.861 [main] DEBUG org.evosuite.runtime.agent.TransformerForTests - Going to instrument: org.springframework.boot.origin.OriginLookup
05:45:40.862 [main] DEBUG org.evosuite.runtime.agent.TransformerForTests - Going to instrument: org.springframework.core.env.MapPropertySource
05:45:40.862 [main] INFO org.evosuite.runtime.instrumentation.MethodCallReplacementClassAdapter - Adding mock interface to class org/springframework/core/env/MapPropertySource
05:45:40.862 [main] INFO org.evosuite.runtime.instrumentation.CreateClassResetClassAdapter - Creating brand-new static initializer in class org/springframework/core/env/MapPropertySource
05:45:40.862 [main] DEBUG org.evosuite.runtime.agent.TransformerForTests - Going to instrument: org.springframework.core.env.EnumerablePropertySource
05:45:40.862 [main] INFO org.evosuite.runtime.instrumentation.MethodCallReplacementClassAdapter - Adding mock interface to class org/springframework/core/env/EnumerablePropertySource
05:45:40.863 [main] INFO org.evosuite.runtime.instrumentation.CreateClassResetClassAdapter - Creating brand-new static initializer in class org/springframework/core/env/EnumerablePropertySource
05:45:40.863 [main] DEBUG org.evosuite.runtime.agent.TransformerForTests - Going to instrument: org.springframework.web.context.support.WebApplicationContextUtils$ResponseObjectFactory
05:45:40.863 [main] INFO org.evosuite.runtime.instrumentation.MethodCallReplacementClassAdapter - Adding mock interface to class org/springframework/web/context/support/WebApplicationContextUtils$ResponseObjectFactory
05:45:40.864 [main] INFO org.evosuite.runtime.instrumentation.CreateClassResetClassAdapter - Creating brand-new static initializer in class org/springframework/web/context/support/WebApplicationContextUtils$ResponseObjectFactory
05:45:40.865 [main] DEBUG org.evosuite.runtime.agent.TransformerForTests - Going to instrument: org.springframework.beans.factory.ObjectFactory
05:45:40.866 [main] DEBUG org.evosuite.runtime.agent.TransformerForTests - Going to instrument: org.springframework.beans.propertyeditors.URIEditor
05:45:40.866 [main] INFO org.evosuite.runtime.instrumentation.MethodCallReplacementClassAdapter - Adding mock interface to class org/springframework/beans/propertyeditors/URIEditor
05:45:40.867 [main] INFO org.evosuite.runtime.instrumentation.CreateClassResetClassAdapter - Creating brand-new static initializer in class org/springframework/beans/propertyeditors/URIEditor
05:45:40.868 [main] DEBUG org.evosuite.runtime.agent.TransformerForTests - Going to instrument: org.springframework.context.weaving.LoadTimeWeaverAware
05:45:40.869 [main] DEBUG org.evosuite.runtime.agent.TransformerForTests - Going to instrument: org.springframework.core.Conventions
05:45:40.870 [main] INFO org.evosuite.runtime.instrumentation.MethodCallReplacementClassAdapter - Adding mock interface to class org/springframework/core/Conventions
05:45:40.873 [main] INFO org.evosuite.runtime.instrumentation.CreateClassResetClassAdapter - Creating brand-new static initializer in class org/springframework/core/Conventions
05:45:40.873 [main] INFO org.evosuite.runtime.instrumentation.CreateClassResetClassAdapter - Adding bytecode for initializing field PLURAL_SUFFIX
05:45:40.875 [main] DEBUG org.evosuite.runtime.agent.TransformerForTests - Going to instrument: org.springframework.boot.context.properties.source.SoftReferenceConfigurationPropertyCache
05:45:40.876 [main] INFO org.evosuite.runtime.instrumentation.MethodCallReplacementClassAdapter - Adding mock interface to class org/springframework/boot/context/properties/source/SoftReferenceConfigurationPropertyCache
05:45:40.876 [main] INFO org.evosuite.runtime.instrumentation.CreateClassResetClassAdapter - Found static initializer in class org/springframework/boot/context/properties/source/SoftReferenceConfigurationPropertyCache
05:45:40.877 [main] DEBUG org.evosuite.runtime.agent.TransformerForTests - Going to instrument: org.springframework.boot.context.properties.source.ConfigurationPropertyCaching
05:45:40.879 [main] DEBUG org.evosuite.runtime.agent.TransformerForTests - Going to instrument: org.springframework.boot.convert.ArrayToDelimitedStringConverter
05:45:40.879 [main] INFO org.evosuite.runtime.instrumentation.MethodCallReplacementClassAdapter - Adding mock interface to class org/springframework/boot/convert/ArrayToDelimitedStringConverter
05:45:40.880 [main] INFO org.evosuite.runtime.instrumentation.CreateClassResetClassAdapter - Creating brand-new static initializer in class org/springframework/boot/convert/ArrayToDelimitedStringConverter
05:45:40.880 [main] DEBUG org.evosuite.runtime.agent.TransformerForTests - Going to instrument: com.fasterxml.jackson.core.Versioned
05:45:40.881 [main] DEBUG org.evosuite.runtime.agent.TransformerForTests - Going to instrument: io.micrometer.core.instrument.binder.MeterBinder
05:45:40.882 [main] DEBUG org.evosuite.runtime.agent.TransformerForTests - Going to instrument: org.springframework.aop.framework.AbstractAdvisingBeanPostProcessor
05:45:40.882 [main] INFO org.evosuite.runtime.instrumentation.MethodCallReplacementClassAdapter - Adding mock interface to class org/springframework/aop/framework/AbstractAdvisingBeanPostProcessor
05:45:40.882 [main] INFO org.evosuite.runtime.instrumentation.CreateClassResetClassAdapter - Creating brand-new static initializer in class org/springframework/aop/framework/AbstractAdvisingBeanPostProcessor
05:45:40.883 [main] DEBUG org.evosuite.runtime.agent.TransformerForTests - Going to instrument: org.springframework.aop.framework.ProxyProcessorSupport
05:45:40.883 [main] INFO org.evosuite.runtime.instrumentation.MethodCallReplacementClassAdapter - Adding mock interface to class org/springframework/aop/framework/ProxyProcessorSupport
05:45:40.884 [main] INFO org.evosuite.runtime.instrumentation.CreateClassResetClassAdapter - Creating brand-new static initializer in class org/springframework/aop/framework/ProxyProcessorSupport
05:45:40.884 [main] DEBUG org.evosuite.runtime.agent.TransformerForTests - Going to instrument: org.springframework.aop.framework.AopInfrastructureBean
05:45:40.885 [main] DEBUG org.evosuite.runtime.agent.TransformerForTests - Going to instrument: org.springframework.aop.framework.ProxyConfig
05:45:40.885 [main] INFO org.evosuite.runtime.instrumentation.MethodCallReplacementClassAdapter - Adding mock interface to class org/springframework/aop/framework/ProxyConfig
05:45:40.885 [main] INFO org.evosuite.runtime.instrumentation.CreateClassResetClassAdapter - Creating brand-new static initializer in class org/springframework/aop/framework/ProxyConfig
05:45:40.886 [main] DEBUG org.evosuite.runtime.agent.TransformerForTests - Going to instrument: org.springframework.core.annotation.MergedAnnotationSelectors
05:45:40.886 [main] INFO org.evosuite.runtime.instrumentation.MethodCallReplacementClassAdapter - Adding mock interface to class org/springframework/core/annotation/MergedAnnotationSelectors
05:45:40.886 [main] INFO org.evosuite.runtime.instrumentation.CreateClassResetClassAdapter - Found static initializer in class org/springframework/core/annotation/MergedAnnotationSelectors
05:45:40.887 [main] DEBUG org.evosuite.runtime.agent.TransformerForTests - Going to instrument: org.springframework.core.annotation.MergedAnnotationSelector
05:45:40.887 [main] DEBUG org.evosuite.runtime.agent.TransformerForTests - Going to instrument: org.springframework.core.annotation.MergedAnnotationSelectors$Nearest
05:45:40.888 [main] INFO org.evosuite.runtime.instrumentation.MethodCallReplacementClassAdapter - Adding mock interface to class org/springframework/core/annotation/MergedAnnotationSelectors$Nearest
05:45:40.888 [main] INFO org.evosuite.runtime.instrumentation.CreateClassResetClassAdapter - Creating brand-new static initializer in class org/springframework/core/annotation/MergedAnnotationSelectors$Nearest
05:45:40.889 [main] DEBUG org.evosuite.runtime.agent.TransformerForTests - Going to instrument: org.springframework.core.annotation.MergedAnnotationSelectors$FirstDirectlyDeclared
05:45:40.889 [main] INFO org.evosuite.runtime.instrumentation.MethodCallReplacementClassAdapter - Adding mock interface to class org/springframework/core/annotation/MergedAnnotationSelectors$FirstDirectlyDeclared
05:45:40.889 [main] INFO org.evosuite.runtime.instrumentation.CreateClassResetClassAdapter - Creating brand-new static initializer in class org/springframework/core/annotation/MergedAnnotationSelectors$FirstDirectlyDeclared
05:45:40.890 [main] DEBUG org.evosuite.runtime.agent.TransformerForTests - Going to instrument: org.springframework.web.context.support.ServletContextPropertySource
05:45:40.890 [main] INFO org.evosuite.runtime.instrumentation.MethodCallReplacementClassAdapter - Adding mock interface to class org/springframework/web/context/support/ServletContextPropertySource
05:45:40.890 [main] INFO org.evosuite.runtime.instrumentation.CreateClassResetClassAdapter - Creating brand-new static initializer in class org/springframework/web/context/support/ServletContextPropertySource
05:45:40.892 [main] DEBUG org.evosuite.runtime.agent.TransformerForTests - Going to instrument: org.springframework.boot.context.properties.bind.CollectionBinder
05:45:40.892 [main] INFO org.evosuite.runtime.instrumentation.MethodCallReplacementClassAdapter - Adding mock interface to class org/springframework/boot/context/properties/bind/CollectionBinder
05:45:40.893 [main] INFO org.evosuite.runtime.instrumentation.CreateClassResetClassAdapter - Creating brand-new static initializer in class org/springframework/boot/context/properties/bind/CollectionBinder
05:45:40.894 [main] DEBUG org.evosuite.runtime.agent.TransformerForTests - Going to instrument: org.springframework.boot.context.properties.bind.IndexedElementsBinder
05:45:40.894 [main] INFO org.evosuite.runtime.instrumentation.MethodCallReplacementClassAdapter - Adding mock interface to class org/springframework/boot/context/properties/bind/IndexedElementsBinder
05:45:40.895 [main] INFO org.evosuite.runtime.instrumentation.CreateClassResetClassAdapter - Creating brand-new static initializer in class org/springframework/boot/context/properties/bind/IndexedElementsBinder
05:45:40.895 [main] INFO org.evosuite.runtime.instrumentation.CreateClassResetClassAdapter - Adding bytecode for initializing field INDEX_ZERO
05:45:40.896 [main] DEBUG org.evosuite.runtime.agent.TransformerForTests - Going to instrument: org.springframework.boot.context.properties.bind.AggregateBinder
05:45:40.896 [main] INFO org.evosuite.runtime.instrumentation.MethodCallReplacementClassAdapter - Adding mock interface to class org/springframework/boot/context/properties/bind/AggregateBinder
05:45:40.896 [main] INFO org.evosuite.runtime.instrumentation.CreateClassResetClassAdapter - Creating brand-new static initializer in class org/springframework/boot/context/properties/bind/AggregateBinder
05:45:40.897 [main] DEBUG org.evosuite.runtime.agent.TransformerForTests - Going to instrument: org.springframework.boot.context.properties.bind.UnboundConfigurationPropertiesException
05:45:40.897 [main] INFO org.evosuite.runtime.instrumentation.MethodCallReplacementClassAdapter - Adding mock interface to class org/springframework/boot/context/properties/bind/UnboundConfigurationPropertiesException
05:45:40.897 [main] INFO org.evosuite.runtime.instrumentation.CreateClassResetClassAdapter - Creating brand-new static initializer in class org/springframework/boot/context/properties/bind/UnboundConfigurationPropertiesException
05:45:40.898 [main] DEBUG org.evosuite.runtime.agent.TransformerForTests - Going to instrument: org.springframework.beans.factory.support.DefaultBeanNameGenerator
05:45:40.898 [main] INFO org.evosuite.runtime.instrumentation.MethodCallReplacementClassAdapter - Adding mock interface to class org/springframework/beans/factory/support/DefaultBeanNameGenerator
05:45:40.899 [main] INFO org.evosuite.runtime.instrumentation.CreateClassResetClassAdapter - Found static initializer in class org/springframework/beans/factory/support/DefaultBeanNameGenerator
05:45:40.899 [main] DEBUG org.evosuite.runtime.agent.TransformerForTests - Going to instrument: org.springframework.beans.factory.support.BeanNameGenerator
05:45:40.901 [main] DEBUG org.evosuite.runtime.agent.TransformerForTests - Going to instrument: org.springframework.core.io.support.PathMatchingResourcePatternResolver
05:45:40.902 [main] INFO org.evosuite.runtime.instrumentation.MethodCallReplacementClassAdapter - Adding mock interface to class org/springframework/core/io/support/PathMatchingResourcePatternResolver
05:45:40.912 [main] INFO org.evosuite.runtime.instrumentation.CreateClassResetClassAdapter - Found static initializer in class org/springframework/core/io/support/PathMatchingResourcePatternResolver
05:45:40.916 [main] DEBUG org.evosuite.runtime.agent.TransformerForTests - Going to instrument: org.springframework.util.ClassUtils
05:45:40.918 [main] INFO org.evosuite.runtime.instrumentation.MethodCallReplacementClassAdapter - Adding mock interface to class org/springframework/util/ClassUtils
05:45:40.923 [main] INFO org.evosuite.runtime.instrumentation.CreateClassResetClassAdapter - Found static initializer in class org/springframework/util/ClassUtils
05:45:40.928 [main] DEBUG org.evosuite.runtime.agent.TransformerForTests - Going to instrument: org.springframework.boot.SpringApplication
05:45:40.930 [main] INFO org.evosuite.runtime.instrumentation.MethodCallReplacementClassAdapter - Adding mock interface to class org/springframework/boot/SpringApplication
05:45:40.940 [main] INFO org.evosuite.runtime.instrumentation.CreateClassResetClassAdapter - Found static initializer in class org/springframework/boot/SpringApplication
05:45:40.942 [main] DEBUG org.evosuite.runtime.agent.TransformerForTests - Going to instrument: org.springframework.boot.ApplicationArguments
05:45:40.943 [main] DEBUG org.evosuite.runtime.agent.TransformerForTests - Going to instrument: org.springframework.boot.ExitCodeEvent
05:45:40.943 [main] INFO org.evosuite.runtime.instrumentation.MethodCallReplacementClassAdapter - Adding mock interface to class org/springframework/boot/ExitCodeEvent
05:45:40.944 [main] INFO org.evosuite.runtime.instrumentation.CreateClassResetClassAdapter - Creating brand-new static initializer in class org/springframework/boot/ExitCodeEvent
05:45:40.944 [main] DEBUG org.evosuite.runtime.agent.TransformerForTests - Going to instrument: org.springframework.core.env.SimpleCommandLinePropertySource
05:45:40.944 [main] INFO org.evosuite.runtime.instrumentation.MethodCallReplacementClassAdapter - Adding mock interface to class org/springframework/core/env/SimpleCommandLinePropertySource
05:45:40.945 [main] INFO org.evosuite.runtime.instrumentation.CreateClassResetClassAdapter - Creating brand-new static initializer in class org/springframework/core/env/SimpleCommandLinePropertySource
05:45:40.945 [main] DEBUG org.evosuite.runtime.agent.TransformerForTests - Going to instrument: org.springframework.core.env.CommandLinePropertySource
05:45:40.945 [main] INFO org.evosuite.runtime.instrumentation.MethodCallReplacementClassAdapter - Adding mock interface to class org/springframework/core/env/CommandLinePropertySource
05:45:40.946 [main] INFO org.evosuite.runtime.instrumentation.CreateClassResetClassAdapter - Creating brand-new static initializer in class org/springframework/core/env/CommandLinePropertySource
05:45:40.946 [main] INFO org.evosuite.runtime.instrumentation.CreateClassResetClassAdapter - Adding bytecode for initializing field COMMAND_LINE_PROPERTY_SOURCE_NAME
05:45:40.946 [main] INFO org.evosuite.runtime.instrumentation.CreateClassResetClassAdapter - Adding bytecode for initializing field DEFAULT_NON_OPTION_ARGS_PROPERTY_NAME
05:45:40.947 [main] DEBUG org.evosuite.runtime.agent.TransformerForTests - Going to instrument: org.springframework.core.env.CompositePropertySource
05:45:40.947 [main] INFO org.evosuite.runtime.instrumentation.MethodCallReplacementClassAdapter - Adding mock interface to class org/springframework/core/env/CompositePropertySource
05:45:40.948 [main] INFO org.evosuite.runtime.instrumentation.CreateClassResetClassAdapter - Creating brand-new static initializer in class org/springframework/core/env/CompositePropertySource
05:45:40.949 [main] DEBUG org.evosuite.runtime.agent.TransformerForTests - Going to instrument: org.springframework.beans.propertyeditors.PathEditor
05:45:40.950 [main] INFO org.evosuite.runtime.instrumentation.MethodCallReplacementClassAdapter - Adding mock interface to class org/springframework/beans/propertyeditors/PathEditor
05:45:40.953 [main] INFO org.evosuite.runtime.instrumentation.CreateClassResetClassAdapter - Creating brand-new static initializer in class org/springframework/beans/propertyeditors/PathEditor
05:45:40.954 [main] DEBUG org.evosuite.runtime.agent.TransformerForTests - Going to instrument: org.yaml.snakeyaml.representer.BaseRepresenter
05:45:40.955 [main] INFO org.evosuite.runtime.instrumentation.MethodCallReplacementClassAdapter - Adding mock interface to class org/yaml/snakeyaml/representer/BaseRepresenter
05:45:40.956 [main] INFO org.evosuite.runtime.instrumentation.CreateClassResetClassAdapter - Creating brand-new static initializer in class org/yaml/snakeyaml/representer/BaseRepresenter
05:45:40.956 [main] DEBUG org.evosuite.runtime.agent.TransformerForTests - Going to instrument: org.yaml.snakeyaml.nodes.ScalarNode
05:45:40.957 [main] INFO org.evosuite.runtime.instrumentation.MethodCallReplacementClassAdapter - Adding mock interface to class org/yaml/snakeyaml/nodes/ScalarNode
05:45:40.958 [main] INFO org.evosuite.runtime.instrumentation.CreateClassResetClassAdapter - Creating brand-new static initializer in class org/yaml/snakeyaml/nodes/ScalarNode
05:45:40.959 [main] DEBUG org.evosuite.runtime.agent.TransformerForTests - Going to instrument: org.springframework.beans.factory.support.ImplicitlyAppearedSingletonException
05:45:40.959 [main] INFO org.evosuite.runtime.instrumentation.MethodCallReplacementClassAdapter - Adding mock interface to class org/springframework/beans/factory/support/ImplicitlyAppearedSingletonException
05:45:40.960 [main] INFO org.evosuite.runtime.instrumentation.CreateClassResetClassAdapter - Creating brand-new static initializer in class org/springframework/beans/factory/support/ImplicitlyAppearedSingletonException
05:45:40.961 [main] DEBUG org.evosuite.runtime.agent.TransformerForTests - Going to instrument: org.springframework.beans.PropertyBatchUpdateException
05:45:40.961 [main] INFO org.evosuite.runtime.instrumentation.MethodCallReplacementClassAdapter - Adding mock interface to class org/springframework/beans/PropertyBatchUpdateException
05:45:40.962 [main] INFO org.evosuite.runtime.instrumentation.CreateClassResetClassAdapter - Creating brand-new static initializer in class org/springframework/beans/PropertyBatchUpdateException
05:45:40.963 [main] DEBUG org.evosuite.runtime.agent.TransformerForTests - Going to instrument: org.springframework.http.HttpMessage
05:45:40.964 [main] DEBUG org.evosuite.runtime.agent.TransformerForTests - Going to instrument: org.springframework.boot.context.properties.bind.Bindable
05:45:40.964 [main] INFO org.evosuite.runtime.instrumentation.MethodCallReplacementClassAdapter - Adding mock interface to class org/springframework/boot/context/properties/bind/Bindable
05:45:40.965 [main] INFO org.evosuite.runtime.instrumentation.CreateClassResetClassAdapter - Found static initializer in class org/springframework/boot/context/properties/bind/Bindable
05:45:40.966 [main] DEBUG org.evosuite.runtime.agent.TransformerForTests - Going to instrument: org.springframework.boot.context.ConfigurationWarningsApplicationContextInitializer$ComponentScanPackageCheck
05:45:40.966 [main] INFO org.evosuite.runtime.instrumentation.MethodCallReplacementClassAdapter - Adding mock interface to class org/springframework/boot/context/ConfigurationWarningsApplicationContextInitializer$ComponentScanPackageCheck
05:45:40.967 [main] INFO org.evosuite.runtime.instrumentation.CreateClassResetClassAdapter - Found static initializer in class org/springframework/boot/context/ConfigurationWarningsApplicationContextInitializer$ComponentScanPackageCheck
05:45:40.967 [main] DEBUG org.evosuite.runtime.agent.TransformerForTests - Going to instrument: org.springframework.boot.context.ConfigurationWarningsApplicationContextInitializer$Check
05:45:40.968 [main] DEBUG org.evosuite.runtime.agent.TransformerForTests - Going to instrument: org.springframework.scheduling.concurrent.CustomizableThreadFactory
05:45:40.968 [main] INFO org.evosuite.runtime.instrumentation.MethodCallReplacementClassAdapter - Adding mock interface to class org/springframework/scheduling/concurrent/CustomizableThreadFactory
05:45:40.969 [main] INFO org.evosuite.runtime.instrumentation.CreateClassResetClassAdapter - Creating brand-new static initializer in class org/springframework/scheduling/concurrent/CustomizableThreadFactory
05:45:40.969 [main] DEBUG org.evosuite.runtime.agent.TransformerForTests - Going to instrument: org.springframework.util.CustomizableThreadCreator
05:45:40.970 [main] INFO org.evosuite.runtime.instrumentation.MethodCallReplacementClassAdapter - Adding mock interface to class org/springframework/util/CustomizableThreadCreator
05:45:40.971 [main] INFO org.evosuite.runtime.instrumentation.CreateClassResetClassAdapter - Creating brand-new static initializer in class org/springframework/util/CustomizableThreadCreator
05:45:40.973 [main] DEBUG org.evosuite.runtime.agent.TransformerForTests - Going to instrument: org.springframework.core.convert.support.ArrayToArrayConverter
05:45:40.973 [main] INFO org.evosuite.runtime.instrumentation.MethodCallReplacementClassAdapter - Adding mock interface to class org/springframework/core/convert/support/ArrayToArrayConverter
05:45:40.974 [main] INFO org.evosuite.runtime.instrumentation.CreateClassResetClassAdapter - Creating brand-new static initializer in class org/springframework/core/convert/support/ArrayToArrayConverter
05:45:40.976 [main] DEBUG org.evosuite.runtime.agent.TransformerForTests - Going to instrument: org.springframework.expression.TypeConverter
05:45:40.977 [main] DEBUG org.evosuite.runtime.agent.TransformerForTests - Going to instrument: org.springframework.boot.web.context.ServerPortInfoApplicationContextInitializer
05:45:40.977 [main] INFO org.evosuite.runtime.instrumentation.MethodCallReplacementClassAdapter - Adding mock interface to class org/springframework/boot/web/context/ServerPortInfoApplicationContextInitializer
05:45:40.979 [main] INFO org.evosuite.runtime.instrumentation.CreateClassResetClassAdapter - Creating brand-new static initializer in class org/springframework/boot/web/context/ServerPortInfoApplicationContextInitializer
05:45:40.980 [main] DEBUG org.evosuite.runtime.agent.TransformerForTests - Going to instrument: org.springframework.context.ApplicationListener
05:45:40.981 [main] DEBUG org.evosuite.runtime.agent.TransformerForTests - Going to instrument: org.springframework.boot.convert.ApplicationConversionService
05:45:40.981 [main] INFO org.evosuite.runtime.instrumentation.MethodCallReplacementClassAdapter - Adding mock interface to class org/springframework/boot/convert/ApplicationConversionService
05:45:40.981 [main] INFO org.evosuite.runtime.instrumentation.CreateClassResetClassAdapter - Creating brand-new static initializer in class org/springframework/boot/convert/ApplicationConversionService
05:45:40.981 [main] INFO org.evosuite.runtime.instrumentation.CreateClassResetClassAdapter - Adding bytecode for initializing field sharedInstance
05:45:40.982 [main] DEBUG org.evosuite.runtime.agent.TransformerForTests - Going to instrument: org.springframework.format.support.FormattingConversionService
05:45:40.982 [main] INFO org.evosuite.runtime.instrumentation.MethodCallReplacementClassAdapter - Adding mock interface to class org/springframework/format/support/FormattingConversionService
05:45:40.984 [main] INFO org.evosuite.runtime.instrumentation.CreateClassResetClassAdapter - Creating brand-new static initializer in class org/springframework/format/support/FormattingConversionService
05:45:40.984 [main] DEBUG org.evosuite.runtime.agent.TransformerForTests - Going to instrument: org.springframework.format.FormatterRegistry
05:45:40.985 [main] DEBUG org.evosuite.runtime.agent.TransformerForTests - Going to instrument: org.springframework.core.convert.converter.ConverterRegistry
05:45:40.985 [main] DEBUG org.evosuite.runtime.agent.TransformerForTests - Going to instrument: org.springframework.context.EmbeddedValueResolverAware
05:45:40.986 [main] DEBUG org.evosuite.runtime.agent.TransformerForTests - Going to instrument: org.springframework.core.convert.support.GenericConversionService
05:45:40.987 [main] INFO org.evosuite.runtime.instrumentation.MethodCallReplacementClassAdapter - Adding mock interface to class org/springframework/core/convert/support/GenericConversionService
05:45:40.989 [main] INFO org.evosuite.runtime.instrumentation.CreateClassResetClassAdapter - Found static initializer in class org/springframework/core/convert/support/GenericConversionService
05:45:40.990 [main] DEBUG org.evosuite.runtime.agent.TransformerForTests - Going to instrument: org.springframework.core.convert.support.ConfigurableConversionService
05:45:40.991 [main] DEBUG org.evosuite.runtime.agent.TransformerForTests - Going to instrument: org.springframework.core.convert.ConverterNotFoundException
05:45:40.991 [main] INFO org.evosuite.runtime.instrumentation.MethodCallReplacementClassAdapter - Adding mock interface to class org/springframework/core/convert/ConverterNotFoundException
05:45:40.992 [main] INFO org.evosuite.runtime.instrumentation.CreateClassResetClassAdapter - Creating brand-new static initializer in class org/springframework/core/convert/ConverterNotFoundException
05:45:40.992 [main] DEBUG org.evosuite.runtime.agent.TransformerForTests - Going to instrument: org.springframework.core.convert.ConversionException
05:45:40.992 [main] INFO org.evosuite.runtime.instrumentation.MethodCallReplacementClassAdapter - Adding mock interface to class org/springframework/core/convert/ConversionException
05:45:40.992 [main] INFO org.evosuite.runtime.instrumentation.CreateClassResetClassAdapter - Creating brand-new static initializer in class org/springframework/core/convert/ConversionException
05:45:40.993 [main] DEBUG org.evosuite.runtime.agent.TransformerForTests - Going to instrument: org.springframework.core.convert.ConversionFailedException
05:45:40.993 [main] INFO org.evosuite.runtime.instrumentation.MethodCallReplacementClassAdapter - Adding mock interface to class org/springframework/core/convert/ConversionFailedException
05:45:40.993 [main] INFO org.evosuite.runtime.instrumentation.CreateClassResetClassAdapter - Creating brand-new static initializer in class org/springframework/core/convert/ConversionFailedException
05:45:40.994 [main] DEBUG org.evosuite.runtime.agent.TransformerForTests - Going to instrument: org.springframework.core.convert.support.GenericConversionService$NoOpConverter
05:45:40.994 [main] INFO org.evosuite.runtime.instrumentation.MethodCallReplacementClassAdapter - Adding mock interface to class org/springframework/core/convert/support/GenericConversionService$NoOpConverter
05:45:40.994 [main] INFO org.evosuite.runtime.instrumentation.CreateClassResetClassAdapter - Creating brand-new static initializer in class org/springframework/core/convert/support/GenericConversionService$NoOpConverter
05:45:40.995 [main] DEBUG org.evosuite.runtime.agent.TransformerForTests - Going to instrument: org.springframework.beans.factory.support.BeanDefinitionOverrideException
05:45:40.995 [main] INFO org.evosuite.runtime.instrumentation.MethodCallReplacementClassAdapter - Adding mock interface to class org/springframework/beans/factory/support/BeanDefinitionOverrideException
05:45:40.996 [main] INFO org.evosuite.runtime.instrumentation.CreateClassResetClassAdapter - Creating brand-new static initializer in class org/springframework/beans/factory/support/BeanDefinitionOverrideException
05:45:40.997 [main] DEBUG org.evosuite.runtime.agent.TransformerForTests - Going to instrument: org.springframework.beans.factory.annotation.Autowire
05:45:40.997 [main] INFO org.evosuite.runtime.instrumentation.MethodCallReplacementClassAdapter - Adding mock interface to class org/springframework/beans/factory/annotation/Autowire
05:45:40.997 [main] INFO org.evosuite.runtime.instrumentation.CreateClassResetClassAdapter - Found static initializer in class org/springframework/beans/factory/annotation/Autowire
05:45:40.998 [main] DEBUG org.evosuite.runtime.agent.TransformerForTests - Going to instrument: org.springframework.boot.ClearCachesApplicationListener
05:45:40.998 [main] INFO org.evosuite.runtime.instrumentation.MethodCallReplacementClassAdapter - Adding mock interface to class org/springframework/boot/ClearCachesApplicationListener
05:45:40.999 [main] INFO org.evosuite.runtime.instrumentation.CreateClassResetClassAdapter - Creating brand-new static initializer in class org/springframework/boot/ClearCachesApplicationListener
05:45:41.000 [main] DEBUG org.evosuite.runtime.agent.TransformerForTests - Going to instrument: org.springframework.core.env.MutablePropertySources
05:45:41.000 [main] INFO org.evosuite.runtime.instrumentation.MethodCallReplacementClassAdapter - Adding mock interface to class org/springframework/core/env/MutablePropertySources
05:45:41.001 [main] INFO org.evosuite.runtime.instrumentation.CreateClassResetClassAdapter - Creating brand-new static initializer in class org/springframework/core/env/MutablePropertySources
05:45:41.002 [main] DEBUG org.evosuite.runtime.agent.TransformerForTests - Going to instrument: org.springframework.core.env.PropertySources
05:45:41.003 [main] DEBUG org.evosuite.runtime.agent.TransformerForTests - Going to instrument: org.springframework.boot.context.properties.source.ConfigurationPropertySourcesPropertySource
05:45:41.003 [main] INFO org.evosuite.runtime.instrumentation.MethodCallReplacementClassAdapter - Adding mock interface to class org/springframework/boot/context/properties/source/ConfigurationPropertySourcesPropertySource
05:45:41.003 [main] INFO org.evosuite.runtime.instrumentation.CreateClassResetClassAdapter - Creating brand-new static initializer in class org/springframework/boot/context/properties/source/ConfigurationPropertySourcesPropertySource
05:45:41.004 [main] DEBUG org.evosuite.runtime.agent.TransformerForTests - Going to instrument: org.springframework.data.jpa.repository.JpaRepository
05:45:41.005 [main] DEBUG org.evosuite.runtime.agent.TransformerForTests - Going to instrument: org.springframework.data.repository.PagingAndSortingRepository
05:45:41.006 [main] DEBUG org.evosuite.runtime.agent.TransformerForTests - Going to instrument: org.springframework.data.repository.CrudRepository
05:45:41.007 [main] DEBUG org.evosuite.runtime.agent.TransformerForTests - Going to instrument: org.springframework.data.repository.Repository
05:45:41.007 [main] DEBUG org.evosuite.runtime.agent.TransformerForTests - Going to instrument: org.springframework.data.repository.query.QueryByExampleExecutor
05:45:41.008 [main] DEBUG org.evosuite.runtime.agent.TransformerForTests - Going to instrument: org.springframework.util.ConcurrentReferenceHashMap$SoftEntryReference
05:45:41.009 [main] INFO org.evosuite.runtime.instrumentation.MethodCallReplacementClassAdapter - Adding mock interface to class org/springframework/util/ConcurrentReferenceHashMap$SoftEntryReference
05:45:41.009 [main] INFO org.evosuite.runtime.instrumentation.CreateClassResetClassAdapter - Creating brand-new static initializer in class org/springframework/util/ConcurrentReferenceHashMap$SoftEntryReference
05:45:41.010 [main] DEBUG org.evosuite.runtime.agent.TransformerForTests - Going to instrument: org.springframework.boot.context.properties.bind.DataObjectPropertyBinder
05:45:41.011 [main] DEBUG org.evosuite.runtime.agent.TransformerForTests - Going to instrument: org.springframework.context.annotation.DeferredImportSelector
05:45:41.011 [main] DEBUG org.evosuite.runtime.agent.TransformerForTests - Going to instrument: org.springframework.boot.convert.CharArrayFormatter
05:45:41.012 [main] INFO org.evosuite.runtime.instrumentation.MethodCallReplacementClassAdapter - Adding mock interface to class org/springframework/boot/convert/CharArrayFormatter
05:45:41.012 [main] INFO org.evosuite.runtime.instrumentation.CreateClassResetClassAdapter - Creating brand-new static initializer in class org/springframework/boot/convert/CharArrayFormatter
05:45:41.012 [main] DEBUG org.evosuite.runtime.agent.TransformerForTests - Going to instrument: org.springframework.boot.autoconfigure.SharedMetadataReaderFactoryContextInitializer
05:45:41.012 [main] INFO org.evosuite.runtime.instrumentation.MethodCallReplacementClassAdapter - Adding mock interface to class org/springframework/boot/autoconfigure/SharedMetadataReaderFactoryContextInitializer
05:45:41.012 [main] INFO org.evosuite.runtime.instrumentation.CreateClassResetClassAdapter - Creating brand-new static initializer in class org/springframework/boot/autoconfigure/SharedMetadataReaderFactoryContextInitializer
05:45:41.012 [main] INFO org.evosuite.runtime.instrumentation.CreateClassResetClassAdapter - Adding bytecode for initializing field BEAN_NAME
05:45:41.013 [main] DEBUG org.evosuite.runtime.agent.TransformerForTests - Going to instrument: org.springframework.asm.ClassVisitor
05:45:41.013 [main] INFO org.evosuite.runtime.instrumentation.MethodCallReplacementClassAdapter - Adding mock interface to class org/springframework/asm/ClassVisitor
05:45:41.015 [main] INFO org.evosuite.runtime.instrumentation.CreateClassResetClassAdapter - Creating brand-new static initializer in class org/springframework/asm/ClassVisitor
05:45:41.016 [main] DEBUG org.evosuite.runtime.agent.TransformerForTests - Going to instrument: org.springframework.boot.env.YamlPropertySourceLoader
05:45:41.016 [main] INFO org.evosuite.runtime.instrumentation.MethodCallReplacementClassAdapter - Adding mock interface to class org/springframework/boot/env/YamlPropertySourceLoader
05:45:41.018 [main] INFO org.evosuite.runtime.instrumentation.CreateClassResetClassAdapter - Creating brand-new static initializer in class org/springframework/boot/env/YamlPropertySourceLoader
05:45:41.018 [main] DEBUG org.evosuite.runtime.agent.TransformerForTests - Going to instrument: org.springframework.boot.env.PropertySourceLoader
05:45:41.019 [main] DEBUG org.evosuite.runtime.agent.TransformerForTests - Going to instrument: org.springframework.boot.env.OriginTrackedPropertiesLoader
05:45:41.019 [main] INFO org.evosuite.runtime.instrumentation.MethodCallReplacementClassAdapter - Adding mock interface to class org/springframework/boot/env/OriginTrackedPropertiesLoader
05:45:41.020 [main] INFO org.evosuite.runtime.instrumentation.CreateClassResetClassAdapter - Creating brand-new static initializer in class org/springframework/boot/env/OriginTrackedPropertiesLoader
05:45:41.021 [main] DEBUG org.evosuite.runtime.agent.TransformerForTests - Going to instrument: org.springframework.boot.origin.Origin
05:45:41.023 [main] DEBUG org.evosuite.runtime.agent.TransformerForTests - Going to instrument: org.springframework.beans.factory.config.DependencyDescriptor
05:45:41.023 [main] INFO org.evosuite.runtime.instrumentation.MethodCallReplacementClassAdapter - Adding mock interface to class org/springframework/beans/factory/config/DependencyDescriptor
05:45:41.025 [main] INFO org.evosuite.runtime.instrumentation.CreateClassResetClassAdapter - Creating brand-new static initializer in class org/springframework/beans/factory/config/DependencyDescriptor
05:45:41.026 [main] DEBUG org.evosuite.runtime.agent.TransformerForTests - Going to instrument: org.springframework.beans.factory.NoUniqueBeanDefinitionException
05:45:41.026 [main] INFO org.evosuite.runtime.instrumentation.MethodCallReplacementClassAdapter - Adding mock interface to class org/springframework/beans/factory/NoUniqueBeanDefinitionException
05:45:41.027 [main] INFO org.evosuite.runtime.instrumentation.CreateClassResetClassAdapter - Creating brand-new static initializer in class org/springframework/beans/factory/NoUniqueBeanDefinitionException
05:45:41.027 [main] DEBUG org.evosuite.runtime.agent.TransformerForTests - Going to instrument: org.springframework.beans.factory.NoSuchBeanDefinitionException
05:45:41.027 [main] INFO org.evosuite.runtime.instrumentation.MethodCallReplacementClassAdapter - Adding mock interface to class org/springframework/beans/factory/NoSuchBeanDefinitionException
05:45:41.028 [main] INFO org.evosuite.runtime.instrumentation.CreateClassResetClassAdapter - Creating brand-new static initializer in class org/springframework/beans/factory/NoSuchBeanDefinitionException
05:45:41.028 [main] DEBUG org.evosuite.runtime.agent.TransformerForTests - Going to instrument: org.springframework.beans.factory.config.DependencyDescriptor$1
05:45:41.028 [main] INFO org.evosuite.runtime.instrumentation.MethodCallReplacementClassAdapter - Adding mock interface to class org/springframework/beans/factory/config/DependencyDescriptor$1
05:45:41.029 [main] DEBUG org.evosuite.runtime.agent.TransformerForTests - Going to instrument: org.springframework.context.annotation.PropertySources
05:45:41.030 [main] DEBUG org.evosuite.runtime.agent.TransformerForTests - Going to instrument: org.yaml.snakeyaml.representer.SafeRepresenter$RepresentByteArray
05:45:41.030 [main] INFO org.evosuite.runtime.instrumentation.MethodCallReplacementClassAdapter - Adding mock interface to class org/yaml/snakeyaml/representer/SafeRepresenter$RepresentByteArray
05:45:41.030 [main] INFO org.evosuite.runtime.instrumentation.CreateClassResetClassAdapter - Creating brand-new static initializer in class org/yaml/snakeyaml/representer/SafeRepresenter$RepresentByteArray
05:45:41.031 [main] DEBUG org.evosuite.runtime.agent.TransformerForTests - Going to instrument: org.springframework.beans.PropertyAccessor
05:45:41.031 [main] DEBUG org.evosuite.runtime.agent.TransformerForTests - Going to instrument: org.springframework.boot.convert.DurationToStringConverter
05:45:41.031 [main] INFO org.evosuite.runtime.instrumentation.MethodCallReplacementClassAdapter - Adding mock interface to class org/springframework/boot/convert/DurationToStringConverter
05:45:41.032 [main] INFO org.evosuite.runtime.instrumentation.CreateClassResetClassAdapter - Creating brand-new static initializer in class org/springframework/boot/convert/DurationToStringConverter
05:45:41.035 [main] DEBUG org.evosuite.runtime.agent.TransformerForTests - Going to instrument: org.springframework.jdbc.core.JdbcTemplate
05:45:41.037 [main] INFO org.evosuite.runtime.instrumentation.MethodCallReplacementClassAdapter - Adding mock interface to class org/springframework/jdbc/core/JdbcTemplate
05:45:41.046 [main] INFO org.evosuite.runtime.instrumentation.CreateClassResetClassAdapter - Creating brand-new static initializer in class org/springframework/jdbc/core/JdbcTemplate
05:45:41.047 [main] INFO org.evosuite.runtime.instrumentation.CreateClassResetClassAdapter - Adding bytecode for initializing field RETURN_RESULT_SET_PREFIX
05:45:41.047 [main] INFO org.evosuite.runtime.instrumentation.CreateClassResetClassAdapter - Adding bytecode for initializing field RETURN_UPDATE_COUNT_PREFIX
05:45:41.048 [main] DEBUG org.evosuite.runtime.agent.TransformerForTests - Going to instrument: org.springframework.jdbc.core.JdbcOperations
05:45:41.050 [main] DEBUG org.evosuite.runtime.agent.TransformerForTests - Going to instrument: org.springframework.jdbc.support.JdbcAccessor
05:45:41.050 [main] INFO org.evosuite.runtime.instrumentation.MethodCallReplacementClassAdapter - Adding mock interface to class org/springframework/jdbc/support/JdbcAccessor
05:45:41.054 [main] INFO org.evosuite.runtime.instrumentation.CreateClassResetClassAdapter - Creating brand-new static initializer in class org/springframework/jdbc/support/JdbcAccessor
05:45:41.055 [main] DEBUG org.evosuite.runtime.agent.TransformerForTests - Going to instrument: org.springframework.jdbc.support.SQLExceptionTranslator
05:45:41.056 [main] DEBUG org.evosuite.runtime.agent.TransformerForTests - Going to instrument: org.springframework.jdbc.support.AbstractFallbackSQLExceptionTranslator
05:45:41.056 [main] INFO org.evosuite.runtime.instrumentation.MethodCallReplacementClassAdapter - Adding mock interface to class org/springframework/jdbc/support/AbstractFallbackSQLExceptionTranslator
05:45:41.056 [main] INFO org.evosuite.runtime.instrumentation.CreateClassResetClassAdapter - Creating brand-new static initializer in class org/springframework/jdbc/support/AbstractFallbackSQLExceptionTranslator
05:45:41.057 [main] DEBUG org.evosuite.runtime.agent.TransformerForTests - Going to instrument: org.springframework.jdbc.support.SQLErrorCodeSQLExceptionTranslator
05:45:41.058 [main] INFO org.evosuite.runtime.instrumentation.MethodCallReplacementClassAdapter - Adding mock interface to class org/springframework/jdbc/support/SQLErrorCodeSQLExceptionTranslator
05:45:41.063 [main] INFO org.evosuite.runtime.instrumentation.CreateClassResetClassAdapter - Creating brand-new static initializer in class org/springframework/jdbc/support/SQLErrorCodeSQLExceptionTranslator
05:45:41.063 [main] INFO org.evosuite.runtime.instrumentation.CreateClassResetClassAdapter - Adding bytecode for initializing field MESSAGE_ONLY_CONSTRUCTOR
05:45:41.063 [main] INFO org.evosuite.runtime.instrumentation.CreateClassResetClassAdapter - Adding bytecode for initializing field MESSAGE_THROWABLE_CONSTRUCTOR
05:45:41.063 [main] INFO org.evosuite.runtime.instrumentation.CreateClassResetClassAdapter - Adding bytecode for initializing field MESSAGE_SQLEX_CONSTRUCTOR
05:45:41.063 [main] INFO org.evosuite.runtime.instrumentation.CreateClassResetClassAdapter - Adding bytecode for initializing field MESSAGE_SQL_THROWABLE_CONSTRUCTOR
05:45:41.063 [main] INFO org.evosuite.runtime.instrumentation.CreateClassResetClassAdapter - Adding bytecode for initializing field MESSAGE_SQL_SQLEX_CONSTRUCTOR
05:45:41.064 [main] DEBUG org.evosuite.runtime.agent.TransformerForTests - Going to instrument: org.springframework.jdbc.support.SQLStateSQLExceptionTranslator
05:45:41.064 [main] INFO org.evosuite.runtime.instrumentation.MethodCallReplacementClassAdapter - Adding mock interface to class org/springframework/jdbc/support/SQLStateSQLExceptionTranslator
05:45:41.064 [main] INFO org.evosuite.runtime.instrumentation.CreateClassResetClassAdapter - Found static initializer in class org/springframework/jdbc/support/SQLStateSQLExceptionTranslator
05:45:41.065 [main] DEBUG org.evosuite.runtime.agent.TransformerForTests - Going to instrument: org.springframework.jdbc.core.PreparedStatementCreator
05:45:41.066 [main] DEBUG org.evosuite.runtime.agent.TransformerForTests - Going to instrument: org.springframework.jdbc.core.StatementCallback
05:45:41.068 [main] DEBUG org.evosuite.runtime.agent.TransformerForTests - Going to instrument: org.springframework.dao.DataAccessException
05:45:41.068 [main] INFO org.evosuite.runtime.instrumentation.MethodCallReplacementClassAdapter - Adding mock interface to class org/springframework/dao/DataAccessException
05:45:41.068 [main] INFO org.evosuite.runtime.instrumentation.CreateClassResetClassAdapter - Creating brand-new static initializer in class org/springframework/dao/DataAccessException
05:45:41.069 [main] DEBUG org.evosuite.runtime.agent.TransformerForTests - Going to instrument: org.springframework.jdbc.core.CallableStatementCreator
05:45:41.069 [main] DEBUG org.evosuite.runtime.agent.TransformerForTests - Going to instrument: org.springframework.jdbc.core.PreparedStatementCallback
05:45:41.070 [main] DEBUG org.evosuite.runtime.agent.TransformerForTests - Going to instrument: org.springframework.jdbc.core.ResultSetExtractor
05:45:41.070 [main] DEBUG org.evosuite.runtime.agent.TransformerForTests - Going to instrument: org.springframework.jdbc.core.BatchPreparedStatementSetter
05:45:41.071 [main] DEBUG org.evosuite.runtime.agent.TransformerForTests - Going to instrument: org.springframework.jdbc.UncategorizedSQLException
05:45:41.071 [main] INFO org.evosuite.runtime.instrumentation.MethodCallReplacementClassAdapter - Adding mock interface to class org/springframework/jdbc/UncategorizedSQLException
05:45:41.071 [main] INFO org.evosuite.runtime.instrumentation.CreateClassResetClassAdapter - Creating brand-new static initializer in class org/springframework/jdbc/UncategorizedSQLException
05:45:41.071 [main] DEBUG org.evosuite.runtime.agent.TransformerForTests - Going to instrument: org.springframework.dao.UncategorizedDataAccessException
05:45:41.071 [main] INFO org.evosuite.runtime.instrumentation.MethodCallReplacementClassAdapter - Adding mock interface to class org/springframework/dao/UncategorizedDataAccessException
05:45:41.072 [main] INFO org.evosuite.runtime.instrumentation.CreateClassResetClassAdapter - Creating brand-new static initializer in class org/springframework/dao/UncategorizedDataAccessException
05:45:41.072 [main] DEBUG org.evosuite.runtime.agent.TransformerForTests - Going to instrument: org.springframework.dao.NonTransientDataAccessException
05:45:41.072 [main] INFO org.evosuite.runtime.instrumentation.MethodCallReplacementClassAdapter - Adding mock interface to class org/springframework/dao/NonTransientDataAccessException
05:45:41.072 [main] INFO org.evosuite.runtime.instrumentation.CreateClassResetClassAdapter - Creating brand-new static initializer in class org/springframework/dao/NonTransientDataAccessException
05:45:41.073 [main] DEBUG org.evosuite.runtime.agent.TransformerForTests - Going to instrument: org.springframework.jdbc.SQLWarningException
05:45:41.073 [main] INFO org.evosuite.runtime.instrumentation.MethodCallReplacementClassAdapter - Adding mock interface to class org/springframework/jdbc/SQLWarningException
05:45:41.073 [main] INFO org.evosuite.runtime.instrumentation.CreateClassResetClassAdapter - Creating brand-new static initializer in class org/springframework/jdbc/SQLWarningException
05:45:41.074 [main] DEBUG org.evosuite.runtime.agent.TransformerForTests - Going to instrument: org.springframework.jdbc.core.RowMapper
05:45:41.075 [main] DEBUG org.evosuite.runtime.agent.TransformerForTests - Going to instrument: org.springframework.jdbc.core.PreparedStatementSetter
05:45:41.075 [main] DEBUG org.evosuite.runtime.agent.TransformerForTests - Going to instrument: org.springframework.jdbc.core.ResultSetSupportingSqlParameter
05:45:41.076 [main] INFO org.evosuite.runtime.instrumentation.MethodCallReplacementClassAdapter - Adding mock interface to class org/springframework/jdbc/core/ResultSetSupportingSqlParameter
05:45:41.076 [main] INFO org.evosuite.runtime.instrumentation.CreateClassResetClassAdapter - Creating brand-new static initializer in class org/springframework/jdbc/core/ResultSetSupportingSqlParameter
05:45:41.077 [main] DEBUG org.evosuite.runtime.agent.TransformerForTests - Going to instrument: org.springframework.jdbc.core.SqlParameter
05:45:41.077 [main] INFO org.evosuite.runtime.instrumentation.MethodCallReplacementClassAdapter - Adding mock interface to class org/springframework/jdbc/core/SqlParameter
05:45:41.077 [main] INFO org.evosuite.runtime.instrumentation.CreateClassResetClassAdapter - Creating brand-new static initializer in class org/springframework/jdbc/core/SqlParameter
05:45:41.078 [main] DEBUG org.evosuite.runtime.agent.TransformerForTests - Going to instrument: org.springframework.jdbc.core.SqlReturnResultSet
05:45:41.079 [main] INFO org.evosuite.runtime.instrumentation.MethodCallReplacementClassAdapter - Adding mock interface to class org/springframework/jdbc/core/SqlReturnResultSet
05:45:41.079 [main] INFO org.evosuite.runtime.instrumentation.CreateClassResetClassAdapter - Creating brand-new static initializer in class org/springframework/jdbc/core/SqlReturnResultSet
05:45:41.079 [main] DEBUG org.evosuite.runtime.agent.TransformerForTests - Going to instrument: org.springframework.jdbc.core.SqlOutParameter
05:45:41.080 [main] INFO org.evosuite.runtime.instrumentation.MethodCallReplacementClassAdapter - Adding mock interface to class org/springframework/jdbc/core/SqlOutParameter
05:45:41.080 [main] INFO org.evosuite.runtime.instrumentation.CreateClassResetClassAdapter - Creating brand-new static initializer in class org/springframework/jdbc/core/SqlOutParameter
05:45:41.081 [main] DEBUG org.evosuite.runtime.agent.TransformerForTests - Going to instrument: org.springframework.format.datetime.standard.DateTimeConverters$LocalDateTimeToLocalDateConverter
05:45:41.081 [main] INFO org.evosuite.runtime.instrumentation.MethodCallReplacementClassAdapter - Adding mock interface to class org/springframework/format/datetime/standard/DateTimeConverters$LocalDateTimeToLocalDateConverter
05:45:41.082 [main] INFO org.evosuite.runtime.instrumentation.CreateClassResetClassAdapter - Creating brand-new static initializer in class org/springframework/format/datetime/standard/DateTimeConverters$LocalDateTimeToLocalDateConverter
05:45:41.082 [main] DEBUG org.evosuite.runtime.agent.TransformerForTests - Going to instrument: org.springframework.aop.TargetClassAware
05:45:41.083 [main] DEBUG org.evosuite.runtime.agent.TransformerForTests - Going to instrument: org.springframework.core.SortedProperties
05:45:41.083 [main] INFO org.evosuite.runtime.instrumentation.MethodCallReplacementClassAdapter - Adding mock interface to class org/springframework/core/SortedProperties
05:45:41.084 [main] INFO org.evosuite.runtime.instrumentation.CreateClassResetClassAdapter - Found static initializer in class org/springframework/core/SortedProperties
05:45:41.086 [main] DEBUG org.evosuite.runtime.agent.TransformerForTests - Going to instrument: org.springframework.context.annotation.ImportBeanDefinitionRegistrar
05:45:41.087 [main] DEBUG org.evosuite.runtime.agent.TransformerForTests - Going to instrument: org.springframework.boot.context.properties.source.ConfigurationPropertyName$ElementCharPredicate
05:45:41.088 [main] DEBUG org.evosuite.runtime.agent.TransformerForTests - Going to instrument: org.springframework.boot.context.properties.bind.IndexedElementsBinder$IndexedCollectionSupplier
05:45:41.088 [main] INFO org.evosuite.runtime.instrumentation.MethodCallReplacementClassAdapter - Adding mock interface to class org/springframework/boot/context/properties/bind/IndexedElementsBinder$IndexedCollectionSupplier
05:45:41.088 [main] INFO org.evosuite.runtime.instrumentation.CreateClassResetClassAdapter - Creating brand-new static initializer in class org/springframework/boot/context/properties/bind/IndexedElementsBinder$IndexedCollectionSupplier
05:45:41.089 [main] DEBUG org.evosuite.runtime.agent.TransformerForTests - Going to instrument: org.springframework.boot.context.properties.bind.AggregateBinder$AggregateSupplier
05:45:41.089 [main] INFO org.evosuite.runtime.instrumentation.MethodCallReplacementClassAdapter - Adding mock interface to class org/springframework/boot/context/properties/bind/AggregateBinder$AggregateSupplier
05:45:41.089 [main] INFO org.evosuite.runtime.instrumentation.CreateClassResetClassAdapter - Creating brand-new static initializer in class org/springframework/boot/context/properties/bind/AggregateBinder$AggregateSupplier
05:45:41.090 [main] DEBUG org.evosuite.runtime.agent.TransformerForTests - Going to instrument: org.springframework.asm.AnnotationVisitor
05:45:41.090 [main] INFO org.evosuite.runtime.instrumentation.MethodCallReplacementClassAdapter - Adding mock interface to class org/springframework/asm/AnnotationVisitor
05:45:41.091 [main] INFO org.evosuite.runtime.instrumentation.CreateClassResetClassAdapter - Creating brand-new static initializer in class org/springframework/asm/AnnotationVisitor
05:45:41.092 [main] DEBUG org.evosuite.runtime.agent.TransformerForTests - Going to instrument: org.springframework.boot.context.ContextIdApplicationContextInitializer$ContextId
05:45:41.092 [main] INFO org.evosuite.runtime.instrumentation.MethodCallReplacementClassAdapter - Adding mock interface to class org/springframework/boot/context/ContextIdApplicationContextInitializer$ContextId
05:45:41.092 [main] INFO org.evosuite.runtime.instrumentation.CreateClassResetClassAdapter - Creating brand-new static initializer in class org/springframework/boot/context/ContextIdApplicationContextInitializer$ContextId
05:45:41.093 [main] DEBUG org.evosuite.runtime.agent.TransformerForTests - Going to instrument: org.springframework.boot.logging.LoggingInitializationContext
05:45:41.093 [main] INFO org.evosuite.runtime.instrumentation.MethodCallReplacementClassAdapter - Adding mock interface to class org/springframework/boot/logging/LoggingInitializationContext
05:45:41.093 [main] INFO org.evosuite.runtime.instrumentation.CreateClassResetClassAdapter - Creating brand-new static initializer in class org/springframework/boot/logging/LoggingInitializationContext
05:45:41.093 [main] DEBUG org.evosuite.runtime.agent.TransformerForTests - Going to instrument: org.springframework.core.annotation.AliasFor
05:45:41.094 [main] DEBUG org.evosuite.runtime.agent.TransformerForTests - Going to instrument: org.springframework.boot.context.properties.source.PropertyMapper
05:45:41.095 [main] DEBUG org.evosuite.runtime.agent.TransformerForTests - Going to instrument: org.springframework.boot.context.properties.source.InvalidConfigurationPropertyNameException
05:45:41.095 [main] INFO org.evosuite.runtime.instrumentation.MethodCallReplacementClassAdapter - Adding mock interface to class org/springframework/boot/context/properties/source/InvalidConfigurationPropertyNameException
05:45:41.095 [main] INFO org.evosuite.runtime.instrumentation.CreateClassResetClassAdapter - Creating brand-new static initializer in class org/springframework/boot/context/properties/source/InvalidConfigurationPropertyNameException
05:45:41.096 [main] DEBUG org.evosuite.runtime.agent.TransformerForTests - Going to instrument: org.springframework.boot.rsocket.context.RSocketPortInfoApplicationContextInitializer$Listener
05:45:41.097 [main] INFO org.evosuite.runtime.instrumentation.MethodCallReplacementClassAdapter - Adding mock interface to class org/springframework/boot/rsocket/context/RSocketPortInfoApplicationContextInitializer$Listener
05:45:41.098 [main] INFO org.evosuite.runtime.instrumentation.CreateClassResetClassAdapter - Creating brand-new static initializer in class org/springframework/boot/rsocket/context/RSocketPortInfoApplicationContextInitializer$Listener
05:45:41.098 [main] INFO org.evosuite.runtime.instrumentation.CreateClassResetClassAdapter - Adding bytecode for initializing field PROPERTY_NAME
05:45:41.099 [main] DEBUG org.evosuite.runtime.agent.TransformerForTests - Going to instrument: org.springframework.boot.env.OriginTrackedYamlLoader$LimitedResolver
05:45:41.099 [main] INFO org.evosuite.runtime.instrumentation.MethodCallReplacementClassAdapter - Adding mock interface to class org/springframework/boot/env/OriginTrackedYamlLoader$LimitedResolver
05:45:41.099 [main] INFO org.evosuite.runtime.instrumentation.CreateClassResetClassAdapter - Creating brand-new static initializer in class org/springframework/boot/env/OriginTrackedYamlLoader$LimitedResolver
05:45:41.099 [main] DEBUG org.evosuite.runtime.agent.TransformerForTests - Going to instrument: org.springframework.core.convert.support.GenericConversionService$ConverterCacheKey
05:45:41.099 [main] INFO org.evosuite.runtime.instrumentation.MethodCallReplacementClassAdapter - Adding mock interface to class org/springframework/core/convert/support/GenericConversionService$ConverterCacheKey
05:45:41.100 [main] INFO org.evosuite.runtime.instrumentation.CreateClassResetClassAdapter - Creating brand-new static initializer in class org/springframework/core/convert/support/GenericConversionService$ConverterCacheKey
05:45:41.100 [main] DEBUG org.evosuite.runtime.agent.TransformerForTests - Going to instrument: org.springframework.expression.spel.SpelParserConfiguration
05:45:41.100 [main] INFO org.evosuite.runtime.instrumentation.MethodCallReplacementClassAdapter - Adding mock interface to class org/springframework/expression/spel/SpelParserConfiguration
05:45:41.101 [main] INFO org.evosuite.runtime.instrumentation.CreateClassResetClassAdapter - Found static initializer in class org/springframework/expression/spel/SpelParserConfiguration
05:45:41.102 [main] DEBUG org.evosuite.runtime.agent.TransformerForTests - Going to instrument: org.springframework.expression.spel.SpelCompilerMode
05:45:41.102 [main] INFO org.evosuite.runtime.instrumentation.MethodCallReplacementClassAdapter - Adding mock interface to class org/springframework/expression/spel/SpelCompilerMode
05:45:41.102 [main] INFO org.evosuite.runtime.instrumentation.CreateClassResetClassAdapter - Found static initializer in class org/springframework/expression/spel/SpelCompilerMode
05:45:41.103 [main] DEBUG org.evosuite.runtime.agent.TransformerForTests - Going to instrument: org.springframework.core.SerializableTypeWrapper$TypeProxyInvocationHandler
05:45:41.103 [main] INFO org.evosuite.runtime.instrumentation.MethodCallReplacementClassAdapter - Adding mock interface to class org/springframework/core/SerializableTypeWrapper$TypeProxyInvocationHandler
05:45:41.104 [main] INFO org.evosuite.runtime.instrumentation.CreateClassResetClassAdapter - Creating brand-new static initializer in class org/springframework/core/SerializableTypeWrapper$TypeProxyInvocationHandler
05:45:41.105 [main] DEBUG org.evosuite.runtime.agent.TransformerForTests - Going to instrument: org.springframework.core.annotation.RepeatableContainers
05:45:41.105 [main] INFO org.evosuite.runtime.instrumentation.MethodCallReplacementClassAdapter - Adding mock interface to class org/springframework/core/annotation/RepeatableContainers
05:45:41.106 [main] INFO org.evosuite.runtime.instrumentation.CreateClassResetClassAdapter - Creating brand-new static initializer in class org/springframework/core/annotation/RepeatableContainers
05:45:41.107 [main] DEBUG org.evosuite.runtime.agent.TransformerForTests - Going to instrument: org.springframework.core.annotation.RepeatableContainers$ExplicitRepeatableContainer
05:45:41.108 [main] INFO org.evosuite.runtime.instrumentation.MethodCallReplacementClassAdapter - Adding mock interface to class org/springframework/core/annotation/RepeatableContainers$ExplicitRepeatableContainer
05:45:41.109 [main] INFO org.evosuite.runtime.instrumentation.CreateClassResetClassAdapter - Creating brand-new static initializer in class org/springframework/core/annotation/RepeatableContainers$ExplicitRepeatableContainer
05:45:41.110 [main] DEBUG org.evosuite.runtime.agent.TransformerForTests - Going to instrument: org.springframework.core.annotation.RepeatableContainers$NoRepeatableContainers
05:45:41.110 [main] INFO org.evosuite.runtime.instrumentation.MethodCallReplacementClassAdapter - Adding mock interface to class org/springframework/core/annotation/RepeatableContainers$NoRepeatableContainers
05:45:41.110 [main] INFO org.evosuite.runtime.instrumentation.CreateClassResetClassAdapter - Found static initializer in class org/springframework/core/annotation/RepeatableContainers$NoRepeatableContainers
05:45:41.111 [main] DEBUG org.evosuite.runtime.agent.TransformerForTests - Going to instrument: org.springframework.core.annotation.RepeatableContainers$StandardRepeatableContainers
05:45:41.111 [main] INFO org.evosuite.runtime.instrumentation.MethodCallReplacementClassAdapter - Adding mock interface to class org/springframework/core/annotation/RepeatableContainers$StandardRepeatableContainers
05:45:41.111 [main] INFO org.evosuite.runtime.instrumentation.CreateClassResetClassAdapter - Found static initializer in class org/springframework/core/annotation/RepeatableContainers$StandardRepeatableContainers
05:45:41.113 [main] DEBUG org.evosuite.runtime.agent.TransformerForTests - Going to instrument: org.springframework.boot.autoconfigure.diagnostics.analyzer.NoSuchBeanDefinitionFailureAnalyzer
05:45:41.113 [main] INFO org.evosuite.runtime.instrumentation.MethodCallReplacementClassAdapter - Adding mock interface to class org/springframework/boot/autoconfigure/diagnostics/analyzer/NoSuchBeanDefinitionFailureAnalyzer
05:45:41.115 [main] INFO org.evosuite.runtime.instrumentation.CreateClassResetClassAdapter - Creating brand-new static initializer in class org/springframework/boot/autoconfigure/diagnostics/analyzer/NoSuchBeanDefinitionFailureAnalyzer
05:45:41.116 [main] DEBUG org.evosuite.runtime.agent.TransformerForTests - Going to instrument: org.springframework.boot.diagnostics.analyzer.AbstractInjectionFailureAnalyzer
05:45:41.117 [main] INFO org.evosuite.runtime.instrumentation.MethodCallReplacementClassAdapter - Adding mock interface to class org/springframework/boot/diagnostics/analyzer/AbstractInjectionFailureAnalyzer
05:45:41.117 [main] INFO org.evosuite.runtime.instrumentation.CreateClassResetClassAdapter - Creating brand-new static initializer in class org/springframework/boot/diagnostics/analyzer/AbstractInjectionFailureAnalyzer
05:45:41.118 [main] DEBUG org.evosuite.runtime.agent.TransformerForTests - Going to instrument: org.springframework.boot.logging.logback.WhitespaceThrowableProxyConverter
05:45:41.118 [main] INFO org.evosuite.runtime.instrumentation.MethodCallReplacementClassAdapter - Adding mock interface to class org/springframework/boot/logging/logback/WhitespaceThrowableProxyConverter
05:45:41.118 [main] INFO org.evosuite.runtime.instrumentation.CreateClassResetClassAdapter - Creating brand-new static initializer in class org/springframework/boot/logging/logback/WhitespaceThrowableProxyConverter
05:45:41.119 [main] DEBUG org.evosuite.runtime.agent.TransformerForTests - Going to instrument: org.springframework.boot.autoconfigure.condition.ConditionMessage$1
05:45:41.119 [main] INFO org.evosuite.runtime.instrumentation.MethodCallReplacementClassAdapter - Adding mock interface to class org/springframework/boot/autoconfigure/condition/ConditionMessage$1
05:45:41.120 [main] DEBUG org.evosuite.runtime.agent.TransformerForTests - Going to instrument: org.springframework.boot.context.properties.source.SystemEnvironmentPropertyMapper
05:45:41.120 [main] INFO org.evosuite.runtime.instrumentation.MethodCallReplacementClassAdapter - Adding mock interface to class org/springframework/boot/context/properties/source/SystemEnvironmentPropertyMapper
05:45:41.121 [main] INFO org.evosuite.runtime.instrumentation.CreateClassResetClassAdapter - Found static initializer in class org/springframework/boot/context/properties/source/SystemEnvironmentPropertyMapper
05:45:41.121 [main] DEBUG org.evosuite.runtime.agent.TransformerForTests - Going to instrument: org.springframework.boot.context.properties.source.DefaultPropertyMapper$LastMapping
05:45:41.121 [main] INFO org.evosuite.runtime.instrumentation.MethodCallReplacementClassAdapter - Adding mock interface to class org/springframework/boot/context/properties/source/DefaultPropertyMapper$LastMapping
05:45:41.122 [main] INFO org.evosuite.runtime.instrumentation.CreateClassResetClassAdapter - Creating brand-new static initializer in class org/springframework/boot/context/properties/source/DefaultPropertyMapper$LastMapping
05:45:41.122 [main] DEBUG org.evosuite.runtime.agent.TransformerForTests - Going to instrument: org.springframework.boot.autoconfigure.logging.ConditionEvaluationReportLoggingListener
05:45:41.123 [main] INFO org.evosuite.runtime.instrumentation.MethodCallReplacementClassAdapter - Adding mock interface to class org/springframework/boot/autoconfigure/logging/ConditionEvaluationReportLoggingListener
05:45:41.123 [main] INFO org.evosuite.runtime.instrumentation.CreateClassResetClassAdapter - Creating brand-new static initializer in class org/springframework/boot/autoconfigure/logging/ConditionEvaluationReportLoggingListener
05:45:41.124 [main] DEBUG org.evosuite.runtime.agent.TransformerForTests - Going to instrument: org.springframework.core.io.support.ResourceArrayPropertyEditor
05:45:41.124 [main] INFO org.evosuite.runtime.instrumentation.MethodCallReplacementClassAdapter - Adding mock interface to class org/springframework/core/io/support/ResourceArrayPropertyEditor
05:45:41.127 [main] INFO org.evosuite.runtime.instrumentation.CreateClassResetClassAdapter - Found static initializer in class org/springframework/core/io/support/ResourceArrayPropertyEditor
05:45:41.128 [main] DEBUG org.evosuite.runtime.agent.TransformerForTests - Going to instrument: org.springframework.core.convert.support.StringToCharsetConverter
05:45:41.128 [main] INFO org.evosuite.runtime.instrumentation.MethodCallReplacementClassAdapter - Adding mock interface to class org/springframework/core/convert/support/StringToCharsetConverter
05:45:41.128 [main] INFO org.evosuite.runtime.instrumentation.CreateClassResetClassAdapter - Creating brand-new static initializer in class org/springframework/core/convert/support/StringToCharsetConverter
05:45:41.128 [main] DEBUG org.evosuite.runtime.agent.TransformerForTests - Going to instrument: org.springframework.format.datetime.DateFormatterRegistrar$DateToLongConverter
05:45:41.129 [main] INFO org.evosuite.runtime.instrumentation.MethodCallReplacementClassAdapter - Adding mock interface to class org/springframework/format/datetime/DateFormatterRegistrar$DateToLongConverter
05:45:41.129 [main] INFO org.evosuite.runtime.instrumentation.CreateClassResetClassAdapter - Creating brand-new static initializer in class org/springframework/format/datetime/DateFormatterRegistrar$DateToLongConverter
05:45:41.130 [main] DEBUG org.evosuite.runtime.agent.TransformerForTests - Going to instrument: org.springframework.boot.logging.logback.DebugLogbackConfigurator
05:45:41.130 [main] INFO org.evosuite.runtime.instrumentation.MethodCallReplacementClassAdapter - Adding mock interface to class org/springframework/boot/logging/logback/DebugLogbackConfigurator
05:45:41.130 [main] INFO org.evosuite.runtime.instrumentation.CreateClassResetClassAdapter - Creating brand-new static initializer in class org/springframework/boot/logging/logback/DebugLogbackConfigurator
05:45:41.131 [main] DEBUG org.evosuite.runtime.agent.TransformerForTests - Going to instrument: org.springframework.boot.logging.logback.LogbackConfigurator
05:45:41.131 [main] INFO org.evosuite.runtime.instrumentation.MethodCallReplacementClassAdapter - Adding mock interface to class org/springframework/boot/logging/logback/LogbackConfigurator
05:45:41.131 [main] INFO org.evosuite.runtime.instrumentation.CreateClassResetClassAdapter - Creating brand-new static initializer in class org/springframework/boot/logging/logback/LogbackConfigurator
05:45:41.133 [main] DEBUG org.evosuite.runtime.agent.TransformerForTests - Going to instrument: org.springframework.util.NumberUtils
05:45:41.133 [main] INFO org.evosuite.runtime.instrumentation.MethodCallReplacementClassAdapter - Adding mock interface to class org/springframework/util/NumberUtils
05:45:41.135 [main] INFO org.evosuite.runtime.instrumentation.CreateClassResetClassAdapter - Found static initializer in class org/springframework/util/NumberUtils
05:45:41.136 [main] DEBUG org.evosuite.runtime.agent.TransformerForTests - Going to instrument: org.springframework.boot.autoconfigure.condition.OnClassCondition$OutcomesResolver
05:45:41.136 [main] DEBUG org.evosuite.runtime.agent.TransformerForTests - Going to instrument: org.springframework.core.convert.support.ConversionUtils
05:45:41.136 [main] INFO org.evosuite.runtime.instrumentation.MethodCallReplacementClassAdapter - Adding mock interface to class org/springframework/core/convert/support/ConversionUtils
05:45:41.137 [main] INFO org.evosuite.runtime.instrumentation.CreateClassResetClassAdapter - Creating brand-new static initializer in class org/springframework/core/convert/support/ConversionUtils
05:45:41.137 [main] DEBUG org.evosuite.runtime.agent.TransformerForTests - Going to instrument: org.springframework.format.datetime.standard.DateTimeConverters$InstantToLongConverter
05:45:41.137 [main] INFO org.evosuite.runtime.instrumentation.MethodCallReplacementClassAdapter - Adding mock interface to class org/springframework/format/datetime/standard/DateTimeConverters$InstantToLongConverter
05:45:41.137 [main] INFO org.evosuite.runtime.instrumentation.CreateClassResetClassAdapter - Creating brand-new static initializer in class org/springframework/format/datetime/standard/DateTimeConverters$InstantToLongConverter
05:45:41.138 [main] DEBUG org.evosuite.runtime.agent.TransformerForTests - Going to instrument: org.springframework.transaction.TransactionManager
05:45:41.139 [main] DEBUG org.evosuite.runtime.agent.TransformerForTests - Going to instrument: org.springframework.boot.context.properties.bind.BindConverter$TypeConverterConverter
05:45:41.139 [main] INFO org.evosuite.runtime.instrumentation.MethodCallReplacementClassAdapter - Adding mock interface to class org/springframework/boot/context/properties/bind/BindConverter$TypeConverterConverter
05:45:41.139 [main] INFO org.evosuite.runtime.instrumentation.CreateClassResetClassAdapter - Creating brand-new static initializer in class org/springframework/boot/context/properties/bind/BindConverter$TypeConverterConverter
05:45:41.140 [main] DEBUG org.evosuite.runtime.agent.TransformerForTests - Going to instrument: org.yaml.snakeyaml.nodes.NodeId
05:45:41.140 [main] INFO org.evosuite.runtime.instrumentation.MethodCallReplacementClassAdapter - Adding mock interface to class org/yaml/snakeyaml/nodes/NodeId
05:45:41.140 [main] INFO org.evosuite.runtime.instrumentation.CreateClassResetClassAdapter - Found static initializer in class org/yaml/snakeyaml/nodes/NodeId
05:45:41.141 [main] DEBUG org.evosuite.runtime.agent.TransformerForTests - Going to instrument: org.springframework.boot.context.properties.EnableConfigurationProperties
05:45:41.142 [main] DEBUG org.evosuite.runtime.agent.TransformerForTests - Going to instrument: org.springframework.beans.TypeConverter
05:45:41.143 [main] DEBUG org.evosuite.runtime.agent.TransformerForTests - Going to instrument: org.springframework.boot.context.properties.source.ConfigurationPropertySources
05:45:41.143 [main] INFO org.evosuite.runtime.instrumentation.MethodCallReplacementClassAdapter - Adding mock interface to class org/springframework/boot/context/properties/source/ConfigurationPropertySources
05:45:41.144 [main] INFO org.evosuite.runtime.instrumentation.CreateClassResetClassAdapter - Creating brand-new static initializer in class org/springframework/boot/context/properties/source/ConfigurationPropertySources
05:45:41.144 [main] INFO org.evosuite.runtime.instrumentation.CreateClassResetClassAdapter - Adding bytecode for initializing field ATTACHED_PROPERTY_SOURCE_NAME
05:45:41.144 [main] DEBUG org.evosuite.runtime.agent.TransformerForTests - Going to instrument: org.springframework.boot.autoconfigure.logging.ConditionEvaluationReportLoggingListener$ConditionEvaluationReportListener
05:45:41.145 [main] INFO org.evosuite.runtime.instrumentation.MethodCallReplacementClassAdapter - Adding mock interface to class org/springframework/boot/autoconfigure/logging/ConditionEvaluationReportLoggingListener$ConditionEvaluationReportListener
05:45:41.145 [main] INFO org.evosuite.runtime.instrumentation.CreateClassResetClassAdapter - Creating brand-new static initializer in class org/springframework/boot/autoconfigure/logging/ConditionEvaluationReportLoggingListener$ConditionEvaluationReportListener
05:45:41.145 [main] DEBUG org.evosuite.runtime.agent.TransformerForTests - Going to instrument: org.springframework.context.event.GenericApplicationListener
05:45:41.148 [main] DEBUG org.evosuite.runtime.agent.TransformerForTests - Going to instrument: org.springframework.jmx.export.MBeanExporter
05:45:41.148 [main] INFO org.evosuite.runtime.instrumentation.MethodCallReplacementClassAdapter - Adding mock interface to class org/springframework/jmx/export/MBeanExporter
05:45:41.153 [main] INFO org.evosuite.runtime.instrumentation.CreateClassResetClassAdapter - Found static initializer in class org/springframework/jmx/export/MBeanExporter
05:45:41.154 [main] DEBUG org.evosuite.runtime.agent.TransformerForTests - Going to instrument: org.springframework.jmx.export.MBeanExportOperations
05:45:41.155 [main] DEBUG org.evosuite.runtime.agent.TransformerForTests - Going to instrument: org.springframework.beans.factory.SmartInitializingSingleton
05:45:41.156 [main] DEBUG org.evosuite.runtime.agent.TransformerForTests - Going to instrument: org.springframework.jmx.support.MBeanRegistrationSupport
05:45:41.156 [main] INFO org.evosuite.runtime.instrumentation.MethodCallReplacementClassAdapter - Adding mock interface to class org/springframework/jmx/support/MBeanRegistrationSupport
05:45:41.157 [main] INFO org.evosuite.runtime.instrumentation.CreateClassResetClassAdapter - Creating brand-new static initializer in class org/springframework/jmx/support/MBeanRegistrationSupport
05:45:41.158 [main] DEBUG org.evosuite.runtime.agent.TransformerForTests - Going to instrument: org.springframework.jmx.export.assembler.MBeanInfoAssembler
05:45:41.159 [main] DEBUG org.evosuite.runtime.agent.TransformerForTests - Going to instrument: org.springframework.jmx.export.naming.ObjectNamingStrategy
05:45:41.159 [main] DEBUG org.evosuite.runtime.agent.TransformerForTests - Going to instrument: org.springframework.beans.factory.CannotLoadBeanClassException
05:45:41.159 [main] INFO org.evosuite.runtime.instrumentation.MethodCallReplacementClassAdapter - Adding mock interface to class org/springframework/beans/factory/CannotLoadBeanClassException
05:45:41.160 [main] INFO org.evosuite.runtime.instrumentation.CreateClassResetClassAdapter - Creating brand-new static initializer in class org/springframework/beans/factory/CannotLoadBeanClassException
05:45:41.160 [main] DEBUG org.evosuite.runtime.agent.TransformerForTests - Going to instrument: org.springframework.jmx.export.MBeanExportException
05:45:41.160 [main] INFO org.evosuite.runtime.instrumentation.MethodCallReplacementClassAdapter - Adding mock interface to class org/springframework/jmx/export/MBeanExportException
05:45:41.160 [main] INFO org.evosuite.runtime.instrumentation.CreateClassResetClassAdapter - Creating brand-new static initializer in class org/springframework/jmx/export/MBeanExportException
05:45:41.161 [main] DEBUG org.evosuite.runtime.agent.TransformerForTests - Going to instrument: org.springframework.jmx.JmxException
05:45:41.161 [main] INFO org.evosuite.runtime.instrumentation.MethodCallReplacementClassAdapter - Adding mock interface to class org/springframework/jmx/JmxException
05:45:41.161 [main] INFO org.evosuite.runtime.instrumentation.CreateClassResetClassAdapter - Creating brand-new static initializer in class org/springframework/jmx/JmxException
05:45:41.161 [main] DEBUG org.evosuite.runtime.agent.TransformerForTests - Going to instrument: org.springframework.jmx.export.UnableToRegisterMBeanException
05:45:41.161 [main] INFO org.evosuite.runtime.instrumentation.MethodCallReplacementClassAdapter - Adding mock interface to class org/springframework/jmx/export/UnableToRegisterMBeanException
05:45:41.161 [main] INFO org.evosuite.runtime.instrumentation.CreateClassResetClassAdapter - Creating brand-new static initializer in class org/springframework/jmx/export/UnableToRegisterMBeanException
05:45:41.162 [main] DEBUG org.evosuite.runtime.agent.TransformerForTests - Going to instrument: org.springframework.jmx.export.notification.NotificationPublisher
05:45:41.162 [main] DEBUG org.evosuite.runtime.agent.TransformerForTests - Going to instrument: org.springframework.aop.TargetSource
05:45:41.163 [main] DEBUG org.evosuite.runtime.agent.TransformerForTests - Going to instrument: org.springframework.jmx.export.SpringModelMBean
05:45:41.163 [main] INFO org.evosuite.runtime.instrumentation.MethodCallReplacementClassAdapter - Adding mock interface to class org/springframework/jmx/export/SpringModelMBean
05:45:41.164 [main] INFO org.evosuite.runtime.instrumentation.CreateClassResetClassAdapter - Creating brand-new static initializer in class org/springframework/jmx/export/SpringModelMBean
05:45:41.166 [main] DEBUG org.evosuite.runtime.agent.TransformerForTests - Going to instrument: org.springframework.util.ReflectionUtils
05:45:41.166 [main] INFO org.evosuite.runtime.instrumentation.MethodCallReplacementClassAdapter - Adding mock interface to class org/springframework/util/ReflectionUtils
05:45:41.171 [main] INFO org.evosuite.runtime.instrumentation.CreateClassResetClassAdapter - Found static initializer in class org/springframework/util/ReflectionUtils
05:45:41.173 [main] DEBUG org.evosuite.runtime.agent.TransformerForTests - Going to instrument: org.springframework.util.ReflectionUtils$MethodFilter
05:45:41.174 [main] DEBUG org.evosuite.runtime.agent.TransformerForTests - Going to instrument: org.springframework.util.ReflectionUtils$FieldFilter
05:45:41.176 [main] DEBUG org.evosuite.runtime.agent.TransformerForTests - Going to instrument: org.springframework.boot.autoconfigure.condition.SearchStrategy
05:45:41.176 [main] INFO org.evosuite.runtime.instrumentation.MethodCallReplacementClassAdapter - Adding mock interface to class org/springframework/boot/autoconfigure/condition/SearchStrategy
05:45:41.176 [main] INFO org.evosuite.runtime.instrumentation.CreateClassResetClassAdapter - Found static initializer in class org/springframework/boot/autoconfigure/condition/SearchStrategy
05:45:41.177 [main] DEBUG org.evosuite.runtime.agent.TransformerForTests - Going to instrument: org.springframework.boot.autoconfigure.condition.ConditionalOnMissingBean
05:45:41.178 [main] DEBUG org.evosuite.runtime.agent.TransformerForTests - Going to instrument: org.springframework.beans.factory.BeanExpressionException
05:45:41.178 [main] INFO org.evosuite.runtime.instrumentation.MethodCallReplacementClassAdapter - Adding mock interface to class org/springframework/beans/factory/BeanExpressionException
05:45:41.178 [main] INFO org.evosuite.runtime.instrumentation.CreateClassResetClassAdapter - Creating brand-new static initializer in class org/springframework/beans/factory/BeanExpressionException
05:45:41.180 [main] DEBUG org.evosuite.runtime.agent.TransformerForTests - Going to instrument: org.springframework.beans.factory.support.DefaultSingletonBeanRegistry
05:45:41.180 [main] INFO org.evosuite.runtime.instrumentation.MethodCallReplacementClassAdapter - Adding mock interface to class org/springframework/beans/factory/support/DefaultSingletonBeanRegistry
05:45:41.184 [main] INFO org.evosuite.runtime.instrumentation.CreateClassResetClassAdapter - Creating brand-new static initializer in class org/springframework/beans/factory/support/DefaultSingletonBeanRegistry
05:45:41.184 [main] INFO org.evosuite.runtime.instrumentation.CreateClassResetClassAdapter - Adding bytecode for initializing field SUPPRESSED_EXCEPTIONS_LIMIT
05:45:41.185 [main] DEBUG org.evosuite.runtime.agent.TransformerForTests - Going to instrument: org.springframework.beans.factory.config.SingletonBeanRegistry
05:45:41.186 [main] DEBUG org.evosuite.runtime.agent.TransformerForTests - Going to instrument: org.springframework.core.SimpleAliasRegistry
05:45:41.186 [main] INFO org.evosuite.runtime.instrumentation.MethodCallReplacementClassAdapter - Adding mock interface to class org/springframework/core/SimpleAliasRegistry
05:45:41.188 [main] INFO org.evosuite.runtime.instrumentation.CreateClassResetClassAdapter - Creating brand-new static initializer in class org/springframework/core/SimpleAliasRegistry
05:45:41.188 [main] DEBUG org.evosuite.runtime.agent.TransformerForTests - Going to instrument: org.springframework.core.AliasRegistry
05:45:41.189 [main] DEBUG org.evosuite.runtime.agent.TransformerForTests - Going to instrument: org.springframework.beans.factory.BeanCreationNotAllowedException
05:45:41.189 [main] INFO org.evosuite.runtime.instrumentation.MethodCallReplacementClassAdapter - Adding mock interface to class org/springframework/beans/factory/BeanCreationNotAllowedException
05:45:41.189 [main] INFO org.evosuite.runtime.instrumentation.CreateClassResetClassAdapter - Creating brand-new static initializer in class org/springframework/beans/factory/BeanCreationNotAllowedException
05:45:41.190 [main] DEBUG org.evosuite.runtime.agent.TransformerForTests - Going to instrument: org.springframework.beans.factory.BeanCurrentlyInCreationException
05:45:41.190 [main] INFO org.evosuite.runtime.instrumentation.MethodCallReplacementClassAdapter - Adding mock interface to class org/springframework/beans/factory/BeanCurrentlyInCreationException
05:45:41.190 [main] INFO org.evosuite.runtime.instrumentation.CreateClassResetClassAdapter - Creating brand-new static initializer in class org/springframework/beans/factory/BeanCurrentlyInCreationException
05:45:41.191 [main] DEBUG org.evosuite.runtime.agent.TransformerForTests - Going to instrument: org.springframework.core.type.classreading.SimpleMethodMetadataReadingVisitor$Source
05:45:41.191 [main] INFO org.evosuite.runtime.instrumentation.MethodCallReplacementClassAdapter - Adding mock interface to class org/springframework/core/type/classreading/SimpleMethodMetadataReadingVisitor$Source
05:45:41.191 [main] INFO org.evosuite.runtime.instrumentation.CreateClassResetClassAdapter - Creating brand-new static initializer in class org/springframework/core/type/classreading/SimpleMethodMetadataReadingVisitor$Source
05:45:41.192 [main] DEBUG org.evosuite.runtime.agent.TransformerForTests - Going to instrument: org.springframework.core.convert.support.StringToEnumConverterFactory
05:45:41.192 [main] INFO org.evosuite.runtime.instrumentation.MethodCallReplacementClassAdapter - Adding mock interface to class org/springframework/core/convert/support/StringToEnumConverterFactory
05:45:41.192 [main] INFO org.evosuite.runtime.instrumentation.CreateClassResetClassAdapter - Creating brand-new static initializer in class org/springframework/core/convert/support/StringToEnumConverterFactory
05:45:41.193 [main] DEBUG org.evosuite.runtime.agent.TransformerForTests - Going to instrument: org.springframework.format.datetime.DateFormatterRegistrar$LongToCalendarConverter
05:45:41.193 [main] INFO org.evosuite.runtime.instrumentation.MethodCallReplacementClassAdapter - Adding mock interface to class org/springframework/format/datetime/DateFormatterRegistrar$LongToCalendarConverter
05:45:41.193 [main] INFO org.evosuite.runtime.instrumentation.CreateClassResetClassAdapter - Creating brand-new static initializer in class org/springframework/format/datetime/DateFormatterRegistrar$LongToCalendarConverter
05:45:41.194 [main] DEBUG org.evosuite.runtime.agent.TransformerForTests - Going to instrument: org.springframework.core.type.AnnotationMetadata
05:45:41.195 [main] DEBUG org.evosuite.runtime.agent.TransformerForTests - Going to instrument: org.springframework.core.type.ClassMetadata
05:45:41.196 [main] DEBUG org.evosuite.runtime.agent.TransformerForTests - Going to instrument: org.springframework.core.type.AnnotatedTypeMetadata
05:45:41.197 [main] DEBUG org.evosuite.runtime.agent.TransformerForTests - Going to instrument: org.springframework.core.type.StandardClassMetadata
05:45:41.197 [main] INFO org.evosuite.runtime.instrumentation.MethodCallReplacementClassAdapter - Adding mock interface to class org/springframework/core/type/StandardClassMetadata
05:45:41.197 [main] INFO org.evosuite.runtime.instrumentation.CreateClassResetClassAdapter - Creating brand-new static initializer in class org/springframework/core/type/StandardClassMetadata
05:45:41.198 [main] DEBUG org.evosuite.runtime.agent.TransformerForTests - Going to instrument: org.springframework.boot.rsocket.context.RSocketPortInfoApplicationContextInitializer
05:45:41.198 [main] INFO org.evosuite.runtime.instrumentation.MethodCallReplacementClassAdapter - Adding mock interface to class org/springframework/boot/rsocket/context/RSocketPortInfoApplicationContextInitializer
05:45:41.198 [main] INFO org.evosuite.runtime.instrumentation.CreateClassResetClassAdapter - Creating brand-new static initializer in class org/springframework/boot/rsocket/context/RSocketPortInfoApplicationContextInitializer
05:45:41.198 [main] DEBUG org.evosuite.runtime.agent.TransformerForTests - Going to instrument: org.springframework.boot.context.event.ApplicationStartingEvent
05:45:41.199 [main] INFO org.evosuite.runtime.instrumentation.MethodCallReplacementClassAdapter - Adding mock interface to class org/springframework/boot/context/event/ApplicationStartingEvent
05:45:41.199 [main] INFO org.evosuite.runtime.instrumentation.CreateClassResetClassAdapter - Creating brand-new static initializer in class org/springframework/boot/context/event/ApplicationStartingEvent
05:45:41.210 [main] DEBUG org.evosuite.runtime.agent.TransformerForTests - Going to instrument: org.springframework.boot.autoconfigure.condition.OnClassCondition
05:45:41.211 [main] INFO org.evosuite.runtime.instrumentation.MethodCallReplacementClassAdapter - Adding mock interface to class org/springframework/boot/autoconfigure/condition/OnClassCondition
05:45:41.211 [main] INFO org.evosuite.runtime.instrumentation.CreateClassResetClassAdapter - Creating brand-new static initializer in class org/springframework/boot/autoconfigure/condition/OnClassCondition
05:45:41.214 [main] DEBUG org.evosuite.runtime.agent.TransformerForTests - Going to instrument: org.springframework.web.context.support.WebApplicationContextUtils$WebRequestObjectFactory
05:45:41.214 [main] INFO org.evosuite.runtime.instrumentation.MethodCallReplacementClassAdapter - Adding mock interface to class org/springframework/web/context/support/WebApplicationContextUtils$WebRequestObjectFactory
05:45:41.215 [main] INFO org.evosuite.runtime.instrumentation.CreateClassResetClassAdapter - Creating brand-new static initializer in class org/springframework/web/context/support/WebApplicationContextUtils$WebRequestObjectFactory
05:45:41.215 [main] DEBUG org.evosuite.runtime.agent.TransformerForTests - Going to instrument: org.springframework.web.context.request.WebRequest
05:45:41.216 [main] DEBUG org.evosuite.runtime.agent.TransformerForTests - Going to instrument: org.springframework.web.context.request.RequestAttributes
05:45:41.216 [main] DEBUG org.evosuite.runtime.agent.TransformerForTests - Going to instrument: org.springframework.transaction.PlatformTransactionManager
05:45:41.217 [main] DEBUG org.evosuite.runtime.agent.TransformerForTests - Going to instrument: org.springframework.format.datetime.DateFormatterRegistrar$CalendarToLongConverter
05:45:41.217 [main] INFO org.evosuite.runtime.instrumentation.MethodCallReplacementClassAdapter - Adding mock interface to class org/springframework/format/datetime/DateFormatterRegistrar$CalendarToLongConverter
05:45:41.217 [main] INFO org.evosuite.runtime.instrumentation.CreateClassResetClassAdapter - Creating brand-new static initializer in class org/springframework/format/datetime/DateFormatterRegistrar$CalendarToLongConverter
05:45:41.218 [main] DEBUG org.evosuite.runtime.agent.TransformerForTests - Going to instrument: org.springframework.boot.diagnostics.analyzer.NoUniqueBeanDefinitionFailureAnalyzer
05:45:41.218 [main] INFO org.evosuite.runtime.instrumentation.MethodCallReplacementClassAdapter - Adding mock interface to class org/springframework/boot/diagnostics/analyzer/NoUniqueBeanDefinitionFailureAnalyzer
05:45:41.219 [main] INFO org.evosuite.runtime.instrumentation.CreateClassResetClassAdapter - Creating brand-new static initializer in class org/springframework/boot/diagnostics/analyzer/NoUniqueBeanDefinitionFailureAnalyzer
05:45:41.220 [main] DEBUG org.evosuite.runtime.agent.TransformerForTests - Going to instrument: org.springframework.core.convert.support.EnumToStringConverter
05:45:41.220 [main] INFO org.evosuite.runtime.instrumentation.MethodCallReplacementClassAdapter - Adding mock interface to class org/springframework/core/convert/support/EnumToStringConverter
05:45:41.220 [main] INFO org.evosuite.runtime.instrumentation.CreateClassResetClassAdapter - Creating brand-new static initializer in class org/springframework/core/convert/support/EnumToStringConverter
05:45:41.221 [main] DEBUG org.evosuite.runtime.agent.TransformerForTests - Going to instrument: org.springframework.core.convert.support.AbstractConditionalEnumConverter
05:45:41.221 [main] INFO org.evosuite.runtime.instrumentation.MethodCallReplacementClassAdapter - Adding mock interface to class org/springframework/core/convert/support/AbstractConditionalEnumConverter
05:45:41.221 [main] INFO org.evosuite.runtime.instrumentation.CreateClassResetClassAdapter - Creating brand-new static initializer in class org/springframework/core/convert/support/AbstractConditionalEnumConverter
05:45:41.221 [main] DEBUG org.evosuite.runtime.agent.TransformerForTests - Going to instrument: org.springframework.expression.spel.SpelEvaluationException
05:45:41.222 [main] INFO org.evosuite.runtime.instrumentation.MethodCallReplacementClassAdapter - Adding mock interface to class org/springframework/expression/spel/SpelEvaluationException
05:45:41.222 [main] INFO org.evosuite.runtime.instrumentation.CreateClassResetClassAdapter - Creating brand-new static initializer in class org/springframework/expression/spel/SpelEvaluationException
05:45:41.222 [main] DEBUG org.evosuite.runtime.agent.TransformerForTests - Going to instrument: org.springframework.expression.EvaluationException
05:45:41.222 [main] INFO org.evosuite.runtime.instrumentation.MethodCallReplacementClassAdapter - Adding mock interface to class org/springframework/expression/EvaluationException
05:45:41.223 [main] INFO org.evosuite.runtime.instrumentation.CreateClassResetClassAdapter - Creating brand-new static initializer in class org/springframework/expression/EvaluationException
05:45:41.223 [main] DEBUG org.evosuite.runtime.agent.TransformerForTests - Going to instrument: org.springframework.expression.ExpressionException
05:45:41.223 [main] INFO org.evosuite.runtime.instrumentation.MethodCallReplacementClassAdapter - Adding mock interface to class org/springframework/expression/ExpressionException
05:45:41.223 [main] INFO org.evosuite.runtime.instrumentation.CreateClassResetClassAdapter - Creating brand-new static initializer in class org/springframework/expression/ExpressionException
05:45:41.224 [main] DEBUG org.evosuite.runtime.agent.TransformerForTests - Going to instrument: org.springframework.core.annotation.AnnotationTypeMapping$MirrorSets$MirrorSet
05:45:41.224 [main] INFO org.evosuite.runtime.instrumentation.MethodCallReplacementClassAdapter - Adding mock interface to class org/springframework/core/annotation/AnnotationTypeMapping$MirrorSets$MirrorSet
05:45:41.225 [main] INFO org.evosuite.runtime.instrumentation.CreateClassResetClassAdapter - Creating brand-new static initializer in class org/springframework/core/annotation/AnnotationTypeMapping$MirrorSets$MirrorSet
05:45:41.225 [main] DEBUG org.evosuite.runtime.agent.TransformerForTests - Going to instrument: org.springframework.core.annotation.AnnotationConfigurationException
05:45:41.225 [main] INFO org.evosuite.runtime.instrumentation.MethodCallReplacementClassAdapter - Adding mock interface to class org/springframework/core/annotation/AnnotationConfigurationException
05:45:41.225 [main] INFO org.evosuite.runtime.instrumentation.CreateClassResetClassAdapter - Creating brand-new static initializer in class org/springframework/core/annotation/AnnotationConfigurationException
05:45:41.226 [main] DEBUG org.evosuite.runtime.agent.TransformerForTests - Going to instrument: org.springframework.boot.env.SpringApplicationJsonEnvironmentPostProcessor
05:45:41.226 [main] INFO org.evosuite.runtime.instrumentation.MethodCallReplacementClassAdapter - Adding mock interface to class org/springframework/boot/env/SpringApplicationJsonEnvironmentPostProcessor
05:45:41.226 [main] INFO org.evosuite.runtime.instrumentation.CreateClassResetClassAdapter - Found static initializer in class org/springframework/boot/env/SpringApplicationJsonEnvironmentPostProcessor
05:45:41.226 [main] DEBUG org.evosuite.runtime.agent.TransformerForTests - Going to instrument: org.springframework.boot.env.EnvironmentPostProcessor
05:45:41.227 [main] DEBUG org.evosuite.runtime.agent.TransformerForTests - Going to instrument: org.springframework.boot.web.server.WebServerException
05:45:41.227 [main] INFO org.evosuite.runtime.instrumentation.MethodCallReplacementClassAdapter - Adding mock interface to class org/springframework/boot/web/server/WebServerException
05:45:41.228 [main] INFO org.evosuite.runtime.instrumentation.CreateClassResetClassAdapter - Creating brand-new static initializer in class org/springframework/boot/web/server/WebServerException
05:45:41.228 [main] DEBUG org.evosuite.runtime.agent.TransformerForTests - Going to instrument: org.springframework.expression.ParserContext
05:45:41.228 [main] DEBUG org.evosuite.runtime.agent.TransformerForTests - Going to instrument: org.springframework.expression.ParserContext$1
05:45:41.228 [main] INFO org.evosuite.runtime.instrumentation.MethodCallReplacementClassAdapter - Adding mock interface to class org/springframework/expression/ParserContext$1
05:45:41.229 [main] DEBUG org.evosuite.runtime.agent.TransformerForTests - Going to instrument: org.springframework.jndi.JndiAccessor
05:45:41.229 [main] INFO org.evosuite.runtime.instrumentation.MethodCallReplacementClassAdapter - Adding mock interface to class org/springframework/jndi/JndiAccessor
05:45:41.229 [main] INFO org.evosuite.runtime.instrumentation.CreateClassResetClassAdapter - Creating brand-new static initializer in class org/springframework/jndi/JndiAccessor
05:45:41.229 [main] DEBUG org.evosuite.runtime.agent.TransformerForTests - Going to instrument: org.springframework.boot.autoconfigure.condition.ConditionEvaluationReport$ConditionAndOutcome
05:45:41.229 [main] INFO org.evosuite.runtime.instrumentation.MethodCallReplacementClassAdapter - Adding mock interface to class org/springframework/boot/autoconfigure/condition/ConditionEvaluationReport$ConditionAndOutcome
05:45:41.230 [main] INFO org.evosuite.runtime.instrumentation.CreateClassResetClassAdapter - Creating brand-new static initializer in class org/springframework/boot/autoconfigure/condition/ConditionEvaluationReport$ConditionAndOutcome
05:45:41.230 [main] DEBUG org.evosuite.runtime.agent.TransformerForTests - Going to instrument: org.yaml.snakeyaml.constructor.SafeConstructor$ConstructYamlNull
05:45:41.230 [main] INFO org.evosuite.runtime.instrumentation.MethodCallReplacementClassAdapter - Adding mock interface to class org/yaml/snakeyaml/constructor/SafeConstructor$ConstructYamlNull
05:45:41.230 [main] INFO org.evosuite.runtime.instrumentation.CreateClassResetClassAdapter - Creating brand-new static initializer in class org/yaml/snakeyaml/constructor/SafeConstructor$ConstructYamlNull
05:45:41.231 [main] DEBUG org.evosuite.runtime.agent.TransformerForTests - Going to instrument: org.springframework.boot.context.ConfigurationWarningsApplicationContextInitializer
05:45:41.231 [main] INFO org.evosuite.runtime.instrumentation.MethodCallReplacementClassAdapter - Adding mock interface to class org/springframework/boot/context/ConfigurationWarningsApplicationContextInitializer
05:45:41.231 [main] INFO org.evosuite.runtime.instrumentation.CreateClassResetClassAdapter - Found static initializer in class org/springframework/boot/context/ConfigurationWarningsApplicationContextInitializer
05:45:41.231 [main] DEBUG org.evosuite.runtime.agent.TransformerForTests - Going to instrument: org.springframework.dao.annotation.PersistenceExceptionTranslationPostProcessor
05:45:41.232 [main] INFO org.evosuite.runtime.instrumentation.MethodCallReplacementClassAdapter - Adding mock interface to class org/springframework/dao/annotation/PersistenceExceptionTranslationPostProcessor
05:45:41.233 [main] INFO org.evosuite.runtime.instrumentation.CreateClassResetClassAdapter - Creating brand-new static initializer in class org/springframework/dao/annotation/PersistenceExceptionTranslationPostProcessor
05:45:41.233 [main] DEBUG org.evosuite.runtime.agent.TransformerForTests - Going to instrument: org.springframework.aop.framework.autoproxy.AbstractBeanFactoryAwareAdvisingPostProcessor
05:45:41.233 [main] INFO org.evosuite.runtime.instrumentation.MethodCallReplacementClassAdapter - Adding mock interface to class org/springframework/aop/framework/autoproxy/AbstractBeanFactoryAwareAdvisingPostProcessor
05:45:41.233 [main] INFO org.evosuite.runtime.instrumentation.CreateClassResetClassAdapter - Creating brand-new static initializer in class org/springframework/aop/framework/autoproxy/AbstractBeanFactoryAwareAdvisingPostProcessor
05:45:41.234 [main] DEBUG org.evosuite.runtime.agent.TransformerForTests - Going to instrument: org.springframework.aop.Advisor
05:45:41.235 [main] DEBUG org.evosuite.runtime.agent.TransformerForTests - Going to instrument: org.springframework.boot.context.properties.bind.PlaceholdersResolver
05:45:41.236 [main] DEBUG org.evosuite.runtime.agent.TransformerForTests - Going to instrument: org.springframework.beans.factory.parsing.NullSourceExtractor
05:45:41.236 [main] INFO org.evosuite.runtime.instrumentation.MethodCallReplacementClassAdapter - Adding mock interface to class org/springframework/beans/factory/parsing/NullSourceExtractor
05:45:41.236 [main] INFO org.evosuite.runtime.instrumentation.CreateClassResetClassAdapter - Creating brand-new static initializer in class org/springframework/beans/factory/parsing/NullSourceExtractor
05:45:41.236 [main] DEBUG org.evosuite.runtime.agent.TransformerForTests - Going to instrument: org.springframework.beans.factory.parsing.SourceExtractor
05:45:41.237 [main] DEBUG org.evosuite.runtime.agent.TransformerForTests - Going to instrument: org.springframework.boot.context.properties.source.ConfigurationPropertyName$Elements
05:45:41.238 [main] INFO org.evosuite.runtime.instrumentation.MethodCallReplacementClassAdapter - Adding mock interface to class org/springframework/boot/context/properties/source/ConfigurationPropertyName$Elements
05:45:41.238 [main] INFO org.evosuite.runtime.instrumentation.CreateClassResetClassAdapter - Found static initializer in class org/springframework/boot/context/properties/source/ConfigurationPropertyName$Elements
05:45:41.239 [main] DEBUG org.evosuite.runtime.agent.TransformerForTests - Going to instrument: org.springframework.boot.context.properties.source.ConfigurationPropertyName$ElementType
05:45:41.240 [main] INFO org.evosuite.runtime.instrumentation.MethodCallReplacementClassAdapter - Adding mock interface to class org/springframework/boot/context/properties/source/ConfigurationPropertyName$ElementType
05:45:41.240 [main] INFO org.evosuite.runtime.instrumentation.CreateClassResetClassAdapter - Found static initializer in class org/springframework/boot/context/properties/source/ConfigurationPropertyName$ElementType
05:45:41.241 [main] DEBUG org.evosuite.runtime.agent.TransformerForTests - Going to instrument: org.springframework.core.convert.support.FallbackObjectToStringConverter
05:45:41.241 [main] INFO org.evosuite.runtime.instrumentation.MethodCallReplacementClassAdapter - Adding mock interface to class org/springframework/core/convert/support/FallbackObjectToStringConverter
05:45:41.242 [main] INFO org.evosuite.runtime.instrumentation.CreateClassResetClassAdapter - Creating brand-new static initializer in class org/springframework/core/convert/support/FallbackObjectToStringConverter
05:45:41.243 [main] DEBUG org.evosuite.runtime.agent.TransformerForTests - Going to instrument: org.springframework.scheduling.concurrent.ThreadPoolTaskScheduler
05:45:41.244 [main] INFO org.evosuite.runtime.instrumentation.MethodCallReplacementClassAdapter - Adding mock interface to class org/springframework/scheduling/concurrent/ThreadPoolTaskScheduler
05:45:41.245 [main] INFO org.evosuite.runtime.instrumentation.CreateClassResetClassAdapter - Creating brand-new static initializer in class org/springframework/scheduling/concurrent/ThreadPoolTaskScheduler
05:45:41.245 [main] DEBUG org.evosuite.runtime.agent.TransformerForTests - Going to instrument: org.springframework.core.task.AsyncListenableTaskExecutor
05:45:41.246 [main] DEBUG org.evosuite.runtime.agent.TransformerForTests - Going to instrument: org.springframework.core.task.AsyncTaskExecutor
05:45:41.246 [main] DEBUG org.evosuite.runtime.agent.TransformerForTests - Going to instrument: org.springframework.core.task.TaskExecutor
05:45:41.246 [main] DEBUG org.evosuite.runtime.agent.TransformerForTests - Going to instrument: org.springframework.scheduling.SchedulingTaskExecutor
05:45:41.247 [main] DEBUG org.evosuite.runtime.agent.TransformerForTests - Going to instrument: org.springframework.scheduling.TaskScheduler
05:45:41.247 [main] DEBUG org.evosuite.runtime.agent.TransformerForTests - Going to instrument: org.springframework.scheduling.concurrent.ExecutorConfigurationSupport
05:45:41.247 [main] INFO org.evosuite.runtime.instrumentation.MethodCallReplacementClassAdapter - Adding mock interface to class org/springframework/scheduling/concurrent/ExecutorConfigurationSupport
05:45:41.249 [main] INFO org.evosuite.runtime.instrumentation.CreateClassResetClassAdapter - Creating brand-new static initializer in class org/springframework/scheduling/concurrent/ExecutorConfigurationSupport
05:45:41.250 [main] DEBUG org.evosuite.runtime.agent.TransformerForTests - Going to instrument: org.springframework.core.task.TaskRejectedException
05:45:41.250 [main] INFO org.evosuite.runtime.instrumentation.MethodCallReplacementClassAdapter - Adding mock interface to class org/springframework/core/task/TaskRejectedException
05:45:41.250 [main] INFO org.evosuite.runtime.instrumentation.CreateClassResetClassAdapter - Creating brand-new static initializer in class org/springframework/core/task/TaskRejectedException
05:45:41.251 [main] DEBUG org.evosuite.runtime.agent.TransformerForTests - Going to instrument: org.springframework.util.concurrent.ListenableFuture
05:45:41.251 [main] DEBUG org.evosuite.runtime.agent.TransformerForTests - Going to instrument: org.springframework.util.ConcurrentReferenceHashMap$TaskOption
05:45:41.251 [main] INFO org.evosuite.runtime.instrumentation.MethodCallReplacementClassAdapter - Adding mock interface to class org/springframework/util/ConcurrentReferenceHashMap$TaskOption
05:45:41.252 [main] INFO org.evosuite.runtime.instrumentation.CreateClassResetClassAdapter - Found static initializer in class org/springframework/util/ConcurrentReferenceHashMap$TaskOption
05:45:41.252 [main] DEBUG org.evosuite.runtime.agent.TransformerForTests - Going to instrument: org.springframework.context.annotation.ConfigurationClass$FinalConfigurationProblem
05:45:41.252 [main] INFO org.evosuite.runtime.instrumentation.MethodCallReplacementClassAdapter - Adding mock interface to class org/springframework/context/annotation/ConfigurationClass$FinalConfigurationProblem
05:45:41.252 [main] INFO org.evosuite.runtime.instrumentation.CreateClassResetClassAdapter - Creating brand-new static initializer in class org/springframework/context/annotation/ConfigurationClass$FinalConfigurationProblem
05:45:41.253 [main] DEBUG org.evosuite.runtime.agent.TransformerForTests - Going to instrument: org.springframework.beans.factory.parsing.Problem
05:45:41.253 [main] INFO org.evosuite.runtime.instrumentation.MethodCallReplacementClassAdapter - Adding mock interface to class org/springframework/beans/factory/parsing/Problem
05:45:41.253 [main] INFO org.evosuite.runtime.instrumentation.CreateClassResetClassAdapter - Creating brand-new static initializer in class org/springframework/beans/factory/parsing/Problem
05:45:41.253 [main] DEBUG org.evosuite.runtime.agent.TransformerForTests - Going to instrument: com.fasterxml.jackson.core.TreeCodec
05:45:41.253 [main] INFO org.evosuite.runtime.instrumentation.MethodCallReplacementClassAdapter - Adding mock interface to class com/fasterxml/jackson/core/TreeCodec
05:45:41.254 [main] INFO org.evosuite.runtime.instrumentation.CreateClassResetClassAdapter - Creating brand-new static initializer in class com/fasterxml/jackson/core/TreeCodec
05:45:41.254 [main] DEBUG org.evosuite.runtime.agent.TransformerForTests - Going to instrument: org.springframework.boot.convert.IsoOffsetFormatter
05:45:41.254 [main] INFO org.evosuite.runtime.instrumentation.MethodCallReplacementClassAdapter - Adding mock interface to class org/springframework/boot/convert/IsoOffsetFormatter
05:45:41.254 [main] INFO org.evosuite.runtime.instrumentation.CreateClassResetClassAdapter - Creating brand-new static initializer in class org/springframework/boot/convert/IsoOffsetFormatter
05:45:41.255 [main] DEBUG org.evosuite.runtime.agent.TransformerForTests - Going to instrument: org.springframework.boot.context.properties.source.IterableConfigurationPropertySource
05:45:41.255 [main] DEBUG org.evosuite.runtime.agent.TransformerForTests - Going to instrument: org.springframework.boot.context.properties.source.ConfigurationPropertySource
05:45:41.256 [main] DEBUG org.evosuite.runtime.agent.TransformerForTests - Going to instrument: org.springframework.core.StandardReflectionParameterNameDiscoverer
05:45:41.256 [main] INFO org.evosuite.runtime.instrumentation.MethodCallReplacementClassAdapter - Adding mock interface to class org/springframework/core/StandardReflectionParameterNameDiscoverer
05:45:41.257 [main] INFO org.evosuite.runtime.instrumentation.CreateClassResetClassAdapter - Creating brand-new static initializer in class org/springframework/core/StandardReflectionParameterNameDiscoverer
05:45:41.257 [main] DEBUG org.evosuite.runtime.agent.TransformerForTests - Going to instrument: org.springframework.core.ParameterNameDiscoverer
05:45:41.258 [main] DEBUG org.evosuite.runtime.agent.TransformerForTests - Going to instrument: org.springframework.context.event.EventListenerMethodProcessor
05:45:41.258 [main] INFO org.evosuite.runtime.instrumentation.MethodCallReplacementClassAdapter - Adding mock interface to class org/springframework/context/event/EventListenerMethodProcessor
05:45:41.259 [main] INFO org.evosuite.runtime.instrumentation.CreateClassResetClassAdapter - Creating brand-new static initializer in class org/springframework/context/event/EventListenerMethodProcessor
05:45:41.259 [main] DEBUG org.evosuite.runtime.agent.TransformerForTests - Going to instrument: org.springframework.context.ApplicationContextAware
05:45:41.260 [main] DEBUG org.evosuite.runtime.agent.TransformerForTests - Going to instrument: org.springframework.beans.factory.BeanInitializationException
05:45:41.260 [main] INFO org.evosuite.runtime.instrumentation.MethodCallReplacementClassAdapter - Adding mock interface to class org/springframework/beans/factory/BeanInitializationException
05:45:41.260 [main] INFO org.evosuite.runtime.instrumentation.CreateClassResetClassAdapter - Creating brand-new static initializer in class org/springframework/beans/factory/BeanInitializationException
05:45:41.260 [main] DEBUG org.evosuite.runtime.agent.TransformerForTests - Going to instrument: org.springframework.context.annotation.Import
05:45:41.261 [main] DEBUG org.evosuite.runtime.agent.TransformerForTests - Going to instrument: org.yaml.snakeyaml.LoaderOptions
05:45:41.261 [main] INFO org.evosuite.runtime.instrumentation.MethodCallReplacementClassAdapter - Adding mock interface to class org/yaml/snakeyaml/LoaderOptions
05:45:41.261 [main] INFO org.evosuite.runtime.instrumentation.CreateClassResetClassAdapter - Creating brand-new static initializer in class org/yaml/snakeyaml/LoaderOptions
05:45:41.261 [main] DEBUG org.evosuite.runtime.agent.TransformerForTests - Going to instrument: org.springframework.boot.logging.LogLevel
05:45:41.261 [main] INFO org.evosuite.runtime.instrumentation.MethodCallReplacementClassAdapter - Adding mock interface to class org/springframework/boot/logging/LogLevel
05:45:41.261 [main] INFO org.evosuite.runtime.instrumentation.CreateClassResetClassAdapter - Found static initializer in class org/springframework/boot/logging/LogLevel
05:45:41.262 [main] DEBUG org.evosuite.runtime.agent.TransformerForTests - Going to instrument: org.springframework.beans.factory.support.GenericBeanDefinition
05:45:41.262 [main] INFO org.evosuite.runtime.instrumentation.MethodCallReplacementClassAdapter - Adding mock interface to class org/springframework/beans/factory/support/GenericBeanDefinition
05:45:41.262 [main] INFO org.evosuite.runtime.instrumentation.CreateClassResetClassAdapter - Creating brand-new static initializer in class org/springframework/beans/factory/support/GenericBeanDefinition
05:45:41.264 [main] DEBUG org.evosuite.runtime.agent.TransformerForTests - Going to instrument: org.springframework.beans.factory.support.AbstractBeanDefinition
05:45:41.264 [main] INFO org.evosuite.runtime.instrumentation.MethodCallReplacementClassAdapter - Adding mock interface to class org/springframework/beans/factory/support/AbstractBeanDefinition
05:45:41.266 [main] INFO org.evosuite.runtime.instrumentation.CreateClassResetClassAdapter - Creating brand-new static initializer in class org/springframework/beans/factory/support/AbstractBeanDefinition
05:45:41.266 [main] INFO org.evosuite.runtime.instrumentation.CreateClassResetClassAdapter - Adding bytecode for initializing field SCOPE_DEFAULT
05:45:41.266 [main] INFO org.evosuite.runtime.instrumentation.CreateClassResetClassAdapter - Adding bytecode for initializing field AUTOWIRE_NO
05:45:41.266 [main] INFO org.evosuite.runtime.instrumentation.CreateClassResetClassAdapter - Adding bytecode for initializing field AUTOWIRE_BY_NAME
05:45:41.266 [main] INFO org.evosuite.runtime.instrumentation.CreateClassResetClassAdapter - Adding bytecode for initializing field AUTOWIRE_BY_TYPE
05:45:41.266 [main] INFO org.evosuite.runtime.instrumentation.CreateClassResetClassAdapter - Adding bytecode for initializing field AUTOWIRE_CONSTRUCTOR
05:45:41.266 [main] INFO org.evosuite.runtime.instrumentation.CreateClassResetClassAdapter - Adding bytecode for initializing field AUTOWIRE_AUTODETECT
05:45:41.266 [main] INFO org.evosuite.runtime.instrumentation.CreateClassResetClassAdapter - Adding bytecode for initializing field DEPENDENCY_CHECK_NONE
05:45:41.266 [main] INFO org.evosuite.runtime.instrumentation.CreateClassResetClassAdapter - Adding bytecode for initializing field DEPENDENCY_CHECK_OBJECTS
05:45:41.266 [main] INFO org.evosuite.runtime.instrumentation.CreateClassResetClassAdapter - Adding bytecode for initializing field DEPENDENCY_CHECK_SIMPLE
05:45:41.266 [main] INFO org.evosuite.runtime.instrumentation.CreateClassResetClassAdapter - Adding bytecode for initializing field DEPENDENCY_CHECK_ALL
05:45:41.266 [main] INFO org.evosuite.runtime.instrumentation.CreateClassResetClassAdapter - Adding bytecode for initializing field INFER_METHOD
05:45:41.267 [main] DEBUG org.evosuite.runtime.agent.TransformerForTests - Going to instrument: org.springframework.beans.factory.config.BeanDefinition
05:45:41.267 [main] DEBUG org.evosuite.runtime.agent.TransformerForTests - Going to instrument: org.springframework.core.AttributeAccessor
05:45:41.268 [main] DEBUG org.evosuite.runtime.agent.TransformerForTests - Going to instrument: org.springframework.beans.BeanMetadataElement
05:45:41.268 [main] DEBUG org.evosuite.runtime.agent.TransformerForTests - Going to instrument: org.springframework.beans.BeanMetadataAttributeAccessor
05:45:41.268 [main] INFO org.evosuite.runtime.instrumentation.MethodCallReplacementClassAdapter - Adding mock interface to class org/springframework/beans/BeanMetadataAttributeAccessor
05:45:41.269 [main] INFO org.evosuite.runtime.instrumentation.CreateClassResetClassAdapter - Creating brand-new static initializer in class org/springframework/beans/BeanMetadataAttributeAccessor
05:45:41.269 [main] DEBUG org.evosuite.runtime.agent.TransformerForTests - Going to instrument: org.springframework.core.AttributeAccessorSupport
05:45:41.269 [main] INFO org.evosuite.runtime.instrumentation.MethodCallReplacementClassAdapter - Adding mock interface to class org/springframework/core/AttributeAccessorSupport
05:45:41.269 [main] INFO org.evosuite.runtime.instrumentation.CreateClassResetClassAdapter - Creating brand-new static initializer in class org/springframework/core/AttributeAccessorSupport
05:45:41.270 [main] DEBUG org.evosuite.runtime.agent.TransformerForTests - Going to instrument: org.springframework.beans.factory.support.BeanDefinitionValidationException
05:45:41.270 [main] INFO org.evosuite.runtime.instrumentation.MethodCallReplacementClassAdapter - Adding mock interface to class org/springframework/beans/factory/support/BeanDefinitionValidationException
05:45:41.270 [main] INFO org.evosuite.runtime.instrumentation.CreateClassResetClassAdapter - Creating brand-new static initializer in class org/springframework/beans/factory/support/BeanDefinitionValidationException
05:45:41.271 [main] DEBUG org.evosuite.runtime.agent.TransformerForTests - Going to instrument: org.springframework.core.annotation.TypeMappedAnnotations$AggregatesSpliterator
05:45:41.271 [main] INFO org.evosuite.runtime.instrumentation.MethodCallReplacementClassAdapter - Adding mock interface to class org/springframework/core/annotation/TypeMappedAnnotations$AggregatesSpliterator
05:45:41.272 [main] INFO org.evosuite.runtime.instrumentation.CreateClassResetClassAdapter - Creating brand-new static initializer in class org/springframework/core/annotation/TypeMappedAnnotations$AggregatesSpliterator
05:45:41.273 [main] DEBUG org.evosuite.runtime.agent.TransformerForTests - Going to instrument: org.springframework.boot.autoconfigure.condition.ConditionalOnSingleCandidate
05:45:41.274 [main] DEBUG org.evosuite.runtime.agent.TransformerForTests - Going to instrument: org.springframework.core.convert.support.IdToEntityConverter
05:45:41.275 [main] INFO org.evosuite.runtime.instrumentation.MethodCallReplacementClassAdapter - Adding mock interface to class org/springframework/core/convert/support/IdToEntityConverter
05:45:41.275 [main] INFO org.evosuite.runtime.instrumentation.CreateClassResetClassAdapter - Creating brand-new static initializer in class org/springframework/core/convert/support/IdToEntityConverter
05:45:41.276 [main] DEBUG org.evosuite.runtime.agent.TransformerForTests - Going to instrument: org.springframework.boot.SpringBootConfiguration
05:45:41.277 [main] DEBUG org.evosuite.runtime.agent.TransformerForTests - Going to instrument: org.springframework.format.support.DefaultFormattingConversionService
05:45:41.277 [main] INFO org.evosuite.runtime.instrumentation.MethodCallReplacementClassAdapter - Adding mock interface to class org/springframework/format/support/DefaultFormattingConversionService
05:45:41.277 [main] INFO org.evosuite.runtime.instrumentation.CreateClassResetClassAdapter - Found static initializer in class org/springframework/format/support/DefaultFormattingConversionService
05:45:41.277 [main] DEBUG org.evosuite.runtime.agent.TransformerForTests - Going to instrument: org.springframework.format.AnnotationFormatterFactory
05:45:41.278 [main] DEBUG org.evosuite.runtime.agent.TransformerForTests - Going to instrument: org.springframework.boot.context.properties.source.SpringConfigurationPropertySources
05:45:41.278 [main] INFO org.evosuite.runtime.instrumentation.MethodCallReplacementClassAdapter - Adding mock interface to class org/springframework/boot/context/properties/source/SpringConfigurationPropertySources
05:45:41.279 [main] INFO org.evosuite.runtime.instrumentation.CreateClassResetClassAdapter - Creating brand-new static initializer in class org/springframework/boot/context/properties/source/SpringConfigurationPropertySources
05:45:41.279 [main] DEBUG org.evosuite.runtime.agent.TransformerForTests - Going to instrument: org.yaml.snakeyaml.TypeDescription
05:45:41.280 [main] INFO org.evosuite.runtime.instrumentation.MethodCallReplacementClassAdapter - Adding mock interface to class org/yaml/snakeyaml/TypeDescription
05:45:41.280 [main] INFO org.evosuite.runtime.instrumentation.CreateClassResetClassAdapter - Found static initializer in class org/yaml/snakeyaml/TypeDescription
05:45:41.281 [main] DEBUG org.evosuite.runtime.agent.TransformerForTests - Going to instrument: org.springframework.format.datetime.standard.DateTimeConverters$CalendarToOffsetDateTimeConverter
05:45:41.282 [main] INFO org.evosuite.runtime.instrumentation.MethodCallReplacementClassAdapter - Adding mock interface to class org/springframework/format/datetime/standard/DateTimeConverters$CalendarToOffsetDateTimeConverter
05:45:41.282 [main] INFO org.evosuite.runtime.instrumentation.CreateClassResetClassAdapter - Creating brand-new static initializer in class org/springframework/format/datetime/standard/DateTimeConverters$CalendarToOffsetDateTimeConverter
05:45:41.282 [main] DEBUG org.evosuite.runtime.agent.TransformerForTests - Going to instrument: org.springframework.boot.logging.logback.ExtendedWhitespaceThrowableProxyConverter
05:45:41.282 [main] INFO org.evosuite.runtime.instrumentation.MethodCallReplacementClassAdapter - Adding mock interface to class org/springframework/boot/logging/logback/ExtendedWhitespaceThrowableProxyConverter
05:45:41.282 [main] INFO org.evosuite.runtime.instrumentation.CreateClassResetClassAdapter - Creating brand-new static initializer in class org/springframework/boot/logging/logback/ExtendedWhitespaceThrowableProxyConverter
05:45:41.284 [main] DEBUG org.evosuite.runtime.agent.TransformerForTests - Going to instrument: io.micrometer.core.instrument.binder.kafka.KafkaMetrics
05:45:41.284 [main] INFO org.evosuite.runtime.instrumentation.MethodCallReplacementClassAdapter - Adding mock interface to class io/micrometer/core/instrument/binder/kafka/KafkaMetrics
05:45:41.284 [main] INFO org.evosuite.runtime.instrumentation.CreateClassResetClassAdapter - Found static initializer in class io/micrometer/core/instrument/binder/kafka/KafkaMetrics
05:45:41.285 [main] DEBUG org.evosuite.runtime.agent.TransformerForTests - Going to instrument: org.springframework.core.io.ResourceEditor
05:45:41.286 [main] INFO org.evosuite.runtime.instrumentation.MethodCallReplacementClassAdapter - Adding mock interface to class org/springframework/core/io/ResourceEditor
05:45:41.286 [main] INFO org.evosuite.runtime.instrumentation.CreateClassResetClassAdapter - Creating brand-new static initializer in class org/springframework/core/io/ResourceEditor
05:45:41.286 [main] DEBUG org.evosuite.runtime.agent.TransformerForTests - Going to instrument: org.springframework.boot.logging.LoggingSystem$NoOpLoggingSystem
05:45:41.286 [main] INFO org.evosuite.runtime.instrumentation.MethodCallReplacementClassAdapter - Adding mock interface to class org/springframework/boot/logging/LoggingSystem$NoOpLoggingSystem
05:45:41.287 [main] INFO org.evosuite.runtime.instrumentation.CreateClassResetClassAdapter - Creating brand-new static initializer in class org/springframework/boot/logging/LoggingSystem$NoOpLoggingSystem
05:45:41.287 [main] DEBUG org.evosuite.runtime.agent.TransformerForTests - Going to instrument: org.springframework.boot.logging.LoggingSystem
05:45:41.287 [main] INFO org.evosuite.runtime.instrumentation.MethodCallReplacementClassAdapter - Adding mock interface to class org/springframework/boot/logging/LoggingSystem
05:45:41.288 [main] INFO org.evosuite.runtime.instrumentation.CreateClassResetClassAdapter - Found static initializer in class org/springframework/boot/logging/LoggingSystem
05:45:41.289 [main] DEBUG org.evosuite.runtime.agent.TransformerForTests - Going to instrument: org.springframework.context.annotation.ConflictingBeanDefinitionException
05:45:41.289 [main] INFO org.evosuite.runtime.instrumentation.MethodCallReplacementClassAdapter - Adding mock interface to class org/springframework/context/annotation/ConflictingBeanDefinitionException
05:45:41.290 [main] INFO org.evosuite.runtime.instrumentation.CreateClassResetClassAdapter - Creating brand-new static initializer in class org/springframework/context/annotation/ConflictingBeanDefinitionException
05:45:41.290 [main] DEBUG org.evosuite.runtime.agent.TransformerForTests - Going to instrument: org.springframework.boot.context.config.DelegatingApplicationListener
05:45:41.290 [main] INFO org.evosuite.runtime.instrumentation.MethodCallReplacementClassAdapter - Adding mock interface to class org/springframework/boot/context/config/DelegatingApplicationListener
05:45:41.290 [main] INFO org.evosuite.runtime.instrumentation.CreateClassResetClassAdapter - Creating brand-new static initializer in class org/springframework/boot/context/config/DelegatingApplicationListener
05:45:41.290 [main] INFO org.evosuite.runtime.instrumentation.CreateClassResetClassAdapter - Adding bytecode for initializing field PROPERTY_NAME
05:45:41.291 [main] DEBUG org.evosuite.runtime.agent.TransformerForTests - Going to instrument: org.springframework.format.datetime.standard.DateTimeFormatterRegistrar
05:45:41.291 [main] INFO org.evosuite.runtime.instrumentation.MethodCallReplacementClassAdapter - Adding mock interface to class org/springframework/format/datetime/standard/DateTimeFormatterRegistrar
05:45:41.291 [main] INFO org.evosuite.runtime.instrumentation.CreateClassResetClassAdapter - Creating brand-new static initializer in class org/springframework/format/datetime/standard/DateTimeFormatterRegistrar
05:45:41.292 [main] DEBUG org.evosuite.runtime.agent.TransformerForTests - Going to instrument: org.springframework.format.FormatterRegistrar
05:45:41.292 [main] DEBUG org.evosuite.runtime.agent.TransformerForTests - Going to instrument: org.springframework.boot.Banner$Mode
05:45:41.292 [main] INFO org.evosuite.runtime.instrumentation.MethodCallReplacementClassAdapter - Adding mock interface to class org/springframework/boot/Banner$Mode
05:45:41.292 [main] INFO org.evosuite.runtime.instrumentation.CreateClassResetClassAdapter - Found static initializer in class org/springframework/boot/Banner$Mode
05:45:41.293 [main] DEBUG org.evosuite.runtime.agent.TransformerForTests - Going to instrument: org.springframework.beans.BeanWrapperImpl
05:45:41.293 [main] INFO org.evosuite.runtime.instrumentation.MethodCallReplacementClassAdapter - Adding mock interface to class org/springframework/beans/BeanWrapperImpl
05:45:41.294 [main] INFO org.evosuite.runtime.instrumentation.CreateClassResetClassAdapter - Creating brand-new static initializer in class org/springframework/beans/BeanWrapperImpl
05:45:41.294 [main] DEBUG org.evosuite.runtime.agent.TransformerForTests - Going to instrument: org.springframework.beans.BeanWrapper
05:45:41.295 [main] DEBUG org.evosuite.runtime.agent.TransformerForTests - Going to instrument: org.springframework.beans.ConfigurablePropertyAccessor
05:45:41.295 [main] DEBUG org.evosuite.runtime.agent.TransformerForTests - Going to instrument: org.springframework.beans.PropertyEditorRegistry
05:45:41.296 [main] DEBUG org.evosuite.runtime.agent.TransformerForTests - Going to instrument: org.springframework.beans.AbstractNestablePropertyAccessor
05:45:41.297 [main] INFO org.evosuite.runtime.instrumentation.MethodCallReplacementClassAdapter - Adding mock interface to class org/springframework/beans/AbstractNestablePropertyAccessor
05:45:41.307 [main] INFO org.evosuite.runtime.instrumentation.CreateClassResetClassAdapter - Found static initializer in class org/springframework/beans/AbstractNestablePropertyAccessor
05:45:41.309 [main] DEBUG org.evosuite.runtime.agent.TransformerForTests - Going to instrument: org.springframework.beans.AbstractPropertyAccessor
05:45:41.309 [main] INFO org.evosuite.runtime.instrumentation.MethodCallReplacementClassAdapter - Adding mock interface to class org/springframework/beans/AbstractPropertyAccessor
05:45:41.310 [main] INFO org.evosuite.runtime.instrumentation.CreateClassResetClassAdapter - Creating brand-new static initializer in class org/springframework/beans/AbstractPropertyAccessor
05:45:41.310 [main] DEBUG org.evosuite.runtime.agent.TransformerForTests - Going to instrument: org.springframework.beans.TypeConverterSupport
05:45:41.310 [main] INFO org.evosuite.runtime.instrumentation.MethodCallReplacementClassAdapter - Adding mock interface to class org/springframework/beans/TypeConverterSupport
05:45:41.312 [main] INFO org.evosuite.runtime.instrumentation.CreateClassResetClassAdapter - Creating brand-new static initializer in class org/springframework/beans/TypeConverterSupport
05:45:41.312 [main] DEBUG org.evosuite.runtime.agent.TransformerForTests - Going to instrument: org.springframework.beans.PropertyEditorRegistrySupport
05:45:41.313 [main] INFO org.evosuite.runtime.instrumentation.MethodCallReplacementClassAdapter - Adding mock interface to class org/springframework/beans/PropertyEditorRegistrySupport
05:45:41.314 [main] INFO org.evosuite.runtime.instrumentation.CreateClassResetClassAdapter - Creating brand-new static initializer in class org/springframework/beans/PropertyEditorRegistrySupport
05:45:41.315 [main] DEBUG org.evosuite.runtime.agent.TransformerForTests - Going to instrument: org.springframework.beans.ConversionNotSupportedException
05:45:41.315 [main] INFO org.evosuite.runtime.instrumentation.MethodCallReplacementClassAdapter - Adding mock interface to class org/springframework/beans/ConversionNotSupportedException
05:45:41.315 [main] INFO org.evosuite.runtime.instrumentation.CreateClassResetClassAdapter - Creating brand-new static initializer in class org/springframework/beans/ConversionNotSupportedException
05:45:41.316 [main] DEBUG org.evosuite.runtime.agent.TransformerForTests - Going to instrument: org.springframework.beans.TypeMismatchException
05:45:41.316 [main] INFO org.evosuite.runtime.instrumentation.MethodCallReplacementClassAdapter - Adding mock interface to class org/springframework/beans/TypeMismatchException
05:45:41.316 [main] INFO org.evosuite.runtime.instrumentation.CreateClassResetClassAdapter - Creating brand-new static initializer in class org/springframework/beans/TypeMismatchException
05:45:41.316 [main] INFO org.evosuite.runtime.instrumentation.CreateClassResetClassAdapter - Adding bytecode for initializing field ERROR_CODE
05:45:41.316 [main] DEBUG org.evosuite.runtime.agent.TransformerForTests - Going to instrument: org.springframework.beans.PropertyAccessException
05:45:41.316 [main] INFO org.evosuite.runtime.instrumentation.MethodCallReplacementClassAdapter - Adding mock interface to class org/springframework/beans/PropertyAccessException
05:45:41.317 [main] INFO org.evosuite.runtime.instrumentation.CreateClassResetClassAdapter - Creating brand-new static initializer in class org/springframework/beans/PropertyAccessException
05:45:41.317 [main] DEBUG org.evosuite.runtime.agent.TransformerForTests - Going to instrument: org.springframework.beans.NotWritablePropertyException
05:45:41.317 [main] INFO org.evosuite.runtime.instrumentation.MethodCallReplacementClassAdapter - Adding mock interface to class org/springframework/beans/NotWritablePropertyException
05:45:41.317 [main] INFO org.evosuite.runtime.instrumentation.CreateClassResetClassAdapter - Creating brand-new static initializer in class org/springframework/beans/NotWritablePropertyException
05:45:41.317 [main] DEBUG org.evosuite.runtime.agent.TransformerForTests - Going to instrument: org.springframework.beans.InvalidPropertyException
05:45:41.317 [main] INFO org.evosuite.runtime.instrumentation.MethodCallReplacementClassAdapter - Adding mock interface to class org/springframework/beans/InvalidPropertyException
05:45:41.318 [main] INFO org.evosuite.runtime.instrumentation.CreateClassResetClassAdapter - Creating brand-new static initializer in class org/springframework/beans/InvalidPropertyException
05:45:41.318 [main] DEBUG org.evosuite.runtime.agent.TransformerForTests - Going to instrument: org.springframework.beans.NullValueInNestedPathException
05:45:41.318 [main] INFO org.evosuite.runtime.instrumentation.MethodCallReplacementClassAdapter - Adding mock interface to class org/springframework/beans/NullValueInNestedPathException
05:45:41.318 [main] INFO org.evosuite.runtime.instrumentation.CreateClassResetClassAdapter - Creating brand-new static initializer in class org/springframework/beans/NullValueInNestedPathException
05:45:41.318 [main] DEBUG org.evosuite.runtime.agent.TransformerForTests - Going to instrument: org.springframework.beans.NotReadablePropertyException
05:45:41.318 [main] INFO org.evosuite.runtime.instrumentation.MethodCallReplacementClassAdapter - Adding mock interface to class org/springframework/beans/NotReadablePropertyException
05:45:41.319 [main] INFO org.evosuite.runtime.instrumentation.CreateClassResetClassAdapter - Creating brand-new static initializer in class org/springframework/beans/NotReadablePropertyException
05:45:41.319 [main] DEBUG org.evosuite.runtime.agent.TransformerForTests - Going to instrument: org.springframework.beans.MethodInvocationException
05:45:41.319 [main] INFO org.evosuite.runtime.instrumentation.MethodCallReplacementClassAdapter - Adding mock interface to class org/springframework/beans/MethodInvocationException
05:45:41.320 [main] INFO org.evosuite.runtime.instrumentation.CreateClassResetClassAdapter - Creating brand-new static initializer in class org/springframework/beans/MethodInvocationException
05:45:41.320 [main] INFO org.evosuite.runtime.instrumentation.CreateClassResetClassAdapter - Adding bytecode for initializing field ERROR_CODE
05:45:41.320 [main] DEBUG org.evosuite.runtime.agent.TransformerForTests - Going to instrument: org.springframework.beans.AbstractNestablePropertyAccessor$PropertyHandler
05:45:41.320 [main] INFO org.evosuite.runtime.instrumentation.MethodCallReplacementClassAdapter - Adding mock interface to class org/springframework/beans/AbstractNestablePropertyAccessor$PropertyHandler
05:45:41.320 [main] INFO org.evosuite.runtime.instrumentation.CreateClassResetClassAdapter - Creating brand-new static initializer in class org/springframework/beans/AbstractNestablePropertyAccessor$PropertyHandler
05:45:41.321 [main] DEBUG org.evosuite.runtime.agent.TransformerForTests - Going to instrument: org.springframework.beans.BeanWrapperImpl$BeanPropertyHandler
05:45:41.321 [main] INFO org.evosuite.runtime.instrumentation.MethodCallReplacementClassAdapter - Adding mock interface to class org/springframework/beans/BeanWrapperImpl$BeanPropertyHandler
05:45:41.321 [main] INFO org.evosuite.runtime.instrumentation.CreateClassResetClassAdapter - Creating brand-new static initializer in class org/springframework/beans/BeanWrapperImpl$BeanPropertyHandler
05:45:41.324 [main] DEBUG org.evosuite.runtime.agent.TransformerForTests - Going to instrument: org.springframework.beans.factory.support.AbstractBeanFactory
05:45:41.324 [main] INFO org.evosuite.runtime.instrumentation.MethodCallReplacementClassAdapter - Adding mock interface to class org/springframework/beans/factory/support/AbstractBeanFactory
05:45:41.331 [main] INFO org.evosuite.runtime.instrumentation.CreateClassResetClassAdapter - Creating brand-new static initializer in class org/springframework/beans/factory/support/AbstractBeanFactory
05:45:41.332 [main] DEBUG org.evosuite.runtime.agent.TransformerForTests - Going to instrument: org.springframework.beans.factory.config.ConfigurableBeanFactory
05:45:41.333 [main] DEBUG org.evosuite.runtime.agent.TransformerForTests - Going to instrument: org.springframework.beans.factory.support.FactoryBeanRegistrySupport
05:45:41.333 [main] INFO org.evosuite.runtime.instrumentation.MethodCallReplacementClassAdapter - Adding mock interface to class org/springframework/beans/factory/support/FactoryBeanRegistrySupport
05:45:41.334 [main] INFO org.evosuite.runtime.instrumentation.CreateClassResetClassAdapter - Creating brand-new static initializer in class org/springframework/beans/factory/support/FactoryBeanRegistrySupport
05:45:41.334 [main] DEBUG org.evosuite.runtime.agent.TransformerForTests - Going to instrument: org.springframework.beans.factory.FactoryBeanNotInitializedException
05:45:41.334 [main] INFO org.evosuite.runtime.instrumentation.MethodCallReplacementClassAdapter - Adding mock interface to class org/springframework/beans/factory/FactoryBeanNotInitializedException
05:45:41.335 [main] INFO org.evosuite.runtime.instrumentation.CreateClassResetClassAdapter - Creating brand-new static initializer in class org/springframework/beans/factory/FactoryBeanNotInitializedException
05:45:41.335 [main] DEBUG org.evosuite.runtime.agent.TransformerForTests - Going to instrument: org.springframework.core.NamedThreadLocal
05:45:41.335 [main] INFO org.evosuite.runtime.instrumentation.MethodCallReplacementClassAdapter - Adding mock interface to class org/springframework/core/NamedThreadLocal
05:45:41.335 [main] INFO org.evosuite.runtime.instrumentation.CreateClassResetClassAdapter - Creating brand-new static initializer in class org/springframework/core/NamedThreadLocal
05:45:41.336 [main] DEBUG org.evosuite.runtime.agent.TransformerForTests - Going to instrument: org.springframework.beans.factory.BeanIsAbstractException
05:45:41.336 [main] INFO org.evosuite.runtime.instrumentation.MethodCallReplacementClassAdapter - Adding mock interface to class org/springframework/beans/factory/BeanIsAbstractException
05:45:41.336 [main] INFO org.evosuite.runtime.instrumentation.CreateClassResetClassAdapter - Creating brand-new static initializer in class org/springframework/beans/factory/BeanIsAbstractException
05:45:41.337 [main] DEBUG org.evosuite.runtime.agent.TransformerForTests - Going to instrument: org.springframework.beans.factory.BeanNotOfRequiredTypeException
05:45:41.337 [main] INFO org.evosuite.runtime.instrumentation.MethodCallReplacementClassAdapter - Adding mock interface to class org/springframework/beans/factory/BeanNotOfRequiredTypeException
05:45:41.337 [main] INFO org.evosuite.runtime.instrumentation.CreateClassResetClassAdapter - Creating brand-new static initializer in class org/springframework/beans/factory/BeanNotOfRequiredTypeException
05:45:41.337 [main] DEBUG org.evosuite.runtime.agent.TransformerForTests - Going to instrument: org.springframework.beans.factory.BeanIsNotAFactoryException
05:45:41.337 [main] INFO org.evosuite.runtime.instrumentation.MethodCallReplacementClassAdapter - Adding mock interface to class org/springframework/beans/factory/BeanIsNotAFactoryException
05:45:41.338 [main] INFO org.evosuite.runtime.instrumentation.CreateClassResetClassAdapter - Creating brand-new static initializer in class org/springframework/beans/factory/BeanIsNotAFactoryException
05:45:41.339 [main] DEBUG org.evosuite.runtime.agent.TransformerForTests - Going to instrument: org.springframework.boot.logging.DeferredLog
05:45:41.340 [main] INFO org.evosuite.runtime.instrumentation.MethodCallReplacementClassAdapter - Adding mock interface to class org/springframework/boot/logging/DeferredLog
05:45:41.341 [main] INFO org.evosuite.runtime.instrumentation.CreateClassResetClassAdapter - Creating brand-new static initializer in class org/springframework/boot/logging/DeferredLog
05:45:41.342 [main] DEBUG org.evosuite.runtime.agent.TransformerForTests - Going to instrument: org.springframework.boot.context.properties.bind.DefaultBindConstructorProvider
05:45:41.342 [main] INFO org.evosuite.runtime.instrumentation.MethodCallReplacementClassAdapter - Adding mock interface to class org/springframework/boot/context/properties/bind/DefaultBindConstructorProvider
05:45:41.343 [main] INFO org.evosuite.runtime.instrumentation.CreateClassResetClassAdapter - Creating brand-new static initializer in class org/springframework/boot/context/properties/bind/DefaultBindConstructorProvider
05:45:41.343 [main] DEBUG org.evosuite.runtime.agent.TransformerForTests - Going to instrument: org.springframework.boot.context.properties.bind.BindConstructorProvider
05:45:41.344 [main] DEBUG org.evosuite.runtime.agent.TransformerForTests - Going to instrument: org.springframework.core.annotation.TypeMappedAnnotations$AggregatesCollector
05:45:41.344 [main] INFO org.evosuite.runtime.instrumentation.MethodCallReplacementClassAdapter - Adding mock interface to class org/springframework/core/annotation/TypeMappedAnnotations$AggregatesCollector
05:45:41.345 [main] INFO org.evosuite.runtime.instrumentation.CreateClassResetClassAdapter - Creating brand-new static initializer in class org/springframework/core/annotation/TypeMappedAnnotations$AggregatesCollector
05:45:41.345 [main] DEBUG org.evosuite.runtime.agent.TransformerForTests - Going to instrument: org.springframework.core.annotation.AnnotationsProcessor
05:45:41.346 [main] DEBUG org.evosuite.runtime.agent.TransformerForTests - Going to instrument: org.springframework.core.convert.support.ZoneIdToTimeZoneConverter
05:45:41.346 [main] INFO org.evosuite.runtime.instrumentation.MethodCallReplacementClassAdapter - Adding mock interface to class org/springframework/core/convert/support/ZoneIdToTimeZoneConverter
05:45:41.346 [main] INFO org.evosuite.runtime.instrumentation.CreateClassResetClassAdapter - Creating brand-new static initializer in class org/springframework/core/convert/support/ZoneIdToTimeZoneConverter
05:45:41.347 [main] DEBUG org.evosuite.runtime.agent.TransformerForTests - Going to instrument: org.springframework.format.support.FormattingConversionService$PrinterConverter
05:45:41.347 [main] INFO org.evosuite.runtime.instrumentation.MethodCallReplacementClassAdapter - Adding mock interface to class org/springframework/format/support/FormattingConversionService$PrinterConverter
05:45:41.347 [main] INFO org.evosuite.runtime.instrumentation.CreateClassResetClassAdapter - Creating brand-new static initializer in class org/springframework/format/support/FormattingConversionService$PrinterConverter
05:45:41.348 [main] DEBUG org.evosuite.runtime.agent.TransformerForTests - Going to instrument: org.springframework.web.context.support.StandardServletEnvironment
05:45:41.348 [main] INFO org.evosuite.runtime.instrumentation.MethodCallReplacementClassAdapter - Adding mock interface to class org/springframework/web/context/support/StandardServletEnvironment
05:45:41.348 [main] INFO org.evosuite.runtime.instrumentation.CreateClassResetClassAdapter - Creating brand-new static initializer in class org/springframework/web/context/support/StandardServletEnvironment
05:45:41.348 [main] INFO org.evosuite.runtime.instrumentation.CreateClassResetClassAdapter - Adding bytecode for initializing field SERVLET_CONTEXT_PROPERTY_SOURCE_NAME
05:45:41.348 [main] INFO org.evosuite.runtime.instrumentation.CreateClassResetClassAdapter - Adding bytecode for initializing field SERVLET_CONFIG_PROPERTY_SOURCE_NAME
05:45:41.348 [main] INFO org.evosuite.runtime.instrumentation.CreateClassResetClassAdapter - Adding bytecode for initializing field JNDI_PROPERTY_SOURCE_NAME
05:45:41.348 [main] DEBUG org.evosuite.runtime.agent.TransformerForTests - Going to instrument: org.springframework.web.context.ConfigurableWebEnvironment
05:45:41.349 [main] DEBUG org.evosuite.runtime.agent.TransformerForTests - Going to instrument: org.springframework.core.env.StandardEnvironment
05:45:41.349 [main] INFO org.evosuite.runtime.instrumentation.MethodCallReplacementClassAdapter - Adding mock interface to class org/springframework/core/env/StandardEnvironment
05:45:41.349 [main] INFO org.evosuite.runtime.instrumentation.CreateClassResetClassAdapter - Creating brand-new static initializer in class org/springframework/core/env/StandardEnvironment
05:45:41.349 [main] INFO org.evosuite.runtime.instrumentation.CreateClassResetClassAdapter - Adding bytecode for initializing field SYSTEM_ENVIRONMENT_PROPERTY_SOURCE_NAME
05:45:41.349 [main] INFO org.evosuite.runtime.instrumentation.CreateClassResetClassAdapter - Adding bytecode for initializing field SYSTEM_PROPERTIES_PROPERTY_SOURCE_NAME
05:45:41.350 [main] DEBUG org.evosuite.runtime.agent.TransformerForTests - Going to instrument: org.springframework.core.env.AbstractEnvironment
05:45:41.351 [main] INFO org.evosuite.runtime.instrumentation.MethodCallReplacementClassAdapter - Adding mock interface to class org/springframework/core/env/AbstractEnvironment
05:45:41.353 [main] INFO org.evosuite.runtime.instrumentation.CreateClassResetClassAdapter - Creating brand-new static initializer in class org/springframework/core/env/AbstractEnvironment
05:45:41.353 [main] INFO org.evosuite.runtime.instrumentation.CreateClassResetClassAdapter - Adding bytecode for initializing field IGNORE_GETENV_PROPERTY_NAME
05:45:41.353 [main] INFO org.evosuite.runtime.instrumentation.CreateClassResetClassAdapter - Adding bytecode for initializing field ACTIVE_PROFILES_PROPERTY_NAME
05:45:41.353 [main] INFO org.evosuite.runtime.instrumentation.CreateClassResetClassAdapter - Adding bytecode for initializing field DEFAULT_PROFILES_PROPERTY_NAME
05:45:41.353 [main] INFO org.evosuite.runtime.instrumentation.CreateClassResetClassAdapter - Adding bytecode for initializing field RESERVED_DEFAULT_PROFILE_NAME
05:45:41.354 [main] DEBUG org.evosuite.runtime.agent.TransformerForTests - Going to instrument: org.springframework.core.env.PropertiesPropertySource
05:45:41.354 [main] INFO org.evosuite.runtime.instrumentation.MethodCallReplacementClassAdapter - Adding mock interface to class org/springframework/core/env/PropertiesPropertySource
05:45:41.354 [main] INFO org.evosuite.runtime.instrumentation.CreateClassResetClassAdapter - Creating brand-new static initializer in class org/springframework/core/env/PropertiesPropertySource
05:45:41.355 [main] DEBUG org.evosuite.runtime.agent.TransformerForTests - Going to instrument: org.springframework.core.env.SystemEnvironmentPropertySource
05:45:41.355 [main] INFO org.evosuite.runtime.instrumentation.MethodCallReplacementClassAdapter - Adding mock interface to class org/springframework/core/env/SystemEnvironmentPropertySource
05:45:41.355 [main] INFO org.evosuite.runtime.instrumentation.CreateClassResetClassAdapter - Creating brand-new static initializer in class org/springframework/core/env/SystemEnvironmentPropertySource
05:45:41.356 [main] DEBUG org.evosuite.runtime.agent.TransformerForTests - Going to instrument: org.springframework.jndi.JndiPropertySource
05:45:41.356 [main] INFO org.evosuite.runtime.instrumentation.MethodCallReplacementClassAdapter - Adding mock interface to class org/springframework/jndi/JndiPropertySource
05:45:41.356 [main] INFO org.evosuite.runtime.instrumentation.CreateClassResetClassAdapter - Creating brand-new static initializer in class org/springframework/jndi/JndiPropertySource
05:45:41.357 [main] DEBUG org.evosuite.runtime.agent.TransformerForTests - Going to instrument: org.springframework.core.convert.support.ArrayToCollectionConverter
05:45:41.357 [main] INFO org.evosuite.runtime.instrumentation.MethodCallReplacementClassAdapter - Adding mock interface to class org/springframework/core/convert/support/ArrayToCollectionConverter
05:45:41.357 [main] INFO org.evosuite.runtime.instrumentation.CreateClassResetClassAdapter - Creating brand-new static initializer in class org/springframework/core/convert/support/ArrayToCollectionConverter
05:45:41.358 [main] DEBUG org.evosuite.runtime.agent.TransformerForTests - Going to instrument: org.springframework.format.datetime.standard.DateTimeConverters$CalendarToLocalDateConverter
05:45:41.358 [main] INFO org.evosuite.runtime.instrumentation.MethodCallReplacementClassAdapter - Adding mock interface to class org/springframework/format/datetime/standard/DateTimeConverters$CalendarToLocalDateConverter
05:45:41.358 [main] INFO org.evosuite.runtime.instrumentation.CreateClassResetClassAdapter - Creating brand-new static initializer in class org/springframework/format/datetime/standard/DateTimeConverters$CalendarToLocalDateConverter
05:45:41.359 [main] DEBUG org.evosuite.runtime.agent.TransformerForTests - Going to instrument: org.springframework.boot.logging.LogFile
05:45:41.359 [main] INFO org.evosuite.runtime.instrumentation.MethodCallReplacementClassAdapter - Adding mock interface to class org/springframework/boot/logging/LogFile
05:45:41.360 [main] INFO org.evosuite.runtime.instrumentation.CreateClassResetClassAdapter - Creating brand-new static initializer in class org/springframework/boot/logging/LogFile
05:45:41.360 [main] INFO org.evosuite.runtime.instrumentation.CreateClassResetClassAdapter - Adding bytecode for initializing field FILE_NAME_PROPERTY
05:45:41.360 [main] INFO org.evosuite.runtime.instrumentation.CreateClassResetClassAdapter - Adding bytecode for initializing field FILE_PATH_PROPERTY
05:45:41.361 [main] DEBUG org.evosuite.runtime.agent.TransformerForTests - Going to instrument: org.springframework.format.datetime.standard.DateTimeConverters$OffsetDateTimeToLocalDateConverter
05:45:41.361 [main] INFO org.evosuite.runtime.instrumentation.MethodCallReplacementClassAdapter - Adding mock interface to class org/springframework/format/datetime/standard/DateTimeConverters$OffsetDateTimeToLocalDateConverter
05:45:41.361 [main] INFO org.evosuite.runtime.instrumentation.CreateClassResetClassAdapter - Creating brand-new static initializer in class org/springframework/format/datetime/standard/DateTimeConverters$OffsetDateTimeToLocalDateConverter
05:45:41.362 [main] DEBUG org.evosuite.runtime.agent.TransformerForTests - Going to instrument: org.springframework.orm.jpa.support.PersistenceAnnotationBeanPostProcessor
05:45:41.363 [main] INFO org.evosuite.runtime.instrumentation.MethodCallReplacementClassAdapter - Adding mock interface to class org/springframework/orm/jpa/support/PersistenceAnnotationBeanPostProcessor
05:45:41.365 [main] INFO org.evosuite.runtime.instrumentation.CreateClassResetClassAdapter - Creating brand-new static initializer in class org/springframework/orm/jpa/support/PersistenceAnnotationBeanPostProcessor
05:45:41.365 [main] DEBUG org.evosuite.runtime.agent.TransformerForTests - Going to instrument: org.springframework.beans.factory.config.InstantiationAwareBeanPostProcessor
05:45:41.366 [main] DEBUG org.evosuite.runtime.agent.TransformerForTests - Going to instrument: org.springframework.beans.factory.config.DestructionAwareBeanPostProcessor
05:45:41.366 [main] DEBUG org.evosuite.runtime.agent.TransformerForTests - Going to instrument: org.springframework.beans.factory.support.MergedBeanDefinitionPostProcessor
05:45:41.367 [main] DEBUG org.evosuite.runtime.agent.TransformerForTests - Going to instrument: org.springframework.core.convert.support.StringToArrayConverter
05:45:41.367 [main] INFO org.evosuite.runtime.instrumentation.MethodCallReplacementClassAdapter - Adding mock interface to class org/springframework/core/convert/support/StringToArrayConverter
05:45:41.368 [main] INFO org.evosuite.runtime.instrumentation.CreateClassResetClassAdapter - Creating brand-new static initializer in class org/springframework/core/convert/support/StringToArrayConverter
05:45:41.369 [main] DEBUG org.evosuite.runtime.agent.TransformerForTests - Going to instrument: org.springframework.http.converter.HttpMessageConverter
05:45:41.369 [main] DEBUG org.evosuite.runtime.agent.TransformerForTests - Going to instrument: io.micrometer.core.instrument.binder.jetty.JettyServerThreadPoolMetrics
05:45:41.369 [main] INFO org.evosuite.runtime.instrumentation.MethodCallReplacementClassAdapter - Adding mock interface to class io/micrometer/core/instrument/binder/jetty/JettyServerThreadPoolMetrics
05:45:41.370 [main] INFO org.evosuite.runtime.instrumentation.CreateClassResetClassAdapter - Creating brand-new static initializer in class io/micrometer/core/instrument/binder/jetty/JettyServerThreadPoolMetrics
05:45:41.370 [main] DEBUG org.evosuite.runtime.agent.TransformerForTests - Going to instrument: org.springframework.format.datetime.standard.DateTimeConverters$ZonedDateTimeToOffsetDateTimeConverter
05:45:41.370 [main] INFO org.evosuite.runtime.instrumentation.MethodCallReplacementClassAdapter - Adding mock interface to class org/springframework/format/datetime/standard/DateTimeConverters$ZonedDateTimeToOffsetDateTimeConverter
05:45:41.371 [main] INFO org.evosuite.runtime.instrumentation.CreateClassResetClassAdapter - Creating brand-new static initializer in class org/springframework/format/datetime/standard/DateTimeConverters$ZonedDateTimeToOffsetDateTimeConverter
05:45:41.371 [main] DEBUG org.evosuite.runtime.agent.TransformerForTests - Going to instrument: org.springframework.boot.context.properties.bind.ArrayBinder
05:45:41.371 [main] INFO org.evosuite.runtime.instrumentation.MethodCallReplacementClassAdapter - Adding mock interface to class org/springframework/boot/context/properties/bind/ArrayBinder
05:45:41.372 [main] INFO org.evosuite.runtime.instrumentation.CreateClassResetClassAdapter - Creating brand-new static initializer in class org/springframework/boot/context/properties/bind/ArrayBinder
05:45:41.373 [main] DEBUG org.evosuite.runtime.agent.TransformerForTests - Going to instrument: org.springframework.context.annotation.AnnotationScopeMetadataResolver
05:45:41.373 [main] INFO org.evosuite.runtime.instrumentation.MethodCallReplacementClassAdapter - Adding mock interface to class org/springframework/context/annotation/AnnotationScopeMetadataResolver
05:45:41.374 [main] INFO org.evosuite.runtime.instrumentation.CreateClassResetClassAdapter - Creating brand-new static initializer in class org/springframework/context/annotation/AnnotationScopeMetadataResolver
05:45:41.375 [main] DEBUG org.evosuite.runtime.agent.TransformerForTests - Going to instrument: org.springframework.context.annotation.ScopeMetadataResolver
05:45:41.376 [main] DEBUG org.evosuite.runtime.agent.TransformerForTests - Going to instrument: org.springframework.boot.ansi.AnsiStyle
05:45:41.376 [main] INFO org.evosuite.runtime.instrumentation.MethodCallReplacementClassAdapter - Adding mock interface to class org/springframework/boot/ansi/AnsiStyle
05:45:41.376 [main] INFO org.evosuite.runtime.instrumentation.CreateClassResetClassAdapter - Found static initializer in class org/springframework/boot/ansi/AnsiStyle
05:45:41.377 [main] DEBUG org.evosuite.runtime.agent.TransformerForTests - Going to instrument: org.springframework.boot.ansi.AnsiElement
05:45:41.378 [main] DEBUG org.evosuite.runtime.agent.TransformerForTests - Going to instrument: org.springframework.core.SerializableTypeWrapper$MethodInvokeTypeProvider
05:45:41.378 [main] INFO org.evosuite.runtime.instrumentation.MethodCallReplacementClassAdapter - Adding mock interface to class org/springframework/core/SerializableTypeWrapper$MethodInvokeTypeProvider
05:45:41.379 [main] INFO org.evosuite.runtime.instrumentation.CreateClassResetClassAdapter - Creating brand-new static initializer in class org/springframework/core/SerializableTypeWrapper$MethodInvokeTypeProvider
05:45:41.380 [main] DEBUG org.evosuite.runtime.agent.TransformerForTests - Going to instrument: org.springframework.core.convert.support.StringToCurrencyConverter
05:45:41.380 [main] INFO org.evosuite.runtime.instrumentation.MethodCallReplacementClassAdapter - Adding mock interface to class org/springframework/core/convert/support/StringToCurrencyConverter
05:45:41.380 [main] INFO org.evosuite.runtime.instrumentation.CreateClassResetClassAdapter - Creating brand-new static initializer in class org/springframework/core/convert/support/StringToCurrencyConverter
05:45:41.381 [main] DEBUG org.evosuite.runtime.agent.TransformerForTests - Going to instrument: org.springframework.core.convert.TypeDescriptor
05:45:41.382 [main] INFO org.evosuite.runtime.instrumentation.MethodCallReplacementClassAdapter - Adding mock interface to class org/springframework/core/convert/TypeDescriptor
05:45:41.384 [main] INFO org.evosuite.runtime.instrumentation.CreateClassResetClassAdapter - Found static initializer in class org/springframework/core/convert/TypeDescriptor
05:45:41.385 [main] DEBUG org.evosuite.runtime.agent.TransformerForTests - Going to instrument: org.springframework.core.convert.TypeDescriptor$AnnotatedElementAdapter
05:45:41.385 [main] INFO org.evosuite.runtime.instrumentation.MethodCallReplacementClassAdapter - Adding mock interface to class org/springframework/core/convert/TypeDescriptor$AnnotatedElementAdapter
05:45:41.386 [main] INFO org.evosuite.runtime.instrumentation.CreateClassResetClassAdapter - Creating brand-new static initializer in class org/springframework/core/convert/TypeDescriptor$AnnotatedElementAdapter
05:45:41.386 [main] DEBUG org.evosuite.runtime.agent.TransformerForTests - Going to instrument: org.yaml.snakeyaml.representer.SafeRepresenter$RepresentIterator
05:45:41.387 [main] INFO org.evosuite.runtime.instrumentation.MethodCallReplacementClassAdapter - Adding mock interface to class org/yaml/snakeyaml/representer/SafeRepresenter$RepresentIterator
05:45:41.387 [main] INFO org.evosuite.runtime.instrumentation.CreateClassResetClassAdapter - Creating brand-new static initializer in class org/yaml/snakeyaml/representer/SafeRepresenter$RepresentIterator
05:45:41.387 [main] DEBUG org.evosuite.runtime.agent.TransformerForTests - Going to instrument: org.springframework.boot.autoconfigure.SharedMetadataReaderFactoryContextInitializer$SharedMetadataReaderFactoryBean
05:45:41.387 [main] INFO org.evosuite.runtime.instrumentation.MethodCallReplacementClassAdapter - Adding mock interface to class org/springframework/boot/autoconfigure/SharedMetadataReaderFactoryContextInitializer$SharedMetadataReaderFactoryBean
05:45:41.388 [main] INFO org.evosuite.runtime.instrumentation.CreateClassResetClassAdapter - Creating brand-new static initializer in class org/springframework/boot/autoconfigure/SharedMetadataReaderFactoryContextInitializer$SharedMetadataReaderFactoryBean
05:45:41.388 [main] DEBUG org.evosuite.runtime.agent.TransformerForTests - Going to instrument: org.springframework.context.support.ApplicationListenerDetector
05:45:41.389 [main] INFO org.evosuite.runtime.instrumentation.MethodCallReplacementClassAdapter - Adding mock interface to class org/springframework/context/support/ApplicationListenerDetector
05:45:41.390 [main] INFO org.evosuite.runtime.instrumentation.CreateClassResetClassAdapter - Found static initializer in class org/springframework/context/support/ApplicationListenerDetector
05:45:41.391 [main] DEBUG org.evosuite.runtime.agent.TransformerForTests - Going to instrument: org.apache.catalina.Manager
05:45:41.392 [main] DEBUG org.evosuite.runtime.agent.TransformerForTests - Going to instrument: org.springframework.boot.context.properties.bind.MapBinder
05:45:41.392 [main] INFO org.evosuite.runtime.instrumentation.MethodCallReplacementClassAdapter - Adding mock interface to class org/springframework/boot/context/properties/bind/MapBinder
05:45:41.393 [main] INFO org.evosuite.runtime.instrumentation.CreateClassResetClassAdapter - Found static initializer in class org/springframework/boot/context/properties/bind/MapBinder
05:45:41.394 [main] DEBUG org.evosuite.runtime.agent.TransformerForTests - Going to instrument: org.springframework.core.SerializableTypeWrapper
05:45:41.394 [main] INFO org.evosuite.runtime.instrumentation.MethodCallReplacementClassAdapter - Adding mock interface to class org/springframework/core/SerializableTypeWrapper
05:45:41.395 [main] INFO org.evosuite.runtime.instrumentation.CreateClassResetClassAdapter - Found static initializer in class org/springframework/core/SerializableTypeWrapper
05:45:41.396 [main] DEBUG org.evosuite.runtime.agent.TransformerForTests - Going to instrument: org.springframework.core.SerializableTypeWrapper$SerializableTypeProxy
05:45:41.397 [main] DEBUG org.evosuite.runtime.agent.TransformerForTests - Going to instrument: org.springframework.core.ResolvableType$SyntheticParameterizedType
05:45:41.397 [main] INFO org.evosuite.runtime.instrumentation.MethodCallReplacementClassAdapter - Adding mock interface to class org/springframework/core/ResolvableType$SyntheticParameterizedType
05:45:41.397 [main] INFO org.evosuite.runtime.instrumentation.CreateClassResetClassAdapter - Creating brand-new static initializer in class org/springframework/core/ResolvableType$SyntheticParameterizedType
05:45:41.398 [main] DEBUG org.evosuite.runtime.agent.TransformerForTests - Going to instrument: org.springframework.core.ResolvableType$TypeVariablesVariableResolver
05:45:41.398 [main] INFO org.evosuite.runtime.instrumentation.MethodCallReplacementClassAdapter - Adding mock interface to class org/springframework/core/ResolvableType$TypeVariablesVariableResolver
05:45:41.398 [main] INFO org.evosuite.runtime.instrumentation.CreateClassResetClassAdapter - Creating brand-new static initializer in class org/springframework/core/ResolvableType$TypeVariablesVariableResolver
05:45:41.400 [main] DEBUG org.evosuite.runtime.agent.TransformerForTests - Going to instrument: org.springframework.util.ObjectUtils
05:45:41.401 [main] INFO org.evosuite.runtime.instrumentation.MethodCallReplacementClassAdapter - Adding mock interface to class org/springframework/util/ObjectUtils
05:45:41.404 [main] INFO org.evosuite.runtime.instrumentation.CreateClassResetClassAdapter - Found static initializer in class org/springframework/util/ObjectUtils
05:45:41.405 [main] DEBUG org.evosuite.runtime.agent.TransformerForTests - Going to instrument: org.springframework.util.ConcurrentReferenceHashMap$Restructure
05:45:41.405 [main] INFO org.evosuite.runtime.instrumentation.MethodCallReplacementClassAdapter - Adding mock interface to class org/springframework/util/ConcurrentReferenceHashMap$Restructure
05:45:41.406 [main] INFO org.evosuite.runtime.instrumentation.CreateClassResetClassAdapter - Found static initializer in class org/springframework/util/ConcurrentReferenceHashMap$Restructure
05:45:41.408 [main] DEBUG org.evosuite.runtime.agent.TransformerForTests - Going to instrument: org.springframework.util.ConcurrentReferenceHashMap$Entries
05:45:41.410 [main] DEBUG org.evosuite.runtime.agent.TransformerForTests - Going to instrument: org.springframework.boot.context.properties.bind.ValueObjectBinder
05:45:41.410 [main] INFO org.evosuite.runtime.instrumentation.MethodCallReplacementClassAdapter - Adding mock interface to class org/springframework/boot/context/properties/bind/ValueObjectBinder
05:45:41.411 [main] INFO org.evosuite.runtime.instrumentation.CreateClassResetClassAdapter - Creating brand-new static initializer in class org/springframework/boot/context/properties/bind/ValueObjectBinder
05:45:41.411 [main] DEBUG org.evosuite.runtime.agent.TransformerForTests - Going to instrument: org.springframework.boot.context.properties.bind.DataObjectBinder
05:45:41.412 [main] DEBUG org.evosuite.runtime.agent.TransformerForTests - Going to instrument: org.springframework.jdbc.CannotGetJdbcConnectionException
05:45:41.412 [main] INFO org.evosuite.runtime.instrumentation.MethodCallReplacementClassAdapter - Adding mock interface to class org/springframework/jdbc/CannotGetJdbcConnectionException
05:45:41.413 [main] INFO org.evosuite.runtime.instrumentation.CreateClassResetClassAdapter - Creating brand-new static initializer in class org/springframework/jdbc/CannotGetJdbcConnectionException
05:45:41.413 [main] DEBUG org.evosuite.runtime.agent.TransformerForTests - Going to instrument: org.springframework.dao.DataAccessResourceFailureException
05:45:41.413 [main] INFO org.evosuite.runtime.instrumentation.MethodCallReplacementClassAdapter - Adding mock interface to class org/springframework/dao/DataAccessResourceFailureException
05:45:41.413 [main] INFO org.evosuite.runtime.instrumentation.CreateClassResetClassAdapter - Creating brand-new static initializer in class org/springframework/dao/DataAccessResourceFailureException
05:45:41.413 [main] DEBUG org.evosuite.runtime.agent.TransformerForTests - Going to instrument: org.springframework.dao.NonTransientDataAccessResourceException
05:45:41.413 [main] INFO org.evosuite.runtime.instrumentation.MethodCallReplacementClassAdapter - Adding mock interface to class org/springframework/dao/NonTransientDataAccessResourceException
05:45:41.414 [main] INFO org.evosuite.runtime.instrumentation.CreateClassResetClassAdapter - Creating brand-new static initializer in class org/springframework/dao/NonTransientDataAccessResourceException
05:45:41.414 [main] DEBUG org.evosuite.runtime.agent.TransformerForTests - Going to instrument: org.springframework.boot.availability.AvailabilityState
05:45:41.414 [main] DEBUG org.evosuite.runtime.agent.TransformerForTests - Going to instrument: org.springframework.util.xml.XmlValidationModeDetector
05:45:41.415 [main] INFO org.evosuite.runtime.instrumentation.MethodCallReplacementClassAdapter - Adding mock interface to class org/springframework/util/xml/XmlValidationModeDetector
05:45:41.415 [main] INFO org.evosuite.runtime.instrumentation.CreateClassResetClassAdapter - Creating brand-new static initializer in class org/springframework/util/xml/XmlValidationModeDetector
05:45:41.415 [main] INFO org.evosuite.runtime.instrumentation.CreateClassResetClassAdapter - Adding bytecode for initializing field VALIDATION_NONE
05:45:41.415 [main] INFO org.evosuite.runtime.instrumentation.CreateClassResetClassAdapter - Adding bytecode for initializing field VALIDATION_AUTO
05:45:41.415 [main] INFO org.evosuite.runtime.instrumentation.CreateClassResetClassAdapter - Adding bytecode for initializing field VALIDATION_DTD
05:45:41.415 [main] INFO org.evosuite.runtime.instrumentation.CreateClassResetClassAdapter - Adding bytecode for initializing field VALIDATION_XSD
05:45:41.415 [main] INFO org.evosuite.runtime.instrumentation.CreateClassResetClassAdapter - Adding bytecode for initializing field DOCTYPE
05:45:41.415 [main] INFO org.evosuite.runtime.instrumentation.CreateClassResetClassAdapter - Adding bytecode for initializing field START_COMMENT
05:45:41.415 [main] INFO org.evosuite.runtime.instrumentation.CreateClassResetClassAdapter - Adding bytecode for initializing field END_COMMENT
05:45:41.416 [main] DEBUG org.evosuite.runtime.agent.TransformerForTests - Going to instrument: org.yaml.snakeyaml.representer.SafeRepresenter$RepresentString
05:45:41.416 [main] INFO org.evosuite.runtime.instrumentation.MethodCallReplacementClassAdapter - Adding mock interface to class org/yaml/snakeyaml/representer/SafeRepresenter$RepresentString
05:45:41.416 [main] INFO org.evosuite.runtime.instrumentation.CreateClassResetClassAdapter - Creating brand-new static initializer in class org/yaml/snakeyaml/representer/SafeRepresenter$RepresentString
05:45:41.417 [main] DEBUG org.evosuite.runtime.agent.TransformerForTests - Going to instrument: org.springframework.web.context.ConfigurableWebApplicationContext
05:45:41.417 [main] DEBUG org.evosuite.runtime.agent.TransformerForTests - Going to instrument: org.springframework.web.context.WebApplicationContext
05:45:41.419 [main] DEBUG org.evosuite.runtime.agent.TransformerForTests - Going to instrument: org.springframework.boot.test.web.SpringBootTestRandomPortEnvironmentPostProcessor
05:45:41.419 [main] INFO org.evosuite.runtime.instrumentation.MethodCallReplacementClassAdapter - Adding mock interface to class org/springframework/boot/test/web/SpringBootTestRandomPortEnvironmentPostProcessor
05:45:41.420 [main] INFO org.evosuite.runtime.instrumentation.CreateClassResetClassAdapter - Creating brand-new static initializer in class org/springframework/boot/test/web/SpringBootTestRandomPortEnvironmentPostProcessor
05:45:41.420 [main] INFO org.evosuite.runtime.instrumentation.CreateClassResetClassAdapter - Adding bytecode for initializing field MANAGEMENT_PORT_PROPERTY
05:45:41.420 [main] INFO org.evosuite.runtime.instrumentation.CreateClassResetClassAdapter - Adding bytecode for initializing field SERVER_PORT_PROPERTY
05:45:41.423 [main] DEBUG org.evosuite.runtime.agent.TransformerForTests - Going to instrument: org.springframework.beans.factory.support.AbstractAutowireCapableBeanFactory
05:45:41.425 [main] INFO org.evosuite.runtime.instrumentation.MethodCallReplacementClassAdapter - Adding mock interface to class org/springframework/beans/factory/support/AbstractAutowireCapableBeanFactory
05:45:41.434 [main] INFO org.evosuite.runtime.instrumentation.CreateClassResetClassAdapter - Creating brand-new static initializer in class org/springframework/beans/factory/support/AbstractAutowireCapableBeanFactory
05:45:41.436 [main] DEBUG org.evosuite.runtime.agent.TransformerForTests - Going to instrument: org.springframework.beans.factory.support.InstantiationStrategy
05:45:41.436 [main] DEBUG org.evosuite.runtime.agent.TransformerForTests - Going to instrument: org.springframework.util.ReflectionUtils$MethodCallback
05:45:41.437 [main] DEBUG org.evosuite.runtime.agent.TransformerForTests - Going to instrument: org.springframework.beans.factory.UnsatisfiedDependencyException
05:45:41.437 [main] INFO org.evosuite.runtime.instrumentation.MethodCallReplacementClassAdapter - Adding mock interface to class org/springframework/beans/factory/UnsatisfiedDependencyException
05:45:41.437 [main] INFO org.evosuite.runtime.instrumentation.CreateClassResetClassAdapter - Creating brand-new static initializer in class org/springframework/beans/factory/UnsatisfiedDependencyException
05:45:41.438 [main] DEBUG org.evosuite.runtime.agent.TransformerForTests - Going to instrument: org.springframework.beans.factory.support.AbstractAutowireCapableBeanFactory$AutowireByTypeDependencyDescriptor
05:45:41.438 [main] INFO org.evosuite.runtime.instrumentation.MethodCallReplacementClassAdapter - Adding mock interface to class org/springframework/beans/factory/support/AbstractAutowireCapableBeanFactory$AutowireByTypeDependencyDescriptor
05:45:41.438 [main] INFO org.evosuite.runtime.instrumentation.CreateClassResetClassAdapter - Creating brand-new static initializer in class org/springframework/beans/factory/support/AbstractAutowireCapableBeanFactory$AutowireByTypeDependencyDescriptor
05:45:41.439 [main] DEBUG org.evosuite.runtime.agent.TransformerForTests - Going to instrument: org.springframework.beans.factory.support.RootBeanDefinition
05:45:41.440 [main] INFO org.evosuite.runtime.instrumentation.MethodCallReplacementClassAdapter - Adding mock interface to class org/springframework/beans/factory/support/RootBeanDefinition
05:45:41.442 [main] INFO org.evosuite.runtime.instrumentation.CreateClassResetClassAdapter - Creating brand-new static initializer in class org/springframework/beans/factory/support/RootBeanDefinition
05:45:41.444 [main] DEBUG org.evosuite.runtime.agent.TransformerForTests - Going to instrument: org.springframework.beans.propertyeditors.InputStreamEditor
05:45:41.444 [main] INFO org.evosuite.runtime.instrumentation.MethodCallReplacementClassAdapter - Adding mock interface to class org/springframework/beans/propertyeditors/InputStreamEditor
05:45:41.445 [main] INFO org.evosuite.runtime.instrumentation.CreateClassResetClassAdapter - Creating brand-new static initializer in class org/springframework/beans/propertyeditors/InputStreamEditor
05:45:41.446 [main] DEBUG org.evosuite.runtime.agent.TransformerForTests - Going to instrument: org.springframework.boot.web.embedded.tomcat.ConnectorStartFailedException
05:45:41.446 [main] INFO org.evosuite.runtime.instrumentation.MethodCallReplacementClassAdapter - Adding mock interface to class org/springframework/boot/web/embedded/tomcat/ConnectorStartFailedException
05:45:41.447 [main] INFO org.evosuite.runtime.instrumentation.CreateClassResetClassAdapter - Creating brand-new static initializer in class org/springframework/boot/web/embedded/tomcat/ConnectorStartFailedException
05:45:41.447 [main] DEBUG org.evosuite.runtime.agent.TransformerForTests - Going to instrument: org.springframework.core.convert.support.CollectionToStringConverter
05:45:41.447 [main] INFO org.evosuite.runtime.instrumentation.MethodCallReplacementClassAdapter - Adding mock interface to class org/springframework/core/convert/support/CollectionToStringConverter
05:45:41.448 [main] INFO org.evosuite.runtime.instrumentation.CreateClassResetClassAdapter - Creating brand-new static initializer in class org/springframework/core/convert/support/CollectionToStringConverter
05:45:41.448 [main] INFO org.evosuite.runtime.instrumentation.CreateClassResetClassAdapter - Adding bytecode for initializing field DELIMITER
05:45:41.448 [main] DEBUG org.evosuite.runtime.agent.TransformerForTests - Going to instrument: org.yaml.snakeyaml.introspector.BeanAccess
05:45:41.448 [main] INFO org.evosuite.runtime.instrumentation.MethodCallReplacementClassAdapter - Adding mock interface to class org/yaml/snakeyaml/introspector/BeanAccess
05:45:41.448 [main] INFO org.evosuite.runtime.instrumentation.CreateClassResetClassAdapter - Found static initializer in class org/yaml/snakeyaml/introspector/BeanAccess
05:45:41.449 [main] DEBUG org.evosuite.runtime.agent.TransformerForTests - Going to instrument: org.springframework.aop.support.AopUtils
05:45:41.449 [main] INFO org.evosuite.runtime.instrumentation.MethodCallReplacementClassAdapter - Adding mock interface to class org/springframework/aop/support/AopUtils
05:45:41.451 [main] INFO org.evosuite.runtime.instrumentation.CreateClassResetClassAdapter - Creating brand-new static initializer in class org/springframework/aop/support/AopUtils
05:45:41.451 [main] DEBUG org.evosuite.runtime.agent.TransformerForTests - Going to instrument: org.springframework.aop.AopInvocationException
05:45:41.452 [main] INFO org.evosuite.runtime.instrumentation.MethodCallReplacementClassAdapter - Adding mock interface to class org/springframework/aop/AopInvocationException
05:45:41.452 [main] INFO org.evosuite.runtime.instrumentation.CreateClassResetClassAdapter - Creating brand-new static initializer in class org/springframework/aop/AopInvocationException
05:45:41.452 [main] DEBUG org.evosuite.runtime.agent.TransformerForTests - Going to instrument: org.springframework.context.expression.MapAccessor$MapAccessException
05:45:41.452 [main] INFO org.evosuite.runtime.instrumentation.MethodCallReplacementClassAdapter - Adding mock interface to class org/springframework/context/expression/MapAccessor$MapAccessException
05:45:41.452 [main] INFO org.evosuite.runtime.instrumentation.CreateClassResetClassAdapter - Creating brand-new static initializer in class org/springframework/context/expression/MapAccessor$MapAccessException
05:45:41.453 [main] DEBUG org.evosuite.runtime.agent.TransformerForTests - Going to instrument: org.springframework.expression.AccessException
05:45:41.453 [main] INFO org.evosuite.runtime.instrumentation.MethodCallReplacementClassAdapter - Adding mock interface to class org/springframework/expression/AccessException
05:45:41.453 [main] INFO org.evosuite.runtime.instrumentation.CreateClassResetClassAdapter - Creating brand-new static initializer in class org/springframework/expression/AccessException
05:45:41.453 [main] DEBUG org.evosuite.runtime.agent.TransformerForTests - Going to instrument: org.springframework.boot.context.event.ApplicationReadyEvent
05:45:41.453 [main] INFO org.evosuite.runtime.instrumentation.MethodCallReplacementClassAdapter - Adding mock interface to class org/springframework/boot/context/event/ApplicationReadyEvent
05:45:41.453 [main] INFO org.evosuite.runtime.instrumentation.CreateClassResetClassAdapter - Creating brand-new static initializer in class org/springframework/boot/context/event/ApplicationReadyEvent
05:45:41.454 [main] DEBUG org.evosuite.runtime.agent.TransformerForTests - Going to instrument: org.springframework.core.annotation.AnnotationTypeMappings$1
05:45:41.454 [main] INFO org.evosuite.runtime.instrumentation.MethodCallReplacementClassAdapter - Adding mock interface to class org/springframework/core/annotation/AnnotationTypeMappings$1
05:45:41.454 [main] DEBUG org.evosuite.runtime.agent.TransformerForTests - Going to instrument: org.yaml.snakeyaml.representer.SafeRepresenter$RepresentBoolean
05:45:41.454 [main] INFO org.evosuite.runtime.instrumentation.MethodCallReplacementClassAdapter - Adding mock interface to class org/yaml/snakeyaml/representer/SafeRepresenter$RepresentBoolean
05:45:41.454 [main] INFO org.evosuite.runtime.instrumentation.CreateClassResetClassAdapter - Creating brand-new static initializer in class org/yaml/snakeyaml/representer/SafeRepresenter$RepresentBoolean
05:45:41.455 [main] DEBUG org.evosuite.runtime.agent.TransformerForTests - Going to instrument: org.springframework.core.log.LogMessage$SupplierMessage
05:45:41.455 [main] INFO org.evosuite.runtime.instrumentation.MethodCallReplacementClassAdapter - Adding mock interface to class org/springframework/core/log/LogMessage$SupplierMessage
05:45:41.455 [main] INFO org.evosuite.runtime.instrumentation.CreateClassResetClassAdapter - Creating brand-new static initializer in class org/springframework/core/log/LogMessage$SupplierMessage
05:45:41.455 [main] DEBUG org.evosuite.runtime.agent.TransformerForTests - Going to instrument: org.springframework.core.log.LogMessage
05:45:41.455 [main] INFO org.evosuite.runtime.instrumentation.MethodCallReplacementClassAdapter - Adding mock interface to class org/springframework/core/log/LogMessage
05:45:41.455 [main] INFO org.evosuite.runtime.instrumentation.CreateClassResetClassAdapter - Creating brand-new static initializer in class org/springframework/core/log/LogMessage
05:45:41.456 [main] DEBUG org.evosuite.runtime.agent.TransformerForTests - Going to instrument: org.springframework.core.log.LogMessage$FormatMessage3
05:45:41.456 [main] INFO org.evosuite.runtime.instrumentation.MethodCallReplacementClassAdapter - Adding mock interface to class org/springframework/core/log/LogMessage$FormatMessage3
05:45:41.456 [main] INFO org.evosuite.runtime.instrumentation.CreateClassResetClassAdapter - Creating brand-new static initializer in class org/springframework/core/log/LogMessage$FormatMessage3
05:45:41.456 [main] DEBUG org.evosuite.runtime.agent.TransformerForTests - Going to instrument: org.springframework.core.log.LogMessage$FormatMessage
05:45:41.456 [main] INFO org.evosuite.runtime.instrumentation.MethodCallReplacementClassAdapter - Adding mock interface to class org/springframework/core/log/LogMessage$FormatMessage
05:45:41.456 [main] INFO org.evosuite.runtime.instrumentation.CreateClassResetClassAdapter - Creating brand-new static initializer in class org/springframework/core/log/LogMessage$FormatMessage
05:45:41.457 [main] DEBUG org.evosuite.runtime.agent.TransformerForTests - Going to instrument: org.springframework.core.log.LogMessage$FormatMessage4
05:45:41.457 [main] INFO org.evosuite.runtime.instrumentation.MethodCallReplacementClassAdapter - Adding mock interface to class org/springframework/core/log/LogMessage$FormatMessage4
05:45:41.457 [main] INFO org.evosuite.runtime.instrumentation.CreateClassResetClassAdapter - Creating brand-new static initializer in class org/springframework/core/log/LogMessage$FormatMessage4
05:45:41.457 [main] DEBUG org.evosuite.runtime.agent.TransformerForTests - Going to instrument: org.springframework.core.log.LogMessage$FormatMessageX
05:45:41.457 [main] INFO org.evosuite.runtime.instrumentation.MethodCallReplacementClassAdapter - Adding mock interface to class org/springframework/core/log/LogMessage$FormatMessageX
05:45:41.458 [main] INFO org.evosuite.runtime.instrumentation.CreateClassResetClassAdapter - Creating brand-new static initializer in class org/springframework/core/log/LogMessage$FormatMessageX
05:45:41.458 [main] DEBUG org.evosuite.runtime.agent.TransformerForTests - Going to instrument: org.springframework.core.log.LogMessage$FormatMessage2
05:45:41.458 [main] INFO org.evosuite.runtime.instrumentation.MethodCallReplacementClassAdapter - Adding mock interface to class org/springframework/core/log/LogMessage$FormatMessage2
05:45:41.458 [main] INFO org.evosuite.runtime.instrumentation.CreateClassResetClassAdapter - Creating brand-new static initializer in class org/springframework/core/log/LogMessage$FormatMessage2
05:45:41.458 [main] DEBUG org.evosuite.runtime.agent.TransformerForTests - Going to instrument: org.springframework.core.log.LogMessage$FormatMessage1
05:45:41.458 [main] INFO org.evosuite.runtime.instrumentation.MethodCallReplacementClassAdapter - Adding mock interface to class org/springframework/core/log/LogMessage$FormatMessage1
05:45:41.459 [main] INFO org.evosuite.runtime.instrumentation.CreateClassResetClassAdapter - Creating brand-new static initializer in class org/springframework/core/log/LogMessage$FormatMessage1
05:45:41.459 [main] DEBUG org.evosuite.runtime.agent.TransformerForTests - Going to instrument: org.springframework.boot.autoconfigure.condition.OnPropertyCondition
05:45:41.460 [main] INFO org.evosuite.runtime.instrumentation.MethodCallReplacementClassAdapter - Adding mock interface to class org/springframework/boot/autoconfigure/condition/OnPropertyCondition
05:45:41.460 [main] INFO org.evosuite.runtime.instrumentation.CreateClassResetClassAdapter - Creating brand-new static initializer in class org/springframework/boot/autoconfigure/condition/OnPropertyCondition
05:45:41.461 [main] DEBUG org.evosuite.runtime.agent.TransformerForTests - Going to instrument: org.springframework.boot.autoconfigure.condition.ConditionMessage$ItemsBuilder
05:45:41.461 [main] INFO org.evosuite.runtime.instrumentation.MethodCallReplacementClassAdapter - Adding mock interface to class org/springframework/boot/autoconfigure/condition/ConditionMessage$ItemsBuilder
05:45:41.462 [main] INFO org.evosuite.runtime.instrumentation.CreateClassResetClassAdapter - Creating brand-new static initializer in class org/springframework/boot/autoconfigure/condition/ConditionMessage$ItemsBuilder
05:45:41.462 [main] DEBUG org.evosuite.runtime.agent.TransformerForTests - Going to instrument: org.yaml.snakeyaml.introspector.MissingProperty
05:45:41.462 [main] INFO org.evosuite.runtime.instrumentation.MethodCallReplacementClassAdapter - Adding mock interface to class org/yaml/snakeyaml/introspector/MissingProperty
05:45:41.463 [main] INFO org.evosuite.runtime.instrumentation.CreateClassResetClassAdapter - Creating brand-new static initializer in class org/yaml/snakeyaml/introspector/MissingProperty
05:45:41.463 [main] DEBUG org.evosuite.runtime.agent.TransformerForTests - Going to instrument: org.yaml.snakeyaml.introspector.Property
05:45:41.463 [main] INFO org.evosuite.runtime.instrumentation.MethodCallReplacementClassAdapter - Adding mock interface to class org/yaml/snakeyaml/introspector/Property
05:45:41.463 [main] INFO org.evosuite.runtime.instrumentation.CreateClassResetClassAdapter - Creating brand-new static initializer in class org/yaml/snakeyaml/introspector/Property
05:45:41.464 [main] DEBUG org.evosuite.runtime.agent.TransformerForTests - Going to instrument: org.springframework.boot.env.OriginTrackedPropertiesLoader$CharacterReader
05:45:41.464 [main] INFO org.evosuite.runtime.instrumentation.MethodCallReplacementClassAdapter - Adding mock interface to class org/springframework/boot/env/OriginTrackedPropertiesLoader$CharacterReader
05:45:41.466 [main] INFO org.evosuite.runtime.instrumentation.CreateClassResetClassAdapter - Found static initializer in class org/springframework/boot/env/OriginTrackedPropertiesLoader$CharacterReader
05:45:41.467 [main] DEBUG org.evosuite.runtime.agent.TransformerForTests - Going to instrument: org.springframework.format.datetime.standard.DateTimeConverters$ZonedDateTimeToLocalDateConverter
05:45:41.467 [main] INFO org.evosuite.runtime.instrumentation.MethodCallReplacementClassAdapter - Adding mock interface to class org/springframework/format/datetime/standard/DateTimeConverters$ZonedDateTimeToLocalDateConverter
05:45:41.467 [main] INFO org.evosuite.runtime.instrumentation.CreateClassResetClassAdapter - Creating brand-new static initializer in class org/springframework/format/datetime/standard/DateTimeConverters$ZonedDateTimeToLocalDateConverter
05:45:41.468 [main] DEBUG org.evosuite.runtime.agent.TransformerForTests - Going to instrument: org.springframework.boot.autoconfigure.AutoConfigurationMetadataLoader$PropertiesAutoConfigurationMetadata
05:45:41.468 [main] INFO org.evosuite.runtime.instrumentation.MethodCallReplacementClassAdapter - Adding mock interface to class org/springframework/boot/autoconfigure/AutoConfigurationMetadataLoader$PropertiesAutoConfigurationMetadata
05:45:41.469 [main] INFO org.evosuite.runtime.instrumentation.CreateClassResetClassAdapter - Creating brand-new static initializer in class org/springframework/boot/autoconfigure/AutoConfigurationMetadataLoader$PropertiesAutoConfigurationMetadata
05:45:41.469 [main] DEBUG org.evosuite.runtime.agent.TransformerForTests - Going to instrument: org.springframework.boot.autoconfigure.AutoConfigurationMetadata
05:45:41.470 [main] DEBUG org.evosuite.runtime.agent.TransformerForTests - Going to instrument: org.springframework.core.io.support.ResourcePropertySource
05:45:41.470 [main] INFO org.evosuite.runtime.instrumentation.MethodCallReplacementClassAdapter - Adding mock interface to class org/springframework/core/io/support/ResourcePropertySource
05:45:41.471 [main] INFO org.evosuite.runtime.instrumentation.CreateClassResetClassAdapter - Creating brand-new static initializer in class org/springframework/core/io/support/ResourcePropertySource
05:45:41.471 [main] DEBUG org.evosuite.runtime.agent.TransformerForTests - Going to instrument: org.hibernate.SessionFactory
05:45:41.472 [main] DEBUG org.evosuite.runtime.agent.TransformerForTests - Going to instrument: org.hibernate.jpa.HibernateEntityManagerFactory
05:45:41.475 [main] DEBUG org.evosuite.runtime.agent.TransformerForTests - Going to instrument: org.springframework.format.annotation.NumberFormat
05:45:41.477 [main] DEBUG org.evosuite.runtime.agent.TransformerForTests - Going to instrument: org.springframework.boot.context.properties.bind.Binder$Context
05:45:41.477 [main] INFO org.evosuite.runtime.instrumentation.MethodCallReplacementClassAdapter - Adding mock interface to class org/springframework/boot/context/properties/bind/Binder$Context
05:45:41.477 [main] INFO org.evosuite.runtime.instrumentation.CreateClassResetClassAdapter - Creating brand-new static initializer in class org/springframework/boot/context/properties/bind/Binder$Context
05:45:41.477 [main] DEBUG org.evosuite.runtime.agent.TransformerForTests - Going to instrument: org.springframework.boot.context.properties.bind.BindContext
05:45:41.478 [main] DEBUG org.evosuite.runtime.agent.TransformerForTests - Going to instrument: org.springframework.beans.factory.support.BeanDefinitionReaderUtils
05:45:41.478 [main] INFO org.evosuite.runtime.instrumentation.MethodCallReplacementClassAdapter - Adding mock interface to class org/springframework/beans/factory/support/BeanDefinitionReaderUtils
05:45:41.479 [main] INFO org.evosuite.runtime.instrumentation.CreateClassResetClassAdapter - Creating brand-new static initializer in class org/springframework/beans/factory/support/BeanDefinitionReaderUtils
05:45:41.479 [main] INFO org.evosuite.runtime.instrumentation.CreateClassResetClassAdapter - Adding bytecode for initializing field GENERATED_BEAN_NAME_SEPARATOR
05:45:41.479 [main] DEBUG org.evosuite.runtime.agent.TransformerForTests - Going to instrument: org.springframework.boot.SpringApplicationRunListeners
05:45:41.479 [main] INFO org.evosuite.runtime.instrumentation.MethodCallReplacementClassAdapter - Adding mock interface to class org/springframework/boot/SpringApplicationRunListeners
05:45:41.480 [main] INFO org.evosuite.runtime.instrumentation.CreateClassResetClassAdapter - Creating brand-new static initializer in class org/springframework/boot/SpringApplicationRunListeners
05:45:41.481 [main] DEBUG org.evosuite.runtime.agent.TransformerForTests - Going to instrument: org.springframework.core.env.CommandLineArgs
05:45:41.481 [main] INFO org.evosuite.runtime.instrumentation.MethodCallReplacementClassAdapter - Adding mock interface to class org/springframework/core/env/CommandLineArgs
05:45:41.481 [main] INFO org.evosuite.runtime.instrumentation.CreateClassResetClassAdapter - Creating brand-new static initializer in class org/springframework/core/env/CommandLineArgs
05:45:41.481 [main] DEBUG org.evosuite.runtime.agent.TransformerForTests - Going to instrument: org.springframework.boot.context.properties.source.InvalidConfigurationPropertyValueException
05:45:41.481 [main] INFO org.evosuite.runtime.instrumentation.MethodCallReplacementClassAdapter - Adding mock interface to class org/springframework/boot/context/properties/source/InvalidConfigurationPropertyValueException
05:45:41.482 [main] INFO org.evosuite.runtime.instrumentation.CreateClassResetClassAdapter - Creating brand-new static initializer in class org/springframework/boot/context/properties/source/InvalidConfigurationPropertyValueException
05:45:41.482 [main] DEBUG org.evosuite.runtime.agent.TransformerForTests - Going to instrument: org.springframework.boot.context.properties.bind.validation.BindValidationException
05:45:41.482 [main] INFO org.evosuite.runtime.instrumentation.MethodCallReplacementClassAdapter - Adding mock interface to class org/springframework/boot/context/properties/bind/validation/BindValidationException
05:45:41.482 [main] INFO org.evosuite.runtime.instrumentation.CreateClassResetClassAdapter - Creating brand-new static initializer in class org/springframework/boot/context/properties/bind/validation/BindValidationException
05:45:41.483 [main] DEBUG org.evosuite.runtime.agent.TransformerForTests - Going to instrument: org.springframework.context.annotation.ConfigurationClassParser$CircularImportProblem
05:45:41.483 [main] INFO org.evosuite.runtime.instrumentation.MethodCallReplacementClassAdapter - Adding mock interface to class org/springframework/context/annotation/ConfigurationClassParser$CircularImportProblem
05:45:41.483 [main] INFO org.evosuite.runtime.instrumentation.CreateClassResetClassAdapter - Creating brand-new static initializer in class org/springframework/context/annotation/ConfigurationClassParser$CircularImportProblem
05:45:41.484 [main] DEBUG org.evosuite.runtime.agent.TransformerForTests - Going to instrument: org.springframework.boot.ExitCodeGenerator
05:45:41.484 [main] DEBUG org.evosuite.runtime.agent.TransformerForTests - Going to instrument: org.springframework.core.convert.support.StringToUUIDConverter
05:45:41.484 [main] INFO org.evosuite.runtime.instrumentation.MethodCallReplacementClassAdapter - Adding mock interface to class org/springframework/core/convert/support/StringToUUIDConverter
05:45:41.484 [main] INFO org.evosuite.runtime.instrumentation.CreateClassResetClassAdapter - Creating brand-new static initializer in class org/springframework/core/convert/support/StringToUUIDConverter
05:45:41.485 [main] DEBUG org.evosuite.runtime.agent.TransformerForTests - Going to instrument: org.springframework.util.ConcurrentReferenceHashMap$EntrySet
05:45:41.485 [main] INFO org.evosuite.runtime.instrumentation.MethodCallReplacementClassAdapter - Adding mock interface to class org/springframework/util/ConcurrentReferenceHashMap$EntrySet
05:45:41.485 [main] INFO org.evosuite.runtime.instrumentation.CreateClassResetClassAdapter - Creating brand-new static initializer in class org/springframework/util/ConcurrentReferenceHashMap$EntrySet
05:45:41.486 [main] DEBUG org.evosuite.runtime.agent.TransformerForTests - Going to instrument: org.springframework.beans.factory.support.BeanDefinitionBuilder
05:45:41.486 [main] INFO org.evosuite.runtime.instrumentation.MethodCallReplacementClassAdapter - Adding mock interface to class org/springframework/beans/factory/support/BeanDefinitionBuilder
05:45:41.486 [main] INFO org.evosuite.runtime.instrumentation.CreateClassResetClassAdapter - Creating brand-new static initializer in class org/springframework/beans/factory/support/BeanDefinitionBuilder
05:45:41.487 [main] DEBUG org.evosuite.runtime.agent.TransformerForTests - Going to instrument: org.springframework.beans.factory.support.ChildBeanDefinition
05:45:41.487 [main] INFO org.evosuite.runtime.instrumentation.MethodCallReplacementClassAdapter - Adding mock interface to class org/springframework/beans/factory/support/ChildBeanDefinition
05:45:41.487 [main] INFO org.evosuite.runtime.instrumentation.CreateClassResetClassAdapter - Creating brand-new static initializer in class org/springframework/beans/factory/support/ChildBeanDefinition
05:45:41.488 [main] DEBUG org.evosuite.runtime.agent.TransformerForTests - Going to instrument: org.springframework.context.expression.StandardBeanExpressionResolver
05:45:41.488 [main] INFO org.evosuite.runtime.instrumentation.MethodCallReplacementClassAdapter - Adding mock interface to class org/springframework/context/expression/StandardBeanExpressionResolver
05:45:41.488 [main] INFO org.evosuite.runtime.instrumentation.CreateClassResetClassAdapter - Creating brand-new static initializer in class org/springframework/context/expression/StandardBeanExpressionResolver
05:45:41.488 [main] INFO org.evosuite.runtime.instrumentation.CreateClassResetClassAdapter - Adding bytecode for initializing field DEFAULT_EXPRESSION_PREFIX
05:45:41.488 [main] INFO org.evosuite.runtime.instrumentation.CreateClassResetClassAdapter - Adding bytecode for initializing field DEFAULT_EXPRESSION_SUFFIX
05:45:41.489 [main] DEBUG org.evosuite.runtime.agent.TransformerForTests - Going to instrument: org.springframework.expression.ExpressionParser
05:45:41.489 [main] DEBUG org.evosuite.runtime.agent.TransformerForTests - Going to instrument: org.springframework.expression.PropertyAccessor
05:45:41.489 [main] DEBUG org.evosuite.runtime.agent.TransformerForTests - Going to instrument: org.springframework.expression.BeanResolver
05:45:41.489 [main] DEBUG org.evosuite.runtime.agent.TransformerForTests - Going to instrument: org.springframework.expression.TypeLocator
05:45:41.490 [main] DEBUG org.evosuite.runtime.agent.TransformerForTests - Going to instrument: org.springframework.expression.EvaluationContext
05:45:41.490 [main] DEBUG org.evosuite.runtime.agent.TransformerForTests - Going to instrument: org.springframework.boot.ansi.AnsiColor
05:45:41.490 [main] INFO org.evosuite.runtime.instrumentation.MethodCallReplacementClassAdapter - Adding mock interface to class org/springframework/boot/ansi/AnsiColor
05:45:41.490 [main] INFO org.evosuite.runtime.instrumentation.CreateClassResetClassAdapter - Found static initializer in class org/springframework/boot/ansi/AnsiColor
05:45:41.491 [main] DEBUG org.evosuite.runtime.agent.TransformerForTests - Going to instrument: org.springframework.beans.PropertyAccessorUtils
05:45:41.491 [main] INFO org.evosuite.runtime.instrumentation.MethodCallReplacementClassAdapter - Adding mock interface to class org/springframework/beans/PropertyAccessorUtils
05:45:41.492 [main] INFO org.evosuite.runtime.instrumentation.CreateClassResetClassAdapter - Creating brand-new static initializer in class org/springframework/beans/PropertyAccessorUtils
05:45:41.492 [main] DEBUG org.evosuite.runtime.agent.TransformerForTests - Going to instrument: org.springframework.boot.context.properties.bind.BindConverter
05:45:41.492 [main] INFO org.evosuite.runtime.instrumentation.MethodCallReplacementClassAdapter - Adding mock interface to class org/springframework/boot/context/properties/bind/BindConverter
05:45:41.492 [main] INFO org.evosuite.runtime.instrumentation.CreateClassResetClassAdapter - Found static initializer in class org/springframework/boot/context/properties/bind/BindConverter
05:45:41.493 [main] DEBUG org.evosuite.runtime.agent.TransformerForTests - Going to instrument: org.springframework.boot.context.properties.bind.BindConverter$ResolvableTypeDescriptor
05:45:41.493 [main] INFO org.evosuite.runtime.instrumentation.MethodCallReplacementClassAdapter - Adding mock interface to class org/springframework/boot/context/properties/bind/BindConverter$ResolvableTypeDescriptor
05:45:41.493 [main] INFO org.evosuite.runtime.instrumentation.CreateClassResetClassAdapter - Creating brand-new static initializer in class org/springframework/boot/context/properties/bind/BindConverter$ResolvableTypeDescriptor
05:45:41.493 [main] DEBUG org.evosuite.runtime.agent.TransformerForTests - Going to instrument: org.springframework.beans.propertyeditors.FileEditor
05:45:41.493 [main] INFO org.evosuite.runtime.instrumentation.MethodCallReplacementClassAdapter - Adding mock interface to class org/springframework/beans/propertyeditors/FileEditor
05:45:41.494 [main] INFO org.evosuite.runtime.instrumentation.CreateClassResetClassAdapter - Creating brand-new static initializer in class org/springframework/beans/propertyeditors/FileEditor
05:45:41.495 [main] DEBUG org.evosuite.runtime.agent.TransformerForTests - Going to instrument: org.springframework.web.multipart.support.StandardServletMultipartResolver
05:45:41.495 [main] INFO org.evosuite.runtime.instrumentation.MethodCallReplacementClassAdapter - Adding mock interface to class org/springframework/web/multipart/support/StandardServletMultipartResolver
05:45:41.496 [main] INFO org.evosuite.runtime.instrumentation.CreateClassResetClassAdapter - Creating brand-new static initializer in class org/springframework/web/multipart/support/StandardServletMultipartResolver
05:45:41.496 [main] DEBUG org.evosuite.runtime.agent.TransformerForTests - Going to instrument: org.springframework.web.multipart.MultipartResolver
05:45:41.496 [main] DEBUG org.evosuite.runtime.agent.TransformerForTests - Going to instrument: org.springframework.web.multipart.MultipartHttpServletRequest
05:45:41.497 [main] DEBUG org.evosuite.runtime.agent.TransformerForTests - Going to instrument: org.springframework.web.multipart.MultipartRequest
05:45:41.498 [main] DEBUG org.evosuite.runtime.agent.TransformerForTests - Going to instrument: org.springframework.beans.factory.config.ConstructorArgumentValues
05:45:41.498 [main] INFO org.evosuite.runtime.instrumentation.MethodCallReplacementClassAdapter - Adding mock interface to class org/springframework/beans/factory/config/ConstructorArgumentValues
05:45:41.499 [main] INFO org.evosuite.runtime.instrumentation.CreateClassResetClassAdapter - Creating brand-new static initializer in class org/springframework/beans/factory/config/ConstructorArgumentValues
05:45:41.500 [main] DEBUG org.evosuite.runtime.agent.TransformerForTests - Going to instrument: org.springframework.core.convert.support.MapToMapConverter
05:45:41.500 [main] INFO org.evosuite.runtime.instrumentation.MethodCallReplacementClassAdapter - Adding mock interface to class org/springframework/core/convert/support/MapToMapConverter
05:45:41.500 [main] INFO org.evosuite.runtime.instrumentation.CreateClassResetClassAdapter - Creating brand-new static initializer in class org/springframework/core/convert/support/MapToMapConverter
05:45:41.501 [main] DEBUG org.evosuite.runtime.agent.TransformerForTests - Going to instrument: org.springframework.context.annotation.Description
05:45:41.501 [main] DEBUG org.evosuite.runtime.agent.TransformerForTests - Going to instrument: org.springframework.boot.autoconfigure.EnableAutoConfiguration
05:45:41.502 [main] DEBUG org.evosuite.runtime.agent.TransformerForTests - Going to instrument: org.springframework.boot.actuate.audit.AuditEventRepository
05:45:41.502 [main] DEBUG org.evosuite.runtime.agent.TransformerForTests - Going to instrument: org.springframework.boot.autoconfigure.jdbc.DataSourceBeanCreationFailureAnalyzer
05:45:41.502 [main] INFO org.evosuite.runtime.instrumentation.MethodCallReplacementClassAdapter - Adding mock interface to class org/springframework/boot/autoconfigure/jdbc/DataSourceBeanCreationFailureAnalyzer
05:45:41.503 [main] INFO org.evosuite.runtime.instrumentation.CreateClassResetClassAdapter - Creating brand-new static initializer in class org/springframework/boot/autoconfigure/jdbc/DataSourceBeanCreationFailureAnalyzer
05:45:41.503 [main] DEBUG org.evosuite.runtime.agent.TransformerForTests - Going to instrument: org.springframework.boot.autoconfigure.jdbc.DataSourceProperties$DataSourceBeanCreationException
05:45:41.503 [main] INFO org.evosuite.runtime.instrumentation.MethodCallReplacementClassAdapter - Adding mock interface to class org/springframework/boot/autoconfigure/jdbc/DataSourceProperties$DataSourceBeanCreationException
05:45:41.503 [main] INFO org.evosuite.runtime.instrumentation.CreateClassResetClassAdapter - Creating brand-new static initializer in class org/springframework/boot/autoconfigure/jdbc/DataSourceProperties$DataSourceBeanCreationException
05:45:41.504 [main] DEBUG org.evosuite.runtime.agent.TransformerForTests - Going to instrument: org.springframework.context.annotation.ComponentScan
05:45:41.504 [main] DEBUG org.evosuite.runtime.agent.TransformerForTests - Going to instrument: org.springframework.boot.logging.LoggerGroups
05:45:41.504 [main] INFO org.evosuite.runtime.instrumentation.MethodCallReplacementClassAdapter - Adding mock interface to class org/springframework/boot/logging/LoggerGroups
05:45:41.505 [main] INFO org.evosuite.runtime.instrumentation.CreateClassResetClassAdapter - Creating brand-new static initializer in class org/springframework/boot/logging/LoggerGroups
05:45:41.505 [main] DEBUG org.evosuite.runtime.agent.TransformerForTests - Going to instrument: org.springframework.core.env.SimpleCommandLineArgsParser
05:45:41.506 [main] INFO org.evosuite.runtime.instrumentation.MethodCallReplacementClassAdapter - Adding mock interface to class org/springframework/core/env/SimpleCommandLineArgsParser
05:45:41.507 [main] INFO org.evosuite.runtime.instrumentation.CreateClassResetClassAdapter - Creating brand-new static initializer in class org/springframework/core/env/SimpleCommandLineArgsParser
05:45:41.508 [main] DEBUG org.evosuite.runtime.agent.TransformerForTests - Going to instrument: org.springframework.boot.autoconfigure.condition.ConditionOutcome
05:45:41.508 [main] INFO org.evosuite.runtime.instrumentation.MethodCallReplacementClassAdapter - Adding mock interface to class org/springframework/boot/autoconfigure/condition/ConditionOutcome
05:45:41.508 [main] INFO org.evosuite.runtime.instrumentation.CreateClassResetClassAdapter - Creating brand-new static initializer in class org/springframework/boot/autoconfigure/condition/ConditionOutcome
05:45:41.509 [main] DEBUG org.evosuite.runtime.agent.TransformerForTests - Going to instrument: org.springframework.boot.WebApplicationType
05:45:41.509 [main] INFO org.evosuite.runtime.instrumentation.MethodCallReplacementClassAdapter - Adding mock interface to class org/springframework/boot/WebApplicationType
05:45:41.509 [main] INFO org.evosuite.runtime.instrumentation.CreateClassResetClassAdapter - Found static initializer in class org/springframework/boot/WebApplicationType
05:45:41.510 [main] DEBUG org.evosuite.runtime.agent.TransformerForTests - Going to instrument: org.yaml.snakeyaml.util.PlatformFeatureDetector
05:45:41.510 [main] INFO org.evosuite.runtime.instrumentation.MethodCallReplacementClassAdapter - Adding mock interface to class org/yaml/snakeyaml/util/PlatformFeatureDetector
05:45:41.510 [main] INFO org.evosuite.runtime.instrumentation.CreateClassResetClassAdapter - Creating brand-new static initializer in class org/yaml/snakeyaml/util/PlatformFeatureDetector
05:45:41.511 [main] DEBUG org.evosuite.runtime.agent.TransformerForTests - Going to instrument: org.springframework.format.datetime.standard.DateTimeConverters$ZonedDateTimeToLocalDateTimeConverter
05:45:41.511 [main] INFO org.evosuite.runtime.instrumentation.MethodCallReplacementClassAdapter - Adding mock interface to class org/springframework/format/datetime/standard/DateTimeConverters$ZonedDateTimeToLocalDateTimeConverter
05:45:41.511 [main] INFO org.evosuite.runtime.instrumentation.CreateClassResetClassAdapter - Creating brand-new static initializer in class org/springframework/format/datetime/standard/DateTimeConverters$ZonedDateTimeToLocalDateTimeConverter
05:45:41.511 [main] DEBUG org.evosuite.runtime.agent.TransformerForTests - Going to instrument: org.springframework.core.convert.support.StringToCharacterConverter
05:45:41.511 [main] INFO org.evosuite.runtime.instrumentation.MethodCallReplacementClassAdapter - Adding mock interface to class org/springframework/core/convert/support/StringToCharacterConverter
05:45:41.512 [main] INFO org.evosuite.runtime.instrumentation.CreateClassResetClassAdapter - Creating brand-new static initializer in class org/springframework/core/convert/support/StringToCharacterConverter
05:45:41.513 [main] DEBUG org.evosuite.runtime.agent.TransformerForTests - Going to instrument: org.springframework.boot.autoconfigure.session.NonUniqueSessionRepositoryFailureAnalyzer
05:45:41.513 [main] INFO org.evosuite.runtime.instrumentation.MethodCallReplacementClassAdapter - Adding mock interface to class org/springframework/boot/autoconfigure/session/NonUniqueSessionRepositoryFailureAnalyzer
05:45:41.513 [main] INFO org.evosuite.runtime.instrumentation.CreateClassResetClassAdapter - Creating brand-new static initializer in class org/springframework/boot/autoconfigure/session/NonUniqueSessionRepositoryFailureAnalyzer
05:45:41.513 [main] DEBUG org.evosuite.runtime.agent.TransformerForTests - Going to instrument: org.springframework.format.annotation.DateTimeFormat
05:45:41.514 [main] DEBUG org.evosuite.runtime.agent.TransformerForTests - Going to instrument: org.springframework.boot.cloud.CloudPlatform$1
05:45:41.514 [main] INFO org.evosuite.runtime.instrumentation.MethodCallReplacementClassAdapter - Adding mock interface to class org/springframework/boot/cloud/CloudPlatform$1
05:45:41.514 [main] DEBUG org.evosuite.runtime.agent.TransformerForTests - Going to instrument: org.springframework.boot.cloud.CloudPlatform
05:45:41.514 [main] INFO org.evosuite.runtime.instrumentation.MethodCallReplacementClassAdapter - Adding mock interface to class org/springframework/boot/cloud/CloudPlatform
05:45:41.515 [main] INFO org.evosuite.runtime.instrumentation.CreateClassResetClassAdapter - Found static initializer in class org/springframework/boot/cloud/CloudPlatform
05:45:41.515 [main] DEBUG org.evosuite.runtime.agent.TransformerForTests - Going to instrument: org.springframework.boot.cloud.CloudPlatform$2
05:45:41.515 [main] INFO org.evosuite.runtime.instrumentation.MethodCallReplacementClassAdapter - Adding mock interface to class org/springframework/boot/cloud/CloudPlatform$2
05:45:41.515 [main] DEBUG org.evosuite.runtime.agent.TransformerForTests - Going to instrument: org.springframework.boot.cloud.CloudPlatform$3
05:45:41.515 [main] INFO org.evosuite.runtime.instrumentation.MethodCallReplacementClassAdapter - Adding mock interface to class org/springframework/boot/cloud/CloudPlatform$3
05:45:41.516 [main] DEBUG org.evosuite.runtime.agent.TransformerForTests - Going to instrument: org.springframework.boot.cloud.CloudPlatform$4
05:45:41.516 [main] INFO org.evosuite.runtime.instrumentation.MethodCallReplacementClassAdapter - Adding mock interface to class org/springframework/boot/cloud/CloudPlatform$4
05:45:41.516 [main] DEBUG org.evosuite.runtime.agent.TransformerForTests - Going to instrument: org.springframework.boot.cloud.CloudPlatform$5
05:45:41.516 [main] INFO org.evosuite.runtime.instrumentation.MethodCallReplacementClassAdapter - Adding mock interface to class org/springframework/boot/cloud/CloudPlatform$5
05:45:41.517 [main] DEBUG org.evosuite.runtime.agent.TransformerForTests - Going to instrument: org.springframework.core.io.support.PropertiesLoaderUtils
05:45:41.517 [main] INFO org.evosuite.runtime.instrumentation.MethodCallReplacementClassAdapter - Adding mock interface to class org/springframework/core/io/support/PropertiesLoaderUtils
05:45:41.518 [main] INFO org.evosuite.runtime.instrumentation.CreateClassResetClassAdapter - Creating brand-new static initializer in class org/springframework/core/io/support/PropertiesLoaderUtils
05:45:41.518 [main] INFO org.evosuite.runtime.instrumentation.CreateClassResetClassAdapter - Adding bytecode for initializing field XML_FILE_EXTENSION
05:45:41.518 [main] DEBUG org.evosuite.runtime.agent.TransformerForTests - Going to instrument: org.springframework.util.PropertiesPersister
05:45:41.519 [main] DEBUG org.evosuite.runtime.agent.TransformerForTests - Going to instrument: org.springframework.dao.support.PersistenceExceptionTranslator
05:45:41.519 [main] DEBUG org.evosuite.runtime.agent.TransformerForTests - Going to instrument: org.springframework.core.io.ContextResource
05:45:41.521 [main] DEBUG org.evosuite.runtime.agent.TransformerForTests - Going to instrument: org.springframework.web.servlet.DispatcherServlet
05:45:41.522 [main] INFO org.evosuite.runtime.instrumentation.MethodCallReplacementClassAdapter - Adding mock interface to class org/springframework/web/servlet/DispatcherServlet
05:45:41.529 [main] INFO org.evosuite.runtime.instrumentation.CreateClassResetClassAdapter - Found static initializer in class org/springframework/web/servlet/DispatcherServlet
05:45:41.532 [main] DEBUG org.evosuite.runtime.agent.TransformerForTests - Going to instrument: org.springframework.web.servlet.FrameworkServlet
05:45:41.532 [main] INFO org.evosuite.runtime.instrumentation.MethodCallReplacementClassAdapter - Adding mock interface to class org/springframework/web/servlet/FrameworkServlet
05:45:41.536 [main] INFO org.evosuite.runtime.instrumentation.CreateClassResetClassAdapter - Found static initializer in class org/springframework/web/servlet/FrameworkServlet
05:45:41.537 [main] DEBUG org.evosuite.runtime.agent.TransformerForTests - Going to instrument: org.springframework.web.servlet.HttpServletBean
05:45:41.537 [main] INFO org.evosuite.runtime.instrumentation.MethodCallReplacementClassAdapter - Adding mock interface to class org/springframework/web/servlet/HttpServletBean
05:45:41.538 [main] INFO org.evosuite.runtime.instrumentation.CreateClassResetClassAdapter - Creating brand-new static initializer in class org/springframework/web/servlet/HttpServletBean
05:45:41.539 [main] DEBUG org.evosuite.runtime.agent.TransformerForTests - Going to instrument: org.springframework.web.context.request.async.CallableProcessingInterceptor
05:45:41.540 [main] DEBUG org.evosuite.runtime.agent.TransformerForTests - Going to instrument: org.springframework.context.i18n.LocaleContext
05:45:41.541 [main] DEBUG org.evosuite.runtime.agent.TransformerForTests - Going to instrument: org.springframework.web.context.support.ServletRequestHandledEvent
05:45:41.541 [main] INFO org.evosuite.runtime.instrumentation.MethodCallReplacementClassAdapter - Adding mock interface to class org/springframework/web/context/support/ServletRequestHandledEvent
05:45:41.542 [main] INFO org.evosuite.runtime.instrumentation.CreateClassResetClassAdapter - Creating brand-new static initializer in class org/springframework/web/context/support/ServletRequestHandledEvent
05:45:41.542 [main] DEBUG org.evosuite.runtime.agent.TransformerForTests - Going to instrument: org.springframework.web.context.support.RequestHandledEvent
05:45:41.542 [main] INFO org.evosuite.runtime.instrumentation.MethodCallReplacementClassAdapter - Adding mock interface to class org/springframework/web/context/support/RequestHandledEvent
05:45:41.543 [main] INFO org.evosuite.runtime.instrumentation.CreateClassResetClassAdapter - Creating brand-new static initializer in class org/springframework/web/context/support/RequestHandledEvent
05:45:41.543 [main] DEBUG org.evosuite.runtime.agent.TransformerForTests - Going to instrument: org.springframework.web.servlet.NoHandlerFoundException
05:45:41.543 [main] INFO org.evosuite.runtime.instrumentation.MethodCallReplacementClassAdapter - Adding mock interface to class org/springframework/web/servlet/NoHandlerFoundException
05:45:41.544 [main] INFO org.evosuite.runtime.instrumentation.CreateClassResetClassAdapter - Creating brand-new static initializer in class org/springframework/web/servlet/NoHandlerFoundException
05:45:41.544 [main] DEBUG org.evosuite.runtime.agent.TransformerForTests - Going to instrument: org.springframework.web.multipart.MultipartException
05:45:41.544 [main] INFO org.evosuite.runtime.instrumentation.MethodCallReplacementClassAdapter - Adding mock interface to class org/springframework/web/multipart/MultipartException
05:45:41.545 [main] INFO org.evosuite.runtime.instrumentation.CreateClassResetClassAdapter - Creating brand-new static initializer in class org/springframework/web/multipart/MultipartException
05:45:41.545 [main] DEBUG org.evosuite.runtime.agent.TransformerForTests - Going to instrument: org.springframework.web.context.support.XmlWebApplicationContext
05:45:41.545 [main] INFO org.evosuite.runtime.instrumentation.MethodCallReplacementClassAdapter - Adding mock interface to class org/springframework/web/context/support/XmlWebApplicationContext
05:45:41.545 [main] INFO org.evosuite.runtime.instrumentation.CreateClassResetClassAdapter - Creating brand-new static initializer in class org/springframework/web/context/support/XmlWebApplicationContext
05:45:41.545 [main] INFO org.evosuite.runtime.instrumentation.CreateClassResetClassAdapter - Adding bytecode for initializing field DEFAULT_CONFIG_LOCATION
05:45:41.545 [main] INFO org.evosuite.runtime.instrumentation.CreateClassResetClassAdapter - Adding bytecode for initializing field DEFAULT_CONFIG_LOCATION_PREFIX
05:45:41.545 [main] INFO org.evosuite.runtime.instrumentation.CreateClassResetClassAdapter - Adding bytecode for initializing field DEFAULT_CONFIG_LOCATION_SUFFIX
05:45:41.546 [main] DEBUG org.evosuite.runtime.agent.TransformerForTests - Going to instrument: org.springframework.web.context.support.AbstractRefreshableWebApplicationContext
05:45:41.546 [main] INFO org.evosuite.runtime.instrumentation.MethodCallReplacementClassAdapter - Adding mock interface to class org/springframework/web/context/support/AbstractRefreshableWebApplicationContext
05:45:41.546 [main] INFO org.evosuite.runtime.instrumentation.CreateClassResetClassAdapter - Creating brand-new static initializer in class org/springframework/web/context/support/AbstractRefreshableWebApplicationContext
05:45:41.547 [main] DEBUG org.evosuite.runtime.agent.TransformerForTests - Going to instrument: org.springframework.ui.context.ThemeSource
05:45:41.547 [main] DEBUG org.evosuite.runtime.agent.TransformerForTests - Going to instrument: org.springframework.context.support.AbstractRefreshableConfigApplicationContext
05:45:41.547 [main] INFO org.evosuite.runtime.instrumentation.MethodCallReplacementClassAdapter - Adding mock interface to class org/springframework/context/support/AbstractRefreshableConfigApplicationContext
05:45:41.547 [main] INFO org.evosuite.runtime.instrumentation.CreateClassResetClassAdapter - Creating brand-new static initializer in class org/springframework/context/support/AbstractRefreshableConfigApplicationContext
05:45:41.548 [main] DEBUG org.evosuite.runtime.agent.TransformerForTests - Going to instrument: org.springframework.context.support.AbstractRefreshableApplicationContext
05:45:41.548 [main] INFO org.evosuite.runtime.instrumentation.MethodCallReplacementClassAdapter - Adding mock interface to class org/springframework/context/support/AbstractRefreshableApplicationContext
05:45:41.549 [main] INFO org.evosuite.runtime.instrumentation.CreateClassResetClassAdapter - Creating brand-new static initializer in class org/springframework/context/support/AbstractRefreshableApplicationContext
05:45:41.550 [main] DEBUG org.evosuite.runtime.agent.TransformerForTests - Going to instrument: org.springframework.core.io.ClassPathResource
05:45:41.550 [main] INFO org.evosuite.runtime.instrumentation.MethodCallReplacementClassAdapter - Adding mock interface to class org/springframework/core/io/ClassPathResource
05:45:41.550 [main] INFO org.evosuite.runtime.instrumentation.CreateClassResetClassAdapter - Creating brand-new static initializer in class org/springframework/core/io/ClassPathResource
05:45:41.552 [main] DEBUG org.evosuite.runtime.agent.TransformerForTests - Going to instrument: org.springframework.util.CollectionUtils
05:45:41.552 [main] INFO org.evosuite.runtime.instrumentation.MethodCallReplacementClassAdapter - Adding mock interface to class org/springframework/util/CollectionUtils
05:45:41.553 [main] INFO org.evosuite.runtime.instrumentation.CreateClassResetClassAdapter - Creating brand-new static initializer in class org/springframework/util/CollectionUtils
05:45:41.555 [main] DEBUG org.evosuite.runtime.agent.TransformerForTests - Going to instrument: org.springframework.beans.factory.annotation.InitDestroyAnnotationBeanPostProcessor
05:45:41.556 [main] INFO org.evosuite.runtime.instrumentation.MethodCallReplacementClassAdapter - Adding mock interface to class org/springframework/beans/factory/annotation/InitDestroyAnnotationBeanPostProcessor
05:45:41.556 [main] INFO org.evosuite.runtime.instrumentation.CreateClassResetClassAdapter - Creating brand-new static initializer in class org/springframework/beans/factory/annotation/InitDestroyAnnotationBeanPostProcessor
05:45:41.557 [main] DEBUG org.evosuite.runtime.agent.TransformerForTests - Going to instrument: org.springframework.beans.factory.annotation.InitDestroyAnnotationBeanPostProcessor$LifecycleMetadata
05:45:41.558 [main] INFO org.evosuite.runtime.instrumentation.MethodCallReplacementClassAdapter - Adding mock interface to class org/springframework/beans/factory/annotation/InitDestroyAnnotationBeanPostProcessor$LifecycleMetadata
05:45:41.558 [main] INFO org.evosuite.runtime.instrumentation.CreateClassResetClassAdapter - Creating brand-new static initializer in class org/springframework/beans/factory/annotation/InitDestroyAnnotationBeanPostProcessor$LifecycleMetadata
05:45:41.559 [main] DEBUG org.evosuite.runtime.agent.TransformerForTests - Going to instrument: org.springframework.beans.factory.annotation.InitDestroyAnnotationBeanPostProcessor$1
05:45:41.559 [main] INFO org.evosuite.runtime.instrumentation.MethodCallReplacementClassAdapter - Adding mock interface to class org/springframework/beans/factory/annotation/InitDestroyAnnotationBeanPostProcessor$1
05:45:41.561 [main] DEBUG org.evosuite.runtime.agent.TransformerForTests - Going to instrument: org.springframework.core.MethodParameter
05:45:41.561 [main] INFO org.evosuite.runtime.instrumentation.MethodCallReplacementClassAdapter - Adding mock interface to class org/springframework/core/MethodParameter
05:45:41.565 [main] INFO org.evosuite.runtime.instrumentation.CreateClassResetClassAdapter - Found static initializer in class org/springframework/core/MethodParameter
05:45:41.566 [main] DEBUG org.evosuite.runtime.agent.TransformerForTests - Going to instrument: org.springframework.boot.context.properties.EnableConfigurationPropertiesRegistrar
05:45:41.566 [main] INFO org.evosuite.runtime.instrumentation.MethodCallReplacementClassAdapter - Adding mock interface to class org/springframework/boot/context/properties/EnableConfigurationPropertiesRegistrar
05:45:41.567 [main] INFO org.evosuite.runtime.instrumentation.CreateClassResetClassAdapter - Creating brand-new static initializer in class org/springframework/boot/context/properties/EnableConfigurationPropertiesRegistrar
05:45:41.567 [main] DEBUG org.evosuite.runtime.agent.TransformerForTests - Going to instrument: org.springframework.boot.cloud.CloudFoundryVcapEnvironmentPostProcessor
05:45:41.568 [main] INFO org.evosuite.runtime.instrumentation.MethodCallReplacementClassAdapter - Adding mock interface to class org/springframework/boot/cloud/CloudFoundryVcapEnvironmentPostProcessor
05:45:41.568 [main] INFO org.evosuite.runtime.instrumentation.CreateClassResetClassAdapter - Found static initializer in class org/springframework/boot/cloud/CloudFoundryVcapEnvironmentPostProcessor
05:45:41.569 [main] DEBUG org.evosuite.runtime.agent.TransformerForTests - Going to instrument: org.springframework.boot.logging.logback.ColorConverter
05:45:41.569 [main] INFO org.evosuite.runtime.instrumentation.MethodCallReplacementClassAdapter - Adding mock interface to class org/springframework/boot/logging/logback/ColorConverter
05:45:41.570 [main] INFO org.evosuite.runtime.instrumentation.CreateClassResetClassAdapter - Found static initializer in class org/springframework/boot/logging/logback/ColorConverter
05:45:41.571 [main] DEBUG org.evosuite.runtime.agent.TransformerForTests - Going to instrument: org.springframework.beans.factory.config.RuntimeBeanReference
05:45:41.571 [main] INFO org.evosuite.runtime.instrumentation.MethodCallReplacementClassAdapter - Adding mock interface to class org/springframework/beans/factory/config/RuntimeBeanReference
05:45:41.572 [main] INFO org.evosuite.runtime.instrumentation.CreateClassResetClassAdapter - Creating brand-new static initializer in class org/springframework/beans/factory/config/RuntimeBeanReference
05:45:41.572 [main] DEBUG org.evosuite.runtime.agent.TransformerForTests - Going to instrument: org.springframework.beans.factory.config.BeanReference
05:45:41.573 [main] DEBUG org.evosuite.runtime.agent.TransformerForTests - Going to instrument: org.springframework.core.convert.support.PropertiesToStringConverter
05:45:41.573 [main] INFO org.evosuite.runtime.instrumentation.MethodCallReplacementClassAdapter - Adding mock interface to class org/springframework/core/convert/support/PropertiesToStringConverter
05:45:41.574 [main] INFO org.evosuite.runtime.instrumentation.CreateClassResetClassAdapter - Creating brand-new static initializer in class org/springframework/core/convert/support/PropertiesToStringConverter
05:45:41.575 [main] DEBUG org.evosuite.runtime.agent.TransformerForTests - Going to instrument: org.springframework.format.datetime.DateFormatterRegistrar
05:45:41.575 [main] INFO org.evosuite.runtime.instrumentation.MethodCallReplacementClassAdapter - Adding mock interface to class org/springframework/format/datetime/DateFormatterRegistrar
05:45:41.576 [main] INFO org.evosuite.runtime.instrumentation.CreateClassResetClassAdapter - Creating brand-new static initializer in class org/springframework/format/datetime/DateFormatterRegistrar
05:45:41.576 [main] DEBUG org.evosuite.runtime.agent.TransformerForTests - Going to instrument: org.springframework.core.convert.support.CollectionToArrayConverter
05:45:41.577 [main] INFO org.evosuite.runtime.instrumentation.MethodCallReplacementClassAdapter - Adding mock interface to class org/springframework/core/convert/support/CollectionToArrayConverter
05:45:41.577 [main] INFO org.evosuite.runtime.instrumentation.CreateClassResetClassAdapter - Creating brand-new static initializer in class org/springframework/core/convert/support/CollectionToArrayConverter
05:45:41.577 [main] DEBUG org.evosuite.runtime.agent.TransformerForTests - Going to instrument: org.springframework.boot.autoconfigure.condition.ConditionEvaluationReportAutoConfigurationImportListener
05:45:41.578 [main] INFO org.evosuite.runtime.instrumentation.MethodCallReplacementClassAdapter - Adding mock interface to class org/springframework/boot/autoconfigure/condition/ConditionEvaluationReportAutoConfigurationImportListener
05:45:41.578 [main] INFO org.evosuite.runtime.instrumentation.CreateClassResetClassAdapter - Creating brand-new static initializer in class org/springframework/boot/autoconfigure/condition/ConditionEvaluationReportAutoConfigurationImportListener
05:45:41.578 [main] DEBUG org.evosuite.runtime.agent.TransformerForTests - Going to instrument: org.springframework.boot.autoconfigure.AutoConfigurationImportListener
05:45:41.579 [main] DEBUG org.evosuite.runtime.agent.TransformerForTests - Going to instrument: org.springframework.beans.ExtendedBeanInfo$SimpleIndexedPropertyDescriptor
05:45:41.579 [main] INFO org.evosuite.runtime.instrumentation.MethodCallReplacementClassAdapter - Adding mock interface to class org/springframework/beans/ExtendedBeanInfo$SimpleIndexedPropertyDescriptor
05:45:41.579 [main] INFO org.evosuite.runtime.instrumentation.CreateClassResetClassAdapter - Creating brand-new static initializer in class org/springframework/beans/ExtendedBeanInfo$SimpleIndexedPropertyDescriptor
05:45:41.581 [main] DEBUG org.evosuite.runtime.agent.TransformerForTests - Going to instrument: org.springframework.boot.logging.LoggerGroup
05:45:41.581 [main] INFO org.evosuite.runtime.instrumentation.MethodCallReplacementClassAdapter - Adding mock interface to class org/springframework/boot/logging/LoggerGroup
05:45:41.581 [main] INFO org.evosuite.runtime.instrumentation.CreateClassResetClassAdapter - Creating brand-new static initializer in class org/springframework/boot/logging/LoggerGroup
05:45:41.582 [main] DEBUG org.evosuite.runtime.agent.TransformerForTests - Going to instrument: org.springframework.boot.autoconfigure.flyway.FlywayMigrationScriptMissingFailureAnalyzer
05:45:41.582 [main] INFO org.evosuite.runtime.instrumentation.MethodCallReplacementClassAdapter - Adding mock interface to class org/springframework/boot/autoconfigure/flyway/FlywayMigrationScriptMissingFailureAnalyzer
05:45:41.582 [main] INFO org.evosuite.runtime.instrumentation.CreateClassResetClassAdapter - Creating brand-new static initializer in class org/springframework/boot/autoconfigure/flyway/FlywayMigrationScriptMissingFailureAnalyzer
05:45:41.583 [main] DEBUG org.evosuite.runtime.agent.TransformerForTests - Going to instrument: org.springframework.boot.autoconfigure.flyway.FlywayMigrationScriptMissingException
05:45:41.583 [main] INFO org.evosuite.runtime.instrumentation.MethodCallReplacementClassAdapter - Adding mock interface to class org/springframework/boot/autoconfigure/flyway/FlywayMigrationScriptMissingException
05:45:41.583 [main] INFO org.evosuite.runtime.instrumentation.CreateClassResetClassAdapter - Creating brand-new static initializer in class org/springframework/boot/autoconfigure/flyway/FlywayMigrationScriptMissingException
05:45:41.583 [main] DEBUG org.evosuite.runtime.agent.TransformerForTests - Going to instrument: org.springframework.boot.autoconfigure.AutoConfigurationImportSelector$AutoConfigurationEntry
05:45:41.583 [main] INFO org.evosuite.runtime.instrumentation.MethodCallReplacementClassAdapter - Adding mock interface to class org/springframework/boot/autoconfigure/AutoConfigurationImportSelector$AutoConfigurationEntry
05:45:41.583 [main] INFO org.evosuite.runtime.instrumentation.CreateClassResetClassAdapter - Creating brand-new static initializer in class org/springframework/boot/autoconfigure/AutoConfigurationImportSelector$AutoConfigurationEntry
05:45:41.584 [main] DEBUG org.evosuite.runtime.agent.TransformerForTests - Going to instrument: org.springframework.core.convert.support.NumberToCharacterConverter
05:45:41.584 [main] INFO org.evosuite.runtime.instrumentation.MethodCallReplacementClassAdapter - Adding mock interface to class org/springframework/core/convert/support/NumberToCharacterConverter
05:45:41.584 [main] INFO org.evosuite.runtime.instrumentation.CreateClassResetClassAdapter - Creating brand-new static initializer in class org/springframework/core/convert/support/NumberToCharacterConverter
05:45:41.585 [main] DEBUG org.evosuite.runtime.agent.TransformerForTests - Going to instrument: org.springframework.boot.diagnostics.analyzer.BindValidationFailureAnalyzer
05:45:41.585 [main] INFO org.evosuite.runtime.instrumentation.MethodCallReplacementClassAdapter - Adding mock interface to class org/springframework/boot/diagnostics/analyzer/BindValidationFailureAnalyzer
05:45:41.585 [main] INFO org.evosuite.runtime.instrumentation.CreateClassResetClassAdapter - Creating brand-new static initializer in class org/springframework/boot/diagnostics/analyzer/BindValidationFailureAnalyzer
05:45:41.586 [main] DEBUG org.evosuite.runtime.agent.TransformerForTests - Going to instrument: org.springframework.validation.BindException
05:45:41.586 [main] INFO org.evosuite.runtime.instrumentation.MethodCallReplacementClassAdapter - Adding mock interface to class org/springframework/validation/BindException
05:45:41.586 [main] INFO org.evosuite.runtime.instrumentation.CreateClassResetClassAdapter - Creating brand-new static initializer in class org/springframework/validation/BindException
05:45:41.586 [main] DEBUG org.evosuite.runtime.agent.TransformerForTests - Going to instrument: org.springframework.validation.BindingResult
05:45:41.587 [main] DEBUG org.evosuite.runtime.agent.TransformerForTests - Going to instrument: org.springframework.validation.Errors
05:45:41.588 [main] DEBUG org.evosuite.runtime.agent.TransformerForTests - Going to instrument: org.yaml.snakeyaml.DumperOptions$ScalarStyle
05:45:41.588 [main] INFO org.evosuite.runtime.instrumentation.MethodCallReplacementClassAdapter - Adding mock interface to class org/yaml/snakeyaml/DumperOptions$ScalarStyle
05:45:41.588 [main] INFO org.evosuite.runtime.instrumentation.CreateClassResetClassAdapter - Found static initializer in class org/yaml/snakeyaml/DumperOptions$ScalarStyle
05:45:41.589 [main] DEBUG org.evosuite.runtime.agent.TransformerForTests - Going to instrument: org.springframework.format.datetime.DateTimeFormatAnnotationFormatterFactory
05:45:41.589 [main] INFO org.evosuite.runtime.instrumentation.MethodCallReplacementClassAdapter - Adding mock interface to class org/springframework/format/datetime/DateTimeFormatAnnotationFormatterFactory
05:45:41.589 [main] INFO org.evosuite.runtime.instrumentation.CreateClassResetClassAdapter - Found static initializer in class org/springframework/format/datetime/DateTimeFormatAnnotationFormatterFactory
05:45:41.589 [main] DEBUG org.evosuite.runtime.agent.TransformerForTests - Going to instrument: org.springframework.context.support.EmbeddedValueResolutionSupport
05:45:41.589 [main] INFO org.evosuite.runtime.instrumentation.MethodCallReplacementClassAdapter - Adding mock interface to class org/springframework/context/support/EmbeddedValueResolutionSupport
05:45:41.590 [main] INFO org.evosuite.runtime.instrumentation.CreateClassResetClassAdapter - Creating brand-new static initializer in class org/springframework/context/support/EmbeddedValueResolutionSupport
05:45:41.590 [main] DEBUG org.evosuite.runtime.agent.TransformerForTests - Going to instrument: org.springframework.util.PropertyPlaceholderHelper$PlaceholderResolver
05:45:41.591 [main] DEBUG org.evosuite.runtime.agent.TransformerForTests - Going to instrument: org.springframework.boot.autoconfigure.AutoConfigurationExcludeFilter
05:45:41.591 [main] INFO org.evosuite.runtime.instrumentation.MethodCallReplacementClassAdapter - Adding mock interface to class org/springframework/boot/autoconfigure/AutoConfigurationExcludeFilter
05:45:41.591 [main] INFO org.evosuite.runtime.instrumentation.CreateClassResetClassAdapter - Creating brand-new static initializer in class org/springframework/boot/autoconfigure/AutoConfigurationExcludeFilter
05:45:41.592 [main] DEBUG org.evosuite.runtime.agent.TransformerForTests - Going to instrument: org.springframework.core.env.AbstractPropertyResolver
05:45:41.592 [main] INFO org.evosuite.runtime.instrumentation.MethodCallReplacementClassAdapter - Adding mock interface to class org/springframework/core/env/AbstractPropertyResolver
05:45:41.594 [main] INFO org.evosuite.runtime.instrumentation.CreateClassResetClassAdapter - Creating brand-new static initializer in class org/springframework/core/env/AbstractPropertyResolver
05:45:41.594 [main] DEBUG org.evosuite.runtime.agent.TransformerForTests - Going to instrument: org.springframework.core.env.MissingRequiredPropertiesException
05:45:41.594 [main] INFO org.evosuite.runtime.instrumentation.MethodCallReplacementClassAdapter - Adding mock interface to class org/springframework/core/env/MissingRequiredPropertiesException
05:45:41.595 [main] INFO org.evosuite.runtime.instrumentation.CreateClassResetClassAdapter - Creating brand-new static initializer in class org/springframework/core/env/MissingRequiredPropertiesException
05:45:41.595 [main] DEBUG org.evosuite.runtime.agent.TransformerForTests - Going to instrument: org.springframework.boot.autoconfigure.condition.ConditionalOnWebApplication$Type
05:45:41.595 [main] INFO org.evosuite.runtime.instrumentation.MethodCallReplacementClassAdapter - Adding mock interface to class org/springframework/boot/autoconfigure/condition/ConditionalOnWebApplication$Type
05:45:41.595 [main] INFO org.evosuite.runtime.instrumentation.CreateClassResetClassAdapter - Found static initializer in class org/springframework/boot/autoconfigure/condition/ConditionalOnWebApplication$Type
05:45:41.596 [main] DEBUG org.evosuite.runtime.agent.TransformerForTests - Going to instrument: org.springframework.context.annotation.ScopeMetadata
05:45:41.596 [main] INFO org.evosuite.runtime.instrumentation.MethodCallReplacementClassAdapter - Adding mock interface to class org/springframework/context/annotation/ScopeMetadata
05:45:41.596 [main] INFO org.evosuite.runtime.instrumentation.CreateClassResetClassAdapter - Creating brand-new static initializer in class org/springframework/context/annotation/ScopeMetadata
05:45:41.596 [main] DEBUG org.evosuite.runtime.agent.TransformerForTests - Going to instrument: org.springframework.boot.diagnostics.analyzer.PortInUseFailureAnalyzer
05:45:41.596 [main] INFO org.evosuite.runtime.instrumentation.MethodCallReplacementClassAdapter - Adding mock interface to class org/springframework/boot/diagnostics/analyzer/PortInUseFailureAnalyzer
05:45:41.597 [main] INFO org.evosuite.runtime.instrumentation.CreateClassResetClassAdapter - Creating brand-new static initializer in class org/springframework/boot/diagnostics/analyzer/PortInUseFailureAnalyzer
05:45:41.597 [main] DEBUG org.evosuite.runtime.agent.TransformerForTests - Going to instrument: org.springframework.boot.web.server.PortInUseException
05:45:41.597 [main] INFO org.evosuite.runtime.instrumentation.MethodCallReplacementClassAdapter - Adding mock interface to class org/springframework/boot/web/server/PortInUseException
05:45:41.598 [main] INFO org.evosuite.runtime.instrumentation.CreateClassResetClassAdapter - Creating brand-new static initializer in class org/springframework/boot/web/server/PortInUseException
05:45:41.598 [main] DEBUG org.evosuite.runtime.agent.TransformerForTests - Going to instrument: org.springframework.boot.context.properties.source.FilteredConfigurationPropertiesSource
05:45:41.598 [main] INFO org.evosuite.runtime.instrumentation.MethodCallReplacementClassAdapter - Adding mock interface to class org/springframework/boot/context/properties/source/FilteredConfigurationPropertiesSource
05:45:41.598 [main] INFO org.evosuite.runtime.instrumentation.CreateClassResetClassAdapter - Creating brand-new static initializer in class org/springframework/boot/context/properties/source/FilteredConfigurationPropertiesSource
05:45:41.599 [main] DEBUG org.evosuite.runtime.agent.TransformerForTests - Going to instrument: org.springframework.context.annotation.FilterType
05:45:41.599 [main] INFO org.evosuite.runtime.instrumentation.MethodCallReplacementClassAdapter - Adding mock interface to class org/springframework/context/annotation/FilterType
05:45:41.599 [main] INFO org.evosuite.runtime.instrumentation.CreateClassResetClassAdapter - Found static initializer in class org/springframework/context/annotation/FilterType
05:45:41.600 [main] DEBUG org.evosuite.runtime.agent.TransformerForTests - Going to instrument: org.springframework.context.support.ApplicationContextAwareProcessor
05:45:41.600 [main] INFO org.evosuite.runtime.instrumentation.MethodCallReplacementClassAdapter - Adding mock interface to class org/springframework/context/support/ApplicationContextAwareProcessor
05:45:41.600 [main] INFO org.evosuite.runtime.instrumentation.CreateClassResetClassAdapter - Creating brand-new static initializer in class org/springframework/context/support/ApplicationContextAwareProcessor
05:45:41.600 [main] DEBUG org.evosuite.runtime.agent.TransformerForTests - Going to instrument: org.springframework.util.StringValueResolver
05:45:41.601 [main] DEBUG org.evosuite.runtime.agent.TransformerForTests - Going to instrument: org.springframework.context.annotation.ConfigurationClassUtils
05:45:41.601 [main] INFO org.evosuite.runtime.instrumentation.MethodCallReplacementClassAdapter - Adding mock interface to class org/springframework/context/annotation/ConfigurationClassUtils
05:45:41.601 [main] INFO org.evosuite.runtime.instrumentation.CreateClassResetClassAdapter - Found static initializer in class org/springframework/context/annotation/ConfigurationClassUtils
05:45:41.603 [main] DEBUG org.evosuite.runtime.agent.TransformerForTests - Going to instrument: org.springframework.context.annotation.ConfigurationClassPostProcessor
05:45:41.603 [main] INFO org.evosuite.runtime.instrumentation.MethodCallReplacementClassAdapter - Adding mock interface to class org/springframework/context/annotation/ConfigurationClassPostProcessor
05:45:41.605 [main] INFO org.evosuite.runtime.instrumentation.CreateClassResetClassAdapter - Found static initializer in class org/springframework/context/annotation/ConfigurationClassPostProcessor
05:45:41.606 [main] DEBUG org.evosuite.runtime.agent.TransformerForTests - Going to instrument: org.springframework.context.ResourceLoaderAware
05:45:41.607 [main] DEBUG org.evosuite.runtime.agent.TransformerForTests - Going to instrument: org.springframework.stereotype.Component
05:45:41.608 [main] DEBUG org.evosuite.runtime.agent.TransformerForTests - Going to instrument: org.springframework.context.annotation.ImportResource
05:45:41.609 [main] DEBUG org.evosuite.runtime.agent.TransformerForTests - Going to instrument: org.springframework.core.ResolvableType$DefaultVariableResolver
05:45:41.609 [main] INFO org.evosuite.runtime.instrumentation.MethodCallReplacementClassAdapter - Adding mock interface to class org/springframework/core/ResolvableType$DefaultVariableResolver
05:45:41.609 [main] INFO org.evosuite.runtime.instrumentation.CreateClassResetClassAdapter - Creating brand-new static initializer in class org/springframework/core/ResolvableType$DefaultVariableResolver
05:45:41.610 [main] DEBUG org.evosuite.runtime.agent.TransformerForTests - Going to instrument: org.springframework.context.annotation.ScopedProxyMode
05:45:41.610 [main] INFO org.evosuite.runtime.instrumentation.MethodCallReplacementClassAdapter - Adding mock interface to class org/springframework/context/annotation/ScopedProxyMode
05:45:41.610 [main] INFO org.evosuite.runtime.instrumentation.CreateClassResetClassAdapter - Found static initializer in class org/springframework/context/annotation/ScopedProxyMode
05:45:41.611 [main] DEBUG org.evosuite.runtime.agent.TransformerForTests - Going to instrument: org.hibernate.resource.transaction.spi.TransactionCoordinatorBuilder$Options
05:45:41.612 [main] DEBUG org.evosuite.runtime.agent.TransformerForTests - Going to instrument: org.springframework.boot.autoconfigure.condition.OnBeanCondition
05:45:41.612 [main] INFO org.evosuite.runtime.instrumentation.MethodCallReplacementClassAdapter - Adding mock interface to class org/springframework/boot/autoconfigure/condition/OnBeanCondition
05:45:41.615 [main] INFO org.evosuite.runtime.instrumentation.CreateClassResetClassAdapter - Creating brand-new static initializer in class org/springframework/boot/autoconfigure/condition/OnBeanCondition
05:45:41.615 [main] DEBUG org.evosuite.runtime.agent.TransformerForTests - Going to instrument: org.springframework.context.annotation.ConfigurationCondition
05:45:41.616 [main] DEBUG org.evosuite.runtime.agent.TransformerForTests - Going to instrument: org.springframework.boot.autoconfigure.condition.OnBeanCondition$Spec
05:45:41.617 [main] INFO org.evosuite.runtime.instrumentation.MethodCallReplacementClassAdapter - Adding mock interface to class org/springframework/boot/autoconfigure/condition/OnBeanCondition$Spec
05:45:41.618 [main] INFO org.evosuite.runtime.instrumentation.CreateClassResetClassAdapter - Creating brand-new static initializer in class org/springframework/boot/autoconfigure/condition/OnBeanCondition$Spec
05:45:41.619 [main] DEBUG org.evosuite.runtime.agent.TransformerForTests - Going to instrument: org.springframework.boot.autoconfigure.condition.OnBeanCondition$SingleCandidateSpec
05:45:41.619 [main] INFO org.evosuite.runtime.instrumentation.MethodCallReplacementClassAdapter - Adding mock interface to class org/springframework/boot/autoconfigure/condition/OnBeanCondition$SingleCandidateSpec
05:45:41.620 [main] INFO org.evosuite.runtime.instrumentation.CreateClassResetClassAdapter - Found static initializer in class org/springframework/boot/autoconfigure/condition/OnBeanCondition$SingleCandidateSpec
05:45:41.620 [main] DEBUG org.evosuite.runtime.agent.TransformerForTests - Going to instrument: org.yaml.snakeyaml.serializer.NumberAnchorGenerator
05:45:41.620 [main] INFO org.evosuite.runtime.instrumentation.MethodCallReplacementClassAdapter - Adding mock interface to class org/yaml/snakeyaml/serializer/NumberAnchorGenerator
05:45:41.621 [main] INFO org.evosuite.runtime.instrumentation.CreateClassResetClassAdapter - Creating brand-new static initializer in class org/yaml/snakeyaml/serializer/NumberAnchorGenerator
05:45:41.621 [main] DEBUG org.evosuite.runtime.agent.TransformerForTests - Going to instrument: org.yaml.snakeyaml.serializer.AnchorGenerator
05:45:41.621 [main] DEBUG org.evosuite.runtime.agent.TransformerForTests - Going to instrument: org.yaml.snakeyaml.representer.Representer$RepresentJavaBean
05:45:41.621 [main] INFO org.evosuite.runtime.instrumentation.MethodCallReplacementClassAdapter - Adding mock interface to class org/yaml/snakeyaml/representer/Representer$RepresentJavaBean
05:45:41.621 [main] INFO org.evosuite.runtime.instrumentation.CreateClassResetClassAdapter - Creating brand-new static initializer in class org/yaml/snakeyaml/representer/Representer$RepresentJavaBean
05:45:41.622 [main] DEBUG org.evosuite.runtime.agent.TransformerForTests - Going to instrument: org.springframework.core.type.classreading.SimpleAnnotationMetadata
05:45:41.622 [main] INFO org.evosuite.runtime.instrumentation.MethodCallReplacementClassAdapter - Adding mock interface to class org/springframework/core/type/classreading/SimpleAnnotationMetadata
05:45:41.623 [main] INFO org.evosuite.runtime.instrumentation.CreateClassResetClassAdapter - Creating brand-new static initializer in class org/springframework/core/type/classreading/SimpleAnnotationMetadata
05:45:41.624 [main] DEBUG org.evosuite.runtime.agent.TransformerForTests - Going to instrument: org.yaml.snakeyaml.external.com.google.gdata.util.common.base.PercentEscaper
05:45:41.624 [main] INFO org.evosuite.runtime.instrumentation.MethodCallReplacementClassAdapter - Adding mock interface to class org/yaml/snakeyaml/external/com/google/gdata/util/common/base/PercentEscaper
05:45:41.625 [main] INFO org.evosuite.runtime.instrumentation.CreateClassResetClassAdapter - Found static initializer in class org/yaml/snakeyaml/external/com/google/gdata/util/common/base/PercentEscaper
05:45:41.626 [main] DEBUG org.evosuite.runtime.agent.TransformerForTests - Going to instrument: org.yaml.snakeyaml.external.com.google.gdata.util.common.base.UnicodeEscaper
05:45:41.626 [main] INFO org.evosuite.runtime.instrumentation.MethodCallReplacementClassAdapter - Adding mock interface to class org/yaml/snakeyaml/external/com/google/gdata/util/common/base/UnicodeEscaper
05:45:41.627 [main] INFO org.evosuite.runtime.instrumentation.CreateClassResetClassAdapter - Found static initializer in class org/yaml/snakeyaml/external/com/google/gdata/util/common/base/UnicodeEscaper
05:45:41.627 [main] DEBUG org.evosuite.runtime.agent.TransformerForTests - Going to instrument: org.yaml.snakeyaml.external.com.google.gdata.util.common.base.Escaper
05:45:41.628 [main] DEBUG org.evosuite.runtime.agent.TransformerForTests - Going to instrument: org.yaml.snakeyaml.external.com.google.gdata.util.common.base.UnicodeEscaper$2
05:45:41.628 [main] INFO org.evosuite.runtime.instrumentation.MethodCallReplacementClassAdapter - Adding mock interface to class org/yaml/snakeyaml/external/com/google/gdata/util/common/base/UnicodeEscaper$2
05:45:41.629 [main] DEBUG org.evosuite.runtime.agent.TransformerForTests - Going to instrument: org.springframework.boot.env.PropertiesPropertySourceLoader
05:45:41.629 [main] INFO org.evosuite.runtime.instrumentation.MethodCallReplacementClassAdapter - Adding mock interface to class org/springframework/boot/env/PropertiesPropertySourceLoader
05:45:41.629 [main] INFO org.evosuite.runtime.instrumentation.CreateClassResetClassAdapter - Creating brand-new static initializer in class org/springframework/boot/env/PropertiesPropertySourceLoader
05:45:41.629 [main] INFO org.evosuite.runtime.instrumentation.CreateClassResetClassAdapter - Adding bytecode for initializing field XML_FILE_EXTENSION
05:45:41.629 [main] DEBUG org.evosuite.runtime.agent.TransformerForTests - Going to instrument: org.springframework.format.datetime.standard.MonthDayFormatter
05:45:41.630 [main] INFO org.evosuite.runtime.instrumentation.MethodCallReplacementClassAdapter - Adding mock interface to class org/springframework/format/datetime/standard/MonthDayFormatter
05:45:41.630 [main] INFO org.evosuite.runtime.instrumentation.CreateClassResetClassAdapter - Creating brand-new static initializer in class org/springframework/format/datetime/standard/MonthDayFormatter
05:45:41.630 [main] DEBUG org.evosuite.runtime.agent.TransformerForTests - Going to instrument: org.springframework.util.ErrorHandler
05:45:41.630 [main] DEBUG org.evosuite.runtime.agent.TransformerForTests - Going to instrument: org.springframework.core.annotation.ValueExtractor
05:45:41.631 [main] DEBUG org.evosuite.runtime.agent.TransformerForTests - Going to instrument: org.springframework.aop.framework.AopProxyUtils
05:45:41.631 [main] INFO org.evosuite.runtime.instrumentation.MethodCallReplacementClassAdapter - Adding mock interface to class org/springframework/aop/framework/AopProxyUtils
05:45:41.631 [main] INFO org.evosuite.runtime.instrumentation.CreateClassResetClassAdapter - Creating brand-new static initializer in class org/springframework/aop/framework/AopProxyUtils
05:45:41.632 [main] DEBUG org.evosuite.runtime.agent.TransformerForTests - Going to instrument: org.springframework.asm.Opcodes
05:45:41.633 [main] DEBUG org.evosuite.runtime.agent.TransformerForTests - Going to instrument: org.yaml.snakeyaml.representer.SafeRepresenter$RepresentArray
05:45:41.633 [main] INFO org.evosuite.runtime.instrumentation.MethodCallReplacementClassAdapter - Adding mock interface to class org/yaml/snakeyaml/representer/SafeRepresenter$RepresentArray
05:45:41.633 [main] INFO org.evosuite.runtime.instrumentation.CreateClassResetClassAdapter - Creating brand-new static initializer in class org/yaml/snakeyaml/representer/SafeRepresenter$RepresentArray
05:45:41.634 [main] DEBUG org.evosuite.runtime.agent.TransformerForTests - Going to instrument: org.springframework.core.io.support.SpringFactoriesLoader
05:45:41.634 [main] INFO org.evosuite.runtime.instrumentation.MethodCallReplacementClassAdapter - Adding mock interface to class org/springframework/core/io/support/SpringFactoriesLoader
05:45:41.636 [main] INFO org.evosuite.runtime.instrumentation.CreateClassResetClassAdapter - Found static initializer in class org/springframework/core/io/support/SpringFactoriesLoader
05:45:41.637 [main] DEBUG org.evosuite.runtime.agent.TransformerForTests - Going to instrument: org.springframework.format.datetime.standard.MonthFormatter
05:45:41.637 [main] INFO org.evosuite.runtime.instrumentation.MethodCallReplacementClassAdapter - Adding mock interface to class org/springframework/format/datetime/standard/MonthFormatter
05:45:41.637 [main] INFO org.evosuite.runtime.instrumentation.CreateClassResetClassAdapter - Creating brand-new static initializer in class org/springframework/format/datetime/standard/MonthFormatter
05:45:41.637 [main] DEBUG org.evosuite.runtime.agent.TransformerForTests - Going to instrument: org.springframework.boot.web.context.WebServerInitializedEvent
05:45:41.637 [main] INFO org.evosuite.runtime.instrumentation.MethodCallReplacementClassAdapter - Adding mock interface to class org/springframework/boot/web/context/WebServerInitializedEvent
05:45:41.637 [main] INFO org.evosuite.runtime.instrumentation.CreateClassResetClassAdapter - Creating brand-new static initializer in class org/springframework/boot/web/context/WebServerInitializedEvent
05:45:41.638 [main] DEBUG org.evosuite.runtime.agent.TransformerForTests - Going to instrument: org.springframework.boot.context.event.ApplicationContextInitializedEvent
05:45:41.638 [main] INFO org.evosuite.runtime.instrumentation.MethodCallReplacementClassAdapter - Adding mock interface to class org/springframework/boot/context/event/ApplicationContextInitializedEvent
05:45:41.638 [main] INFO org.evosuite.runtime.instrumentation.CreateClassResetClassAdapter - Creating brand-new static initializer in class org/springframework/boot/context/event/ApplicationContextInitializedEvent
05:45:41.639 [main] DEBUG org.evosuite.runtime.agent.TransformerForTests - Going to instrument: org.springframework.boot.context.properties.bind.AggregateElementBinder
05:45:41.640 [main] DEBUG org.evosuite.runtime.agent.TransformerForTests - Going to instrument: org.springframework.boot.autoconfigure.AutoConfigurationImportSelector
05:45:41.640 [main] INFO org.evosuite.runtime.instrumentation.MethodCallReplacementClassAdapter - Adding mock interface to class org/springframework/boot/autoconfigure/AutoConfigurationImportSelector
05:45:41.642 [main] INFO org.evosuite.runtime.instrumentation.CreateClassResetClassAdapter - Found static initializer in class org/springframework/boot/autoconfigure/AutoConfigurationImportSelector
05:45:41.643 [main] DEBUG org.evosuite.runtime.agent.TransformerForTests - Going to instrument: org.springframework.boot.autoconfigure.condition.ConditionEvaluationReport$ConditionAndOutcomes
05:45:41.643 [main] INFO org.evosuite.runtime.instrumentation.MethodCallReplacementClassAdapter - Adding mock interface to class org/springframework/boot/autoconfigure/condition/ConditionEvaluationReport$ConditionAndOutcomes
05:45:41.644 [main] INFO org.evosuite.runtime.instrumentation.CreateClassResetClassAdapter - Creating brand-new static initializer in class org/springframework/boot/autoconfigure/condition/ConditionEvaluationReport$ConditionAndOutcomes
05:45:41.644 [main] DEBUG org.evosuite.runtime.agent.TransformerForTests - Going to instrument: org.yaml.snakeyaml.representer.SafeRepresenter$RepresentDate
05:45:41.644 [main] INFO org.evosuite.runtime.instrumentation.MethodCallReplacementClassAdapter - Adding mock interface to class org/yaml/snakeyaml/representer/SafeRepresenter$RepresentDate
05:45:41.644 [main] INFO org.evosuite.runtime.instrumentation.CreateClassResetClassAdapter - Creating brand-new static initializer in class org/yaml/snakeyaml/representer/SafeRepresenter$RepresentDate
05:45:41.645 [main] DEBUG org.evosuite.runtime.agent.TransformerForTests - Going to instrument: org.springframework.boot.context.properties.source.SpringConfigurationPropertySource
05:45:41.645 [main] INFO org.evosuite.runtime.instrumentation.MethodCallReplacementClassAdapter - Adding mock interface to class org/springframework/boot/context/properties/source/SpringConfigurationPropertySource
05:45:41.646 [main] INFO org.evosuite.runtime.instrumentation.CreateClassResetClassAdapter - Found static initializer in class org/springframework/boot/context/properties/source/SpringConfigurationPropertySource
05:45:41.646 [main] DEBUG org.evosuite.runtime.agent.TransformerForTests - Going to instrument: org.springframework.boot.context.properties.source.SpringIterableConfigurationPropertySource
05:45:41.646 [main] INFO org.evosuite.runtime.instrumentation.MethodCallReplacementClassAdapter - Adding mock interface to class org/springframework/boot/context/properties/source/SpringIterableConfigurationPropertySource
05:45:41.647 [main] INFO org.evosuite.runtime.instrumentation.CreateClassResetClassAdapter - Creating brand-new static initializer in class org/springframework/boot/context/properties/source/SpringIterableConfigurationPropertySource
05:45:41.648 [main] DEBUG org.evosuite.runtime.agent.TransformerForTests - Going to instrument: org.springframework.boot.context.properties.source.CachingConfigurationPropertySource
05:45:41.648 [main] DEBUG org.evosuite.runtime.agent.TransformerForTests - Going to instrument: org.springframework.boot.context.properties.source.DefaultPropertyMapper
05:45:41.648 [main] INFO org.evosuite.runtime.instrumentation.MethodCallReplacementClassAdapter - Adding mock interface to class org/springframework/boot/context/properties/source/DefaultPropertyMapper
05:45:41.649 [main] INFO org.evosuite.runtime.instrumentation.CreateClassResetClassAdapter - Found static initializer in class org/springframework/boot/context/properties/source/DefaultPropertyMapper
05:45:41.649 [main] DEBUG org.evosuite.runtime.agent.TransformerForTests - Going to instrument: org.springframework.core.PrioritizedParameterNameDiscoverer
05:45:41.649 [main] INFO org.evosuite.runtime.instrumentation.MethodCallReplacementClassAdapter - Adding mock interface to class org/springframework/core/PrioritizedParameterNameDiscoverer
05:45:41.650 [main] INFO org.evosuite.runtime.instrumentation.CreateClassResetClassAdapter - Creating brand-new static initializer in class org/springframework/core/PrioritizedParameterNameDiscoverer
05:45:41.650 [main] DEBUG org.evosuite.runtime.agent.TransformerForTests - Going to instrument: org.springframework.beans.CachedIntrospectionResults
05:45:41.650 [main] INFO org.evosuite.runtime.instrumentation.MethodCallReplacementClassAdapter - Adding mock interface to class org/springframework/beans/CachedIntrospectionResults
05:45:41.651 [main] INFO org.evosuite.runtime.instrumentation.CreateClassResetClassAdapter - Found static initializer in class org/springframework/beans/CachedIntrospectionResults
05:45:41.652 [main] DEBUG org.evosuite.runtime.agent.TransformerForTests - Going to instrument: org.springframework.beans.GenericTypeAwarePropertyDescriptor
05:45:41.652 [main] INFO org.evosuite.runtime.instrumentation.MethodCallReplacementClassAdapter - Adding mock interface to class org/springframework/beans/GenericTypeAwarePropertyDescriptor
05:45:41.653 [main] INFO org.evosuite.runtime.instrumentation.CreateClassResetClassAdapter - Creating brand-new static initializer in class org/springframework/beans/GenericTypeAwarePropertyDescriptor
05:45:41.653 [main] DEBUG org.evosuite.runtime.agent.TransformerForTests - Going to instrument: org.springframework.beans.BeanInfoFactory
05:45:41.654 [main] DEBUG org.evosuite.runtime.agent.TransformerForTests - Going to instrument: org.springframework.util.LinkedMultiValueMap
05:45:41.654 [main] INFO org.evosuite.runtime.instrumentation.MethodCallReplacementClassAdapter - Adding mock interface to class org/springframework/util/LinkedMultiValueMap
05:45:41.654 [main] INFO org.evosuite.runtime.instrumentation.CreateClassResetClassAdapter - Creating brand-new static initializer in class org/springframework/util/LinkedMultiValueMap
05:45:41.655 [main] DEBUG org.evosuite.runtime.agent.TransformerForTests - Going to instrument: org.springframework.util.MultiValueMapAdapter
05:45:41.655 [main] INFO org.evosuite.runtime.instrumentation.MethodCallReplacementClassAdapter - Adding mock interface to class org/springframework/util/MultiValueMapAdapter
05:45:41.655 [main] INFO org.evosuite.runtime.instrumentation.CreateClassResetClassAdapter - Creating brand-new static initializer in class org/springframework/util/MultiValueMapAdapter
05:45:41.657 [main] DEBUG org.evosuite.runtime.agent.TransformerForTests - Going to instrument: org.springframework.util.ResourceUtils
05:45:41.657 [main] INFO org.evosuite.runtime.instrumentation.MethodCallReplacementClassAdapter - Adding mock interface to class org/springframework/util/ResourceUtils
05:45:41.658 [main] INFO org.evosuite.runtime.instrumentation.CreateClassResetClassAdapter - Creating brand-new static initializer in class org/springframework/util/ResourceUtils
05:45:41.658 [main] INFO org.evosuite.runtime.instrumentation.CreateClassResetClassAdapter - Adding bytecode for initializing field CLASSPATH_URL_PREFIX
05:45:41.658 [main] INFO org.evosuite.runtime.instrumentation.CreateClassResetClassAdapter - Adding bytecode for initializing field FILE_URL_PREFIX
05:45:41.658 [main] INFO org.evosuite.runtime.instrumentation.CreateClassResetClassAdapter - Adding bytecode for initializing field JAR_URL_PREFIX
05:45:41.658 [main] INFO org.evosuite.runtime.instrumentation.CreateClassResetClassAdapter - Adding bytecode for initializing field WAR_URL_PREFIX
05:45:41.658 [main] INFO org.evosuite.runtime.instrumentation.CreateClassResetClassAdapter - Adding bytecode for initializing field URL_PROTOCOL_FILE
05:45:41.658 [main] INFO org.evosuite.runtime.instrumentation.CreateClassResetClassAdapter - Adding bytecode for initializing field URL_PROTOCOL_JAR
05:45:41.658 [main] INFO org.evosuite.runtime.instrumentation.CreateClassResetClassAdapter - Adding bytecode for initializing field URL_PROTOCOL_WAR
05:45:41.658 [main] INFO org.evosuite.runtime.instrumentation.CreateClassResetClassAdapter - Adding bytecode for initializing field URL_PROTOCOL_ZIP
05:45:41.658 [main] INFO org.evosuite.runtime.instrumentation.CreateClassResetClassAdapter - Adding bytecode for initializing field URL_PROTOCOL_WSJAR
05:45:41.658 [main] INFO org.evosuite.runtime.instrumentation.CreateClassResetClassAdapter - Adding bytecode for initializing field URL_PROTOCOL_VFSZIP
05:45:41.658 [main] INFO org.evosuite.runtime.instrumentation.CreateClassResetClassAdapter - Adding bytecode for initializing field URL_PROTOCOL_VFSFILE
05:45:41.658 [main] INFO org.evosuite.runtime.instrumentation.CreateClassResetClassAdapter - Adding bytecode for initializing field URL_PROTOCOL_VFS
05:45:41.658 [main] INFO org.evosuite.runtime.instrumentation.CreateClassResetClassAdapter - Adding bytecode for initializing field JAR_FILE_EXTENSION
05:45:41.658 [main] INFO org.evosuite.runtime.instrumentation.CreateClassResetClassAdapter - Adding bytecode for initializing field JAR_URL_SEPARATOR
05:45:41.658 [main] INFO org.evosuite.runtime.instrumentation.CreateClassResetClassAdapter - Adding bytecode for initializing field WAR_URL_SEPARATOR
05:45:41.664 [main] DEBUG org.evosuite.runtime.agent.TransformerForTests - Going to instrument: org.springframework.beans.ExtendedBeanInfoFactory
05:45:41.664 [main] INFO org.evosuite.runtime.instrumentation.MethodCallReplacementClassAdapter - Adding mock interface to class org/springframework/beans/ExtendedBeanInfoFactory
05:45:41.664 [main] INFO org.evosuite.runtime.instrumentation.CreateClassResetClassAdapter - Creating brand-new static initializer in class org/springframework/beans/ExtendedBeanInfoFactory
05:45:41.665 [main] DEBUG org.evosuite.runtime.agent.TransformerForTests - Going to instrument: org.springframework.core.annotation.AnnotationAwareOrderComparator
05:45:41.665 [main] INFO org.evosuite.runtime.instrumentation.MethodCallReplacementClassAdapter - Adding mock interface to class org/springframework/core/annotation/AnnotationAwareOrderComparator
05:45:41.666 [main] INFO org.evosuite.runtime.instrumentation.CreateClassResetClassAdapter - Found static initializer in class org/springframework/core/annotation/AnnotationAwareOrderComparator
05:45:41.666 [main] DEBUG org.evosuite.runtime.agent.TransformerForTests - Going to instrument: org.springframework.core.OrderComparator
05:45:41.666 [main] INFO org.evosuite.runtime.instrumentation.MethodCallReplacementClassAdapter - Adding mock interface to class org/springframework/core/OrderComparator
05:45:41.666 [main] INFO org.evosuite.runtime.instrumentation.CreateClassResetClassAdapter - Found static initializer in class org/springframework/core/OrderComparator
05:45:41.667 [main] DEBUG org.evosuite.runtime.agent.TransformerForTests - Going to instrument: org.springframework.boot.context.properties.source.ConfigurationPropertyName$ElementsParser
05:45:41.667 [main] INFO org.evosuite.runtime.instrumentation.MethodCallReplacementClassAdapter - Adding mock interface to class org/springframework/boot/context/properties/source/ConfigurationPropertyName$ElementsParser
05:45:41.668 [main] INFO org.evosuite.runtime.instrumentation.CreateClassResetClassAdapter - Creating brand-new static initializer in class org/springframework/boot/context/properties/source/ConfigurationPropertyName$ElementsParser
05:45:41.668 [main] INFO org.evosuite.runtime.instrumentation.CreateClassResetClassAdapter - Adding bytecode for initializing field DEFAULT_CAPACITY
05:45:41.669 [main] DEBUG org.evosuite.runtime.agent.TransformerForTests - Going to instrument: org.springframework.beans.propertyeditors.ClassArrayEditor
05:45:41.669 [main] INFO org.evosuite.runtime.instrumentation.MethodCallReplacementClassAdapter - Adding mock interface to class org/springframework/beans/propertyeditors/ClassArrayEditor
05:45:41.669 [main] INFO org.evosuite.runtime.instrumentation.CreateClassResetClassAdapter - Creating brand-new static initializer in class org/springframework/beans/propertyeditors/ClassArrayEditor
05:45:41.670 [main] DEBUG org.evosuite.runtime.agent.TransformerForTests - Going to instrument: org.springframework.core.convert.support.ObjectToArrayConverter
05:45:41.670 [main] INFO org.evosuite.runtime.instrumentation.MethodCallReplacementClassAdapter - Adding mock interface to class org/springframework/core/convert/support/ObjectToArrayConverter
05:45:41.670 [main] INFO org.evosuite.runtime.instrumentation.CreateClassResetClassAdapter - Creating brand-new static initializer in class org/springframework/core/convert/support/ObjectToArrayConverter
05:45:41.670 [main] DEBUG org.evosuite.runtime.agent.TransformerForTests - Going to instrument: org.springframework.boot.context.properties.source.ConfigurationPropertyState
05:45:41.670 [main] INFO org.evosuite.runtime.instrumentation.MethodCallReplacementClassAdapter - Adding mock interface to class org/springframework/boot/context/properties/source/ConfigurationPropertyState
05:45:41.670 [main] INFO org.evosuite.runtime.instrumentation.CreateClassResetClassAdapter - Found static initializer in class org/springframework/boot/context/properties/source/ConfigurationPropertyState
05:45:41.671 [main] DEBUG org.evosuite.runtime.agent.TransformerForTests - Going to instrument: org.springframework.boot.ansi.AnsiOutput$Enabled
05:45:41.671 [main] INFO org.evosuite.runtime.instrumentation.MethodCallReplacementClassAdapter - Adding mock interface to class org/springframework/boot/ansi/AnsiOutput$Enabled
05:45:41.671 [main] INFO org.evosuite.runtime.instrumentation.CreateClassResetClassAdapter - Found static initializer in class org/springframework/boot/ansi/AnsiOutput$Enabled
05:45:41.672 [main] DEBUG org.evosuite.runtime.agent.TransformerForTests - Going to instrument: org.springframework.beans.factory.xml.XmlBeanDefinitionReader$1
05:45:41.672 [main] INFO org.evosuite.runtime.instrumentation.MethodCallReplacementClassAdapter - Adding mock interface to class org/springframework/beans/factory/xml/XmlBeanDefinitionReader$1
05:45:41.673 [main] DEBUG org.evosuite.runtime.agent.TransformerForTests - Going to instrument: org.springframework.context.expression.BeanExpressionContextAccessor
05:45:41.673 [main] INFO org.evosuite.runtime.instrumentation.MethodCallReplacementClassAdapter - Adding mock interface to class org/springframework/context/expression/BeanExpressionContextAccessor
05:45:41.673 [main] INFO org.evosuite.runtime.instrumentation.CreateClassResetClassAdapter - Creating brand-new static initializer in class org/springframework/context/expression/BeanExpressionContextAccessor
05:45:41.674 [main] DEBUG org.evosuite.runtime.agent.TransformerForTests - Going to instrument: org.yaml.snakeyaml.introspector.PropertyUtils
05:45:41.674 [main] INFO org.evosuite.runtime.instrumentation.MethodCallReplacementClassAdapter - Adding mock interface to class org/yaml/snakeyaml/introspector/PropertyUtils
05:45:41.676 [main] INFO org.evosuite.runtime.instrumentation.CreateClassResetClassAdapter - Creating brand-new static initializer in class org/yaml/snakeyaml/introspector/PropertyUtils
05:45:41.676 [main] INFO org.evosuite.runtime.instrumentation.CreateClassResetClassAdapter - Adding bytecode for initializing field TRANSIENT
05:45:41.677 [main] DEBUG org.evosuite.runtime.agent.TransformerForTests - Going to instrument: org.springframework.boot.logging.LoggingSystemProperties
05:45:41.677 [main] INFO org.evosuite.runtime.instrumentation.MethodCallReplacementClassAdapter - Adding mock interface to class org/springframework/boot/logging/LoggingSystemProperties
05:45:41.677 [main] INFO org.evosuite.runtime.instrumentation.CreateClassResetClassAdapter - Creating brand-new static initializer in class org/springframework/boot/logging/LoggingSystemProperties
05:45:41.677 [main] INFO org.evosuite.runtime.instrumentation.CreateClassResetClassAdapter - Adding bytecode for initializing field PID_KEY
05:45:41.677 [main] INFO org.evosuite.runtime.instrumentation.CreateClassResetClassAdapter - Adding bytecode for initializing field EXCEPTION_CONVERSION_WORD
05:45:41.677 [main] INFO org.evosuite.runtime.instrumentation.CreateClassResetClassAdapter - Adding bytecode for initializing field LOG_FILE
05:45:41.677 [main] INFO org.evosuite.runtime.instrumentation.CreateClassResetClassAdapter - Adding bytecode for initializing field LOG_PATH
05:45:41.677 [main] INFO org.evosuite.runtime.instrumentation.CreateClassResetClassAdapter - Adding bytecode for initializing field CONSOLE_LOG_PATTERN
05:45:41.677 [main] INFO org.evosuite.runtime.instrumentation.CreateClassResetClassAdapter - Adding bytecode for initializing field FILE_CLEAN_HISTORY_ON_START
05:45:41.677 [main] INFO org.evosuite.runtime.instrumentation.CreateClassResetClassAdapter - Adding bytecode for initializing field FILE_LOG_PATTERN
05:45:41.677 [main] INFO org.evosuite.runtime.instrumentation.CreateClassResetClassAdapter - Adding bytecode for initializing field FILE_MAX_HISTORY
05:45:41.677 [main] INFO org.evosuite.runtime.instrumentation.CreateClassResetClassAdapter - Adding bytecode for initializing field FILE_MAX_SIZE
05:45:41.677 [main] INFO org.evosuite.runtime.instrumentation.CreateClassResetClassAdapter - Adding bytecode for initializing field FILE_TOTAL_SIZE_CAP
05:45:41.678 [main] INFO org.evosuite.runtime.instrumentation.CreateClassResetClassAdapter - Adding bytecode for initializing field LOG_LEVEL_PATTERN
05:45:41.678 [main] INFO org.evosuite.runtime.instrumentation.CreateClassResetClassAdapter - Adding bytecode for initializing field LOG_DATEFORMAT_PATTERN
05:45:41.678 [main] INFO org.evosuite.runtime.instrumentation.CreateClassResetClassAdapter - Adding bytecode for initializing field ROLLING_FILE_NAME_PATTERN
05:45:41.678 [main] DEBUG org.evosuite.runtime.agent.TransformerForTests - Going to instrument: org.springframework.expression.spel.support.StandardTypeComparator
05:45:41.678 [main] INFO org.evosuite.runtime.instrumentation.MethodCallReplacementClassAdapter - Adding mock interface to class org/springframework/expression/spel/support/StandardTypeComparator
05:45:41.678 [main] INFO org.evosuite.runtime.instrumentation.CreateClassResetClassAdapter - Creating brand-new static initializer in class org/springframework/expression/spel/support/StandardTypeComparator
05:45:41.679 [main] DEBUG org.evosuite.runtime.agent.TransformerForTests - Going to instrument: org.springframework.expression.TypeComparator
05:45:41.679 [main] DEBUG org.evosuite.runtime.agent.TransformerForTests - Going to instrument: org.springframework.context.annotation.ConfigurationClassParser$ImportStack
05:45:41.679 [main] INFO org.evosuite.runtime.instrumentation.MethodCallReplacementClassAdapter - Adding mock interface to class org/springframework/context/annotation/ConfigurationClassParser$ImportStack
05:45:41.679 [main] INFO org.evosuite.runtime.instrumentation.CreateClassResetClassAdapter - Creating brand-new static initializer in class org/springframework/context/annotation/ConfigurationClassParser$ImportStack
05:45:41.679 [main] DEBUG org.evosuite.runtime.agent.TransformerForTests - Going to instrument: org.springframework.context.annotation.ImportRegistry
05:45:41.681 [main] DEBUG org.evosuite.runtime.agent.TransformerForTests - Going to instrument: org.springframework.context.event.GenericApplicationListenerAdapter
05:45:41.681 [main] INFO org.evosuite.runtime.instrumentation.MethodCallReplacementClassAdapter - Adding mock interface to class org/springframework/context/event/GenericApplicationListenerAdapter
05:45:41.681 [main] INFO org.evosuite.runtime.instrumentation.CreateClassResetClassAdapter - Found static initializer in class org/springframework/context/event/GenericApplicationListenerAdapter
05:45:41.681 [main] DEBUG org.evosuite.runtime.agent.TransformerForTests - Going to instrument: org.springframework.context.event.SmartApplicationListener
05:45:41.682 [main] DEBUG org.evosuite.runtime.agent.TransformerForTests - Going to instrument: org.springframework.jndi.JndiLocatorDelegate
05:45:41.682 [main] INFO org.evosuite.runtime.instrumentation.MethodCallReplacementClassAdapter - Adding mock interface to class org/springframework/jndi/JndiLocatorDelegate
05:45:41.682 [main] INFO org.evosuite.runtime.instrumentation.CreateClassResetClassAdapter - Found static initializer in class org/springframework/jndi/JndiLocatorDelegate
05:45:41.682 [main] DEBUG org.evosuite.runtime.agent.TransformerForTests - Going to instrument: org.springframework.jndi.JndiLocatorSupport
05:45:41.682 [main] INFO org.evosuite.runtime.instrumentation.MethodCallReplacementClassAdapter - Adding mock interface to class org/springframework/jndi/JndiLocatorSupport
05:45:41.683 [main] INFO org.evosuite.runtime.instrumentation.CreateClassResetClassAdapter - Creating brand-new static initializer in class org/springframework/jndi/JndiLocatorSupport
05:45:41.683 [main] INFO org.evosuite.runtime.instrumentation.CreateClassResetClassAdapter - Adding bytecode for initializing field CONTAINER_PREFIX
05:45:41.683 [main] DEBUG org.evosuite.runtime.agent.TransformerForTests - Going to instrument: org.springframework.boot.autoconfigure.condition.ConditionEvaluationReport
05:45:41.683 [main] INFO org.evosuite.runtime.instrumentation.MethodCallReplacementClassAdapter - Adding mock interface to class org/springframework/boot/autoconfigure/condition/ConditionEvaluationReport
05:45:41.684 [main] INFO org.evosuite.runtime.instrumentation.CreateClassResetClassAdapter - Found static initializer in class org/springframework/boot/autoconfigure/condition/ConditionEvaluationReport
05:45:41.685 [main] DEBUG org.evosuite.runtime.agent.TransformerForTests - Going to instrument: org.springframework.core.convert.support.GenericConversionService$1
05:45:41.685 [main] INFO org.evosuite.runtime.instrumentation.MethodCallReplacementClassAdapter - Adding mock interface to class org/springframework/core/convert/support/GenericConversionService$1
05:45:41.685 [main] DEBUG org.evosuite.runtime.agent.TransformerForTests - Going to instrument: io.micrometer.core.annotation.Timed
05:45:41.686 [main] DEBUG org.evosuite.runtime.agent.TransformerForTests - Going to instrument: org.springframework.core.convert.support.CollectionToCollectionConverter
05:45:41.686 [main] INFO org.evosuite.runtime.instrumentation.MethodCallReplacementClassAdapter - Adding mock interface to class org/springframework/core/convert/support/CollectionToCollectionConverter
05:45:41.686 [main] INFO org.evosuite.runtime.instrumentation.CreateClassResetClassAdapter - Creating brand-new static initializer in class org/springframework/core/convert/support/CollectionToCollectionConverter
05:45:41.687 [main] DEBUG org.evosuite.runtime.agent.TransformerForTests - Going to instrument: org.springframework.context.support.LiveBeansView
05:45:41.687 [main] INFO org.evosuite.runtime.instrumentation.MethodCallReplacementClassAdapter - Adding mock interface to class org/springframework/context/support/LiveBeansView
05:45:41.688 [main] INFO org.evosuite.runtime.instrumentation.CreateClassResetClassAdapter - Found static initializer in class org/springframework/context/support/LiveBeansView
05:45:41.688 [main] DEBUG org.evosuite.runtime.agent.TransformerForTests - Going to instrument: org.springframework.context.annotation.PropertySource
05:45:41.689 [main] DEBUG org.evosuite.runtime.agent.TransformerForTests - Going to instrument: org.springframework.expression.spel.support.StandardOperatorOverloader
05:45:41.689 [main] INFO org.evosuite.runtime.instrumentation.MethodCallReplacementClassAdapter - Adding mock interface to class org/springframework/expression/spel/support/StandardOperatorOverloader
05:45:41.689 [main] INFO org.evosuite.runtime.instrumentation.CreateClassResetClassAdapter - Creating brand-new static initializer in class org/springframework/expression/spel/support/StandardOperatorOverloader
05:45:41.689 [main] DEBUG org.evosuite.runtime.agent.TransformerForTests - Going to instrument: org.springframework.expression.OperatorOverloader
05:45:41.690 [main] DEBUG org.evosuite.runtime.agent.TransformerForTests - Going to instrument: org.springframework.core.annotation.AnnotationTypeMappings
05:45:41.690 [main] INFO org.evosuite.runtime.instrumentation.MethodCallReplacementClassAdapter - Adding mock interface to class org/springframework/core/annotation/AnnotationTypeMappings
05:45:41.690 [main] INFO org.evosuite.runtime.instrumentation.CreateClassResetClassAdapter - Found static initializer in class org/springframework/core/annotation/AnnotationTypeMappings
05:45:41.691 [main] DEBUG org.evosuite.runtime.agent.TransformerForTests - Going to instrument: org.springframework.core.annotation.IntrospectionFailureLogger
05:45:41.691 [main] INFO org.evosuite.runtime.instrumentation.MethodCallReplacementClassAdapter - Adding mock interface to class org/springframework/core/annotation/IntrospectionFailureLogger
05:45:41.691 [main] INFO org.evosuite.runtime.instrumentation.CreateClassResetClassAdapter - Found static initializer in class org/springframework/core/annotation/IntrospectionFailureLogger
05:45:41.692 [main] DEBUG org.evosuite.runtime.agent.TransformerForTests - Going to instrument: org.springframework.core.annotation.IntrospectionFailureLogger$1
05:45:41.692 [main] INFO org.evosuite.runtime.instrumentation.MethodCallReplacementClassAdapter - Adding mock interface to class org/springframework/core/annotation/IntrospectionFailureLogger$1
05:45:41.692 [main] DEBUG org.evosuite.runtime.agent.TransformerForTests - Going to instrument: org.springframework.core.annotation.IntrospectionFailureLogger$2
05:45:41.692 [main] INFO org.evosuite.runtime.instrumentation.MethodCallReplacementClassAdapter - Adding mock interface to class org/springframework/core/annotation/IntrospectionFailureLogger$2
05:45:41.693 [main] DEBUG org.evosuite.runtime.agent.TransformerForTests - Going to instrument: org.springframework.core.convert.support.StringToLocaleConverter
05:45:41.693 [main] INFO org.evosuite.runtime.instrumentation.MethodCallReplacementClassAdapter - Adding mock interface to class org/springframework/core/convert/support/StringToLocaleConverter
05:45:41.693 [main] INFO org.evosuite.runtime.instrumentation.CreateClassResetClassAdapter - Creating brand-new static initializer in class org/springframework/core/convert/support/StringToLocaleConverter
05:45:41.693 [main] DEBUG org.evosuite.runtime.agent.TransformerForTests - Going to instrument: org.springframework.context.annotation.ConfigurationClassBeanDefinitionReader
05:45:41.694 [main] INFO org.evosuite.runtime.instrumentation.MethodCallReplacementClassAdapter - Adding mock interface to class org/springframework/context/annotation/ConfigurationClassBeanDefinitionReader
05:45:41.695 [main] INFO org.evosuite.runtime.instrumentation.CreateClassResetClassAdapter - Found static initializer in class org/springframework/context/annotation/ConfigurationClassBeanDefinitionReader
05:45:41.695 [main] DEBUG org.evosuite.runtime.agent.TransformerForTests - Going to instrument: org.springframework.beans.factory.annotation.AnnotatedBeanDefinition
05:45:41.696 [main] DEBUG org.evosuite.runtime.agent.TransformerForTests - Going to instrument: org.springframework.core.type.filter.AbstractTypeHierarchyTraversingFilter
05:45:41.696 [main] INFO org.evosuite.runtime.instrumentation.MethodCallReplacementClassAdapter - Adding mock interface to class org/springframework/core/type/filter/AbstractTypeHierarchyTraversingFilter
05:45:41.697 [main] INFO org.evosuite.runtime.instrumentation.CreateClassResetClassAdapter - Creating brand-new static initializer in class org/springframework/core/type/filter/AbstractTypeHierarchyTraversingFilter
05:45:41.697 [main] DEBUG org.evosuite.runtime.agent.TransformerForTests - Going to instrument: org.springframework.format.datetime.DateFormatterRegistrar$DateToCalendarConverter
05:45:41.697 [main] INFO org.evosuite.runtime.instrumentation.MethodCallReplacementClassAdapter - Adding mock interface to class org/springframework/format/datetime/DateFormatterRegistrar$DateToCalendarConverter
05:45:41.697 [main] INFO org.evosuite.runtime.instrumentation.CreateClassResetClassAdapter - Creating brand-new static initializer in class org/springframework/format/datetime/DateFormatterRegistrar$DateToCalendarConverter
05:45:41.698 [main] DEBUG org.evosuite.runtime.agent.TransformerForTests - Going to instrument: org.springframework.beans.factory.config.AutowiredPropertyMarker
05:45:41.698 [main] INFO org.evosuite.runtime.instrumentation.MethodCallReplacementClassAdapter - Adding mock interface to class org/springframework/beans/factory/config/AutowiredPropertyMarker
05:45:41.698 [main] INFO org.evosuite.runtime.instrumentation.CreateClassResetClassAdapter - Found static initializer in class org/springframework/beans/factory/config/AutowiredPropertyMarker
05:45:41.698 [main] DEBUG org.evosuite.runtime.agent.TransformerForTests - Going to instrument: org.springframework.boot.ExitCodeGenerators
05:45:41.698 [main] INFO org.evosuite.runtime.instrumentation.MethodCallReplacementClassAdapter - Adding mock interface to class org/springframework/boot/ExitCodeGenerators
05:45:41.699 [main] INFO org.evosuite.runtime.instrumentation.CreateClassResetClassAdapter - Creating brand-new static initializer in class org/springframework/boot/ExitCodeGenerators
05:45:41.699 [main] DEBUG org.evosuite.runtime.agent.TransformerForTests - Going to instrument: org.springframework.core.convert.support.EnumToIntegerConverter
05:45:41.699 [main] INFO org.evosuite.runtime.instrumentation.MethodCallReplacementClassAdapter - Adding mock interface to class org/springframework/core/convert/support/EnumToIntegerConverter
05:45:41.699 [main] INFO org.evosuite.runtime.instrumentation.CreateClassResetClassAdapter - Creating brand-new static initializer in class org/springframework/core/convert/support/EnumToIntegerConverter
05:45:41.700 [main] DEBUG org.evosuite.runtime.agent.TransformerForTests - Going to instrument: org.springframework.web.context.support.WebApplicationContextUtils
05:45:41.700 [main] INFO org.evosuite.runtime.instrumentation.MethodCallReplacementClassAdapter - Adding mock interface to class org/springframework/web/context/support/WebApplicationContextUtils
05:45:41.701 [main] INFO org.evosuite.runtime.instrumentation.CreateClassResetClassAdapter - Found static initializer in class org/springframework/web/context/support/WebApplicationContextUtils
05:45:41.701 [main] DEBUG org.evosuite.runtime.agent.TransformerForTests - Going to instrument: org.springframework.web.context.support.ServletConfigPropertySource
05:45:41.701 [main] INFO org.evosuite.runtime.instrumentation.MethodCallReplacementClassAdapter - Adding mock interface to class org/springframework/web/context/support/ServletConfigPropertySource
05:45:41.702 [main] INFO org.evosuite.runtime.instrumentation.CreateClassResetClassAdapter - Creating brand-new static initializer in class org/springframework/web/context/support/ServletConfigPropertySource
05:45:41.702 [main] DEBUG org.evosuite.runtime.agent.TransformerForTests - Going to instrument: org.springframework.beans.factory.config.Scope
05:45:41.703 [main] DEBUG org.evosuite.runtime.agent.TransformerForTests - Going to instrument: org.springframework.web.context.request.RequestContextHolder
05:45:41.703 [main] INFO org.evosuite.runtime.instrumentation.MethodCallReplacementClassAdapter - Adding mock interface to class org/springframework/web/context/request/RequestContextHolder
05:45:41.703 [main] INFO org.evosuite.runtime.instrumentation.CreateClassResetClassAdapter - Found static initializer in class org/springframework/web/context/request/RequestContextHolder
05:45:41.704 [main] DEBUG org.evosuite.runtime.agent.TransformerForTests - Going to instrument: org.springframework.web.context.support.ServletContextResourcePatternResolver
05:45:41.705 [main] INFO org.evosuite.runtime.instrumentation.MethodCallReplacementClassAdapter - Adding mock interface to class org/springframework/web/context/support/ServletContextResourcePatternResolver
05:45:41.706 [main] INFO org.evosuite.runtime.instrumentation.CreateClassResetClassAdapter - Found static initializer in class org/springframework/web/context/support/ServletContextResourcePatternResolver
05:45:41.707 [main] DEBUG org.evosuite.runtime.agent.TransformerForTests - Going to instrument: org.springframework.beans.factory.support.NullBean
05:45:41.708 [main] INFO org.evosuite.runtime.instrumentation.MethodCallReplacementClassAdapter - Adding mock interface to class org/springframework/beans/factory/support/NullBean
05:45:41.708 [main] INFO org.evosuite.runtime.instrumentation.CreateClassResetClassAdapter - Creating brand-new static initializer in class org/springframework/beans/factory/support/NullBean
05:45:41.709 [main] DEBUG org.evosuite.runtime.agent.TransformerForTests - Going to instrument: org.springframework.http.codec.CodecConfigurer
05:45:41.709 [main] DEBUG org.evosuite.runtime.agent.TransformerForTests - Going to instrument: org.springframework.boot.convert.InetAddressFormatter
05:45:41.709 [main] INFO org.evosuite.runtime.instrumentation.MethodCallReplacementClassAdapter - Adding mock interface to class org/springframework/boot/convert/InetAddressFormatter
05:45:41.710 [main] INFO org.evosuite.runtime.instrumentation.CreateClassResetClassAdapter - Creating brand-new static initializer in class org/springframework/boot/convert/InetAddressFormatter
05:45:41.711 [main] DEBUG org.evosuite.runtime.agent.TransformerForTests - Going to instrument: org.springframework.core.CollectionFactory
05:45:41.711 [main] INFO org.evosuite.runtime.instrumentation.MethodCallReplacementClassAdapter - Adding mock interface to class org/springframework/core/CollectionFactory
05:45:41.712 [main] INFO org.evosuite.runtime.instrumentation.CreateClassResetClassAdapter - Found static initializer in class org/springframework/core/CollectionFactory
05:45:41.712 [main] DEBUG org.evosuite.runtime.agent.TransformerForTests - Going to instrument: org.springframework.core.CollectionFactory$1
05:45:41.712 [main] INFO org.evosuite.runtime.instrumentation.MethodCallReplacementClassAdapter - Adding mock interface to class org/springframework/core/CollectionFactory$1
05:45:41.713 [main] DEBUG org.evosuite.runtime.agent.TransformerForTests - Going to instrument: org.springframework.context.expression.EnvironmentAccessor
05:45:41.713 [main] INFO org.evosuite.runtime.instrumentation.MethodCallReplacementClassAdapter - Adding mock interface to class org/springframework/context/expression/EnvironmentAccessor
05:45:41.713 [main] INFO org.evosuite.runtime.instrumentation.CreateClassResetClassAdapter - Creating brand-new static initializer in class org/springframework/context/expression/EnvironmentAccessor
05:45:41.714 [main] DEBUG org.evosuite.runtime.agent.TransformerForTests - Going to instrument: org.springframework.core.DefaultParameterNameDiscoverer
05:45:41.714 [main] INFO org.evosuite.runtime.instrumentation.MethodCallReplacementClassAdapter - Adding mock interface to class org/springframework/core/DefaultParameterNameDiscoverer
05:45:41.714 [main] INFO org.evosuite.runtime.instrumentation.CreateClassResetClassAdapter - Creating brand-new static initializer in class org/springframework/core/DefaultParameterNameDiscoverer
05:45:41.714 [main] DEBUG org.evosuite.runtime.agent.TransformerForTests - Going to instrument: org.springframework.boot.convert.LenientObjectToEnumConverterFactory
05:45:41.714 [main] INFO org.evosuite.runtime.instrumentation.MethodCallReplacementClassAdapter - Adding mock interface to class org/springframework/boot/convert/LenientObjectToEnumConverterFactory
05:45:41.715 [main] INFO org.evosuite.runtime.instrumentation.CreateClassResetClassAdapter - Found static initializer in class org/springframework/boot/convert/LenientObjectToEnumConverterFactory
05:45:41.715 [main] DEBUG org.evosuite.runtime.agent.TransformerForTests - Going to instrument: org.springframework.expression.spel.standard.SpelExpressionParser
05:45:41.715 [main] INFO org.evosuite.runtime.instrumentation.MethodCallReplacementClassAdapter - Adding mock interface to class org/springframework/expression/spel/standard/SpelExpressionParser
05:45:41.715 [main] INFO org.evosuite.runtime.instrumentation.CreateClassResetClassAdapter - Creating brand-new static initializer in class org/springframework/expression/spel/standard/SpelExpressionParser
05:45:41.716 [main] DEBUG org.evosuite.runtime.agent.TransformerForTests - Going to instrument: org.springframework.expression.common.TemplateAwareExpressionParser
05:45:41.716 [main] INFO org.evosuite.runtime.instrumentation.MethodCallReplacementClassAdapter - Adding mock interface to class org/springframework/expression/common/TemplateAwareExpressionParser
05:45:41.716 [main] INFO org.evosuite.runtime.instrumentation.CreateClassResetClassAdapter - Creating brand-new static initializer in class org/springframework/expression/common/TemplateAwareExpressionParser
05:45:41.717 [main] DEBUG org.evosuite.runtime.agent.TransformerForTests - Going to instrument: org.springframework.expression.ParseException
05:45:41.717 [main] INFO org.evosuite.runtime.instrumentation.MethodCallReplacementClassAdapter - Adding mock interface to class org/springframework/expression/ParseException
05:45:41.717 [main] INFO org.evosuite.runtime.instrumentation.CreateClassResetClassAdapter - Creating brand-new static initializer in class org/springframework/expression/ParseException
05:45:41.717 [main] DEBUG org.evosuite.runtime.agent.TransformerForTests - Going to instrument: org.springframework.expression.Expression
05:45:41.718 [main] DEBUG org.evosuite.runtime.agent.TransformerForTests - Going to instrument: org.springframework.context.event.EventListenerFactory
05:45:41.718 [main] DEBUG org.evosuite.runtime.agent.TransformerForTests - Going to instrument: org.yaml.snakeyaml.constructor.SafeConstructor$ConstructYamlSet
05:45:41.718 [main] INFO org.evosuite.runtime.instrumentation.MethodCallReplacementClassAdapter - Adding mock interface to class org/yaml/snakeyaml/constructor/SafeConstructor$ConstructYamlSet
05:45:41.718 [main] INFO org.evosuite.runtime.instrumentation.CreateClassResetClassAdapter - Creating brand-new static initializer in class org/yaml/snakeyaml/constructor/SafeConstructor$ConstructYamlSet
05:45:41.719 [main] DEBUG org.evosuite.runtime.agent.TransformerForTests - Going to instrument: org.springframework.beans.SimpleTypeConverter
05:45:41.719 [main] INFO org.evosuite.runtime.instrumentation.MethodCallReplacementClassAdapter - Adding mock interface to class org/springframework/beans/SimpleTypeConverter
05:45:41.719 [main] INFO org.evosuite.runtime.instrumentation.CreateClassResetClassAdapter - Creating brand-new static initializer in class org/springframework/beans/SimpleTypeConverter
05:45:41.719 [main] DEBUG org.evosuite.runtime.agent.TransformerForTests - Going to instrument: org.yaml.snakeyaml.constructor.SafeConstructor$ConstructYamlSeq
05:45:41.719 [main] INFO org.evosuite.runtime.instrumentation.MethodCallReplacementClassAdapter - Adding mock interface to class org/yaml/snakeyaml/constructor/SafeConstructor$ConstructYamlSeq
05:45:41.720 [main] INFO org.evosuite.runtime.instrumentation.CreateClassResetClassAdapter - Creating brand-new static initializer in class org/yaml/snakeyaml/constructor/SafeConstructor$ConstructYamlSeq
05:45:41.720 [main] DEBUG org.evosuite.runtime.agent.TransformerForTests - Going to instrument: org.springframework.boot.web.servlet.context.AnnotationConfigServletWebServerApplicationContext
05:45:41.720 [main] INFO org.evosuite.runtime.instrumentation.MethodCallReplacementClassAdapter - Adding mock interface to class org/springframework/boot/web/servlet/context/AnnotationConfigServletWebServerApplicationContext
05:45:41.721 [main] INFO org.evosuite.runtime.instrumentation.CreateClassResetClassAdapter - Creating brand-new static initializer in class org/springframework/boot/web/servlet/context/AnnotationConfigServletWebServerApplicationContext
05:45:41.721 [main] DEBUG org.evosuite.runtime.agent.TransformerForTests - Going to instrument: org.springframework.context.annotation.AnnotationConfigRegistry
05:45:41.722 [main] DEBUG org.evosuite.runtime.agent.TransformerForTests - Going to instrument: org.springframework.boot.web.servlet.context.ServletWebServerApplicationContext
05:45:41.722 [main] INFO org.evosuite.runtime.instrumentation.MethodCallReplacementClassAdapter - Adding mock interface to class org/springframework/boot/web/servlet/context/ServletWebServerApplicationContext
05:45:41.724 [main] INFO org.evosuite.runtime.instrumentation.CreateClassResetClassAdapter - Found static initializer in class org/springframework/boot/web/servlet/context/ServletWebServerApplicationContext
05:45:41.724 [main] DEBUG org.evosuite.runtime.agent.TransformerForTests - Going to instrument: org.springframework.boot.web.context.ConfigurableWebServerApplicationContext
05:45:41.725 [main] DEBUG org.evosuite.runtime.agent.TransformerForTests - Going to instrument: org.springframework.boot.web.context.WebServerApplicationContext
05:45:41.726 [main] DEBUG org.evosuite.runtime.agent.TransformerForTests - Going to instrument: org.springframework.web.context.support.GenericWebApplicationContext
05:45:41.726 [main] INFO org.evosuite.runtime.instrumentation.MethodCallReplacementClassAdapter - Adding mock interface to class org/springframework/web/context/support/GenericWebApplicationContext
05:45:41.726 [main] INFO org.evosuite.runtime.instrumentation.CreateClassResetClassAdapter - Creating brand-new static initializer in class org/springframework/web/context/support/GenericWebApplicationContext
05:45:41.726 [main] DEBUG org.evosuite.runtime.agent.TransformerForTests - Going to instrument: org.springframework.context.support.GenericApplicationContext
05:45:41.727 [main] INFO org.evosuite.runtime.instrumentation.MethodCallReplacementClassAdapter - Adding mock interface to class org/springframework/context/support/GenericApplicationContext
05:45:41.728 [main] INFO org.evosuite.runtime.instrumentation.CreateClassResetClassAdapter - Creating brand-new static initializer in class org/springframework/context/support/GenericApplicationContext
05:45:41.728 [main] DEBUG org.evosuite.runtime.agent.TransformerForTests - Going to instrument: org.springframework.beans.factory.support.BeanDefinitionRegistry
05:45:41.729 [main] DEBUG org.evosuite.runtime.agent.TransformerForTests - Going to instrument: org.springframework.beans.factory.config.ConfigurableListableBeanFactory
05:45:41.730 [main] DEBUG org.evosuite.runtime.agent.TransformerForTests - Going to instrument: org.springframework.core.annotation.AnnotationTypeMapping$MirrorSets
05:45:41.730 [main] INFO org.evosuite.runtime.instrumentation.MethodCallReplacementClassAdapter - Adding mock interface to class org/springframework/core/annotation/AnnotationTypeMapping$MirrorSets
05:45:41.730 [main] INFO org.evosuite.runtime.instrumentation.CreateClassResetClassAdapter - Creating brand-new static initializer in class org/springframework/core/annotation/AnnotationTypeMapping$MirrorSets
05:45:41.731 [main] DEBUG org.evosuite.runtime.agent.TransformerForTests - Going to instrument: org.springframework.jdbc.datasource.AbstractDataSource
05:45:41.731 [main] INFO org.evosuite.runtime.instrumentation.MethodCallReplacementClassAdapter - Adding mock interface to class org/springframework/jdbc/datasource/AbstractDataSource
05:45:41.731 [main] INFO org.evosuite.runtime.instrumentation.CreateClassResetClassAdapter - Creating brand-new static initializer in class org/springframework/jdbc/datasource/AbstractDataSource
05:45:41.733 [main] DEBUG org.evosuite.runtime.agent.TransformerForTests - Going to instrument: org.springframework.boot.diagnostics.analyzer.NoSuchMethodFailureAnalyzer
05:45:41.733 [main] INFO org.evosuite.runtime.instrumentation.MethodCallReplacementClassAdapter - Adding mock interface to class org/springframework/boot/diagnostics/analyzer/NoSuchMethodFailureAnalyzer
05:45:41.733 [main] INFO org.evosuite.runtime.instrumentation.CreateClassResetClassAdapter - Creating brand-new static initializer in class org/springframework/boot/diagnostics/analyzer/NoSuchMethodFailureAnalyzer
05:45:41.734 [main] DEBUG org.evosuite.runtime.agent.TransformerForTests - Going to instrument: org.springframework.expression.common.LiteralExpression
05:45:41.734 [main] INFO org.evosuite.runtime.instrumentation.MethodCallReplacementClassAdapter - Adding mock interface to class org/springframework/expression/common/LiteralExpression
05:45:41.735 [main] INFO org.evosuite.runtime.instrumentation.CreateClassResetClassAdapter - Creating brand-new static initializer in class org/springframework/expression/common/LiteralExpression
05:45:41.735 [main] DEBUG org.evosuite.runtime.agent.TransformerForTests - Going to instrument: org.springframework.boot.diagnostics.analyzer.BeanNotOfRequiredTypeFailureAnalyzer
05:45:41.735 [main] INFO org.evosuite.runtime.instrumentation.MethodCallReplacementClassAdapter - Adding mock interface to class org/springframework/boot/diagnostics/analyzer/BeanNotOfRequiredTypeFailureAnalyzer
05:45:41.736 [main] INFO org.evosuite.runtime.instrumentation.CreateClassResetClassAdapter - Creating brand-new static initializer in class org/springframework/boot/diagnostics/analyzer/BeanNotOfRequiredTypeFailureAnalyzer
05:45:41.736 [main] INFO org.evosuite.runtime.instrumentation.CreateClassResetClassAdapter - Adding bytecode for initializing field ACTION
05:45:41.736 [main] DEBUG org.evosuite.runtime.agent.TransformerForTests - Going to instrument: org.springframework.beans.support.ResourceEditorRegistrar
05:45:41.737 [main] INFO org.evosuite.runtime.instrumentation.MethodCallReplacementClassAdapter - Adding mock interface to class org/springframework/beans/support/ResourceEditorRegistrar
05:45:41.737 [main] INFO org.evosuite.runtime.instrumentation.CreateClassResetClassAdapter - Creating brand-new static initializer in class org/springframework/beans/support/ResourceEditorRegistrar
05:45:41.737 [main] DEBUG org.evosuite.runtime.agent.TransformerForTests - Going to instrument: org.springframework.core.annotation.MergedAnnotations
05:45:41.739 [main] DEBUG org.evosuite.runtime.agent.TransformerForTests - Going to instrument: org.springframework.boot.web.servlet.context.WebApplicationContextServletContextAwareProcessor
05:45:41.739 [main] INFO org.evosuite.runtime.instrumentation.MethodCallReplacementClassAdapter - Adding mock interface to class org/springframework/boot/web/servlet/context/WebApplicationContextServletContextAwareProcessor
05:45:41.739 [main] INFO org.evosuite.runtime.instrumentation.CreateClassResetClassAdapter - Creating brand-new static initializer in class org/springframework/boot/web/servlet/context/WebApplicationContextServletContextAwareProcessor
05:45:41.739 [main] DEBUG org.evosuite.runtime.agent.TransformerForTests - Going to instrument: org.springframework.web.context.support.ServletContextAwareProcessor
05:45:41.740 [main] INFO org.evosuite.runtime.instrumentation.MethodCallReplacementClassAdapter - Adding mock interface to class org/springframework/web/context/support/ServletContextAwareProcessor
05:45:41.740 [main] INFO org.evosuite.runtime.instrumentation.CreateClassResetClassAdapter - Creating brand-new static initializer in class org/springframework/web/context/support/ServletContextAwareProcessor
05:45:41.741 [main] DEBUG org.evosuite.runtime.agent.TransformerForTests - Going to instrument: org.springframework.boot.autoconfigure.AutoConfigurationPackages$Registrar
05:45:41.741 [main] INFO org.evosuite.runtime.instrumentation.MethodCallReplacementClassAdapter - Adding mock interface to class org/springframework/boot/autoconfigure/AutoConfigurationPackages$Registrar
05:45:41.741 [main] INFO org.evosuite.runtime.instrumentation.CreateClassResetClassAdapter - Creating brand-new static initializer in class org/springframework/boot/autoconfigure/AutoConfigurationPackages$Registrar
05:45:41.741 [main] DEBUG org.evosuite.runtime.agent.TransformerForTests - Going to instrument: org.springframework.boot.context.annotation.DeterminableImports
05:45:41.742 [main] DEBUG org.evosuite.runtime.agent.TransformerForTests - Going to instrument: org.springframework.boot.env.OriginTrackedYamlLoader
05:45:41.742 [main] INFO org.evosuite.runtime.instrumentation.MethodCallReplacementClassAdapter - Adding mock interface to class org/springframework/boot/env/OriginTrackedYamlLoader
05:45:41.742 [main] INFO org.evosuite.runtime.instrumentation.CreateClassResetClassAdapter - Creating brand-new static initializer in class org/springframework/boot/env/OriginTrackedYamlLoader
05:45:41.743 [main] DEBUG org.evosuite.runtime.agent.TransformerForTests - Going to instrument: org.springframework.beans.factory.config.YamlProcessor
05:45:41.743 [main] INFO org.evosuite.runtime.instrumentation.MethodCallReplacementClassAdapter - Adding mock interface to class org/springframework/beans/factory/config/YamlProcessor
05:45:41.746 [main] INFO org.evosuite.runtime.instrumentation.CreateClassResetClassAdapter - Creating brand-new static initializer in class org/springframework/beans/factory/config/YamlProcessor
05:45:41.746 [main] DEBUG org.evosuite.runtime.agent.TransformerForTests - Going to instrument: org.springframework.beans.factory.config.YamlProcessor$FilteringConstructor
05:45:41.746 [main] INFO org.evosuite.runtime.instrumentation.MethodCallReplacementClassAdapter - Adding mock interface to class org/springframework/beans/factory/config/YamlProcessor$FilteringConstructor
05:45:41.747 [main] INFO org.evosuite.runtime.instrumentation.CreateClassResetClassAdapter - Creating brand-new static initializer in class org/springframework/beans/factory/config/YamlProcessor$FilteringConstructor
05:45:41.747 [main] DEBUG org.evosuite.runtime.agent.TransformerForTests - Going to instrument: org.yaml.snakeyaml.constructor.Constructor
05:45:41.747 [main] INFO org.evosuite.runtime.instrumentation.MethodCallReplacementClassAdapter - Adding mock interface to class org/yaml/snakeyaml/constructor/Constructor
05:45:41.748 [main] INFO org.evosuite.runtime.instrumentation.CreateClassResetClassAdapter - Creating brand-new static initializer in class org/yaml/snakeyaml/constructor/Constructor
05:45:41.749 [main] DEBUG org.evosuite.runtime.agent.TransformerForTests - Going to instrument: org.springframework.boot.env.OriginTrackedYamlLoader$OriginTrackingConstructor
05:45:41.749 [main] INFO org.evosuite.runtime.instrumentation.MethodCallReplacementClassAdapter - Adding mock interface to class org/springframework/boot/env/OriginTrackedYamlLoader$OriginTrackingConstructor
05:45:41.749 [main] INFO org.evosuite.runtime.instrumentation.CreateClassResetClassAdapter - Creating brand-new static initializer in class org/springframework/boot/env/OriginTrackedYamlLoader$OriginTrackingConstructor
05:45:41.750 [main] DEBUG org.evosuite.runtime.agent.TransformerForTests - Going to instrument: org.springframework.core.convert.support.GenericConversionService$Converters
05:45:41.750 [main] INFO org.evosuite.runtime.instrumentation.MethodCallReplacementClassAdapter - Adding mock interface to class org/springframework/core/convert/support/GenericConversionService$Converters
05:45:41.750 [main] INFO org.evosuite.runtime.instrumentation.CreateClassResetClassAdapter - Creating brand-new static initializer in class org/springframework/core/convert/support/GenericConversionService$Converters
05:45:41.751 [main] DEBUG org.evosuite.runtime.agent.TransformerForTests - Going to instrument: org.springframework.boot.convert.NumberToDataSizeConverter
05:45:41.751 [main] INFO org.evosuite.runtime.instrumentation.MethodCallReplacementClassAdapter - Adding mock interface to class org/springframework/boot/convert/NumberToDataSizeConverter
05:45:41.751 [main] INFO org.evosuite.runtime.instrumentation.CreateClassResetClassAdapter - Creating brand-new static initializer in class org/springframework/boot/convert/NumberToDataSizeConverter
05:45:41.752 [main] DEBUG org.evosuite.runtime.agent.TransformerForTests - Going to instrument: org.springframework.boot.logging.DeferredLog$1
05:45:41.752 [main] INFO org.evosuite.runtime.instrumentation.MethodCallReplacementClassAdapter - Adding mock interface to class org/springframework/boot/logging/DeferredLog$1
05:45:41.752 [main] DEBUG org.evosuite.runtime.agent.TransformerForTests - Going to instrument: org.springframework.boot.context.properties.source.SpringConfigurationPropertySources$SourcesIterator
05:45:41.752 [main] INFO org.evosuite.runtime.instrumentation.MethodCallReplacementClassAdapter - Adding mock interface to class org/springframework/boot/context/properties/source/SpringConfigurationPropertySources$SourcesIterator
05:45:41.753 [main] INFO org.evosuite.runtime.instrumentation.CreateClassResetClassAdapter - Creating brand-new static initializer in class org/springframework/boot/context/properties/source/SpringConfigurationPropertySources$SourcesIterator
05:45:41.753 [main] DEBUG org.evosuite.runtime.agent.TransformerForTests - Going to instrument: org.springframework.boot.context.event.ApplicationFailedEvent
05:45:41.753 [main] INFO org.evosuite.runtime.instrumentation.MethodCallReplacementClassAdapter - Adding mock interface to class org/springframework/boot/context/event/ApplicationFailedEvent
05:45:41.753 [main] INFO org.evosuite.runtime.instrumentation.CreateClassResetClassAdapter - Creating brand-new static initializer in class org/springframework/boot/context/event/ApplicationFailedEvent
05:45:41.754 [main] DEBUG org.evosuite.runtime.agent.TransformerForTests - Going to instrument: org.springframework.data.web.PageableHandlerMethodArgumentResolverSupport
05:45:41.754 [main] INFO org.evosuite.runtime.instrumentation.MethodCallReplacementClassAdapter - Adding mock interface to class org/springframework/data/web/PageableHandlerMethodArgumentResolverSupport
05:45:41.755 [main] INFO org.evosuite.runtime.instrumentation.CreateClassResetClassAdapter - Found static initializer in class org/springframework/data/web/PageableHandlerMethodArgumentResolverSupport
05:45:41.756 [main] DEBUG org.evosuite.runtime.agent.TransformerForTests - Going to instrument: org.springframework.data.domain.Pageable
05:45:41.757 [main] DEBUG org.evosuite.runtime.agent.TransformerForTests - Going to instrument: org.springframework.data.domain.PageRequest
05:45:41.757 [main] INFO org.evosuite.runtime.instrumentation.MethodCallReplacementClassAdapter - Adding mock interface to class org/springframework/data/domain/PageRequest
05:45:41.757 [main] INFO org.evosuite.runtime.instrumentation.CreateClassResetClassAdapter - Creating brand-new static initializer in class org/springframework/data/domain/PageRequest
05:45:41.758 [main] DEBUG org.evosuite.runtime.agent.TransformerForTests - Going to instrument: org.springframework.data.domain.AbstractPageRequest
05:45:41.758 [main] INFO org.evosuite.runtime.instrumentation.MethodCallReplacementClassAdapter - Adding mock interface to class org/springframework/data/domain/AbstractPageRequest
05:45:41.759 [main] INFO org.evosuite.runtime.instrumentation.CreateClassResetClassAdapter - Creating brand-new static initializer in class org/springframework/data/domain/AbstractPageRequest
05:45:41.760 [main] DEBUG org.evosuite.runtime.agent.TransformerForTests - Going to instrument: org.springframework.data.domain.Sort
05:45:41.760 [main] INFO org.evosuite.runtime.instrumentation.MethodCallReplacementClassAdapter - Adding mock interface to class org/springframework/data/domain/Sort
05:45:41.761 [main] INFO org.evosuite.runtime.instrumentation.CreateClassResetClassAdapter - Found static initializer in class org/springframework/data/domain/Sort
05:45:41.762 [main] DEBUG org.evosuite.runtime.agent.TransformerForTests - Going to instrument: org.springframework.data.util.Streamable
05:45:41.764 [main] DEBUG org.evosuite.runtime.agent.TransformerForTests - Going to instrument: org.springframework.data.domain.Sort$Order
05:45:41.764 [main] INFO org.evosuite.runtime.instrumentation.MethodCallReplacementClassAdapter - Adding mock interface to class org/springframework/data/domain/Sort$Order
05:45:41.765 [main] INFO org.evosuite.runtime.instrumentation.CreateClassResetClassAdapter - Found static initializer in class org/springframework/data/domain/Sort$Order
05:45:41.766 [main] DEBUG org.evosuite.runtime.agent.TransformerForTests - Going to instrument: org.springframework.data.domain.Sort$Direction
05:45:41.766 [main] INFO org.evosuite.runtime.instrumentation.MethodCallReplacementClassAdapter - Adding mock interface to class org/springframework/data/domain/Sort$Direction
05:45:41.766 [main] INFO org.evosuite.runtime.instrumentation.CreateClassResetClassAdapter - Found static initializer in class org/springframework/data/domain/Sort$Direction
05:45:41.767 [main] DEBUG org.evosuite.runtime.agent.TransformerForTests - Going to instrument: org.springframework.core.convert.support.ObjectToOptionalConverter
05:45:41.767 [main] INFO org.evosuite.runtime.instrumentation.MethodCallReplacementClassAdapter - Adding mock interface to class org/springframework/core/convert/support/ObjectToOptionalConverter
05:45:41.767 [main] INFO org.evosuite.runtime.instrumentation.CreateClassResetClassAdapter - Creating brand-new static initializer in class org/springframework/core/convert/support/ObjectToOptionalConverter
05:45:41.768 [main] DEBUG org.evosuite.runtime.agent.TransformerForTests - Going to instrument: org.springframework.core.convert.support.ObjectToOptionalConverter$GenericTypeDescriptor
05:45:41.768 [main] INFO org.evosuite.runtime.instrumentation.MethodCallReplacementClassAdapter - Adding mock interface to class org/springframework/core/convert/support/ObjectToOptionalConverter$GenericTypeDescriptor
05:45:41.768 [main] INFO org.evosuite.runtime.instrumentation.CreateClassResetClassAdapter - Creating brand-new static initializer in class org/springframework/core/convert/support/ObjectToOptionalConverter$GenericTypeDescriptor
05:45:41.768 [main] DEBUG org.evosuite.runtime.agent.TransformerForTests - Going to instrument: org.hibernate.resource.jdbc.spi.JdbcSessionOwner
05:45:41.769 [main] DEBUG org.evosuite.runtime.agent.TransformerForTests - Going to instrument: org.springframework.boot.SpringBootExceptionReporter
05:45:41.769 [main] DEBUG org.evosuite.runtime.agent.TransformerForTests - Going to instrument: org.springframework.beans.factory.support.DefaultListableBeanFactory$NestedDependencyDescriptor
05:45:41.769 [main] INFO org.evosuite.runtime.instrumentation.MethodCallReplacementClassAdapter - Adding mock interface to class org/springframework/beans/factory/support/DefaultListableBeanFactory$NestedDependencyDescriptor
05:45:41.769 [main] INFO org.evosuite.runtime.instrumentation.CreateClassResetClassAdapter - Creating brand-new static initializer in class org/springframework/beans/factory/support/DefaultListableBeanFactory$NestedDependencyDescriptor
05:45:41.770 [main] DEBUG org.evosuite.runtime.agent.TransformerForTests - Going to instrument: org.springframework.context.annotation.Conditional
05:45:41.771 [main] DEBUG org.evosuite.runtime.agent.TransformerForTests - Going to instrument: org.springframework.asm.Type
05:45:41.771 [main] INFO org.evosuite.runtime.instrumentation.MethodCallReplacementClassAdapter - Adding mock interface to class org/springframework/asm/Type
05:45:41.772 [main] INFO org.evosuite.runtime.instrumentation.CreateClassResetClassAdapter - Found static initializer in class org/springframework/asm/Type
05:45:41.774 [main] DEBUG org.evosuite.runtime.agent.TransformerForTests - Going to instrument: org.springframework.core.type.classreading.MergedAnnotationReadingVisitor$ArrayVisitor
05:45:41.774 [main] INFO org.evosuite.runtime.instrumentation.MethodCallReplacementClassAdapter - Adding mock interface to class org/springframework/core/type/classreading/MergedAnnotationReadingVisitor$ArrayVisitor
05:45:41.775 [main] INFO org.evosuite.runtime.instrumentation.CreateClassResetClassAdapter - Creating brand-new static initializer in class org/springframework/core/type/classreading/MergedAnnotationReadingVisitor$ArrayVisitor
05:45:41.776 [main] DEBUG org.evosuite.runtime.agent.TransformerForTests - Going to instrument: org.springframework.format.datetime.standard.TemporalAccessorPrinter
05:45:41.776 [main] INFO org.evosuite.runtime.instrumentation.MethodCallReplacementClassAdapter - Adding mock interface to class org/springframework/format/datetime/standard/TemporalAccessorPrinter
05:45:41.776 [main] INFO org.evosuite.runtime.instrumentation.CreateClassResetClassAdapter - Creating brand-new static initializer in class org/springframework/format/datetime/standard/TemporalAccessorPrinter
05:45:41.777 [main] DEBUG org.evosuite.runtime.agent.TransformerForTests - Going to instrument: org.springframework.context.event.AbstractApplicationEventMulticaster
05:45:41.777 [main] INFO org.evosuite.runtime.instrumentation.MethodCallReplacementClassAdapter - Adding mock interface to class org/springframework/context/event/AbstractApplicationEventMulticaster
05:45:41.779 [main] INFO org.evosuite.runtime.instrumentation.CreateClassResetClassAdapter - Creating brand-new static initializer in class org/springframework/context/event/AbstractApplicationEventMulticaster
05:45:41.780 [main] DEBUG org.evosuite.runtime.agent.TransformerForTests - Going to instrument: org.springframework.boot.diagnostics.analyzer.ConnectorStartFailureAnalyzer
05:45:41.780 [main] INFO org.evosuite.runtime.instrumentation.MethodCallReplacementClassAdapter - Adding mock interface to class org/springframework/boot/diagnostics/analyzer/ConnectorStartFailureAnalyzer
05:45:41.780 [main] INFO org.evosuite.runtime.instrumentation.CreateClassResetClassAdapter - Creating brand-new static initializer in class org/springframework/boot/diagnostics/analyzer/ConnectorStartFailureAnalyzer
05:45:41.781 [main] DEBUG org.evosuite.runtime.agent.TransformerForTests - Going to instrument: org.springframework.beans.factory.xml.DocumentLoader
05:45:41.781 [main] DEBUG org.evosuite.runtime.agent.TransformerForTests - Going to instrument: org.springframework.context.expression.MapAccessor
05:45:41.781 [main] INFO org.evosuite.runtime.instrumentation.MethodCallReplacementClassAdapter - Adding mock interface to class org/springframework/context/expression/MapAccessor
05:45:41.781 [main] INFO org.evosuite.runtime.instrumentation.CreateClassResetClassAdapter - Creating brand-new static initializer in class org/springframework/context/expression/MapAccessor
05:45:41.782 [main] DEBUG org.evosuite.runtime.agent.TransformerForTests - Going to instrument: org.springframework.expression.spel.CompilablePropertyAccessor
05:45:41.782 [main] DEBUG org.evosuite.runtime.agent.TransformerForTests - Going to instrument: org.springframework.boot.reactor.DebugAgentEnvironmentPostProcessor
05:45:41.782 [main] INFO org.evosuite.runtime.instrumentation.MethodCallReplacementClassAdapter - Adding mock interface to class org/springframework/boot/reactor/DebugAgentEnvironmentPostProcessor
05:45:41.783 [main] INFO org.evosuite.runtime.instrumentation.CreateClassResetClassAdapter - Creating brand-new static initializer in class org/springframework/boot/reactor/DebugAgentEnvironmentPostProcessor
05:45:41.783 [main] INFO org.evosuite.runtime.instrumentation.CreateClassResetClassAdapter - Adding bytecode for initializing field REACTOR_DEBUGAGENT_CLASS
05:45:41.783 [main] INFO org.evosuite.runtime.instrumentation.CreateClassResetClassAdapter - Adding bytecode for initializing field DEBUGAGENT_ENABLED_CONFIG_KEY
05:45:41.783 [main] DEBUG org.evosuite.runtime.agent.TransformerForTests - Going to instrument: org.springframework.util.unit.DataSize
05:45:41.783 [main] INFO org.evosuite.runtime.instrumentation.MethodCallReplacementClassAdapter - Adding mock interface to class org/springframework/util/unit/DataSize
05:45:41.784 [main] INFO org.evosuite.runtime.instrumentation.CreateClassResetClassAdapter - Found static initializer in class org/springframework/util/unit/DataSize
05:45:41.785 [main] DEBUG org.evosuite.runtime.agent.TransformerForTests - Going to instrument: org.springframework.boot.diagnostics.analyzer.InvalidConfigurationPropertyNameFailureAnalyzer
05:45:41.785 [main] INFO org.evosuite.runtime.instrumentation.MethodCallReplacementClassAdapter - Adding mock interface to class org/springframework/boot/diagnostics/analyzer/InvalidConfigurationPropertyNameFailureAnalyzer
05:45:41.785 [main] INFO org.evosuite.runtime.instrumentation.CreateClassResetClassAdapter - Creating brand-new static initializer in class org/springframework/boot/diagnostics/analyzer/InvalidConfigurationPropertyNameFailureAnalyzer
05:45:41.786 [main] DEBUG org.evosuite.runtime.agent.TransformerForTests - Going to instrument: org.springframework.boot.builder.ParentContextApplicationContextInitializer$ParentContextAvailableEvent
05:45:41.786 [main] INFO org.evosuite.runtime.instrumentation.MethodCallReplacementClassAdapter - Adding mock interface to class org/springframework/boot/builder/ParentContextApplicationContextInitializer$ParentContextAvailableEvent
05:45:41.786 [main] INFO org.evosuite.runtime.instrumentation.CreateClassResetClassAdapter - Creating brand-new static initializer in class org/springframework/boot/builder/ParentContextApplicationContextInitializer$ParentContextAvailableEvent
05:45:41.786 [main] DEBUG org.evosuite.runtime.agent.TransformerForTests - Going to instrument: org.yaml.snakeyaml.nodes.Tag
05:45:41.786 [main] INFO org.evosuite.runtime.instrumentation.MethodCallReplacementClassAdapter - Adding mock interface to class org/yaml/snakeyaml/nodes/Tag
05:45:41.788 [main] INFO org.evosuite.runtime.instrumentation.CreateClassResetClassAdapter - Found static initializer in class org/yaml/snakeyaml/nodes/Tag
05:45:41.788 [main] DEBUG org.evosuite.runtime.agent.TransformerForTests - Going to instrument: org.yaml.snakeyaml.util.UriEncoder
05:45:41.788 [main] INFO org.evosuite.runtime.instrumentation.MethodCallReplacementClassAdapter - Adding mock interface to class org/yaml/snakeyaml/util/UriEncoder
05:45:41.789 [main] INFO org.evosuite.runtime.instrumentation.CreateClassResetClassAdapter - Found static initializer in class org/yaml/snakeyaml/util/UriEncoder
05:45:41.791 [main] DEBUG org.evosuite.runtime.agent.TransformerForTests - Going to instrument: org.springframework.core.convert.support.StreamConverter
05:45:41.791 [main] INFO org.evosuite.runtime.instrumentation.MethodCallReplacementClassAdapter - Adding mock interface to class org/springframework/core/convert/support/StreamConverter
05:45:41.792 [main] INFO org.evosuite.runtime.instrumentation.CreateClassResetClassAdapter - Found static initializer in class org/springframework/core/convert/support/StreamConverter
05:45:41.793 [main] DEBUG org.evosuite.runtime.agent.TransformerForTests - Going to instrument: org.springframework.core.convert.converter.GenericConverter$ConvertiblePair
05:45:41.793 [main] INFO org.evosuite.runtime.instrumentation.MethodCallReplacementClassAdapter - Adding mock interface to class org/springframework/core/convert/converter/GenericConverter$ConvertiblePair
05:45:41.793 [main] INFO org.evosuite.runtime.instrumentation.CreateClassResetClassAdapter - Creating brand-new static initializer in class org/springframework/core/convert/converter/GenericConverter$ConvertiblePair
05:45:41.795 [main] DEBUG org.evosuite.runtime.agent.TransformerForTests - Going to instrument: io.micrometer.core.instrument.MeterRegistry
05:45:41.795 [main] INFO org.evosuite.runtime.instrumentation.MethodCallReplacementClassAdapter - Adding mock interface to class io/micrometer/core/instrument/MeterRegistry
05:45:41.797 [main] INFO org.evosuite.runtime.instrumentation.CreateClassResetClassAdapter - Creating brand-new static initializer in class io/micrometer/core/instrument/MeterRegistry
05:45:41.798 [main] DEBUG org.evosuite.runtime.agent.TransformerForTests - Going to instrument: io.micrometer.core.instrument.distribution.pause.PauseDetector
05:45:41.798 [main] DEBUG org.evosuite.runtime.agent.TransformerForTests - Going to instrument: io.micrometer.core.instrument.TimeGauge
05:45:41.799 [main] DEBUG org.evosuite.runtime.agent.TransformerForTests - Going to instrument: io.micrometer.core.instrument.Gauge
05:45:41.799 [main] DEBUG org.evosuite.runtime.agent.TransformerForTests - Going to instrument: io.micrometer.core.instrument.Meter
05:45:41.800 [main] DEBUG org.evosuite.runtime.agent.TransformerForTests - Going to instrument: org.springframework.boot.logging.DeferredLog$Line
05:45:41.800 [main] INFO org.evosuite.runtime.instrumentation.MethodCallReplacementClassAdapter - Adding mock interface to class org/springframework/boot/logging/DeferredLog$Line
05:45:41.800 [main] INFO org.evosuite.runtime.instrumentation.CreateClassResetClassAdapter - Creating brand-new static initializer in class org/springframework/boot/logging/DeferredLog$Line
05:45:41.801 [main] DEBUG org.evosuite.runtime.agent.TransformerForTests - Going to instrument: org.springframework.boot.convert.DurationToNumberConverter
05:45:41.801 [main] INFO org.evosuite.runtime.instrumentation.MethodCallReplacementClassAdapter - Adding mock interface to class org/springframework/boot/convert/DurationToNumberConverter
05:45:41.801 [main] INFO org.evosuite.runtime.instrumentation.CreateClassResetClassAdapter - Creating brand-new static initializer in class org/springframework/boot/convert/DurationToNumberConverter
05:45:41.802 [main] DEBUG org.evosuite.runtime.agent.TransformerForTests - Going to instrument: org.springframework.format.datetime.standard.DateTimeConverters$LongToInstantConverter
05:45:41.802 [main] INFO org.evosuite.runtime.instrumentation.MethodCallReplacementClassAdapter - Adding mock interface to class org/springframework/format/datetime/standard/DateTimeConverters$LongToInstantConverter
05:45:41.802 [main] INFO org.evosuite.runtime.instrumentation.CreateClassResetClassAdapter - Creating brand-new static initializer in class org/springframework/format/datetime/standard/DateTimeConverters$LongToInstantConverter
05:45:41.802 [main] DEBUG org.evosuite.runtime.agent.TransformerForTests - Going to instrument: org.springframework.boot.diagnostics.analyzer.BeanDefinitionOverrideFailureAnalyzer
05:45:41.802 [main] INFO org.evosuite.runtime.instrumentation.MethodCallReplacementClassAdapter - Adding mock interface to class org/springframework/boot/diagnostics/analyzer/BeanDefinitionOverrideFailureAnalyzer
05:45:41.803 [main] INFO org.evosuite.runtime.instrumentation.CreateClassResetClassAdapter - Creating brand-new static initializer in class org/springframework/boot/diagnostics/analyzer/BeanDefinitionOverrideFailureAnalyzer
05:45:41.803 [main] INFO org.evosuite.runtime.instrumentation.CreateClassResetClassAdapter - Adding bytecode for initializing field ACTION
05:45:41.804 [main] DEBUG org.evosuite.runtime.agent.TransformerForTests - Going to instrument: org.springframework.context.annotation.AnnotationConfigUtils
05:45:41.804 [main] INFO org.evosuite.runtime.instrumentation.MethodCallReplacementClassAdapter - Adding mock interface to class org/springframework/context/annotation/AnnotationConfigUtils
05:45:41.805 [main] INFO org.evosuite.runtime.instrumentation.CreateClassResetClassAdapter - Found static initializer in class org/springframework/context/annotation/AnnotationConfigUtils
05:45:41.806 [main] DEBUG org.evosuite.runtime.agent.TransformerForTests - Going to instrument: org.springframework.beans.factory.support.AutowireCandidateResolver
05:45:41.807 [main] DEBUG org.evosuite.runtime.agent.TransformerForTests - Going to instrument: org.springframework.boot.autoconfigure.condition.ConditionMessage
05:45:41.807 [main] INFO org.evosuite.runtime.instrumentation.MethodCallReplacementClassAdapter - Adding mock interface to class org/springframework/boot/autoconfigure/condition/ConditionMessage
05:45:41.808 [main] INFO org.evosuite.runtime.instrumentation.CreateClassResetClassAdapter - Creating brand-new static initializer in class org/springframework/boot/autoconfigure/condition/ConditionMessage
05:45:41.809 [main] DEBUG org.evosuite.runtime.agent.TransformerForTests - Going to instrument: org.springframework.context.annotation.ClassPathBeanDefinitionScanner
05:45:41.809 [main] INFO org.evosuite.runtime.instrumentation.MethodCallReplacementClassAdapter - Adding mock interface to class org/springframework/context/annotation/ClassPathBeanDefinitionScanner
05:45:41.810 [main] INFO org.evosuite.runtime.instrumentation.CreateClassResetClassAdapter - Creating brand-new static initializer in class org/springframework/context/annotation/ClassPathBeanDefinitionScanner
05:45:41.811 [main] DEBUG org.evosuite.runtime.agent.TransformerForTests - Going to instrument: org.springframework.context.annotation.ClassPathScanningCandidateComponentProvider
05:45:41.811 [main] INFO org.evosuite.runtime.instrumentation.MethodCallReplacementClassAdapter - Adding mock interface to class org/springframework/context/annotation/ClassPathScanningCandidateComponentProvider
05:45:41.813 [main] INFO org.evosuite.runtime.instrumentation.CreateClassResetClassAdapter - Creating brand-new static initializer in class org/springframework/context/annotation/ClassPathScanningCandidateComponentProvider
05:45:41.813 [main] INFO org.evosuite.runtime.instrumentation.CreateClassResetClassAdapter - Adding bytecode for initializing field DEFAULT_RESOURCE_PATTERN
05:45:41.815 [main] DEBUG org.evosuite.runtime.agent.TransformerForTests - Going to instrument: org.springframework.core.annotation.AnnotationTypeMapping
05:45:41.815 [main] INFO org.evosuite.runtime.instrumentation.MethodCallReplacementClassAdapter - Adding mock interface to class org/springframework/core/annotation/AnnotationTypeMapping
05:45:41.816 [main] INFO org.evosuite.runtime.instrumentation.CreateClassResetClassAdapter - Found static initializer in class org/springframework/core/annotation/AnnotationTypeMapping
05:45:41.817 [main] DEBUG org.evosuite.runtime.agent.TransformerForTests - Going to instrument: org.springframework.web.context.request.AbstractRequestAttributesScope
05:45:41.817 [main] INFO org.evosuite.runtime.instrumentation.MethodCallReplacementClassAdapter - Adding mock interface to class org/springframework/web/context/request/AbstractRequestAttributesScope
05:45:41.817 [main] INFO org.evosuite.runtime.instrumentation.CreateClassResetClassAdapter - Creating brand-new static initializer in class org/springframework/web/context/request/AbstractRequestAttributesScope
05:45:41.818 [main] DEBUG org.evosuite.runtime.agent.TransformerForTests - Going to instrument: org.springframework.cache.interceptor.AbstractCacheInvoker
05:45:41.818 [main] INFO org.evosuite.runtime.instrumentation.MethodCallReplacementClassAdapter - Adding mock interface to class org/springframework/cache/interceptor/AbstractCacheInvoker
05:45:41.818 [main] INFO org.evosuite.runtime.instrumentation.CreateClassResetClassAdapter - Creating brand-new static initializer in class org/springframework/cache/interceptor/AbstractCacheInvoker
05:45:41.819 [main] DEBUG org.evosuite.runtime.agent.TransformerForTests - Going to instrument: org.springframework.boot.context.properties.source.ConfigurationPropertyName$Form
05:45:41.819 [main] INFO org.evosuite.runtime.instrumentation.MethodCallReplacementClassAdapter - Adding mock interface to class org/springframework/boot/context/properties/source/ConfigurationPropertyName$Form
05:45:41.819 [main] INFO org.evosuite.runtime.instrumentation.CreateClassResetClassAdapter - Found static initializer in class org/springframework/boot/context/properties/source/ConfigurationPropertyName$Form
05:45:41.819 [main] DEBUG org.evosuite.runtime.agent.TransformerForTests - Going to instrument: org.springframework.context.event.AbstractApplicationEventMulticaster$ListenerRetriever
05:45:41.819 [main] INFO org.evosuite.runtime.instrumentation.MethodCallReplacementClassAdapter - Adding mock interface to class org/springframework/context/event/AbstractApplicationEventMulticaster$ListenerRetriever
05:45:41.820 [main] INFO org.evosuite.runtime.instrumentation.CreateClassResetClassAdapter - Creating brand-new static initializer in class org/springframework/context/event/AbstractApplicationEventMulticaster$ListenerRetriever
05:45:41.821 [main] DEBUG org.evosuite.runtime.agent.TransformerForTests - Going to instrument: org.springframework.boot.autoconfigure.AutoConfigurationImportSelector$ConfigurationClassFilter
05:45:41.821 [main] INFO org.evosuite.runtime.instrumentation.MethodCallReplacementClassAdapter - Adding mock interface to class org/springframework/boot/autoconfigure/AutoConfigurationImportSelector$ConfigurationClassFilter
05:45:41.821 [main] INFO org.evosuite.runtime.instrumentation.CreateClassResetClassAdapter - Creating brand-new static initializer in class org/springframework/boot/autoconfigure/AutoConfigurationImportSelector$ConfigurationClassFilter
05:45:41.821 [main] DEBUG org.evosuite.runtime.agent.TransformerForTests - Going to instrument: org.springframework.context.annotation.AnnotatedBeanDefinitionReader
05:45:41.822 [main] INFO org.evosuite.runtime.instrumentation.MethodCallReplacementClassAdapter - Adding mock interface to class org/springframework/context/annotation/AnnotatedBeanDefinitionReader
05:45:41.823 [main] INFO org.evosuite.runtime.instrumentation.CreateClassResetClassAdapter - Creating brand-new static initializer in class org/springframework/context/annotation/AnnotatedBeanDefinitionReader
05:45:41.824 [main] DEBUG org.evosuite.runtime.agent.TransformerForTests - Going to instrument: org.springframework.core.annotation.MergedAnnotation$Adapt
05:45:41.824 [main] INFO org.evosuite.runtime.instrumentation.MethodCallReplacementClassAdapter - Adding mock interface to class org/springframework/core/annotation/MergedAnnotation$Adapt
05:45:41.824 [main] INFO org.evosuite.runtime.instrumentation.CreateClassResetClassAdapter - Found static initializer in class org/springframework/core/annotation/MergedAnnotation$Adapt
05:45:41.824 [main] DEBUG org.evosuite.runtime.agent.TransformerForTests - Going to instrument: org.springframework.context.annotation.FullyQualifiedAnnotationBeanNameGenerator
05:45:41.824 [main] INFO org.evosuite.runtime.instrumentation.MethodCallReplacementClassAdapter - Adding mock interface to class org/springframework/context/annotation/FullyQualifiedAnnotationBeanNameGenerator
05:45:41.824 [main] INFO org.evosuite.runtime.instrumentation.CreateClassResetClassAdapter - Creating brand-new static initializer in class org/springframework/context/annotation/FullyQualifiedAnnotationBeanNameGenerator
05:45:41.825 [main] DEBUG org.evosuite.runtime.agent.TransformerForTests - Going to instrument: org.springframework.context.annotation.AnnotationBeanNameGenerator
05:45:41.825 [main] INFO org.evosuite.runtime.instrumentation.MethodCallReplacementClassAdapter - Adding mock interface to class org/springframework/context/annotation/AnnotationBeanNameGenerator
05:45:41.825 [main] INFO org.evosuite.runtime.instrumentation.CreateClassResetClassAdapter - Found static initializer in class org/springframework/context/annotation/AnnotationBeanNameGenerator
05:45:41.826 [main] DEBUG org.evosuite.runtime.agent.TransformerForTests - Going to instrument: org.springframework.boot.logging.logback.LogbackLoggingSystem
05:45:41.827 [main] INFO org.evosuite.runtime.instrumentation.MethodCallReplacementClassAdapter - Adding mock interface to class org/springframework/boot/logging/logback/LogbackLoggingSystem
05:45:41.828 [main] INFO org.evosuite.runtime.instrumentation.CreateClassResetClassAdapter - Found static initializer in class org/springframework/boot/logging/logback/LogbackLoggingSystem
05:45:41.829 [main] DEBUG org.evosuite.runtime.agent.TransformerForTests - Going to instrument: org.springframework.boot.logging.Slf4JLoggingSystem
05:45:41.829 [main] INFO org.evosuite.runtime.instrumentation.MethodCallReplacementClassAdapter - Adding mock interface to class org/springframework/boot/logging/Slf4JLoggingSystem
05:45:41.829 [main] INFO org.evosuite.runtime.instrumentation.CreateClassResetClassAdapter - Creating brand-new static initializer in class org/springframework/boot/logging/Slf4JLoggingSystem
05:45:41.829 [main] INFO org.evosuite.runtime.instrumentation.CreateClassResetClassAdapter - Adding bytecode for initializing field BRIDGE_HANDLER
05:45:41.830 [main] DEBUG org.evosuite.runtime.agent.TransformerForTests - Going to instrument: org.springframework.boot.logging.AbstractLoggingSystem
05:45:41.830 [main] INFO org.evosuite.runtime.instrumentation.MethodCallReplacementClassAdapter - Adding mock interface to class org/springframework/boot/logging/AbstractLoggingSystem
05:45:41.830 [main] INFO org.evosuite.runtime.instrumentation.CreateClassResetClassAdapter - Found static initializer in class org/springframework/boot/logging/AbstractLoggingSystem
05:45:41.831 [main] DEBUG org.evosuite.runtime.agent.TransformerForTests - Going to instrument: org.springframework.boot.logging.logback.LogbackLoggingSystem$1
05:45:41.831 [main] INFO org.evosuite.runtime.instrumentation.MethodCallReplacementClassAdapter - Adding mock interface to class org/springframework/boot/logging/logback/LogbackLoggingSystem$1
05:45:41.832 [main] DEBUG org.evosuite.runtime.agent.TransformerForTests - Going to instrument: org.springframework.boot.logging.logback.SpringBootJoranConfigurator
05:45:41.832 [main] INFO org.evosuite.runtime.instrumentation.MethodCallReplacementClassAdapter - Adding mock interface to class org/springframework/boot/logging/logback/SpringBootJoranConfigurator
05:45:41.833 [main] INFO org.evosuite.runtime.instrumentation.CreateClassResetClassAdapter - Creating brand-new static initializer in class org/springframework/boot/logging/logback/SpringBootJoranConfigurator
05:45:41.833 [main] DEBUG org.evosuite.runtime.agent.TransformerForTests - Going to instrument: org.springframework.boot.logging.LoggerConfigurationComparator
05:45:41.833 [main] INFO org.evosuite.runtime.instrumentation.MethodCallReplacementClassAdapter - Adding mock interface to class org/springframework/boot/logging/LoggerConfigurationComparator
05:45:41.833 [main] INFO org.evosuite.runtime.instrumentation.CreateClassResetClassAdapter - Creating brand-new static initializer in class org/springframework/boot/logging/LoggerConfigurationComparator
05:45:41.834 [main] DEBUG org.evosuite.runtime.agent.TransformerForTests - Going to instrument: org.springframework.boot.logging.AbstractLoggingSystem$LogLevels
05:45:41.834 [main] INFO org.evosuite.runtime.instrumentation.MethodCallReplacementClassAdapter - Adding mock interface to class org/springframework/boot/logging/AbstractLoggingSystem$LogLevels
05:45:41.834 [main] INFO org.evosuite.runtime.instrumentation.CreateClassResetClassAdapter - Creating brand-new static initializer in class org/springframework/boot/logging/AbstractLoggingSystem$LogLevels
05:45:41.834 [main] DEBUG org.evosuite.runtime.agent.TransformerForTests - Going to instrument: org.springframework.beans.factory.xml.BeanDefinitionDocumentReader
05:45:41.835 [main] DEBUG org.evosuite.runtime.agent.TransformerForTests - Going to instrument: org.springframework.context.expression.BeanFactoryAccessor
05:45:41.835 [main] INFO org.evosuite.runtime.instrumentation.MethodCallReplacementClassAdapter - Adding mock interface to class org/springframework/context/expression/BeanFactoryAccessor
05:45:41.835 [main] INFO org.evosuite.runtime.instrumentation.CreateClassResetClassAdapter - Creating brand-new static initializer in class org/springframework/context/expression/BeanFactoryAccessor
05:45:41.836 [main] DEBUG org.evosuite.runtime.agent.TransformerForTests - Going to instrument: org.springframework.util.PropertyPlaceholderHelper
05:45:41.836 [main] INFO org.evosuite.runtime.instrumentation.MethodCallReplacementClassAdapter - Adding mock interface to class org/springframework/util/PropertyPlaceholderHelper
05:45:41.837 [main] INFO org.evosuite.runtime.instrumentation.CreateClassResetClassAdapter - Found static initializer in class org/springframework/util/PropertyPlaceholderHelper
05:45:41.837 [main] DEBUG org.evosuite.runtime.agent.TransformerForTests - Going to instrument: org.springframework.core.convert.support.ArrayToObjectConverter
05:45:41.837 [main] INFO org.evosuite.runtime.instrumentation.MethodCallReplacementClassAdapter - Adding mock interface to class org/springframework/core/convert/support/ArrayToObjectConverter
05:45:41.838 [main] INFO org.evosuite.runtime.instrumentation.CreateClassResetClassAdapter - Creating brand-new static initializer in class org/springframework/core/convert/support/ArrayToObjectConverter
05:45:41.838 [main] DEBUG org.evosuite.runtime.agent.TransformerForTests - Going to instrument: org.springframework.format.support.FormattingConversionService$ParserConverter
05:45:41.838 [main] INFO org.evosuite.runtime.instrumentation.MethodCallReplacementClassAdapter - Adding mock interface to class org/springframework/format/support/FormattingConversionService$ParserConverter
05:45:41.839 [main] INFO org.evosuite.runtime.instrumentation.CreateClassResetClassAdapter - Creating brand-new static initializer in class org/springframework/format/support/FormattingConversionService$ParserConverter
05:45:41.840 [main] DEBUG org.evosuite.runtime.agent.TransformerForTests - Going to instrument: org.springframework.web.method.support.HandlerMethodArgumentResolver
05:45:41.841 [main] DEBUG org.evosuite.runtime.agent.TransformerForTests - Going to instrument: org.springframework.boot.SpringApplicationBannerPrinter$PrintedBanner
05:45:41.841 [main] INFO org.evosuite.runtime.instrumentation.MethodCallReplacementClassAdapter - Adding mock interface to class org/springframework/boot/SpringApplicationBannerPrinter$PrintedBanner
05:45:41.841 [main] INFO org.evosuite.runtime.instrumentation.CreateClassResetClassAdapter - Creating brand-new static initializer in class org/springframework/boot/SpringApplicationBannerPrinter$PrintedBanner
05:45:41.843 [main] DEBUG org.evosuite.runtime.agent.TransformerForTests - Going to instrument: org.springframework.core.annotation.AnnotationUtils
05:45:41.843 [main] INFO org.evosuite.runtime.instrumentation.MethodCallReplacementClassAdapter - Adding mock interface to class org/springframework/core/annotation/AnnotationUtils
05:45:41.846 [main] INFO org.evosuite.runtime.instrumentation.CreateClassResetClassAdapter - Found static initializer in class org/springframework/core/annotation/AnnotationUtils
05:45:41.847 [main] DEBUG org.evosuite.runtime.agent.TransformerForTests - Going to instrument: org.springframework.boot.actuate.autoconfigure.health.OnEnabledHealthIndicatorCondition
05:45:41.847 [main] INFO org.evosuite.runtime.instrumentation.MethodCallReplacementClassAdapter - Adding mock interface to class org/springframework/boot/actuate/autoconfigure/health/OnEnabledHealthIndicatorCondition
05:45:41.848 [main] INFO org.evosuite.runtime.instrumentation.CreateClassResetClassAdapter - Creating brand-new static initializer in class org/springframework/boot/actuate/autoconfigure/health/OnEnabledHealthIndicatorCondition
05:45:41.848 [main] DEBUG org.evosuite.runtime.agent.TransformerForTests - Going to instrument: org.springframework.boot.actuate.autoconfigure.OnEndpointElementCondition
05:45:41.848 [main] INFO org.evosuite.runtime.instrumentation.MethodCallReplacementClassAdapter - Adding mock interface to class org/springframework/boot/actuate/autoconfigure/OnEndpointElementCondition
05:45:41.848 [main] INFO org.evosuite.runtime.instrumentation.CreateClassResetClassAdapter - Creating brand-new static initializer in class org/springframework/boot/actuate/autoconfigure/OnEndpointElementCondition
05:45:41.849 [main] DEBUG org.evosuite.runtime.agent.TransformerForTests - Going to instrument: org.springframework.util.StopWatch
05:45:41.849 [main] INFO org.evosuite.runtime.instrumentation.MethodCallReplacementClassAdapter - Adding mock interface to class org/springframework/util/StopWatch
05:45:41.850 [main] INFO org.evosuite.runtime.instrumentation.CreateClassResetClassAdapter - Creating brand-new static initializer in class org/springframework/util/StopWatch
05:45:41.851 [main] DEBUG org.evosuite.runtime.agent.TransformerForTests - Going to instrument: org.yaml.snakeyaml.constructor.SafeConstructor$ConstructYamlBool
05:45:41.851 [main] INFO org.evosuite.runtime.instrumentation.MethodCallReplacementClassAdapter - Adding mock interface to class org/yaml/snakeyaml/constructor/SafeConstructor$ConstructYamlBool
05:45:41.851 [main] INFO org.evosuite.runtime.instrumentation.CreateClassResetClassAdapter - Creating brand-new static initializer in class org/yaml/snakeyaml/constructor/SafeConstructor$ConstructYamlBool
05:45:41.851 [main] DEBUG org.evosuite.runtime.agent.TransformerForTests - Going to instrument: org.springframework.boot.autoconfigure.condition.ConditionalOnResource
05:45:41.852 [main] DEBUG org.evosuite.runtime.agent.TransformerForTests - Going to instrument: org.springframework.boot.autoconfigure.AutoConfigurationImportSelector$AutoConfigurationGroup
05:45:41.852 [main] INFO org.evosuite.runtime.instrumentation.MethodCallReplacementClassAdapter - Adding mock interface to class org/springframework/boot/autoconfigure/AutoConfigurationImportSelector$AutoConfigurationGroup
05:45:41.852 [main] INFO org.evosuite.runtime.instrumentation.CreateClassResetClassAdapter - Creating brand-new static initializer in class org/springframework/boot/autoconfigure/AutoConfigurationImportSelector$AutoConfigurationGroup
05:45:41.853 [main] DEBUG org.evosuite.runtime.agent.TransformerForTests - Going to instrument: org.springframework.context.annotation.DeferredImportSelector$Group
05:45:41.853 [main] DEBUG org.evosuite.runtime.agent.TransformerForTests - Going to instrument: org.springframework.boot.autoconfigure.AutoConfigurationSorter$AutoConfigurationClasses
05:45:41.853 [main] INFO org.evosuite.runtime.instrumentation.MethodCallReplacementClassAdapter - Adding mock interface to class org/springframework/boot/autoconfigure/AutoConfigurationSorter$AutoConfigurationClasses
05:45:41.853 [main] INFO org.evosuite.runtime.instrumentation.CreateClassResetClassAdapter - Creating brand-new static initializer in class org/springframework/boot/autoconfigure/AutoConfigurationSorter$AutoConfigurationClasses
05:45:41.854 [main] DEBUG org.evosuite.runtime.agent.TransformerForTests - Going to instrument: io.micrometer.core.instrument.config.validate.ValidationException
05:45:41.854 [main] INFO org.evosuite.runtime.instrumentation.MethodCallReplacementClassAdapter - Adding mock interface to class io/micrometer/core/instrument/config/validate/ValidationException
05:45:41.855 [main] INFO org.evosuite.runtime.instrumentation.CreateClassResetClassAdapter - Creating brand-new static initializer in class io/micrometer/core/instrument/config/validate/ValidationException
05:45:41.856 [main] DEBUG org.evosuite.runtime.agent.TransformerForTests - Going to instrument: org.yaml.snakeyaml.constructor.SafeConstructor$ConstructYamlOmap
05:45:41.856 [main] INFO org.evosuite.runtime.instrumentation.MethodCallReplacementClassAdapter - Adding mock interface to class org/yaml/snakeyaml/constructor/SafeConstructor$ConstructYamlOmap
05:45:41.856 [main] INFO org.evosuite.runtime.instrumentation.CreateClassResetClassAdapter - Creating brand-new static initializer in class org/yaml/snakeyaml/constructor/SafeConstructor$ConstructYamlOmap
05:45:41.856 [main] DEBUG org.evosuite.runtime.agent.TransformerForTests - Going to instrument: org.springframework.boot.context.properties.bind.BindConverter$CompositeConversionService
05:45:41.856 [main] INFO org.evosuite.runtime.instrumentation.MethodCallReplacementClassAdapter - Adding mock interface to class org/springframework/boot/context/properties/bind/BindConverter$CompositeConversionService
05:45:41.857 [main] INFO org.evosuite.runtime.instrumentation.CreateClassResetClassAdapter - Creating brand-new static initializer in class org/springframework/boot/context/properties/bind/BindConverter$CompositeConversionService
05:45:41.858 [main] DEBUG org.evosuite.runtime.agent.TransformerForTests - Going to instrument: org.springframework.boot.actuate.autoconfigure.endpoint.condition.OnAvailableEndpointCondition
05:45:41.858 [main] INFO org.evosuite.runtime.instrumentation.MethodCallReplacementClassAdapter - Adding mock interface to class org/springframework/boot/actuate/autoconfigure/endpoint/condition/OnAvailableEndpointCondition
05:45:41.859 [main] INFO org.evosuite.runtime.instrumentation.CreateClassResetClassAdapter - Found static initializer in class org/springframework/boot/actuate/autoconfigure/endpoint/condition/OnAvailableEndpointCondition
05:45:41.859 [main] DEBUG org.evosuite.runtime.agent.TransformerForTests - Going to instrument: org.springframework.boot.actuate.autoconfigure.endpoint.condition.AbstractEndpointCondition
05:45:41.859 [main] INFO org.evosuite.runtime.instrumentation.MethodCallReplacementClassAdapter - Adding mock interface to class org/springframework/boot/actuate/autoconfigure/endpoint/condition/AbstractEndpointCondition
05:45:41.860 [main] INFO org.evosuite.runtime.instrumentation.CreateClassResetClassAdapter - Found static initializer in class org/springframework/boot/actuate/autoconfigure/endpoint/condition/AbstractEndpointCondition
05:45:41.861 [main] DEBUG org.evosuite.runtime.agent.TransformerForTests - Going to instrument: org.springframework.beans.BeanMetadataAttribute
05:45:41.861 [main] INFO org.evosuite.runtime.instrumentation.MethodCallReplacementClassAdapter - Adding mock interface to class org/springframework/beans/BeanMetadataAttribute
05:45:41.861 [main] INFO org.evosuite.runtime.instrumentation.CreateClassResetClassAdapter - Creating brand-new static initializer in class org/springframework/beans/BeanMetadataAttribute
05:45:41.861 [main] DEBUG org.evosuite.runtime.agent.TransformerForTests - Going to instrument: org.springframework.boot.autoconfigure.AutoConfigureAfter
05:45:41.862 [main] DEBUG org.evosuite.runtime.agent.TransformerForTests - Going to instrument: org.springframework.data.web.PageableHandlerMethodArgumentResolver
05:45:41.862 [main] INFO org.evosuite.runtime.instrumentation.MethodCallReplacementClassAdapter - Adding mock interface to class org/springframework/data/web/PageableHandlerMethodArgumentResolver
05:45:41.863 [main] INFO org.evosuite.runtime.instrumentation.CreateClassResetClassAdapter - Found static initializer in class org/springframework/data/web/PageableHandlerMethodArgumentResolver
05:45:41.863 [main] DEBUG org.evosuite.runtime.agent.TransformerForTests - Going to instrument: org.springframework.data.web.PageableArgumentResolver
05:45:41.864 [main] DEBUG org.evosuite.runtime.agent.TransformerForTests - Going to instrument: org.springframework.data.web.SortArgumentResolver
05:45:41.864 [main] DEBUG org.evosuite.runtime.agent.TransformerForTests - Going to instrument: org.springframework.data.web.SortHandlerMethodArgumentResolver
05:45:41.864 [main] INFO org.evosuite.runtime.instrumentation.MethodCallReplacementClassAdapter - Adding mock interface to class org/springframework/data/web/SortHandlerMethodArgumentResolver
05:45:41.865 [main] INFO org.evosuite.runtime.instrumentation.CreateClassResetClassAdapter - Creating brand-new static initializer in class org/springframework/data/web/SortHandlerMethodArgumentResolver
05:45:41.865 [main] DEBUG org.evosuite.runtime.agent.TransformerForTests - Going to instrument: org.springframework.data.web.SortHandlerMethodArgumentResolverSupport
05:45:41.865 [main] INFO org.evosuite.runtime.instrumentation.MethodCallReplacementClassAdapter - Adding mock interface to class org/springframework/data/web/SortHandlerMethodArgumentResolverSupport
05:45:41.866 [main] INFO org.evosuite.runtime.instrumentation.CreateClassResetClassAdapter - Found static initializer in class org/springframework/data/web/SortHandlerMethodArgumentResolverSupport
05:45:41.867 [main] DEBUG org.evosuite.runtime.agent.TransformerForTests - Going to instrument: org.springframework.data.web.SortDefault$SortDefaults
05:45:41.868 [main] DEBUG org.evosuite.runtime.agent.TransformerForTests - Going to instrument: org.springframework.data.web.SortDefault
05:45:41.868 [main] DEBUG org.evosuite.runtime.agent.TransformerForTests - Going to instrument: org.springframework.boot.autoconfigure.jdbc.HikariDriverConfigurationFailureAnalyzer
05:45:41.868 [main] INFO org.evosuite.runtime.instrumentation.MethodCallReplacementClassAdapter - Adding mock interface to class org/springframework/boot/autoconfigure/jdbc/HikariDriverConfigurationFailureAnalyzer
05:45:41.868 [main] INFO org.evosuite.runtime.instrumentation.CreateClassResetClassAdapter - Creating brand-new static initializer in class org/springframework/boot/autoconfigure/jdbc/HikariDriverConfigurationFailureAnalyzer
05:45:41.868 [main] INFO org.evosuite.runtime.instrumentation.CreateClassResetClassAdapter - Adding bytecode for initializing field EXPECTED_MESSAGE
05:45:41.869 [main] DEBUG org.evosuite.runtime.agent.TransformerForTests - Going to instrument: org.springframework.cache.CacheManager
05:45:41.869 [main] DEBUG org.evosuite.runtime.agent.TransformerForTests - Going to instrument: org.springframework.stereotype.Indexed
05:45:41.869 [main] DEBUG org.evosuite.runtime.agent.TransformerForTests - Going to instrument: org.springframework.boot.context.properties.bind.BindHandler
05:45:41.870 [main] DEBUG org.evosuite.runtime.agent.TransformerForTests - Going to instrument: org.springframework.boot.context.properties.bind.BindHandler$1
05:45:41.870 [main] INFO org.evosuite.runtime.instrumentation.MethodCallReplacementClassAdapter - Adding mock interface to class org/springframework/boot/context/properties/bind/BindHandler$1
05:45:41.870 [main] DEBUG org.evosuite.runtime.agent.TransformerForTests - Going to instrument: org.springframework.format.support.FormattingConversionService$AnnotationParserConverter
05:45:41.870 [main] INFO org.evosuite.runtime.instrumentation.MethodCallReplacementClassAdapter - Adding mock interface to class org/springframework/format/support/FormattingConversionService$AnnotationParserConverter
05:45:41.871 [main] INFO org.evosuite.runtime.instrumentation.CreateClassResetClassAdapter - Creating brand-new static initializer in class org/springframework/format/support/FormattingConversionService$AnnotationParserConverter
05:45:41.872 [main] DEBUG org.evosuite.runtime.agent.TransformerForTests - Going to instrument: org.springframework.beans.factory.annotation.AnnotatedGenericBeanDefinition
05:45:41.872 [main] INFO org.evosuite.runtime.instrumentation.MethodCallReplacementClassAdapter - Adding mock interface to class org/springframework/beans/factory/annotation/AnnotatedGenericBeanDefinition
05:45:41.873 [main] INFO org.evosuite.runtime.instrumentation.CreateClassResetClassAdapter - Creating brand-new static initializer in class org/springframework/beans/factory/annotation/AnnotatedGenericBeanDefinition
05:45:41.874 [main] DEBUG org.evosuite.runtime.agent.TransformerForTests - Going to instrument: org.springframework.boot.convert.StringToPeriodConverter
05:45:41.874 [main] INFO org.evosuite.runtime.instrumentation.MethodCallReplacementClassAdapter - Adding mock interface to class org/springframework/boot/convert/StringToPeriodConverter
05:45:41.874 [main] INFO org.evosuite.runtime.instrumentation.CreateClassResetClassAdapter - Creating brand-new static initializer in class org/springframework/boot/convert/StringToPeriodConverter
05:45:41.875 [main] DEBUG org.evosuite.runtime.agent.TransformerForTests - Going to instrument: org.yaml.snakeyaml.constructor.SafeConstructor$ConstructYamlMap
05:45:41.875 [main] INFO org.evosuite.runtime.instrumentation.MethodCallReplacementClassAdapter - Adding mock interface to class org/yaml/snakeyaml/constructor/SafeConstructor$ConstructYamlMap
05:45:41.875 [main] INFO org.evosuite.runtime.instrumentation.CreateClassResetClassAdapter - Creating brand-new static initializer in class org/yaml/snakeyaml/constructor/SafeConstructor$ConstructYamlMap
05:45:41.875 [main] DEBUG org.evosuite.runtime.agent.TransformerForTests - Going to instrument: org.springframework.expression.spel.support.StandardTypeLocator
05:45:41.875 [main] INFO org.evosuite.runtime.instrumentation.MethodCallReplacementClassAdapter - Adding mock interface to class org/springframework/expression/spel/support/StandardTypeLocator
05:45:41.876 [main] INFO org.evosuite.runtime.instrumentation.CreateClassResetClassAdapter - Creating brand-new static initializer in class org/springframework/expression/spel/support/StandardTypeLocator
05:45:41.876 [main] DEBUG org.evosuite.runtime.agent.TransformerForTests - Going to instrument: org.springframework.core.DecoratingProxy
05:45:41.877 [main] DEBUG org.evosuite.runtime.agent.TransformerForTests - Going to instrument: org.springframework.format.datetime.standard.PeriodFormatter
05:45:41.877 [main] INFO org.evosuite.runtime.instrumentation.MethodCallReplacementClassAdapter - Adding mock interface to class org/springframework/format/datetime/standard/PeriodFormatter
05:45:41.877 [main] INFO org.evosuite.runtime.instrumentation.CreateClassResetClassAdapter - Creating brand-new static initializer in class org/springframework/format/datetime/standard/PeriodFormatter
05:45:41.877 [main] DEBUG org.evosuite.runtime.agent.TransformerForTests - Going to instrument: org.springframework.boot.env.RandomValuePropertySource
05:45:41.877 [main] INFO org.evosuite.runtime.instrumentation.MethodCallReplacementClassAdapter - Adding mock interface to class org/springframework/boot/env/RandomValuePropertySource
05:45:41.878 [main] INFO org.evosuite.runtime.instrumentation.CreateClassResetClassAdapter - Found static initializer in class org/springframework/boot/env/RandomValuePropertySource
05:45:41.879 [main] DEBUG org.evosuite.runtime.agent.TransformerForTests - Going to instrument: org.springframework.context.annotation.ComponentScanAnnotationParser$2
05:45:41.879 [main] INFO org.evosuite.runtime.instrumentation.MethodCallReplacementClassAdapter - Adding mock interface to class org/springframework/context/annotation/ComponentScanAnnotationParser$2
05:45:41.879 [main] DEBUG org.evosuite.runtime.agent.TransformerForTests - Going to instrument: org.springframework.context.annotation.ComponentScanAnnotationParser$1
05:45:41.879 [main] INFO org.evosuite.runtime.instrumentation.MethodCallReplacementClassAdapter - Adding mock interface to class org/springframework/context/annotation/ComponentScanAnnotationParser$1
05:45:41.880 [main] DEBUG org.evosuite.runtime.agent.TransformerForTests - Going to instrument: org.springframework.expression.spel.support.ReflectivePropertyAccessor
05:45:41.881 [main] INFO org.evosuite.runtime.instrumentation.MethodCallReplacementClassAdapter - Adding mock interface to class org/springframework/expression/spel/support/ReflectivePropertyAccessor
05:45:41.883 [main] INFO org.evosuite.runtime.instrumentation.CreateClassResetClassAdapter - Found static initializer in class org/springframework/expression/spel/support/ReflectivePropertyAccessor
05:45:41.884 [main] DEBUG org.evosuite.runtime.agent.TransformerForTests - Going to instrument: org.springframework.boot.context.event.ApplicationPreparedEvent
05:45:41.884 [main] INFO org.evosuite.runtime.instrumentation.MethodCallReplacementClassAdapter - Adding mock interface to class org/springframework/boot/context/event/ApplicationPreparedEvent
05:45:41.884 [main] INFO org.evosuite.runtime.instrumentation.CreateClassResetClassAdapter - Creating brand-new static initializer in class org/springframework/boot/context/event/ApplicationPreparedEvent
05:45:41.885 [main] DEBUG org.evosuite.runtime.agent.TransformerForTests - Going to instrument: org.yaml.snakeyaml.DumperOptions$FlowStyle
05:45:41.885 [main] INFO org.evosuite.runtime.instrumentation.MethodCallReplacementClassAdapter - Adding mock interface to class org/yaml/snakeyaml/DumperOptions$FlowStyle
05:45:41.885 [main] INFO org.evosuite.runtime.instrumentation.CreateClassResetClassAdapter - Found static initializer in class org/yaml/snakeyaml/DumperOptions$FlowStyle
05:45:41.886 [main] DEBUG org.evosuite.runtime.agent.TransformerForTests - Going to instrument: org.springframework.context.annotation.ComponentScan$Filter
05:45:41.886 [main] DEBUG org.evosuite.runtime.agent.TransformerForTests - Going to instrument: org.springframework.format.datetime.standard.DateTimeConverters
05:45:41.886 [main] INFO org.evosuite.runtime.instrumentation.MethodCallReplacementClassAdapter - Adding mock interface to class org/springframework/format/datetime/standard/DateTimeConverters
05:45:41.886 [main] INFO org.evosuite.runtime.instrumentation.CreateClassResetClassAdapter - Creating brand-new static initializer in class org/springframework/format/datetime/standard/DateTimeConverters
05:45:41.887 [main] DEBUG org.evosuite.runtime.agent.TransformerForTests - Going to instrument: org.yaml.snakeyaml.constructor.SafeConstructor$ConstructYamlBinary
05:45:41.887 [main] INFO org.evosuite.runtime.instrumentation.MethodCallReplacementClassAdapter - Adding mock interface to class org/yaml/snakeyaml/constructor/SafeConstructor$ConstructYamlBinary
05:45:41.887 [main] INFO org.evosuite.runtime.instrumentation.CreateClassResetClassAdapter - Creating brand-new static initializer in class org/yaml/snakeyaml/constructor/SafeConstructor$ConstructYamlBinary
05:45:41.887 [main] DEBUG org.evosuite.runtime.agent.TransformerForTests - Going to instrument: org.springframework.core.annotation.AttributeMethods
05:45:41.887 [main] INFO org.evosuite.runtime.instrumentation.MethodCallReplacementClassAdapter - Adding mock interface to class org/springframework/core/annotation/AttributeMethods
05:45:41.888 [main] INFO org.evosuite.runtime.instrumentation.CreateClassResetClassAdapter - Found static initializer in class org/springframework/core/annotation/AttributeMethods
05:45:41.891 [main] DEBUG org.evosuite.runtime.agent.TransformerForTests - Going to instrument: org.springframework.web.client.RestTemplate
05:45:41.891 [main] INFO org.evosuite.runtime.instrumentation.MethodCallReplacementClassAdapter - Adding mock interface to class org/springframework/web/client/RestTemplate
05:45:41.893 [main] INFO org.evosuite.runtime.instrumentation.CreateClassResetClassAdapter - Found static initializer in class org/springframework/web/client/RestTemplate
05:45:41.894 [main] DEBUG org.evosuite.runtime.agent.TransformerForTests - Going to instrument: org.springframework.web.client.RestOperations
05:45:41.895 [main] DEBUG org.evosuite.runtime.agent.TransformerForTests - Going to instrument: org.springframework.web.client.ResponseErrorHandler
05:45:41.895 [main] DEBUG org.evosuite.runtime.agent.TransformerForTests - Going to instrument: org.springframework.web.client.ResponseExtractor
05:45:41.895 [main] DEBUG org.evosuite.runtime.agent.TransformerForTests - Going to instrument: org.springframework.web.util.UriTemplateHandler
05:45:41.896 [main] DEBUG org.evosuite.runtime.agent.TransformerForTests - Going to instrument: org.springframework.web.client.RequestCallback
05:45:41.896 [main] DEBUG org.evosuite.runtime.agent.TransformerForTests - Going to instrument: org.springframework.web.client.ResourceAccessException
05:45:41.896 [main] INFO org.evosuite.runtime.instrumentation.MethodCallReplacementClassAdapter - Adding mock interface to class org/springframework/web/client/ResourceAccessException
05:45:41.896 [main] INFO org.evosuite.runtime.instrumentation.CreateClassResetClassAdapter - Creating brand-new static initializer in class org/springframework/web/client/ResourceAccessException
05:45:41.896 [main] DEBUG org.evosuite.runtime.agent.TransformerForTests - Going to instrument: org.springframework.web.client.RestClientException
05:45:41.896 [main] INFO org.evosuite.runtime.instrumentation.MethodCallReplacementClassAdapter - Adding mock interface to class org/springframework/web/client/RestClientException
05:45:41.896 [main] INFO org.evosuite.runtime.instrumentation.CreateClassResetClassAdapter - Creating brand-new static initializer in class org/springframework/web/client/RestClientException
05:45:41.900 [main] DEBUG org.evosuite.runtime.agent.TransformerForTests - Going to instrument: com.fasterxml.jackson.databind.ObjectMapper
05:45:41.900 [main] INFO org.evosuite.runtime.instrumentation.MethodCallReplacementClassAdapter - Adding mock interface to class com/fasterxml/jackson/databind/ObjectMapper
05:45:41.907 [main] INFO org.evosuite.runtime.instrumentation.CreateClassResetClassAdapter - Found static initializer in class com/fasterxml/jackson/databind/ObjectMapper
05:45:41.910 [main] DEBUG org.evosuite.runtime.agent.TransformerForTests - Going to instrument: com.fasterxml.jackson.core.ObjectCodec
05:45:41.910 [main] INFO org.evosuite.runtime.instrumentation.MethodCallReplacementClassAdapter - Adding mock interface to class com/fasterxml/jackson/core/ObjectCodec
05:45:41.910 [main] INFO org.evosuite.runtime.instrumentation.CreateClassResetClassAdapter - Creating brand-new static initializer in class com/fasterxml/jackson/core/ObjectCodec
05:45:41.912 [main] DEBUG org.evosuite.runtime.agent.TransformerForTests - Going to instrument: com.fasterxml.jackson.core.JsonGenerator
05:45:41.912 [main] INFO org.evosuite.runtime.instrumentation.MethodCallReplacementClassAdapter - Adding mock interface to class com/fasterxml/jackson/core/JsonGenerator
05:45:41.914 [main] INFO org.evosuite.runtime.instrumentation.CreateClassResetClassAdapter - Creating brand-new static initializer in class com/fasterxml/jackson/core/JsonGenerator
05:45:41.915 [main] DEBUG org.evosuite.runtime.agent.TransformerForTests - Going to instrument: org.springframework.boot.web.servlet.context.ServletWebServerApplicationContext$ExistingWebApplicationScopes
05:45:41.915 [main] INFO org.evosuite.runtime.instrumentation.MethodCallReplacementClassAdapter - Adding mock interface to class org/springframework/boot/web/servlet/context/ServletWebServerApplicationContext$ExistingWebApplicationScopes
05:45:41.916 [main] INFO org.evosuite.runtime.instrumentation.CreateClassResetClassAdapter - Found static initializer in class org/springframework/boot/web/servlet/context/ServletWebServerApplicationContext$ExistingWebApplicationScopes
05:45:41.916 [main] DEBUG org.evosuite.runtime.agent.TransformerForTests - Going to instrument: org.springframework.asm.Context
05:45:41.916 [main] INFO org.evosuite.runtime.instrumentation.MethodCallReplacementClassAdapter - Adding mock interface to class org/springframework/asm/Context
05:45:41.916 [main] INFO org.evosuite.runtime.instrumentation.CreateClassResetClassAdapter - Creating brand-new static initializer in class org/springframework/asm/Context
05:45:41.917 [main] DEBUG org.evosuite.runtime.agent.TransformerForTests - Going to instrument: org.springframework.format.datetime.standard.DateTimeConverters$OffsetDateTimeToZonedDateTimeConverter
05:45:41.917 [main] INFO org.evosuite.runtime.instrumentation.MethodCallReplacementClassAdapter - Adding mock interface to class org/springframework/format/datetime/standard/DateTimeConverters$OffsetDateTimeToZonedDateTimeConverter
05:45:41.917 [main] INFO org.evosuite.runtime.instrumentation.CreateClassResetClassAdapter - Creating brand-new static initializer in class org/springframework/format/datetime/standard/DateTimeConverters$OffsetDateTimeToZonedDateTimeConverter
05:45:41.917 [main] DEBUG org.evosuite.runtime.agent.TransformerForTests - Going to instrument: org.springframework.boot.diagnostics.analyzer.ValidationExceptionFailureAnalyzer
05:45:41.917 [main] INFO org.evosuite.runtime.instrumentation.MethodCallReplacementClassAdapter - Adding mock interface to class org/springframework/boot/diagnostics/analyzer/ValidationExceptionFailureAnalyzer
05:45:41.917 [main] INFO org.evosuite.runtime.instrumentation.CreateClassResetClassAdapter - Creating brand-new static initializer in class org/springframework/boot/diagnostics/analyzer/ValidationExceptionFailureAnalyzer
05:45:41.917 [main] INFO org.evosuite.runtime.instrumentation.CreateClassResetClassAdapter - Adding bytecode for initializing field JAVAX_MISSING_IMPLEMENTATION_MESSAGE
05:45:41.917 [main] INFO org.evosuite.runtime.instrumentation.CreateClassResetClassAdapter - Adding bytecode for initializing field JAKARTA_MISSING_IMPLEMENTATION_MESSAGE
05:45:41.918 [main] ERROR org.evosuite.runtime.classhandling.ClassStateSupport - Could not initialize org.springframework.boot.diagnostics.analyzer.ValidationExceptionFailureAnalyzer: javax/validation/ValidationException
05:45:41.919 [main] DEBUG org.evosuite.runtime.agent.TransformerForTests - Going to instrument: org.springframework.core.type.classreading.SimpleMethodMetadata
05:45:41.919 [main] INFO org.evosuite.runtime.instrumentation.MethodCallReplacementClassAdapter - Adding mock interface to class org/springframework/core/type/classreading/SimpleMethodMetadata
05:45:41.919 [main] INFO org.evosuite.runtime.instrumentation.CreateClassResetClassAdapter - Creating brand-new static initializer in class org/springframework/core/type/classreading/SimpleMethodMetadata
05:45:41.919 [main] DEBUG org.evosuite.runtime.agent.TransformerForTests - Going to instrument: org.springframework.core.type.MethodMetadata
05:45:41.920 [main] DEBUG org.evosuite.runtime.agent.TransformerForTests - Going to instrument: org.springframework.core.LocalVariableTableParameterNameDiscoverer
05:45:41.920 [main] INFO org.evosuite.runtime.instrumentation.MethodCallReplacementClassAdapter - Adding mock interface to class org/springframework/core/LocalVariableTableParameterNameDiscoverer
05:45:41.920 [main] INFO org.evosuite.runtime.instrumentation.CreateClassResetClassAdapter - Found static initializer in class org/springframework/core/LocalVariableTableParameterNameDiscoverer
05:45:41.921 [main] DEBUG org.evosuite.runtime.agent.TransformerForTests - Going to instrument: org.springframework.core.LocalVariableTableParameterNameDiscoverer$ParameterNameDiscoveringVisitor
05:45:41.921 [main] INFO org.evosuite.runtime.instrumentation.MethodCallReplacementClassAdapter - Adding mock interface to class org/springframework/core/LocalVariableTableParameterNameDiscoverer$ParameterNameDiscoveringVisitor
05:45:41.921 [main] INFO org.evosuite.runtime.instrumentation.CreateClassResetClassAdapter - Creating brand-new static initializer in class org/springframework/core/LocalVariableTableParameterNameDiscoverer$ParameterNameDiscoveringVisitor
05:45:41.921 [main] INFO org.evosuite.runtime.instrumentation.CreateClassResetClassAdapter - Adding bytecode for initializing field STATIC_CLASS_INIT
05:45:41.922 [main] DEBUG org.evosuite.runtime.agent.TransformerForTests - Going to instrument: org.yaml.snakeyaml.representer.SafeRepresenter$RepresentEnum
05:45:41.922 [main] INFO org.evosuite.runtime.instrumentation.MethodCallReplacementClassAdapter - Adding mock interface to class org/yaml/snakeyaml/representer/SafeRepresenter$RepresentEnum
05:45:41.922 [main] INFO org.evosuite.runtime.instrumentation.CreateClassResetClassAdapter - Creating brand-new static initializer in class org/yaml/snakeyaml/representer/SafeRepresenter$RepresentEnum
05:45:41.922 [main] DEBUG org.evosuite.runtime.agent.TransformerForTests - Going to instrument: org.springframework.boot.context.properties.bind.JavaBeanBinder$Bean
05:45:41.922 [main] INFO org.evosuite.runtime.instrumentation.MethodCallReplacementClassAdapter - Adding mock interface to class org/springframework/boot/context/properties/bind/JavaBeanBinder$Bean
05:45:41.923 [main] INFO org.evosuite.runtime.instrumentation.CreateClassResetClassAdapter - Creating brand-new static initializer in class org/springframework/boot/context/properties/bind/JavaBeanBinder$Bean
05:45:41.923 [main] INFO org.evosuite.runtime.instrumentation.CreateClassResetClassAdapter - Adding bytecode for initializing field cached
05:45:41.924 [main] DEBUG org.evosuite.runtime.agent.TransformerForTests - Going to instrument: org.springframework.core.type.classreading.MergedAnnotationReadingVisitor
05:45:41.924 [main] INFO org.evosuite.runtime.instrumentation.MethodCallReplacementClassAdapter - Adding mock interface to class org/springframework/core/type/classreading/MergedAnnotationReadingVisitor
05:45:41.924 [main] INFO org.evosuite.runtime.instrumentation.CreateClassResetClassAdapter - Creating brand-new static initializer in class org/springframework/core/type/classreading/MergedAnnotationReadingVisitor
05:45:41.926 [main] DEBUG org.evosuite.runtime.agent.TransformerForTests - Going to instrument: org.springframework.asm.MethodWriter
05:45:41.927 [main] INFO org.evosuite.runtime.instrumentation.MethodCallReplacementClassAdapter - Adding mock interface to class org/springframework/asm/MethodWriter
05:45:41.929 [main] INFO org.evosuite.runtime.instrumentation.CreateClassResetClassAdapter - Found static initializer in class org/springframework/asm/MethodWriter
05:45:41.931 [main] DEBUG org.evosuite.runtime.agent.TransformerForTests - Going to instrument: org.springframework.asm.Frame
05:45:41.932 [main] INFO org.evosuite.runtime.instrumentation.MethodCallReplacementClassAdapter - Adding mock interface to class org/springframework/asm/Frame
05:45:41.933 [main] INFO org.evosuite.runtime.instrumentation.CreateClassResetClassAdapter - Creating brand-new static initializer in class org/springframework/asm/Frame
05:45:41.933 [main] INFO org.evosuite.runtime.instrumentation.CreateClassResetClassAdapter - Adding bytecode for initializing field SAME_FRAME
05:45:41.933 [main] INFO org.evosuite.runtime.instrumentation.CreateClassResetClassAdapter - Adding bytecode for initializing field SAME_LOCALS_1_STACK_ITEM_FRAME
05:45:41.933 [main] INFO org.evosuite.runtime.instrumentation.CreateClassResetClassAdapter - Adding bytecode for initializing field RESERVED
05:45:41.933 [main] INFO org.evosuite.runtime.instrumentation.CreateClassResetClassAdapter - Adding bytecode for initializing field SAME_LOCALS_1_STACK_ITEM_FRAME_EXTENDED
05:45:41.933 [main] INFO org.evosuite.runtime.instrumentation.CreateClassResetClassAdapter - Adding bytecode for initializing field CHOP_FRAME
05:45:41.933 [main] INFO org.evosuite.runtime.instrumentation.CreateClassResetClassAdapter - Adding bytecode for initializing field SAME_FRAME_EXTENDED
05:45:41.933 [main] INFO org.evosuite.runtime.instrumentation.CreateClassResetClassAdapter - Adding bytecode for initializing field APPEND_FRAME
05:45:41.933 [main] INFO org.evosuite.runtime.instrumentation.CreateClassResetClassAdapter - Adding bytecode for initializing field FULL_FRAME
05:45:41.933 [main] INFO org.evosuite.runtime.instrumentation.CreateClassResetClassAdapter - Adding bytecode for initializing field ITEM_TOP
05:45:41.933 [main] INFO org.evosuite.runtime.instrumentation.CreateClassResetClassAdapter - Adding bytecode for initializing field ITEM_INTEGER
05:45:41.933 [main] INFO org.evosuite.runtime.instrumentation.CreateClassResetClassAdapter - Adding bytecode for initializing field ITEM_FLOAT
05:45:41.933 [main] INFO org.evosuite.runtime.instrumentation.CreateClassResetClassAdapter - Adding bytecode for initializing field ITEM_DOUBLE
05:45:41.933 [main] INFO org.evosuite.runtime.instrumentation.CreateClassResetClassAdapter - Adding bytecode for initializing field ITEM_LONG
05:45:41.933 [main] INFO org.evosuite.runtime.instrumentation.CreateClassResetClassAdapter - Adding bytecode for initializing field ITEM_NULL
05:45:41.933 [main] INFO org.evosuite.runtime.instrumentation.CreateClassResetClassAdapter - Adding bytecode for initializing field ITEM_UNINITIALIZED_THIS
05:45:41.933 [main] INFO org.evosuite.runtime.instrumentation.CreateClassResetClassAdapter - Adding bytecode for initializing field ITEM_OBJECT
05:45:41.933 [main] INFO org.evosuite.runtime.instrumentation.CreateClassResetClassAdapter - Adding bytecode for initializing field ITEM_UNINITIALIZED
05:45:41.933 [main] INFO org.evosuite.runtime.instrumentation.CreateClassResetClassAdapter - Adding bytecode for initializing field ITEM_ASM_BOOLEAN
05:45:41.933 [main] INFO org.evosuite.runtime.instrumentation.CreateClassResetClassAdapter - Adding bytecode for initializing field ITEM_ASM_BYTE
05:45:41.933 [main] INFO org.evosuite.runtime.instrumentation.CreateClassResetClassAdapter - Adding bytecode for initializing field ITEM_ASM_CHAR
05:45:41.933 [main] INFO org.evosuite.runtime.instrumentation.CreateClassResetClassAdapter - Adding bytecode for initializing field ITEM_ASM_SHORT
05:45:41.933 [main] INFO org.evosuite.runtime.instrumentation.CreateClassResetClassAdapter - Adding bytecode for initializing field DIM_SIZE
05:45:41.933 [main] INFO org.evosuite.runtime.instrumentation.CreateClassResetClassAdapter - Adding bytecode for initializing field KIND_SIZE
05:45:41.933 [main] INFO org.evosuite.runtime.instrumentation.CreateClassResetClassAdapter - Adding bytecode for initializing field FLAGS_SIZE
05:45:41.933 [main] INFO org.evosuite.runtime.instrumentation.CreateClassResetClassAdapter - Adding bytecode for initializing field VALUE_SIZE
05:45:41.933 [main] INFO org.evosuite.runtime.instrumentation.CreateClassResetClassAdapter - Adding bytecode for initializing field DIM_SHIFT
05:45:41.933 [main] INFO org.evosuite.runtime.instrumentation.CreateClassResetClassAdapter - Adding bytecode for initializing field KIND_SHIFT
05:45:41.933 [main] INFO org.evosuite.runtime.instrumentation.CreateClassResetClassAdapter - Adding bytecode for initializing field FLAGS_SHIFT
05:45:41.933 [main] INFO org.evosuite.runtime.instrumentation.CreateClassResetClassAdapter - Adding bytecode for initializing field DIM_MASK
05:45:41.933 [main] INFO org.evosuite.runtime.instrumentation.CreateClassResetClassAdapter - Adding bytecode for initializing field KIND_MASK
05:45:41.933 [main] INFO org.evosuite.runtime.instrumentation.CreateClassResetClassAdapter - Adding bytecode for initializing field VALUE_MASK
05:45:41.933 [main] INFO org.evosuite.runtime.instrumentation.CreateClassResetClassAdapter - Adding bytecode for initializing field ARRAY_OF
05:45:41.933 [main] INFO org.evosuite.runtime.instrumentation.CreateClassResetClassAdapter - Adding bytecode for initializing field ELEMENT_OF
05:45:41.933 [main] INFO org.evosuite.runtime.instrumentation.CreateClassResetClassAdapter - Adding bytecode for initializing field CONSTANT_KIND
05:45:41.933 [main] INFO org.evosuite.runtime.instrumentation.CreateClassResetClassAdapter - Adding bytecode for initializing field REFERENCE_KIND
05:45:41.933 [main] INFO org.evosuite.runtime.instrumentation.CreateClassResetClassAdapter - Adding bytecode for initializing field UNINITIALIZED_KIND
05:45:41.933 [main] INFO org.evosuite.runtime.instrumentation.CreateClassResetClassAdapter - Adding bytecode for initializing field LOCAL_KIND
05:45:41.933 [main] INFO org.evosuite.runtime.instrumentation.CreateClassResetClassAdapter - Adding bytecode for initializing field STACK_KIND
05:45:41.933 [main] INFO org.evosuite.runtime.instrumentation.CreateClassResetClassAdapter - Adding bytecode for initializing field TOP_IF_LONG_OR_DOUBLE_FLAG
05:45:41.934 [main] INFO org.evosuite.runtime.instrumentation.CreateClassResetClassAdapter - Adding bytecode for initializing field TOP
05:45:41.934 [main] INFO org.evosuite.runtime.instrumentation.CreateClassResetClassAdapter - Adding bytecode for initializing field BOOLEAN
05:45:41.934 [main] INFO org.evosuite.runtime.instrumentation.CreateClassResetClassAdapter - Adding bytecode for initializing field BYTE
05:45:41.934 [main] INFO org.evosuite.runtime.instrumentation.CreateClassResetClassAdapter - Adding bytecode for initializing field CHAR
05:45:41.934 [main] INFO org.evosuite.runtime.instrumentation.CreateClassResetClassAdapter - Adding bytecode for initializing field SHORT
05:45:41.934 [main] INFO org.evosuite.runtime.instrumentation.CreateClassResetClassAdapter - Adding bytecode for initializing field INTEGER
05:45:41.934 [main] INFO org.evosuite.runtime.instrumentation.CreateClassResetClassAdapter - Adding bytecode for initializing field FLOAT
05:45:41.934 [main] INFO org.evosuite.runtime.instrumentation.CreateClassResetClassAdapter - Adding bytecode for initializing field LONG
05:45:41.934 [main] INFO org.evosuite.runtime.instrumentation.CreateClassResetClassAdapter - Adding bytecode for initializing field DOUBLE
05:45:41.934 [main] INFO org.evosuite.runtime.instrumentation.CreateClassResetClassAdapter - Adding bytecode for initializing field NULL
05:45:41.934 [main] INFO org.evosuite.runtime.instrumentation.CreateClassResetClassAdapter - Adding bytecode for initializing field UNINITIALIZED_THIS
05:45:41.934 [main] DEBUG org.evosuite.runtime.agent.TransformerForTests - Going to instrument: org.springframework.asm.CurrentFrame
05:45:41.934 [main] INFO org.evosuite.runtime.instrumentation.MethodCallReplacementClassAdapter - Adding mock interface to class org/springframework/asm/CurrentFrame
05:45:41.934 [main] INFO org.evosuite.runtime.instrumentation.CreateClassResetClassAdapter - Creating brand-new static initializer in class org/springframework/asm/CurrentFrame
05:45:41.935 [main] DEBUG org.evosuite.runtime.agent.TransformerForTests - Going to instrument: org.springframework.asm.AnnotationWriter
05:45:41.935 [main] INFO org.evosuite.runtime.instrumentation.MethodCallReplacementClassAdapter - Adding mock interface to class org/springframework/asm/AnnotationWriter
05:45:41.936 [main] INFO org.evosuite.runtime.instrumentation.CreateClassResetClassAdapter - Creating brand-new static initializer in class org/springframework/asm/AnnotationWriter
05:45:41.937 [main] DEBUG org.evosuite.runtime.agent.TransformerForTests - Going to instrument: org.springframework.asm.MethodTooLargeException
05:45:41.937 [main] INFO org.evosuite.runtime.instrumentation.MethodCallReplacementClassAdapter - Adding mock interface to class org/springframework/asm/MethodTooLargeException
05:45:41.937 [main] INFO org.evosuite.runtime.instrumentation.CreateClassResetClassAdapter - Creating brand-new static initializer in class org/springframework/asm/MethodTooLargeException
05:45:41.938 [main] DEBUG org.evosuite.runtime.agent.TransformerForTests - Going to instrument: org.springframework.boot.SpringApplication$1
05:45:41.938 [main] INFO org.evosuite.runtime.instrumentation.MethodCallReplacementClassAdapter - Adding mock interface to class org/springframework/boot/SpringApplication$1
05:45:41.939 [main] DEBUG org.evosuite.runtime.agent.TransformerForTests - Going to instrument: org.springframework.beans.BeanUtils
05:45:41.940 [main] INFO org.evosuite.runtime.instrumentation.MethodCallReplacementClassAdapter - Adding mock interface to class org/springframework/beans/BeanUtils
05:45:41.941 [main] INFO org.evosuite.runtime.instrumentation.CreateClassResetClassAdapter - Found static initializer in class org/springframework/beans/BeanUtils
05:45:41.943 [main] DEBUG org.evosuite.runtime.agent.TransformerForTests - Going to instrument: org.springframework.beans.BeanInstantiationException
05:45:41.943 [main] INFO org.evosuite.runtime.instrumentation.MethodCallReplacementClassAdapter - Adding mock interface to class org/springframework/beans/BeanInstantiationException
05:45:41.943 [main] INFO org.evosuite.runtime.instrumentation.CreateClassResetClassAdapter - Creating brand-new static initializer in class org/springframework/beans/BeanInstantiationException
05:45:41.944 [main] DEBUG org.evosuite.runtime.agent.TransformerForTests - Going to instrument: org.springframework.core.convert.support.GenericConversionService$ConverterAdapter
05:45:41.945 [main] INFO org.evosuite.runtime.instrumentation.MethodCallReplacementClassAdapter - Adding mock interface to class org/springframework/core/convert/support/GenericConversionService$ConverterAdapter
05:45:41.945 [main] INFO org.evosuite.runtime.instrumentation.CreateClassResetClassAdapter - Creating brand-new static initializer in class org/springframework/core/convert/support/GenericConversionService$ConverterAdapter
05:45:41.945 [main] DEBUG org.evosuite.runtime.agent.TransformerForTests - Going to instrument: org.springframework.core.convert.support.CharacterToNumberFactory
05:45:41.945 [main] INFO org.evosuite.runtime.instrumentation.MethodCallReplacementClassAdapter - Adding mock interface to class org/springframework/core/convert/support/CharacterToNumberFactory
05:45:41.946 [main] INFO org.evosuite.runtime.instrumentation.CreateClassResetClassAdapter - Creating brand-new static initializer in class org/springframework/core/convert/support/CharacterToNumberFactory
05:45:41.946 [main] DEBUG org.evosuite.runtime.agent.TransformerForTests - Going to instrument: org.springframework.boot.builder.ParentContextCloserApplicationListener
05:45:41.946 [main] INFO org.evosuite.runtime.instrumentation.MethodCallReplacementClassAdapter - Adding mock interface to class org/springframework/boot/builder/ParentContextCloserApplicationListener
05:45:41.946 [main] INFO org.evosuite.runtime.instrumentation.CreateClassResetClassAdapter - Creating brand-new static initializer in class org/springframework/boot/builder/ParentContextCloserApplicationListener
05:45:41.947 [main] DEBUG org.evosuite.runtime.agent.TransformerForTests - Going to instrument: org.springframework.web.context.support.WebApplicationContextUtils$SessionObjectFactory
05:45:41.947 [main] INFO org.evosuite.runtime.instrumentation.MethodCallReplacementClassAdapter - Adding mock interface to class org/springframework/web/context/support/WebApplicationContextUtils$SessionObjectFactory
05:45:41.947 [main] INFO org.evosuite.runtime.instrumentation.CreateClassResetClassAdapter - Creating brand-new static initializer in class org/springframework/web/context/support/WebApplicationContextUtils$SessionObjectFactory
05:45:41.947 [main] DEBUG org.evosuite.runtime.agent.TransformerForTests - Going to instrument: org.springframework.format.datetime.standard.DateTimeConverters$CalendarToZonedDateTimeConverter
05:45:41.947 [main] INFO org.evosuite.runtime.instrumentation.MethodCallReplacementClassAdapter - Adding mock interface to class org/springframework/format/datetime/standard/DateTimeConverters$CalendarToZonedDateTimeConverter
05:45:41.947 [main] INFO org.evosuite.runtime.instrumentation.CreateClassResetClassAdapter - Creating brand-new static initializer in class org/springframework/format/datetime/standard/DateTimeConverters$CalendarToZonedDateTimeConverter
05:45:41.948 [main] DEBUG org.evosuite.runtime.agent.TransformerForTests - Going to instrument: org.springframework.boot.context.properties.bind.MapBinder$EntryBinder
05:45:41.948 [main] INFO org.evosuite.runtime.instrumentation.MethodCallReplacementClassAdapter - Adding mock interface to class org/springframework/boot/context/properties/bind/MapBinder$EntryBinder
05:45:41.948 [main] INFO org.evosuite.runtime.instrumentation.CreateClassResetClassAdapter - Creating brand-new static initializer in class org/springframework/boot/context/properties/bind/MapBinder$EntryBinder
05:45:41.950 [main] DEBUG org.evosuite.runtime.agent.TransformerForTests - Going to instrument: org.springframework.beans.TypeConverterDelegate
05:45:41.950 [main] INFO org.evosuite.runtime.instrumentation.MethodCallReplacementClassAdapter - Adding mock interface to class org/springframework/beans/TypeConverterDelegate
05:45:41.954 [main] INFO org.evosuite.runtime.instrumentation.CreateClassResetClassAdapter - Found static initializer in class org/springframework/beans/TypeConverterDelegate
05:45:41.955 [main] DEBUG org.evosuite.runtime.agent.TransformerForTests - Going to instrument: org.springframework.boot.context.properties.bind.JavaBeanBinder
05:45:41.956 [main] INFO org.evosuite.runtime.instrumentation.MethodCallReplacementClassAdapter - Adding mock interface to class org/springframework/boot/context/properties/bind/JavaBeanBinder
05:45:41.956 [main] INFO org.evosuite.runtime.instrumentation.CreateClassResetClassAdapter - Found static initializer in class org/springframework/boot/context/properties/bind/JavaBeanBinder
05:45:41.957 [main] DEBUG org.evosuite.runtime.agent.TransformerForTests - Going to instrument: org.springframework.beans.factory.parsing.PassThroughSourceExtractor
05:45:41.957 [main] INFO org.evosuite.runtime.instrumentation.MethodCallReplacementClassAdapter - Adding mock interface to class org/springframework/beans/factory/parsing/PassThroughSourceExtractor
05:45:41.957 [main] INFO org.evosuite.runtime.instrumentation.CreateClassResetClassAdapter - Creating brand-new static initializer in class org/springframework/beans/factory/parsing/PassThroughSourceExtractor
05:45:41.958 [main] DEBUG org.evosuite.runtime.agent.TransformerForTests - Going to instrument: org.springframework.core.convert.support.StringToCollectionConverter
05:45:41.958 [main] INFO org.evosuite.runtime.instrumentation.MethodCallReplacementClassAdapter - Adding mock interface to class org/springframework/core/convert/support/StringToCollectionConverter
05:45:41.958 [main] INFO org.evosuite.runtime.instrumentation.CreateClassResetClassAdapter - Creating brand-new static initializer in class org/springframework/core/convert/support/StringToCollectionConverter
05:45:41.958 [main] DEBUG org.evosuite.runtime.agent.TransformerForTests - Going to instrument: org.springframework.beans.factory.config.BeanExpressionContext
05:45:41.958 [main] INFO org.evosuite.runtime.instrumentation.MethodCallReplacementClassAdapter - Adding mock interface to class org/springframework/beans/factory/config/BeanExpressionContext
05:45:41.959 [main] INFO org.evosuite.runtime.instrumentation.CreateClassResetClassAdapter - Creating brand-new static initializer in class org/springframework/beans/factory/config/BeanExpressionContext
05:45:41.959 [main] DEBUG org.evosuite.runtime.agent.TransformerForTests - Going to instrument: org.springframework.core.annotation.MissingMergedAnnotation
05:45:41.959 [main] INFO org.evosuite.runtime.instrumentation.MethodCallReplacementClassAdapter - Adding mock interface to class org/springframework/core/annotation/MissingMergedAnnotation
05:45:41.959 [main] INFO org.evosuite.runtime.instrumentation.CreateClassResetClassAdapter - Found static initializer in class org/springframework/core/annotation/MissingMergedAnnotation
05:45:41.960 [main] DEBUG org.evosuite.runtime.agent.TransformerForTests - Going to instrument: org.springframework.core.annotation.AbstractMergedAnnotation
05:45:41.960 [main] INFO org.evosuite.runtime.instrumentation.MethodCallReplacementClassAdapter - Adding mock interface to class org/springframework/core/annotation/AbstractMergedAnnotation
05:45:41.961 [main] INFO org.evosuite.runtime.instrumentation.CreateClassResetClassAdapter - Creating brand-new static initializer in class org/springframework/core/annotation/AbstractMergedAnnotation
05:45:41.962 [main] DEBUG org.evosuite.runtime.agent.TransformerForTests - Going to instrument: org.springframework.asm.Attribute
05:45:41.962 [main] INFO org.evosuite.runtime.instrumentation.MethodCallReplacementClassAdapter - Adding mock interface to class org/springframework/asm/Attribute
05:45:41.962 [main] INFO org.evosuite.runtime.instrumentation.CreateClassResetClassAdapter - Creating brand-new static initializer in class org/springframework/asm/Attribute
05:45:41.963 [main] DEBUG org.evosuite.runtime.agent.TransformerForTests - Going to instrument: org.springframework.http.server.reactive.HttpHandler
05:45:41.963 [main] DEBUG org.evosuite.runtime.agent.TransformerForTests - Going to instrument: org.springframework.http.ReactiveHttpInputMessage
05:45:41.964 [main] DEBUG org.evosuite.runtime.agent.TransformerForTests - Going to instrument: org.springframework.core.annotation.MergedAnnotations$SearchStrategy
05:45:41.964 [main] INFO org.evosuite.runtime.instrumentation.MethodCallReplacementClassAdapter - Adding mock interface to class org/springframework/core/annotation/MergedAnnotations$SearchStrategy
05:45:41.964 [main] INFO org.evosuite.runtime.instrumentation.CreateClassResetClassAdapter - Found static initializer in class org/springframework/core/annotation/MergedAnnotations$SearchStrategy
05:45:41.964 [main] DEBUG org.evosuite.runtime.agent.TransformerForTests - Going to instrument: org.springframework.core.io.support.DefaultPropertySourceFactory
05:45:41.964 [main] INFO org.evosuite.runtime.instrumentation.MethodCallReplacementClassAdapter - Adding mock interface to class org/springframework/core/io/support/DefaultPropertySourceFactory
05:45:41.964 [main] INFO org.evosuite.runtime.instrumentation.CreateClassResetClassAdapter - Creating brand-new static initializer in class org/springframework/core/io/support/DefaultPropertySourceFactory
05:45:41.965 [main] DEBUG org.evosuite.runtime.agent.TransformerForTests - Going to instrument: org.springframework.core.io.support.PropertySourceFactory
05:45:41.965 [main] DEBUG org.evosuite.runtime.agent.TransformerForTests - Going to instrument: org.springframework.boot.SpringBootVersion
05:45:41.965 [main] INFO org.evosuite.runtime.instrumentation.MethodCallReplacementClassAdapter - Adding mock interface to class org/springframework/boot/SpringBootVersion
05:45:41.966 [main] INFO org.evosuite.runtime.instrumentation.CreateClassResetClassAdapter - Creating brand-new static initializer in class org/springframework/boot/SpringBootVersion
05:45:41.966 [main] DEBUG org.evosuite.runtime.agent.TransformerForTests - Going to instrument: org.springframework.core.convert.support.StringToNumberConverterFactory
05:45:41.966 [main] INFO org.evosuite.runtime.instrumentation.MethodCallReplacementClassAdapter - Adding mock interface to class org/springframework/core/convert/support/StringToNumberConverterFactory
05:45:41.966 [main] INFO org.evosuite.runtime.instrumentation.CreateClassResetClassAdapter - Creating brand-new static initializer in class org/springframework/core/convert/support/StringToNumberConverterFactory
05:45:41.978 [main] DEBUG org.evosuite.runtime.agent.TransformerForTests - Going to instrument: org.springframework.context.annotation.ContextAnnotationAutowireCandidateResolver
05:45:41.978 [main] INFO org.evosuite.runtime.instrumentation.MethodCallReplacementClassAdapter - Adding mock interface to class org/springframework/context/annotation/ContextAnnotationAutowireCandidateResolver
05:45:41.978 [main] INFO org.evosuite.runtime.instrumentation.CreateClassResetClassAdapter - Creating brand-new static initializer in class org/springframework/context/annotation/ContextAnnotationAutowireCandidateResolver
05:45:41.979 [main] DEBUG org.evosuite.runtime.agent.TransformerForTests - Going to instrument: org.springframework.beans.factory.annotation.QualifierAnnotationAutowireCandidateResolver
05:45:41.979 [main] INFO org.evosuite.runtime.instrumentation.MethodCallReplacementClassAdapter - Adding mock interface to class org/springframework/beans/factory/annotation/QualifierAnnotationAutowireCandidateResolver
05:45:41.982 [main] INFO org.evosuite.runtime.instrumentation.CreateClassResetClassAdapter - Creating brand-new static initializer in class org/springframework/beans/factory/annotation/QualifierAnnotationAutowireCandidateResolver
05:45:41.982 [main] DEBUG org.evosuite.runtime.agent.TransformerForTests - Going to instrument: org.springframework.beans.factory.support.GenericTypeAwareAutowireCandidateResolver
05:45:41.982 [main] INFO org.evosuite.runtime.instrumentation.MethodCallReplacementClassAdapter - Adding mock interface to class org/springframework/beans/factory/support/GenericTypeAwareAutowireCandidateResolver
05:45:41.984 [main] INFO org.evosuite.runtime.instrumentation.CreateClassResetClassAdapter - Creating brand-new static initializer in class org/springframework/beans/factory/support/GenericTypeAwareAutowireCandidateResolver
05:45:41.984 [main] DEBUG org.evosuite.runtime.agent.TransformerForTests - Going to instrument: org.springframework.beans.factory.support.SimpleAutowireCandidateResolver
05:45:41.984 [main] INFO org.evosuite.runtime.instrumentation.MethodCallReplacementClassAdapter - Adding mock interface to class org/springframework/beans/factory/support/SimpleAutowireCandidateResolver
05:45:41.984 [main] INFO org.evosuite.runtime.instrumentation.CreateClassResetClassAdapter - Found static initializer in class org/springframework/beans/factory/support/SimpleAutowireCandidateResolver
05:45:41.985 [main] DEBUG org.evosuite.runtime.agent.TransformerForTests - Going to instrument: org.springframework.format.datetime.standard.DateTimeConverters$LocalDateTimeToLocalTimeConverter
05:45:41.985 [main] INFO org.evosuite.runtime.instrumentation.MethodCallReplacementClassAdapter - Adding mock interface to class org/springframework/format/datetime/standard/DateTimeConverters$LocalDateTimeToLocalTimeConverter
05:45:41.986 [main] INFO org.evosuite.runtime.instrumentation.CreateClassResetClassAdapter - Creating brand-new static initializer in class org/springframework/format/datetime/standard/DateTimeConverters$LocalDateTimeToLocalTimeConverter
05:45:41.986 [main] DEBUG org.evosuite.runtime.agent.TransformerForTests - Going to instrument: org.springframework.beans.factory.support.AbstractBeanDefinitionReader
05:45:41.986 [main] INFO org.evosuite.runtime.instrumentation.MethodCallReplacementClassAdapter - Adding mock interface to class org/springframework/beans/factory/support/AbstractBeanDefinitionReader
05:45:41.987 [main] INFO org.evosuite.runtime.instrumentation.CreateClassResetClassAdapter - Creating brand-new static initializer in class org/springframework/beans/factory/support/AbstractBeanDefinitionReader
05:45:41.987 [main] DEBUG org.evosuite.runtime.agent.TransformerForTests - Going to instrument: org.springframework.beans.propertyeditors.InputSourceEditor
05:45:41.987 [main] INFO org.evosuite.runtime.instrumentation.MethodCallReplacementClassAdapter - Adding mock interface to class org/springframework/beans/propertyeditors/InputSourceEditor
05:45:41.988 [main] INFO org.evosuite.runtime.instrumentation.CreateClassResetClassAdapter - Creating brand-new static initializer in class org/springframework/beans/propertyeditors/InputSourceEditor
05:45:41.988 [main] DEBUG org.evosuite.runtime.agent.TransformerForTests - Going to instrument: org.yaml.snakeyaml.emitter.Emitable
05:45:41.988 [main] DEBUG org.evosuite.runtime.agent.TransformerForTests - Going to instrument: org.yaml.snakeyaml.constructor.SafeConstructor$ConstructYamlTimestamp
05:45:41.989 [main] INFO org.evosuite.runtime.instrumentation.MethodCallReplacementClassAdapter - Adding mock interface to class org/yaml/snakeyaml/constructor/SafeConstructor$ConstructYamlTimestamp
05:45:41.989 [main] INFO org.evosuite.runtime.instrumentation.CreateClassResetClassAdapter - Creating brand-new static initializer in class org/yaml/snakeyaml/constructor/SafeConstructor$ConstructYamlTimestamp
05:45:41.989 [main] DEBUG org.evosuite.runtime.agent.TransformerForTests - Going to instrument: org.springframework.format.datetime.standard.DateTimeConverters$CalendarToLocalTimeConverter
05:45:41.989 [main] INFO org.evosuite.runtime.instrumentation.MethodCallReplacementClassAdapter - Adding mock interface to class org/springframework/format/datetime/standard/DateTimeConverters$CalendarToLocalTimeConverter
05:45:41.990 [main] INFO org.evosuite.runtime.instrumentation.CreateClassResetClassAdapter - Creating brand-new static initializer in class org/springframework/format/datetime/standard/DateTimeConverters$CalendarToLocalTimeConverter
05:45:41.990 [main] DEBUG org.evosuite.runtime.agent.TransformerForTests - Going to instrument: org.springframework.boot.context.properties.bind.BindConverter$TypeConverterConversionService
05:45:41.990 [main] INFO org.evosuite.runtime.instrumentation.MethodCallReplacementClassAdapter - Adding mock interface to class org/springframework/boot/context/properties/bind/BindConverter$TypeConverterConversionService
05:45:41.990 [main] INFO org.evosuite.runtime.instrumentation.CreateClassResetClassAdapter - Creating brand-new static initializer in class org/springframework/boot/context/properties/bind/BindConverter$TypeConverterConversionService
05:45:41.990 [main] DEBUG org.evosuite.runtime.agent.TransformerForTests - Going to instrument: org.springframework.context.annotation.ConfigurationClassParser$DeferredImportSelectorHandler
05:45:41.990 [main] INFO org.evosuite.runtime.instrumentation.MethodCallReplacementClassAdapter - Adding mock interface to class org/springframework/context/annotation/ConfigurationClassParser$DeferredImportSelectorHandler
05:45:41.991 [main] INFO org.evosuite.runtime.instrumentation.CreateClassResetClassAdapter - Creating brand-new static initializer in class org/springframework/context/annotation/ConfigurationClassParser$DeferredImportSelectorHandler
05:45:41.991 [main] DEBUG org.evosuite.runtime.agent.TransformerForTests - Going to instrument: org.springframework.boot.context.ConfigurationWarningsApplicationContextInitializer$ConfigurationWarningsPostProcessor
05:45:41.991 [main] INFO org.evosuite.runtime.instrumentation.MethodCallReplacementClassAdapter - Adding mock interface to class org/springframework/boot/context/ConfigurationWarningsApplicationContextInitializer$ConfigurationWarningsPostProcessor
05:45:41.992 [main] INFO org.evosuite.runtime.instrumentation.CreateClassResetClassAdapter - Creating brand-new static initializer in class org/springframework/boot/context/ConfigurationWarningsApplicationContextInitializer$ConfigurationWarningsPostProcessor
05:45:41.992 [main] DEBUG org.evosuite.runtime.agent.TransformerForTests - Going to instrument: org.hibernate.engine.jdbc.LobCreationContext
05:45:41.993 [main] DEBUG org.evosuite.runtime.agent.TransformerForTests - Going to instrument: org.springframework.boot.autoconfigure.AutoConfigurationSorter$AutoConfigurationClass
05:45:41.993 [main] INFO org.evosuite.runtime.instrumentation.MethodCallReplacementClassAdapter - Adding mock interface to class org/springframework/boot/autoconfigure/AutoConfigurationSorter$AutoConfigurationClass
05:45:41.994 [main] INFO org.evosuite.runtime.instrumentation.CreateClassResetClassAdapter - Creating brand-new static initializer in class org/springframework/boot/autoconfigure/AutoConfigurationSorter$AutoConfigurationClass
05:45:41.995 [main] DEBUG org.evosuite.runtime.agent.TransformerForTests - Going to instrument: org.springframework.core.GenericTypeResolver
05:45:41.995 [main] INFO org.evosuite.runtime.instrumentation.MethodCallReplacementClassAdapter - Adding mock interface to class org/springframework/core/GenericTypeResolver
05:45:41.995 [main] INFO org.evosuite.runtime.instrumentation.CreateClassResetClassAdapter - Found static initializer in class org/springframework/core/GenericTypeResolver
05:45:41.997 [main] DEBUG org.evosuite.runtime.agent.TransformerForTests - Going to instrument: org.springframework.boot.actuate.trace.http.HttpTraceRepository
05:45:41.998 [main] DEBUG org.evosuite.runtime.agent.TransformerForTests - Going to instrument: org.springframework.scheduling.concurrent.ThreadPoolTaskExecutor
05:45:41.998 [main] INFO org.evosuite.runtime.instrumentation.MethodCallReplacementClassAdapter - Adding mock interface to class org/springframework/scheduling/concurrent/ThreadPoolTaskExecutor
05:45:41.999 [main] INFO org.evosuite.runtime.instrumentation.CreateClassResetClassAdapter - Creating brand-new static initializer in class org/springframework/scheduling/concurrent/ThreadPoolTaskExecutor
05:45:42.000 [main] DEBUG org.evosuite.runtime.agent.TransformerForTests - Going to instrument: org.springframework.scheduling.concurrent.ThreadPoolTaskExecutor$1
05:45:42.000 [main] INFO org.evosuite.runtime.instrumentation.MethodCallReplacementClassAdapter - Adding mock interface to class org/springframework/scheduling/concurrent/ThreadPoolTaskExecutor$1
05:45:42.001 [main] DEBUG org.evosuite.runtime.agent.TransformerForTests - Going to instrument: org.springframework.boot.EnvironmentConverter
05:45:42.001 [main] INFO org.evosuite.runtime.instrumentation.MethodCallReplacementClassAdapter - Adding mock interface to class org/springframework/boot/EnvironmentConverter
05:45:42.001 [main] INFO org.evosuite.runtime.instrumentation.CreateClassResetClassAdapter - Found static initializer in class org/springframework/boot/EnvironmentConverter
05:45:42.002 [main] DEBUG org.evosuite.runtime.agent.TransformerForTests - Going to instrument: org.springframework.context.annotation.ConditionEvaluator$ConditionContextImpl
05:45:42.002 [main] INFO org.evosuite.runtime.instrumentation.MethodCallReplacementClassAdapter - Adding mock interface to class org/springframework/context/annotation/ConditionEvaluator$ConditionContextImpl
05:45:42.003 [main] INFO org.evosuite.runtime.instrumentation.CreateClassResetClassAdapter - Creating brand-new static initializer in class org/springframework/context/annotation/ConditionEvaluator$ConditionContextImpl
05:45:42.003 [main] DEBUG org.evosuite.runtime.agent.TransformerForTests - Going to instrument: org.springframework.context.annotation.ConditionContext
05:45:42.003 [main] DEBUG org.evosuite.runtime.agent.TransformerForTests - Going to instrument: org.springframework.format.datetime.standard.DateTimeFormatterRegistrar$Type
05:45:42.003 [main] INFO org.evosuite.runtime.instrumentation.MethodCallReplacementClassAdapter - Adding mock interface to class org/springframework/format/datetime/standard/DateTimeFormatterRegistrar$Type
05:45:42.004 [main] INFO org.evosuite.runtime.instrumentation.CreateClassResetClassAdapter - Found static initializer in class org/springframework/format/datetime/standard/DateTimeFormatterRegistrar$Type
05:45:42.004 [main] DEBUG org.evosuite.runtime.agent.TransformerForTests - Going to instrument: org.springframework.boot.autoconfigure.AutoConfigureOrder
05:45:42.005 [main] DEBUG org.evosuite.runtime.agent.TransformerForTests - Going to instrument: org.springframework.boot.autoconfigure.AutoConfigurationImportEvent
05:45:42.005 [main] INFO org.evosuite.runtime.instrumentation.MethodCallReplacementClassAdapter - Adding mock interface to class org/springframework/boot/autoconfigure/AutoConfigurationImportEvent
05:45:42.005 [main] INFO org.evosuite.runtime.instrumentation.CreateClassResetClassAdapter - Creating brand-new static initializer in class org/springframework/boot/autoconfigure/AutoConfigurationImportEvent
05:45:42.006 [main] DEBUG org.evosuite.runtime.agent.TransformerForTests - Going to instrument: org.yaml.snakeyaml.representer.SafeRepresenter$RepresentNull
05:45:42.006 [main] INFO org.evosuite.runtime.instrumentation.MethodCallReplacementClassAdapter - Adding mock interface to class org/yaml/snakeyaml/representer/SafeRepresenter$RepresentNull
05:45:42.006 [main] INFO org.evosuite.runtime.instrumentation.CreateClassResetClassAdapter - Creating brand-new static initializer in class org/yaml/snakeyaml/representer/SafeRepresenter$RepresentNull
05:45:42.007 [main] DEBUG org.evosuite.runtime.agent.TransformerForTests - Going to instrument: org.springframework.context.annotation.Role
05:45:42.008 [main] DEBUG org.evosuite.runtime.agent.TransformerForTests - Going to instrument: org.springframework.context.event.DefaultEventListenerFactory
05:45:42.008 [main] INFO org.evosuite.runtime.instrumentation.MethodCallReplacementClassAdapter - Adding mock interface to class org/springframework/context/event/DefaultEventListenerFactory
05:45:42.008 [main] INFO org.evosuite.runtime.instrumentation.CreateClassResetClassAdapter - Creating brand-new static initializer in class org/springframework/context/event/DefaultEventListenerFactory
05:45:42.009 [main] DEBUG org.evosuite.runtime.agent.TransformerForTests - Going to instrument: org.springframework.core.convert.support.DefaultConversionService
05:45:42.009 [main] INFO org.evosuite.runtime.instrumentation.MethodCallReplacementClassAdapter - Adding mock interface to class org/springframework/core/convert/support/DefaultConversionService
05:45:42.009 [main] INFO org.evosuite.runtime.instrumentation.CreateClassResetClassAdapter - Creating brand-new static initializer in class org/springframework/core/convert/support/DefaultConversionService
05:45:42.009 [main] INFO org.evosuite.runtime.instrumentation.CreateClassResetClassAdapter - Adding bytecode for initializing field sharedInstance
05:45:42.010 [main] DEBUG org.evosuite.runtime.agent.TransformerForTests - Going to instrument: org.springframework.core.annotation.AnnotatedElementUtils
05:45:42.011 [main] INFO org.evosuite.runtime.instrumentation.MethodCallReplacementClassAdapter - Adding mock interface to class org/springframework/core/annotation/AnnotatedElementUtils
05:45:42.011 [main] INFO org.evosuite.runtime.instrumentation.CreateClassResetClassAdapter - Creating brand-new static initializer in class org/springframework/core/annotation/AnnotatedElementUtils
05:45:42.012 [main] DEBUG org.evosuite.runtime.agent.TransformerForTests - Going to instrument: org.springframework.boot.autoconfigure.AutoConfigurationPackage
05:45:42.012 [main] DEBUG org.evosuite.runtime.agent.TransformerForTests - Going to instrument: org.springframework.boot.diagnostics.FailureAnalysisReporter
05:45:42.013 [main] DEBUG org.evosuite.runtime.agent.TransformerForTests - Going to instrument: org.springframework.boot.context.TypeExcludeFilter
05:45:42.013 [main] INFO org.evosuite.runtime.instrumentation.MethodCallReplacementClassAdapter - Adding mock interface to class org/springframework/boot/context/TypeExcludeFilter
05:45:42.013 [main] INFO org.evosuite.runtime.instrumentation.CreateClassResetClassAdapter - Creating brand-new static initializer in class org/springframework/boot/context/TypeExcludeFilter
05:45:42.013 [main] DEBUG org.evosuite.runtime.agent.TransformerForTests - Going to instrument: org.yaml.snakeyaml.constructor.SafeConstructor$ConstructYamlStr
05:45:42.013 [main] INFO org.evosuite.runtime.instrumentation.MethodCallReplacementClassAdapter - Adding mock interface to class org/yaml/snakeyaml/constructor/SafeConstructor$ConstructYamlStr
05:45:42.014 [main] INFO org.evosuite.runtime.instrumentation.CreateClassResetClassAdapter - Creating brand-new static initializer in class org/yaml/snakeyaml/constructor/SafeConstructor$ConstructYamlStr
05:45:42.014 [main] DEBUG org.evosuite.runtime.agent.TransformerForTests - Going to instrument: org.yaml.snakeyaml.DumperOptions
05:45:42.014 [main] INFO org.evosuite.runtime.instrumentation.MethodCallReplacementClassAdapter - Adding mock interface to class org/yaml/snakeyaml/DumperOptions
05:45:42.014 [main] INFO org.evosuite.runtime.instrumentation.CreateClassResetClassAdapter - Creating brand-new static initializer in class org/yaml/snakeyaml/DumperOptions
05:45:42.015 [main] DEBUG org.evosuite.runtime.agent.TransformerForTests - Going to instrument: org.springframework.beans.ExtendedBeanInfo$SimplePropertyDescriptor
05:45:42.015 [main] INFO org.evosuite.runtime.instrumentation.MethodCallReplacementClassAdapter - Adding mock interface to class org/springframework/beans/ExtendedBeanInfo$SimplePropertyDescriptor
05:45:42.015 [main] INFO org.evosuite.runtime.instrumentation.CreateClassResetClassAdapter - Creating brand-new static initializer in class org/springframework/beans/ExtendedBeanInfo$SimplePropertyDescriptor
05:45:42.016 [main] DEBUG org.evosuite.runtime.agent.TransformerForTests - Going to instrument: org.springframework.context.support.PostProcessorRegistrationDelegate
05:45:42.016 [main] INFO org.evosuite.runtime.instrumentation.MethodCallReplacementClassAdapter - Adding mock interface to class org/springframework/context/support/PostProcessorRegistrationDelegate
05:45:42.017 [main] INFO org.evosuite.runtime.instrumentation.CreateClassResetClassAdapter - Creating brand-new static initializer in class org/springframework/context/support/PostProcessorRegistrationDelegate
05:45:42.017 [main] DEBUG org.evosuite.runtime.agent.TransformerForTests - Going to instrument: org.springframework.boot.autoconfigure.condition.OnClassCondition$StandardOutcomesResolver
05:45:42.018 [main] INFO org.evosuite.runtime.instrumentation.MethodCallReplacementClassAdapter - Adding mock interface to class org/springframework/boot/autoconfigure/condition/OnClassCondition$StandardOutcomesResolver
05:45:42.018 [main] INFO org.evosuite.runtime.instrumentation.CreateClassResetClassAdapter - Creating brand-new static initializer in class org/springframework/boot/autoconfigure/condition/OnClassCondition$StandardOutcomesResolver
05:45:42.018 [main] DEBUG org.evosuite.runtime.agent.TransformerForTests - Going to instrument: org.springframework.boot.context.FileEncodingApplicationListener
05:45:42.018 [main] INFO org.evosuite.runtime.instrumentation.MethodCallReplacementClassAdapter - Adding mock interface to class org/springframework/boot/context/FileEncodingApplicationListener
05:45:42.019 [main] INFO org.evosuite.runtime.instrumentation.CreateClassResetClassAdapter - Found static initializer in class org/springframework/boot/context/FileEncodingApplicationListener
05:45:42.019 [main] DEBUG org.evosuite.runtime.agent.TransformerForTests - Going to instrument: org.springframework.beans.AbstractNestablePropertyAccessor$PropertyTokenHolder
05:45:42.019 [main] INFO org.evosuite.runtime.instrumentation.MethodCallReplacementClassAdapter - Adding mock interface to class org/springframework/beans/AbstractNestablePropertyAccessor$PropertyTokenHolder
05:45:42.019 [main] INFO org.evosuite.runtime.instrumentation.CreateClassResetClassAdapter - Creating brand-new static initializer in class org/springframework/beans/AbstractNestablePropertyAccessor$PropertyTokenHolder
05:45:42.020 [main] DEBUG org.evosuite.runtime.agent.TransformerForTests - Going to instrument: org.springframework.boot.autoconfigure.condition.ConditionalOnProperty
05:45:42.020 [main] DEBUG org.evosuite.runtime.agent.TransformerForTests - Going to instrument: org.springframework.boot.context.config.ConfigFileApplicationListener$DocumentFilterFactory
05:45:42.021 [main] DEBUG org.evosuite.runtime.agent.TransformerForTests - Going to instrument: org.springframework.context.annotation.ConfigurationClassParser
05:45:42.021 [main] INFO org.evosuite.runtime.instrumentation.MethodCallReplacementClassAdapter - Adding mock interface to class org/springframework/context/annotation/ConfigurationClassParser
05:45:42.024 [main] INFO org.evosuite.runtime.instrumentation.CreateClassResetClassAdapter - Found static initializer in class org/springframework/context/annotation/ConfigurationClassParser
05:45:42.027 [main] DEBUG org.evosuite.runtime.agent.TransformerForTests - Going to instrument: org.springframework.context.annotation.ConfigurationClassParser$DeferredImportSelectorHolder
05:45:42.027 [main] INFO org.evosuite.runtime.instrumentation.MethodCallReplacementClassAdapter - Adding mock interface to class org/springframework/context/annotation/ConfigurationClassParser$DeferredImportSelectorHolder
05:45:42.027 [main] INFO org.evosuite.runtime.instrumentation.CreateClassResetClassAdapter - Creating brand-new static initializer in class org/springframework/context/annotation/ConfigurationClassParser$DeferredImportSelectorHolder
05:45:42.027 [main] DEBUG org.evosuite.runtime.agent.TransformerForTests - Going to instrument: org.springframework.boot.DefaultApplicationArguments$Source
05:45:42.027 [main] INFO org.evosuite.runtime.instrumentation.MethodCallReplacementClassAdapter - Adding mock interface to class org/springframework/boot/DefaultApplicationArguments$Source
05:45:42.028 [main] INFO org.evosuite.runtime.instrumentation.CreateClassResetClassAdapter - Creating brand-new static initializer in class org/springframework/boot/DefaultApplicationArguments$Source
05:45:42.028 [main] DEBUG org.evosuite.runtime.agent.TransformerForTests - Going to instrument: org.springframework.boot.autoconfigure.SpringBootApplication
05:45:42.029 [main] DEBUG org.evosuite.runtime.agent.TransformerForTests - Going to instrument: org.springframework.aop.SpringProxy
05:45:42.029 [main] DEBUG org.evosuite.runtime.agent.TransformerForTests - Going to instrument: org.hibernate.query.spi.QueryProducerImplementor
05:45:42.030 [main] DEBUG org.evosuite.runtime.agent.TransformerForTests - Going to instrument: org.hibernate.query.NativeQuery
05:45:42.032 [main] DEBUG org.evosuite.runtime.agent.TransformerForTests - Going to instrument: org.hibernate.query.Query
05:45:42.036 [main] DEBUG org.evosuite.runtime.agent.TransformerForTests - Going to instrument: org.springframework.format.datetime.standard.DateTimeFormatterFactory
05:45:42.036 [main] INFO org.evosuite.runtime.instrumentation.MethodCallReplacementClassAdapter - Adding mock interface to class org/springframework/format/datetime/standard/DateTimeFormatterFactory
05:45:42.037 [main] INFO org.evosuite.runtime.instrumentation.CreateClassResetClassAdapter - Creating brand-new static initializer in class org/springframework/format/datetime/standard/DateTimeFormatterFactory
05:45:42.038 [main] DEBUG org.evosuite.runtime.agent.TransformerForTests - Going to instrument: io.micrometer.core.instrument.binder.logging.Log4j2Metrics
05:45:42.038 [main] INFO org.evosuite.runtime.instrumentation.MethodCallReplacementClassAdapter - Adding mock interface to class io/micrometer/core/instrument/binder/logging/Log4j2Metrics
05:45:42.038 [main] INFO org.evosuite.runtime.instrumentation.CreateClassResetClassAdapter - Creating brand-new static initializer in class io/micrometer/core/instrument/binder/logging/Log4j2Metrics
05:45:42.038 [main] INFO org.evosuite.runtime.instrumentation.CreateClassResetClassAdapter - Adding bytecode for initializing field METER_NAME
05:45:42.039 [main] ERROR org.evosuite.runtime.classhandling.ClassStateSupport - Could not initialize io.micrometer.core.instrument.binder.logging.Log4j2Metrics: org/apache/logging/log4j/core/Filter
05:45:42.039 [main] DEBUG org.evosuite.runtime.agent.TransformerForTests - Going to instrument: org.springframework.format.datetime.standard.DateTimeConverters$OffsetDateTimeToLocalTimeConverter
05:45:42.039 [main] INFO org.evosuite.runtime.instrumentation.MethodCallReplacementClassAdapter - Adding mock interface to class org/springframework/format/datetime/standard/DateTimeConverters$OffsetDateTimeToLocalTimeConverter
05:45:42.039 [main] INFO org.evosuite.runtime.instrumentation.CreateClassResetClassAdapter - Creating brand-new static initializer in class org/springframework/format/datetime/standard/DateTimeConverters$OffsetDateTimeToLocalTimeConverter
05:45:42.040 [main] DEBUG org.evosuite.runtime.agent.TransformerForTests - Going to instrument: org.springframework.boot.context.properties.bind.PropertySourcesPlaceholdersResolver
05:45:42.040 [main] INFO org.evosuite.runtime.instrumentation.MethodCallReplacementClassAdapter - Adding mock interface to class org/springframework/boot/context/properties/bind/PropertySourcesPlaceholdersResolver
05:45:42.041 [main] INFO org.evosuite.runtime.instrumentation.CreateClassResetClassAdapter - Creating brand-new static initializer in class org/springframework/boot/context/properties/bind/PropertySourcesPlaceholdersResolver
05:45:42.042 [main] DEBUG org.evosuite.runtime.agent.TransformerForTests - Going to instrument: org.springframework.web.filter.CharacterEncodingFilter
05:45:42.042 [main] INFO org.evosuite.runtime.instrumentation.MethodCallReplacementClassAdapter - Adding mock interface to class org/springframework/web/filter/CharacterEncodingFilter
05:45:42.042 [main] INFO org.evosuite.runtime.instrumentation.CreateClassResetClassAdapter - Creating brand-new static initializer in class org/springframework/web/filter/CharacterEncodingFilter
05:45:42.043 [main] DEBUG org.evosuite.runtime.agent.TransformerForTests - Going to instrument: org.springframework.boot.convert.PeriodToStringConverter
05:45:42.043 [main] INFO org.evosuite.runtime.instrumentation.MethodCallReplacementClassAdapter - Adding mock interface to class org/springframework/boot/convert/PeriodToStringConverter
05:45:42.043 [main] INFO org.evosuite.runtime.instrumentation.CreateClassResetClassAdapter - Creating brand-new static initializer in class org/springframework/boot/convert/PeriodToStringConverter
05:45:42.044 [main] DEBUG org.evosuite.runtime.agent.TransformerForTests - Going to instrument: org.springframework.web.context.request.RequestScope
05:45:42.044 [main] INFO org.evosuite.runtime.instrumentation.MethodCallReplacementClassAdapter - Adding mock interface to class org/springframework/web/context/request/RequestScope
05:45:42.044 [main] INFO org.evosuite.runtime.instrumentation.CreateClassResetClassAdapter - Creating brand-new static initializer in class org/springframework/web/context/request/RequestScope
05:45:42.044 [main] DEBUG org.evosuite.runtime.agent.TransformerForTests - Going to instrument: org.springframework.context.annotation.ConfigurationClassParser$SourceClass
05:45:42.044 [main] INFO org.evosuite.runtime.instrumentation.MethodCallReplacementClassAdapter - Adding mock interface to class org/springframework/context/annotation/ConfigurationClassParser$SourceClass
05:45:42.045 [main] INFO org.evosuite.runtime.instrumentation.CreateClassResetClassAdapter - Creating brand-new static initializer in class org/springframework/context/annotation/ConfigurationClassParser$SourceClass
05:45:42.046 [main] DEBUG org.evosuite.runtime.agent.TransformerForTests - Going to instrument: org.springframework.beans.factory.config.TypedStringValue
05:45:42.046 [main] INFO org.evosuite.runtime.instrumentation.MethodCallReplacementClassAdapter - Adding mock interface to class org/springframework/beans/factory/config/TypedStringValue
05:45:42.047 [main] INFO org.evosuite.runtime.instrumentation.CreateClassResetClassAdapter - Creating brand-new static initializer in class org/springframework/beans/factory/config/TypedStringValue
05:45:42.047 [main] DEBUG org.evosuite.runtime.agent.TransformerForTests - Going to instrument: org.springframework.beans.factory.config.InstantiationAwareBeanPostProcessorAdapter
05:45:42.048 [main] INFO org.evosuite.runtime.instrumentation.MethodCallReplacementClassAdapter - Adding mock interface to class org/springframework/beans/factory/config/InstantiationAwareBeanPostProcessorAdapter
05:45:42.048 [main] INFO org.evosuite.runtime.instrumentation.CreateClassResetClassAdapter - Creating brand-new static initializer in class org/springframework/beans/factory/config/InstantiationAwareBeanPostProcessorAdapter
05:45:42.048 [main] DEBUG org.evosuite.runtime.agent.TransformerForTests - Going to instrument: org.springframework.beans.factory.config.SmartInstantiationAwareBeanPostProcessor
05:45:42.049 [main] DEBUG org.evosuite.runtime.agent.TransformerForTests - Going to instrument: org.springframework.web.context.support.WebApplicationContextUtils$RequestObjectFactory
05:45:42.049 [main] INFO org.evosuite.runtime.instrumentation.MethodCallReplacementClassAdapter - Adding mock interface to class org/springframework/web/context/support/WebApplicationContextUtils$RequestObjectFactory
05:45:42.049 [main] INFO org.evosuite.runtime.instrumentation.CreateClassResetClassAdapter - Creating brand-new static initializer in class org/springframework/web/context/support/WebApplicationContextUtils$RequestObjectFactory
05:45:42.049 [main] DEBUG org.evosuite.runtime.agent.TransformerForTests - Going to instrument: org.springframework.core.convert.support.IntegerToEnumConverterFactory
05:45:42.049 [main] INFO org.evosuite.runtime.instrumentation.MethodCallReplacementClassAdapter - Adding mock interface to class org/springframework/core/convert/support/IntegerToEnumConverterFactory
05:45:42.049 [main] INFO org.evosuite.runtime.instrumentation.CreateClassResetClassAdapter - Creating brand-new static initializer in class org/springframework/core/convert/support/IntegerToEnumConverterFactory
05:45:42.050 [main] DEBUG org.evosuite.runtime.agent.TransformerForTests - Going to instrument: org.springframework.orm.jpa.LocalContainerEntityManagerFactoryBean
05:45:42.050 [main] INFO org.evosuite.runtime.instrumentation.MethodCallReplacementClassAdapter - Adding mock interface to class org/springframework/orm/jpa/LocalContainerEntityManagerFactoryBean
05:45:42.051 [main] INFO org.evosuite.runtime.instrumentation.CreateClassResetClassAdapter - Creating brand-new static initializer in class org/springframework/orm/jpa/LocalContainerEntityManagerFactoryBean
05:45:42.052 [main] DEBUG org.evosuite.runtime.agent.TransformerForTests - Going to instrument: org.springframework.orm.jpa.AbstractEntityManagerFactoryBean
05:45:42.053 [main] INFO org.evosuite.runtime.instrumentation.MethodCallReplacementClassAdapter - Adding mock interface to class org/springframework/orm/jpa/AbstractEntityManagerFactoryBean
05:45:42.054 [main] INFO org.evosuite.runtime.instrumentation.CreateClassResetClassAdapter - Creating brand-new static initializer in class org/springframework/orm/jpa/AbstractEntityManagerFactoryBean
05:45:42.054 [main] DEBUG org.evosuite.runtime.agent.TransformerForTests - Going to instrument: org.springframework.orm.jpa.EntityManagerFactoryInfo
05:45:42.055 [main] DEBUG org.evosuite.runtime.agent.TransformerForTests - Going to instrument: org.springframework.orm.jpa.persistenceunit.PersistenceUnitManager
05:45:42.056 [main] DEBUG org.evosuite.runtime.agent.TransformerForTests - Going to instrument: org.springframework.jdbc.datasource.lookup.DataSourceLookup
05:45:42.056 [main] DEBUG org.evosuite.runtime.agent.TransformerForTests - Going to instrument: org.springframework.core.annotation.AnnotationTypeMappings$Cache
05:45:42.057 [main] INFO org.evosuite.runtime.instrumentation.MethodCallReplacementClassAdapter - Adding mock interface to class org/springframework/core/annotation/AnnotationTypeMappings$Cache
05:45:42.057 [main] INFO org.evosuite.runtime.instrumentation.CreateClassResetClassAdapter - Creating brand-new static initializer in class org/springframework/core/annotation/AnnotationTypeMappings$Cache
05:45:42.057 [main] DEBUG org.evosuite.runtime.agent.TransformerForTests - Going to instrument: org.springframework.beans.factory.config.YamlProcessor$MatchCallback
05:45:42.057 [main] DEBUG org.evosuite.runtime.agent.TransformerForTests - Going to instrument: org.springframework.format.datetime.standard.TemporalAccessorParser
05:45:42.057 [main] INFO org.evosuite.runtime.instrumentation.MethodCallReplacementClassAdapter - Adding mock interface to class org/springframework/format/datetime/standard/TemporalAccessorParser
05:45:42.058 [main] INFO org.evosuite.runtime.instrumentation.CreateClassResetClassAdapter - Creating brand-new static initializer in class org/springframework/format/datetime/standard/TemporalAccessorParser
05:45:42.059 [main] DEBUG org.evosuite.runtime.agent.TransformerForTests - Going to instrument: org.springframework.beans.factory.xml.DefaultBeanDefinitionDocumentReader
05:45:42.059 [main] INFO org.evosuite.runtime.instrumentation.MethodCallReplacementClassAdapter - Adding mock interface to class org/springframework/beans/factory/xml/DefaultBeanDefinitionDocumentReader
05:45:42.059 [main] INFO org.evosuite.runtime.instrumentation.CreateClassResetClassAdapter - Creating brand-new static initializer in class org/springframework/beans/factory/xml/DefaultBeanDefinitionDocumentReader
05:45:42.059 [main] INFO org.evosuite.runtime.instrumentation.CreateClassResetClassAdapter - Adding bytecode for initializing field BEAN_ELEMENT
05:45:42.059 [main] INFO org.evosuite.runtime.instrumentation.CreateClassResetClassAdapter - Adding bytecode for initializing field NESTED_BEANS_ELEMENT
05:45:42.059 [main] INFO org.evosuite.runtime.instrumentation.CreateClassResetClassAdapter - Adding bytecode for initializing field ALIAS_ELEMENT
05:45:42.059 [main] INFO org.evosuite.runtime.instrumentation.CreateClassResetClassAdapter - Adding bytecode for initializing field NAME_ATTRIBUTE
05:45:42.059 [main] INFO org.evosuite.runtime.instrumentation.CreateClassResetClassAdapter - Adding bytecode for initializing field ALIAS_ATTRIBUTE
05:45:42.059 [main] INFO org.evosuite.runtime.instrumentation.CreateClassResetClassAdapter - Adding bytecode for initializing field IMPORT_ELEMENT
05:45:42.059 [main] INFO org.evosuite.runtime.instrumentation.CreateClassResetClassAdapter - Adding bytecode for initializing field RESOURCE_ATTRIBUTE
05:45:42.059 [main] INFO org.evosuite.runtime.instrumentation.CreateClassResetClassAdapter - Adding bytecode for initializing field PROFILE_ATTRIBUTE
05:45:42.060 [main] DEBUG org.evosuite.runtime.agent.TransformerForTests - Going to instrument: org.springframework.beans.factory.parsing.ComponentDefinition
05:45:42.060 [main] DEBUG org.evosuite.runtime.agent.TransformerForTests - Going to instrument: org.springframework.boot.context.config.AnsiOutputApplicationListener
05:45:42.060 [main] INFO org.evosuite.runtime.instrumentation.MethodCallReplacementClassAdapter - Adding mock interface to class org/springframework/boot/context/config/AnsiOutputApplicationListener
05:45:42.060 [main] INFO org.evosuite.runtime.instrumentation.CreateClassResetClassAdapter - Creating brand-new static initializer in class org/springframework/boot/context/config/AnsiOutputApplicationListener
05:45:42.061 [main] DEBUG org.evosuite.runtime.agent.TransformerForTests - Going to instrument: org.springframework.boot.context.config.ConfigFileApplicationListener$DocumentFilter
05:45:42.061 [main] DEBUG org.evosuite.runtime.agent.TransformerForTests - Going to instrument: org.springframework.boot.actuate.autoconfigure.metrics.ValidationFailureAnalyzer
05:45:42.061 [main] INFO org.evosuite.runtime.instrumentation.MethodCallReplacementClassAdapter - Adding mock interface to class org/springframework/boot/actuate/autoconfigure/metrics/ValidationFailureAnalyzer
05:45:42.061 [main] INFO org.evosuite.runtime.instrumentation.CreateClassResetClassAdapter - Creating brand-new static initializer in class org/springframework/boot/actuate/autoconfigure/metrics/ValidationFailureAnalyzer
05:45:42.062 [main] DEBUG org.evosuite.runtime.agent.TransformerForTests - Going to instrument: org.springframework.core.convert.support.StringToTimeZoneConverter
05:45:42.062 [main] INFO org.evosuite.runtime.instrumentation.MethodCallReplacementClassAdapter - Adding mock interface to class org/springframework/core/convert/support/StringToTimeZoneConverter
05:45:42.062 [main] INFO org.evosuite.runtime.instrumentation.CreateClassResetClassAdapter - Creating brand-new static initializer in class org/springframework/core/convert/support/StringToTimeZoneConverter
05:45:42.062 [main] DEBUG org.evosuite.runtime.agent.TransformerForTests - Going to instrument: org.springframework.boot.convert.NumberToDurationConverter
05:45:42.062 [main] INFO org.evosuite.runtime.instrumentation.MethodCallReplacementClassAdapter - Adding mock interface to class org/springframework/boot/convert/NumberToDurationConverter
05:45:42.062 [main] INFO org.evosuite.runtime.instrumentation.CreateClassResetClassAdapter - Creating brand-new static initializer in class org/springframework/boot/convert/NumberToDurationConverter
05:45:42.063 [main] DEBUG org.evosuite.runtime.agent.TransformerForTests - Going to instrument: org.springframework.boot.ExitCodeExceptionMapper
05:45:42.063 [main] DEBUG org.evosuite.runtime.agent.TransformerForTests - Going to instrument: org.springframework.util.ConcurrentReferenceHashMap$EntryIterator
05:45:42.063 [main] INFO org.evosuite.runtime.instrumentation.MethodCallReplacementClassAdapter - Adding mock interface to class org/springframework/util/ConcurrentReferenceHashMap$EntryIterator
05:45:42.063 [main] INFO org.evosuite.runtime.instrumentation.CreateClassResetClassAdapter - Creating brand-new static initializer in class org/springframework/util/ConcurrentReferenceHashMap$EntryIterator
05:45:42.063 [main] DEBUG org.evosuite.runtime.agent.TransformerForTests - Going to instrument: org.springframework.boot.jdbc.XADataSourceWrapper
05:45:42.064 [main] DEBUG org.evosuite.runtime.agent.TransformerForTests - Going to instrument: org.springframework.context.annotation.Configuration
05:45:42.064 [main] DEBUG org.evosuite.runtime.agent.TransformerForTests - Going to instrument: org.springframework.beans.factory.parsing.BeanDefinitionParsingException
05:45:42.064 [main] INFO org.evosuite.runtime.instrumentation.MethodCallReplacementClassAdapter - Adding mock interface to class org/springframework/beans/factory/parsing/BeanDefinitionParsingException
05:45:42.064 [main] INFO org.evosuite.runtime.instrumentation.CreateClassResetClassAdapter - Creating brand-new static initializer in class org/springframework/beans/factory/parsing/BeanDefinitionParsingException
05:45:42.064 [main] DEBUG org.evosuite.runtime.agent.TransformerForTests - Going to instrument: org.springframework.format.datetime.DateFormatterRegistrar$CalendarToDateConverter
05:45:42.064 [main] INFO org.evosuite.runtime.instrumentation.MethodCallReplacementClassAdapter - Adding mock interface to class org/springframework/format/datetime/DateFormatterRegistrar$CalendarToDateConverter
05:45:42.065 [main] INFO org.evosuite.runtime.instrumentation.CreateClassResetClassAdapter - Creating brand-new static initializer in class org/springframework/format/datetime/DateFormatterRegistrar$CalendarToDateConverter
05:45:42.065 [main] DEBUG org.evosuite.runtime.agent.TransformerForTests - Going to instrument: org.springframework.boot.system.ApplicationHome
05:45:42.065 [main] INFO org.evosuite.runtime.instrumentation.MethodCallReplacementClassAdapter - Adding mock interface to class org/springframework/boot/system/ApplicationHome
05:45:42.066 [main] INFO org.evosuite.runtime.instrumentation.CreateClassResetClassAdapter - Creating brand-new static initializer in class org/springframework/boot/system/ApplicationHome
05:45:42.067 [main] DEBUG org.evosuite.runtime.agent.TransformerForTests - Going to instrument: org.springframework.beans.factory.annotation.AutowiredAnnotationBeanPostProcessor
05:45:42.067 [main] INFO org.evosuite.runtime.instrumentation.MethodCallReplacementClassAdapter - Adding mock interface to class org/springframework/beans/factory/annotation/AutowiredAnnotationBeanPostProcessor
05:45:42.069 [main] INFO org.evosuite.runtime.instrumentation.CreateClassResetClassAdapter - Creating brand-new static initializer in class org/springframework/beans/factory/annotation/AutowiredAnnotationBeanPostProcessor
05:45:42.070 [main] DEBUG org.evosuite.runtime.agent.TransformerForTests - Going to instrument: org.springframework.beans.factory.support.MethodOverride
05:45:42.070 [main] INFO org.evosuite.runtime.instrumentation.MethodCallReplacementClassAdapter - Adding mock interface to class org/springframework/beans/factory/support/MethodOverride
05:45:42.070 [main] INFO org.evosuite.runtime.instrumentation.CreateClassResetClassAdapter - Creating brand-new static initializer in class org/springframework/beans/factory/support/MethodOverride
05:45:42.071 [main] DEBUG org.evosuite.runtime.agent.TransformerForTests - Going to instrument: org.springframework.beans.factory.support.LookupOverride
05:45:42.071 [main] INFO org.evosuite.runtime.instrumentation.MethodCallReplacementClassAdapter - Adding mock interface to class org/springframework/beans/factory/support/LookupOverride
05:45:42.071 [main] INFO org.evosuite.runtime.instrumentation.CreateClassResetClassAdapter - Creating brand-new static initializer in class org/springframework/beans/factory/support/LookupOverride
05:45:42.071 [main] DEBUG org.evosuite.runtime.agent.TransformerForTests - Going to instrument: org.springframework.boot.context.config.ConfigFileApplicationListener$Document
05:45:42.071 [main] INFO org.evosuite.runtime.instrumentation.MethodCallReplacementClassAdapter - Adding mock interface to class org/springframework/boot/context/config/ConfigFileApplicationListener$Document
05:45:42.072 [main] INFO org.evosuite.runtime.instrumentation.CreateClassResetClassAdapter - Creating brand-new static initializer in class org/springframework/boot/context/config/ConfigFileApplicationListener$Document
05:45:42.072 [main] DEBUG org.evosuite.runtime.agent.TransformerForTests - Going to instrument: org.springframework.boot.type.classreading.ConcurrentReferenceCachingMetadataReaderFactory
05:45:42.072 [main] INFO org.evosuite.runtime.instrumentation.MethodCallReplacementClassAdapter - Adding mock interface to class org/springframework/boot/type/classreading/ConcurrentReferenceCachingMetadataReaderFactory
05:45:42.072 [main] INFO org.evosuite.runtime.instrumentation.CreateClassResetClassAdapter - Creating brand-new static initializer in class org/springframework/boot/type/classreading/ConcurrentReferenceCachingMetadataReaderFactory
05:45:42.073 [main] DEBUG org.evosuite.runtime.agent.TransformerForTests - Going to instrument: org.springframework.beans.ExtendedBeanInfo
05:45:42.073 [main] INFO org.evosuite.runtime.instrumentation.MethodCallReplacementClassAdapter - Adding mock interface to class org/springframework/beans/ExtendedBeanInfo
05:45:42.075 [main] INFO org.evosuite.runtime.instrumentation.CreateClassResetClassAdapter - Found static initializer in class org/springframework/beans/ExtendedBeanInfo
05:45:42.076 [main] DEBUG org.evosuite.runtime.agent.TransformerForTests - Going to instrument: org.springframework.boot.convert.InputStreamSourceToByteArrayConverter
05:45:42.076 [main] INFO org.evosuite.runtime.instrumentation.MethodCallReplacementClassAdapter - Adding mock interface to class org/springframework/boot/convert/InputStreamSourceToByteArrayConverter
05:45:42.077 [main] INFO org.evosuite.runtime.instrumentation.CreateClassResetClassAdapter - Creating brand-new static initializer in class org/springframework/boot/convert/InputStreamSourceToByteArrayConverter
05:45:42.077 [main] DEBUG org.evosuite.runtime.agent.TransformerForTests - Going to instrument: org.springframework.util.xml.SimpleSaxErrorHandler
05:45:42.077 [main] INFO org.evosuite.runtime.instrumentation.MethodCallReplacementClassAdapter - Adding mock interface to class org/springframework/util/xml/SimpleSaxErrorHandler
05:45:42.078 [main] INFO org.evosuite.runtime.instrumentation.CreateClassResetClassAdapter - Creating brand-new static initializer in class org/springframework/util/xml/SimpleSaxErrorHandler
05:45:42.079 [main] DEBUG org.evosuite.runtime.agent.TransformerForTests - Going to instrument: io.micrometer.core.instrument.binder.tomcat.TomcatMetrics
05:45:42.079 [main] INFO org.evosuite.runtime.instrumentation.MethodCallReplacementClassAdapter - Adding mock interface to class io/micrometer/core/instrument/binder/tomcat/TomcatMetrics
05:45:42.080 [main] INFO org.evosuite.runtime.instrumentation.CreateClassResetClassAdapter - Creating brand-new static initializer in class io/micrometer/core/instrument/binder/tomcat/TomcatMetrics
05:45:42.080 [main] INFO org.evosuite.runtime.instrumentation.CreateClassResetClassAdapter - Adding bytecode for initializing field JMX_DOMAIN_EMBEDDED
05:45:42.080 [main] INFO org.evosuite.runtime.instrumentation.CreateClassResetClassAdapter - Adding bytecode for initializing field JMX_DOMAIN_STANDALONE
05:45:42.080 [main] INFO org.evosuite.runtime.instrumentation.CreateClassResetClassAdapter - Adding bytecode for initializing field OBJECT_NAME_SERVER_SUFFIX
05:45:42.080 [main] INFO org.evosuite.runtime.instrumentation.CreateClassResetClassAdapter - Adding bytecode for initializing field OBJECT_NAME_SERVER_EMBEDDED
05:45:42.080 [main] INFO org.evosuite.runtime.instrumentation.CreateClassResetClassAdapter - Adding bytecode for initializing field OBJECT_NAME_SERVER_STANDALONE
05:45:42.082 [main] DEBUG org.evosuite.runtime.agent.TransformerForTests - Going to instrument: org.springframework.context.annotation.ComponentScans
05:45:42.082 [main] DEBUG org.evosuite.runtime.agent.TransformerForTests - Going to instrument: org.springframework.boot.autoconfigure.condition.ConditionalOnWebApplication
05:45:42.083 [main] DEBUG org.evosuite.runtime.agent.TransformerForTests - Going to instrument: org.springframework.core.annotation.Order
05:45:42.083 [main] DEBUG org.evosuite.runtime.agent.TransformerForTests - Going to instrument: org.springframework.boot.availability.ReadinessState
05:45:42.083 [main] INFO org.evosuite.runtime.instrumentation.MethodCallReplacementClassAdapter - Adding mock interface to class org/springframework/boot/availability/ReadinessState
05:45:42.083 [main] INFO org.evosuite.runtime.instrumentation.CreateClassResetClassAdapter - Found static initializer in class org/springframework/boot/availability/ReadinessState
05:45:42.084 [main] DEBUG org.evosuite.runtime.agent.TransformerForTests - Going to instrument: org.springframework.core.annotation.TypeMappedAnnotations$MergedAnnotationFinder
05:45:42.084 [main] INFO org.evosuite.runtime.instrumentation.MethodCallReplacementClassAdapter - Adding mock interface to class org/springframework/core/annotation/TypeMappedAnnotations$MergedAnnotationFinder
05:45:42.084 [main] INFO org.evosuite.runtime.instrumentation.CreateClassResetClassAdapter - Creating brand-new static initializer in class org/springframework/core/annotation/TypeMappedAnnotations$MergedAnnotationFinder
05:45:42.085 [main] DEBUG org.evosuite.runtime.agent.TransformerForTests - Going to instrument: org.springframework.boot.context.config.ConfigFileApplicationListener$Loader
05:45:42.086 [main] INFO org.evosuite.runtime.instrumentation.MethodCallReplacementClassAdapter - Adding mock interface to class org/springframework/boot/context/config/ConfigFileApplicationListener$Loader
05:45:42.088 [main] INFO org.evosuite.runtime.instrumentation.CreateClassResetClassAdapter - Creating brand-new static initializer in class org/springframework/boot/context/config/ConfigFileApplicationListener$Loader
05:45:42.089 [main] DEBUG org.evosuite.runtime.agent.TransformerForTests - Going to instrument: org.springframework.boot.context.config.ConfigFileApplicationListener$DocumentsCacheKey
05:45:42.090 [main] INFO org.evosuite.runtime.instrumentation.MethodCallReplacementClassAdapter - Adding mock interface to class org/springframework/boot/context/config/ConfigFileApplicationListener$DocumentsCacheKey
05:45:42.090 [main] INFO org.evosuite.runtime.instrumentation.CreateClassResetClassAdapter - Creating brand-new static initializer in class org/springframework/boot/context/config/ConfigFileApplicationListener$DocumentsCacheKey
05:45:42.090 [main] DEBUG org.evosuite.runtime.agent.TransformerForTests - Going to instrument: org.springframework.boot.autoconfigure.condition.OnResourceCondition
05:45:42.091 [main] INFO org.evosuite.runtime.instrumentation.MethodCallReplacementClassAdapter - Adding mock interface to class org/springframework/boot/autoconfigure/condition/OnResourceCondition
05:45:42.091 [main] INFO org.evosuite.runtime.instrumentation.CreateClassResetClassAdapter - Creating brand-new static initializer in class org/springframework/boot/autoconfigure/condition/OnResourceCondition
05:45:42.094 [main] DEBUG org.evosuite.runtime.agent.TransformerForTests - Going to instrument: org.springframework.asm.ClassReader
05:45:42.094 [main] INFO org.evosuite.runtime.instrumentation.MethodCallReplacementClassAdapter - Adding mock interface to class org/springframework/asm/ClassReader
05:45:42.100 [main] INFO org.evosuite.runtime.instrumentation.CreateClassResetClassAdapter - Creating brand-new static initializer in class org/springframework/asm/ClassReader
05:45:42.100 [main] INFO org.evosuite.runtime.instrumentation.CreateClassResetClassAdapter - Adding bytecode for initializing field SKIP_CODE
05:45:42.100 [main] INFO org.evosuite.runtime.instrumentation.CreateClassResetClassAdapter - Adding bytecode for initializing field SKIP_DEBUG
05:45:42.100 [main] INFO org.evosuite.runtime.instrumentation.CreateClassResetClassAdapter - Adding bytecode for initializing field SKIP_FRAMES
05:45:42.100 [main] INFO org.evosuite.runtime.instrumentation.CreateClassResetClassAdapter - Adding bytecode for initializing field EXPAND_FRAMES
05:45:42.100 [main] INFO org.evosuite.runtime.instrumentation.CreateClassResetClassAdapter - Adding bytecode for initializing field EXPAND_ASM_INSNS
05:45:42.100 [main] INFO org.evosuite.runtime.instrumentation.CreateClassResetClassAdapter - Adding bytecode for initializing field INPUT_STREAM_DATA_CHUNK_SIZE
05:45:42.104 [main] DEBUG org.evosuite.runtime.agent.TransformerForTests - Going to instrument: org.springframework.beans.factory.support.DefaultListableBeanFactory
05:45:42.104 [main] INFO org.evosuite.runtime.instrumentation.MethodCallReplacementClassAdapter - Adding mock interface to class org/springframework/beans/factory/support/DefaultListableBeanFactory
05:45:42.112 [main] INFO org.evosuite.runtime.instrumentation.CreateClassResetClassAdapter - Found static initializer in class org/springframework/beans/factory/support/DefaultListableBeanFactory
05:45:42.114 [main] DEBUG org.evosuite.runtime.agent.TransformerForTests - Going to instrument: org.springframework.beans.factory.ObjectProvider
05:45:42.115 [main] DEBUG org.evosuite.runtime.agent.TransformerForTests - Going to instrument: org.springframework.beans.factory.support.DefaultListableBeanFactory$2
05:45:42.115 [main] INFO org.evosuite.runtime.instrumentation.MethodCallReplacementClassAdapter - Adding mock interface to class org/springframework/beans/factory/support/DefaultListableBeanFactory$2
05:45:42.116 [main] DEBUG org.evosuite.runtime.agent.TransformerForTests - Going to instrument: org.springframework.beans.factory.support.DefaultListableBeanFactory$MultiElementDescriptor
05:45:42.116 [main] INFO org.evosuite.runtime.instrumentation.MethodCallReplacementClassAdapter - Adding mock interface to class org/springframework/beans/factory/support/DefaultListableBeanFactory$MultiElementDescriptor
05:45:42.116 [main] INFO org.evosuite.runtime.instrumentation.CreateClassResetClassAdapter - Creating brand-new static initializer in class org/springframework/beans/factory/support/DefaultListableBeanFactory$MultiElementDescriptor
05:45:42.117 [main] DEBUG org.evosuite.runtime.agent.TransformerForTests - Going to instrument: org.springframework.core.OrderComparator$OrderSourceProvider
05:45:42.118 [main] DEBUG org.evosuite.runtime.agent.TransformerForTests - Going to instrument: org.springframework.boot.autoconfigure.AutoConfigureBefore
05:45:42.118 [main] DEBUG org.evosuite.runtime.agent.TransformerForTests - Going to instrument: org.springframework.beans.factory.xml.XmlBeanDefinitionStoreException
05:45:42.118 [main] INFO org.evosuite.runtime.instrumentation.MethodCallReplacementClassAdapter - Adding mock interface to class org/springframework/beans/factory/xml/XmlBeanDefinitionStoreException
05:45:42.118 [main] INFO org.evosuite.runtime.instrumentation.CreateClassResetClassAdapter - Creating brand-new static initializer in class org/springframework/beans/factory/xml/XmlBeanDefinitionStoreException
05:45:42.119 [main] DEBUG org.evosuite.runtime.agent.TransformerForTests - Going to instrument: org.springframework.boot.diagnostics.analyzer.BindFailureAnalyzer
05:45:42.119 [main] INFO org.evosuite.runtime.instrumentation.MethodCallReplacementClassAdapter - Adding mock interface to class org/springframework/boot/diagnostics/analyzer/BindFailureAnalyzer
05:45:42.119 [main] INFO org.evosuite.runtime.instrumentation.CreateClassResetClassAdapter - Creating brand-new static initializer in class org/springframework/boot/diagnostics/analyzer/BindFailureAnalyzer
05:45:42.120 [main] DEBUG org.evosuite.runtime.agent.TransformerForTests - Going to instrument: org.springframework.boot.context.properties.bind.BindException
05:45:42.120 [main] INFO org.evosuite.runtime.instrumentation.MethodCallReplacementClassAdapter - Adding mock interface to class org/springframework/boot/context/properties/bind/BindException
05:45:42.120 [main] INFO org.evosuite.runtime.instrumentation.CreateClassResetClassAdapter - Creating brand-new static initializer in class org/springframework/boot/context/properties/bind/BindException
05:45:42.120 [main] DEBUG org.evosuite.runtime.agent.TransformerForTests - Going to instrument: org.springframework.boot.origin.OriginProvider
05:45:42.121 [main] DEBUG org.evosuite.runtime.agent.TransformerForTests - Going to instrument: org.springframework.core.type.classreading.SimpleAnnotationMetadataReadingVisitor$Source
05:45:42.121 [main] INFO org.evosuite.runtime.instrumentation.MethodCallReplacementClassAdapter - Adding mock interface to class org/springframework/core/type/classreading/SimpleAnnotationMetadataReadingVisitor$Source
05:45:42.121 [main] INFO org.evosuite.runtime.instrumentation.CreateClassResetClassAdapter - Creating brand-new static initializer in class org/springframework/core/type/classreading/SimpleAnnotationMetadataReadingVisitor$Source
05:45:42.121 [main] DEBUG org.evosuite.runtime.agent.TransformerForTests - Going to instrument: org.yaml.snakeyaml.representer.SafeRepresenter$RepresentNumber
05:45:42.121 [main] INFO org.evosuite.runtime.instrumentation.MethodCallReplacementClassAdapter - Adding mock interface to class org/yaml/snakeyaml/representer/SafeRepresenter$RepresentNumber
05:45:42.122 [main] INFO org.evosuite.runtime.instrumentation.CreateClassResetClassAdapter - Creating brand-new static initializer in class org/yaml/snakeyaml/representer/SafeRepresenter$RepresentNumber
05:45:42.122 [main] DEBUG org.evosuite.runtime.agent.TransformerForTests - Going to instrument: org.springframework.context.expression.StandardBeanExpressionResolver$1
05:45:42.122 [main] INFO org.evosuite.runtime.instrumentation.MethodCallReplacementClassAdapter - Adding mock interface to class org/springframework/context/expression/StandardBeanExpressionResolver$1
05:45:42.122 [main] DEBUG org.evosuite.runtime.agent.TransformerForTests - Going to instrument: org.springframework.context.event.SimpleApplicationEventMulticaster
05:45:42.122 [main] INFO org.evosuite.runtime.instrumentation.MethodCallReplacementClassAdapter - Adding mock interface to class org/springframework/context/event/SimpleApplicationEventMulticaster
05:45:42.123 [main] INFO org.evosuite.runtime.instrumentation.CreateClassResetClassAdapter - Creating brand-new static initializer in class org/springframework/context/event/SimpleApplicationEventMulticaster
05:45:42.123 [main] DEBUG org.evosuite.runtime.agent.TransformerForTests - Going to instrument: org.yaml.snakeyaml.constructor.SafeConstructor$ConstructYamlPairs
05:45:42.123 [main] INFO org.evosuite.runtime.instrumentation.MethodCallReplacementClassAdapter - Adding mock interface to class org/yaml/snakeyaml/constructor/SafeConstructor$ConstructYamlPairs
05:45:42.123 [main] INFO org.evosuite.runtime.instrumentation.CreateClassResetClassAdapter - Creating brand-new static initializer in class org/yaml/snakeyaml/constructor/SafeConstructor$ConstructYamlPairs
05:45:42.124 [main] DEBUG org.evosuite.runtime.agent.TransformerForTests - Going to instrument: org.springframework.beans.factory.parsing.FailFastProblemReporter
05:45:42.124 [main] INFO org.evosuite.runtime.instrumentation.MethodCallReplacementClassAdapter - Adding mock interface to class org/springframework/beans/factory/parsing/FailFastProblemReporter
05:45:42.124 [main] INFO org.evosuite.runtime.instrumentation.CreateClassResetClassAdapter - Creating brand-new static initializer in class org/springframework/beans/factory/parsing/FailFastProblemReporter
05:45:42.124 [main] DEBUG org.evosuite.runtime.agent.TransformerForTests - Going to instrument: org.springframework.beans.factory.parsing.ProblemReporter
05:45:42.125 [main] DEBUG org.evosuite.runtime.agent.TransformerForTests - Going to instrument: org.springframework.context.annotation.CommonAnnotationBeanPostProcessor
05:45:42.125 [main] INFO org.evosuite.runtime.instrumentation.MethodCallReplacementClassAdapter - Adding mock interface to class org/springframework/context/annotation/CommonAnnotationBeanPostProcessor
05:45:42.126 [main] INFO org.evosuite.runtime.instrumentation.CreateClassResetClassAdapter - Found static initializer in class org/springframework/context/annotation/CommonAnnotationBeanPostProcessor
05:45:42.128 [main] DEBUG org.evosuite.runtime.agent.TransformerForTests - Going to instrument: org.springframework.context.expression.BeanFactoryResolver
05:45:42.128 [main] INFO org.evosuite.runtime.instrumentation.MethodCallReplacementClassAdapter - Adding mock interface to class org/springframework/context/expression/BeanFactoryResolver
05:45:42.128 [main] INFO org.evosuite.runtime.instrumentation.CreateClassResetClassAdapter - Creating brand-new static initializer in class org/springframework/context/expression/BeanFactoryResolver
05:45:42.128 [main] DEBUG org.evosuite.runtime.agent.TransformerForTests - Going to instrument: org.springframework.format.datetime.standard.DateTimeConverters$CalendarToInstantConverter
05:45:42.128 [main] INFO org.evosuite.runtime.instrumentation.MethodCallReplacementClassAdapter - Adding mock interface to class org/springframework/format/datetime/standard/DateTimeConverters$CalendarToInstantConverter
05:45:42.128 [main] INFO org.evosuite.runtime.instrumentation.CreateClassResetClassAdapter - Creating brand-new static initializer in class org/springframework/format/datetime/standard/DateTimeConverters$CalendarToInstantConverter
05:45:42.129 [main] DEBUG org.evosuite.runtime.agent.TransformerForTests - Going to instrument: org.yaml.snakeyaml.parser.Parser
05:45:42.129 [main] DEBUG org.evosuite.runtime.agent.TransformerForTests - Going to instrument: org.springframework.beans.factory.support.DisposableBeanAdapter
05:45:42.130 [main] INFO org.evosuite.runtime.instrumentation.MethodCallReplacementClassAdapter - Adding mock interface to class org/springframework/beans/factory/support/DisposableBeanAdapter
05:45:42.131 [main] INFO org.evosuite.runtime.instrumentation.CreateClassResetClassAdapter - Found static initializer in class org/springframework/beans/factory/support/DisposableBeanAdapter
05:45:42.132 [main] DEBUG org.evosuite.runtime.agent.TransformerForTests - Going to instrument: io.micrometer.core.instrument.binder.kafka.KafkaClientMetrics
05:45:42.132 [main] INFO org.evosuite.runtime.instrumentation.MethodCallReplacementClassAdapter - Adding mock interface to class io/micrometer/core/instrument/binder/kafka/KafkaClientMetrics
05:45:42.132 [main] INFO org.evosuite.runtime.instrumentation.CreateClassResetClassAdapter - Creating brand-new static initializer in class io/micrometer/core/instrument/binder/kafka/KafkaClientMetrics
05:45:42.133 [main] DEBUG org.evosuite.runtime.agent.TransformerForTests - Going to instrument: org.springframework.boot.convert.DelimitedStringToArrayConverter
05:45:42.133 [main] INFO org.evosuite.runtime.instrumentation.MethodCallReplacementClassAdapter - Adding mock interface to class org/springframework/boot/convert/DelimitedStringToArrayConverter
05:45:42.133 [main] INFO org.evosuite.runtime.instrumentation.CreateClassResetClassAdapter - Creating brand-new static initializer in class org/springframework/boot/convert/DelimitedStringToArrayConverter
05:45:42.134 [main] DEBUG org.evosuite.runtime.agent.TransformerForTests - Going to instrument: org.springframework.boot.autoconfigure.condition.OnWebApplicationCondition
05:45:42.134 [main] INFO org.evosuite.runtime.instrumentation.MethodCallReplacementClassAdapter - Adding mock interface to class org/springframework/boot/autoconfigure/condition/OnWebApplicationCondition
05:45:42.134 [main] INFO org.evosuite.runtime.instrumentation.CreateClassResetClassAdapter - Creating brand-new static initializer in class org/springframework/boot/autoconfigure/condition/OnWebApplicationCondition
05:45:42.134 [main] INFO org.evosuite.runtime.instrumentation.CreateClassResetClassAdapter - Adding bytecode for initializing field SERVLET_WEB_APPLICATION_CLASS
05:45:42.134 [main] INFO org.evosuite.runtime.instrumentation.CreateClassResetClassAdapter - Adding bytecode for initializing field REACTIVE_WEB_APPLICATION_CLASS
05:45:42.135 [main] DEBUG org.evosuite.runtime.agent.TransformerForTests - Going to instrument: org.springframework.core.annotation.MergedAnnotationsCollection
05:45:42.135 [main] INFO org.evosuite.runtime.instrumentation.MethodCallReplacementClassAdapter - Adding mock interface to class org/springframework/core/annotation/MergedAnnotationsCollection
05:45:42.137 [main] INFO org.evosuite.runtime.instrumentation.CreateClassResetClassAdapter - Creating brand-new static initializer in class org/springframework/core/annotation/MergedAnnotationsCollection
05:45:42.138 [main] DEBUG org.evosuite.runtime.agent.TransformerForTests - Going to instrument: org.springframework.boot.autoconfigure.SharedMetadataReaderFactoryContextInitializer$CachingMetadataReaderFactoryPostProcessor
05:45:42.138 [main] INFO org.evosuite.runtime.instrumentation.MethodCallReplacementClassAdapter - Adding mock interface to class org/springframework/boot/autoconfigure/SharedMetadataReaderFactoryContextInitializer$CachingMetadataReaderFactoryPostProcessor
05:45:42.139 [main] INFO org.evosuite.runtime.instrumentation.CreateClassResetClassAdapter - Creating brand-new static initializer in class org/springframework/boot/autoconfigure/SharedMetadataReaderFactoryContextInitializer$CachingMetadataReaderFactoryPostProcessor
05:45:42.139 [main] DEBUG org.evosuite.runtime.agent.TransformerForTests - Going to instrument: org.springframework.format.datetime.standard.DateTimeFormatterRegistrar$1
05:45:42.139 [main] INFO org.evosuite.runtime.instrumentation.MethodCallReplacementClassAdapter - Adding mock interface to class org/springframework/format/datetime/standard/DateTimeFormatterRegistrar$1
05:45:42.140 [main] DEBUG org.evosuite.runtime.agent.TransformerForTests - Going to instrument: org.springframework.core.GraalDetector
05:45:42.140 [main] INFO org.evosuite.runtime.instrumentation.MethodCallReplacementClassAdapter - Adding mock interface to class org/springframework/core/GraalDetector
05:45:42.141 [main] INFO org.evosuite.runtime.instrumentation.CreateClassResetClassAdapter - Found static initializer in class org/springframework/core/GraalDetector
05:45:42.141 [main] DEBUG org.evosuite.runtime.agent.TransformerForTests - Going to instrument: org.springframework.context.annotation.Lazy
05:45:42.141 [main] DEBUG org.evosuite.runtime.agent.TransformerForTests - Going to instrument: org.springframework.format.datetime.standard.DateTimeConverters$ZonedDateTimeToLocalTimeConverter
05:45:42.141 [main] INFO org.evosuite.runtime.instrumentation.MethodCallReplacementClassAdapter - Adding mock interface to class org/springframework/format/datetime/standard/DateTimeConverters$ZonedDateTimeToLocalTimeConverter
05:45:42.142 [main] INFO org.evosuite.runtime.instrumentation.CreateClassResetClassAdapter - Creating brand-new static initializer in class org/springframework/format/datetime/standard/DateTimeConverters$ZonedDateTimeToLocalTimeConverter
05:45:42.142 [main] DEBUG org.evosuite.runtime.agent.TransformerForTests - Going to instrument: org.springframework.boot.autoconfigure.condition.OnBeanCondition$BeanTypeDeductionException
05:45:42.142 [main] INFO org.evosuite.runtime.instrumentation.MethodCallReplacementClassAdapter - Adding mock interface to class org/springframework/boot/autoconfigure/condition/OnBeanCondition$BeanTypeDeductionException
05:45:42.142 [main] INFO org.evosuite.runtime.instrumentation.CreateClassResetClassAdapter - Creating brand-new static initializer in class org/springframework/boot/autoconfigure/condition/OnBeanCondition$BeanTypeDeductionException
05:45:42.143 [main] DEBUG org.evosuite.runtime.agent.TransformerForTests - Going to instrument: org.springframework.core.convert.support.CollectionToObjectConverter
05:45:42.143 [main] INFO org.evosuite.runtime.instrumentation.MethodCallReplacementClassAdapter - Adding mock interface to class org/springframework/core/convert/support/CollectionToObjectConverter
05:45:42.143 [main] INFO org.evosuite.runtime.instrumentation.CreateClassResetClassAdapter - Creating brand-new static initializer in class org/springframework/core/convert/support/CollectionToObjectConverter
05:45:42.145 [main] DEBUG org.evosuite.runtime.agent.TransformerForTests - Going to instrument: org.springframework.core.annotation.AnnotationsScanner
05:45:42.145 [main] INFO org.evosuite.runtime.instrumentation.MethodCallReplacementClassAdapter - Adding mock interface to class org/springframework/core/annotation/AnnotationsScanner
05:45:42.146 [main] INFO org.evosuite.runtime.instrumentation.CreateClassResetClassAdapter - Found static initializer in class org/springframework/core/annotation/AnnotationsScanner
05:45:42.148 [main] DEBUG org.evosuite.runtime.agent.TransformerForTests - Going to instrument: org.springframework.expression.spel.support.StandardTypeConverter
05:45:42.148 [main] INFO org.evosuite.runtime.instrumentation.MethodCallReplacementClassAdapter - Adding mock interface to class org/springframework/expression/spel/support/StandardTypeConverter
05:45:42.148 [main] INFO org.evosuite.runtime.instrumentation.CreateClassResetClassAdapter - Creating brand-new static initializer in class org/springframework/expression/spel/support/StandardTypeConverter
05:45:42.149 [main] DEBUG org.evosuite.runtime.agent.TransformerForTests - Going to instrument: org.springframework.boot.context.config.FilteredPropertySource
05:45:42.149 [main] INFO org.evosuite.runtime.instrumentation.MethodCallReplacementClassAdapter - Adding mock interface to class org/springframework/boot/context/config/FilteredPropertySource
05:45:42.149 [main] INFO org.evosuite.runtime.instrumentation.CreateClassResetClassAdapter - Creating brand-new static initializer in class org/springframework/boot/context/config/FilteredPropertySource
05:45:42.150 [main] DEBUG org.evosuite.runtime.agent.TransformerForTests - Going to instrument: org.springframework.context.annotation.ConfigurationClassParser$DeferredImportSelectorGroupingHandler
05:45:42.150 [main] INFO org.evosuite.runtime.instrumentation.MethodCallReplacementClassAdapter - Adding mock interface to class org/springframework/context/annotation/ConfigurationClassParser$DeferredImportSelectorGroupingHandler
05:45:42.150 [main] INFO org.evosuite.runtime.instrumentation.CreateClassResetClassAdapter - Creating brand-new static initializer in class org/springframework/context/annotation/ConfigurationClassParser$DeferredImportSelectorGroupingHandler
05:45:42.151 [main] DEBUG org.evosuite.runtime.agent.TransformerForTests - Going to instrument: org.springframework.boot.autoconfigure.BackgroundPreinitializer
05:45:42.151 [main] INFO org.evosuite.runtime.instrumentation.MethodCallReplacementClassAdapter - Adding mock interface to class org/springframework/boot/autoconfigure/BackgroundPreinitializer
05:45:42.151 [main] INFO org.evosuite.runtime.instrumentation.CreateClassResetClassAdapter - Found static initializer in class org/springframework/boot/autoconfigure/BackgroundPreinitializer
05:45:42.152 [main] DEBUG org.evosuite.runtime.agent.TransformerForTests - Going to instrument: org.springframework.format.datetime.standard.YearFormatter
05:45:42.152 [main] INFO org.evosuite.runtime.instrumentation.MethodCallReplacementClassAdapter - Adding mock interface to class org/springframework/format/datetime/standard/YearFormatter
05:45:42.152 [main] INFO org.evosuite.runtime.instrumentation.CreateClassResetClassAdapter - Creating brand-new static initializer in class org/springframework/format/datetime/standard/YearFormatter
05:45:42.152 [main] DEBUG org.evosuite.runtime.agent.TransformerForTests - Going to instrument: org.yaml.snakeyaml.representer.SafeRepresenter$RepresentSet
05:45:42.152 [main] INFO org.evosuite.runtime.instrumentation.MethodCallReplacementClassAdapter - Adding mock interface to class org/yaml/snakeyaml/representer/SafeRepresenter$RepresentSet
05:45:42.152 [main] INFO org.evosuite.runtime.instrumentation.CreateClassResetClassAdapter - Creating brand-new static initializer in class org/yaml/snakeyaml/representer/SafeRepresenter$RepresentSet
05:45:42.153 [main] DEBUG org.evosuite.runtime.agent.TransformerForTests - Going to instrument: org.springframework.beans.factory.support.BeanDefinitionValueResolver
05:45:42.153 [main] INFO org.evosuite.runtime.instrumentation.MethodCallReplacementClassAdapter - Adding mock interface to class org/springframework/beans/factory/support/BeanDefinitionValueResolver
05:45:42.154 [main] INFO org.evosuite.runtime.instrumentation.CreateClassResetClassAdapter - Creating brand-new static initializer in class org/springframework/beans/factory/support/BeanDefinitionValueResolver
05:45:42.155 [main] DEBUG org.evosuite.runtime.agent.TransformerForTests - Going to instrument: org.springframework.core.type.classreading.SimpleMetadataReader
05:45:42.156 [main] INFO org.evosuite.runtime.instrumentation.MethodCallReplacementClassAdapter - Adding mock interface to class org/springframework/core/type/classreading/SimpleMetadataReader
05:45:42.156 [main] INFO org.evosuite.runtime.instrumentation.CreateClassResetClassAdapter - Creating brand-new static initializer in class org/springframework/core/type/classreading/SimpleMetadataReader
05:45:42.156 [main] INFO org.evosuite.runtime.instrumentation.CreateClassResetClassAdapter - Adding bytecode for initializing field PARSING_OPTIONS
05:45:42.156 [main] DEBUG org.evosuite.runtime.agent.TransformerForTests - Going to instrument: org.springframework.core.type.classreading.SimpleAnnotationMetadataReadingVisitor
05:45:42.156 [main] INFO org.evosuite.runtime.instrumentation.MethodCallReplacementClassAdapter - Adding mock interface to class org/springframework/core/type/classreading/SimpleAnnotationMetadataReadingVisitor
05:45:42.157 [main] INFO org.evosuite.runtime.instrumentation.CreateClassResetClassAdapter - Creating brand-new static initializer in class org/springframework/core/type/classreading/SimpleAnnotationMetadataReadingVisitor
05:45:42.158 [main] DEBUG org.evosuite.runtime.agent.TransformerForTests - Going to instrument: org.springframework.beans.factory.xml.XmlBeanDefinitionReader
05:45:42.158 [main] INFO org.evosuite.runtime.instrumentation.MethodCallReplacementClassAdapter - Adding mock interface to class org/springframework/beans/factory/xml/XmlBeanDefinitionReader
05:45:42.159 [main] INFO org.evosuite.runtime.instrumentation.CreateClassResetClassAdapter - Found static initializer in class org/springframework/beans/factory/xml/XmlBeanDefinitionReader
05:45:42.160 [main] DEBUG org.evosuite.runtime.agent.TransformerForTests - Going to instrument: org.springframework.beans.factory.xml.NamespaceHandlerResolver
05:45:42.161 [main] DEBUG org.evosuite.runtime.agent.TransformerForTests - Going to instrument: org.springframework.beans.MutablePropertyValues
05:45:42.161 [main] INFO org.evosuite.runtime.instrumentation.MethodCallReplacementClassAdapter - Adding mock interface to class org/springframework/beans/MutablePropertyValues
05:45:42.162 [main] INFO org.evosuite.runtime.instrumentation.CreateClassResetClassAdapter - Creating brand-new static initializer in class org/springframework/beans/MutablePropertyValues
05:45:42.163 [main] DEBUG org.evosuite.runtime.agent.TransformerForTests - Going to instrument: org.springframework.context.annotation.ParserStrategyUtils
05:45:42.163 [main] INFO org.evosuite.runtime.instrumentation.MethodCallReplacementClassAdapter - Adding mock interface to class org/springframework/context/annotation/ParserStrategyUtils
05:45:42.164 [main] INFO org.evosuite.runtime.instrumentation.CreateClassResetClassAdapter - Creating brand-new static initializer in class org/springframework/context/annotation/ParserStrategyUtils
05:45:42.164 [main] DEBUG org.evosuite.runtime.agent.TransformerForTests - Going to instrument: org.springframework.core.type.StandardAnnotationMetadata
05:45:42.164 [main] INFO org.evosuite.runtime.instrumentation.MethodCallReplacementClassAdapter - Adding mock interface to class org/springframework/core/type/StandardAnnotationMetadata
05:45:42.165 [main] INFO org.evosuite.runtime.instrumentation.CreateClassResetClassAdapter - Creating brand-new static initializer in class org/springframework/core/type/StandardAnnotationMetadata
05:45:42.166 [main] DEBUG org.evosuite.runtime.agent.TransformerForTests - Going to instrument: org.springframework.boot.diagnostics.FailureAnalyzers
05:45:42.166 [main] INFO org.evosuite.runtime.instrumentation.MethodCallReplacementClassAdapter - Adding mock interface to class org/springframework/boot/diagnostics/FailureAnalyzers
05:45:42.166 [main] INFO org.evosuite.runtime.instrumentation.CreateClassResetClassAdapter - Found static initializer in class org/springframework/boot/diagnostics/FailureAnalyzers
05:45:42.167 [main] DEBUG org.evosuite.runtime.agent.TransformerForTests - Going to instrument: org.springframework.format.datetime.DateFormatterRegistrar$LongToDateConverter
05:45:42.167 [main] INFO org.evosuite.runtime.instrumentation.MethodCallReplacementClassAdapter - Adding mock interface to class org/springframework/format/datetime/DateFormatterRegistrar$LongToDateConverter
05:45:42.168 [main] INFO org.evosuite.runtime.instrumentation.CreateClassResetClassAdapter - Creating brand-new static initializer in class org/springframework/format/datetime/DateFormatterRegistrar$LongToDateConverter
05:45:42.168 [main] DEBUG org.evosuite.runtime.agent.TransformerForTests - Going to instrument: org.springframework.core.annotation.AnnotationAttributes
05:45:42.169 [main] INFO org.evosuite.runtime.instrumentation.MethodCallReplacementClassAdapter - Adding mock interface to class org/springframework/core/annotation/AnnotationAttributes
05:45:42.169 [main] INFO org.evosuite.runtime.instrumentation.CreateClassResetClassAdapter - Creating brand-new static initializer in class org/springframework/core/annotation/AnnotationAttributes
05:45:42.169 [main] INFO org.evosuite.runtime.instrumentation.CreateClassResetClassAdapter - Adding bytecode for initializing field UNKNOWN
05:45:42.170 [main] DEBUG org.evosuite.runtime.agent.TransformerForTests - Going to instrument: org.springframework.web.servlet.config.annotation.WebMvcConfigurer
05:45:42.171 [main] DEBUG org.evosuite.runtime.agent.TransformerForTests - Going to instrument: org.springframework.context.annotation.Primary
05:45:42.171 [main] DEBUG org.evosuite.runtime.agent.TransformerForTests - Going to instrument: org.springframework.beans.factory.BeanFactoryUtils
05:45:42.172 [main] INFO org.evosuite.runtime.instrumentation.MethodCallReplacementClassAdapter - Adding mock interface to class org/springframework/beans/factory/BeanFactoryUtils
05:45:42.172 [main] INFO org.evosuite.runtime.instrumentation.CreateClassResetClassAdapter - Found static initializer in class org/springframework/beans/factory/BeanFactoryUtils
05:45:42.174 [main] DEBUG org.evosuite.runtime.agent.TransformerForTests - Going to instrument: org.springframework.context.annotation.ConfigurationClass
05:45:42.174 [main] INFO org.evosuite.runtime.instrumentation.MethodCallReplacementClassAdapter - Adding mock interface to class org/springframework/context/annotation/ConfigurationClass
05:45:42.174 [main] INFO org.evosuite.runtime.instrumentation.CreateClassResetClassAdapter - Creating brand-new static initializer in class org/springframework/context/annotation/ConfigurationClass
05:45:42.175 [main] DEBUG org.evosuite.runtime.agent.TransformerForTests - Going to instrument: org.springframework.core.convert.support.ByteBufferConverter
05:45:42.176 [main] INFO org.evosuite.runtime.instrumentation.MethodCallReplacementClassAdapter - Adding mock interface to class org/springframework/core/convert/support/ByteBufferConverter
05:45:42.176 [main] INFO org.evosuite.runtime.instrumentation.CreateClassResetClassAdapter - Found static initializer in class org/springframework/core/convert/support/ByteBufferConverter
05:45:42.177 [main] DEBUG org.evosuite.runtime.agent.TransformerForTests - Going to instrument: org.springframework.boot.BeanDefinitionLoader$ClassExcludeFilter
05:45:42.177 [main] INFO org.evosuite.runtime.instrumentation.MethodCallReplacementClassAdapter - Adding mock interface to class org/springframework/boot/BeanDefinitionLoader$ClassExcludeFilter
05:45:42.177 [main] INFO org.evosuite.runtime.instrumentation.CreateClassResetClassAdapter - Creating brand-new static initializer in class org/springframework/boot/BeanDefinitionLoader$ClassExcludeFilter
05:45:42.178 [main] DEBUG org.evosuite.runtime.agent.TransformerForTests - Going to instrument: org.springframework.boot.convert.StringToDataSizeConverter
05:45:42.178 [main] INFO org.evosuite.runtime.instrumentation.MethodCallReplacementClassAdapter - Adding mock interface to class org/springframework/boot/convert/StringToDataSizeConverter
05:45:42.178 [main] INFO org.evosuite.runtime.instrumentation.CreateClassResetClassAdapter - Creating brand-new static initializer in class org/springframework/boot/convert/StringToDataSizeConverter
05:45:42.178 [main] DEBUG org.evosuite.runtime.agent.TransformerForTests - Going to instrument: org.springframework.boot.convert.LenientStringToEnumConverterFactory
05:45:42.178 [main] INFO org.evosuite.runtime.instrumentation.MethodCallReplacementClassAdapter - Adding mock interface to class org/springframework/boot/convert/LenientStringToEnumConverterFactory
05:45:42.178 [main] INFO org.evosuite.runtime.instrumentation.CreateClassResetClassAdapter - Creating brand-new static initializer in class org/springframework/boot/convert/LenientStringToEnumConverterFactory
05:45:42.179 [main] DEBUG org.evosuite.runtime.agent.TransformerForTests - Going to instrument: org.springframework.core.annotation.TypeMappedAnnotations$IsPresent
05:45:42.179 [main] INFO org.evosuite.runtime.instrumentation.MethodCallReplacementClassAdapter - Adding mock interface to class org/springframework/core/annotation/TypeMappedAnnotations$IsPresent
05:45:42.179 [main] INFO org.evosuite.runtime.instrumentation.CreateClassResetClassAdapter - Found static initializer in class org/springframework/core/annotation/TypeMappedAnnotations$IsPresent
05:45:42.180 [main] DEBUG org.evosuite.runtime.agent.TransformerForTests - Going to instrument: org.springframework.boot.diagnostics.FailureAnalysis
05:45:42.180 [main] INFO org.evosuite.runtime.instrumentation.MethodCallReplacementClassAdapter - Adding mock interface to class org/springframework/boot/diagnostics/FailureAnalysis
05:45:42.180 [main] INFO org.evosuite.runtime.instrumentation.CreateClassResetClassAdapter - Creating brand-new static initializer in class org/springframework/boot/diagnostics/FailureAnalysis
05:45:42.181 [main] DEBUG org.evosuite.runtime.agent.TransformerForTests - Going to instrument: org.yaml.snakeyaml.DumperOptions$LineBreak
05:45:42.181 [main] INFO org.evosuite.runtime.instrumentation.MethodCallReplacementClassAdapter - Adding mock interface to class org/yaml/snakeyaml/DumperOptions$LineBreak
05:45:42.181 [main] INFO org.evosuite.runtime.instrumentation.CreateClassResetClassAdapter - Found static initializer in class org/yaml/snakeyaml/DumperOptions$LineBreak
05:45:42.181 [main] DEBUG org.evosuite.runtime.agent.TransformerForTests - Going to instrument: org.springframework.core.convert.support.ObjectToCollectionConverter
05:45:42.181 [main] INFO org.evosuite.runtime.instrumentation.MethodCallReplacementClassAdapter - Adding mock interface to class org/springframework/core/convert/support/ObjectToCollectionConverter
05:45:42.182 [main] INFO org.evosuite.runtime.instrumentation.CreateClassResetClassAdapter - Creating brand-new static initializer in class org/springframework/core/convert/support/ObjectToCollectionConverter
05:45:42.182 [main] DEBUG org.evosuite.runtime.agent.TransformerForTests - Going to instrument: org.springframework.core.convert.Property
05:45:42.182 [main] INFO org.evosuite.runtime.instrumentation.MethodCallReplacementClassAdapter - Adding mock interface to class org/springframework/core/convert/Property
05:45:42.183 [main] INFO org.evosuite.runtime.instrumentation.CreateClassResetClassAdapter - Found static initializer in class org/springframework/core/convert/Property
05:45:42.184 [main] DEBUG org.evosuite.runtime.agent.TransformerForTests - Going to instrument: org.springframework.context.annotation.ComponentScanAnnotationParser
05:45:42.184 [main] INFO org.evosuite.runtime.instrumentation.MethodCallReplacementClassAdapter - Adding mock interface to class org/springframework/context/annotation/ComponentScanAnnotationParser
05:45:42.185 [main] INFO org.evosuite.runtime.instrumentation.CreateClassResetClassAdapter - Creating brand-new static initializer in class org/springframework/context/annotation/ComponentScanAnnotationParser
05:45:42.186 [main] DEBUG org.evosuite.runtime.agent.TransformerForTests - Going to instrument: org.springframework.core.convert.support.ObjectToObjectConverter
05:45:42.186 [main] INFO org.evosuite.runtime.instrumentation.MethodCallReplacementClassAdapter - Adding mock interface to class org/springframework/core/convert/support/ObjectToObjectConverter
05:45:42.186 [main] INFO org.evosuite.runtime.instrumentation.CreateClassResetClassAdapter - Found static initializer in class org/springframework/core/convert/support/ObjectToObjectConverter
05:45:42.187 [main] DEBUG org.evosuite.runtime.agent.TransformerForTests - Going to instrument: org.springframework.boot.system.ApplicationPid
05:45:42.187 [main] INFO org.evosuite.runtime.instrumentation.MethodCallReplacementClassAdapter - Adding mock interface to class org/springframework/boot/system/ApplicationPid
05:45:42.188 [main] INFO org.evosuite.runtime.instrumentation.CreateClassResetClassAdapter - Found static initializer in class org/springframework/boot/system/ApplicationPid
05:45:42.189 [main] DEBUG org.evosuite.runtime.agent.TransformerForTests - Going to instrument: org.yaml.snakeyaml.representer.SafeRepresenter$RepresentPrimitiveArray
05:45:42.189 [main] INFO org.evosuite.runtime.instrumentation.MethodCallReplacementClassAdapter - Adding mock interface to class org/yaml/snakeyaml/representer/SafeRepresenter$RepresentPrimitiveArray
05:45:42.190 [main] INFO org.evosuite.runtime.instrumentation.CreateClassResetClassAdapter - Creating brand-new static initializer in class org/yaml/snakeyaml/representer/SafeRepresenter$RepresentPrimitiveArray
05:45:42.190 [main] DEBUG org.evosuite.runtime.agent.TransformerForTests - Going to instrument: org.springframework.boot.autoconfigure.AutoConfigurationMetadataLoader
05:45:42.190 [main] INFO org.evosuite.runtime.instrumentation.MethodCallReplacementClassAdapter - Adding mock interface to class org/springframework/boot/autoconfigure/AutoConfigurationMetadataLoader
05:45:42.191 [main] INFO org.evosuite.runtime.instrumentation.CreateClassResetClassAdapter - Creating brand-new static initializer in class org/springframework/boot/autoconfigure/AutoConfigurationMetadataLoader
05:45:42.191 [main] INFO org.evosuite.runtime.instrumentation.CreateClassResetClassAdapter - Adding bytecode for initializing field PATH
05:45:42.191 [main] DEBUG org.evosuite.runtime.agent.TransformerForTests - Going to instrument: org.springframework.jdbc.datasource.lookup.AbstractRoutingDataSource
05:45:42.191 [main] INFO org.evosuite.runtime.instrumentation.MethodCallReplacementClassAdapter - Adding mock interface to class org/springframework/jdbc/datasource/lookup/AbstractRoutingDataSource
05:45:42.192 [main] INFO org.evosuite.runtime.instrumentation.CreateClassResetClassAdapter - Creating brand-new static initializer in class org/springframework/jdbc/datasource/lookup/AbstractRoutingDataSource
05:45:42.193 [main] DEBUG org.evosuite.runtime.agent.TransformerForTests - Going to instrument: org.springframework.format.datetime.standard.Jsr310DateTimeFormatAnnotationFormatterFactory
05:45:42.193 [main] INFO org.evosuite.runtime.instrumentation.MethodCallReplacementClassAdapter - Adding mock interface to class org/springframework/format/datetime/standard/Jsr310DateTimeFormatAnnotationFormatterFactory
05:45:42.193 [main] INFO org.evosuite.runtime.instrumentation.CreateClassResetClassAdapter - Found static initializer in class org/springframework/format/datetime/standard/Jsr310DateTimeFormatAnnotationFormatterFactory
05:45:42.194 [main] DEBUG org.evosuite.runtime.agent.TransformerForTests - Going to instrument: org.springframework.format.datetime.standard.DateTimeConverters$OffsetDateTimeToLocalDateTimeConverter
05:45:42.194 [main] INFO org.evosuite.runtime.instrumentation.MethodCallReplacementClassAdapter - Adding mock interface to class org/springframework/format/datetime/standard/DateTimeConverters$OffsetDateTimeToLocalDateTimeConverter
05:45:42.194 [main] INFO org.evosuite.runtime.instrumentation.CreateClassResetClassAdapter - Creating brand-new static initializer in class org/springframework/format/datetime/standard/DateTimeConverters$OffsetDateTimeToLocalDateTimeConverter
05:45:42.194 [main] DEBUG org.evosuite.runtime.agent.TransformerForTests - Going to instrument: org.springframework.format.datetime.standard.YearMonthFormatter
05:45:42.194 [main] INFO org.evosuite.runtime.instrumentation.MethodCallReplacementClassAdapter - Adding mock interface to class org/springframework/format/datetime/standard/YearMonthFormatter
05:45:42.194 [main] INFO org.evosuite.runtime.instrumentation.CreateClassResetClassAdapter - Creating brand-new static initializer in class org/springframework/format/datetime/standard/YearMonthFormatter
05:45:42.195 [main] DEBUG org.evosuite.runtime.agent.TransformerForTests - Going to instrument: org.springframework.beans.factory.support.SimpleInstantiationStrategy
05:45:42.195 [main] INFO org.evosuite.runtime.instrumentation.MethodCallReplacementClassAdapter - Adding mock interface to class org/springframework/beans/factory/support/SimpleInstantiationStrategy
05:45:42.195 [main] INFO org.evosuite.runtime.instrumentation.CreateClassResetClassAdapter - Found static initializer in class org/springframework/beans/factory/support/SimpleInstantiationStrategy
05:45:42.196 [main] DEBUG org.evosuite.runtime.agent.TransformerForTests - Going to instrument: org.springframework.context.event.AbstractApplicationEventMulticaster$ListenerCacheKey
05:45:42.196 [main] INFO org.evosuite.runtime.instrumentation.MethodCallReplacementClassAdapter - Adding mock interface to class org/springframework/context/event/AbstractApplicationEventMulticaster$ListenerCacheKey
05:45:42.196 [main] INFO org.evosuite.runtime.instrumentation.CreateClassResetClassAdapter - Creating brand-new static initializer in class org/springframework/context/event/AbstractApplicationEventMulticaster$ListenerCacheKey
05:45:42.197 [main] DEBUG org.evosuite.runtime.agent.TransformerForTests - Going to instrument: org.springframework.core.convert.support.ArrayToStringConverter
05:45:42.197 [main] INFO org.evosuite.runtime.instrumentation.MethodCallReplacementClassAdapter - Adding mock interface to class org/springframework/core/convert/support/ArrayToStringConverter
05:45:42.197 [main] INFO org.evosuite.runtime.instrumentation.CreateClassResetClassAdapter - Creating brand-new static initializer in class org/springframework/core/convert/support/ArrayToStringConverter
05:45:42.197 [main] DEBUG org.evosuite.runtime.agent.TransformerForTests - Going to instrument: org.springframework.beans.factory.annotation.Qualifier
05:45:42.198 [main] DEBUG org.evosuite.runtime.agent.TransformerForTests - Going to instrument: org.springframework.format.datetime.standard.DateTimeConverters$CalendarToLocalDateTimeConverter
05:45:42.198 [main] INFO org.evosuite.runtime.instrumentation.MethodCallReplacementClassAdapter - Adding mock interface to class org/springframework/format/datetime/standard/DateTimeConverters$CalendarToLocalDateTimeConverter
05:45:42.198 [main] INFO org.evosuite.runtime.instrumentation.CreateClassResetClassAdapter - Creating brand-new static initializer in class org/springframework/format/datetime/standard/DateTimeConverters$CalendarToLocalDateTimeConverter
05:45:42.199 [main] DEBUG org.evosuite.runtime.agent.TransformerForTests - Going to instrument: org.springframework.cache.interceptor.CacheAspectSupport
05:45:42.199 [main] INFO org.evosuite.runtime.instrumentation.MethodCallReplacementClassAdapter - Adding mock interface to class org/springframework/cache/interceptor/CacheAspectSupport
05:45:42.201 [main] INFO org.evosuite.runtime.instrumentation.CreateClassResetClassAdapter - Creating brand-new static initializer in class org/springframework/cache/interceptor/CacheAspectSupport
05:45:42.202 [main] DEBUG org.evosuite.runtime.agent.TransformerForTests - Going to instrument: org.springframework.cache.Cache$ValueRetrievalException
05:45:42.202 [main] INFO org.evosuite.runtime.instrumentation.MethodCallReplacementClassAdapter - Adding mock interface to class org/springframework/cache/Cache$ValueRetrievalException
05:45:42.202 [main] INFO org.evosuite.runtime.instrumentation.CreateClassResetClassAdapter - Creating brand-new static initializer in class org/springframework/cache/Cache$ValueRetrievalException
05:45:42.203 [main] DEBUG org.evosuite.runtime.agent.TransformerForTests - Going to instrument: org.springframework.cache.interceptor.CacheOperationSource
05:45:42.203 [main] DEBUG org.evosuite.runtime.agent.TransformerForTests - Going to instrument: org.springframework.cache.interceptor.CacheResolver
05:45:42.203 [main] DEBUG org.evosuite.runtime.agent.TransformerForTests - Going to instrument: org.springframework.cache.interceptor.VariableNotAvailableException
05:45:42.203 [main] INFO org.evosuite.runtime.instrumentation.MethodCallReplacementClassAdapter - Adding mock interface to class org/springframework/cache/interceptor/VariableNotAvailableException
05:45:42.203 [main] INFO org.evosuite.runtime.instrumentation.CreateClassResetClassAdapter - Creating brand-new static initializer in class org/springframework/cache/interceptor/VariableNotAvailableException
05:45:42.204 [main] DEBUG org.evosuite.runtime.agent.TransformerForTests - Going to instrument: org.springframework.boot.diagnostics.analyzer.BeanCurrentlyInCreationFailureAnalyzer
05:45:42.204 [main] INFO org.evosuite.runtime.instrumentation.MethodCallReplacementClassAdapter - Adding mock interface to class org/springframework/boot/diagnostics/analyzer/BeanCurrentlyInCreationFailureAnalyzer
05:45:42.205 [main] INFO org.evosuite.runtime.instrumentation.CreateClassResetClassAdapter - Creating brand-new static initializer in class org/springframework/boot/diagnostics/analyzer/BeanCurrentlyInCreationFailureAnalyzer
05:45:42.206 [main] DEBUG org.evosuite.runtime.agent.TransformerForTests - Going to instrument: org.springframework.boot.liquibase.LiquibaseServiceLocatorApplicationListener
05:45:42.207 [main] INFO org.evosuite.runtime.instrumentation.MethodCallReplacementClassAdapter - Adding mock interface to class org/springframework/boot/liquibase/LiquibaseServiceLocatorApplicationListener
05:45:42.207 [main] INFO org.evosuite.runtime.instrumentation.CreateClassResetClassAdapter - Found static initializer in class org/springframework/boot/liquibase/LiquibaseServiceLocatorApplicationListener
05:45:42.208 [main] DEBUG org.evosuite.runtime.agent.TransformerForTests - Going to instrument: org.springframework.context.ApplicationEventPublisherAware
05:45:42.209 [main] DEBUG org.evosuite.runtime.agent.TransformerForTests - Going to instrument: org.hibernate.type.descriptor.WrapperOptions
05:45:42.209 [main] DEBUG org.evosuite.runtime.agent.TransformerForTests - Going to instrument: org.springframework.core.LocalVariableTableParameterNameDiscoverer$LocalVariableTableVisitor
05:45:42.209 [main] INFO org.evosuite.runtime.instrumentation.MethodCallReplacementClassAdapter - Adding mock interface to class org/springframework/core/LocalVariableTableParameterNameDiscoverer$LocalVariableTableVisitor
05:45:42.210 [main] INFO org.evosuite.runtime.instrumentation.CreateClassResetClassAdapter - Creating brand-new static initializer in class org/springframework/core/LocalVariableTableParameterNameDiscoverer$LocalVariableTableVisitor
05:45:42.210 [main] INFO org.evosuite.runtime.instrumentation.CreateClassResetClassAdapter - Adding bytecode for initializing field CONSTRUCTOR
05:45:42.210 [main] DEBUG org.evosuite.runtime.agent.TransformerForTests - Going to instrument: org.springframework.core.convert.support.ZonedDateTimeToCalendarConverter
05:45:42.211 [main] INFO org.evosuite.runtime.instrumentation.MethodCallReplacementClassAdapter - Adding mock interface to class org/springframework/core/convert/support/ZonedDateTimeToCalendarConverter
05:45:42.211 [main] INFO org.evosuite.runtime.instrumentation.CreateClassResetClassAdapter - Creating brand-new static initializer in class org/springframework/core/convert/support/ZonedDateTimeToCalendarConverter
05:45:42.211 [main] DEBUG org.evosuite.runtime.agent.TransformerForTests - Going to instrument: org.springframework.boot.SpringApplicationRunListener
05:45:42.212 [main] DEBUG org.evosuite.runtime.agent.TransformerForTests - Going to instrument: org.springframework.boot.autoconfigure.AutoConfigurationSorter
05:45:42.212 [main] INFO org.evosuite.runtime.instrumentation.MethodCallReplacementClassAdapter - Adding mock interface to class org/springframework/boot/autoconfigure/AutoConfigurationSorter
05:45:42.212 [main] INFO org.evosuite.runtime.instrumentation.CreateClassResetClassAdapter - Creating brand-new static initializer in class org/springframework/boot/autoconfigure/AutoConfigurationSorter
05:45:42.213 [main] DEBUG org.evosuite.runtime.agent.TransformerForTests - Going to instrument: org.springframework.context.annotation.Bean
05:45:42.214 [main] DEBUG org.evosuite.runtime.agent.TransformerForTests - Going to instrument: org.springframework.boot.convert.NumberToPeriodConverter
05:45:42.214 [main] INFO org.evosuite.runtime.instrumentation.MethodCallReplacementClassAdapter - Adding mock interface to class org/springframework/boot/convert/NumberToPeriodConverter
05:45:42.214 [main] INFO org.evosuite.runtime.instrumentation.CreateClassResetClassAdapter - Creating brand-new static initializer in class org/springframework/boot/convert/NumberToPeriodConverter
05:45:42.214 [main] DEBUG org.evosuite.runtime.agent.TransformerForTests - Going to instrument: org.springframework.boot.context.config.ConfigFileApplicationListener$PropertySourceOrderingPostProcessor
05:45:42.214 [main] INFO org.evosuite.runtime.instrumentation.MethodCallReplacementClassAdapter - Adding mock interface to class org/springframework/boot/context/config/ConfigFileApplicationListener$PropertySourceOrderingPostProcessor
05:45:42.214 [main] INFO org.evosuite.runtime.instrumentation.CreateClassResetClassAdapter - Creating brand-new static initializer in class org/springframework/boot/context/config/ConfigFileApplicationListener$PropertySourceOrderingPostProcessor
05:45:42.215 [main] DEBUG org.evosuite.runtime.agent.TransformerForTests - Going to instrument: org.springframework.core.convert.support.GenericConversionService$ConverterFactoryAdapter
05:45:42.215 [main] INFO org.evosuite.runtime.instrumentation.MethodCallReplacementClassAdapter - Adding mock interface to class org/springframework/core/convert/support/GenericConversionService$ConverterFactoryAdapter
05:45:42.215 [main] INFO org.evosuite.runtime.instrumentation.CreateClassResetClassAdapter - Creating brand-new static initializer in class org/springframework/core/convert/support/GenericConversionService$ConverterFactoryAdapter
05:45:42.216 [main] DEBUG org.evosuite.runtime.agent.TransformerForTests - Going to instrument: org.yaml.snakeyaml.constructor.SafeConstructor$ConstructYamlInt
05:45:42.216 [main] INFO org.evosuite.runtime.instrumentation.MethodCallReplacementClassAdapter - Adding mock interface to class org/yaml/snakeyaml/constructor/SafeConstructor$ConstructYamlInt
05:45:42.216 [main] INFO org.evosuite.runtime.instrumentation.CreateClassResetClassAdapter - Creating brand-new static initializer in class org/yaml/snakeyaml/constructor/SafeConstructor$ConstructYamlInt
05:45:42.216 [main] DEBUG org.evosuite.runtime.agent.TransformerForTests - Going to instrument: org.springframework.core.NamedInheritableThreadLocal
05:45:42.216 [main] INFO org.evosuite.runtime.instrumentation.MethodCallReplacementClassAdapter - Adding mock interface to class org/springframework/core/NamedInheritableThreadLocal
05:45:42.217 [main] INFO org.evosuite.runtime.instrumentation.CreateClassResetClassAdapter - Creating brand-new static initializer in class org/springframework/core/NamedInheritableThreadLocal
05:45:42.217 [main] DEBUG org.evosuite.runtime.agent.TransformerForTests - Going to instrument: org.springframework.boot.diagnostics.analyzer.UnboundConfigurationPropertyFailureAnalyzer
05:45:42.217 [main] INFO org.evosuite.runtime.instrumentation.MethodCallReplacementClassAdapter - Adding mock interface to class org/springframework/boot/diagnostics/analyzer/UnboundConfigurationPropertyFailureAnalyzer
05:45:42.218 [main] INFO org.evosuite.runtime.instrumentation.CreateClassResetClassAdapter - Creating brand-new static initializer in class org/springframework/boot/diagnostics/analyzer/UnboundConfigurationPropertyFailureAnalyzer
05:45:42.218 [main] DEBUG org.evosuite.runtime.agent.TransformerForTests - Going to instrument: org.springframework.core.type.filter.AnnotationTypeFilter
05:45:42.218 [main] INFO org.evosuite.runtime.instrumentation.MethodCallReplacementClassAdapter - Adding mock interface to class org/springframework/core/type/filter/AnnotationTypeFilter
05:45:42.218 [main] INFO org.evosuite.runtime.instrumentation.CreateClassResetClassAdapter - Creating brand-new static initializer in class org/springframework/core/type/filter/AnnotationTypeFilter
05:45:42.219 [main] DEBUG org.evosuite.runtime.agent.TransformerForTests - Going to instrument: org.springframework.boot.actuate.autoconfigure.health.ConditionalOnEnabledHealthIndicator
05:45:42.219 [main] DEBUG org.evosuite.runtime.agent.TransformerForTests - Going to instrument: org.springframework.boot.autoconfigure.condition.FilteringSpringBootCondition$ClassNameFilter$1
05:45:42.219 [main] INFO org.evosuite.runtime.instrumentation.MethodCallReplacementClassAdapter - Adding mock interface to class org/springframework/boot/autoconfigure/condition/FilteringSpringBootCondition$ClassNameFilter$1
05:45:42.220 [main] DEBUG org.evosuite.runtime.agent.TransformerForTests - Going to instrument: org.springframework.boot.autoconfigure.condition.FilteringSpringBootCondition$ClassNameFilter
05:45:42.220 [main] INFO org.evosuite.runtime.instrumentation.MethodCallReplacementClassAdapter - Adding mock interface to class org/springframework/boot/autoconfigure/condition/FilteringSpringBootCondition$ClassNameFilter
05:45:42.220 [main] INFO org.evosuite.runtime.instrumentation.CreateClassResetClassAdapter - Found static initializer in class org/springframework/boot/autoconfigure/condition/FilteringSpringBootCondition$ClassNameFilter
05:45:42.220 [main] DEBUG org.evosuite.runtime.agent.TransformerForTests - Going to instrument: org.springframework.boot.autoconfigure.condition.FilteringSpringBootCondition$ClassNameFilter$2
05:45:42.220 [main] INFO org.evosuite.runtime.instrumentation.MethodCallReplacementClassAdapter - Adding mock interface to class org/springframework/boot/autoconfigure/condition/FilteringSpringBootCondition$ClassNameFilter$2
05:45:42.221 [main] DEBUG org.evosuite.runtime.agent.TransformerForTests - Going to instrument: org.yaml.snakeyaml.DumperOptions$NonPrintableStyle
05:45:42.221 [main] INFO org.evosuite.runtime.instrumentation.MethodCallReplacementClassAdapter - Adding mock interface to class org/yaml/snakeyaml/DumperOptions$NonPrintableStyle
05:45:42.221 [main] INFO org.evosuite.runtime.instrumentation.CreateClassResetClassAdapter - Found static initializer in class org/yaml/snakeyaml/DumperOptions$NonPrintableStyle
05:45:42.222 [main] DEBUG org.evosuite.runtime.agent.TransformerForTests - Going to instrument: org.springframework.core.annotation.TypeMappedAnnotation
05:45:42.223 [main] INFO org.evosuite.runtime.instrumentation.MethodCallReplacementClassAdapter - Adding mock interface to class org/springframework/core/annotation/TypeMappedAnnotation
05:45:42.225 [main] INFO org.evosuite.runtime.instrumentation.CreateClassResetClassAdapter - Found static initializer in class org/springframework/core/annotation/TypeMappedAnnotation
05:45:42.226 [main] DEBUG org.evosuite.runtime.agent.TransformerForTests - Going to instrument: org.springframework.beans.propertyeditors.ReaderEditor
05:45:42.226 [main] INFO org.evosuite.runtime.instrumentation.MethodCallReplacementClassAdapter - Adding mock interface to class org/springframework/beans/propertyeditors/ReaderEditor
05:45:42.227 [main] INFO org.evosuite.runtime.instrumentation.CreateClassResetClassAdapter - Creating brand-new static initializer in class org/springframework/beans/propertyeditors/ReaderEditor
05:45:42.227 [main] DEBUG org.evosuite.runtime.agent.TransformerForTests - Going to instrument: org.springframework.boot.logging.logback.DefaultLogbackConfiguration
05:45:42.228 [main] INFO org.evosuite.runtime.instrumentation.MethodCallReplacementClassAdapter - Adding mock interface to class org/springframework/boot/logging/logback/DefaultLogbackConfiguration
05:45:42.228 [main] INFO org.evosuite.runtime.instrumentation.CreateClassResetClassAdapter - Found static initializer in class org/springframework/boot/logging/logback/DefaultLogbackConfiguration
05:45:42.231 [main] DEBUG org.evosuite.runtime.agent.TransformerForTests - Going to instrument: org.springframework.core.env.PropertySourcesPropertyResolver
05:45:42.231 [main] INFO org.evosuite.runtime.instrumentation.MethodCallReplacementClassAdapter - Adding mock interface to class org/springframework/core/env/PropertySourcesPropertyResolver
05:45:42.231 [main] INFO org.evosuite.runtime.instrumentation.CreateClassResetClassAdapter - Creating brand-new static initializer in class org/springframework/core/env/PropertySourcesPropertyResolver
05:45:42.232 [main] DEBUG org.evosuite.runtime.agent.TransformerForTests - Going to instrument: org.springframework.boot.env.SystemEnvironmentPropertySourceEnvironmentPostProcessor
05:45:42.232 [main] INFO org.evosuite.runtime.instrumentation.MethodCallReplacementClassAdapter - Adding mock interface to class org/springframework/boot/env/SystemEnvironmentPropertySourceEnvironmentPostProcessor
05:45:42.232 [main] INFO org.evosuite.runtime.instrumentation.CreateClassResetClassAdapter - Creating brand-new static initializer in class org/springframework/boot/env/SystemEnvironmentPropertySourceEnvironmentPostProcessor
05:45:42.232 [main] INFO org.evosuite.runtime.instrumentation.CreateClassResetClassAdapter - Adding bytecode for initializing field DEFAULT_ORDER
05:45:42.232 [main] DEBUG org.evosuite.runtime.agent.TransformerForTests - Going to instrument: org.springframework.boot.env.SystemEnvironmentPropertySourceEnvironmentPostProcessor$OriginAwareSystemEnvironmentPropertySource
05:45:42.233 [main] INFO org.evosuite.runtime.instrumentation.MethodCallReplacementClassAdapter - Adding mock interface to class org/springframework/boot/env/SystemEnvironmentPropertySourceEnvironmentPostProcessor$OriginAwareSystemEnvironmentPropertySource
05:45:42.233 [main] INFO org.evosuite.runtime.instrumentation.CreateClassResetClassAdapter - Creating brand-new static initializer in class org/springframework/boot/env/SystemEnvironmentPropertySourceEnvironmentPostProcessor$OriginAwareSystemEnvironmentPropertySource
05:45:42.233 [main] DEBUG org.evosuite.runtime.agent.TransformerForTests - Going to instrument: org.springframework.format.datetime.standard.InstantFormatter
05:45:42.233 [main] INFO org.evosuite.runtime.instrumentation.MethodCallReplacementClassAdapter - Adding mock interface to class org/springframework/format/datetime/standard/InstantFormatter
05:45:42.233 [main] INFO org.evosuite.runtime.instrumentation.CreateClassResetClassAdapter - Creating brand-new static initializer in class org/springframework/format/datetime/standard/InstantFormatter
05:45:42.234 [main] DEBUG org.evosuite.runtime.agent.TransformerForTests - Going to instrument: org.springframework.core.io.support.ResourcePatternUtils
05:45:42.234 [main] INFO org.evosuite.runtime.instrumentation.MethodCallReplacementClassAdapter - Adding mock interface to class org/springframework/core/io/support/ResourcePatternUtils
05:45:42.234 [main] INFO org.evosuite.runtime.instrumentation.CreateClassResetClassAdapter - Creating brand-new static initializer in class org/springframework/core/io/support/ResourcePatternUtils
05:45:42.234 [main] DEBUG org.evosuite.runtime.agent.TransformerForTests - Going to instrument: org.springframework.boot.autoconfigure.condition.ConditionalOnClass
05:45:42.235 [main] DEBUG org.evosuite.runtime.agent.TransformerForTests - Going to instrument: org.springframework.aop.framework.Advised
05:45:42.236 [main] DEBUG org.evosuite.runtime.agent.TransformerForTests - Going to instrument: io.micrometer.core.instrument.composite.CompositeMeterRegistry
05:45:42.236 [main] INFO org.evosuite.runtime.instrumentation.MethodCallReplacementClassAdapter - Adding mock interface to class io/micrometer/core/instrument/composite/CompositeMeterRegistry
05:45:42.237 [main] INFO org.evosuite.runtime.instrumentation.CreateClassResetClassAdapter - Creating brand-new static initializer in class io/micrometer/core/instrument/composite/CompositeMeterRegistry
05:45:42.238 [main] DEBUG org.evosuite.runtime.agent.TransformerForTests - Going to instrument: io.micrometer.core.instrument.Counter
05:45:42.239 [main] DEBUG org.evosuite.runtime.agent.TransformerForTests - Going to instrument: io.micrometer.core.instrument.LongTaskTimer
05:45:42.240 [main] DEBUG org.evosuite.runtime.agent.TransformerForTests - Going to instrument: io.micrometer.core.instrument.distribution.HistogramSupport
05:45:42.242 [main] DEBUG org.evosuite.runtime.agent.TransformerForTests - Going to instrument: io.micrometer.core.instrument.Timer
05:45:42.243 [main] DEBUG org.evosuite.runtime.agent.TransformerForTests - Going to instrument: io.micrometer.core.instrument.DistributionSummary
05:45:42.244 [main] DEBUG org.evosuite.runtime.agent.TransformerForTests - Going to instrument: io.micrometer.core.instrument.FunctionTimer
05:45:42.245 [main] DEBUG org.evosuite.runtime.agent.TransformerForTests - Going to instrument: io.micrometer.core.instrument.FunctionCounter
05:45:42.245 [main] DEBUG org.evosuite.runtime.agent.TransformerForTests - Going to instrument: org.yaml.snakeyaml.representer.SafeRepresenter$RepresentMap
05:45:42.245 [main] INFO org.evosuite.runtime.instrumentation.MethodCallReplacementClassAdapter - Adding mock interface to class org/yaml/snakeyaml/representer/SafeRepresenter$RepresentMap
05:45:42.246 [main] INFO org.evosuite.runtime.instrumentation.CreateClassResetClassAdapter - Creating brand-new static initializer in class org/yaml/snakeyaml/representer/SafeRepresenter$RepresentMap
05:45:42.246 [main] DEBUG org.evosuite.runtime.agent.TransformerForTests - Going to instrument: org.springframework.beans.factory.annotation.Value
05:45:42.246 [main] DEBUG org.evosuite.runtime.agent.TransformerForTests - Going to instrument: org.springframework.core.KotlinDetector
05:45:42.246 [main] INFO org.evosuite.runtime.instrumentation.MethodCallReplacementClassAdapter - Adding mock interface to class org/springframework/core/KotlinDetector
05:45:42.246 [main] INFO org.evosuite.runtime.instrumentation.CreateClassResetClassAdapter - Found static initializer in class org/springframework/core/KotlinDetector
05:45:42.247 [main] DEBUG org.evosuite.runtime.agent.TransformerForTests - Going to instrument: org.springframework.boot.context.event.ApplicationEnvironmentPreparedEvent
05:45:42.247 [main] INFO org.evosuite.runtime.instrumentation.MethodCallReplacementClassAdapter - Adding mock interface to class org/springframework/boot/context/event/ApplicationEnvironmentPreparedEvent
05:45:42.247 [main] INFO org.evosuite.runtime.instrumentation.CreateClassResetClassAdapter - Creating brand-new static initializer in class org/springframework/boot/context/event/ApplicationEnvironmentPreparedEvent
05:45:42.248 [main] DEBUG org.evosuite.runtime.agent.TransformerForTests - Going to instrument: org.springframework.beans.factory.config.BeanDefinitionHolder
05:45:42.248 [main] INFO org.evosuite.runtime.instrumentation.MethodCallReplacementClassAdapter - Adding mock interface to class org/springframework/beans/factory/config/BeanDefinitionHolder
05:45:42.248 [main] INFO org.evosuite.runtime.instrumentation.CreateClassResetClassAdapter - Creating brand-new static initializer in class org/springframework/beans/factory/config/BeanDefinitionHolder
05:45:42.249 [main] DEBUG org.evosuite.runtime.agent.TransformerForTests - Going to instrument: org.springframework.context.annotation.ConfigurationCondition$ConfigurationPhase
05:45:42.249 [main] INFO org.evosuite.runtime.instrumentation.MethodCallReplacementClassAdapter - Adding mock interface to class org/springframework/context/annotation/ConfigurationCondition$ConfigurationPhase
05:45:42.249 [main] INFO org.evosuite.runtime.instrumentation.CreateClassResetClassAdapter - Found static initializer in class org/springframework/context/annotation/ConfigurationCondition$ConfigurationPhase
05:45:42.249 [main] DEBUG org.evosuite.runtime.agent.TransformerForTests - Going to instrument: org.springframework.format.datetime.standard.DateTimeConverters$OffsetDateTimeToInstantConverter
05:45:42.250 [main] INFO org.evosuite.runtime.instrumentation.MethodCallReplacementClassAdapter - Adding mock interface to class org/springframework/format/datetime/standard/DateTimeConverters$OffsetDateTimeToInstantConverter
05:45:42.250 [main] INFO org.evosuite.runtime.instrumentation.CreateClassResetClassAdapter - Creating brand-new static initializer in class org/springframework/format/datetime/standard/DateTimeConverters$OffsetDateTimeToInstantConverter
05:45:42.250 [main] DEBUG org.evosuite.runtime.agent.TransformerForTests - Going to instrument: org.springframework.beans.factory.xml.DefaultDocumentLoader
05:45:42.250 [main] INFO org.evosuite.runtime.instrumentation.MethodCallReplacementClassAdapter - Adding mock interface to class org/springframework/beans/factory/xml/DefaultDocumentLoader
05:45:42.250 [main] INFO org.evosuite.runtime.instrumentation.CreateClassResetClassAdapter - Found static initializer in class org/springframework/beans/factory/xml/DefaultDocumentLoader
05:45:42.251 [main] DEBUG org.evosuite.runtime.agent.TransformerForTests - Going to instrument: org.springframework.boot.convert.CollectionToDelimitedStringConverter
05:45:42.251 [main] INFO org.evosuite.runtime.instrumentation.MethodCallReplacementClassAdapter - Adding mock interface to class org/springframework/boot/convert/CollectionToDelimitedStringConverter
05:45:42.251 [main] INFO org.evosuite.runtime.instrumentation.CreateClassResetClassAdapter - Creating brand-new static initializer in class org/springframework/boot/convert/CollectionToDelimitedStringConverter
05:45:42.252 [main] DEBUG org.evosuite.runtime.agent.TransformerForTests - Going to instrument: org.springframework.boot.autoconfigure.condition.ConditionMessage$Builder
05:45:42.252 [main] INFO org.evosuite.runtime.instrumentation.MethodCallReplacementClassAdapter - Adding mock interface to class org/springframework/boot/autoconfigure/condition/ConditionMessage$Builder
05:45:42.252 [main] INFO org.evosuite.runtime.instrumentation.CreateClassResetClassAdapter - Creating brand-new static initializer in class org/springframework/boot/autoconfigure/condition/ConditionMessage$Builder
05:45:42.252 [main] DEBUG org.evosuite.runtime.agent.TransformerForTests - Going to instrument: org.springframework.boot.convert.StringToDurationConverter
05:45:42.252 [main] INFO org.evosuite.runtime.instrumentation.MethodCallReplacementClassAdapter - Adding mock interface to class org/springframework/boot/convert/StringToDurationConverter
05:45:42.253 [main] INFO org.evosuite.runtime.instrumentation.CreateClassResetClassAdapter - Creating brand-new static initializer in class org/springframework/boot/convert/StringToDurationConverter
05:45:42.261 [main] DEBUG org.evosuite.runtime.agent.TransformerForTests - Going to instrument: org.springframework.boot.logging.logback.SpringPropertyAction
05:45:42.261 [main] INFO org.evosuite.runtime.instrumentation.MethodCallReplacementClassAdapter - Adding mock interface to class org/springframework/boot/logging/logback/SpringPropertyAction
05:45:42.261 [main] INFO org.evosuite.runtime.instrumentation.CreateClassResetClassAdapter - Creating brand-new static initializer in class org/springframework/boot/logging/logback/SpringPropertyAction
05:45:42.261 [main] INFO org.evosuite.runtime.instrumentation.CreateClassResetClassAdapter - Adding bytecode for initializing field SOURCE_ATTRIBUTE
05:45:42.261 [main] INFO org.evosuite.runtime.instrumentation.CreateClassResetClassAdapter - Adding bytecode for initializing field DEFAULT_VALUE_ATTRIBUTE
05:45:42.262 [main] DEBUG org.evosuite.runtime.agent.TransformerForTests - Going to instrument: org.springframework.boot.logging.logback.SpringProfileAction
05:45:42.262 [main] INFO org.evosuite.runtime.instrumentation.MethodCallReplacementClassAdapter - Adding mock interface to class org/springframework/boot/logging/logback/SpringProfileAction
05:45:42.262 [main] INFO org.evosuite.runtime.instrumentation.CreateClassResetClassAdapter - Creating brand-new static initializer in class org/springframework/boot/logging/logback/SpringProfileAction
05:45:42.262 [main] DEBUG org.evosuite.runtime.agent.TransformerForTests - Going to instrument: org.yaml.snakeyaml.resolver.ResolverTuple
05:45:42.262 [main] INFO org.evosuite.runtime.instrumentation.MethodCallReplacementClassAdapter - Adding mock interface to class org/yaml/snakeyaml/resolver/ResolverTuple
05:45:42.263 [main] INFO org.evosuite.runtime.instrumentation.CreateClassResetClassAdapter - Creating brand-new static initializer in class org/yaml/snakeyaml/resolver/ResolverTuple
05:45:42.263 [main] DEBUG org.evosuite.runtime.agent.TransformerForTests - Going to instrument: org.springframework.expression.spel.support.StandardEvaluationContext
05:45:42.263 [main] INFO org.evosuite.runtime.instrumentation.MethodCallReplacementClassAdapter - Adding mock interface to class org/springframework/expression/spel/support/StandardEvaluationContext
05:45:42.264 [main] INFO org.evosuite.runtime.instrumentation.CreateClassResetClassAdapter - Creating brand-new static initializer in class org/springframework/expression/spel/support/StandardEvaluationContext
05:45:42.265 [main] DEBUG org.evosuite.runtime.agent.TransformerForTests - Going to instrument: org.springframework.beans.factory.config.YamlProcessor$ResolutionMethod
05:45:42.265 [main] INFO org.evosuite.runtime.instrumentation.MethodCallReplacementClassAdapter - Adding mock interface to class org/springframework/beans/factory/config/YamlProcessor$ResolutionMethod
05:45:42.265 [main] INFO org.evosuite.runtime.instrumentation.CreateClassResetClassAdapter - Found static initializer in class org/springframework/beans/factory/config/YamlProcessor$ResolutionMethod
05:45:42.266 [main] DEBUG org.evosuite.runtime.agent.TransformerForTests - Going to instrument: org.springframework.core.convert.support.StringToPropertiesConverter
05:45:42.266 [main] INFO org.evosuite.runtime.instrumentation.MethodCallReplacementClassAdapter - Adding mock interface to class org/springframework/core/convert/support/StringToPropertiesConverter
05:45:42.266 [main] INFO org.evosuite.runtime.instrumentation.CreateClassResetClassAdapter - Creating brand-new static initializer in class org/springframework/core/convert/support/StringToPropertiesConverter
05:45:42.266 [main] DEBUG org.evosuite.runtime.agent.TransformerForTests - Going to instrument: org.springframework.beans.factory.support.CglibSubclassingInstantiationStrategy
05:45:42.266 [main] INFO org.evosuite.runtime.instrumentation.MethodCallReplacementClassAdapter - Adding mock interface to class org/springframework/beans/factory/support/CglibSubclassingInstantiationStrategy
05:45:42.267 [main] INFO org.evosuite.runtime.instrumentation.CreateClassResetClassAdapter - Creating brand-new static initializer in class org/springframework/beans/factory/support/CglibSubclassingInstantiationStrategy
05:45:42.267 [main] INFO org.evosuite.runtime.instrumentation.CreateClassResetClassAdapter - Adding bytecode for initializing field PASSTHROUGH
05:45:42.267 [main] INFO org.evosuite.runtime.instrumentation.CreateClassResetClassAdapter - Adding bytecode for initializing field LOOKUP_OVERRIDE
05:45:42.267 [main] INFO org.evosuite.runtime.instrumentation.CreateClassResetClassAdapter - Adding bytecode for initializing field METHOD_REPLACER
05:45:42.267 [main] DEBUG org.evosuite.runtime.agent.TransformerForTests - Going to instrument: org.springframework.core.io.DefaultResourceLoader$ClassPathContextResource
05:45:42.267 [main] INFO org.evosuite.runtime.instrumentation.MethodCallReplacementClassAdapter - Adding mock interface to class org/springframework/core/io/DefaultResourceLoader$ClassPathContextResource
05:45:42.267 [main] INFO org.evosuite.runtime.instrumentation.CreateClassResetClassAdapter - Creating brand-new static initializer in class org/springframework/core/io/DefaultResourceLoader$ClassPathContextResource
05:45:42.268 [main] DEBUG org.evosuite.runtime.agent.TransformerForTests - Going to instrument: org.springframework.boot.StartupInfoLogger
05:45:42.268 [main] INFO org.evosuite.runtime.instrumentation.MethodCallReplacementClassAdapter - Adding mock interface to class org/springframework/boot/StartupInfoLogger
05:45:42.268 [main] INFO org.evosuite.runtime.instrumentation.CreateClassResetClassAdapter - Found static initializer in class org/springframework/boot/StartupInfoLogger
05:45:42.269 [main] DEBUG org.evosuite.runtime.agent.TransformerForTests - Going to instrument: org.springframework.context.annotation.ConditionEvaluator
05:45:42.269 [main] INFO org.evosuite.runtime.instrumentation.MethodCallReplacementClassAdapter - Adding mock interface to class org/springframework/context/annotation/ConditionEvaluator
05:45:42.270 [main] INFO org.evosuite.runtime.instrumentation.CreateClassResetClassAdapter - Creating brand-new static initializer in class org/springframework/context/annotation/ConditionEvaluator
05:45:42.270 [main] DEBUG org.evosuite.runtime.agent.TransformerForTests - Going to instrument: org.springframework.boot.context.properties.bind.BindResult
05:45:42.270 [main] INFO org.evosuite.runtime.instrumentation.MethodCallReplacementClassAdapter - Adding mock interface to class org/springframework/boot/context/properties/bind/BindResult
05:45:42.270 [main] INFO org.evosuite.runtime.instrumentation.CreateClassResetClassAdapter - Found static initializer in class org/springframework/boot/context/properties/bind/BindResult
05:45:42.271 [main] DEBUG org.evosuite.runtime.agent.TransformerForTests - Going to instrument: org.springframework.boot.convert.LenientBooleanToEnumConverterFactory
05:45:42.271 [main] INFO org.evosuite.runtime.instrumentation.MethodCallReplacementClassAdapter - Adding mock interface to class org/springframework/boot/convert/LenientBooleanToEnumConverterFactory
05:45:42.271 [main] INFO org.evosuite.runtime.instrumentation.CreateClassResetClassAdapter - Creating brand-new static initializer in class org/springframework/boot/convert/LenientBooleanToEnumConverterFactory
05:45:42.271 [main] DEBUG org.evosuite.runtime.agent.TransformerForTests - Going to instrument: org.springframework.context.annotation.ConfigurationClassParser$DeferredImportSelectorGrouping
05:45:42.271 [main] INFO org.evosuite.runtime.instrumentation.MethodCallReplacementClassAdapter - Adding mock interface to class org/springframework/context/annotation/ConfigurationClassParser$DeferredImportSelectorGrouping
05:45:42.272 [main] INFO org.evosuite.runtime.instrumentation.CreateClassResetClassAdapter - Creating brand-new static initializer in class org/springframework/context/annotation/ConfigurationClassParser$DeferredImportSelectorGrouping
05:45:42.272 [main] DEBUG org.evosuite.runtime.agent.TransformerForTests - Going to instrument: org.springframework.web.context.support.ServletContextResource
05:45:42.272 [main] INFO org.evosuite.runtime.instrumentation.MethodCallReplacementClassAdapter - Adding mock interface to class org/springframework/web/context/support/ServletContextResource
05:45:42.273 [main] INFO org.evosuite.runtime.instrumentation.CreateClassResetClassAdapter - Creating brand-new static initializer in class org/springframework/web/context/support/ServletContextResource
05:45:42.274 [main] DEBUG org.evosuite.runtime.agent.TransformerForTests - Going to instrument: org.springframework.boot.context.event.EventPublishingRunListener
05:45:42.274 [main] INFO org.evosuite.runtime.instrumentation.MethodCallReplacementClassAdapter - Adding mock interface to class org/springframework/boot/context/event/EventPublishingRunListener
05:45:42.274 [main] INFO org.evosuite.runtime.instrumentation.CreateClassResetClassAdapter - Creating brand-new static initializer in class org/springframework/boot/context/event/EventPublishingRunListener
05:45:42.275 [main] DEBUG org.evosuite.runtime.agent.TransformerForTests - Going to instrument: org.springframework.boot.context.properties.source.FilteredIterableConfigurationPropertiesSource
05:45:42.275 [main] INFO org.evosuite.runtime.instrumentation.MethodCallReplacementClassAdapter - Adding mock interface to class org/springframework/boot/context/properties/source/FilteredIterableConfigurationPropertiesSource
05:45:42.275 [main] INFO org.evosuite.runtime.instrumentation.CreateClassResetClassAdapter - Creating brand-new static initializer in class org/springframework/boot/context/properties/source/FilteredIterableConfigurationPropertiesSource
05:45:42.276 [main] DEBUG org.evosuite.runtime.agent.TransformerForTests - Going to instrument: org.springframework.boot.env.SpringApplicationJsonEnvironmentPostProcessor$JsonPropertyValue
05:45:42.276 [main] INFO org.evosuite.runtime.instrumentation.MethodCallReplacementClassAdapter - Adding mock interface to class org/springframework/boot/env/SpringApplicationJsonEnvironmentPostProcessor$JsonPropertyValue
05:45:42.276 [main] INFO org.evosuite.runtime.instrumentation.CreateClassResetClassAdapter - Found static initializer in class org/springframework/boot/env/SpringApplicationJsonEnvironmentPostProcessor$JsonPropertyValue
05:45:42.277 [main] DEBUG org.evosuite.runtime.agent.TransformerForTests - Going to instrument: org.springframework.format.number.NumberFormatAnnotationFormatterFactory
05:45:42.277 [main] INFO org.evosuite.runtime.instrumentation.MethodCallReplacementClassAdapter - Adding mock interface to class org/springframework/format/number/NumberFormatAnnotationFormatterFactory
05:45:42.277 [main] INFO org.evosuite.runtime.instrumentation.CreateClassResetClassAdapter - Creating brand-new static initializer in class org/springframework/format/number/NumberFormatAnnotationFormatterFactory
05:45:42.277 [main] DEBUG org.evosuite.runtime.agent.TransformerForTests - Going to instrument: org.springframework.boot.context.config.ConfigFileApplicationListener$DocumentConsumer
05:45:42.278 [main] DEBUG org.evosuite.runtime.agent.TransformerForTests - Going to instrument: org.springframework.core.annotation.AnnotationsScanner$1
05:45:42.278 [main] INFO org.evosuite.runtime.instrumentation.MethodCallReplacementClassAdapter - Adding mock interface to class org/springframework/core/annotation/AnnotationsScanner$1
05:45:42.278 [main] DEBUG org.evosuite.runtime.agent.TransformerForTests - Going to instrument: org.springframework.core.io.FileSystemResource
05:45:42.279 [main] INFO org.evosuite.runtime.instrumentation.MethodCallReplacementClassAdapter - Adding mock interface to class org/springframework/core/io/FileSystemResource
05:45:42.279 [main] INFO org.evosuite.runtime.instrumentation.CreateClassResetClassAdapter - Creating brand-new static initializer in class org/springframework/core/io/FileSystemResource
05:45:42.280 [main] DEBUG org.evosuite.runtime.agent.TransformerForTests - Going to instrument: org.springframework.boot.diagnostics.analyzer.InvalidConfigurationPropertyValueFailureAnalyzer
05:45:42.280 [main] INFO org.evosuite.runtime.instrumentation.MethodCallReplacementClassAdapter - Adding mock interface to class org/springframework/boot/diagnostics/analyzer/InvalidConfigurationPropertyValueFailureAnalyzer
05:45:42.281 [main] INFO org.evosuite.runtime.instrumentation.CreateClassResetClassAdapter - Creating brand-new static initializer in class org/springframework/boot/diagnostics/analyzer/InvalidConfigurationPropertyValueFailureAnalyzer
05:45:42.282 [main] DEBUG org.evosuite.runtime.agent.TransformerForTests - Going to instrument: org.springframework.jdbc.datasource.embedded.EmbeddedDatabaseType
05:45:42.282 [main] INFO org.evosuite.runtime.instrumentation.MethodCallReplacementClassAdapter - Adding mock interface to class org/springframework/jdbc/datasource/embedded/EmbeddedDatabaseType
05:45:42.282 [main] INFO org.evosuite.runtime.instrumentation.CreateClassResetClassAdapter - Found static initializer in class org/springframework/jdbc/datasource/embedded/EmbeddedDatabaseType
05:45:42.282 [main] DEBUG org.evosuite.runtime.agent.TransformerForTests - Going to instrument: org.yaml.snakeyaml.representer.SafeRepresenter
05:45:42.282 [main] INFO org.evosuite.runtime.instrumentation.MethodCallReplacementClassAdapter - Adding mock interface to class org/yaml/snakeyaml/representer/SafeRepresenter
05:45:42.283 [main] INFO org.evosuite.runtime.instrumentation.CreateClassResetClassAdapter - Found static initializer in class org/yaml/snakeyaml/representer/SafeRepresenter
05:45:42.284 [main] DEBUG org.evosuite.runtime.agent.TransformerForTests - Going to instrument: org.hibernate.engine.spi.SessionImplementor
05:45:42.285 [main] DEBUG org.evosuite.runtime.agent.TransformerForTests - Going to instrument: org.hibernate.engine.spi.SharedSessionContractImplementor
05:45:42.287 [main] DEBUG org.evosuite.runtime.agent.TransformerForTests - Going to instrument: org.hibernate.graph.RootGraph
05:45:42.288 [main] DEBUG org.evosuite.runtime.agent.TransformerForTests - Going to instrument: org.hibernate.graph.Graph
05:45:42.288 [main] DEBUG org.evosuite.runtime.agent.TransformerForTests - Going to instrument: org.hibernate.graph.GraphNode
05:45:42.289 [main] DEBUG org.evosuite.runtime.agent.TransformerForTests - Going to instrument: org.springframework.core.annotation.OrderUtils
05:45:42.289 [main] INFO org.evosuite.runtime.instrumentation.MethodCallReplacementClassAdapter - Adding mock interface to class org/springframework/core/annotation/OrderUtils
05:45:42.289 [main] INFO org.evosuite.runtime.instrumentation.CreateClassResetClassAdapter - Found static initializer in class org/springframework/core/annotation/OrderUtils
05:45:42.290 [main] DEBUG org.evosuite.runtime.agent.TransformerForTests - Going to instrument: org.springframework.boot.context.logging.LoggingApplicationListener
05:45:42.290 [main] INFO org.evosuite.runtime.instrumentation.MethodCallReplacementClassAdapter - Adding mock interface to class org/springframework/boot/context/logging/LoggingApplicationListener
05:45:42.291 [main] INFO org.evosuite.runtime.instrumentation.CreateClassResetClassAdapter - Found static initializer in class org/springframework/boot/context/logging/LoggingApplicationListener
05:45:42.294 [main] DEBUG org.evosuite.runtime.agent.TransformerForTests - Going to instrument: org.springframework.core.SerializableTypeWrapper$MethodParameterTypeProvider
05:45:42.294 [main] INFO org.evosuite.runtime.instrumentation.MethodCallReplacementClassAdapter - Adding mock interface to class org/springframework/core/SerializableTypeWrapper$MethodParameterTypeProvider
05:45:42.295 [main] INFO org.evosuite.runtime.instrumentation.CreateClassResetClassAdapter - Creating brand-new static initializer in class org/springframework/core/SerializableTypeWrapper$MethodParameterTypeProvider
05:45:42.295 [main] DEBUG org.evosuite.runtime.agent.TransformerForTests - Going to instrument: org.springframework.beans.factory.config.EmbeddedValueResolver
05:45:42.295 [main] INFO org.evosuite.runtime.instrumentation.MethodCallReplacementClassAdapter - Adding mock interface to class org/springframework/beans/factory/config/EmbeddedValueResolver
05:45:42.295 [main] INFO org.evosuite.runtime.instrumentation.CreateClassResetClassAdapter - Creating brand-new static initializer in class org/springframework/beans/factory/config/EmbeddedValueResolver
05:45:42.296 [main] DEBUG org.evosuite.runtime.agent.TransformerForTests - Going to instrument: org.springframework.core.ResolvableType$WildcardBounds
05:45:42.296 [main] INFO org.evosuite.runtime.instrumentation.MethodCallReplacementClassAdapter - Adding mock interface to class org/springframework/core/ResolvableType$WildcardBounds
05:45:42.296 [main] INFO org.evosuite.runtime.instrumentation.CreateClassResetClassAdapter - Creating brand-new static initializer in class org/springframework/core/ResolvableType$WildcardBounds
05:45:42.297 [main] DEBUG org.evosuite.runtime.agent.TransformerForTests - Going to instrument: org.springframework.boot.ansi.AnsiOutput
05:45:42.297 [main] INFO org.evosuite.runtime.instrumentation.MethodCallReplacementClassAdapter - Adding mock interface to class org/springframework/boot/ansi/AnsiOutput
05:45:42.297 [main] INFO org.evosuite.runtime.instrumentation.CreateClassResetClassAdapter - Found static initializer in class org/springframework/boot/ansi/AnsiOutput
05:45:42.298 [main] DEBUG org.evosuite.runtime.agent.TransformerForTests - Going to instrument: org.springframework.beans.factory.support.MethodOverrides
05:45:42.298 [main] INFO org.evosuite.runtime.instrumentation.MethodCallReplacementClassAdapter - Adding mock interface to class org/springframework/beans/factory/support/MethodOverrides
05:45:42.298 [main] INFO org.evosuite.runtime.instrumentation.CreateClassResetClassAdapter - Creating brand-new static initializer in class org/springframework/beans/factory/support/MethodOverrides
05:45:42.298 [main] DEBUG org.evosuite.runtime.agent.TransformerForTests - Going to instrument: org.springframework.web.context.request.SessionScope
05:45:42.299 [main] INFO org.evosuite.runtime.instrumentation.MethodCallReplacementClassAdapter - Adding mock interface to class org/springframework/web/context/request/SessionScope
05:45:42.299 [main] INFO org.evosuite.runtime.instrumentation.CreateClassResetClassAdapter - Creating brand-new static initializer in class org/springframework/web/context/request/SessionScope
05:45:42.299 [main] DEBUG org.evosuite.runtime.agent.TransformerForTests - Going to instrument: org.springframework.boot.context.properties.source.ConfigurationProperty
05:45:42.299 [main] INFO org.evosuite.runtime.instrumentation.MethodCallReplacementClassAdapter - Adding mock interface to class org/springframework/boot/context/properties/source/ConfigurationProperty
05:45:42.299 [main] INFO org.evosuite.runtime.instrumentation.CreateClassResetClassAdapter - Creating brand-new static initializer in class org/springframework/boot/context/properties/source/ConfigurationProperty
05:45:42.300 [main] DEBUG org.evosuite.runtime.agent.TransformerForTests - Going to instrument: org.springframework.context.annotation.DependsOn
05:45:42.300 [main] DEBUG org.evosuite.runtime.agent.TransformerForTests - Going to instrument: org.springframework.core.annotation.TypeMappedAnnotations
05:45:42.300 [main] INFO org.evosuite.runtime.instrumentation.MethodCallReplacementClassAdapter - Adding mock interface to class org/springframework/core/annotation/TypeMappedAnnotations
05:45:42.301 [main] INFO org.evosuite.runtime.instrumentation.CreateClassResetClassAdapter - Found static initializer in class org/springframework/core/annotation/TypeMappedAnnotations
05:45:42.302 [main] DEBUG org.evosuite.runtime.agent.TransformerForTests - Going to instrument: org.springframework.core.BridgeMethodResolver
05:45:42.302 [main] INFO org.evosuite.runtime.instrumentation.MethodCallReplacementClassAdapter - Adding mock interface to class org/springframework/core/BridgeMethodResolver
05:45:42.302 [main] INFO org.evosuite.runtime.instrumentation.CreateClassResetClassAdapter - Found static initializer in class org/springframework/core/BridgeMethodResolver
05:45:42.303 [main] DEBUG org.evosuite.runtime.agent.TransformerForTests - Going to instrument: org.yaml.snakeyaml.representer.BaseRepresenter$1
05:45:42.303 [main] INFO org.evosuite.runtime.instrumentation.MethodCallReplacementClassAdapter - Adding mock interface to class org/yaml/snakeyaml/representer/BaseRepresenter$1
05:45:42.304 [main] DEBUG org.evosuite.runtime.agent.TransformerForTests - Going to instrument: org.yaml.snakeyaml.Yaml
05:45:42.304 [main] INFO org.evosuite.runtime.instrumentation.MethodCallReplacementClassAdapter - Adding mock interface to class org/yaml/snakeyaml/Yaml
05:45:42.305 [main] INFO org.evosuite.runtime.instrumentation.CreateClassResetClassAdapter - Creating brand-new static initializer in class org/yaml/snakeyaml/Yaml
05:45:42.306 [main] DEBUG org.evosuite.runtime.agent.TransformerForTests - Going to instrument: org.springframework.boot.diagnostics.LoggingFailureAnalysisReporter
05:45:42.307 [main] INFO org.evosuite.runtime.instrumentation.MethodCallReplacementClassAdapter - Adding mock interface to class org/springframework/boot/diagnostics/LoggingFailureAnalysisReporter
05:45:42.307 [main] INFO org.evosuite.runtime.instrumentation.CreateClassResetClassAdapter - Found static initializer in class org/springframework/boot/diagnostics/LoggingFailureAnalysisReporter
05:45:42.308 [main] DEBUG org.evosuite.runtime.agent.TransformerForTests - Going to instrument: org.springframework.boot.SpringApplicationBannerPrinter$Banners
05:45:42.308 [main] INFO org.evosuite.runtime.instrumentation.MethodCallReplacementClassAdapter - Adding mock interface to class org/springframework/boot/SpringApplicationBannerPrinter$Banners
05:45:42.308 [main] INFO org.evosuite.runtime.instrumentation.CreateClassResetClassAdapter - Creating brand-new static initializer in class org/springframework/boot/SpringApplicationBannerPrinter$Banners
05:45:42.309 [main] DEBUG org.evosuite.runtime.agent.TransformerForTests - Going to instrument: org.springframework.format.datetime.standard.DateTimeConverters$ZonedDateTimeToInstantConverter
05:45:42.309 [main] INFO org.evosuite.runtime.instrumentation.MethodCallReplacementClassAdapter - Adding mock interface to class org/springframework/format/datetime/standard/DateTimeConverters$ZonedDateTimeToInstantConverter
05:45:42.309 [main] INFO org.evosuite.runtime.instrumentation.CreateClassResetClassAdapter - Creating brand-new static initializer in class org/springframework/format/datetime/standard/DateTimeConverters$ZonedDateTimeToInstantConverter
05:45:42.309 [main] DEBUG org.evosuite.runtime.agent.TransformerForTests - Going to instrument: org.springframework.boot.context.config.ConfigFileApplicationListener
05:45:42.309 [main] INFO org.evosuite.runtime.instrumentation.MethodCallReplacementClassAdapter - Adding mock interface to class org/springframework/boot/context/config/ConfigFileApplicationListener
05:45:42.310 [main] INFO org.evosuite.runtime.instrumentation.CreateClassResetClassAdapter - Found static initializer in class org/springframework/boot/context/config/ConfigFileApplicationListener
05:45:42.311 [main] DEBUG org.evosuite.runtime.agent.TransformerForTests - Going to instrument: org.springframework.boot.context.logging.ClasspathLoggingApplicationListener
05:45:42.311 [main] INFO org.evosuite.runtime.instrumentation.MethodCallReplacementClassAdapter - Adding mock interface to class org/springframework/boot/context/logging/ClasspathLoggingApplicationListener
05:45:42.311 [main] INFO org.evosuite.runtime.instrumentation.CreateClassResetClassAdapter - Found static initializer in class org/springframework/boot/context/logging/ClasspathLoggingApplicationListener
05:45:42.312 [main] DEBUG org.evosuite.runtime.agent.TransformerForTests - Going to instrument: org.springframework.context.MessageSourceAware
05:45:42.312 [main] DEBUG org.evosuite.runtime.agent.TransformerForTests - Going to instrument: org.springframework.beans.PropertyValue
05:45:42.312 [main] INFO org.evosuite.runtime.instrumentation.MethodCallReplacementClassAdapter - Adding mock interface to class org/springframework/beans/PropertyValue
05:45:42.312 [main] INFO org.evosuite.runtime.instrumentation.CreateClassResetClassAdapter - Creating brand-new static initializer in class org/springframework/beans/PropertyValue
05:45:42.313 [main] DEBUG org.evosuite.runtime.agent.TransformerForTests - Going to instrument: org.springframework.boot.DefaultApplicationArguments
05:45:42.313 [main] INFO org.evosuite.runtime.instrumentation.MethodCallReplacementClassAdapter - Adding mock interface to class org/springframework/boot/DefaultApplicationArguments
05:45:42.313 [main] INFO org.evosuite.runtime.instrumentation.CreateClassResetClassAdapter - Creating brand-new static initializer in class org/springframework/boot/DefaultApplicationArguments
05:45:42.313 [main] DEBUG org.evosuite.runtime.agent.TransformerForTests - Going to instrument: org.springframework.beans.propertyeditors.URLEditor
05:45:42.313 [main] INFO org.evosuite.runtime.instrumentation.MethodCallReplacementClassAdapter - Adding mock interface to class org/springframework/beans/propertyeditors/URLEditor
05:45:42.314 [main] INFO org.evosuite.runtime.instrumentation.CreateClassResetClassAdapter - Creating brand-new static initializer in class org/springframework/beans/propertyeditors/URLEditor
05:45:42.315 [main] DEBUG org.evosuite.runtime.agent.TransformerForTests - Going to instrument: com.fasterxml.jackson.core.JsonFactory
05:45:42.315 [main] INFO org.evosuite.runtime.instrumentation.MethodCallReplacementClassAdapter - Adding mock interface to class com/fasterxml/jackson/core/JsonFactory
05:45:42.317 [main] INFO org.evosuite.runtime.instrumentation.CreateClassResetClassAdapter - Found static initializer in class com/fasterxml/jackson/core/JsonFactory
05:45:42.318 [main] DEBUG org.evosuite.runtime.agent.TransformerForTests - Going to instrument: com.fasterxml.jackson.core.TokenStreamFactory
05:45:42.318 [main] INFO org.evosuite.runtime.instrumentation.MethodCallReplacementClassAdapter - Adding mock interface to class com/fasterxml/jackson/core/TokenStreamFactory
05:45:42.318 [main] INFO org.evosuite.runtime.instrumentation.CreateClassResetClassAdapter - Creating brand-new static initializer in class com/fasterxml/jackson/core/TokenStreamFactory
05:45:42.319 [main] DEBUG org.evosuite.runtime.agent.TransformerForTests - Going to instrument: com.fasterxml.jackson.databind.MappingJsonFactory
05:45:42.319 [main] INFO org.evosuite.runtime.instrumentation.MethodCallReplacementClassAdapter - Adding mock interface to class com/fasterxml/jackson/databind/MappingJsonFactory
05:45:42.319 [main] INFO org.evosuite.runtime.instrumentation.CreateClassResetClassAdapter - Creating brand-new static initializer in class com/fasterxml/jackson/databind/MappingJsonFactory
05:45:42.320 [main] DEBUG org.evosuite.runtime.agent.TransformerForTests - Going to instrument: com.fasterxml.jackson.databind.jsontype.SubtypeResolver
05:45:42.320 [main] INFO org.evosuite.runtime.instrumentation.MethodCallReplacementClassAdapter - Adding mock interface to class com/fasterxml/jackson/databind/jsontype/SubtypeResolver
05:45:42.320 [main] INFO org.evosuite.runtime.instrumentation.CreateClassResetClassAdapter - Creating brand-new static initializer in class com/fasterxml/jackson/databind/jsontype/SubtypeResolver
05:45:42.320 [main] DEBUG org.evosuite.runtime.agent.TransformerForTests - Going to instrument: com.fasterxml.jackson.databind.jsontype.impl.StdSubtypeResolver
05:45:42.321 [main] INFO org.evosuite.runtime.instrumentation.MethodCallReplacementClassAdapter - Adding mock interface to class com/fasterxml/jackson/databind/jsontype/impl/StdSubtypeResolver
05:45:42.322 [main] INFO org.evosuite.runtime.instrumentation.CreateClassResetClassAdapter - Creating brand-new static initializer in class com/fasterxml/jackson/databind/jsontype/impl/StdSubtypeResolver
05:45:42.323 [main] DEBUG org.evosuite.runtime.agent.TransformerForTests - Going to instrument: com.fasterxml.jackson.databind.ser.DefaultSerializerProvider
05:45:42.323 [main] INFO org.evosuite.runtime.instrumentation.MethodCallReplacementClassAdapter - Adding mock interface to class com/fasterxml/jackson/databind/ser/DefaultSerializerProvider
05:45:42.324 [main] INFO org.evosuite.runtime.instrumentation.CreateClassResetClassAdapter - Creating brand-new static initializer in class com/fasterxml/jackson/databind/ser/DefaultSerializerProvider
05:45:42.326 [main] DEBUG org.evosuite.runtime.agent.TransformerForTests - Going to instrument: com.fasterxml.jackson.databind.SerializerProvider
05:45:42.326 [main] INFO org.evosuite.runtime.instrumentation.MethodCallReplacementClassAdapter - Adding mock interface to class com/fasterxml/jackson/databind/SerializerProvider
05:45:42.328 [main] INFO org.evosuite.runtime.instrumentation.CreateClassResetClassAdapter - Found static initializer in class com/fasterxml/jackson/databind/SerializerProvider
05:45:42.329 [main] DEBUG org.evosuite.runtime.agent.TransformerForTests - Going to instrument: com.fasterxml.jackson.databind.DatabindContext
05:45:42.329 [main] INFO org.evosuite.runtime.instrumentation.MethodCallReplacementClassAdapter - Adding mock interface to class com/fasterxml/jackson/databind/DatabindContext
05:45:42.330 [main] INFO org.evosuite.runtime.instrumentation.CreateClassResetClassAdapter - Creating brand-new static initializer in class com/fasterxml/jackson/databind/DatabindContext
05:45:42.330 [main] INFO org.evosuite.runtime.instrumentation.CreateClassResetClassAdapter - Adding bytecode for initializing field MAX_ERROR_STR_LEN
05:45:42.331 [main] DEBUG org.evosuite.runtime.agent.TransformerForTests - Going to instrument: com.fasterxml.jackson.databind.ser.DefaultSerializerProvider$Impl
05:45:42.331 [main] INFO org.evosuite.runtime.instrumentation.MethodCallReplacementClassAdapter - Adding mock interface to class com/fasterxml/jackson/databind/ser/DefaultSerializerProvider$Impl
05:45:42.331 [main] INFO org.evosuite.runtime.instrumentation.CreateClassResetClassAdapter - Creating brand-new static initializer in class com/fasterxml/jackson/databind/ser/DefaultSerializerProvider$Impl
05:45:42.331 [main] DEBUG org.evosuite.runtime.agent.TransformerForTests - Going to instrument: com.fasterxml.jackson.databind.deser.DeserializerFactory
05:45:42.331 [main] INFO org.evosuite.runtime.instrumentation.MethodCallReplacementClassAdapter - Adding mock interface to class com/fasterxml/jackson/databind/deser/DeserializerFactory
05:45:42.331 [main] INFO org.evosuite.runtime.instrumentation.CreateClassResetClassAdapter - Found static initializer in class com/fasterxml/jackson/databind/deser/DeserializerFactory
05:45:42.333 [main] DEBUG org.evosuite.runtime.agent.TransformerForTests - Going to instrument: com.fasterxml.jackson.databind.deser.BeanDeserializerFactory
05:45:42.333 [main] INFO org.evosuite.runtime.instrumentation.MethodCallReplacementClassAdapter - Adding mock interface to class com/fasterxml/jackson/databind/deser/BeanDeserializerFactory
05:45:42.341 [main] INFO org.evosuite.runtime.instrumentation.CreateClassResetClassAdapter - Found static initializer in class com/fasterxml/jackson/databind/deser/BeanDeserializerFactory
05:45:42.345 [main] DEBUG org.evosuite.runtime.agent.TransformerForTests - Going to instrument: com.fasterxml.jackson.databind.deser.BasicDeserializerFactory
05:45:42.346 [main] INFO org.evosuite.runtime.instrumentation.MethodCallReplacementClassAdapter - Adding mock interface to class com/fasterxml/jackson/databind/deser/BasicDeserializerFactory
05:45:42.361 [main] INFO org.evosuite.runtime.instrumentation.CreateClassResetClassAdapter - Found static initializer in class com/fasterxml/jackson/databind/deser/BasicDeserializerFactory
05:45:42.363 [main] DEBUG org.evosuite.runtime.agent.TransformerForTests - Going to instrument: com.fasterxml.jackson.databind.deser.DefaultDeserializationContext
05:45:42.363 [main] INFO org.evosuite.runtime.instrumentation.MethodCallReplacementClassAdapter - Adding mock interface to class com/fasterxml/jackson/databind/deser/DefaultDeserializationContext
05:45:42.364 [main] INFO org.evosuite.runtime.instrumentation.CreateClassResetClassAdapter - Creating brand-new static initializer in class com/fasterxml/jackson/databind/deser/DefaultDeserializationContext
05:45:42.366 [main] DEBUG org.evosuite.runtime.agent.TransformerForTests - Going to instrument: com.fasterxml.jackson.databind.DeserializationContext
05:45:42.366 [main] INFO org.evosuite.runtime.instrumentation.MethodCallReplacementClassAdapter - Adding mock interface to class com/fasterxml/jackson/databind/DeserializationContext
05:45:42.368 [main] INFO org.evosuite.runtime.instrumentation.CreateClassResetClassAdapter - Creating brand-new static initializer in class com/fasterxml/jackson/databind/DeserializationContext
05:45:42.369 [main] DEBUG org.evosuite.runtime.agent.TransformerForTests - Going to instrument: com.fasterxml.jackson.databind.deser.DefaultDeserializationContext$Impl
05:45:42.369 [main] INFO org.evosuite.runtime.instrumentation.MethodCallReplacementClassAdapter - Adding mock interface to class com/fasterxml/jackson/databind/deser/DefaultDeserializationContext$Impl
05:45:42.369 [main] INFO org.evosuite.runtime.instrumentation.CreateClassResetClassAdapter - Creating brand-new static initializer in class com/fasterxml/jackson/databind/deser/DefaultDeserializationContext$Impl
05:45:42.370 [main] DEBUG org.evosuite.runtime.agent.TransformerForTests - Going to instrument: com.fasterxml.jackson.databind.ser.SerializerFactory
05:45:42.370 [main] INFO org.evosuite.runtime.instrumentation.MethodCallReplacementClassAdapter - Adding mock interface to class com/fasterxml/jackson/databind/ser/SerializerFactory
05:45:42.370 [main] INFO org.evosuite.runtime.instrumentation.CreateClassResetClassAdapter - Creating brand-new static initializer in class com/fasterxml/jackson/databind/ser/SerializerFactory
05:45:42.371 [main] DEBUG org.evosuite.runtime.agent.TransformerForTests - Going to instrument: com.fasterxml.jackson.databind.ser.BeanSerializerFactory
05:45:42.372 [main] INFO org.evosuite.runtime.instrumentation.MethodCallReplacementClassAdapter - Adding mock interface to class com/fasterxml/jackson/databind/ser/BeanSerializerFactory
05:45:42.375 [main] INFO org.evosuite.runtime.instrumentation.CreateClassResetClassAdapter - Found static initializer in class com/fasterxml/jackson/databind/ser/BeanSerializerFactory
05:45:42.378 [main] DEBUG org.evosuite.runtime.agent.TransformerForTests - Going to instrument: com.fasterxml.jackson.databind.ser.BasicSerializerFactory
05:45:42.378 [main] INFO org.evosuite.runtime.instrumentation.MethodCallReplacementClassAdapter - Adding mock interface to class com/fasterxml/jackson/databind/ser/BasicSerializerFactory
05:45:42.387 [main] INFO org.evosuite.runtime.instrumentation.CreateClassResetClassAdapter - Found static initializer in class com/fasterxml/jackson/databind/ser/BasicSerializerFactory
05:45:42.389 [main] DEBUG org.evosuite.runtime.agent.TransformerForTests - Going to instrument: com.fasterxml.jackson.databind.AnnotationIntrospector
05:45:42.389 [main] INFO org.evosuite.runtime.instrumentation.MethodCallReplacementClassAdapter - Adding mock interface to class com/fasterxml/jackson/databind/AnnotationIntrospector
05:45:42.390 [main] INFO org.evosuite.runtime.instrumentation.CreateClassResetClassAdapter - Creating brand-new static initializer in class com/fasterxml/jackson/databind/AnnotationIntrospector
05:45:42.392 [main] DEBUG org.evosuite.runtime.agent.TransformerForTests - Going to instrument: com.fasterxml.jackson.databind.introspect.JacksonAnnotationIntrospector
05:45:42.393 [main] INFO org.evosuite.runtime.instrumentation.MethodCallReplacementClassAdapter - Adding mock interface to class com/fasterxml/jackson/databind/introspect/JacksonAnnotationIntrospector
05:45:42.396 [main] INFO org.evosuite.runtime.instrumentation.CreateClassResetClassAdapter - Found static initializer in class com/fasterxml/jackson/databind/introspect/JacksonAnnotationIntrospector
05:45:42.397 [main] DEBUG org.evosuite.runtime.agent.TransformerForTests - Going to instrument: com.fasterxml.jackson.databind.jsontype.PolymorphicTypeValidator
05:45:42.397 [main] INFO org.evosuite.runtime.instrumentation.MethodCallReplacementClassAdapter - Adding mock interface to class com/fasterxml/jackson/databind/jsontype/PolymorphicTypeValidator
05:45:42.397 [main] INFO org.evosuite.runtime.instrumentation.CreateClassResetClassAdapter - Creating brand-new static initializer in class com/fasterxml/jackson/databind/jsontype/PolymorphicTypeValidator
05:45:42.398 [main] DEBUG org.evosuite.runtime.agent.TransformerForTests - Going to instrument: com.fasterxml.jackson.databind.jsontype.impl.LaissezFaireSubTypeValidator
05:45:42.398 [main] INFO org.evosuite.runtime.instrumentation.MethodCallReplacementClassAdapter - Adding mock interface to class com/fasterxml/jackson/databind/jsontype/impl/LaissezFaireSubTypeValidator
05:45:42.398 [main] INFO org.evosuite.runtime.instrumentation.CreateClassResetClassAdapter - Found static initializer in class com/fasterxml/jackson/databind/jsontype/impl/LaissezFaireSubTypeValidator
05:45:42.398 [main] DEBUG org.evosuite.runtime.agent.TransformerForTests - Going to instrument: com.fasterxml.jackson.databind.jsontype.PolymorphicTypeValidator$Base
05:45:42.398 [main] INFO org.evosuite.runtime.instrumentation.MethodCallReplacementClassAdapter - Adding mock interface to class com/fasterxml/jackson/databind/jsontype/PolymorphicTypeValidator$Base
05:45:42.398 [main] INFO org.evosuite.runtime.instrumentation.CreateClassResetClassAdapter - Creating brand-new static initializer in class com/fasterxml/jackson/databind/jsontype/PolymorphicTypeValidator$Base
05:45:42.399 [main] DEBUG org.evosuite.runtime.agent.TransformerForTests - Going to instrument: com.fasterxml.jackson.databind.util.StdDateFormat
05:45:42.399 [main] INFO org.evosuite.runtime.instrumentation.MethodCallReplacementClassAdapter - Adding mock interface to class com/fasterxml/jackson/databind/util/StdDateFormat
05:45:42.401 [main] INFO org.evosuite.runtime.instrumentation.CreateClassResetClassAdapter - Found static initializer in class com/fasterxml/jackson/databind/util/StdDateFormat
05:45:42.402 [main] DEBUG org.evosuite.runtime.agent.TransformerForTests - Going to instrument: com.fasterxml.jackson.databind.JsonNode
05:45:42.402 [main] INFO org.evosuite.runtime.instrumentation.MethodCallReplacementClassAdapter - Adding mock interface to class com/fasterxml/jackson/databind/JsonNode
05:45:42.403 [main] INFO org.evosuite.runtime.instrumentation.CreateClassResetClassAdapter - Creating brand-new static initializer in class com/fasterxml/jackson/databind/JsonNode
05:45:42.404 [main] DEBUG org.evosuite.runtime.agent.TransformerForTests - Going to instrument: com.fasterxml.jackson.core.TreeNode
05:45:42.404 [main] DEBUG org.evosuite.runtime.agent.TransformerForTests - Going to instrument: com.fasterxml.jackson.databind.JsonSerializable$Base
05:45:42.404 [main] INFO org.evosuite.runtime.instrumentation.MethodCallReplacementClassAdapter - Adding mock interface to class com/fasterxml/jackson/databind/JsonSerializable$Base
05:45:42.404 [main] INFO org.evosuite.runtime.instrumentation.CreateClassResetClassAdapter - Creating brand-new static initializer in class com/fasterxml/jackson/databind/JsonSerializable$Base
05:45:42.404 [main] DEBUG org.evosuite.runtime.agent.TransformerForTests - Going to instrument: com.fasterxml.jackson.databind.JsonSerializable
05:45:42.405 [main] DEBUG org.evosuite.runtime.agent.TransformerForTests - Going to instrument: com.fasterxml.jackson.databind.node.NullNode
05:45:42.405 [main] INFO org.evosuite.runtime.instrumentation.MethodCallReplacementClassAdapter - Adding mock interface to class com/fasterxml/jackson/databind/node/NullNode
05:45:42.405 [main] INFO org.evosuite.runtime.instrumentation.CreateClassResetClassAdapter - Found static initializer in class com/fasterxml/jackson/databind/node/NullNode
05:45:42.405 [main] DEBUG org.evosuite.runtime.agent.TransformerForTests - Going to instrument: com.fasterxml.jackson.databind.node.ValueNode
05:45:42.405 [main] INFO org.evosuite.runtime.instrumentation.MethodCallReplacementClassAdapter - Adding mock interface to class com/fasterxml/jackson/databind/node/ValueNode
05:45:42.406 [main] INFO org.evosuite.runtime.instrumentation.CreateClassResetClassAdapter - Creating brand-new static initializer in class com/fasterxml/jackson/databind/node/ValueNode
05:45:42.406 [main] DEBUG org.evosuite.runtime.agent.TransformerForTests - Going to instrument: com.fasterxml.jackson.databind.node.BaseJsonNode
05:45:42.406 [main] INFO org.evosuite.runtime.instrumentation.MethodCallReplacementClassAdapter - Adding mock interface to class com/fasterxml/jackson/databind/node/BaseJsonNode
05:45:42.406 [main] INFO org.evosuite.runtime.instrumentation.CreateClassResetClassAdapter - Creating brand-new static initializer in class com/fasterxml/jackson/databind/node/BaseJsonNode
05:45:42.407 [main] DEBUG org.evosuite.runtime.agent.TransformerForTests - Going to instrument: com.fasterxml.jackson.core.JsonProcessingException
05:45:42.407 [main] INFO org.evosuite.runtime.instrumentation.MethodCallReplacementClassAdapter - Adding mock interface to class com/fasterxml/jackson/core/JsonProcessingException
05:45:42.407 [main] INFO org.evosuite.runtime.instrumentation.CreateClassResetClassAdapter - Creating brand-new static initializer in class com/fasterxml/jackson/core/JsonProcessingException
05:45:42.408 [main] DEBUG org.evosuite.runtime.agent.TransformerForTests - Going to instrument: com.fasterxml.jackson.databind.JsonMappingException
05:45:42.408 [main] INFO org.evosuite.runtime.instrumentation.MethodCallReplacementClassAdapter - Adding mock interface to class com/fasterxml/jackson/databind/JsonMappingException
05:45:42.409 [main] INFO org.evosuite.runtime.instrumentation.CreateClassResetClassAdapter - Creating brand-new static initializer in class com/fasterxml/jackson/databind/JsonMappingException
05:45:42.409 [main] INFO org.evosuite.runtime.instrumentation.CreateClassResetClassAdapter - Adding bytecode for initializing field MAX_REFS_TO_LIST
05:45:42.410 [main] DEBUG org.evosuite.runtime.agent.TransformerForTests - Going to instrument: com.fasterxml.jackson.core.JsonParser
05:45:42.410 [main] INFO org.evosuite.runtime.instrumentation.MethodCallReplacementClassAdapter - Adding mock interface to class com/fasterxml/jackson/core/JsonParser
05:45:42.411 [main] INFO org.evosuite.runtime.instrumentation.CreateClassResetClassAdapter - Creating brand-new static initializer in class com/fasterxml/jackson/core/JsonParser
05:45:42.411 [main] INFO org.evosuite.runtime.instrumentation.CreateClassResetClassAdapter - Adding bytecode for initializing field MIN_BYTE_I
05:45:42.411 [main] INFO org.evosuite.runtime.instrumentation.CreateClassResetClassAdapter - Adding bytecode for initializing field MAX_BYTE_I
05:45:42.411 [main] INFO org.evosuite.runtime.instrumentation.CreateClassResetClassAdapter - Adding bytecode for initializing field MIN_SHORT_I
05:45:42.411 [main] INFO org.evosuite.runtime.instrumentation.CreateClassResetClassAdapter - Adding bytecode for initializing field MAX_SHORT_I
05:45:42.412 [main] DEBUG org.evosuite.runtime.agent.TransformerForTests - Going to instrument: com.fasterxml.jackson.databind.node.TreeTraversingParser
05:45:42.412 [main] INFO org.evosuite.runtime.instrumentation.MethodCallReplacementClassAdapter - Adding mock interface to class com/fasterxml/jackson/databind/node/TreeTraversingParser
05:45:42.412 [main] INFO org.evosuite.runtime.instrumentation.CreateClassResetClassAdapter - Creating brand-new static initializer in class com/fasterxml/jackson/databind/node/TreeTraversingParser
05:45:42.413 [main] DEBUG org.evosuite.runtime.agent.TransformerForTests - Going to instrument: com.fasterxml.jackson.core.base.ParserMinimalBase
05:45:42.413 [main] INFO org.evosuite.runtime.instrumentation.MethodCallReplacementClassAdapter - Adding mock interface to class com/fasterxml/jackson/core/base/ParserMinimalBase
05:45:42.414 [main] INFO org.evosuite.runtime.instrumentation.CreateClassResetClassAdapter - Found static initializer in class com/fasterxml/jackson/core/base/ParserMinimalBase
05:45:42.415 [main] DEBUG org.evosuite.runtime.agent.TransformerForTests - Going to instrument: com.fasterxml.jackson.databind.introspect.ClassIntrospector
05:45:42.415 [main] INFO org.evosuite.runtime.instrumentation.MethodCallReplacementClassAdapter - Adding mock interface to class com/fasterxml/jackson/databind/introspect/ClassIntrospector
05:45:42.415 [main] INFO org.evosuite.runtime.instrumentation.CreateClassResetClassAdapter - Creating brand-new static initializer in class com/fasterxml/jackson/databind/introspect/ClassIntrospector
05:45:42.416 [main] DEBUG org.evosuite.runtime.agent.TransformerForTests - Going to instrument: com.fasterxml.jackson.databind.introspect.BasicClassIntrospector
05:45:42.416 [main] INFO org.evosuite.runtime.instrumentation.MethodCallReplacementClassAdapter - Adding mock interface to class com/fasterxml/jackson/databind/introspect/BasicClassIntrospector
05:45:42.416 [main] INFO org.evosuite.runtime.instrumentation.CreateClassResetClassAdapter - Found static initializer in class com/fasterxml/jackson/databind/introspect/BasicClassIntrospector
05:45:42.417 [main] DEBUG org.evosuite.runtime.agent.TransformerForTests - Going to instrument: com.fasterxml.jackson.databind.Module$SetupContext
05:45:42.417 [main] DEBUG org.evosuite.runtime.agent.TransformerForTests - Going to instrument: com.fasterxml.jackson.databind.introspect.VisibilityChecker
05:45:42.418 [main] DEBUG org.evosuite.runtime.agent.TransformerForTests - Going to instrument: com.fasterxml.jackson.databind.jsontype.TypeResolverBuilder
05:45:42.419 [main] DEBUG org.evosuite.runtime.agent.TransformerForTests - Going to instrument: com.fasterxml.jackson.databind.util.TokenBuffer
05:45:42.420 [main] INFO org.evosuite.runtime.instrumentation.MethodCallReplacementClassAdapter - Adding mock interface to class com/fasterxml/jackson/databind/util/TokenBuffer
05:45:42.421 [main] INFO org.evosuite.runtime.instrumentation.CreateClassResetClassAdapter - Found static initializer in class com/fasterxml/jackson/databind/util/TokenBuffer
05:45:42.422 [main] DEBUG org.evosuite.runtime.agent.TransformerForTests - Going to instrument: com.fasterxml.jackson.core.io.SegmentedStringWriter
05:45:42.423 [main] INFO org.evosuite.runtime.instrumentation.MethodCallReplacementClassAdapter - Adding mock interface to class com/fasterxml/jackson/core/io/SegmentedStringWriter
05:45:42.423 [main] INFO org.evosuite.runtime.instrumentation.CreateClassResetClassAdapter - Creating brand-new static initializer in class com/fasterxml/jackson/core/io/SegmentedStringWriter
05:45:42.423 [main] DEBUG org.evosuite.runtime.agent.TransformerForTests - Going to instrument: com.fasterxml.jackson.core.util.ByteArrayBuilder
05:45:42.423 [main] INFO org.evosuite.runtime.instrumentation.MethodCallReplacementClassAdapter - Adding mock interface to class com/fasterxml/jackson/core/util/ByteArrayBuilder
05:45:42.424 [main] INFO org.evosuite.runtime.instrumentation.CreateClassResetClassAdapter - Found static initializer in class com/fasterxml/jackson/core/util/ByteArrayBuilder
05:45:42.425 [main] DEBUG org.evosuite.runtime.agent.TransformerForTests - Going to instrument: com.fasterxml.jackson.databind.JavaType
05:45:42.425 [main] INFO org.evosuite.runtime.instrumentation.MethodCallReplacementClassAdapter - Adding mock interface to class com/fasterxml/jackson/databind/JavaType
05:45:42.425 [main] INFO org.evosuite.runtime.instrumentation.CreateClassResetClassAdapter - Creating brand-new static initializer in class com/fasterxml/jackson/databind/JavaType
05:45:42.426 [main] DEBUG org.evosuite.runtime.agent.TransformerForTests - Going to instrument: com.fasterxml.jackson.core.type.ResolvedType
05:45:42.426 [main] INFO org.evosuite.runtime.instrumentation.MethodCallReplacementClassAdapter - Adding mock interface to class com/fasterxml/jackson/core/type/ResolvedType
05:45:42.426 [main] INFO org.evosuite.runtime.instrumentation.CreateClassResetClassAdapter - Creating brand-new static initializer in class com/fasterxml/jackson/core/type/ResolvedType
05:45:42.427 [main] DEBUG org.evosuite.runtime.agent.TransformerForTests - Going to instrument: com.fasterxml.jackson.databind.type.ArrayType
05:45:42.427 [main] INFO org.evosuite.runtime.instrumentation.MethodCallReplacementClassAdapter - Adding mock interface to class com/fasterxml/jackson/databind/type/ArrayType
05:45:42.427 [main] INFO org.evosuite.runtime.instrumentation.CreateClassResetClassAdapter - Creating brand-new static initializer in class com/fasterxml/jackson/databind/type/ArrayType
05:45:42.427 [main] DEBUG org.evosuite.runtime.agent.TransformerForTests - Going to instrument: com.fasterxml.jackson.databind.type.TypeBase
05:45:42.427 [main] INFO org.evosuite.runtime.instrumentation.MethodCallReplacementClassAdapter - Adding mock interface to class com/fasterxml/jackson/databind/type/TypeBase
05:45:42.428 [main] INFO org.evosuite.runtime.instrumentation.CreateClassResetClassAdapter - Found static initializer in class com/fasterxml/jackson/databind/type/TypeBase
05:45:42.429 [main] DEBUG org.evosuite.runtime.agent.TransformerForTests - Going to instrument: com.fasterxml.jackson.databind.type.CollectionType
05:45:42.429 [main] INFO org.evosuite.runtime.instrumentation.MethodCallReplacementClassAdapter - Adding mock interface to class com/fasterxml/jackson/databind/type/CollectionType
05:45:42.429 [main] INFO org.evosuite.runtime.instrumentation.CreateClassResetClassAdapter - Creating brand-new static initializer in class com/fasterxml/jackson/databind/type/CollectionType
05:45:42.429 [main] DEBUG org.evosuite.runtime.agent.TransformerForTests - Going to instrument: com.fasterxml.jackson.databind.type.CollectionLikeType
05:45:42.429 [main] INFO org.evosuite.runtime.instrumentation.MethodCallReplacementClassAdapter - Adding mock interface to class com/fasterxml/jackson/databind/type/CollectionLikeType
05:45:42.430 [main] INFO org.evosuite.runtime.instrumentation.CreateClassResetClassAdapter - Creating brand-new static initializer in class com/fasterxml/jackson/databind/type/CollectionLikeType
05:45:42.431 [main] DEBUG org.evosuite.runtime.agent.TransformerForTests - Going to instrument: com.fasterxml.jackson.databind.type.MapType
05:45:42.431 [main] INFO org.evosuite.runtime.instrumentation.MethodCallReplacementClassAdapter - Adding mock interface to class com/fasterxml/jackson/databind/type/MapType
05:45:42.431 [main] INFO org.evosuite.runtime.instrumentation.CreateClassResetClassAdapter - Creating brand-new static initializer in class com/fasterxml/jackson/databind/type/MapType
05:45:42.431 [main] DEBUG org.evosuite.runtime.agent.TransformerForTests - Going to instrument: com.fasterxml.jackson.databind.type.MapLikeType
05:45:42.432 [main] INFO org.evosuite.runtime.instrumentation.MethodCallReplacementClassAdapter - Adding mock interface to class com/fasterxml/jackson/databind/type/MapLikeType
05:45:42.433 [main] INFO org.evosuite.runtime.instrumentation.CreateClassResetClassAdapter - Creating brand-new static initializer in class com/fasterxml/jackson/databind/type/MapLikeType
05:45:42.433 [main] DEBUG org.evosuite.runtime.agent.TransformerForTests - Going to instrument: com.fasterxml.jackson.databind.exc.MismatchedInputException
05:45:42.433 [main] INFO org.evosuite.runtime.instrumentation.MethodCallReplacementClassAdapter - Adding mock interface to class com/fasterxml/jackson/databind/exc/MismatchedInputException
05:45:42.433 [main] INFO org.evosuite.runtime.instrumentation.CreateClassResetClassAdapter - Creating brand-new static initializer in class com/fasterxml/jackson/databind/exc/MismatchedInputException
05:45:42.435 [main] DEBUG org.evosuite.runtime.agent.TransformerForTests - Going to instrument: com.fasterxml.jackson.databind.introspect.AnnotationIntrospectorPair
05:45:42.435 [main] INFO org.evosuite.runtime.instrumentation.MethodCallReplacementClassAdapter - Adding mock interface to class com/fasterxml/jackson/databind/introspect/AnnotationIntrospectorPair
05:45:42.436 [main] INFO org.evosuite.runtime.instrumentation.CreateClassResetClassAdapter - Creating brand-new static initializer in class com/fasterxml/jackson/databind/introspect/AnnotationIntrospectorPair
05:45:42.437 [main] DEBUG org.evosuite.runtime.agent.TransformerForTests - Going to instrument: com.fasterxml.jackson.databind.introspect.NopAnnotationIntrospector
05:45:42.437 [main] INFO org.evosuite.runtime.instrumentation.MethodCallReplacementClassAdapter - Adding mock interface to class com/fasterxml/jackson/databind/introspect/NopAnnotationIntrospector
05:45:42.437 [main] INFO org.evosuite.runtime.instrumentation.CreateClassResetClassAdapter - Found static initializer in class com/fasterxml/jackson/databind/introspect/NopAnnotationIntrospector
05:45:42.438 [main] DEBUG org.evosuite.runtime.agent.TransformerForTests - Going to instrument: com.fasterxml.jackson.databind.introspect.Annotated
05:45:42.438 [main] INFO org.evosuite.runtime.instrumentation.MethodCallReplacementClassAdapter - Adding mock interface to class com/fasterxml/jackson/databind/introspect/Annotated
05:45:42.438 [main] INFO org.evosuite.runtime.instrumentation.CreateClassResetClassAdapter - Creating brand-new static initializer in class com/fasterxml/jackson/databind/introspect/Annotated
05:45:42.438 [main] DEBUG org.evosuite.runtime.agent.TransformerForTests - Going to instrument: com.fasterxml.jackson.databind.introspect.AnnotatedClass
05:45:42.439 [main] INFO org.evosuite.runtime.instrumentation.MethodCallReplacementClassAdapter - Adding mock interface to class com/fasterxml/jackson/databind/introspect/AnnotatedClass
05:45:42.439 [main] INFO org.evosuite.runtime.instrumentation.CreateClassResetClassAdapter - Found static initializer in class com/fasterxml/jackson/databind/introspect/AnnotatedClass
05:45:42.440 [main] DEBUG org.evosuite.runtime.agent.TransformerForTests - Going to instrument: com.fasterxml.jackson.databind.introspect.TypeResolutionContext
05:45:42.441 [main] DEBUG org.evosuite.runtime.agent.TransformerForTests - Going to instrument: com.fasterxml.jackson.databind.introspect.AnnotatedMember
05:45:42.441 [main] INFO org.evosuite.runtime.instrumentation.MethodCallReplacementClassAdapter - Adding mock interface to class com/fasterxml/jackson/databind/introspect/AnnotatedMember
05:45:42.441 [main] INFO org.evosuite.runtime.instrumentation.CreateClassResetClassAdapter - Creating brand-new static initializer in class com/fasterxml/jackson/databind/introspect/AnnotatedMember
05:45:42.442 [main] DEBUG org.evosuite.runtime.agent.TransformerForTests - Going to instrument: com.fasterxml.jackson.databind.introspect.VirtualAnnotatedMember
05:45:42.442 [main] INFO org.evosuite.runtime.instrumentation.MethodCallReplacementClassAdapter - Adding mock interface to class com/fasterxml/jackson/databind/introspect/VirtualAnnotatedMember
05:45:42.443 [main] INFO org.evosuite.runtime.instrumentation.CreateClassResetClassAdapter - Creating brand-new static initializer in class com/fasterxml/jackson/databind/introspect/VirtualAnnotatedMember
05:45:42.443 [main] DEBUG org.evosuite.runtime.agent.TransformerForTests - Going to instrument: com.fasterxml.jackson.databind.introspect.BeanPropertyDefinition
05:45:42.443 [main] INFO org.evosuite.runtime.instrumentation.MethodCallReplacementClassAdapter - Adding mock interface to class com/fasterxml/jackson/databind/introspect/BeanPropertyDefinition
05:45:42.444 [main] INFO org.evosuite.runtime.instrumentation.CreateClassResetClassAdapter - Found static initializer in class com/fasterxml/jackson/databind/introspect/BeanPropertyDefinition
05:45:42.445 [main] DEBUG org.evosuite.runtime.agent.TransformerForTests - Going to instrument: com.fasterxml.jackson.databind.util.Named
05:45:42.445 [main] DEBUG org.evosuite.runtime.agent.TransformerForTests - Going to instrument: com.fasterxml.jackson.databind.util.SimpleBeanPropertyDefinition
05:45:42.445 [main] INFO org.evosuite.runtime.instrumentation.MethodCallReplacementClassAdapter - Adding mock interface to class com/fasterxml/jackson/databind/util/SimpleBeanPropertyDefinition
05:45:42.446 [main] INFO org.evosuite.runtime.instrumentation.CreateClassResetClassAdapter - Creating brand-new static initializer in class com/fasterxml/jackson/databind/util/SimpleBeanPropertyDefinition
05:45:42.447 [main] DEBUG org.evosuite.runtime.agent.TransformerForTests - Going to instrument: com.fasterxml.jackson.databind.ser.BeanPropertyWriter
05:45:42.447 [main] INFO org.evosuite.runtime.instrumentation.MethodCallReplacementClassAdapter - Adding mock interface to class com/fasterxml/jackson/databind/ser/BeanPropertyWriter
05:45:42.448 [main] INFO org.evosuite.runtime.instrumentation.CreateClassResetClassAdapter - Found static initializer in class com/fasterxml/jackson/databind/ser/BeanPropertyWriter
05:45:42.449 [main] DEBUG org.evosuite.runtime.agent.TransformerForTests - Going to instrument: com.fasterxml.jackson.databind.ser.PropertyWriter
05:45:42.449 [main] INFO org.evosuite.runtime.instrumentation.MethodCallReplacementClassAdapter - Adding mock interface to class com/fasterxml/jackson/databind/ser/PropertyWriter
05:45:42.449 [main] INFO org.evosuite.runtime.instrumentation.CreateClassResetClassAdapter - Creating brand-new static initializer in class com/fasterxml/jackson/databind/ser/PropertyWriter
05:45:42.449 [main] DEBUG org.evosuite.runtime.agent.TransformerForTests - Going to instrument: com.fasterxml.jackson.databind.introspect.ConcreteBeanPropertyBase
05:45:42.449 [main] INFO org.evosuite.runtime.instrumentation.MethodCallReplacementClassAdapter - Adding mock interface to class com/fasterxml/jackson/databind/introspect/ConcreteBeanPropertyBase
05:45:42.450 [main] INFO org.evosuite.runtime.instrumentation.CreateClassResetClassAdapter - Creating brand-new static initializer in class com/fasterxml/jackson/databind/introspect/ConcreteBeanPropertyBase
05:45:42.450 [main] DEBUG org.evosuite.runtime.agent.TransformerForTests - Going to instrument: com.fasterxml.jackson.databind.BeanProperty
05:45:42.450 [main] DEBUG org.evosuite.runtime.agent.TransformerForTests - Going to instrument: com.fasterxml.jackson.databind.ser.VirtualBeanPropertyWriter
05:45:42.450 [main] INFO org.evosuite.runtime.instrumentation.MethodCallReplacementClassAdapter - Adding mock interface to class com/fasterxml/jackson/databind/ser/VirtualBeanPropertyWriter
05:45:42.451 [main] INFO org.evosuite.runtime.instrumentation.CreateClassResetClassAdapter - Creating brand-new static initializer in class com/fasterxml/jackson/databind/ser/VirtualBeanPropertyWriter
05:45:42.451 [main] DEBUG org.evosuite.runtime.agent.TransformerForTests - Going to instrument: com.fasterxml.jackson.databind.ser.impl.AttributePropertyWriter
05:45:42.451 [main] INFO org.evosuite.runtime.instrumentation.MethodCallReplacementClassAdapter - Adding mock interface to class com/fasterxml/jackson/databind/ser/impl/AttributePropertyWriter
05:45:42.452 [main] INFO org.evosuite.runtime.instrumentation.CreateClassResetClassAdapter - Creating brand-new static initializer in class com/fasterxml/jackson/databind/ser/impl/AttributePropertyWriter
05:45:42.452 [main] DEBUG org.evosuite.runtime.agent.TransformerForTests - Going to instrument: com.fasterxml.jackson.databind.introspect.AnnotatedMethod
05:45:42.453 [main] INFO org.evosuite.runtime.instrumentation.MethodCallReplacementClassAdapter - Adding mock interface to class com/fasterxml/jackson/databind/introspect/AnnotatedMethod
05:45:42.453 [main] INFO org.evosuite.runtime.instrumentation.CreateClassResetClassAdapter - Creating brand-new static initializer in class com/fasterxml/jackson/databind/introspect/AnnotatedMethod
05:45:42.454 [main] DEBUG org.evosuite.runtime.agent.TransformerForTests - Going to instrument: com.fasterxml.jackson.databind.introspect.AnnotatedWithParams
05:45:42.454 [main] INFO org.evosuite.runtime.instrumentation.MethodCallReplacementClassAdapter - Adding mock interface to class com/fasterxml/jackson/databind/introspect/AnnotatedWithParams
05:45:42.454 [main] INFO org.evosuite.runtime.instrumentation.CreateClassResetClassAdapter - Creating brand-new static initializer in class com/fasterxml/jackson/databind/introspect/AnnotatedWithParams
05:45:42.455 [main] DEBUG org.evosuite.runtime.agent.TransformerForTests - Going to instrument: com.fasterxml.jackson.databind.annotation.JsonSerialize
05:45:42.455 [main] DEBUG org.evosuite.runtime.agent.TransformerForTests - Going to instrument: com.fasterxml.jackson.annotation.JsonView
05:45:42.456 [main] DEBUG org.evosuite.runtime.agent.TransformerForTests - Going to instrument: com.fasterxml.jackson.annotation.JsonFormat
05:45:42.456 [main] DEBUG org.evosuite.runtime.agent.TransformerForTests - Going to instrument: com.fasterxml.jackson.annotation.JsonTypeInfo
05:45:42.456 [main] DEBUG org.evosuite.runtime.agent.TransformerForTests - Going to instrument: com.fasterxml.jackson.annotation.JsonRawValue
05:45:42.456 [main] DEBUG org.evosuite.runtime.agent.TransformerForTests - Going to instrument: com.fasterxml.jackson.annotation.JsonUnwrapped
05:45:42.457 [main] DEBUG org.evosuite.runtime.agent.TransformerForTests - Going to instrument: com.fasterxml.jackson.annotation.JsonBackReference
05:45:42.457 [main] DEBUG org.evosuite.runtime.agent.TransformerForTests - Going to instrument: com.fasterxml.jackson.annotation.JsonManagedReference
05:45:42.457 [main] DEBUG org.evosuite.runtime.agent.TransformerForTests - Going to instrument: com.fasterxml.jackson.databind.annotation.JsonDeserialize
05:45:42.457 [main] DEBUG org.evosuite.runtime.agent.TransformerForTests - Going to instrument: com.fasterxml.jackson.annotation.JsonMerge
05:45:42.458 [main] DEBUG org.evosuite.runtime.agent.TransformerForTests - Going to instrument: com.fasterxml.jackson.databind.ext.Java7Support
05:45:42.458 [main] INFO org.evosuite.runtime.instrumentation.MethodCallReplacementClassAdapter - Adding mock interface to class com/fasterxml/jackson/databind/ext/Java7Support
05:45:42.458 [main] INFO org.evosuite.runtime.instrumentation.CreateClassResetClassAdapter - Found static initializer in class com/fasterxml/jackson/databind/ext/Java7Support
05:45:42.458 [main] DEBUG org.evosuite.runtime.agent.TransformerForTests - Going to instrument: com.fasterxml.jackson.databind.ext.Java7SupportImpl
05:45:42.458 [main] INFO org.evosuite.runtime.instrumentation.MethodCallReplacementClassAdapter - Adding mock interface to class com/fasterxml/jackson/databind/ext/Java7SupportImpl
05:45:42.459 [main] INFO org.evosuite.runtime.instrumentation.CreateClassResetClassAdapter - Creating brand-new static initializer in class com/fasterxml/jackson/databind/ext/Java7SupportImpl
05:45:42.460 [main] DEBUG org.evosuite.runtime.agent.TransformerForTests - Going to instrument: com.fasterxml.jackson.databind.util.ClassUtil
05:45:42.460 [main] INFO org.evosuite.runtime.instrumentation.MethodCallReplacementClassAdapter - Adding mock interface to class com/fasterxml/jackson/databind/util/ClassUtil
05:45:42.462 [main] INFO org.evosuite.runtime.instrumentation.CreateClassResetClassAdapter - Found static initializer in class com/fasterxml/jackson/databind/util/ClassUtil
05:45:42.463 [main] DEBUG org.evosuite.runtime.agent.TransformerForTests - Going to instrument: com.fasterxml.jackson.databind.util.ClassUtil$Ctor
05:45:42.463 [main] INFO org.evosuite.runtime.instrumentation.MethodCallReplacementClassAdapter - Adding mock interface to class com/fasterxml/jackson/databind/util/ClassUtil$Ctor
05:45:42.463 [main] INFO org.evosuite.runtime.instrumentation.CreateClassResetClassAdapter - Creating brand-new static initializer in class com/fasterxml/jackson/databind/util/ClassUtil$Ctor
05:45:42.464 [main] DEBUG org.evosuite.runtime.agent.TransformerForTests - Going to instrument: com.fasterxml.jackson.databind.util.LRUMap
05:45:42.464 [main] INFO org.evosuite.runtime.instrumentation.MethodCallReplacementClassAdapter - Adding mock interface to class com/fasterxml/jackson/databind/util/LRUMap
05:45:42.464 [main] INFO org.evosuite.runtime.instrumentation.CreateClassResetClassAdapter - Creating brand-new static initializer in class com/fasterxml/jackson/databind/util/LRUMap
05:45:42.465 [main] DEBUG org.evosuite.runtime.agent.TransformerForTests - Going to instrument: com.fasterxml.jackson.databind.cfg.BaseSettings
05:45:42.465 [main] INFO org.evosuite.runtime.instrumentation.MethodCallReplacementClassAdapter - Adding mock interface to class com/fasterxml/jackson/databind/cfg/BaseSettings
05:45:42.465 [main] INFO org.evosuite.runtime.instrumentation.CreateClassResetClassAdapter - Found static initializer in class com/fasterxml/jackson/databind/cfg/BaseSettings
05:45:42.467 [main] DEBUG org.evosuite.runtime.agent.TransformerForTests - Going to instrument: com.fasterxml.jackson.databind.type.TypeFactory
05:45:42.468 [main] INFO org.evosuite.runtime.instrumentation.MethodCallReplacementClassAdapter - Adding mock interface to class com/fasterxml/jackson/databind/type/TypeFactory
05:45:42.471 [main] INFO org.evosuite.runtime.instrumentation.CreateClassResetClassAdapter - Found static initializer in class com/fasterxml/jackson/databind/type/TypeFactory
05:45:42.474 [main] DEBUG org.evosuite.runtime.agent.TransformerForTests - Going to instrument: com.fasterxml.jackson.databind.type.SimpleType
05:45:42.474 [main] INFO org.evosuite.runtime.instrumentation.MethodCallReplacementClassAdapter - Adding mock interface to class com/fasterxml/jackson/databind/type/SimpleType
05:45:42.475 [main] INFO org.evosuite.runtime.instrumentation.CreateClassResetClassAdapter - Creating brand-new static initializer in class com/fasterxml/jackson/databind/type/SimpleType
05:45:42.476 [main] DEBUG org.evosuite.runtime.agent.TransformerForTests - Going to instrument: com.fasterxml.jackson.databind.type.ResolvedRecursiveType
05:45:42.476 [main] INFO org.evosuite.runtime.instrumentation.MethodCallReplacementClassAdapter - Adding mock interface to class com/fasterxml/jackson/databind/type/ResolvedRecursiveType
05:45:42.477 [main] INFO org.evosuite.runtime.instrumentation.CreateClassResetClassAdapter - Creating brand-new static initializer in class com/fasterxml/jackson/databind/type/ResolvedRecursiveType
05:45:42.477 [main] DEBUG org.evosuite.runtime.agent.TransformerForTests - Going to instrument: com.fasterxml.jackson.databind.type.PlaceholderForType
05:45:42.477 [main] INFO org.evosuite.runtime.instrumentation.MethodCallReplacementClassAdapter - Adding mock interface to class com/fasterxml/jackson/databind/type/PlaceholderForType
05:45:42.477 [main] INFO org.evosuite.runtime.instrumentation.CreateClassResetClassAdapter - Creating brand-new static initializer in class com/fasterxml/jackson/databind/type/PlaceholderForType
05:45:42.478 [main] DEBUG org.evosuite.runtime.agent.TransformerForTests - Going to instrument: com.fasterxml.jackson.databind.type.ReferenceType
05:45:42.478 [main] INFO org.evosuite.runtime.instrumentation.MethodCallReplacementClassAdapter - Adding mock interface to class com/fasterxml/jackson/databind/type/ReferenceType
05:45:42.479 [main] INFO org.evosuite.runtime.instrumentation.CreateClassResetClassAdapter - Creating brand-new static initializer in class com/fasterxml/jackson/databind/type/ReferenceType
05:45:42.480 [main] DEBUG org.evosuite.runtime.agent.TransformerForTests - Going to instrument: com.fasterxml.jackson.databind.type.TypeParser
05:45:42.480 [main] INFO org.evosuite.runtime.instrumentation.MethodCallReplacementClassAdapter - Adding mock interface to class com/fasterxml/jackson/databind/type/TypeParser
05:45:42.480 [main] INFO org.evosuite.runtime.instrumentation.CreateClassResetClassAdapter - Creating brand-new static initializer in class com/fasterxml/jackson/databind/type/TypeParser
05:45:42.481 [main] DEBUG org.evosuite.runtime.agent.TransformerForTests - Going to instrument: com.fasterxml.jackson.databind.type.TypeBindings
05:45:42.481 [main] INFO org.evosuite.runtime.instrumentation.MethodCallReplacementClassAdapter - Adding mock interface to class com/fasterxml/jackson/databind/type/TypeBindings
05:45:42.482 [main] INFO org.evosuite.runtime.instrumentation.CreateClassResetClassAdapter - Found static initializer in class com/fasterxml/jackson/databind/type/TypeBindings
05:45:42.488 [main] DEBUG org.evosuite.runtime.agent.TransformerForTests - Going to instrument: com.fasterxml.jackson.core.Base64Variants
05:45:42.488 [main] INFO org.evosuite.runtime.instrumentation.MethodCallReplacementClassAdapter - Adding mock interface to class com/fasterxml/jackson/core/Base64Variants
05:45:42.489 [main] INFO org.evosuite.runtime.instrumentation.CreateClassResetClassAdapter - Found static initializer in class com/fasterxml/jackson/core/Base64Variants
05:45:42.490 [main] DEBUG org.evosuite.runtime.agent.TransformerForTests - Going to instrument: com.fasterxml.jackson.core.Base64Variant
05:45:42.490 [main] INFO org.evosuite.runtime.instrumentation.MethodCallReplacementClassAdapter - Adding mock interface to class com/fasterxml/jackson/core/Base64Variant
05:45:42.491 [main] INFO org.evosuite.runtime.instrumentation.CreateClassResetClassAdapter - Creating brand-new static initializer in class com/fasterxml/jackson/core/Base64Variant
05:45:42.491 [main] INFO org.evosuite.runtime.instrumentation.CreateClassResetClassAdapter - Adding bytecode for initializing field INT_SPACE
05:45:42.491 [main] INFO org.evosuite.runtime.instrumentation.CreateClassResetClassAdapter - Adding bytecode for initializing field PADDING_CHAR_NONE
05:45:42.491 [main] INFO org.evosuite.runtime.instrumentation.CreateClassResetClassAdapter - Adding bytecode for initializing field BASE64_VALUE_INVALID
05:45:42.491 [main] INFO org.evosuite.runtime.instrumentation.CreateClassResetClassAdapter - Adding bytecode for initializing field BASE64_VALUE_PADDING
05:45:42.492 [main] DEBUG org.evosuite.runtime.agent.TransformerForTests - Going to instrument: org.springframework.beans.propertyeditors.ClassEditor
05:45:42.492 [main] INFO org.evosuite.runtime.instrumentation.MethodCallReplacementClassAdapter - Adding mock interface to class org/springframework/beans/propertyeditors/ClassEditor
05:45:42.492 [main] INFO org.evosuite.runtime.instrumentation.CreateClassResetClassAdapter - Creating brand-new static initializer in class org/springframework/beans/propertyeditors/ClassEditor
05:45:42.493 [main] DEBUG org.evosuite.runtime.agent.TransformerForTests - Going to instrument: org.springframework.boot.context.event.EventPublishingRunListener$LoggingErrorHandler
05:45:42.493 [main] INFO org.evosuite.runtime.instrumentation.MethodCallReplacementClassAdapter - Adding mock interface to class org/springframework/boot/context/event/EventPublishingRunListener$LoggingErrorHandler
05:45:42.493 [main] INFO org.evosuite.runtime.instrumentation.CreateClassResetClassAdapter - Found static initializer in class org/springframework/boot/context/event/EventPublishingRunListener$LoggingErrorHandler
05:45:42.493 [main] DEBUG org.evosuite.runtime.agent.TransformerForTests - Going to instrument: org.yaml.snakeyaml.representer.SafeRepresenter$RepresentUuid
05:45:42.493 [main] INFO org.evosuite.runtime.instrumentation.MethodCallReplacementClassAdapter - Adding mock interface to class org/yaml/snakeyaml/representer/SafeRepresenter$RepresentUuid
05:45:42.493 [main] INFO org.evosuite.runtime.instrumentation.CreateClassResetClassAdapter - Creating brand-new static initializer in class org/yaml/snakeyaml/representer/SafeRepresenter$RepresentUuid
05:45:42.494 [main] DEBUG org.evosuite.runtime.agent.TransformerForTests - Going to instrument: org.springframework.boot.context.properties.bind.ValueObjectBinder$ValueObject
05:45:42.494 [main] INFO org.evosuite.runtime.instrumentation.MethodCallReplacementClassAdapter - Adding mock interface to class org/springframework/boot/context/properties/bind/ValueObjectBinder$ValueObject
05:45:42.494 [main] INFO org.evosuite.runtime.instrumentation.CreateClassResetClassAdapter - Creating brand-new static initializer in class org/springframework/boot/context/properties/bind/ValueObjectBinder$ValueObject
05:45:42.495 [main] DEBUG org.evosuite.runtime.agent.TransformerForTests - Going to instrument: org.yaml.snakeyaml.representer.Representer
05:45:42.495 [main] INFO org.evosuite.runtime.instrumentation.MethodCallReplacementClassAdapter - Adding mock interface to class org/yaml/snakeyaml/representer/Representer
05:45:42.495 [main] INFO org.evosuite.runtime.instrumentation.CreateClassResetClassAdapter - Creating brand-new static initializer in class org/yaml/snakeyaml/representer/Representer
05:45:42.497 [main] DEBUG org.evosuite.runtime.agent.TransformerForTests - Going to instrument: org.springframework.boot.context.properties.bind.Binder
05:45:42.497 [main] INFO org.evosuite.runtime.instrumentation.MethodCallReplacementClassAdapter - Adding mock interface to class org/springframework/boot/context/properties/bind/Binder
05:45:42.497 [main] INFO org.evosuite.runtime.instrumentation.CreateClassResetClassAdapter - Found static initializer in class org/springframework/boot/context/properties/bind/Binder
05:45:42.499 [main] DEBUG org.evosuite.runtime.agent.TransformerForTests - Going to instrument: org.springframework.core.type.classreading.CachingMetadataReaderFactory$LocalResourceCache
05:45:42.499 [main] INFO org.evosuite.runtime.instrumentation.MethodCallReplacementClassAdapter - Adding mock interface to class org/springframework/core/type/classreading/CachingMetadataReaderFactory$LocalResourceCache
05:45:42.499 [main] INFO org.evosuite.runtime.instrumentation.CreateClassResetClassAdapter - Creating brand-new static initializer in class org/springframework/core/type/classreading/CachingMetadataReaderFactory$LocalResourceCache
05:45:42.499 [main] ERROR org.evosuite.runtime.classhandling.ClassStateSupport - Found $jacocoInit in class org.springframework.core.convert.support.ObjectToStringConverter
05:45:42.524 [main] INFO org.evosuite.runtime.classhandling.ClassStateSupport - Error while checking for $gzoltarInit in class io.micrometer.core.instrument.binder.kafka.KafkaMetrics: org/apache/kafka/common/Metric
05:45:42.584 [main] INFO org.evosuite.runtime.classhandling.ClassStateSupport - Error while checking for $gzoltarInit in class org.springframework.http.server.reactive.HttpHandler: reactor/core/publisher/Mono
05:45:42.584 [main] INFO org.evosuite.runtime.classhandling.ClassStateSupport - Error while checking for $gzoltarInit in class org.springframework.http.ReactiveHttpInputMessage: reactor/core/publisher/Flux
05:45:42.653 [main] ERROR org.evosuite.runtime.classhandling.ClassStateSupport - Class io.pivotal.workshop.SpringBootTddApplication was not instrumented by EvoSuite. This could happen if you are running JUnit tests in a way that is not handled by EvoSuite, in which some classes are loaded be reflection before the tests are run. Consult the EvoSuite documentation for possible workarounds for this issue.
05:45:42.676 [Time-limited test] DEBUG org.springframework.boot.context.logging.ClasspathLoggingApplicationListener - Application failed to start with classpath: unknown
05:45:42.678 [Time-limited test] ERROR org.springframework.boot.SpringApplication - Application run failed
java.lang.NullPointerException: null
	at org.springframework.core.env.SimpleCommandLineArgsParser.parse(SimpleCommandLineArgsParser.java:69)
	at org.springframework.core.env.SimpleCommandLinePropertySource.<init>(SimpleCommandLinePropertySource.java:96)
	at org.springframework.boot.DefaultApplicationArguments$Source.<init>(DefaultApplicationArguments.java:76)
	at org.springframework.boot.DefaultApplicationArguments.<init>(DefaultApplicationArguments.java:42)
	at org.springframework.boot.SpringApplication.run(SpringApplication.java:307)
	at org.springframework.boot.SpringApplication.run(SpringApplication.java:1237)
	at org.springframework.boot.SpringApplication.run(SpringApplication.java:1226)
	at io.pivotal.workshop.SpringBootTddApplication.main(SpringBootTddApplication.java:11)
	at io.pivotal.workshop.SpringBootTddApplication_ESTest.test0(SpringBootTddApplication_ESTest.java:26)
	at java.base/jdk.internal.reflect.NativeMethodAccessorImpl.invoke0(Native Method)
	at java.base/jdk.internal.reflect.NativeMethodAccessorImpl.invoke(NativeMethodAccessorImpl.java:62)
	at java.base/jdk.internal.reflect.DelegatingMethodAccessorImpl.invoke(DelegatingMethodAccessorImpl.java:43)
	at java.base/java.lang.reflect.Method.invoke(Method.java:566)
	at org.junit.runners.model.FrameworkMethod$1.runReflectiveCall(FrameworkMethod.java:59)
	at org.junit.internal.runners.model.ReflectiveCallable.run(ReflectiveCallable.java:12)
	at org.junit.runners.model.FrameworkMethod.invokeExplosively(FrameworkMethod.java:56)
	at org.junit.internal.runners.statements.InvokeMethod.evaluate(InvokeMethod.java:17)
	at org.junit.internal.runners.statements.FailOnTimeout$CallableStatement.call(FailOnTimeout.java:299)
	at org.junit.internal.runners.statements.FailOnTimeout$CallableStatement.call(FailOnTimeout.java:293)
	at java.base/java.util.concurrent.FutureTask.run(FutureTask.java:264)
	at java.base/java.lang.Thread.run(Thread.java:829)
05:45:42.679 [main] DEBUG org.evosuite.runtime.classhandling.ClassResetter - __STATIC_RESET() method does not exists in class io.pivotal.workshop.SpringBootTddApplication
2026-04-08 05:45:42.824  WARN 69 --- [me-limited test] o.s.b.l.logback.LogbackLoggingSystem     : Ignoring 'logback.configurationFile' system property. Please use 'logging.config' instead.

  .   ____          _            __ _ _
 /\\ / ___'_ __ _ _(_)_ __  __ _ \ \ \ \
( ( )\___ | '_ | '_| | '_ \/ _` | \ \ \ \
 \\/  ___)| |_)| | | | | || (_| |  ) ) ) )
  '  |____| .__|_| |_|_| |_\__, | / / / /
 =========|_|==============|___/=/_/_/_/
 :: Spring Boot ::        (v2.3.1.RELEASE)

2026-04-08 05:45:42.870  INFO 69 --- [me-limited test] o.s.boot.SpringApplication               : Starting application on java.lang.String@0000004840 with PID org.springframework.boot.system.ApplicationPid@0000004841 (started by java.lang.String@0000004843 in java.lang.String@0000004844)
2026-04-08 05:45:42.872  INFO 69 --- [me-limited test] o.s.boot.SpringApplication               : No active profile set, falling back to default profiles: default
2026-04-08 05:45:42.904  INFO 69 --- [me-limited test] .e.r.i.MethodCallReplacementClassAdapter : Adding mock interface to class org/springframework/core/$Proxy37
2026-04-08 05:45:42.906  INFO 69 --- [me-limited test] o.e.r.i.CreateClassResetClassAdapter     : Found static initializer in class org/springframework/core/$Proxy37
2026-04-08 05:45:42.983 ERROR 69 --- [me-limited test] o.s.boot.SpringApplication               : Application run failed

org.evosuite.runtime.TooManyResourcesException: Loop has been executed more times than the allowed 10000
	at org.evosuite.runtime.LoopCounter.checkLoop(LoopCounter.java:116) ~[evosuite-standalone-runtime-1.1.0.jar:1.1.0]
	at org.springframework.boot.autoconfigure.AutoConfigurationSorter$AutoConfigurationClass.getBefore(AutoConfigurationSorter.java:184) ~[spring-boot-autoconfigure-2.3.1.RELEASE.jar:2.3.1.RELEASE]
	at org.springframework.boot.autoconfigure.AutoConfigurationSorter$AutoConfigurationClasses.lambda$getClassesRequestedAfter$0(AutoConfigurationSorter.java:141) ~[spring-boot-autoconfigure-2.3.1.RELEASE.jar:2.3.1.RELEASE]
	at java.base/java.util.HashMap.forEach(HashMap.java:1337) ~[na:na]
	at org.springframework.boot.autoconfigure.AutoConfigurationSorter$AutoConfigurationClasses.getClassesRequestedAfter(AutoConfigurationSorter.java:140) ~[spring-boot-autoconfigure-2.3.1.RELEASE.jar:2.3.1.RELEASE]
	at org.springframework.boot.autoconfigure.AutoConfigurationSorter.doSortByAfterAnnotation(AutoConfigurationSorter.java:90) ~[spring-boot-autoconfigure-2.3.1.RELEASE.jar:2.3.1.RELEASE]
	at org.springframework.boot.autoconfigure.AutoConfigurationSorter.sortByAnnotation(AutoConfigurationSorter.java:78) ~[spring-boot-autoconfigure-2.3.1.RELEASE.jar:2.3.1.RELEASE]
	at org.springframework.boot.autoconfigure.AutoConfigurationSorter.getInPriorityOrder(AutoConfigurationSorter.java:68) ~[spring-boot-autoconfigure-2.3.1.RELEASE.jar:2.3.1.RELEASE]
	at org.springframework.boot.autoconfigure.AutoConfigurationImportSelector$AutoConfigurationGroup.sortAutoConfigurations(AutoConfigurationImportSelector.java:458) ~[spring-boot-autoconfigure-2.3.1.RELEASE.jar:2.3.1.RELEASE]
	at org.springframework.boot.autoconfigure.AutoConfigurationImportSelector$AutoConfigurationGroup.selectImports(AutoConfigurationImportSelector.java:443) ~[spring-boot-autoconfigure-2.3.1.RELEASE.jar:2.3.1.RELEASE]
	at org.springframework.context.annotation.ConfigurationClassParser$DeferredImportSelectorGrouping.getImports(ConfigurationClassParser.java:881) ~[spring-context-5.2.7.RELEASE.jar:5.2.7.RELEASE]
	at org.springframework.context.annotation.ConfigurationClassParser$DeferredImportSelectorGroupingHandler.processGroupImports(ConfigurationClassParser.java:808) ~[spring-context-5.2.7.RELEASE.jar:5.2.7.RELEASE]
	at org.springframework.context.annotation.ConfigurationClassParser$DeferredImportSelectorHandler.process(ConfigurationClassParser.java:779) ~[spring-context-5.2.7.RELEASE.jar:5.2.7.RELEASE]
	at org.springframework.context.annotation.ConfigurationClassParser.parse(ConfigurationClassParser.java:192) ~[spring-context-5.2.7.RELEASE.jar:5.2.7.RELEASE]
	at org.springframework.context.annotation.ConfigurationClassPostProcessor.processConfigBeanDefinitions(ConfigurationClassPostProcessor.java:319) ~[spring-context-5.2.7.RELEASE.jar:5.2.7.RELEASE]
	at org.springframework.context.annotation.ConfigurationClassPostProcessor.postProcessBeanDefinitionRegistry(ConfigurationClassPostProcessor.java:236) ~[spring-context-5.2.7.RELEASE.jar:5.2.7.RELEASE]
	at org.springframework.context.support.PostProcessorRegistrationDelegate.invokeBeanDefinitionRegistryPostProcessors(PostProcessorRegistrationDelegate.java:280) ~[spring-context-5.2.7.RELEASE.jar:5.2.7.RELEASE]
	at org.springframework.context.support.PostProcessorRegistrationDelegate.invokeBeanFactoryPostProcessors(PostProcessorRegistrationDelegate.java:96) ~[spring-context-5.2.7.RELEASE.jar:5.2.7.RELEASE]
	at org.springframework.context.support.AbstractApplicationContext.invokeBeanFactoryPostProcessors(AbstractApplicationContext.java:707) ~[spring-context-5.2.7.RELEASE.jar:5.2.7.RELEASE]
	at org.springframework.context.support.AbstractApplicationContext.refresh(AbstractApplicationContext.java:533) ~[spring-context-5.2.7.RELEASE.jar:5.2.7.RELEASE]
	at org.springframework.boot.web.servlet.context.ServletWebServerApplicationContext.refresh(ServletWebServerApplicationContext.java:143) ~[spring-boot-2.3.1.RELEASE.jar:2.3.1.RELEASE]
	at org.springframework.boot.SpringApplication.refresh(SpringApplication.java:758) ~[spring-boot-2.3.1.RELEASE.jar:2.3.1.RELEASE]
	at org.springframework.boot.SpringApplication.refresh(SpringApplication.java:750) ~[spring-boot-2.3.1.RELEASE.jar:2.3.1.RELEASE]
	at org.springframework.boot.SpringApplication.refreshContext(SpringApplication.java:397) ~[spring-boot-2.3.1.RELEASE.jar:2.3.1.RELEASE]
	at org.springframework.boot.SpringApplication.run(SpringApplication.java:315) ~[spring-boot-2.3.1.RELEASE.jar:2.3.1.RELEASE]
	at org.springframework.boot.SpringApplication.run(SpringApplication.java:1237) ~[spring-boot-2.3.1.RELEASE.jar:2.3.1.RELEASE]
	at org.springframework.boot.SpringApplication.run(SpringApplication.java:1226) ~[spring-boot-2.3.1.RELEASE.jar:2.3.1.RELEASE]
	at io.pivotal.workshop.SpringBootTddApplication.main(SpringBootTddApplication.java:11) ~[classes/:na]
	at io.pivotal.workshop.SpringBootTddApplication_ESTest.test1(SpringBootTddApplication_ESTest.java:42) ~[test-classes/:na]
	at java.base/jdk.internal.reflect.NativeMethodAccessorImpl.invoke0(Native Method) ~[na:na]
	at java.base/jdk.internal.reflect.NativeMethodAccessorImpl.invoke(NativeMethodAccessorImpl.java:62) ~[na:na]
	at java.base/jdk.internal.reflect.DelegatingMethodAccessorImpl.invoke(DelegatingMethodAccessorImpl.java:43) ~[na:na]
	at java.base/java.lang.reflect.Method.invoke(Method.java:566) ~[na:na]
	at org.junit.runners.model.FrameworkMethod$1.runReflectiveCall(FrameworkMethod.java:59) ~[junit-4.13.2.jar:4.13.2]
	at org.junit.internal.runners.model.ReflectiveCallable.run(ReflectiveCallable.java:12) ~[junit-4.13.2.jar:4.13.2]
	at org.junit.runners.model.FrameworkMethod.invokeExplosively(FrameworkMethod.java:56) ~[junit-4.13.2.jar:4.13.2]
	at org.junit.internal.runners.statements.InvokeMethod.evaluate(InvokeMethod.java:17) ~[junit-4.13.2.jar:4.13.2]
	at org.junit.internal.runners.statements.FailOnTimeout$CallableStatement.call(FailOnTimeout.java:299) ~[junit-4.13.2.jar:4.13.2]
	at org.junit.internal.runners.statements.FailOnTimeout$CallableStatement.call(FailOnTimeout.java:293) ~[junit-4.13.2.jar:4.13.2]
	at java.base/java.util.concurrent.FutureTask.run(FutureTask.java:264) ~[na:na]
	at java.base/java.lang.Thread.run(Thread.java:829) ~[na:na]

2026-04-08 05:45:43.018 ERROR 69 --- [me-limited test] o.s.boot.SpringApplication               : Application run failed

org.evosuite.runtime.mock.java.lang.MockIllegalArgumentException: Args must not be null
	at org.springframework.util.Assert.notNull(Assert.java:198) ~[spring-core-5.2.7.RELEASE.jar:5.2.7.RELEASE]
	at <evosuite>.<evosuite>(<evosuite>) ~[na:na]
	at <evosuite>.<evosuite>(<evosuite>) ~[na:na]

[INFO] Tests run: 4, Failures: 0, Errors: 0, Skipped: 0, Time elapsed: 2.926 s - in io.pivotal.workshop.SpringBootTddApplication_ESTest
[INFO] Running io.pivotal.workshop.CarNotFoundException_init_4702651560
[INFO] Tests run: 1, Failures: 0, Errors: 0, Skipped: 0, Time elapsed: 0 s - in io.pivotal.workshop.CarNotFoundException_init_4702651560
[INFO] Running io.pivotal.workshop.Car_init_3821514700
[INFO] Tests run: 1, Failures: 0, Errors: 0, Skipped: 0, Time elapsed: 0 s - in io.pivotal.workshop.Car_init_3821514700
[INFO] Running io.pivotal.workshop.Car_getType_1012163513
[INFO] Tests run: 1, Failures: 0, Errors: 0, Skipped: 0, Time elapsed: 0.001 s - in io.pivotal.workshop.Car_getType_1012163513
[INFO] Running io.pivotal.workshop.Car_getType_101216354
[INFO] Tests run: 1, Failures: 0, Errors: 0, Skipped: 0, Time elapsed: 0 s - in io.pivotal.workshop.Car_getType_101216354
[INFO] Running io.pivotal.workshop.Car_setType_170975493315
[INFO] Tests run: 1, Failures: 0, Errors: 0, Skipped: 0, Time elapsed: 0 s - in io.pivotal.workshop.Car_setType_170975493315
[INFO] Running io.pivotal.workshop.Car_hashCode_143836701117
[INFO] Tests run: 1, Failures: 0, Errors: 0, Skipped: 0, Time elapsed: 0 s - in io.pivotal.workshop.Car_hashCode_143836701117
[INFO] Running io.pivotal.workshop.SpringBootTddApplication_main_9972172331

  .   ____          _            __ _ _
 /\\ / ___'_ __ _ _(_)_ __  __ _ \ \ \ \
( ( )\___ | '_ | '_| | '_ \/ _` | \ \ \ \
 \\/  ___)| |_)| | | | | || (_| |  ) ) ) )
  '  |____| .__|_| |_|_| |_\__, | / / / /
 =========|_|==============|___/=/_/_/_/
 :: Spring Boot ::        (v2.3.1.RELEASE)

2026-04-08 05:45:43.101  INFO 69 --- [me-limited test] i.p.workshop.SpringBootTddApplication    : Starting SpringBootTddApplication on 22df52c8200a with PID 69 (started by root in /app)
2026-04-08 05:45:43.102  INFO 69 --- [me-limited test] i.p.workshop.SpringBootTddApplication    : No active profile set, falling back to default profiles: default
2026-04-08 05:45:43.973  INFO 69 --- [me-limited test] .s.d.r.c.RepositoryConfigurationDelegate : Bootstrapping Spring Data JPA repositories in DEFERRED mode.
2026-04-08 05:45:44.031  INFO 69 --- [me-limited test] .s.d.r.c.RepositoryConfigurationDelegate : Finished Spring Data repository scanning in 48ms. Found 1 JPA repository interfaces.
2026-04-08 05:45:44.777  INFO 69 --- [me-limited test] o.s.b.w.embedded.tomcat.TomcatWebServer  : Tomcat initialized with port(s): 8080 (http)
2026-04-08 05:45:44.787  INFO 69 --- [me-limited test] o.apache.catalina.core.StandardService   : Starting service [Tomcat]
2026-04-08 05:45:44.787  INFO 69 --- [me-limited test] org.apache.catalina.core.StandardEngine  : Starting Servlet engine: [Apache Tomcat/9.0.36]
2026-04-08 05:45:44.853  INFO 69 --- [me-limited test] o.a.c.c.C.[Tomcat].[localhost].[/]       : Initializing Spring embedded WebApplicationContext
2026-04-08 05:45:44.853  INFO 69 --- [me-limited test] w.s.c.ServletWebServerApplicationContext : Root WebApplicationContext: initialization completed in 1745 ms
2026-04-08 05:45:45.232  INFO 69 --- [me-limited test] o.s.s.concurrent.ThreadPoolTaskExecutor  : Initializing ExecutorService 'applicationTaskExecutor'
2026-04-08 05:45:45.247  INFO 69 --- [me-limited test] com.zaxxer.hikari.HikariDataSource       : HikariPool-1 - Starting...
2026-04-08 05:45:45.501  INFO 69 --- [me-limited test] com.zaxxer.hikari.HikariDataSource       : HikariPool-1 - Start completed.
2026-04-08 05:45:45.586  INFO 69 --- [         task-1] o.hibernate.jpa.internal.util.LogHelper  : HHH000204: Processing PersistenceUnitInfo [name: default]
2026-04-08 05:45:45.686  WARN 69 --- [me-limited test] JpaBaseConfiguration$JpaWebConfiguration : spring.jpa.open-in-view is enabled by default. Therefore, database queries may be performed during view rendering. Explicitly configure spring.jpa.open-in-view to disable this warning
2026-04-08 05:45:45.688  INFO 69 --- [         task-1] org.hibernate.Version                    : HHH000412: Hibernate ORM core version 5.4.17.Final
2026-04-08 05:45:45.842  INFO 69 --- [         task-1] o.hibernate.annotations.common.Version   : HCANN000001: Hibernate Commons Annotations {5.1.0.Final}
2026-04-08 05:45:45.999  INFO 69 --- [         task-1] org.hibernate.dialect.Dialect            : HHH000400: Using dialect: org.hibernate.dialect.H2Dialect
2026-04-08 05:45:46.617  INFO 69 --- [         task-1] o.h.e.t.j.p.i.JtaPlatformInitiator       : HHH000490: Using JtaPlatform implementation: [org.hibernate.engine.transaction.jta.platform.internal.NoJtaPlatform]
2026-04-08 05:45:46.625  INFO 69 --- [         task-1] j.LocalContainerEntityManagerFactoryBean : Initialized JPA EntityManagerFactory for persistence unit 'default'
2026-04-08 05:45:46.701  INFO 69 --- [me-limited test] o.s.b.a.e.web.EndpointLinksResolver      : Exposing 2 endpoint(s) beneath base path '/actuator'
2026-04-08 05:45:46.763  INFO 69 --- [me-limited test] o.s.b.w.embedded.tomcat.TomcatWebServer  : Tomcat started on port(s): 8080 (http) with context path ''
2026-04-08 05:45:46.764  INFO 69 --- [me-limited test] DeferredRepositoryInitializationListener : Triggering deferred initialization of Spring Data repositories…
2026-04-08 05:45:47.079  INFO 69 --- [me-limited test] DeferredRepositoryInitializationListener : Spring Data repositories initialized!
2026-04-08 05:45:47.089  INFO 69 --- [me-limited test] i.p.workshop.SpringBootTddApplication    : Started SpringBootTddApplication in 4.046 seconds (JVM running for 7.987)
[INFO] Tests run: 1, Failures: 0, Errors: 0, Skipped: 0, Time elapsed: 4.084 s - in io.pivotal.workshop.SpringBootTddApplication_main_9972172331
[INFO] Running io.pivotal.workshop.CarController_init_2069474021
[INFO] Tests run: 1, Failures: 0, Errors: 0, Skipped: 0, Time elapsed: 0 s - in io.pivotal.workshop.CarController_init_2069474021
[INFO] Running io.pivotal.workshop.SpringBootTddApplication_init_13737802372
[INFO] Tests run: 1, Failures: 0, Errors: 0, Skipped: 0, Time elapsed: 0 s - in io.pivotal.workshop.SpringBootTddApplication_init_13737802372
[INFO] Running io.pivotal.workshop.Car_getName_20415041812
[INFO] Tests run: 1, Failures: 0, Errors: 0, Skipped: 0, Time elapsed: 0 s - in io.pivotal.workshop.Car_getName_20415041812
[INFO] Running io.pivotal.workshop.CarServiceCache_addCarDetails_11034685241
[ERROR] Tests run: 1, Failures: 0, Errors: 1, Skipped: 0, Time elapsed: 0.003 s <<< FAILURE! - in io.pivotal.workshop.CarServiceCache_addCarDetails_11034685241
[ERROR] test  Time elapsed: 0.002 s  <<< ERROR!
java.lang.NullPointerException
	at io.pivotal.workshop.CarServiceCache_addCarDetails_11034685241.test(CarServiceCache_addCarDetails_11034685241.java:49)

[INFO] Running io.pivotal.workshop.Car_setType_17097549336
[INFO] Tests run: 1, Failures: 0, Errors: 0, Skipped: 0, Time elapsed: 0 s - in io.pivotal.workshop.Car_setType_17097549336
[INFO] Running io.pivotal.workshop.Car_setName_151572615014
[INFO] Tests run: 1, Failures: 0, Errors: 0, Skipped: 0, Time elapsed: 0.001 s - in io.pivotal.workshop.Car_setName_151572615014
[INFO] Running io.pivotal.workshop.CarServiceCache_getCarDetails_7342394370
[ERROR] Tests run: 1, Failures: 0, Errors: 1, Skipped: 0, Time elapsed: 0 s <<< FAILURE! - in io.pivotal.workshop.CarServiceCache_getCarDetails_7342394370
[ERROR] test  Time elapsed: 0 s  <<< ERROR!
java.lang.NullPointerException
	at io.pivotal.workshop.CarServiceCache_getCarDetails_7342394370.test(CarServiceCache_getCarDetails_7342394370.java:42)

[INFO] Running io.pivotal.workshop.Car_init_1949811701
[INFO] Tests run: 1, Failures: 0, Errors: 0, Skipped: 0, Time elapsed: 0 s - in io.pivotal.workshop.Car_init_1949811701
[INFO] Running io.pivotal.workshop.SpringBootTddApplication_main_9972172333
2026-04-08 05:45:47.139 ERROR 69 --- [me-limited test] o.s.boot.SpringApplication               : Application run failed

java.lang.IllegalArgumentException: Args must not be null
	at org.springframework.util.Assert.notNull(Assert.java:198) ~[spring-core-5.2.7.RELEASE.jar:5.2.7.RELEASE]
	at org.springframework.boot.DefaultApplicationArguments.<init>(DefaultApplicationArguments.java:41) ~[spring-boot-2.3.1.RELEASE.jar:2.3.1.RELEASE]
	at org.springframework.boot.SpringApplication.run(SpringApplication.java:307) ~[spring-boot-2.3.1.RELEASE.jar:2.3.1.RELEASE]
	at org.springframework.boot.SpringApplication.run(SpringApplication.java:1237) ~[spring-boot-2.3.1.RELEASE.jar:2.3.1.RELEASE]
	at org.springframework.boot.SpringApplication.run(SpringApplication.java:1226) ~[spring-boot-2.3.1.RELEASE.jar:2.3.1.RELEASE]
	at io.pivotal.workshop.SpringBootTddApplication.main(SpringBootTddApplication.java:11) ~[classes/:na]
	at java.base/jdk.internal.reflect.NativeMethodAccessorImpl.invoke0(Native Method) ~[na:na]
	at java.base/jdk.internal.reflect.NativeMethodAccessorImpl.invoke(NativeMethodAccessorImpl.java:62) ~[na:na]
	at java.base/jdk.internal.reflect.DelegatingMethodAccessorImpl.invoke(DelegatingMethodAccessorImpl.java:43) ~[na:na]
	at java.base/java.lang.reflect.Method.invoke(Method.java:566) ~[na:na]
	at io.pivotal.workshop.ReflectionUtils.callMethod(ReflectionUtils.java:328) ~[test-classes/:na]
	at io.pivotal.workshop.SpringBootTddApplication_main_9972172333.test(SpringBootTddApplication_main_9972172333.java:44) ~[test-classes/:na]
	at java.base/jdk.internal.reflect.NativeMethodAccessorImpl.invoke0(Native Method) ~[na:na]
	at java.base/jdk.internal.reflect.NativeMethodAccessorImpl.invoke(NativeMethodAccessorImpl.java:62) ~[na:na]
	at java.base/jdk.internal.reflect.DelegatingMethodAccessorImpl.invoke(DelegatingMethodAccessorImpl.java:43) ~[na:na]
	at java.base/java.lang.reflect.Method.invoke(Method.java:566) ~[na:na]
	at org.junit.runners.model.FrameworkMethod$1.runReflectiveCall(FrameworkMethod.java:59) ~[junit-4.13.2.jar:4.13.2]
	at org.junit.internal.runners.model.ReflectiveCallable.run(ReflectiveCallable.java:12) ~[junit-4.13.2.jar:4.13.2]
	at org.junit.runners.model.FrameworkMethod.invokeExplosively(FrameworkMethod.java:56) ~[junit-4.13.2.jar:4.13.2]
	at org.junit.internal.runners.statements.InvokeMethod.evaluate(InvokeMethod.java:17) ~[junit-4.13.2.jar:4.13.2]
	at org.junit.internal.runners.statements.RunBefores.evaluate(RunBefores.java:26) ~[junit-4.13.2.jar:4.13.2]
	at org.junit.internal.runners.statements.FailOnTimeout$CallableStatement.call(FailOnTimeout.java:299) ~[junit-4.13.2.jar:4.13.2]
	at org.junit.internal.runners.statements.FailOnTimeout$CallableStatement.call(FailOnTimeout.java:293) ~[junit-4.13.2.jar:4.13.2]
	at java.base/java.util.concurrent.FutureTask.run(FutureTask.java:264) ~[na:na]
	at java.base/java.lang.Thread.run(Thread.java:829) ~[na:na]

[ERROR] Tests run: 1, Failures: 0, Errors: 1, Skipped: 0, Time elapsed: 0 s <<< FAILURE! - in io.pivotal.workshop.SpringBootTddApplication_main_9972172333
[ERROR] test  Time elapsed: 0 s  <<< ERROR!
java.lang.IllegalArgumentException: Args must not be null
	at io.pivotal.workshop.SpringBootTddApplication_main_9972172333.test(SpringBootTddApplication_main_9972172333.java:44)

[INFO] Running io.pivotal.workshop.CarService_addCarDetails_7644225101
[ERROR] Tests run: 1, Failures: 0, Errors: 1, Skipped: 0, Time elapsed: 0 s <<< FAILURE! - in io.pivotal.workshop.CarService_addCarDetails_7644225101
[ERROR] test  Time elapsed: 0 s  <<< ERROR!
java.lang.NullPointerException
	at io.pivotal.workshop.CarService_addCarDetails_7644225101.test(CarService_addCarDetails_7644225101.java:49)

[INFO] Running io.pivotal.workshop.CarService_getCarDetails_16928368250
[ERROR] Tests run: 1, Failures: 0, Errors: 1, Skipped: 0, Time elapsed: 0 s <<< FAILURE! - in io.pivotal.workshop.CarService_getCarDetails_16928368250
[ERROR] test  Time elapsed: 0 s  <<< ERROR!
java.lang.NullPointerException
	at io.pivotal.workshop.CarService_getCarDetails_16928368250.test(CarService_getCarDetails_16928368250.java:42)

[INFO] Running io.pivotal.workshop.Car_init_3821514709
[INFO] Tests run: 1, Failures: 0, Errors: 0, Skipped: 0, Time elapsed: 0 s - in io.pivotal.workshop.Car_init_3821514709
[INFO] Running io.pivotal.workshop.Car_hashCode_14383670118
[INFO] Tests run: 1, Failures: 0, Errors: 0, Skipped: 0, Time elapsed: 0 s - in io.pivotal.workshop.Car_hashCode_14383670118
[INFO] Running io.pivotal.workshop.Car_getName_2041504183
[INFO] Tests run: 1, Failures: 0, Errors: 0, Skipped: 0, Time elapsed: 0 s - in io.pivotal.workshop.Car_getName_2041504183
[INFO] Running io.pivotal.workshop.Car_init_188405900811
[INFO] Tests run: 1, Failures: 0, Errors: 0, Skipped: 0, Time elapsed: 0 s - in io.pivotal.workshop.Car_init_188405900811
[INFO] Running io.pivotal.workshop.CarController_init_2069474020
[INFO] Tests run: 1, Failures: 0, Errors: 0, Skipped: 0, Time elapsed: 0 s - in io.pivotal.workshop.CarController_init_2069474020
[INFO] Running io.pivotal.workshop.Car_equals_18870536867
[INFO] Tests run: 1, Failures: 0, Errors: 0, Skipped: 0, Time elapsed: 0 s - in io.pivotal.workshop.Car_equals_18870536867
[INFO] Running io.pivotal.workshop.Car_ESTest
2026-04-08 05:45:47.149 ERROR 69 --- [           main] o.e.r.classhandling.ClassStateSupport    : Class io.pivotal.workshop.Car was not instrumented by EvoSuite. This could happen if you are running JUnit tests in a way that is not handled by EvoSuite, in which some classes are loaded be reflection before the tests are run. Consult the EvoSuite documentation for possible workarounds for this issue.
[INFO] Tests run: 22, Failures: 0, Errors: 0, Skipped: 0, Time elapsed: 0.018 s - in io.pivotal.workshop.Car_ESTest
[INFO] Running io.pivotal.workshop.Car_equals_188705368616
[INFO] Tests run: 1, Failures: 0, Errors: 0, Skipped: 0, Time elapsed: 0 s - in io.pivotal.workshop.Car_equals_188705368616
2026-04-08 05:45:47.310  INFO 69 --- [extShutdownHook] j.LocalContainerEntityManagerFactoryBean : Closing JPA EntityManagerFactory for persistence unit 'default'
2026-04-08 05:45:47.311  INFO 69 --- [extShutdownHook] .SchemaDropperImpl$DelayedDropActionImpl : HHH000477: Starting delayed evictData of schema as part of SessionFactory shut-down'
2026-04-08 05:45:47.316  INFO 69 --- [extShutdownHook] o.s.s.concurrent.ThreadPoolTaskExecutor  : Shutting down ExecutorService 'applicationTaskExecutor'
2026-04-08 05:45:47.317  INFO 69 --- [extShutdownHook] com.zaxxer.hikari.HikariDataSource       : HikariPool-1 - Shutdown initiated...
2026-04-08 05:45:47.319  INFO 69 --- [extShutdownHook] com.zaxxer.hikari.HikariDataSource       : HikariPool-1 - Shutdown completed.
[INFO] 
[INFO] Results:
[INFO] 
[ERROR] Errors: 
[ERROR]   CarServiceCache_addCarDetails_11034685241.test:49 » NullPointer
[ERROR]   CarServiceCache_getCarDetails_7342394370.test:42 » NullPointer
[ERROR]   CarService_addCarDetails_7644225101.test:49 » NullPointer
[ERROR]   CarService_getCarDetails_16928368250.test:42 » NullPointer
[ERROR]   SpringBootTddApplication_main_9972172333.test:44 » IllegalArgument Args must n...
[INFO] 
[ERROR] Tests run: 56, Failures: 0, Errors: 5, Skipped: 0
[INFO] 
[ERROR] There are test failures.

Please refer to /app/target/surefire-reports for the individual test results.
Please refer to dump files (if any exist) [date].dump, [date]-jvmRun[N].dump and [date].dumpstream.
[INFO] 
[INFO] --- jacoco-maven-plugin:0.8.11:report (report) @ spring-boot-tdd ---
[INFO] Loading execution data file /app/target/jacoco.exec
[INFO] Analyzed bundle 'spring-boot-tdd' with 6 classes
[INFO] 
[INFO] --- jacoco-maven-plugin:0.8.11:report (default-cli) @ spring-boot-tdd ---
[INFO] Loading execution data file /app/target/jacoco.exec
[INFO] Analyzed bundle 'spring-boot-tdd' with 6 classes
[INFO] ------------------------------------------------------------------------
[INFO] BUILD SUCCESS
[INFO] ------------------------------------------------------------------------
[INFO] Total time:  10.751 s
[INFO] Finished at: 2026-04-08T05:45:47Z
[INFO] ------------------------------------------------------------------------
