[INFO] Scanning for projects...
[INFO] 
[INFO] --------------------------< com.API:OnDriver >--------------------------
[INFO] Building OnDriver 0.0.1-SNAPSHOT
[INFO] --------------------------------[ jar ]---------------------------------
[INFO] 
[INFO] --- maven-clean-plugin:3.1.0:clean (default-clean) @ OnDriver ---
[INFO] 
[INFO] --- jacoco-maven-plugin:0.8.11:prepare-agent (default) @ OnDriver ---
[INFO] argLine set to -javaagent:/root/.m2/repository/org/jacoco/org.jacoco.agent/0.8.11/org.jacoco.agent-0.8.11-runtime.jar=destfile=/app/target/jacoco.exec
[INFO] 
[INFO] --- maven-resources-plugin:3.2.0:resources (default-resources) @ OnDriver ---
[INFO] Using 'UTF-8' encoding to copy filtered resources.
[INFO] Using 'UTF-8' encoding to copy filtered properties files.
[INFO] Copying 1 resource
[INFO] Copying 0 resource
[INFO] 
[INFO] --- maven-compiler-plugin:3.8.1:compile (default-compile) @ OnDriver ---
[INFO] Changes detected - recompiling the module!
[INFO] Compiling 25 source files to /app/target/classes
[INFO] 
[INFO] --- build-helper-maven-plugin:3.3.0:add-test-source (add-kex-test-source) @ OnDriver ---
[INFO] Test Source directory: /app/src/test/java/kex-tests added.
[INFO] 
[INFO] --- maven-resources-plugin:3.2.0:testResources (default-testResources) @ OnDriver ---
[INFO] Using 'UTF-8' encoding to copy filtered resources.
[INFO] Using 'UTF-8' encoding to copy filtered properties files.
[INFO] skip non existing resourceDirectory /app/src/test/resources
[INFO] 
[INFO] --- maven-compiler-plugin:3.8.1:testCompile (default-testCompile) @ OnDriver ---
[INFO] Changes detected - recompiling the module!
[INFO] Compiling 353 source files to /app/target/test-classes
[WARNING] /app/src/test/java/kex-tests/tests/com/API/OnDriver/CustomerSubsystem/ReflectionUtils.java:[9,16] sun.misc.Unsafe is internal proprietary API and may be removed in a future release
[WARNING] /app/src/test/java/kex-tests/tests/com/API/OnDriver/DataSubsystem/ReflectionUtils.java:[9,16] sun.misc.Unsafe is internal proprietary API and may be removed in a future release
[WARNING] /app/src/test/java/kex-tests/tests/com/API/OnDriver/RideSubsystem/ReflectionUtils.java:[9,16] sun.misc.Unsafe is internal proprietary API and may be removed in a future release
[WARNING] /app/src/test/java/kex-tests/tests/com/API/OnDriver/EventSubsystem/ReflectionUtils.java:[9,16] sun.misc.Unsafe is internal proprietary API and may be removed in a future release
[WARNING] /app/src/test/java/kex-tests/tests/com/API/OnDriver/ReflectionUtils.java:[9,16] sun.misc.Unsafe is internal proprietary API and may be removed in a future release
[WARNING] /app/src/test/java/kex-tests/tests/com/API/OnDriver/CustomerSubsystem/ReflectionUtils.java:[13,25] sun.misc.Unsafe is internal proprietary API and may be removed in a future release
[WARNING] /app/src/test/java/kex-tests/tests/com/API/OnDriver/CustomerSubsystem/ReflectionUtils.java:[17,31] sun.misc.Unsafe is internal proprietary API and may be removed in a future release
[WARNING] /app/src/test/java/kex-tests/tests/com/API/OnDriver/CustomerSubsystem/ReflectionUtils.java:[19,23] sun.misc.Unsafe is internal proprietary API and may be removed in a future release
[WARNING] /app/src/test/java/kex-tests/tests/com/API/OnDriver/DataSubsystem/ReflectionUtils.java:[13,25] sun.misc.Unsafe is internal proprietary API and may be removed in a future release
[WARNING] /app/src/test/java/kex-tests/tests/com/API/OnDriver/DataSubsystem/ReflectionUtils.java:[17,31] sun.misc.Unsafe is internal proprietary API and may be removed in a future release
[WARNING] /app/src/test/java/kex-tests/tests/com/API/OnDriver/DataSubsystem/ReflectionUtils.java:[19,23] sun.misc.Unsafe is internal proprietary API and may be removed in a future release
[WARNING] /app/src/test/java/kex-tests/tests/com/API/OnDriver/RideSubsystem/ReflectionUtils.java:[13,25] sun.misc.Unsafe is internal proprietary API and may be removed in a future release
[WARNING] /app/src/test/java/kex-tests/tests/com/API/OnDriver/RideSubsystem/ReflectionUtils.java:[17,31] sun.misc.Unsafe is internal proprietary API and may be removed in a future release
[WARNING] /app/src/test/java/kex-tests/tests/com/API/OnDriver/RideSubsystem/ReflectionUtils.java:[19,23] sun.misc.Unsafe is internal proprietary API and may be removed in a future release
[WARNING] /app/src/test/java/kex-tests/tests/com/API/OnDriver/EventSubsystem/ReflectionUtils.java:[13,25] sun.misc.Unsafe is internal proprietary API and may be removed in a future release
[WARNING] /app/src/test/java/kex-tests/tests/com/API/OnDriver/EventSubsystem/ReflectionUtils.java:[17,31] sun.misc.Unsafe is internal proprietary API and may be removed in a future release
[WARNING] /app/src/test/java/kex-tests/tests/com/API/OnDriver/EventSubsystem/ReflectionUtils.java:[19,23] sun.misc.Unsafe is internal proprietary API and may be removed in a future release
[WARNING] /app/src/test/java/kex-tests/tests/com/API/OnDriver/ReflectionUtils.java:[13,25] sun.misc.Unsafe is internal proprietary API and may be removed in a future release
[WARNING] /app/src/test/java/kex-tests/tests/com/API/OnDriver/ReflectionUtils.java:[17,31] sun.misc.Unsafe is internal proprietary API and may be removed in a future release
[WARNING] /app/src/test/java/kex-tests/tests/com/API/OnDriver/ReflectionUtils.java:[19,23] sun.misc.Unsafe is internal proprietary API and may be removed in a future release
[INFO] /app/src/test/java/kex-tests/tests/com/API/OnDriver/CustomerSubsystem/AdminController_getRideEvents_17641352734.java: Some input files use or override a deprecated API.
[INFO] /app/src/test/java/kex-tests/tests/com/API/OnDriver/CustomerSubsystem/AdminController_getRideEvents_17641352734.java: Recompile with -Xlint:deprecation for details.
[INFO] /app/src/test/java/kex-tests/tests/com/API/OnDriver/CustomerSubsystem/Driver_setVerified_6173391685.java: Some input files use unchecked or unsafe operations.
[INFO] /app/src/test/java/kex-tests/tests/com/API/OnDriver/CustomerSubsystem/Driver_setVerified_6173391685.java: Recompile with -Xlint:unchecked for details.
[INFO] 
[INFO] --- maven-surefire-plugin:2.22.2:test (default-test) @ OnDriver ---
[INFO] 
[INFO] -------------------------------------------------------
[INFO]  T E S T S
[INFO] -------------------------------------------------------
05:42:11.370 [main] INFO org.evosuite.runtime.agent.AgentLoader - dynamically loading javaagent
05:42:11.382 [main] INFO org.evosuite.runtime.agent.AgentLoader - Using JavaAgent in /root/.m2/repository/org/evosuite/evosuite-standalone-runtime/1.1.0/evosuite-standalone-runtime-1.1.0.jar
05:42:11.390 [main] INFO org.evosuite.runtime.agent.AgentLoader - Classpath: /app/target/test-classes:/app/target/classes:/root/.m2/repository/junit/junit/4.13.2/junit-4.13.2.jar:/root/.m2/repository/org/hamcrest/hamcrest-core/2.2/hamcrest-core-2.2.jar:/root/.m2/repository/org/junit/vintage/junit-vintage-engine/5.10.0/junit-vintage-engine-5.10.0.jar:/root/.m2/repository/org/junit/platform/junit-platform-engine/1.8.2/junit-platform-engine-1.8.2.jar:/root/.m2/repository/org/opentest4j/opentest4j/1.2.0/opentest4j-1.2.0.jar:/root/.m2/repository/org/junit/platform/junit-platform-commons/1.8.2/junit-platform-commons-1.8.2.jar:/root/.m2/repository/org/apiguardian/apiguardian-api/1.1.2/apiguardian-api-1.1.2.jar:/root/.m2/repository/org/evosuite/evosuite-standalone-runtime/1.1.0/evosuite-standalone-runtime-1.1.0.jar:/root/.m2/repository/org/springframework/boot/spring-boot-starter-web/2.6.2/spring-boot-starter-web-2.6.2.jar:/root/.m2/repository/org/springframework/boot/spring-boot-starter/2.6.2/spring-boot-starter-2.6.2.jar:/root/.m2/repository/org/springframework/boot/spring-boot-starter-logging/2.6.2/spring-boot-starter-logging-2.6.2.jar:/root/.m2/repository/ch/qos/logback/logback-classic/1.2.9/logback-classic-1.2.9.jar:/root/.m2/repository/ch/qos/logback/logback-core/1.2.9/logback-core-1.2.9.jar:/root/.m2/repository/org/apache/logging/log4j/log4j-to-slf4j/2.17.0/log4j-to-slf4j-2.17.0.jar:/root/.m2/repository/org/apache/logging/log4j/log4j-api/2.17.0/log4j-api-2.17.0.jar:/root/.m2/repository/org/slf4j/jul-to-slf4j/1.7.32/jul-to-slf4j-1.7.32.jar:/root/.m2/repository/jakarta/annotation/jakarta.annotation-api/1.3.5/jakarta.annotation-api-1.3.5.jar:/root/.m2/repository/org/yaml/snakeyaml/1.29/snakeyaml-1.29.jar:/root/.m2/repository/org/springframework/boot/spring-boot-starter-json/2.6.2/spring-boot-starter-json-2.6.2.jar:/root/.m2/repository/com/fasterxml/jackson/core/jackson-databind/2.13.1/jackson-databind-2.13.1.jar:/root/.m2/repository/com/fasterxml/jackson/core/jackson-annotations/2.13.1/jackson-annotations-2.13.1.jar:/root/.m2/repository/com/fasterxml/jackson/core/jackson-core/2.13.1/jackson-core-2.13.1.jar:/root/.m2/repository/com/fasterxml/jackson/datatype/jackson-datatype-jdk8/2.13.1/jackson-datatype-jdk8-2.13.1.jar:/root/.m2/repository/com/fasterxml/jackson/datatype/jackson-datatype-jsr310/2.13.1/jackson-datatype-jsr310-2.13.1.jar:/root/.m2/repository/com/fasterxml/jackson/module/jackson-module-parameter-names/2.13.1/jackson-module-parameter-names-2.13.1.jar:/root/.m2/repository/org/springframework/boot/spring-boot-starter-tomcat/2.6.2/spring-boot-starter-tomcat-2.6.2.jar:/root/.m2/repository/org/apache/tomcat/embed/tomcat-embed-core/9.0.56/tomcat-embed-core-9.0.56.jar:/root/.m2/repository/org/apache/tomcat/embed/tomcat-embed-el/9.0.56/tomcat-embed-el-9.0.56.jar:/root/.m2/repository/org/apache/tomcat/embed/tomcat-embed-websocket/9.0.56/tomcat-embed-websocket-9.0.56.jar:/root/.m2/repository/org/springframework/spring-web/5.3.14/spring-web-5.3.14.jar:/root/.m2/repository/org/springframework/spring-beans/5.3.14/spring-beans-5.3.14.jar:/root/.m2/repository/org/springframework/spring-webmvc/5.3.14/spring-webmvc-5.3.14.jar:/root/.m2/repository/org/springframework/spring-aop/5.3.14/spring-aop-5.3.14.jar:/root/.m2/repository/org/springframework/spring-context/5.3.14/spring-context-5.3.14.jar:/root/.m2/repository/org/springframework/spring-expression/5.3.14/spring-expression-5.3.14.jar:/root/.m2/repository/org/springframework/boot/spring-boot-devtools/2.6.2/spring-boot-devtools-2.6.2.jar:/root/.m2/repository/org/springframework/boot/spring-boot/2.6.2/spring-boot-2.6.2.jar:/root/.m2/repository/org/springframework/boot/spring-boot-starter-test/2.6.2/spring-boot-starter-test-2.6.2.jar:/root/.m2/repository/org/springframework/boot/spring-boot-test/2.6.2/spring-boot-test-2.6.2.jar:/root/.m2/repository/org/springframework/boot/spring-boot-test-autoconfigure/2.6.2/spring-boot-test-autoconfigure-2.6.2.jar:/root/.m2/repository/com/jayway/jsonpath/json-path/2.6.0/json-path-2.6.0.jar:/root/.m2/repository/net/minidev/json-smart/2.4.7/json-smart-2.4.7.jar:/root/.m2/repository/net/minidev/accessors-smart/2.4.7/accessors-smart-2.4.7.jar:/root/.m2/repository/org/ow2/asm/asm/9.1/asm-9.1.jar:/root/.m2/repository/org/slf4j/slf4j-api/1.7.32/slf4j-api-1.7.32.jar:/root/.m2/repository/jakarta/xml/bind/jakarta.xml.bind-api/2.3.3/jakarta.xml.bind-api-2.3.3.jar:/root/.m2/repository/jakarta/activation/jakarta.activation-api/1.2.2/jakarta.activation-api-1.2.2.jar:/root/.m2/repository/org/assertj/assertj-core/3.21.0/assertj-core-3.21.0.jar:/root/.m2/repository/org/hamcrest/hamcrest/2.2/hamcrest-2.2.jar:/root/.m2/repository/org/junit/jupiter/junit-jupiter/5.8.2/junit-jupiter-5.8.2.jar:/root/.m2/repository/org/junit/jupiter/junit-jupiter-api/5.8.2/junit-jupiter-api-5.8.2.jar:/root/.m2/repository/org/junit/jupiter/junit-jupiter-params/5.8.2/junit-jupiter-params-5.8.2.jar:/root/.m2/repository/org/junit/jupiter/junit-jupiter-engine/5.8.2/junit-jupiter-engine-5.8.2.jar:/root/.m2/repository/org/mockito/mockito-core/4.0.0/mockito-core-4.0.0.jar:/root/.m2/repository/net/bytebuddy/byte-buddy/1.11.22/byte-buddy-1.11.22.jar:/root/.m2/repository/net/bytebuddy/byte-buddy-agent/1.11.22/byte-buddy-agent-1.11.22.jar:/root/.m2/repository/org/objenesis/objenesis/3.2/objenesis-3.2.jar:/root/.m2/repository/org/mockito/mockito-junit-jupiter/4.0.0/mockito-junit-jupiter-4.0.0.jar:/root/.m2/repository/org/skyscreamer/jsonassert/1.5.0/jsonassert-1.5.0.jar:/root/.m2/repository/com/vaadin/external/google/android-json/0.0.20131108.vaadin1/android-json-0.0.20131108.vaadin1.jar:/root/.m2/repository/org/springframework/spring-core/5.3.14/spring-core-5.3.14.jar:/root/.m2/repository/org/springframework/spring-jcl/5.3.14/spring-jcl-5.3.14.jar:/root/.m2/repository/org/springframework/spring-test/5.3.14/spring-test-5.3.14.jar:/root/.m2/repository/org/xmlunit/xmlunit-core/2.8.4/xmlunit-core-2.8.4.jar:/root/.m2/repository/org/springframework/boot/spring-boot-autoconfigure/2.6.1/spring-boot-autoconfigure-2.6.1.jar:
05:42:11.390 [main] INFO org.evosuite.runtime.agent.AgentLoader - Going to attach agent to process 77
05:42:11.622 [Attach Listener] INFO org.evosuite.runtime.agent.InstrumentingAgent - Executing agentmain of JavaAgent
[INFO] Running com.API.OnDriver.OnDriverApplication_main_1246168593
[ERROR] Tests run: 1, Failures: 0, Errors: 1, Skipped: 0, Time elapsed: 0.179 s <<< FAILURE! - in com.API.OnDriver.OnDriverApplication_main_1246168593
[ERROR] test  Time elapsed: 0.173 s  <<< ERROR!
java.lang.IllegalArgumentException: Args must not be null
	at com.API.OnDriver.OnDriverApplication_main_1246168593.test(OnDriverApplication_main_1246168593.java:44)

[INFO] Running com.API.OnDriver.OnDriverApplication_init_2519461452
[INFO] Tests run: 1, Failures: 0, Errors: 0, Skipped: 0, Time elapsed: 0 s - in com.API.OnDriver.OnDriverApplication_init_2519461452
[INFO] Running com.API.OnDriver.OnDriverApplication_main_1246168591

  .   ____          _            __ _ _
 /\\ / ___'_ __ _ _(_)_ __  __ _ \ \ \ \
( ( )\___ | '_ | '_| | '_ \/ _` | \ \ \ \
 \\/  ___)| |_)| | | | | || (_| |  ) ) ) )
  '  |____| .__|_| |_|_| |_\__, | / / / /
 =========|_|==============|___/=/_/_/_/
 :: Spring Boot ::                (v2.6.2)

2026-04-08 05:42:12.785  INFO 77 --- [me-limited test] com.API.OnDriver.OnDriverApplication     : Starting OnDriverApplication using Java 11.0.16 on 13c7118c4342 with PID 77 (started by root in /app)
2026-04-08 05:42:12.785  INFO 77 --- [me-limited test] com.API.OnDriver.OnDriverApplication     : No active profile set, falling back to default profiles: default
2026-04-08 05:42:13.678  INFO 77 --- [me-limited test] o.s.b.w.embedded.tomcat.TomcatWebServer  : Tomcat initialized with port(s): 8080 (http)
2026-04-08 05:42:13.691  INFO 77 --- [me-limited test] o.apache.catalina.core.StandardService   : Starting service [Tomcat]
2026-04-08 05:42:13.691  INFO 77 --- [me-limited test] org.apache.catalina.core.StandardEngine  : Starting Servlet engine: [Apache Tomcat/9.0.56]
2026-04-08 05:42:13.782  INFO 77 --- [me-limited test] o.a.c.c.C.[Tomcat].[localhost].[/]       : Initializing Spring embedded WebApplicationContext
2026-04-08 05:42:13.782  INFO 77 --- [me-limited test] w.s.c.ServletWebServerApplicationContext : Root WebApplicationContext: initialization completed in 959 ms
2026-04-08 05:42:14.159  INFO 77 --- [me-limited test] o.s.b.w.embedded.tomcat.TomcatWebServer  : Tomcat started on port(s): 8080 (http) with context path ''
2026-04-08 05:42:14.168  INFO 77 --- [me-limited test] com.API.OnDriver.OnDriverApplication     : Started OnDriverApplication in 1.785 seconds (JVM running for 3.39)
[INFO] Tests run: 1, Failures: 0, Errors: 0, Skipped: 0, Time elapsed: 1.775 s - in com.API.OnDriver.OnDriverApplication_main_1246168591
[INFO] Running com.API.OnDriver.CustomerSubsystem.DriverController_init_10245097908
[INFO] Tests run: 1, Failures: 0, Errors: 0, Skipped: 0, Time elapsed: 0 s - in com.API.OnDriver.CustomerSubsystem.DriverController_init_10245097908
[INFO] Running com.API.OnDriver.CustomerSubsystem.Driver_listFavouriteAreas_20882165834
[ERROR] Tests run: 1, Failures: 0, Errors: 1, Skipped: 0, Time elapsed: 0.005 s <<< FAILURE! - in com.API.OnDriver.CustomerSubsystem.Driver_listFavouriteAreas_20882165834
[ERROR] test  Time elapsed: 0.004 s  <<< ERROR!
java.lang.NullPointerException
	at com.API.OnDriver.CustomerSubsystem.Driver_listFavouriteAreas_20882165834.test(Driver_listFavouriteAreas_20882165834.java:55)

[INFO] Running com.API.OnDriver.CustomerSubsystem.Passenger_init_131166571711
[INFO] Tests run: 1, Failures: 0, Errors: 0, Skipped: 0, Time elapsed: 0 s - in com.API.OnDriver.CustomerSubsystem.Passenger_init_131166571711
[INFO] Running com.API.OnDriver.CustomerSubsystem.Driver_listFavouriteAreas_20882165814
[INFO] Tests run: 1, Failures: 0, Errors: 0, Skipped: 0, Time elapsed: 0.001 s - in com.API.OnDriver.CustomerSubsystem.Driver_listFavouriteAreas_20882165814
[INFO] Running com.API.OnDriver.CustomerSubsystem.Driver_viewRides_151137910131
[ERROR] Tests run: 1, Failures: 0, Errors: 1, Skipped: 0, Time elapsed: 0 s <<< FAILURE! - in com.API.OnDriver.CustomerSubsystem.Driver_viewRides_151137910131
[ERROR] test  Time elapsed: 0 s  <<< ERROR!
java.lang.NullPointerException
	at com.API.OnDriver.CustomerSubsystem.Driver_viewRides_151137910131.test(Driver_viewRides_151137910131.java:60)

[INFO] Running com.API.OnDriver.CustomerSubsystem.IdentityManager_loginAsDriver_94778869913
[INFO] Tests run: 1, Failures: 0, Errors: 0, Skipped: 0, Time elapsed: 0 s - in com.API.OnDriver.CustomerSubsystem.IdentityManager_loginAsDriver_94778869913
[INFO] Running com.API.OnDriver.CustomerSubsystem.User_setUsername_11325733061
[ERROR] Tests run: 1, Failures: 0, Errors: 1, Skipped: 0, Time elapsed: 0 s <<< FAILURE! - in com.API.OnDriver.CustomerSubsystem.User_setUsername_11325733061
[ERROR] test  Time elapsed: 0 s  <<< ERROR!
java.lang.NullPointerException
	at com.API.OnDriver.CustomerSubsystem.User_setUsername_11325733061.test(User_setUsername_11325733061.java:42)

[INFO] Running com.API.OnDriver.CustomerSubsystem.Driver_setDriverLicense_10389900521
[INFO] Tests run: 1, Failures: 0, Errors: 0, Skipped: 0, Time elapsed: 0 s - in com.API.OnDriver.CustomerSubsystem.Driver_setDriverLicense_10389900521
[INFO] Running com.API.OnDriver.CustomerSubsystem.IdentityManager_loginAsAdmin_1906535486
[INFO] Tests run: 1, Failures: 0, Errors: 0, Skipped: 0, Time elapsed: 0 s - in com.API.OnDriver.CustomerSubsystem.IdentityManager_loginAsAdmin_1906535486
[INFO] Running com.API.OnDriver.CustomerSubsystem.User_setMobileNumber_2214189913
[ERROR] Tests run: 1, Failures: 0, Errors: 1, Skipped: 0, Time elapsed: 0 s <<< FAILURE! - in com.API.OnDriver.CustomerSubsystem.User_setMobileNumber_2214189913
[ERROR] test  Time elapsed: 0 s  <<< ERROR!
java.lang.NullPointerException
	at com.API.OnDriver.CustomerSubsystem.User_setMobileNumber_2214189913.test(User_setMobileNumber_2214189913.java:42)

[INFO] Running com.API.OnDriver.CustomerSubsystem.Driver_suggestOffer_84043487910
[ERROR] Tests run: 1, Failures: 0, Errors: 1, Skipped: 0, Time elapsed: 0.001 s <<< FAILURE! - in com.API.OnDriver.CustomerSubsystem.Driver_suggestOffer_84043487910
[ERROR] test  Time elapsed: 0.001 s  <<< ERROR!
java.lang.IndexOutOfBoundsException: Index -298852874 out of bounds for length 2
	at com.API.OnDriver.CustomerSubsystem.Driver_suggestOffer_84043487910.test(Driver_suggestOffer_84043487910.java:398)

[INFO] Running com.API.OnDriver.CustomerSubsystem.Admin_suspend_11816448328
[ERROR] Tests run: 1, Failures: 0, Errors: 1, Skipped: 0, Time elapsed: 0 s <<< FAILURE! - in com.API.OnDriver.CustomerSubsystem.Admin_suspend_11816448328
[ERROR] test  Time elapsed: 0 s  <<< ERROR!
java.lang.NullPointerException
	at com.API.OnDriver.CustomerSubsystem.Admin_suspend_11816448328.test(Admin_suspend_11816448328.java:50)

[INFO] Running com.API.OnDriver.CustomerSubsystem.User_getMobileNumber_77292183311
[ERROR] Tests run: 1, Failures: 0, Errors: 1, Skipped: 0, Time elapsed: 0.001 s <<< FAILURE! - in com.API.OnDriver.CustomerSubsystem.User_getMobileNumber_77292183311
[ERROR] test  Time elapsed: 0.001 s  <<< ERROR!
java.lang.NullPointerException
	at com.API.OnDriver.CustomerSubsystem.User_getMobileNumber_77292183311.test(User_getMobileNumber_77292183311.java:40)

[INFO] Running com.API.OnDriver.CustomerSubsystem.DriverController_viewRating_20530486865
[INFO] Tests run: 1, Failures: 0, Errors: 0, Skipped: 0, Time elapsed: 0 s - in com.API.OnDriver.CustomerSubsystem.DriverController_viewRating_20530486865
[INFO] Running com.API.OnDriver.CustomerSubsystem.Admin_ESTest
2026-04-08 05:42:14.372  INFO 77 --- [           main] .e.r.i.MethodCallReplacementClassAdapter : Adding mock interface to class com/API/OnDriver/EventSubsystem/IDateTime
2026-04-08 05:42:14.443  INFO 77 --- [           main] o.e.r.i.CreateClassResetClassAdapter     : Found static initializer in class com/API/OnDriver/EventSubsystem/IDateTime
2026-04-08 05:42:14.445 ERROR 77 --- [           main] o.e.r.classhandling.ClassStateSupport    : Class com.API.OnDriver.RideSubsystem.Area was not instrumented by EvoSuite. This could happen if you are running JUnit tests in a way that is not handled by EvoSuite, in which some classes are loaded be reflection before the tests are run. Consult the EvoSuite documentation for possible workarounds for this issue.
2026-04-08 05:42:14.446 ERROR 77 --- [           main] o.e.r.classhandling.ClassStateSupport    : Class com.API.OnDriver.RideSubsystem.Ride was not instrumented by EvoSuite. This could happen if you are running JUnit tests in a way that is not handled by EvoSuite, in which some classes are loaded be reflection before the tests are run. Consult the EvoSuite documentation for possible workarounds for this issue.
2026-04-08 05:42:14.446 ERROR 77 --- [           main] o.e.r.classhandling.ClassStateSupport    : Class com.API.OnDriver.RideSubsystem.Offer was not instrumented by EvoSuite. This could happen if you are running JUnit tests in a way that is not handled by EvoSuite, in which some classes are loaded be reflection before the tests are run. Consult the EvoSuite documentation for possible workarounds for this issue.
2026-04-08 05:42:14.446 ERROR 77 --- [           main] o.e.r.classhandling.ClassStateSupport    : Class com.API.OnDriver.DataSubsystem.ListManager was not instrumented by EvoSuite. This could happen if you are running JUnit tests in a way that is not handled by EvoSuite, in which some classes are loaded be reflection before the tests are run. Consult the EvoSuite documentation for possible workarounds for this issue.
2026-04-08 05:42:14.446 ERROR 77 --- [           main] o.e.r.classhandling.ClassStateSupport    : Class com.API.OnDriver.EventSubsystem.SourceEvent was not instrumented by EvoSuite. This could happen if you are running JUnit tests in a way that is not handled by EvoSuite, in which some classes are loaded be reflection before the tests are run. Consult the EvoSuite documentation for possible workarounds for this issue.
2026-04-08 05:42:14.446 ERROR 77 --- [           main] o.e.r.classhandling.ClassStateSupport    : Class com.API.OnDriver.CustomerSubsystem.UserStatus was not instrumented by EvoSuite. This could happen if you are running JUnit tests in a way that is not handled by EvoSuite, in which some classes are loaded be reflection before the tests are run. Consult the EvoSuite documentation for possible workarounds for this issue.
2026-04-08 05:42:14.446 ERROR 77 --- [           main] o.e.r.classhandling.ClassStateSupport    : Class com.API.OnDriver.CustomerSubsystem.User was not instrumented by EvoSuite. This could happen if you are running JUnit tests in a way that is not handled by EvoSuite, in which some classes are loaded be reflection before the tests are run. Consult the EvoSuite documentation for possible workarounds for this issue.
2026-04-08 05:42:14.446 ERROR 77 --- [           main] o.e.r.classhandling.ClassStateSupport    : Class com.API.OnDriver.EventSubsystem.AcceptOfferEvent was not instrumented by EvoSuite. This could happen if you are running JUnit tests in a way that is not handled by EvoSuite, in which some classes are loaded be reflection before the tests are run. Consult the EvoSuite documentation for possible workarounds for this issue.
2026-04-08 05:42:14.447 ERROR 77 --- [           main] o.e.r.classhandling.ClassStateSupport    : Class com.API.OnDriver.EventSubsystem.MakeOfferEvent was not instrumented by EvoSuite. This could happen if you are running JUnit tests in a way that is not handled by EvoSuite, in which some classes are loaded be reflection before the tests are run. Consult the EvoSuite documentation for possible workarounds for this issue.
2026-04-08 05:42:14.447 ERROR 77 --- [           main] o.e.r.classhandling.ClassStateSupport    : Class com.API.OnDriver.EventSubsystem.Event was not instrumented by EvoSuite. This could happen if you are running JUnit tests in a way that is not handled by EvoSuite, in which some classes are loaded be reflection before the tests are run. Consult the EvoSuite documentation for possible workarounds for this issue.
2026-04-08 05:42:14.447 ERROR 77 --- [           main] o.e.r.classhandling.ClassStateSupport    : Class com.API.OnDriver.CustomerSubsystem.Rating was not instrumented by EvoSuite. This could happen if you are running JUnit tests in a way that is not handled by EvoSuite, in which some classes are loaded be reflection before the tests are run. Consult the EvoSuite documentation for possible workarounds for this issue.
2026-04-08 05:42:14.447 ERROR 77 --- [           main] o.e.r.classhandling.ClassStateSupport    : Class com.API.OnDriver.EventSubsystem.EventName was not instrumented by EvoSuite. This could happen if you are running JUnit tests in a way that is not handled by EvoSuite, in which some classes are loaded be reflection before the tests are run. Consult the EvoSuite documentation for possible workarounds for this issue.
2026-04-08 05:42:14.447 ERROR 77 --- [           main] o.e.r.classhandling.ClassStateSupport    : Class com.API.OnDriver.EventSubsystem.DestinationEvent was not instrumented by EvoSuite. This could happen if you are running JUnit tests in a way that is not handled by EvoSuite, in which some classes are loaded be reflection before the tests are run. Consult the EvoSuite documentation for possible workarounds for this issue.
2026-04-08 05:42:14.447 ERROR 77 --- [           main] o.e.r.classhandling.ClassStateSupport    : Class com.API.OnDriver.CustomerSubsystem.Passenger was not instrumented by EvoSuite. This could happen if you are running JUnit tests in a way that is not handled by EvoSuite, in which some classes are loaded be reflection before the tests are run. Consult the EvoSuite documentation for possible workarounds for this issue.
2026-04-08 05:42:14.447 ERROR 77 --- [           main] o.e.r.classhandling.ClassStateSupport    : Class com.API.OnDriver.CustomerSubsystem.Admin was not instrumented by EvoSuite. This could happen if you are running JUnit tests in a way that is not handled by EvoSuite, in which some classes are loaded be reflection before the tests are run. Consult the EvoSuite documentation for possible workarounds for this issue.
2026-04-08 05:42:14.447 ERROR 77 --- [           main] o.e.r.classhandling.ClassStateSupport    : Class com.API.OnDriver.CustomerSubsystem.Driver was not instrumented by EvoSuite. This could happen if you are running JUnit tests in a way that is not handled by EvoSuite, in which some classes are loaded be reflection before the tests are run. Consult the EvoSuite documentation for possible workarounds for this issue.
[INFO] Tests run: 15, Failures: 0, Errors: 0, Skipped: 0, Time elapsed: 0.272 s - in com.API.OnDriver.CustomerSubsystem.Admin_ESTest
[INFO] Running com.API.OnDriver.CustomerSubsystem.Driver_update_199351555423
[ERROR] Tests run: 1, Failures: 0, Errors: 1, Skipped: 0, Time elapsed: 0 s <<< FAILURE! - in com.API.OnDriver.CustomerSubsystem.Driver_update_199351555423
[ERROR] test  Time elapsed: 0 s  <<< ERROR!
java.lang.NullPointerException
	at com.API.OnDriver.CustomerSubsystem.Driver_update_199351555423.test(Driver_update_199351555423.java:57)

[INFO] Running com.API.OnDriver.CustomerSubsystem.UserStatus_valueOf_16748243241
[ERROR] Tests run: 1, Failures: 0, Errors: 1, Skipped: 0, Time elapsed: 0 s <<< FAILURE! - in com.API.OnDriver.CustomerSubsystem.UserStatus_valueOf_16748243241
[ERROR] test  Time elapsed: 0 s  <<< ERROR!
java.lang.IllegalArgumentException: No enum constant com.API.OnDriver.CustomerSubsystem.UserStatus.gwTUlYNpjM
	at com.API.OnDriver.CustomerSubsystem.UserStatus_valueOf_16748243241.test(UserStatus_valueOf_16748243241.java:42)

[INFO] Running com.API.OnDriver.CustomerSubsystem.Driver_startRide_50689016214
[ERROR] Tests run: 1, Failures: 0, Errors: 1, Skipped: 0, Time elapsed: 0.001 s <<< FAILURE! - in com.API.OnDriver.CustomerSubsystem.Driver_startRide_50689016214
[ERROR] test  Time elapsed: 0.001 s  <<< ERROR!
java.lang.NullPointerException
	at com.API.OnDriver.CustomerSubsystem.Driver_startRide_50689016214.test(Driver_startRide_50689016214.java:142)

[INFO] Running com.API.OnDriver.CustomerSubsystem.Passenger_checkOffers_14420394264
[ERROR] Tests run: 1, Failures: 0, Errors: 1, Skipped: 0, Time elapsed: 0.002 s <<< FAILURE! - in com.API.OnDriver.CustomerSubsystem.Passenger_checkOffers_14420394264
[ERROR] test  Time elapsed: 0.001 s  <<< ERROR!
java.lang.NullPointerException
	at com.API.OnDriver.CustomerSubsystem.Passenger_checkOffers_14420394264.test(Passenger_checkOffers_14420394264.java:299)

[INFO] Running com.API.OnDriver.CustomerSubsystem.DriverController_addFavouriteArea_16942599549
[INFO] Tests run: 1, Failures: 0, Errors: 0, Skipped: 0, Time elapsed: 0 s - in com.API.OnDriver.CustomerSubsystem.DriverController_addFavouriteArea_16942599549
[INFO] Running com.API.OnDriver.CustomerSubsystem.DriverController_listFavouriteAreas_11859792710
[INFO] Tests run: 1, Failures: 0, Errors: 0, Skipped: 0, Time elapsed: 0 s - in com.API.OnDriver.CustomerSubsystem.DriverController_listFavouriteAreas_11859792710
[INFO] Running com.API.OnDriver.CustomerSubsystem.PassengerController_acceptOffer_12009341665
[INFO] Tests run: 1, Failures: 0, Errors: 0, Skipped: 0, Time elapsed: 0 s - in com.API.OnDriver.CustomerSubsystem.PassengerController_acceptOffer_12009341665
[INFO] Running com.API.OnDriver.CustomerSubsystem.Admin_getSystemRides_11438378883
[INFO] Tests run: 1, Failures: 0, Errors: 0, Skipped: 0, Time elapsed: 0 s - in com.API.OnDriver.CustomerSubsystem.Admin_getSystemRides_11438378883
[INFO] Running com.API.OnDriver.CustomerSubsystem.DriverController_endRide_12127671817
[INFO] Tests run: 1, Failures: 0, Errors: 0, Skipped: 0, Time elapsed: 0 s - in com.API.OnDriver.CustomerSubsystem.DriverController_endRide_12127671817
[INFO] Running com.API.OnDriver.CustomerSubsystem.IdentityManager_logout_14858617597
[ERROR] Tests run: 1, Failures: 0, Errors: 1, Skipped: 0, Time elapsed: 0 s <<< FAILURE! - in com.API.OnDriver.CustomerSubsystem.IdentityManager_logout_14858617597
[ERROR] test  Time elapsed: 0 s  <<< ERROR!
java.lang.NullPointerException
	at com.API.OnDriver.CustomerSubsystem.IdentityManager_logout_14858617597.test(IdentityManager_logout_14858617597.java:42)

[INFO] Running com.API.OnDriver.CustomerSubsystem.Passenger_isFirstRide_14724693708
[INFO] Tests run: 1, Failures: 0, Errors: 0, Skipped: 0, Time elapsed: 0 s - in com.API.OnDriver.CustomerSubsystem.Passenger_isFirstRide_14724693708
[INFO] Running com.API.OnDriver.CustomerSubsystem.IdentityManager_loginAsPassenger_147919781512
[INFO] Tests run: 1, Failures: 0, Errors: 0, Skipped: 0, Time elapsed: 0 s - in com.API.OnDriver.CustomerSubsystem.IdentityManager_loginAsPassenger_147919781512
[INFO] Running com.API.OnDriver.CustomerSubsystem.PassengerController_requestRide_15787397797
[INFO] Tests run: 1, Failures: 0, Errors: 0, Skipped: 0, Time elapsed: 0 s - in com.API.OnDriver.CustomerSubsystem.PassengerController_requestRide_15787397797
[INFO] Running com.API.OnDriver.CustomerSubsystem.AdminController_applyDiscount_184130360811
[INFO] Tests run: 1, Failures: 0, Errors: 0, Skipped: 0, Time elapsed: 0 s - in com.API.OnDriver.CustomerSubsystem.AdminController_applyDiscount_184130360811
[INFO] Running com.API.OnDriver.CustomerSubsystem.PassengerController_init_7149249740
[INFO] Tests run: 1, Failures: 0, Errors: 0, Skipped: 0, Time elapsed: 0 s - in com.API.OnDriver.CustomerSubsystem.PassengerController_init_7149249740
[INFO] Running com.API.OnDriver.CustomerSubsystem.Driver_getVerified_18476499908
[INFO] Tests run: 1, Failures: 0, Errors: 0, Skipped: 0, Time elapsed: 0 s - in com.API.OnDriver.CustomerSubsystem.Driver_getVerified_18476499908
[INFO] Running com.API.OnDriver.CustomerSubsystem.Driver_getNationalID_4758315886
[INFO] Tests run: 1, Failures: 0, Errors: 0, Skipped: 0, Time elapsed: 0 s - in com.API.OnDriver.CustomerSubsystem.Driver_getNationalID_4758315886
[INFO] Running com.API.OnDriver.CustomerSubsystem.Passenger_rateRide_14841277554
[INFO] Tests run: 1, Failures: 0, Errors: 0, Skipped: 0, Time elapsed: 0 s - in com.API.OnDriver.CustomerSubsystem.Passenger_rateRide_14841277554
[INFO] Running com.API.OnDriver.CustomerSubsystem.Admin_verifyDriver_13371298077
[ERROR] Tests run: 1, Failures: 0, Errors: 1, Skipped: 0, Time elapsed: 0 s <<< FAILURE! - in com.API.OnDriver.CustomerSubsystem.Admin_verifyDriver_13371298077
[ERROR] test  Time elapsed: 0 s  <<< ERROR!
java.lang.NullPointerException
	at com.API.OnDriver.CustomerSubsystem.Admin_verifyDriver_13371298077.test(Admin_verifyDriver_13371298077.java:50)

[INFO] Running com.API.OnDriver.CustomerSubsystem.DriverController_startRide_203237531614
[INFO] Tests run: 1, Failures: 0, Errors: 0, Skipped: 0, Time elapsed: 0 s - in com.API.OnDriver.CustomerSubsystem.DriverController_startRide_203237531614
[INFO] Running com.API.OnDriver.CustomerSubsystem.PassengerController_listPastRides_14847595418
[INFO] Tests run: 1, Failures: 0, Errors: 0, Skipped: 0, Time elapsed: 0 s - in com.API.OnDriver.CustomerSubsystem.PassengerController_listPastRides_14847595418
[INFO] Running com.API.OnDriver.CustomerSubsystem.PassengerController_viewOffers_8816701804
[INFO] Tests run: 1, Failures: 0, Errors: 0, Skipped: 0, Time elapsed: 0 s - in com.API.OnDriver.CustomerSubsystem.PassengerController_viewOffers_8816701804
[INFO] Running com.API.OnDriver.CustomerSubsystem.IdentityManager_registerAsDriver_17571828363
[ERROR] Tests run: 1, Failures: 0, Errors: 1, Skipped: 0, Time elapsed: 0 s <<< FAILURE! - in com.API.OnDriver.CustomerSubsystem.IdentityManager_registerAsDriver_17571828363
[ERROR] test  Time elapsed: 0 s  <<< ERROR!
java.lang.NullPointerException
	at com.API.OnDriver.CustomerSubsystem.IdentityManager_registerAsDriver_17571828363.test(IdentityManager_registerAsDriver_17571828363.java:44)

[INFO] Running com.API.OnDriver.CustomerSubsystem.Passenger_requestRide_19544749281
[ERROR] Tests run: 1, Failures: 0, Errors: 1, Skipped: 0, Time elapsed: 0 s <<< FAILURE! - in com.API.OnDriver.CustomerSubsystem.Passenger_requestRide_19544749281
[ERROR] test  Time elapsed: 0 s  <<< ERROR!
java.lang.NullPointerException
	at com.API.OnDriver.CustomerSubsystem.Passenger_requestRide_19544749281.test(Passenger_requestRide_19544749281.java:466)

[INFO] Running com.API.OnDriver.CustomerSubsystem.PassengerController_rateRide_1941048269
[INFO] Tests run: 1, Failures: 0, Errors: 0, Skipped: 0, Time elapsed: 0 s - in com.API.OnDriver.CustomerSubsystem.PassengerController_rateRide_1941048269
[INFO] Running com.API.OnDriver.CustomerSubsystem.Admin_getSystemRides_11438378889
[ERROR] Tests run: 1, Failures: 0, Errors: 1, Skipped: 0, Time elapsed: 0 s <<< FAILURE! - in com.API.OnDriver.CustomerSubsystem.Admin_getSystemRides_11438378889
[ERROR] test  Time elapsed: 0 s  <<< ERROR!
java.lang.NullPointerException
	at com.API.OnDriver.CustomerSubsystem.Admin_getSystemRides_11438378889.test(Admin_getSystemRides_11438378889.java:48)

[INFO] Running com.API.OnDriver.CustomerSubsystem.Driver_listFavouriteAreas_20882165813
[INFO] Tests run: 1, Failures: 0, Errors: 0, Skipped: 0, Time elapsed: 0.001 s - in com.API.OnDriver.CustomerSubsystem.Driver_listFavouriteAreas_20882165813
[INFO] Running com.API.OnDriver.CustomerSubsystem.AdminController_getSystemRides_8820089643
[INFO] Tests run: 1, Failures: 0, Errors: 0, Skipped: 0, Time elapsed: 0 s - in com.API.OnDriver.CustomerSubsystem.AdminController_getSystemRides_8820089643
[INFO] Running com.API.OnDriver.CustomerSubsystem.AdminController_getSystemRides_8820089649
[INFO] Tests run: 1, Failures: 0, Errors: 0, Skipped: 0, Time elapsed: 0 s - in com.API.OnDriver.CustomerSubsystem.AdminController_getSystemRides_8820089649
[INFO] Running com.API.OnDriver.CustomerSubsystem.Passenger_isFirstRide_147246937016
[ERROR] Tests run: 1, Failures: 0, Errors: 1, Skipped: 0, Time elapsed: 0 s <<< FAILURE! - in com.API.OnDriver.CustomerSubsystem.Passenger_isFirstRide_147246937016
[ERROR] test  Time elapsed: 0 s  <<< ERROR!
java.lang.NullPointerException
	at com.API.OnDriver.CustomerSubsystem.Passenger_isFirstRide_147246937016.test(Passenger_isFirstRide_147246937016.java:50)

[INFO] Running com.API.OnDriver.CustomerSubsystem.Passenger_toString_70167826511
[INFO] Tests run: 1, Failures: 0, Errors: 0, Skipped: 0, Time elapsed: 0 s - in com.API.OnDriver.CustomerSubsystem.Passenger_toString_70167826511
[INFO] Running com.API.OnDriver.CustomerSubsystem.IdentityManager_logout_148586175915
[ERROR] Tests run: 1, Failures: 0, Errors: 1, Skipped: 0, Time elapsed: 0 s <<< FAILURE! - in com.API.OnDriver.CustomerSubsystem.IdentityManager_logout_148586175915
[ERROR] test  Time elapsed: 0 s  <<< ERROR!
java.lang.NullPointerException
	at com.API.OnDriver.CustomerSubsystem.IdentityManager_logout_148586175915.test(IdentityManager_logout_148586175915.java:44)

[INFO] Running com.API.OnDriver.CustomerSubsystem.Passenger_init_131166571712
[INFO] Tests run: 1, Failures: 0, Errors: 0, Skipped: 0, Time elapsed: 0 s - in com.API.OnDriver.CustomerSubsystem.Passenger_init_131166571712
[INFO] Running com.API.OnDriver.CustomerSubsystem.User_getEmail_6809439613
[ERROR] Tests run: 1, Failures: 0, Errors: 1, Skipped: 0, Time elapsed: 0 s <<< FAILURE! - in com.API.OnDriver.CustomerSubsystem.User_getEmail_6809439613
[ERROR] test  Time elapsed: 0 s  <<< ERROR!
java.lang.NullPointerException
	at com.API.OnDriver.CustomerSubsystem.User_getEmail_6809439613.test(User_getEmail_6809439613.java:40)

[INFO] Running com.API.OnDriver.CustomerSubsystem.Passenger_init_13116657170
[INFO] Tests run: 1, Failures: 0, Errors: 0, Skipped: 0, Time elapsed: 0 s - in com.API.OnDriver.CustomerSubsystem.Passenger_init_13116657170
[INFO] Running com.API.OnDriver.CustomerSubsystem.Rating_init_3919290834
[INFO] Tests run: 1, Failures: 0, Errors: 0, Skipped: 0, Time elapsed: 0.001 s - in com.API.OnDriver.CustomerSubsystem.Rating_init_3919290834
[INFO] Running com.API.OnDriver.CustomerSubsystem.PassengerController_rateRide_1941048263
[INFO] Tests run: 1, Failures: 0, Errors: 0, Skipped: 0, Time elapsed: 0 s - in com.API.OnDriver.CustomerSubsystem.PassengerController_rateRide_1941048263
[INFO] Running com.API.OnDriver.CustomerSubsystem.IdentityManager_getDriver_19568241219
[INFO] Tests run: 1, Failures: 0, Errors: 0, Skipped: 0, Time elapsed: 0 s - in com.API.OnDriver.CustomerSubsystem.IdentityManager_getDriver_19568241219
[INFO] Running com.API.OnDriver.CustomerSubsystem.Passenger_listPastRides_4613590307
[ERROR] Tests run: 1, Failures: 0, Errors: 1, Skipped: 0, Time elapsed: 0 s <<< FAILURE! - in com.API.OnDriver.CustomerSubsystem.Passenger_listPastRides_4613590307
[ERROR] test  Time elapsed: 0 s  <<< ERROR!
java.lang.NullPointerException
	at com.API.OnDriver.CustomerSubsystem.Passenger_listPastRides_4613590307.test(Passenger_listPastRides_4613590307.java:165)

[INFO] Running com.API.OnDriver.CustomerSubsystem.IdentityManager_getPassenger_79236683716
[INFO] Tests run: 1, Failures: 0, Errors: 0, Skipped: 0, Time elapsed: 0 s - in com.API.OnDriver.CustomerSubsystem.IdentityManager_getPassenger_79236683716
[INFO] Running com.API.OnDriver.CustomerSubsystem.Passenger_getPastRide_15358413438
[ERROR] Tests run: 1, Failures: 0, Errors: 1, Skipped: 0, Time elapsed: 0 s <<< FAILURE! - in com.API.OnDriver.CustomerSubsystem.Passenger_getPastRide_15358413438
[ERROR] test  Time elapsed: 0 s  <<< ERROR!
java.lang.IndexOutOfBoundsException: Index 1270666529 out of bounds for length 4
	at com.API.OnDriver.CustomerSubsystem.Passenger_getPastRide_15358413438.test(Passenger_getPastRide_15358413438.java:180)

[INFO] Running com.API.OnDriver.CustomerSubsystem.Driver_startRide_50689016235
[INFO] Tests run: 1, Failures: 0, Errors: 0, Skipped: 0, Time elapsed: 0 s - in com.API.OnDriver.CustomerSubsystem.Driver_startRide_50689016235
[INFO] Running com.API.OnDriver.CustomerSubsystem.DriverController_addFavouriteArea_16942599541
[INFO] Tests run: 1, Failures: 0, Errors: 0, Skipped: 0, Time elapsed: 0.001 s - in com.API.OnDriver.CustomerSubsystem.DriverController_addFavouriteArea_16942599541
[INFO] Running com.API.OnDriver.CustomerSubsystem.Driver_getNationalID_4758315884
[INFO] Tests run: 1, Failures: 0, Errors: 0, Skipped: 0, Time elapsed: 0 s - in com.API.OnDriver.CustomerSubsystem.Driver_getNationalID_4758315884
[INFO] Running com.API.OnDriver.CustomerSubsystem.UserStatus_init_5114356702
[ERROR] Tests run: 1, Failures: 0, Errors: 1, Skipped: 0, Time elapsed: 0 s <<< FAILURE! - in com.API.OnDriver.CustomerSubsystem.UserStatus_init_5114356702
[ERROR] test  Time elapsed: 0 s  <<< ERROR!
java.lang.IllegalArgumentException: Cannot reflectively create enum objects
	at com.API.OnDriver.CustomerSubsystem.UserStatus_init_5114356702.test(UserStatus_init_5114356702.java:42)

[INFO] Running com.API.OnDriver.CustomerSubsystem.Driver_getNumberOfPassengers_185903997121
[INFO] Tests run: 1, Failures: 0, Errors: 0, Skipped: 0, Time elapsed: 0 s - in com.API.OnDriver.CustomerSubsystem.Driver_getNumberOfPassengers_185903997121
[INFO] Running com.API.OnDriver.CustomerSubsystem.User_setMobileNumber_22141899112
[ERROR] Tests run: 1, Failures: 0, Errors: 1, Skipped: 0, Time elapsed: 0.001 s <<< FAILURE! - in com.API.OnDriver.CustomerSubsystem.User_setMobileNumber_22141899112
[ERROR] test  Time elapsed: 0 s  <<< ERROR!
java.lang.NullPointerException
	at com.API.OnDriver.CustomerSubsystem.User_setMobileNumber_22141899112.test(User_setMobileNumber_22141899112.java:42)

[INFO] Running com.API.OnDriver.CustomerSubsystem.IdentityManager_registerAsPassenger_2240008811
[ERROR] Tests run: 1, Failures: 0, Errors: 1, Skipped: 0, Time elapsed: 0 s <<< FAILURE! - in com.API.OnDriver.CustomerSubsystem.IdentityManager_registerAsPassenger_2240008811
[ERROR] test  Time elapsed: 0 s  <<< ERROR!
java.lang.NullPointerException
	at com.API.OnDriver.CustomerSubsystem.IdentityManager_registerAsPassenger_2240008811.test(IdentityManager_registerAsPassenger_2240008811.java:44)

[INFO] Running com.API.OnDriver.CustomerSubsystem.Admin_applyDiscount_2208514065
[INFO] Tests run: 1, Failures: 0, Errors: 0, Skipped: 0, Time elapsed: 0 s - in com.API.OnDriver.CustomerSubsystem.Admin_applyDiscount_2208514065
[INFO] Running com.API.OnDriver.CustomerSubsystem.User_toString_18507774068
[ERROR] Tests run: 1, Failures: 0, Errors: 1, Skipped: 0, Time elapsed: 0 s <<< FAILURE! - in com.API.OnDriver.CustomerSubsystem.User_toString_18507774068
[ERROR] test  Time elapsed: 0 s  <<< ERROR!
java.lang.NullPointerException
	at com.API.OnDriver.CustomerSubsystem.User_toString_18507774068.test(User_toString_18507774068.java:40)

[INFO] Running com.API.OnDriver.CustomerSubsystem.Passenger_isFirstRide_14724693707
[INFO] Tests run: 1, Failures: 0, Errors: 0, Skipped: 0, Time elapsed: 0 s - in com.API.OnDriver.CustomerSubsystem.Passenger_isFirstRide_14724693707
[INFO] Running com.API.OnDriver.CustomerSubsystem.Driver_setVerified_6173391687
[INFO] Tests run: 1, Failures: 0, Errors: 0, Skipped: 0, Time elapsed: 0 s - in com.API.OnDriver.CustomerSubsystem.Driver_setVerified_6173391687
[INFO] Running com.API.OnDriver.CustomerSubsystem.Passenger_getDateOfBirth_31280980710
[INFO] Tests run: 1, Failures: 0, Errors: 0, Skipped: 0, Time elapsed: 0 s - in com.API.OnDriver.CustomerSubsystem.Passenger_getDateOfBirth_31280980710
[INFO] Running com.API.OnDriver.CustomerSubsystem.Driver_viewRating_172562910111
[INFO] Tests run: 1, Failures: 0, Errors: 0, Skipped: 0, Time elapsed: 0 s - in com.API.OnDriver.CustomerSubsystem.Driver_viewRating_172562910111
[INFO] Running com.API.OnDriver.CustomerSubsystem.Rating_viewAllRating_17925649753
[INFO] Tests run: 1, Failures: 0, Errors: 0, Skipped: 0, Time elapsed: 0 s - in com.API.OnDriver.CustomerSubsystem.Rating_viewAllRating_17925649753
[INFO] Running com.API.OnDriver.CustomerSubsystem.Driver_getDriverLicense_4014499482
[INFO] Tests run: 1, Failures: 0, Errors: 0, Skipped: 0, Time elapsed: 0 s - in com.API.OnDriver.CustomerSubsystem.Driver_getDriverLicense_4014499482
[INFO] Running com.API.OnDriver.CustomerSubsystem.Passenger_checkOffers_14420394265
[ERROR] Tests run: 1, Failures: 0, Errors: 1, Skipped: 0, Time elapsed: 0 s <<< FAILURE! - in com.API.OnDriver.CustomerSubsystem.Passenger_checkOffers_14420394265
[ERROR] test  Time elapsed: 0 s  <<< ERROR!
java.lang.NullPointerException
	at com.API.OnDriver.CustomerSubsystem.Passenger_checkOffers_14420394265.test(Passenger_checkOffers_14420394265.java:120)

[INFO] Running com.API.OnDriver.CustomerSubsystem.UserStatus_init_5114356705
[ERROR] Tests run: 1, Failures: 0, Errors: 1, Skipped: 0, Time elapsed: 0 s <<< FAILURE! - in com.API.OnDriver.CustomerSubsystem.UserStatus_init_5114356705
[ERROR] test  Time elapsed: 0 s  <<< ERROR!
java.lang.IllegalArgumentException: Cannot reflectively create enum objects
	at com.API.OnDriver.CustomerSubsystem.UserStatus_init_5114356705.test(UserStatus_init_5114356705.java:47)

[INFO] Running com.API.OnDriver.CustomerSubsystem.Driver_viewRides_151137910110
[ERROR] Tests run: 1, Failures: 0, Errors: 1, Skipped: 0, Time elapsed: 0 s <<< FAILURE! - in com.API.OnDriver.CustomerSubsystem.Driver_viewRides_151137910110
[ERROR] test  Time elapsed: 0 s  <<< ERROR!
java.lang.IndexOutOfBoundsException: Index -1220630391 out of bounds for length 3
	at com.API.OnDriver.CustomerSubsystem.Driver_viewRides_151137910110.test(Driver_viewRides_151137910110.java:215)

[INFO] Running com.API.OnDriver.CustomerSubsystem.User_toString_185077740617
[ERROR] Tests run: 1, Failures: 0, Errors: 1, Skipped: 0, Time elapsed: 0 s <<< FAILURE! - in com.API.OnDriver.CustomerSubsystem.User_toString_185077740617
[ERROR] test  Time elapsed: 0 s  <<< ERROR!
java.lang.NullPointerException
	at com.API.OnDriver.CustomerSubsystem.User_toString_185077740617.test(User_toString_185077740617.java:40)

[INFO] Running com.API.OnDriver.CustomerSubsystem.Driver_addFavArea_201817370333
[ERROR] Tests run: 1, Failures: 0, Errors: 1, Skipped: 0, Time elapsed: 0 s <<< FAILURE! - in com.API.OnDriver.CustomerSubsystem.Driver_addFavArea_201817370333
[ERROR] test  Time elapsed: 0 s  <<< ERROR!
java.lang.NullPointerException
	at com.API.OnDriver.CustomerSubsystem.Driver_addFavArea_201817370333.test(Driver_addFavArea_201817370333.java:57)

[INFO] Running com.API.OnDriver.CustomerSubsystem.Driver_getRating_10696799297
[INFO] Tests run: 1, Failures: 0, Errors: 0, Skipped: 0, Time elapsed: 0 s - in com.API.OnDriver.CustomerSubsystem.Driver_getRating_10696799297
[INFO] Running com.API.OnDriver.CustomerSubsystem.Passenger_acceptOffer_21167531546
[ERROR] Tests run: 1, Failures: 0, Errors: 1, Skipped: 0, Time elapsed: 0 s <<< FAILURE! - in com.API.OnDriver.CustomerSubsystem.Passenger_acceptOffer_21167531546
[ERROR] test  Time elapsed: 0 s  <<< ERROR!
java.lang.NullPointerException
	at com.API.OnDriver.CustomerSubsystem.Passenger_acceptOffer_21167531546.test(Passenger_acceptOffer_21167531546.java:147)

[INFO] Running com.API.OnDriver.CustomerSubsystem.Driver_getVerified_18476499906
[INFO] Tests run: 1, Failures: 0, Errors: 0, Skipped: 0, Time elapsed: 0 s - in com.API.OnDriver.CustomerSubsystem.Driver_getVerified_18476499906
[INFO] Running com.API.OnDriver.CustomerSubsystem.Driver_addFavArea_201817370313
[INFO] Tests run: 1, Failures: 0, Errors: 0, Skipped: 0, Time elapsed: 0.001 s - in com.API.OnDriver.CustomerSubsystem.Driver_addFavArea_201817370313
[INFO] Running com.API.OnDriver.CustomerSubsystem.Rating_addRating_3178166026
[ERROR] Tests run: 1, Failures: 0, Errors: 1, Skipped: 0, Time elapsed: 0 s <<< FAILURE! - in com.API.OnDriver.CustomerSubsystem.Rating_addRating_3178166026
[ERROR] test  Time elapsed: 0 s  <<< ERROR!
java.lang.NullPointerException
	at com.API.OnDriver.CustomerSubsystem.Rating_addRating_3178166026.test(Rating_addRating_3178166026.java:52)

[INFO] Running com.API.OnDriver.CustomerSubsystem.Driver_getNumberOfPassengers_185903997138
[INFO] Tests run: 1, Failures: 0, Errors: 0, Skipped: 0, Time elapsed: 0 s - in com.API.OnDriver.CustomerSubsystem.Driver_getNumberOfPassengers_185903997138
[INFO] Running com.API.OnDriver.CustomerSubsystem.Rating_addRating_3178166023
[ERROR] Tests run: 1, Failures: 0, Errors: 1, Skipped: 0, Time elapsed: 0 s <<< FAILURE! - in com.API.OnDriver.CustomerSubsystem.Rating_addRating_3178166023
[ERROR] test  Time elapsed: 0 s  <<< ERROR!
java.lang.NullPointerException
	at com.API.OnDriver.CustomerSubsystem.Rating_addRating_3178166023.test(Rating_addRating_3178166023.java:52)

[INFO] Running com.API.OnDriver.CustomerSubsystem.PassengerController_init_7149249746
[INFO] Tests run: 1, Failures: 0, Errors: 0, Skipped: 0, Time elapsed: 0 s - in com.API.OnDriver.CustomerSubsystem.PassengerController_init_7149249746
[INFO] Running com.API.OnDriver.CustomerSubsystem.Passenger_listPastRides_4613590306
[ERROR] Tests run: 1, Failures: 0, Errors: 1, Skipped: 0, Time elapsed: 0 s <<< FAILURE! - in com.API.OnDriver.CustomerSubsystem.Passenger_listPastRides_4613590306
[ERROR] test  Time elapsed: 0 s  <<< ERROR!
java.lang.NullPointerException
	at com.API.OnDriver.CustomerSubsystem.Passenger_listPastRides_4613590306.test(Passenger_listPastRides_4613590306.java:265)

[INFO] Running com.API.OnDriver.CustomerSubsystem.AdminController_verifyDriver_6128871627
[INFO] Tests run: 1, Failures: 0, Errors: 0, Skipped: 0, Time elapsed: 0 s - in com.API.OnDriver.CustomerSubsystem.AdminController_verifyDriver_6128871627
[INFO] Running com.API.OnDriver.CustomerSubsystem.Passenger_toString_70167826519
[INFO] Tests run: 1, Failures: 0, Errors: 0, Skipped: 0, Time elapsed: 0 s - in com.API.OnDriver.CustomerSubsystem.Passenger_toString_70167826519
[INFO] Running com.API.OnDriver.CustomerSubsystem.Driver_getCurrentRide_210093382018
[INFO] Tests run: 1, Failures: 0, Errors: 0, Skipped: 0, Time elapsed: 0.001 s - in com.API.OnDriver.CustomerSubsystem.Driver_getCurrentRide_210093382018
[INFO] Running com.API.OnDriver.CustomerSubsystem.Driver_endRide_132649829716
[INFO] Tests run: 1, Failures: 0, Errors: 0, Skipped: 0, Time elapsed: 0.001 s - in com.API.OnDriver.CustomerSubsystem.Driver_endRide_132649829716
[INFO] Running com.API.OnDriver.CustomerSubsystem.IdentityManager_loginAsPassenger_14791978154
[INFO] Tests run: 1, Failures: 0, Errors: 0, Skipped: 0, Time elapsed: 0 s - in com.API.OnDriver.CustomerSubsystem.IdentityManager_loginAsPassenger_14791978154
[INFO] Running com.API.OnDriver.CustomerSubsystem.Rating_getAverageRating_13332631801
[INFO] Tests run: 1, Failures: 0, Errors: 0, Skipped: 0, Time elapsed: 0.001 s - in com.API.OnDriver.CustomerSubsystem.Rating_getAverageRating_13332631801
[INFO] Running com.API.OnDriver.CustomerSubsystem.Rating_viewAllRating_17925649757
[ERROR] Tests run: 1, Failures: 0, Errors: 1, Skipped: 0, Time elapsed: 0 s <<< FAILURE! - in com.API.OnDriver.CustomerSubsystem.Rating_viewAllRating_17925649757
[ERROR] test  Time elapsed: 0 s  <<< ERROR!
java.lang.NullPointerException
	at com.API.OnDriver.CustomerSubsystem.Rating_viewAllRating_17925649757.test(Rating_viewAllRating_17925649757.java:45)

[INFO] Running com.API.OnDriver.CustomerSubsystem.Driver_init_177126131623
[INFO] Tests run: 1, Failures: 0, Errors: 0, Skipped: 0, Time elapsed: 0 s - in com.API.OnDriver.CustomerSubsystem.Driver_init_177126131623
[INFO] Running com.API.OnDriver.CustomerSubsystem.UserStatus_values_11827939210
[INFO] Tests run: 1, Failures: 0, Errors: 0, Skipped: 0, Time elapsed: 0 s - in com.API.OnDriver.CustomerSubsystem.UserStatus_values_11827939210
[INFO] Running com.API.OnDriver.CustomerSubsystem.Driver_init_17712613160
[INFO] Tests run: 1, Failures: 0, Errors: 0, Skipped: 0, Time elapsed: 0 s - in com.API.OnDriver.CustomerSubsystem.Driver_init_17712613160
[INFO] Running com.API.OnDriver.CustomerSubsystem.Driver_listFavouriteAreas_20882165835
[ERROR] Tests run: 1, Failures: 0, Errors: 1, Skipped: 0, Time elapsed: 0 s <<< FAILURE! - in com.API.OnDriver.CustomerSubsystem.Driver_listFavouriteAreas_20882165835
[ERROR] test  Time elapsed: 0 s  <<< ERROR!
java.lang.NullPointerException
	at com.API.OnDriver.CustomerSubsystem.Driver_listFavouriteAreas_20882165835.test(Driver_listFavouriteAreas_20882165835.java:55)

[INFO] Running com.API.OnDriver.CustomerSubsystem.Driver_endRide_132649829736
[INFO] Tests run: 1, Failures: 0, Errors: 0, Skipped: 0, Time elapsed: 0 s - in com.API.OnDriver.CustomerSubsystem.Driver_endRide_132649829736
[INFO] Running com.API.OnDriver.CustomerSubsystem.Driver_getCurrentRide_210093382037
[INFO] Tests run: 1, Failures: 0, Errors: 0, Skipped: 0, Time elapsed: 0 s - in com.API.OnDriver.CustomerSubsystem.Driver_getCurrentRide_210093382037
[INFO] Running com.API.OnDriver.CustomerSubsystem.Driver_endRide_132649829715
[INFO] Tests run: 1, Failures: 0, Errors: 0, Skipped: 0, Time elapsed: 0 s - in com.API.OnDriver.CustomerSubsystem.Driver_endRide_132649829715
[INFO] Running com.API.OnDriver.CustomerSubsystem.Driver_suggestOffer_84043487931
[ERROR] Tests run: 1, Failures: 0, Errors: 1, Skipped: 0, Time elapsed: 0 s <<< FAILURE! - in com.API.OnDriver.CustomerSubsystem.Driver_suggestOffer_84043487931
[ERROR] test  Time elapsed: 0 s  <<< ERROR!
java.lang.NullPointerException
	at com.API.OnDriver.CustomerSubsystem.Driver_suggestOffer_84043487931.test(Driver_suggestOffer_84043487931.java:62)

[INFO] Running com.API.OnDriver.CustomerSubsystem.User_getUserStatus_18344309086
[ERROR] Tests run: 1, Failures: 0, Errors: 1, Skipped: 0, Time elapsed: 0.001 s <<< FAILURE! - in com.API.OnDriver.CustomerSubsystem.User_getUserStatus_18344309086
[ERROR] test  Time elapsed: 0 s  <<< ERROR!
java.lang.NullPointerException
	at com.API.OnDriver.CustomerSubsystem.User_getUserStatus_18344309086.test(User_getUserStatus_18344309086.java:40)

[INFO] Running com.API.OnDriver.CustomerSubsystem.Passenger_requestRide_19544749282
[ERROR] Tests run: 1, Failures: 0, Errors: 1, Skipped: 0, Time elapsed: 0.001 s <<< FAILURE! - in com.API.OnDriver.CustomerSubsystem.Passenger_requestRide_19544749282
[ERROR] test  Time elapsed: 0 s  <<< ERROR!
java.lang.NullPointerException
	at com.API.OnDriver.CustomerSubsystem.Passenger_requestRide_19544749282.test(Passenger_requestRide_19544749282.java:52)

[INFO] Running com.API.OnDriver.CustomerSubsystem.User_getMobileNumber_7729218332
[ERROR] Tests run: 1, Failures: 0, Errors: 1, Skipped: 0, Time elapsed: 0 s <<< FAILURE! - in com.API.OnDriver.CustomerSubsystem.User_getMobileNumber_7729218332
[ERROR] test  Time elapsed: 0 s  <<< ERROR!
java.lang.NullPointerException
	at com.API.OnDriver.CustomerSubsystem.User_getMobileNumber_7729218332.test(User_getMobileNumber_7729218332.java:40)

[INFO] Running com.API.OnDriver.CustomerSubsystem.Driver_suggestOffer_8404348799
[ERROR] Tests run: 1, Failures: 0, Errors: 1, Skipped: 0, Time elapsed: 0 s <<< FAILURE! - in com.API.OnDriver.CustomerSubsystem.Driver_suggestOffer_8404348799
[ERROR] test  Time elapsed: 0 s  <<< ERROR!
java.lang.NullPointerException
	at com.API.OnDriver.CustomerSubsystem.Driver_suggestOffer_8404348799.test(Driver_suggestOffer_8404348799.java:62)

[INFO] Running com.API.OnDriver.CustomerSubsystem.User_setUserStatus_19788307787
[ERROR] Tests run: 1, Failures: 0, Errors: 1, Skipped: 0, Time elapsed: 0.001 s <<< FAILURE! - in com.API.OnDriver.CustomerSubsystem.User_setUserStatus_19788307787
[ERROR] test  Time elapsed: 0 s  <<< ERROR!
java.lang.NullPointerException
	at com.API.OnDriver.CustomerSubsystem.User_setUserStatus_19788307787.test(User_setUserStatus_19788307787.java:49)

[INFO] Running com.API.OnDriver.CustomerSubsystem.UserStatus_valueOf_16748243244
[ERROR] Tests run: 1, Failures: 0, Errors: 1, Skipped: 0, Time elapsed: 0 s <<< FAILURE! - in com.API.OnDriver.CustomerSubsystem.UserStatus_valueOf_16748243244
[ERROR] test  Time elapsed: 0 s  <<< ERROR!
java.lang.NullPointerException: Name is null
	at com.API.OnDriver.CustomerSubsystem.UserStatus_valueOf_16748243244.test(UserStatus_valueOf_16748243244.java:49)

[INFO] Running com.API.OnDriver.CustomerSubsystem.DriverController_init_10245097900
[INFO] Tests run: 1, Failures: 0, Errors: 0, Skipped: 0, Time elapsed: 0 s - in com.API.OnDriver.CustomerSubsystem.DriverController_init_10245097900
[INFO] Running com.API.OnDriver.CustomerSubsystem.Driver_getCurrentRide_210093382019
[INFO] Tests run: 1, Failures: 0, Errors: 0, Skipped: 0, Time elapsed: 0 s - in com.API.OnDriver.CustomerSubsystem.Driver_getCurrentRide_210093382019
[INFO] Running com.API.OnDriver.CustomerSubsystem.User_getEmail_680943964
[ERROR] Tests run: 1, Failures: 0, Errors: 1, Skipped: 0, Time elapsed: 0 s <<< FAILURE! - in com.API.OnDriver.CustomerSubsystem.User_getEmail_680943964
[ERROR] test  Time elapsed: 0 s  <<< ERROR!
java.lang.NullPointerException
	at com.API.OnDriver.CustomerSubsystem.User_getEmail_680943964.test(User_getEmail_680943964.java:40)

[INFO] Running com.API.OnDriver.CustomerSubsystem.AdminController_getRideEvents_176413527310
[INFO] Tests run: 1, Failures: 0, Errors: 0, Skipped: 0, Time elapsed: 0 s - in com.API.OnDriver.CustomerSubsystem.AdminController_getRideEvents_176413527310
[INFO] Running com.API.OnDriver.CustomerSubsystem.Driver_viewRating_172562910112
[INFO] Tests run: 1, Failures: 0, Errors: 0, Skipped: 0, Time elapsed: 0 s - in com.API.OnDriver.CustomerSubsystem.Driver_viewRating_172562910112
[INFO] Running com.API.OnDriver.CustomerSubsystem.AdminController_init_20175226850
[INFO] Tests run: 1, Failures: 0, Errors: 0, Skipped: 0, Time elapsed: 0 s - in com.API.OnDriver.CustomerSubsystem.AdminController_init_20175226850
[INFO] Running com.API.OnDriver.CustomerSubsystem.DriverController_startRide_20323753166
[INFO] Tests run: 1, Failures: 0, Errors: 0, Skipped: 0, Time elapsed: 0 s - in com.API.OnDriver.CustomerSubsystem.DriverController_startRide_20323753166
[INFO] Running com.API.OnDriver.CustomerSubsystem.Driver_setNationalID_19255527165
[INFO] Tests run: 1, Failures: 0, Errors: 0, Skipped: 0, Time elapsed: 0 s - in com.API.OnDriver.CustomerSubsystem.Driver_setNationalID_19255527165
[INFO] Running com.API.OnDriver.CustomerSubsystem.Passenger_rateRide_14841277553
[INFO] Tests run: 1, Failures: 0, Errors: 0, Skipped: 0, Time elapsed: 0 s - in com.API.OnDriver.CustomerSubsystem.Passenger_rateRide_14841277553
[INFO] Running com.API.OnDriver.CustomerSubsystem.IdentityManager_getPassenger_7923668378
[INFO] Tests run: 1, Failures: 0, Errors: 0, Skipped: 0, Time elapsed: 0 s - in com.API.OnDriver.CustomerSubsystem.IdentityManager_getPassenger_7923668378
[INFO] Running com.API.OnDriver.CustomerSubsystem.Passenger_listPastRides_46135903015
[ERROR] Tests run: 1, Failures: 0, Errors: 1, Skipped: 0, Time elapsed: 0 s <<< FAILURE! - in com.API.OnDriver.CustomerSubsystem.Passenger_listPastRides_46135903015
[ERROR] test  Time elapsed: 0 s  <<< ERROR!
java.lang.NullPointerException
	at com.API.OnDriver.CustomerSubsystem.Passenger_listPastRides_46135903015.test(Passenger_listPastRides_46135903015.java:50)

[INFO] Running com.API.OnDriver.CustomerSubsystem.Driver_addFavArea_201817370334
[ERROR] Tests run: 1, Failures: 0, Errors: 1, Skipped: 0, Time elapsed: 0.001 s <<< FAILURE! - in com.API.OnDriver.CustomerSubsystem.Driver_addFavArea_201817370334
[ERROR] test  Time elapsed: 0.001 s  <<< ERROR!
java.lang.NullPointerException
	at com.API.OnDriver.CustomerSubsystem.Driver_addFavArea_201817370334.test(Driver_addFavArea_201817370334.java:57)

[INFO] Running com.API.OnDriver.CustomerSubsystem.Driver_toString_109029293339
[INFO] Tests run: 1, Failures: 0, Errors: 0, Skipped: 0, Time elapsed: 0.005 s - in com.API.OnDriver.CustomerSubsystem.Driver_toString_109029293339
[INFO] Running com.API.OnDriver.CustomerSubsystem.Driver_getNumberOfPassengers_185903997119
[INFO] Tests run: 1, Failures: 0, Errors: 0, Skipped: 0, Time elapsed: 0.001 s - in com.API.OnDriver.CustomerSubsystem.Driver_getNumberOfPassengers_185903997119
[INFO] Running com.API.OnDriver.CustomerSubsystem.Driver_getNationalID_47583158827
[INFO] Tests run: 1, Failures: 0, Errors: 0, Skipped: 0, Time elapsed: 0 s - in com.API.OnDriver.CustomerSubsystem.Driver_getNationalID_47583158827
[INFO] Running com.API.OnDriver.CustomerSubsystem.IdentityManager_init_8390706490
[INFO] Tests run: 1, Failures: 0, Errors: 0, Skipped: 0, Time elapsed: 0 s - in com.API.OnDriver.CustomerSubsystem.IdentityManager_init_8390706490
[INFO] Running com.API.OnDriver.CustomerSubsystem.Passenger_acceptOffer_211675315414
[ERROR] Tests run: 1, Failures: 0, Errors: 1, Skipped: 0, Time elapsed: 0 s <<< FAILURE! - in com.API.OnDriver.CustomerSubsystem.Passenger_acceptOffer_211675315414
[ERROR] test  Time elapsed: 0 s  <<< ERROR!
java.lang.NullPointerException
	at com.API.OnDriver.CustomerSubsystem.Passenger_acceptOffer_211675315414.test(Passenger_acceptOffer_211675315414.java:55)

[INFO] Running com.API.OnDriver.CustomerSubsystem.Rating_getAverageRating_13332631805
[ERROR] Tests run: 1, Failures: 0, Errors: 1, Skipped: 0, Time elapsed: 0 s <<< FAILURE! - in com.API.OnDriver.CustomerSubsystem.Rating_getAverageRating_13332631805
[ERROR] test  Time elapsed: 0 s  <<< ERROR!
java.lang.NullPointerException
	at com.API.OnDriver.CustomerSubsystem.Rating_getAverageRating_13332631805.test(Rating_getAverageRating_13332631805.java:45)

[INFO] Running com.API.OnDriver.CustomerSubsystem.Driver_getCurrentRide_210093382038
[INFO] Tests run: 1, Failures: 0, Errors: 0, Skipped: 0, Time elapsed: 0 s - in com.API.OnDriver.CustomerSubsystem.Driver_getCurrentRide_210093382038
[INFO] Running com.API.OnDriver.CustomerSubsystem.IdentityManager_init_83907064910
[INFO] Tests run: 1, Failures: 0, Errors: 0, Skipped: 0, Time elapsed: 0 s - in com.API.OnDriver.CustomerSubsystem.IdentityManager_init_83907064910
[INFO] Running com.API.OnDriver.CustomerSubsystem.AdminController_getRideEvents_17641352734
[INFO] Tests run: 1, Failures: 0, Errors: 0, Skipped: 0, Time elapsed: 0 s - in com.API.OnDriver.CustomerSubsystem.AdminController_getRideEvents_17641352734
[INFO] Running com.API.OnDriver.CustomerSubsystem.Driver_getDriverLicense_4014499484
[INFO] Tests run: 1, Failures: 0, Errors: 0, Skipped: 0, Time elapsed: 0 s - in com.API.OnDriver.CustomerSubsystem.Driver_getDriverLicense_4014499484
[INFO] Running com.API.OnDriver.CustomerSubsystem.User_getPassword_166370947914
[ERROR] Tests run: 1, Failures: 0, Errors: 1, Skipped: 0, Time elapsed: 0 s <<< FAILURE! - in com.API.OnDriver.CustomerSubsystem.User_getPassword_166370947914
[ERROR] test  Time elapsed: 0 s  <<< ERROR!
java.lang.NullPointerException
	at com.API.OnDriver.CustomerSubsystem.User_getPassword_166370947914.test(User_getPassword_166370947914.java:40)

[INFO] Running com.API.OnDriver.CustomerSubsystem.Driver_getRating_10696799299
[INFO] Tests run: 1, Failures: 0, Errors: 0, Skipped: 0, Time elapsed: 0 s - in com.API.OnDriver.CustomerSubsystem.Driver_getRating_10696799299
[INFO] Running com.API.OnDriver.CustomerSubsystem.PassengerController_requestRide_15787397791
[INFO] Tests run: 1, Failures: 0, Errors: 0, Skipped: 0, Time elapsed: 0 s - in com.API.OnDriver.CustomerSubsystem.PassengerController_requestRide_15787397791
[INFO] Running com.API.OnDriver.CustomerSubsystem.Passenger_ESTest
2026-04-08 05:42:14.602  WARN 77 --- [           main] org.evosuite.runtime.sandbox.Sandbox     : Sandbox can be initalized only once
2026-04-08 05:42:14.604 ERROR 77 --- [           main] o.e.r.classhandling.ClassStateSupport    : Class com.API.OnDriver.RideSubsystem.Area was not instrumented by EvoSuite. This could happen if you are running JUnit tests in a way that is not handled by EvoSuite, in which some classes are loaded be reflection before the tests are run. Consult the EvoSuite documentation for possible workarounds for this issue.
2026-04-08 05:42:14.604 ERROR 77 --- [           main] o.e.r.classhandling.ClassStateSupport    : Class com.API.OnDriver.RideSubsystem.Offer was not instrumented by EvoSuite. This could happen if you are running JUnit tests in a way that is not handled by EvoSuite, in which some classes are loaded be reflection before the tests are run. Consult the EvoSuite documentation for possible workarounds for this issue.
2026-04-08 05:42:14.604 ERROR 77 --- [           main] o.e.r.classhandling.ClassStateSupport    : Class com.API.OnDriver.RideSubsystem.Ride was not instrumented by EvoSuite. This could happen if you are running JUnit tests in a way that is not handled by EvoSuite, in which some classes are loaded be reflection before the tests are run. Consult the EvoSuite documentation for possible workarounds for this issue.
2026-04-08 05:42:14.604 ERROR 77 --- [           main] o.e.r.classhandling.ClassStateSupport    : Class com.API.OnDriver.DataSubsystem.ListManager was not instrumented by EvoSuite. This could happen if you are running JUnit tests in a way that is not handled by EvoSuite, in which some classes are loaded be reflection before the tests are run. Consult the EvoSuite documentation for possible workarounds for this issue.
2026-04-08 05:42:14.605 ERROR 77 --- [           main] o.e.r.classhandling.ClassStateSupport    : Class com.API.OnDriver.EventSubsystem.SourceEvent was not instrumented by EvoSuite. This could happen if you are running JUnit tests in a way that is not handled by EvoSuite, in which some classes are loaded be reflection before the tests are run. Consult the EvoSuite documentation for possible workarounds for this issue.
2026-04-08 05:42:14.605 ERROR 77 --- [           main] o.e.r.classhandling.ClassStateSupport    : Class com.API.OnDriver.CustomerSubsystem.UserStatus was not instrumented by EvoSuite. This could happen if you are running JUnit tests in a way that is not handled by EvoSuite, in which some classes are loaded be reflection before the tests are run. Consult the EvoSuite documentation for possible workarounds for this issue.
2026-04-08 05:42:14.605 ERROR 77 --- [           main] o.e.r.classhandling.ClassStateSupport    : Class com.API.OnDriver.CustomerSubsystem.User was not instrumented by EvoSuite. This could happen if you are running JUnit tests in a way that is not handled by EvoSuite, in which some classes are loaded be reflection before the tests are run. Consult the EvoSuite documentation for possible workarounds for this issue.
2026-04-08 05:42:14.605 ERROR 77 --- [           main] o.e.r.classhandling.ClassStateSupport    : Class com.API.OnDriver.EventSubsystem.AcceptOfferEvent was not instrumented by EvoSuite. This could happen if you are running JUnit tests in a way that is not handled by EvoSuite, in which some classes are loaded be reflection before the tests are run. Consult the EvoSuite documentation for possible workarounds for this issue.
2026-04-08 05:42:14.605 ERROR 77 --- [           main] o.e.r.classhandling.ClassStateSupport    : Class com.API.OnDriver.EventSubsystem.MakeOfferEvent was not instrumented by EvoSuite. This could happen if you are running JUnit tests in a way that is not handled by EvoSuite, in which some classes are loaded be reflection before the tests are run. Consult the EvoSuite documentation for possible workarounds for this issue.
2026-04-08 05:42:14.605 ERROR 77 --- [           main] o.e.r.classhandling.ClassStateSupport    : Class com.API.OnDriver.EventSubsystem.Event was not instrumented by EvoSuite. This could happen if you are running JUnit tests in a way that is not handled by EvoSuite, in which some classes are loaded be reflection before the tests are run. Consult the EvoSuite documentation for possible workarounds for this issue.
2026-04-08 05:42:14.605 ERROR 77 --- [           main] o.e.r.classhandling.ClassStateSupport    : Class com.API.OnDriver.CustomerSubsystem.Rating was not instrumented by EvoSuite. This could happen if you are running JUnit tests in a way that is not handled by EvoSuite, in which some classes are loaded be reflection before the tests are run. Consult the EvoSuite documentation for possible workarounds for this issue.
2026-04-08 05:42:14.605 ERROR 77 --- [           main] o.e.r.classhandling.ClassStateSupport    : Class com.API.OnDriver.EventSubsystem.DestinationEvent was not instrumented by EvoSuite. This could happen if you are running JUnit tests in a way that is not handled by EvoSuite, in which some classes are loaded be reflection before the tests are run. Consult the EvoSuite documentation for possible workarounds for this issue.
2026-04-08 05:42:14.605 ERROR 77 --- [           main] o.e.r.classhandling.ClassStateSupport    : Class com.API.OnDriver.EventSubsystem.EventName was not instrumented by EvoSuite. This could happen if you are running JUnit tests in a way that is not handled by EvoSuite, in which some classes are loaded be reflection before the tests are run. Consult the EvoSuite documentation for possible workarounds for this issue.
2026-04-08 05:42:14.605 ERROR 77 --- [           main] o.e.r.classhandling.ClassStateSupport    : Class com.API.OnDriver.CustomerSubsystem.Passenger was not instrumented by EvoSuite. This could happen if you are running JUnit tests in a way that is not handled by EvoSuite, in which some classes are loaded be reflection before the tests are run. Consult the EvoSuite documentation for possible workarounds for this issue.
2026-04-08 05:42:14.606 ERROR 77 --- [           main] o.e.r.classhandling.ClassStateSupport    : Class com.API.OnDriver.CustomerSubsystem.Admin was not instrumented by EvoSuite. This could happen if you are running JUnit tests in a way that is not handled by EvoSuite, in which some classes are loaded be reflection before the tests are run. Consult the EvoSuite documentation for possible workarounds for this issue.
2026-04-08 05:42:14.606 ERROR 77 --- [           main] o.e.r.classhandling.ClassStateSupport    : Class com.API.OnDriver.CustomerSubsystem.Driver was not instrumented by EvoSuite. This could happen if you are running JUnit tests in a way that is not handled by EvoSuite, in which some classes are loaded be reflection before the tests are run. Consult the EvoSuite documentation for possible workarounds for this issue.
[INFO] Tests run: 26, Failures: 0, Errors: 0, Skipped: 0, Time elapsed: 0.039 s - in com.API.OnDriver.CustomerSubsystem.Passenger_ESTest
[INFO] Running com.API.OnDriver.CustomerSubsystem.Rating_getAverageRating_13332631806
[ERROR] Tests run: 1, Failures: 0, Errors: 1, Skipped: 0, Time elapsed: 0 s <<< FAILURE! - in com.API.OnDriver.CustomerSubsystem.Rating_getAverageRating_13332631806
[ERROR] test  Time elapsed: 0 s  <<< ERROR!
java.lang.NullPointerException
	at com.API.OnDriver.CustomerSubsystem.Rating_getAverageRating_13332631806.test(Rating_getAverageRating_13332631806.java:45)

[INFO] Running com.API.OnDriver.CustomerSubsystem.Driver_setCurrentRide_23372080417
[INFO] Tests run: 1, Failures: 0, Errors: 0, Skipped: 0, Time elapsed: 0 s - in com.API.OnDriver.CustomerSubsystem.Driver_setCurrentRide_23372080417
[INFO] Running com.API.OnDriver.CustomerSubsystem.DriverController_suggestOffer_56465132712
[INFO] Tests run: 1, Failures: 0, Errors: 0, Skipped: 0, Time elapsed: 0 s - in com.API.OnDriver.CustomerSubsystem.DriverController_suggestOffer_56465132712
[INFO] Running com.API.OnDriver.CustomerSubsystem.Admin_suspend_11816448322
[INFO] Tests run: 1, Failures: 0, Errors: 0, Skipped: 0, Time elapsed: 0 s - in com.API.OnDriver.CustomerSubsystem.Admin_suspend_11816448322
[INFO] Running com.API.OnDriver.CustomerSubsystem.Driver_toString_109029293322
[INFO] Tests run: 1, Failures: 0, Errors: 0, Skipped: 0, Time elapsed: 0 s - in com.API.OnDriver.CustomerSubsystem.Driver_toString_109029293322
[INFO] Running com.API.OnDriver.CustomerSubsystem.Driver_setVerified_6173391685
[INFO] Tests run: 1, Failures: 0, Errors: 0, Skipped: 0, Time elapsed: 0 s - in com.API.OnDriver.CustomerSubsystem.Driver_setVerified_6173391685
[INFO] Running com.API.OnDriver.CustomerSubsystem.Driver_ESTest
2026-04-08 05:42:14.648  WARN 77 --- [           main] org.evosuite.runtime.sandbox.Sandbox     : Sandbox can be initalized only once
2026-04-08 05:42:14.650 ERROR 77 --- [           main] o.e.r.classhandling.ClassStateSupport    : Class com.API.OnDriver.RideSubsystem.Area was not instrumented by EvoSuite. This could happen if you are running JUnit tests in a way that is not handled by EvoSuite, in which some classes are loaded be reflection before the tests are run. Consult the EvoSuite documentation for possible workarounds for this issue.
2026-04-08 05:42:14.650 ERROR 77 --- [           main] o.e.r.classhandling.ClassStateSupport    : Class com.API.OnDriver.RideSubsystem.Ride was not instrumented by EvoSuite. This could happen if you are running JUnit tests in a way that is not handled by EvoSuite, in which some classes are loaded be reflection before the tests are run. Consult the EvoSuite documentation for possible workarounds for this issue.
2026-04-08 05:42:14.650 ERROR 77 --- [           main] o.e.r.classhandling.ClassStateSupport    : Class com.API.OnDriver.RideSubsystem.Offer was not instrumented by EvoSuite. This could happen if you are running JUnit tests in a way that is not handled by EvoSuite, in which some classes are loaded be reflection before the tests are run. Consult the EvoSuite documentation for possible workarounds for this issue.
2026-04-08 05:42:14.650 ERROR 77 --- [           main] o.e.r.classhandling.ClassStateSupport    : Class com.API.OnDriver.DataSubsystem.ListManager was not instrumented by EvoSuite. This could happen if you are running JUnit tests in a way that is not handled by EvoSuite, in which some classes are loaded be reflection before the tests are run. Consult the EvoSuite documentation for possible workarounds for this issue.
2026-04-08 05:42:14.650 ERROR 77 --- [           main] o.e.r.classhandling.ClassStateSupport    : Class com.API.OnDriver.EventSubsystem.SourceEvent was not instrumented by EvoSuite. This could happen if you are running JUnit tests in a way that is not handled by EvoSuite, in which some classes are loaded be reflection before the tests are run. Consult the EvoSuite documentation for possible workarounds for this issue.
2026-04-08 05:42:14.650 ERROR 77 --- [           main] o.e.r.classhandling.ClassStateSupport    : Class com.API.OnDriver.CustomerSubsystem.UserStatus was not instrumented by EvoSuite. This could happen if you are running JUnit tests in a way that is not handled by EvoSuite, in which some classes are loaded be reflection before the tests are run. Consult the EvoSuite documentation for possible workarounds for this issue.
2026-04-08 05:42:14.650 ERROR 77 --- [           main] o.e.r.classhandling.ClassStateSupport    : Class com.API.OnDriver.CustomerSubsystem.User was not instrumented by EvoSuite. This could happen if you are running JUnit tests in a way that is not handled by EvoSuite, in which some classes are loaded be reflection before the tests are run. Consult the EvoSuite documentation for possible workarounds for this issue.
2026-04-08 05:42:14.650 ERROR 77 --- [           main] o.e.r.classhandling.ClassStateSupport    : Class com.API.OnDriver.EventSubsystem.AcceptOfferEvent was not instrumented by EvoSuite. This could happen if you are running JUnit tests in a way that is not handled by EvoSuite, in which some classes are loaded be reflection before the tests are run. Consult the EvoSuite documentation for possible workarounds for this issue.
2026-04-08 05:42:14.651 ERROR 77 --- [           main] o.e.r.classhandling.ClassStateSupport    : Class com.API.OnDriver.EventSubsystem.MakeOfferEvent was not instrumented by EvoSuite. This could happen if you are running JUnit tests in a way that is not handled by EvoSuite, in which some classes are loaded be reflection before the tests are run. Consult the EvoSuite documentation for possible workarounds for this issue.
2026-04-08 05:42:14.651 ERROR 77 --- [           main] o.e.r.classhandling.ClassStateSupport    : Class com.API.OnDriver.EventSubsystem.Event was not instrumented by EvoSuite. This could happen if you are running JUnit tests in a way that is not handled by EvoSuite, in which some classes are loaded be reflection before the tests are run. Consult the EvoSuite documentation for possible workarounds for this issue.
2026-04-08 05:42:14.651 ERROR 77 --- [           main] o.e.r.classhandling.ClassStateSupport    : Class com.API.OnDriver.CustomerSubsystem.Rating was not instrumented by EvoSuite. This could happen if you are running JUnit tests in a way that is not handled by EvoSuite, in which some classes are loaded be reflection before the tests are run. Consult the EvoSuite documentation for possible workarounds for this issue.
2026-04-08 05:42:14.651 ERROR 77 --- [           main] o.e.r.classhandling.ClassStateSupport    : Class com.API.OnDriver.EventSubsystem.DestinationEvent was not instrumented by EvoSuite. This could happen if you are running JUnit tests in a way that is not handled by EvoSuite, in which some classes are loaded be reflection before the tests are run. Consult the EvoSuite documentation for possible workarounds for this issue.
2026-04-08 05:42:14.651 ERROR 77 --- [           main] o.e.r.classhandling.ClassStateSupport    : Class com.API.OnDriver.EventSubsystem.EventName was not instrumented by EvoSuite. This could happen if you are running JUnit tests in a way that is not handled by EvoSuite, in which some classes are loaded be reflection before the tests are run. Consult the EvoSuite documentation for possible workarounds for this issue.
2026-04-08 05:42:14.651 ERROR 77 --- [           main] o.e.r.classhandling.ClassStateSupport    : Class com.API.OnDriver.CustomerSubsystem.Passenger was not instrumented by EvoSuite. This could happen if you are running JUnit tests in a way that is not handled by EvoSuite, in which some classes are loaded be reflection before the tests are run. Consult the EvoSuite documentation for possible workarounds for this issue.
2026-04-08 05:42:14.651 ERROR 77 --- [           main] o.e.r.classhandling.ClassStateSupport    : Class com.API.OnDriver.CustomerSubsystem.Admin was not instrumented by EvoSuite. This could happen if you are running JUnit tests in a way that is not handled by EvoSuite, in which some classes are loaded be reflection before the tests are run. Consult the EvoSuite documentation for possible workarounds for this issue.
2026-04-08 05:42:14.651 ERROR 77 --- [           main] o.e.r.classhandling.ClassStateSupport    : Class com.API.OnDriver.CustomerSubsystem.Driver was not instrumented by EvoSuite. This could happen if you are running JUnit tests in a way that is not handled by EvoSuite, in which some classes are loaded be reflection before the tests are run. Consult the EvoSuite documentation for possible workarounds for this issue.
[INFO] Tests run: 38, Failures: 0, Errors: 0, Skipped: 0, Time elapsed: 0.043 s - in com.API.OnDriver.CustomerSubsystem.Driver_ESTest
[INFO] Running com.API.OnDriver.CustomerSubsystem.Driver_viewRating_172562910132
[ERROR] Tests run: 1, Failures: 0, Errors: 1, Skipped: 0, Time elapsed: 0 s <<< FAILURE! - in com.API.OnDriver.CustomerSubsystem.Driver_viewRating_172562910132
[ERROR] test  Time elapsed: 0 s  <<< ERROR!
java.lang.NullPointerException
	at com.API.OnDriver.CustomerSubsystem.Driver_viewRating_172562910132.test(Driver_viewRating_172562910132.java:55)

[INFO] Running com.API.OnDriver.CustomerSubsystem.AdminController_verifyDriver_6128871621
[INFO] Tests run: 1, Failures: 0, Errors: 0, Skipped: 0, Time elapsed: 0 s - in com.API.OnDriver.CustomerSubsystem.AdminController_verifyDriver_6128871621
[INFO] Running com.API.OnDriver.CustomerSubsystem.Passenger_requestRide_195447492812
[ERROR] Tests run: 1, Failures: 0, Errors: 1, Skipped: 0, Time elapsed: 0 s <<< FAILURE! - in com.API.OnDriver.CustomerSubsystem.Passenger_requestRide_195447492812
[ERROR] test  Time elapsed: 0 s  <<< ERROR!
java.lang.NullPointerException
	at com.API.OnDriver.CustomerSubsystem.Passenger_requestRide_195447492812.test(Passenger_requestRide_195447492812.java:52)

[INFO] Running com.API.OnDriver.CustomerSubsystem.Driver_toString_109029293324
[INFO] Tests run: 1, Failures: 0, Errors: 0, Skipped: 0, Time elapsed: 0.001 s - in com.API.OnDriver.CustomerSubsystem.Driver_toString_109029293324
[INFO] Running com.API.OnDriver.CustomerSubsystem.Driver_addFavArea_201817370312
[INFO] Tests run: 1, Failures: 0, Errors: 0, Skipped: 0, Time elapsed: 0 s - in com.API.OnDriver.CustomerSubsystem.Driver_addFavArea_201817370312
[INFO] Running com.API.OnDriver.CustomerSubsystem.User_ESTest
2026-04-08 05:42:14.697  WARN 77 --- [           main] org.evosuite.runtime.sandbox.Sandbox     : Sandbox can be initalized only once
2026-04-08 05:42:14.699 ERROR 77 --- [           main] o.e.r.classhandling.ClassStateSupport    : Class com.API.OnDriver.RideSubsystem.Area was not instrumented by EvoSuite. This could happen if you are running JUnit tests in a way that is not handled by EvoSuite, in which some classes are loaded be reflection before the tests are run. Consult the EvoSuite documentation for possible workarounds for this issue.
2026-04-08 05:42:14.699 ERROR 77 --- [           main] o.e.r.classhandling.ClassStateSupport    : Class com.API.OnDriver.RideSubsystem.Ride was not instrumented by EvoSuite. This could happen if you are running JUnit tests in a way that is not handled by EvoSuite, in which some classes are loaded be reflection before the tests are run. Consult the EvoSuite documentation for possible workarounds for this issue.
2026-04-08 05:42:14.699 ERROR 77 --- [           main] o.e.r.classhandling.ClassStateSupport    : Class com.API.OnDriver.RideSubsystem.Offer was not instrumented by EvoSuite. This could happen if you are running JUnit tests in a way that is not handled by EvoSuite, in which some classes are loaded be reflection before the tests are run. Consult the EvoSuite documentation for possible workarounds for this issue.
2026-04-08 05:42:14.699 ERROR 77 --- [           main] o.e.r.classhandling.ClassStateSupport    : Class com.API.OnDriver.DataSubsystem.ListManager was not instrumented by EvoSuite. This could happen if you are running JUnit tests in a way that is not handled by EvoSuite, in which some classes are loaded be reflection before the tests are run. Consult the EvoSuite documentation for possible workarounds for this issue.
2026-04-08 05:42:14.699 ERROR 77 --- [           main] o.e.r.classhandling.ClassStateSupport    : Class com.API.OnDriver.EventSubsystem.SourceEvent was not instrumented by EvoSuite. This could happen if you are running JUnit tests in a way that is not handled by EvoSuite, in which some classes are loaded be reflection before the tests are run. Consult the EvoSuite documentation for possible workarounds for this issue.
2026-04-08 05:42:14.699 ERROR 77 --- [           main] o.e.r.classhandling.ClassStateSupport    : Class com.API.OnDriver.CustomerSubsystem.UserStatus was not instrumented by EvoSuite. This could happen if you are running JUnit tests in a way that is not handled by EvoSuite, in which some classes are loaded be reflection before the tests are run. Consult the EvoSuite documentation for possible workarounds for this issue.
2026-04-08 05:42:14.699 ERROR 77 --- [           main] o.e.r.classhandling.ClassStateSupport    : Class com.API.OnDriver.CustomerSubsystem.User was not instrumented by EvoSuite. This could happen if you are running JUnit tests in a way that is not handled by EvoSuite, in which some classes are loaded be reflection before the tests are run. Consult the EvoSuite documentation for possible workarounds for this issue.
2026-04-08 05:42:14.699 ERROR 77 --- [           main] o.e.r.classhandling.ClassStateSupport    : Class com.API.OnDriver.EventSubsystem.AcceptOfferEvent was not instrumented by EvoSuite. This could happen if you are running JUnit tests in a way that is not handled by EvoSuite, in which some classes are loaded be reflection before the tests are run. Consult the EvoSuite documentation for possible workarounds for this issue.
2026-04-08 05:42:14.699 ERROR 77 --- [           main] o.e.r.classhandling.ClassStateSupport    : Class com.API.OnDriver.EventSubsystem.MakeOfferEvent was not instrumented by EvoSuite. This could happen if you are running JUnit tests in a way that is not handled by EvoSuite, in which some classes are loaded be reflection before the tests are run. Consult the EvoSuite documentation for possible workarounds for this issue.
2026-04-08 05:42:14.699 ERROR 77 --- [           main] o.e.r.classhandling.ClassStateSupport    : Class com.API.OnDriver.EventSubsystem.Event was not instrumented by EvoSuite. This could happen if you are running JUnit tests in a way that is not handled by EvoSuite, in which some classes are loaded be reflection before the tests are run. Consult the EvoSuite documentation for possible workarounds for this issue.
2026-04-08 05:42:14.700 ERROR 77 --- [           main] o.e.r.classhandling.ClassStateSupport    : Class com.API.OnDriver.CustomerSubsystem.Rating was not instrumented by EvoSuite. This could happen if you are running JUnit tests in a way that is not handled by EvoSuite, in which some classes are loaded be reflection before the tests are run. Consult the EvoSuite documentation for possible workarounds for this issue.
2026-04-08 05:42:14.700 ERROR 77 --- [           main] o.e.r.classhandling.ClassStateSupport    : Class com.API.OnDriver.EventSubsystem.DestinationEvent was not instrumented by EvoSuite. This could happen if you are running JUnit tests in a way that is not handled by EvoSuite, in which some classes are loaded be reflection before the tests are run. Consult the EvoSuite documentation for possible workarounds for this issue.
2026-04-08 05:42:14.700 ERROR 77 --- [           main] o.e.r.classhandling.ClassStateSupport    : Class com.API.OnDriver.EventSubsystem.EventName was not instrumented by EvoSuite. This could happen if you are running JUnit tests in a way that is not handled by EvoSuite, in which some classes are loaded be reflection before the tests are run. Consult the EvoSuite documentation for possible workarounds for this issue.
2026-04-08 05:42:14.700 ERROR 77 --- [           main] o.e.r.classhandling.ClassStateSupport    : Class com.API.OnDriver.CustomerSubsystem.Passenger was not instrumented by EvoSuite. This could happen if you are running JUnit tests in a way that is not handled by EvoSuite, in which some classes are loaded be reflection before the tests are run. Consult the EvoSuite documentation for possible workarounds for this issue.
2026-04-08 05:42:14.700 ERROR 77 --- [           main] o.e.r.classhandling.ClassStateSupport    : Class com.API.OnDriver.CustomerSubsystem.Admin was not instrumented by EvoSuite. This could happen if you are running JUnit tests in a way that is not handled by EvoSuite, in which some classes are loaded be reflection before the tests are run. Consult the EvoSuite documentation for possible workarounds for this issue.
2026-04-08 05:42:14.700 ERROR 77 --- [           main] o.e.r.classhandling.ClassStateSupport    : Class com.API.OnDriver.CustomerSubsystem.Driver was not instrumented by EvoSuite. This could happen if you are running JUnit tests in a way that is not handled by EvoSuite, in which some classes are loaded be reflection before the tests are run. Consult the EvoSuite documentation for possible workarounds for this issue.
[INFO] Tests run: 16, Failures: 0, Errors: 0, Skipped: 0, Time elapsed: 0.016 s - in com.API.OnDriver.CustomerSubsystem.User_ESTest
[INFO] Running com.API.OnDriver.CustomerSubsystem.User_getUsername_15760515509
[ERROR] Tests run: 1, Failures: 0, Errors: 1, Skipped: 0, Time elapsed: 0 s <<< FAILURE! - in com.API.OnDriver.CustomerSubsystem.User_getUsername_15760515509
[ERROR] test  Time elapsed: 0 s  <<< ERROR!
java.lang.NullPointerException
	at com.API.OnDriver.CustomerSubsystem.User_getUsername_15760515509.test(User_getUsername_15760515509.java:40)

[INFO] Running com.API.OnDriver.CustomerSubsystem.AdminController_suspend_10258447478
[INFO] Tests run: 1, Failures: 0, Errors: 0, Skipped: 0, Time elapsed: 0 s - in com.API.OnDriver.CustomerSubsystem.AdminController_suspend_10258447478
[INFO] Running com.API.OnDriver.CustomerSubsystem.AdminController_init_20175226856
[INFO] Tests run: 1, Failures: 0, Errors: 0, Skipped: 0, Time elapsed: 0 s - in com.API.OnDriver.CustomerSubsystem.AdminController_init_20175226856
[INFO] Running com.API.OnDriver.CustomerSubsystem.Driver_setNationalID_19255527163
[INFO] Tests run: 1, Failures: 0, Errors: 0, Skipped: 0, Time elapsed: 0 s - in com.API.OnDriver.CustomerSubsystem.Driver_setNationalID_19255527163
[INFO] Running com.API.OnDriver.CustomerSubsystem.Driver_endRide_132649829737
[INFO] Tests run: 1, Failures: 0, Errors: 0, Skipped: 0, Time elapsed: 0 s - in com.API.OnDriver.CustomerSubsystem.Driver_endRide_132649829737
[INFO] Running com.API.OnDriver.CustomerSubsystem.Admin_init_11285331130
[INFO] Tests run: 1, Failures: 0, Errors: 0, Skipped: 0, Time elapsed: 0 s - in com.API.OnDriver.CustomerSubsystem.Admin_init_11285331130
[INFO] Running com.API.OnDriver.CustomerSubsystem.Driver_startRide_50689016215
[ERROR] Tests run: 1, Failures: 0, Errors: 1, Skipped: 0, Time elapsed: 0 s <<< FAILURE! - in com.API.OnDriver.CustomerSubsystem.Driver_startRide_50689016215
[ERROR] test  Time elapsed: 0 s  <<< ERROR!
java.lang.NullPointerException
	at com.API.OnDriver.CustomerSubsystem.Driver_startRide_50689016215.test(Driver_startRide_50689016215.java:178)

[INFO] Running com.API.OnDriver.CustomerSubsystem.Passenger_getPastRide_153584134317
[ERROR] Tests run: 1, Failures: 0, Errors: 1, Skipped: 0, Time elapsed: 0 s <<< FAILURE! - in com.API.OnDriver.CustomerSubsystem.Passenger_getPastRide_153584134317
[ERROR] test  Time elapsed: 0 s  <<< ERROR!
java.lang.NullPointerException
	at com.API.OnDriver.CustomerSubsystem.Passenger_getPastRide_153584134317.test(Passenger_getPastRide_153584134317.java:55)

[INFO] Running com.API.OnDriver.CustomerSubsystem.IdentityManager_loginAsDriver_9477886995
[INFO] Tests run: 1, Failures: 0, Errors: 0, Skipped: 0, Time elapsed: 0 s - in com.API.OnDriver.CustomerSubsystem.IdentityManager_loginAsDriver_9477886995
[INFO] Running com.API.OnDriver.CustomerSubsystem.PassengerController_acceptOffer_120093416611
[INFO] Tests run: 1, Failures: 0, Errors: 0, Skipped: 0, Time elapsed: 0 s - in com.API.OnDriver.CustomerSubsystem.PassengerController_acceptOffer_120093416611
[INFO] Running com.API.OnDriver.CustomerSubsystem.Rating_viewAllRating_17925649754
[INFO] Tests run: 1, Failures: 0, Errors: 0, Skipped: 0, Time elapsed: 0 s - in com.API.OnDriver.CustomerSubsystem.Rating_viewAllRating_17925649754
[INFO] Running com.API.OnDriver.CustomerSubsystem.IdentityManager_loginAsAdmin_19065354814
[ERROR] Tests run: 1, Failures: 0, Errors: 1, Skipped: 0, Time elapsed: 0 s <<< FAILURE! - in com.API.OnDriver.CustomerSubsystem.IdentityManager_loginAsAdmin_19065354814
[ERROR] test  Time elapsed: 0 s  <<< ERROR!
java.lang.NullPointerException
	at com.API.OnDriver.CustomerSubsystem.IdentityManager_loginAsAdmin_19065354814.test(IdentityManager_loginAsAdmin_19065354814.java:46)

[INFO] Running com.API.OnDriver.CustomerSubsystem.Rating_init_3919290830
[INFO] Tests run: 1, Failures: 0, Errors: 0, Skipped: 0, Time elapsed: 0 s - in com.API.OnDriver.CustomerSubsystem.Rating_init_3919290830
[INFO] Running com.API.OnDriver.CustomerSubsystem.PassengerController_viewOffers_88167018010
[INFO] Tests run: 1, Failures: 0, Errors: 0, Skipped: 0, Time elapsed: 0 s - in com.API.OnDriver.CustomerSubsystem.PassengerController_viewOffers_88167018010
[INFO] Running com.API.OnDriver.CustomerSubsystem.DriverController_suggestOffer_5646513274
[INFO] Tests run: 1, Failures: 0, Errors: 0, Skipped: 0, Time elapsed: 0 s - in com.API.OnDriver.CustomerSubsystem.DriverController_suggestOffer_5646513274
[INFO] Running com.API.OnDriver.CustomerSubsystem.Passenger_getDateOfBirth_3128098079
[INFO] Tests run: 1, Failures: 0, Errors: 0, Skipped: 0, Time elapsed: 0 s - in com.API.OnDriver.CustomerSubsystem.Passenger_getDateOfBirth_3128098079
[INFO] Running com.API.OnDriver.CustomerSubsystem.Admin_init_11285331136
[INFO] Tests run: 1, Failures: 0, Errors: 0, Skipped: 0, Time elapsed: 0 s - in com.API.OnDriver.CustomerSubsystem.Admin_init_11285331136
[INFO] Running com.API.OnDriver.CustomerSubsystem.DriverController_viewRide_25112782311
[INFO] Tests run: 1, Failures: 0, Errors: 0, Skipped: 0, Time elapsed: 0 s - in com.API.OnDriver.CustomerSubsystem.DriverController_viewRide_25112782311
[INFO] Running com.API.OnDriver.CustomerSubsystem.AdminController_suspend_10258447472
[INFO] Tests run: 1, Failures: 0, Errors: 0, Skipped: 0, Time elapsed: 0 s - in com.API.OnDriver.CustomerSubsystem.AdminController_suspend_10258447472
[INFO] Running com.API.OnDriver.CustomerSubsystem.Driver_startRide_50689016236
[INFO] Tests run: 1, Failures: 0, Errors: 0, Skipped: 0, Time elapsed: 0 s - in com.API.OnDriver.CustomerSubsystem.Driver_startRide_50689016236
[INFO] Running com.API.OnDriver.CustomerSubsystem.Driver_init_177126131625
[INFO] Tests run: 1, Failures: 0, Errors: 0, Skipped: 0, Time elapsed: 0 s - in com.API.OnDriver.CustomerSubsystem.Driver_init_177126131625
[INFO] Running com.API.OnDriver.CustomerSubsystem.Passenger_getDateOfBirth_31280980718
[INFO] Tests run: 1, Failures: 0, Errors: 0, Skipped: 0, Time elapsed: 0 s - in com.API.OnDriver.CustomerSubsystem.Passenger_getDateOfBirth_31280980718
[INFO] Running com.API.OnDriver.CustomerSubsystem.UserStatus_values_11827939213
[INFO] Tests run: 1, Failures: 0, Errors: 0, Skipped: 0, Time elapsed: 0 s - in com.API.OnDriver.CustomerSubsystem.UserStatus_values_11827939213
[INFO] Running com.API.OnDriver.CustomerSubsystem.IdentityManager_registerAsPassenger_224000882
[ERROR] Tests run: 1, Failures: 0, Errors: 1, Skipped: 0, Time elapsed: 0 s <<< FAILURE! - in com.API.OnDriver.CustomerSubsystem.IdentityManager_registerAsPassenger_224000882
[ERROR] test  Time elapsed: 0 s  <<< ERROR!
java.lang.NullPointerException
	at com.API.OnDriver.CustomerSubsystem.IdentityManager_registerAsPassenger_224000882.test(IdentityManager_registerAsPassenger_224000882.java:44)

[INFO] Running com.API.OnDriver.CustomerSubsystem.Driver_viewRides_151137910111
[ERROR] Tests run: 1, Failures: 0, Errors: 1, Skipped: 0, Time elapsed: 0 s <<< FAILURE! - in com.API.OnDriver.CustomerSubsystem.Driver_viewRides_151137910111
[ERROR] test  Time elapsed: 0 s  <<< ERROR!
java.lang.IndexOutOfBoundsException: Index -1433815725 out of bounds for length 0
	at com.API.OnDriver.CustomerSubsystem.Driver_viewRides_151137910111.test(Driver_viewRides_151137910111.java:270)

[INFO] Running com.API.OnDriver.CustomerSubsystem.DriverController_listFavouriteAreas_1185979272
[INFO] Tests run: 1, Failures: 0, Errors: 0, Skipped: 0, Time elapsed: 0 s - in com.API.OnDriver.CustomerSubsystem.DriverController_listFavouriteAreas_1185979272
[INFO] Running com.API.OnDriver.CustomerSubsystem.Driver_viewRides_151137910132
[ERROR] Tests run: 1, Failures: 0, Errors: 1, Skipped: 0, Time elapsed: 0 s <<< FAILURE! - in com.API.OnDriver.CustomerSubsystem.Driver_viewRides_151137910132
[ERROR] test  Time elapsed: 0 s  <<< ERROR!
java.lang.NullPointerException
	at com.API.OnDriver.CustomerSubsystem.Driver_viewRides_151137910132.test(Driver_viewRides_151137910132.java:60)

[INFO] Running com.API.OnDriver.CustomerSubsystem.DriverController_endRide_121276718115
[INFO] Tests run: 1, Failures: 0, Errors: 0, Skipped: 0, Time elapsed: 0 s - in com.API.OnDriver.CustomerSubsystem.DriverController_endRide_121276718115
[INFO] Running com.API.OnDriver.CustomerSubsystem.Admin_getRideEvents_150230634910
[ERROR] Tests run: 1, Failures: 0, Errors: 1, Skipped: 0, Time elapsed: 0 s <<< FAILURE! - in com.API.OnDriver.CustomerSubsystem.Admin_getRideEvents_150230634910
[ERROR] test  Time elapsed: 0 s  <<< ERROR!
java.lang.NullPointerException
	at com.API.OnDriver.CustomerSubsystem.Admin_getRideEvents_150230634910.test(Admin_getRideEvents_150230634910.java:53)

[INFO] Running com.API.OnDriver.CustomerSubsystem.Driver_getVerified_184764999029
[INFO] Tests run: 1, Failures: 0, Errors: 0, Skipped: 0, Time elapsed: 0 s - in com.API.OnDriver.CustomerSubsystem.Driver_getVerified_184764999029
[INFO] Running com.API.OnDriver.CustomerSubsystem.User_getUserStatus_183443090815
[ERROR] Tests run: 1, Failures: 0, Errors: 1, Skipped: 0, Time elapsed: 0 s <<< FAILURE! - in com.API.OnDriver.CustomerSubsystem.User_getUserStatus_183443090815
[ERROR] test  Time elapsed: 0 s  <<< ERROR!
java.lang.NullPointerException
	at com.API.OnDriver.CustomerSubsystem.User_getUserStatus_183443090815.test(User_getUserStatus_183443090815.java:40)

[INFO] Running com.API.OnDriver.CustomerSubsystem.Rating_init_3919290835
[INFO] Tests run: 1, Failures: 0, Errors: 0, Skipped: 0, Time elapsed: 0 s - in com.API.OnDriver.CustomerSubsystem.Rating_init_3919290835
[INFO] Running com.API.OnDriver.CustomerSubsystem.Driver_getRating_106967992930
[INFO] Tests run: 1, Failures: 0, Errors: 0, Skipped: 0, Time elapsed: 0 s - in com.API.OnDriver.CustomerSubsystem.Driver_getRating_106967992930
[INFO] Running com.API.OnDriver.CustomerSubsystem.Admin_applyDiscount_22085140611
[ERROR] Tests run: 1, Failures: 0, Errors: 1, Skipped: 0, Time elapsed: 0 s <<< FAILURE! - in com.API.OnDriver.CustomerSubsystem.Admin_applyDiscount_22085140611
[ERROR] test  Time elapsed: 0 s  <<< ERROR!
java.lang.NullPointerException
	at com.API.OnDriver.CustomerSubsystem.Admin_applyDiscount_22085140611.test(Admin_applyDiscount_22085140611.java:50)

[INFO] Running com.API.OnDriver.CustomerSubsystem.Driver_setCurrentRide_23372080418
[INFO] Tests run: 1, Failures: 0, Errors: 0, Skipped: 0, Time elapsed: 0 s - in com.API.OnDriver.CustomerSubsystem.Driver_setCurrentRide_23372080418
[INFO] Running com.API.OnDriver.CustomerSubsystem.Driver_viewRating_172562910133
[ERROR] Tests run: 1, Failures: 0, Errors: 1, Skipped: 0, Time elapsed: 0.001 s <<< FAILURE! - in com.API.OnDriver.CustomerSubsystem.Driver_viewRating_172562910133
[ERROR] test  Time elapsed: 0 s  <<< ERROR!
java.lang.NullPointerException
	at com.API.OnDriver.CustomerSubsystem.Driver_viewRating_172562910133.test(Driver_viewRating_172562910133.java:55)

[INFO] Running com.API.OnDriver.CustomerSubsystem.AdminController_applyDiscount_18413036085
[INFO] Tests run: 1, Failures: 0, Errors: 0, Skipped: 0, Time elapsed: 0 s - in com.API.OnDriver.CustomerSubsystem.AdminController_applyDiscount_18413036085
[INFO] Running com.API.OnDriver.CustomerSubsystem.Passenger_acceptOffer_21167531545
[ERROR] Tests run: 1, Failures: 0, Errors: 1, Skipped: 0, Time elapsed: 0 s <<< FAILURE! - in com.API.OnDriver.CustomerSubsystem.Passenger_acceptOffer_21167531545
[ERROR] test  Time elapsed: 0 s  <<< ERROR!
java.lang.NullPointerException
	at com.API.OnDriver.CustomerSubsystem.Passenger_acceptOffer_21167531545.test(Passenger_acceptOffer_21167531545.java:147)

[INFO] Running com.API.OnDriver.CustomerSubsystem.Driver_update_199351555421
[ERROR] Tests run: 1, Failures: 0, Errors: 1, Skipped: 0, Time elapsed: 0 s <<< FAILURE! - in com.API.OnDriver.CustomerSubsystem.Driver_update_199351555421
[ERROR] test  Time elapsed: 0 s  <<< ERROR!
java.lang.NullPointerException
	at com.API.OnDriver.CustomerSubsystem.Driver_update_199351555421.test(Driver_update_199351555421.java:57)

[INFO] Running com.API.OnDriver.CustomerSubsystem.Admin_getRideEvents_15023063494
[ERROR] Tests run: 1, Failures: 0, Errors: 1, Skipped: 0, Time elapsed: 0 s <<< FAILURE! - in com.API.OnDriver.CustomerSubsystem.Admin_getRideEvents_15023063494
[ERROR] test  Time elapsed: 0 s  <<< ERROR!
java.lang.IndexOutOfBoundsException: Index -936895503 out of bounds for length 0
	at com.API.OnDriver.CustomerSubsystem.Admin_getRideEvents_15023063494.test(Admin_getRideEvents_15023063494.java:71)

[INFO] Running com.API.OnDriver.CustomerSubsystem.DriverController_viewRating_205304868613
[INFO] Tests run: 1, Failures: 0, Errors: 0, Skipped: 0, Time elapsed: 0 s - in com.API.OnDriver.CustomerSubsystem.DriverController_viewRating_205304868613
[INFO] Running com.API.OnDriver.CustomerSubsystem.User_getUsername_15760515500
[ERROR] Tests run: 1, Failures: 0, Errors: 1, Skipped: 0, Time elapsed: 0 s <<< FAILURE! - in com.API.OnDriver.CustomerSubsystem.User_getUsername_15760515500
[ERROR] test  Time elapsed: 0 s  <<< ERROR!
java.lang.NullPointerException
	at com.API.OnDriver.CustomerSubsystem.User_getUsername_15760515500.test(User_getUsername_15760515500.java:40)

[INFO] Running com.API.OnDriver.CustomerSubsystem.Rating_ESTest
2026-04-08 05:42:14.741  WARN 77 --- [           main] org.evosuite.runtime.sandbox.Sandbox     : Sandbox can be initalized only once
2026-04-08 05:42:14.743 ERROR 77 --- [           main] o.e.r.classhandling.ClassStateSupport    : Class com.API.OnDriver.RideSubsystem.Area was not instrumented by EvoSuite. This could happen if you are running JUnit tests in a way that is not handled by EvoSuite, in which some classes are loaded be reflection before the tests are run. Consult the EvoSuite documentation for possible workarounds for this issue.
2026-04-08 05:42:14.743 ERROR 77 --- [           main] o.e.r.classhandling.ClassStateSupport    : Class com.API.OnDriver.RideSubsystem.Ride was not instrumented by EvoSuite. This could happen if you are running JUnit tests in a way that is not handled by EvoSuite, in which some classes are loaded be reflection before the tests are run. Consult the EvoSuite documentation for possible workarounds for this issue.
2026-04-08 05:42:14.743 ERROR 77 --- [           main] o.e.r.classhandling.ClassStateSupport    : Class com.API.OnDriver.RideSubsystem.Offer was not instrumented by EvoSuite. This could happen if you are running JUnit tests in a way that is not handled by EvoSuite, in which some classes are loaded be reflection before the tests are run. Consult the EvoSuite documentation for possible workarounds for this issue.
2026-04-08 05:42:14.743 ERROR 77 --- [           main] o.e.r.classhandling.ClassStateSupport    : Class com.API.OnDriver.DataSubsystem.ListManager was not instrumented by EvoSuite. This could happen if you are running JUnit tests in a way that is not handled by EvoSuite, in which some classes are loaded be reflection before the tests are run. Consult the EvoSuite documentation for possible workarounds for this issue.
2026-04-08 05:42:14.744 ERROR 77 --- [           main] o.e.r.classhandling.ClassStateSupport    : Class com.API.OnDriver.EventSubsystem.SourceEvent was not instrumented by EvoSuite. This could happen if you are running JUnit tests in a way that is not handled by EvoSuite, in which some classes are loaded be reflection before the tests are run. Consult the EvoSuite documentation for possible workarounds for this issue.
2026-04-08 05:42:14.744 ERROR 77 --- [           main] o.e.r.classhandling.ClassStateSupport    : Class com.API.OnDriver.CustomerSubsystem.UserStatus was not instrumented by EvoSuite. This could happen if you are running JUnit tests in a way that is not handled by EvoSuite, in which some classes are loaded be reflection before the tests are run. Consult the EvoSuite documentation for possible workarounds for this issue.
2026-04-08 05:42:14.744 ERROR 77 --- [           main] o.e.r.classhandling.ClassStateSupport    : Class com.API.OnDriver.CustomerSubsystem.User was not instrumented by EvoSuite. This could happen if you are running JUnit tests in a way that is not handled by EvoSuite, in which some classes are loaded be reflection before the tests are run. Consult the EvoSuite documentation for possible workarounds for this issue.
2026-04-08 05:42:14.744 ERROR 77 --- [           main] o.e.r.classhandling.ClassStateSupport    : Class com.API.OnDriver.EventSubsystem.AcceptOfferEvent was not instrumented by EvoSuite. This could happen if you are running JUnit tests in a way that is not handled by EvoSuite, in which some classes are loaded be reflection before the tests are run. Consult the EvoSuite documentation for possible workarounds for this issue.
2026-04-08 05:42:14.744 ERROR 77 --- [           main] o.e.r.classhandling.ClassStateSupport    : Class com.API.OnDriver.EventSubsystem.MakeOfferEvent was not instrumented by EvoSuite. This could happen if you are running JUnit tests in a way that is not handled by EvoSuite, in which some classes are loaded be reflection before the tests are run. Consult the EvoSuite documentation for possible workarounds for this issue.
2026-04-08 05:42:14.744 ERROR 77 --- [           main] o.e.r.classhandling.ClassStateSupport    : Class com.API.OnDriver.CustomerSubsystem.Rating was not instrumented by EvoSuite. This could happen if you are running JUnit tests in a way that is not handled by EvoSuite, in which some classes are loaded be reflection before the tests are run. Consult the EvoSuite documentation for possible workarounds for this issue.
2026-04-08 05:42:14.744 ERROR 77 --- [           main] o.e.r.classhandling.ClassStateSupport    : Class com.API.OnDriver.EventSubsystem.Event was not instrumented by EvoSuite. This could happen if you are running JUnit tests in a way that is not handled by EvoSuite, in which some classes are loaded be reflection before the tests are run. Consult the EvoSuite documentation for possible workarounds for this issue.
2026-04-08 05:42:14.744 ERROR 77 --- [           main] o.e.r.classhandling.ClassStateSupport    : Class com.API.OnDriver.EventSubsystem.EventName was not instrumented by EvoSuite. This could happen if you are running JUnit tests in a way that is not handled by EvoSuite, in which some classes are loaded be reflection before the tests are run. Consult the EvoSuite documentation for possible workarounds for this issue.
2026-04-08 05:42:14.744 ERROR 77 --- [           main] o.e.r.classhandling.ClassStateSupport    : Class com.API.OnDriver.EventSubsystem.DestinationEvent was not instrumented by EvoSuite. This could happen if you are running JUnit tests in a way that is not handled by EvoSuite, in which some classes are loaded be reflection before the tests are run. Consult the EvoSuite documentation for possible workarounds for this issue.
2026-04-08 05:42:14.744 ERROR 77 --- [           main] o.e.r.classhandling.ClassStateSupport    : Class com.API.OnDriver.CustomerSubsystem.Passenger was not instrumented by EvoSuite. This could happen if you are running JUnit tests in a way that is not handled by EvoSuite, in which some classes are loaded be reflection before the tests are run. Consult the EvoSuite documentation for possible workarounds for this issue.
2026-04-08 05:42:14.744 ERROR 77 --- [           main] o.e.r.classhandling.ClassStateSupport    : Class com.API.OnDriver.CustomerSubsystem.Admin was not instrumented by EvoSuite. This could happen if you are running JUnit tests in a way that is not handled by EvoSuite, in which some classes are loaded be reflection before the tests are run. Consult the EvoSuite documentation for possible workarounds for this issue.
2026-04-08 05:42:14.744 ERROR 77 --- [           main] o.e.r.classhandling.ClassStateSupport    : Class com.API.OnDriver.CustomerSubsystem.Driver was not instrumented by EvoSuite. This could happen if you are running JUnit tests in a way that is not handled by EvoSuite, in which some classes are loaded be reflection before the tests are run. Consult the EvoSuite documentation for possible workarounds for this issue.
[INFO] Tests run: 7, Failures: 0, Errors: 0, Skipped: 0, Time elapsed: 0.007 s - in com.API.OnDriver.CustomerSubsystem.Rating_ESTest
[INFO] Running com.API.OnDriver.CustomerSubsystem.User_setUserStatus_197883077816
[ERROR] Tests run: 1, Failures: 0, Errors: 1, Skipped: 0, Time elapsed: 0 s <<< FAILURE! - in com.API.OnDriver.CustomerSubsystem.User_setUserStatus_197883077816
[ERROR] test  Time elapsed: 0 s  <<< ERROR!
java.lang.NullPointerException
	at com.API.OnDriver.CustomerSubsystem.User_setUserStatus_197883077816.test(User_setUserStatus_197883077816.java:42)

[INFO] Running com.API.OnDriver.CustomerSubsystem.Driver_setNationalID_192555271626
[INFO] Tests run: 1, Failures: 0, Errors: 0, Skipped: 0, Time elapsed: 0 s - in com.API.OnDriver.CustomerSubsystem.Driver_setNationalID_192555271626
[INFO] Running com.API.OnDriver.CustomerSubsystem.Driver_setVerified_61733916828
[INFO] Tests run: 1, Failures: 0, Errors: 0, Skipped: 0, Time elapsed: 0 s - in com.API.OnDriver.CustomerSubsystem.Driver_setVerified_61733916828
[INFO] Running com.API.OnDriver.CustomerSubsystem.Passenger_toString_70167826510
[INFO] Tests run: 1, Failures: 0, Errors: 0, Skipped: 0, Time elapsed: 0 s - in com.API.OnDriver.CustomerSubsystem.Passenger_toString_70167826510
[INFO] Running com.API.OnDriver.CustomerSubsystem.Driver_setDriverLicense_103899005224
[INFO] Tests run: 1, Failures: 0, Errors: 0, Skipped: 0, Time elapsed: 0 s - in com.API.OnDriver.CustomerSubsystem.Driver_setDriverLicense_103899005224
[INFO] Running com.API.OnDriver.CustomerSubsystem.User_getPassword_16637094795
[ERROR] Tests run: 1, Failures: 0, Errors: 1, Skipped: 0, Time elapsed: 0 s <<< FAILURE! - in com.API.OnDriver.CustomerSubsystem.User_getPassword_16637094795
[ERROR] test  Time elapsed: 0 s  <<< ERROR!
java.lang.NullPointerException
	at com.API.OnDriver.CustomerSubsystem.User_getPassword_16637094795.test(User_getPassword_16637094795.java:40)

[INFO] Running com.API.OnDriver.CustomerSubsystem.Admin_verifyDriver_13371298071
[INFO] Tests run: 1, Failures: 0, Errors: 0, Skipped: 0, Time elapsed: 0 s - in com.API.OnDriver.CustomerSubsystem.Admin_verifyDriver_13371298071
[INFO] Running com.API.OnDriver.CustomerSubsystem.Passenger_checkOffers_144203942613
[ERROR] Tests run: 1, Failures: 0, Errors: 1, Skipped: 0, Time elapsed: 0 s <<< FAILURE! - in com.API.OnDriver.CustomerSubsystem.Passenger_checkOffers_144203942613
[ERROR] test  Time elapsed: 0 s  <<< ERROR!
java.lang.NullPointerException
	at com.API.OnDriver.CustomerSubsystem.Passenger_checkOffers_144203942613.test(Passenger_checkOffers_144203942613.java:50)

[INFO] Running com.API.OnDriver.CustomerSubsystem.Passenger_getPastRide_15358413439
[ERROR] Tests run: 1, Failures: 0, Errors: 1, Skipped: 0, Time elapsed: 0 s <<< FAILURE! - in com.API.OnDriver.CustomerSubsystem.Passenger_getPastRide_15358413439
[ERROR] test  Time elapsed: 0 s  <<< ERROR!
java.lang.IndexOutOfBoundsException: Index 1956590498 out of bounds for length 0
	at com.API.OnDriver.CustomerSubsystem.Passenger_getPastRide_15358413439.test(Passenger_getPastRide_15358413439.java:157)

[INFO] Running com.API.OnDriver.CustomerSubsystem.User_setUsername_113257330610
[ERROR] Tests run: 1, Failures: 0, Errors: 1, Skipped: 0, Time elapsed: 0 s <<< FAILURE! - in com.API.OnDriver.CustomerSubsystem.User_setUsername_113257330610
[ERROR] test  Time elapsed: 0 s  <<< ERROR!
java.lang.NullPointerException
	at com.API.OnDriver.CustomerSubsystem.User_setUsername_113257330610.test(User_setUsername_113257330610.java:42)

[INFO] Running com.API.OnDriver.CustomerSubsystem.IdentityManager_getDriver_195682412117
[INFO] Tests run: 1, Failures: 0, Errors: 0, Skipped: 0, Time elapsed: 0.001 s - in com.API.OnDriver.CustomerSubsystem.IdentityManager_getDriver_195682412117
[INFO] Running com.API.OnDriver.CustomerSubsystem.IdentityManager_registerAsDriver_175718283611
[ERROR] Tests run: 1, Failures: 0, Errors: 1, Skipped: 0, Time elapsed: 0 s <<< FAILURE! - in com.API.OnDriver.CustomerSubsystem.IdentityManager_registerAsDriver_175718283611
[ERROR] test  Time elapsed: 0 s  <<< ERROR!
java.lang.NullPointerException
	at com.API.OnDriver.CustomerSubsystem.IdentityManager_registerAsDriver_175718283611.test(IdentityManager_registerAsDriver_175718283611.java:44)

[INFO] Running com.API.OnDriver.CustomerSubsystem.Driver_getDriverLicense_40144994825
[INFO] Tests run: 1, Failures: 0, Errors: 0, Skipped: 0, Time elapsed: 0 s - in com.API.OnDriver.CustomerSubsystem.Driver_getDriverLicense_40144994825
[INFO] Running com.API.OnDriver.CustomerSubsystem.Driver_setDriverLicense_10389900522
[INFO] Tests run: 1, Failures: 0, Errors: 0, Skipped: 0, Time elapsed: 0 s - in com.API.OnDriver.CustomerSubsystem.Driver_setDriverLicense_10389900522
[INFO] Running com.API.OnDriver.CustomerSubsystem.DriverController_viewRide_2511278233
[INFO] Tests run: 1, Failures: 0, Errors: 0, Skipped: 0, Time elapsed: 0 s - in com.API.OnDriver.CustomerSubsystem.DriverController_viewRide_2511278233
[INFO] Running com.API.OnDriver.CustomerSubsystem.PassengerController_listPastRides_14847595412
[INFO] Tests run: 1, Failures: 0, Errors: 0, Skipped: 0, Time elapsed: 0 s - in com.API.OnDriver.CustomerSubsystem.PassengerController_listPastRides_14847595412
[INFO] Running com.API.OnDriver.CustomerSubsystem.IdentityManager_registerAsPassenger_224000881
[INFO] Tests run: 1, Failures: 0, Errors: 0, Skipped: 0, Time elapsed: 0 s - in com.API.OnDriver.CustomerSubsystem.IdentityManager_registerAsPassenger_224000881
[INFO] Running com.API.OnDriver.OnDriverApplication_ESTest
2026-04-08 05:42:14.763  WARN 77 --- [           main] org.evosuite.runtime.sandbox.Sandbox     : Sandbox can be initalized only once
2026-04-08 05:42:14.770  INFO 77 --- [           main] .e.r.i.MethodCallReplacementClassAdapter : Adding mock interface to class org/springframework/boot/devtools/restart/FailureHandler$Outcome
2026-04-08 05:42:14.772  INFO 77 --- [           main] o.e.r.i.CreateClassResetClassAdapter     : Found static initializer in class org/springframework/boot/devtools/restart/FailureHandler$Outcome
2026-04-08 05:42:14.777  INFO 77 --- [           main] .e.r.i.MethodCallReplacementClassAdapter : Adding mock interface to class org/springframework/boot/devtools/restart/classloader/ClassLoaderFile
2026-04-08 05:42:14.781  INFO 77 --- [           main] o.e.r.i.CreateClassResetClassAdapter     : Creating brand-new static initializer in class org/springframework/boot/devtools/restart/classloader/ClassLoaderFile
2026-04-08 05:42:14.784  INFO 77 --- [           main] .e.r.i.MethodCallReplacementClassAdapter : Adding mock interface to class org/springframework/core/LocalVariableTableParameterNameDiscoverer$LocalVariableTableVisitor
2026-04-08 05:42:14.791  INFO 77 --- [           main] o.e.r.i.CreateClassResetClassAdapter     : Creating brand-new static initializer in class org/springframework/core/LocalVariableTableParameterNameDiscoverer$LocalVariableTableVisitor
2026-04-08 05:42:14.791  INFO 77 --- [           main] o.e.r.i.CreateClassResetClassAdapter     : Adding bytecode for initializing field CONSTRUCTOR
2026-04-08 05:42:14.793  INFO 77 --- [           main] .e.r.i.MethodCallReplacementClassAdapter : Adding mock interface to class org/springframework/boot/devtools/restart/RestartApplicationListener$1
2026-04-08 05:42:14.797  INFO 77 --- [           main] .e.r.i.MethodCallReplacementClassAdapter : Adding mock interface to class org/springframework/context/event/AbstractApplicationEventMulticaster$1
2026-04-08 05:42:14.798 ERROR 77 --- [           main] o.e.r.classhandling.ClassStateSupport    : Found $jacocoInit in class org.springframework.util.ReflectionUtils$FieldFilter
2026-04-08 05:42:14.809 ERROR 77 --- [           main] o.e.r.classhandling.ClassStateSupport    : Class com.API.OnDriver.RideSubsystem.Area was not instrumented by EvoSuite. This could happen if you are running JUnit tests in a way that is not handled by EvoSuite, in which some classes are loaded be reflection before the tests are run. Consult the EvoSuite documentation for possible workarounds for this issue.
2026-04-08 05:42:14.809 ERROR 77 --- [           main] o.e.r.classhandling.ClassStateSupport    : Class org.springframework.boot.devtools.restart.Restarter$LeakSafeThread was not instrumented by EvoSuite. This could happen if you are running JUnit tests in a way that is not handled by EvoSuite, in which some classes are loaded be reflection before the tests are run. Consult the EvoSuite documentation for possible workarounds for this issue.
2026-04-08 05:42:14.809 ERROR 77 --- [           main] o.e.r.classhandling.ClassStateSupport    : Class org.springframework.aop.support.AopUtils was not instrumented by EvoSuite. This could happen if you are running JUnit tests in a way that is not handled by EvoSuite, in which some classes are loaded be reflection before the tests are run. Consult the EvoSuite documentation for possible workarounds for this issue.
2026-04-08 05:42:14.809 ERROR 77 --- [           main] o.e.r.classhandling.ClassStateSupport    : Class org.springframework.boot.context.event.ApplicationReadyEvent was not instrumented by EvoSuite. This could happen if you are running JUnit tests in a way that is not handled by EvoSuite, in which some classes are loaded be reflection before the tests are run. Consult the EvoSuite documentation for possible workarounds for this issue.
2026-04-08 05:42:14.809 ERROR 77 --- [           main] o.e.r.classhandling.ClassStateSupport    : Class org.springframework.cglib.core.ClassNameReader$EarlyExitException was not instrumented by EvoSuite. This could happen if you are running JUnit tests in a way that is not handled by EvoSuite, in which some classes are loaded be reflection before the tests are run. Consult the EvoSuite documentation for possible workarounds for this issue.
2026-04-08 05:42:14.809 ERROR 77 --- [           main] o.e.r.classhandling.ClassStateSupport    : Class org.springframework.boot.SpringApplicationShutdownHook$ApplicationContextClosedListener was not instrumented by EvoSuite. This could happen if you are running JUnit tests in a way that is not handled by EvoSuite, in which some classes are loaded be reflection before the tests are run. Consult the EvoSuite documentation for possible workarounds for this issue.
2026-04-08 05:42:14.809 ERROR 77 --- [           main] o.e.r.classhandling.ClassStateSupport    : Class org.springframework.context.ApplicationContextException was not instrumented by EvoSuite. This could happen if you are running JUnit tests in a way that is not handled by EvoSuite, in which some classes are loaded be reflection before the tests are run. Consult the EvoSuite documentation for possible workarounds for this issue.
2026-04-08 05:42:14.809 ERROR 77 --- [           main] o.e.r.classhandling.ClassStateSupport    : Class org.springframework.context.event.SimpleApplicationEventMulticaster was not instrumented by EvoSuite. This could happen if you are running JUnit tests in a way that is not handled by EvoSuite, in which some classes are loaded be reflection before the tests are run. Consult the EvoSuite documentation for possible workarounds for this issue.
2026-04-08 05:42:14.809 ERROR 77 --- [           main] o.e.r.classhandling.ClassStateSupport    : Class org.springframework.boot.SpringApplicationShutdownHook$Handlers was not instrumented by EvoSuite. This could happen if you are running JUnit tests in a way that is not handled by EvoSuite, in which some classes are loaded be reflection before the tests are run. Consult the EvoSuite documentation for possible workarounds for this issue.
2026-04-08 05:42:14.809 ERROR 77 --- [           main] o.e.r.classhandling.ClassStateSupport    : Class org.springframework.core.annotation.AnnotationTypeMapping was not instrumented by EvoSuite. This could happen if you are running JUnit tests in a way that is not handled by EvoSuite, in which some classes are loaded be reflection before the tests are run. Consult the EvoSuite documentation for possible workarounds for this issue.
2026-04-08 05:42:14.809 ERROR 77 --- [           main] o.e.r.classhandling.ClassStateSupport    : Class org.springframework.boot.context.event.ApplicationStartedEvent was not instrumented by EvoSuite. This could happen if you are running JUnit tests in a way that is not handled by EvoSuite, in which some classes are loaded be reflection before the tests are run. Consult the EvoSuite documentation for possible workarounds for this issue.
2026-04-08 05:42:14.809 ERROR 77 --- [           main] o.e.r.classhandling.ClassStateSupport    : Class org.springframework.boot.logging.logback.LogbackLoggingSystem was not instrumented by EvoSuite. This could happen if you are running JUnit tests in a way that is not handled by EvoSuite, in which some classes are loaded be reflection before the tests are run. Consult the EvoSuite documentation for possible workarounds for this issue.
2026-04-08 05:42:14.809 ERROR 77 --- [           main] o.e.r.classhandling.ClassStateSupport    : Class org.springframework.util.ClassUtils was not instrumented by EvoSuite. This could happen if you are running JUnit tests in a way that is not handled by EvoSuite, in which some classes are loaded be reflection before the tests are run. Consult the EvoSuite documentation for possible workarounds for this issue.
2026-04-08 05:42:14.809 ERROR 77 --- [           main] o.e.r.classhandling.ClassStateSupport    : Class org.springframework.cglib.core.ClassNameReader was not instrumented by EvoSuite. This could happen if you are running JUnit tests in a way that is not handled by EvoSuite, in which some classes are loaded be reflection before the tests are run. Consult the EvoSuite documentation for possible workarounds for this issue.
2026-04-08 05:42:14.810 ERROR 77 --- [           main] o.e.r.classhandling.ClassStateSupport    : Class org.springframework.context.support.AbstractApplicationContext was not instrumented by EvoSuite. This could happen if you are running JUnit tests in a way that is not handled by EvoSuite, in which some classes are loaded be reflection before the tests are run. Consult the EvoSuite documentation for possible workarounds for this issue.
2026-04-08 05:42:14.810 ERROR 77 --- [           main] o.e.r.classhandling.ClassStateSupport    : Class org.springframework.boot.SpringApplicationRunListeners was not instrumented by EvoSuite. This could happen if you are running JUnit tests in a way that is not handled by EvoSuite, in which some classes are loaded be reflection before the tests are run. Consult the EvoSuite documentation for possible workarounds for this issue.
2026-04-08 05:42:14.810 ERROR 77 --- [           main] o.e.r.classhandling.ClassStateSupport    : Class org.springframework.core.annotation.AnnotationAwareOrderComparator was not instrumented by EvoSuite. This could happen if you are running JUnit tests in a way that is not handled by EvoSuite, in which some classes are loaded be reflection before the tests are run. Consult the EvoSuite documentation for possible workarounds for this issue.
2026-04-08 05:42:14.810 ERROR 77 --- [           main] o.e.r.classhandling.ClassStateSupport    : Class org.springframework.core.env.CommandLinePropertySource was not instrumented by EvoSuite. This could happen if you are running JUnit tests in a way that is not handled by EvoSuite, in which some classes are loaded be reflection before the tests are run. Consult the EvoSuite documentation for possible workarounds for this issue.
2026-04-08 05:42:14.810 ERROR 77 --- [           main] o.e.r.classhandling.ClassStateSupport    : Class org.springframework.util.ConcurrentReferenceHashMap$Entry was not instrumented by EvoSuite. This could happen if you are running JUnit tests in a way that is not handled by EvoSuite, in which some classes are loaded be reflection before the tests are run. Consult the EvoSuite documentation for possible workarounds for this issue.
2026-04-08 05:42:14.810 ERROR 77 --- [           main] o.e.r.classhandling.ClassStateSupport    : Class org.springframework.boot.context.properties.bind.Bindable$BindRestriction was not instrumented by EvoSuite. This could happen if you are running JUnit tests in a way that is not handled by EvoSuite, in which some classes are loaded be reflection before the tests are run. Consult the EvoSuite documentation for possible workarounds for this issue.
2026-04-08 05:42:14.810 ERROR 77 --- [           main] o.e.r.classhandling.ClassStateSupport    : Class org.springframework.boot.context.config.DelegatingApplicationContextInitializer was not instrumented by EvoSuite. This could happen if you are running JUnit tests in a way that is not handled by EvoSuite, in which some classes are loaded be reflection before the tests are run. Consult the EvoSuite documentation for possible workarounds for this issue.
2026-04-08 05:42:14.810 ERROR 77 --- [           main] o.e.r.classhandling.ClassStateSupport    : Class org.springframework.util.ConcurrentReferenceHashMap$TaskOption was not instrumented by EvoSuite. This could happen if you are running JUnit tests in a way that is not handled by EvoSuite, in which some classes are loaded be reflection before the tests are run. Consult the EvoSuite documentation for possible workarounds for this issue.
2026-04-08 05:42:14.810 ERROR 77 --- [           main] o.e.r.classhandling.ClassStateSupport    : Class org.springframework.core.annotation.AnnotationsScanner was not instrumented by EvoSuite. This could happen if you are running JUnit tests in a way that is not handled by EvoSuite, in which some classes are loaded be reflection before the tests are run. Consult the EvoSuite documentation for possible workarounds for this issue.
2026-04-08 05:42:14.810 ERROR 77 --- [           main] o.e.r.classhandling.ClassStateSupport    : Class org.springframework.boot.devtools.restart.classloader.ClassLoaderFiles was not instrumented by EvoSuite. This could happen if you are running JUnit tests in a way that is not handled by EvoSuite, in which some classes are loaded be reflection before the tests are run. Consult the EvoSuite documentation for possible workarounds for this issue.
2026-04-08 05:42:14.810 ERROR 77 --- [           main] o.e.r.classhandling.ClassStateSupport    : Class org.springframework.util.ConcurrentReferenceHashMap was not instrumented by EvoSuite. This could happen if you are running JUnit tests in a way that is not handled by EvoSuite, in which some classes are loaded be reflection before the tests are run. Consult the EvoSuite documentation for possible workarounds for this issue.
2026-04-08 05:42:14.810 ERROR 77 --- [           main] o.e.r.classhandling.ClassStateSupport    : Class org.springframework.core.annotation.RepeatableContainers$NoRepeatableContainers was not instrumented by EvoSuite. This could happen if you are running JUnit tests in a way that is not handled by EvoSuite, in which some classes are loaded be reflection before the tests are run. Consult the EvoSuite documentation for possible workarounds for this issue.
2026-04-08 05:42:14.810 ERROR 77 --- [           main] o.e.r.classhandling.ClassStateSupport    : Class org.springframework.boot.context.properties.source.ConfigurationPropertyName was not instrumented by EvoSuite. This could happen if you are running JUnit tests in a way that is not handled by EvoSuite, in which some classes are loaded be reflection before the tests are run. Consult the EvoSuite documentation for possible workarounds for this issue.
2026-04-08 05:42:14.810 ERROR 77 --- [           main] o.e.r.classhandling.ClassStateSupport    : Class org.springframework.boot.autoconfigure.BackgroundPreinitializer was not instrumented by EvoSuite. This could happen if you are running JUnit tests in a way that is not handled by EvoSuite, in which some classes are loaded be reflection before the tests are run. Consult the EvoSuite documentation for possible workarounds for this issue.
2026-04-08 05:42:14.810 ERROR 77 --- [           main] o.e.r.classhandling.ClassStateSupport    : Class org.springframework.core.annotation.AnnotationFilter$2 was not instrumented by EvoSuite. This could happen if you are running JUnit tests in a way that is not handled by EvoSuite, in which some classes are loaded be reflection before the tests are run. Consult the EvoSuite documentation for possible workarounds for this issue.
2026-04-08 05:42:14.810 ERROR 77 --- [           main] o.e.r.classhandling.ClassStateSupport    : Class org.springframework.boot.context.ContextIdApplicationContextInitializer was not instrumented by EvoSuite. This could happen if you are running JUnit tests in a way that is not handled by EvoSuite, in which some classes are loaded be reflection before the tests are run. Consult the EvoSuite documentation for possible workarounds for this issue.
2026-04-08 05:42:14.810 ERROR 77 --- [           main] o.e.r.classhandling.ClassStateSupport    : Class org.springframework.context.event.AbstractApplicationEventMulticaster$DefaultListenerRetriever was not instrumented by EvoSuite. This could happen if you are running JUnit tests in a way that is not handled by EvoSuite, in which some classes are loaded be reflection before the tests are run. Consult the EvoSuite documentation for possible workarounds for this issue.
2026-04-08 05:42:14.810 ERROR 77 --- [           main] o.e.r.classhandling.ClassStateSupport    : Class org.springframework.core.annotation.AnnotationFilter$1 was not instrumented by EvoSuite. This could happen if you are running JUnit tests in a way that is not handled by EvoSuite, in which some classes are loaded be reflection before the tests are run. Consult the EvoSuite documentation for possible workarounds for this issue.
2026-04-08 05:42:14.810 ERROR 77 --- [           main] o.e.r.classhandling.ClassStateSupport    : Class com.API.OnDriver.OnDriverApplication was not instrumented by EvoSuite. This could happen if you are running JUnit tests in a way that is not handled by EvoSuite, in which some classes are loaded be reflection before the tests are run. Consult the EvoSuite documentation for possible workarounds for this issue.
2026-04-08 05:42:14.810 ERROR 77 --- [           main] o.e.r.classhandling.ClassStateSupport    : Class org.springframework.beans.BeansException was not instrumented by EvoSuite. This could happen if you are running JUnit tests in a way that is not handled by EvoSuite, in which some classes are loaded be reflection before the tests are run. Consult the EvoSuite documentation for possible workarounds for this issue.
2026-04-08 05:42:14.810 ERROR 77 --- [           main] o.e.r.classhandling.ClassStateSupport    : Class org.springframework.core.annotation.RepeatableContainers$StandardRepeatableContainers was not instrumented by EvoSuite. This could happen if you are running JUnit tests in a way that is not handled by EvoSuite, in which some classes are loaded be reflection before the tests are run. Consult the EvoSuite documentation for possible workarounds for this issue.
2026-04-08 05:42:14.810 ERROR 77 --- [           main] o.e.r.classhandling.ClassStateSupport    : Class org.springframework.core.annotation.MergedAnnotationSelectors$FirstDirectlyDeclared was not instrumented by EvoSuite. This could happen if you are running JUnit tests in a way that is not handled by EvoSuite, in which some classes are loaded be reflection before the tests are run. Consult the EvoSuite documentation for possible workarounds for this issue.
2026-04-08 05:42:14.810 ERROR 77 --- [           main] o.e.r.classhandling.ClassStateSupport    : Class org.springframework.boot.devtools.restart.MainMethod was not instrumented by EvoSuite. This could happen if you are running JUnit tests in a way that is not handled by EvoSuite, in which some classes are loaded be reflection before the tests are run. Consult the EvoSuite documentation for possible workarounds for this issue.
2026-04-08 05:42:14.811 ERROR 77 --- [           main] o.e.r.classhandling.ClassStateSupport    : Class org.springframework.util.MultiValueMapAdapter was not instrumented by EvoSuite. This could happen if you are running JUnit tests in a way that is not handled by EvoSuite, in which some classes are loaded be reflection before the tests are run. Consult the EvoSuite documentation for possible workarounds for this issue.
2026-04-08 05:42:14.811 ERROR 77 --- [           main] o.e.r.classhandling.ClassStateSupport    : Class org.springframework.context.ApplicationEvent was not instrumented by EvoSuite. This could happen if you are running JUnit tests in a way that is not handled by EvoSuite, in which some classes are loaded be reflection before the tests are run. Consult the EvoSuite documentation for possible workarounds for this issue.
2026-04-08 05:42:14.811 ERROR 77 --- [           main] o.e.r.classhandling.ClassStateSupport    : Class org.springframework.boot.context.properties.source.InvalidConfigurationPropertyNameException was not instrumented by EvoSuite. This could happen if you are running JUnit tests in a way that is not handled by EvoSuite, in which some classes are loaded be reflection before the tests are run. Consult the EvoSuite documentation for possible workarounds for this issue.
2026-04-08 05:42:14.811 ERROR 77 --- [           main] o.e.r.classhandling.ClassStateSupport    : Class org.springframework.core.ResolvableType$1 was not instrumented by EvoSuite. This could happen if you are running JUnit tests in a way that is not handled by EvoSuite, in which some classes are loaded be reflection before the tests are run. Consult the EvoSuite documentation for possible workarounds for this issue.
2026-04-08 05:42:14.811 ERROR 77 --- [           main] o.e.r.classhandling.ClassStateSupport    : Class org.springframework.boot.WebApplicationType was not instrumented by EvoSuite. This could happen if you are running JUnit tests in a way that is not handled by EvoSuite, in which some classes are loaded be reflection before the tests are run. Consult the EvoSuite documentation for possible workarounds for this issue.
2026-04-08 05:42:14.811 ERROR 77 --- [           main] o.e.r.classhandling.ClassStateSupport    : Class org.springframework.boot.devtools.restart.SilentExitExceptionHandler was not instrumented by EvoSuite. This could happen if you are running JUnit tests in a way that is not handled by EvoSuite, in which some classes are loaded be reflection before the tests are run. Consult the EvoSuite documentation for possible workarounds for this issue.
2026-04-08 05:42:14.811 ERROR 77 --- [           main] o.e.r.classhandling.ClassStateSupport    : Class org.springframework.boot.context.event.ApplicationPreparedEvent was not instrumented by EvoSuite. This could happen if you are running JUnit tests in a way that is not handled by EvoSuite, in which some classes are loaded be reflection before the tests are run. Consult the EvoSuite documentation for possible workarounds for this issue.
2026-04-08 05:42:14.811 ERROR 77 --- [           main] o.e.r.classhandling.ClassStateSupport    : Class org.springframework.boot.devtools.restart.classloader.RestartClassLoader was not instrumented by EvoSuite. This could happen if you are running JUnit tests in a way that is not handled by EvoSuite, in which some classes are loaded be reflection before the tests are run. Consult the EvoSuite documentation for possible workarounds for this issue.
2026-04-08 05:42:14.811 ERROR 77 --- [           main] o.e.r.classhandling.ClassStateSupport    : Class org.springframework.core.annotation.MergedAnnotationSelectors was not instrumented by EvoSuite. This could happen if you are running JUnit tests in a way that is not handled by EvoSuite, in which some classes are loaded be reflection before the tests are run. Consult the EvoSuite documentation for possible workarounds for this issue.
2026-04-08 05:42:14.811 ERROR 77 --- [           main] o.e.r.classhandling.ClassStateSupport    : Class org.springframework.boot.logging.DelegatingLoggingSystemFactory was not instrumented by EvoSuite. This could happen if you are running JUnit tests in a way that is not handled by EvoSuite, in which some classes are loaded be reflection before the tests are run. Consult the EvoSuite documentation for possible workarounds for this issue.
2026-04-08 05:42:14.811 ERROR 77 --- [           main] o.e.r.classhandling.ClassStateSupport    : Class org.springframework.core.env.SimpleCommandLinePropertySource was not instrumented by EvoSuite. This could happen if you are running JUnit tests in a way that is not handled by EvoSuite, in which some classes are loaded be reflection before the tests are run. Consult the EvoSuite documentation for possible workarounds for this issue.
2026-04-08 05:42:14.811 ERROR 77 --- [           main] o.e.r.classhandling.ClassStateSupport    : Class org.springframework.boot.SpringApplication was not instrumented by EvoSuite. This could happen if you are running JUnit tests in a way that is not handled by EvoSuite, in which some classes are loaded be reflection before the tests are run. Consult the EvoSuite documentation for possible workarounds for this issue.
2026-04-08 05:42:14.811 ERROR 77 --- [           main] o.e.r.classhandling.ClassStateSupport    : Class org.springframework.core.io.support.PropertiesLoaderUtils was not instrumented by EvoSuite. This could happen if you are running JUnit tests in a way that is not handled by EvoSuite, in which some classes are loaded be reflection before the tests are run. Consult the EvoSuite documentation for possible workarounds for this issue.
2026-04-08 05:42:14.811 ERROR 77 --- [           main] o.e.r.classhandling.ClassStateSupport    : Class org.springframework.boot.devtools.restart.Restarter was not instrumented by EvoSuite. This could happen if you are running JUnit tests in a way that is not handled by EvoSuite, in which some classes are loaded be reflection before the tests are run. Consult the EvoSuite documentation for possible workarounds for this issue.
2026-04-08 05:42:14.811 ERROR 77 --- [           main] o.e.r.classhandling.ClassStateSupport    : Class org.springframework.core.SpringProperties was not instrumented by EvoSuite. This could happen if you are running JUnit tests in a way that is not handled by EvoSuite, in which some classes are loaded be reflection before the tests are run. Consult the EvoSuite documentation for possible workarounds for this issue.
2026-04-08 05:42:14.811 ERROR 77 --- [           main] o.e.r.classhandling.ClassStateSupport    : Class org.springframework.core.annotation.AttributeMethods was not instrumented by EvoSuite. This could happen if you are running JUnit tests in a way that is not handled by EvoSuite, in which some classes are loaded be reflection before the tests are run. Consult the EvoSuite documentation for possible workarounds for this issue.
2026-04-08 05:42:14.811 ERROR 77 --- [           main] o.e.r.classhandling.ClassStateSupport    : Class org.springframework.boot.logging.logback.LogbackLoggingSystem$Factory was not instrumented by EvoSuite. This could happen if you are running JUnit tests in a way that is not handled by EvoSuite, in which some classes are loaded be reflection before the tests are run. Consult the EvoSuite documentation for possible workarounds for this issue.
2026-04-08 05:42:14.811 ERROR 77 --- [           main] o.e.r.classhandling.ClassStateSupport    : Class org.springframework.core.annotation.PackagesAnnotationFilter was not instrumented by EvoSuite. This could happen if you are running JUnit tests in a way that is not handled by EvoSuite, in which some classes are loaded be reflection before the tests are run. Consult the EvoSuite documentation for possible workarounds for this issue.
2026-04-08 05:42:14.811 ERROR 77 --- [           main] o.e.r.classhandling.ClassStateSupport    : Class org.springframework.boot.context.properties.source.ConfigurationPropertyName$ElementType was not instrumented by EvoSuite. This could happen if you are running JUnit tests in a way that is not handled by EvoSuite, in which some classes are loaded be reflection before the tests are run. Consult the EvoSuite documentation for possible workarounds for this issue.
2026-04-08 05:42:14.811 ERROR 77 --- [           main] o.e.r.classhandling.ClassStateSupport    : Class org.springframework.boot.context.properties.bind.Bindable was not instrumented by EvoSuite. This could happen if you are running JUnit tests in a way that is not handled by EvoSuite, in which some classes are loaded be reflection before the tests are run. Consult the EvoSuite documentation for possible workarounds for this issue.
2026-04-08 05:42:14.811 ERROR 77 --- [           main] o.e.r.classhandling.ClassStateSupport    : Class org.springframework.aop.AopInvocationException was not instrumented by EvoSuite. This could happen if you are running JUnit tests in a way that is not handled by EvoSuite, in which some classes are loaded be reflection before the tests are run. Consult the EvoSuite documentation for possible workarounds for this issue.
2026-04-08 05:42:14.811 ERROR 77 --- [           main] o.e.r.classhandling.ClassStateSupport    : Class org.springframework.core.NestedRuntimeException was not instrumented by EvoSuite. This could happen if you are running JUnit tests in a way that is not handled by EvoSuite, in which some classes are loaded be reflection before the tests are run. Consult the EvoSuite documentation for possible workarounds for this issue.
2026-04-08 05:42:14.811 ERROR 77 --- [           main] o.e.r.classhandling.ClassStateSupport    : Class org.springframework.boot.web.context.ServerPortInfoApplicationContextInitializer was not instrumented by EvoSuite. This could happen if you are running JUnit tests in a way that is not handled by EvoSuite, in which some classes are loaded be reflection before the tests are run. Consult the EvoSuite documentation for possible workarounds for this issue.
2026-04-08 05:42:14.811 ERROR 77 --- [           main] o.e.r.classhandling.ClassStateSupport    : Class org.springframework.boot.env.EnvironmentPostProcessorApplicationListener was not instrumented by EvoSuite. This could happen if you are running JUnit tests in a way that is not handled by EvoSuite, in which some classes are loaded be reflection before the tests are run. Consult the EvoSuite documentation for possible workarounds for this issue.
2026-04-08 05:42:14.812 ERROR 77 --- [           main] o.e.r.classhandling.ClassStateSupport    : Class org.springframework.cglib.core.ClassNameReader$1 was not instrumented by EvoSuite. This could happen if you are running JUnit tests in a way that is not handled by EvoSuite, in which some classes are loaded be reflection before the tests are run. Consult the EvoSuite documentation for possible workarounds for this issue.
2026-04-08 05:42:14.812 ERROR 77 --- [           main] o.e.r.classhandling.ClassStateSupport    : Class org.springframework.core.LocalVariableTableParameterNameDiscoverer was not instrumented by EvoSuite. This could happen if you are running JUnit tests in a way that is not handled by EvoSuite, in which some classes are loaded be reflection before the tests are run. Consult the EvoSuite documentation for possible workarounds for this issue.
2026-04-08 05:42:14.812 ERROR 77 --- [           main] o.e.r.classhandling.ClassStateSupport    : Class org.springframework.boot.ClearCachesApplicationListener was not instrumented by EvoSuite. This could happen if you are running JUnit tests in a way that is not handled by EvoSuite, in which some classes are loaded be reflection before the tests are run. Consult the EvoSuite documentation for possible workarounds for this issue.
2026-04-08 05:42:14.812 ERROR 77 --- [           main] o.e.r.classhandling.ClassStateSupport    : Class org.springframework.boot.devtools.logger.DevToolsLogFactory$Listener was not instrumented by EvoSuite. This could happen if you are running JUnit tests in a way that is not handled by EvoSuite, in which some classes are loaded be reflection before the tests are run. Consult the EvoSuite documentation for possible workarounds for this issue.
2026-04-08 05:42:14.812 ERROR 77 --- [           main] o.e.r.classhandling.ClassStateSupport    : Class org.springframework.boot.logging.log4j2.Log4J2LoggingSystem$Factory was not instrumented by EvoSuite. This could happen if you are running JUnit tests in a way that is not handled by EvoSuite, in which some classes are loaded be reflection before the tests are run. Consult the EvoSuite documentation for possible workarounds for this issue.
2026-04-08 05:42:14.812 ERROR 77 --- [           main] o.e.r.classhandling.ClassStateSupport    : Class org.springframework.util.ConcurrentReferenceHashMap$SoftEntryReference was not instrumented by EvoSuite. This could happen if you are running JUnit tests in a way that is not handled by EvoSuite, in which some classes are loaded be reflection before the tests are run. Consult the EvoSuite documentation for possible workarounds for this issue.
2026-04-08 05:42:14.812 ERROR 77 --- [           main] o.e.r.classhandling.ClassStateSupport    : Class org.springframework.beans.BeanUtils was not instrumented by EvoSuite. This could happen if you are running JUnit tests in a way that is not handled by EvoSuite, in which some classes are loaded be reflection before the tests are run. Consult the EvoSuite documentation for possible workarounds for this issue.
2026-04-08 05:42:14.812 ERROR 77 --- [           main] o.e.r.classhandling.ClassStateSupport    : Class org.springframework.beans.BeanInstantiationException was not instrumented by EvoSuite. This could happen if you are running JUnit tests in a way that is not handled by EvoSuite, in which some classes are loaded be reflection before the tests are run. Consult the EvoSuite documentation for possible workarounds for this issue.
2026-04-08 05:42:14.812 ERROR 77 --- [           main] o.e.r.classhandling.ClassStateSupport    : Class org.springframework.core.io.UrlResource was not instrumented by EvoSuite. This could happen if you are running JUnit tests in a way that is not handled by EvoSuite, in which some classes are loaded be reflection before the tests are run. Consult the EvoSuite documentation for possible workarounds for this issue.
2026-04-08 05:42:14.812 ERROR 77 --- [           main] o.e.r.classhandling.ClassStateSupport    : Class org.springframework.boot.autoconfigure.SharedMetadataReaderFactoryContextInitializer was not instrumented by EvoSuite. This could happen if you are running JUnit tests in a way that is not handled by EvoSuite, in which some classes are loaded be reflection before the tests are run. Consult the EvoSuite documentation for possible workarounds for this issue.
2026-04-08 05:42:14.812 ERROR 77 --- [           main] o.e.r.classhandling.ClassStateSupport    : Class org.springframework.asm.ClassVisitor was not instrumented by EvoSuite. This could happen if you are running JUnit tests in a way that is not handled by EvoSuite, in which some classes are loaded be reflection before the tests are run. Consult the EvoSuite documentation for possible workarounds for this issue.
2026-04-08 05:42:14.812 ERROR 77 --- [           main] o.e.r.classhandling.ClassStateSupport    : Class org.springframework.boot.builder.ParentContextCloserApplicationListener was not instrumented by EvoSuite. This could happen if you are running JUnit tests in a way that is not handled by EvoSuite, in which some classes are loaded be reflection before the tests are run. Consult the EvoSuite documentation for possible workarounds for this issue.
2026-04-08 05:42:14.812 ERROR 77 --- [           main] o.e.r.classhandling.ClassStateSupport    : Class org.springframework.context.event.AbstractApplicationEventMulticaster$ListenerCacheKey was not instrumented by EvoSuite. This could happen if you are running JUnit tests in a way that is not handled by EvoSuite, in which some classes are loaded be reflection before the tests are run. Consult the EvoSuite documentation for possible workarounds for this issue.
2026-04-08 05:42:14.812 ERROR 77 --- [           main] o.e.r.classhandling.ClassStateSupport    : Class org.springframework.boot.logging.DeferredLog$Lines was not instrumented by EvoSuite. This could happen if you are running JUnit tests in a way that is not handled by EvoSuite, in which some classes are loaded be reflection before the tests are run. Consult the EvoSuite documentation for possible workarounds for this issue.
2026-04-08 05:42:14.812 ERROR 77 --- [           main] o.e.r.classhandling.ClassStateSupport    : Class org.springframework.boot.logging.Slf4JLoggingSystem was not instrumented by EvoSuite. This could happen if you are running JUnit tests in a way that is not handled by EvoSuite, in which some classes are loaded be reflection before the tests are run. Consult the EvoSuite documentation for possible workarounds for this issue.
2026-04-08 05:42:14.812 ERROR 77 --- [           main] o.e.r.classhandling.ClassStateSupport    : Class org.springframework.context.event.ApplicationContextEvent was not instrumented by EvoSuite. This could happen if you are running JUnit tests in a way that is not handled by EvoSuite, in which some classes are loaded be reflection before the tests are run. Consult the EvoSuite documentation for possible workarounds for this issue.
2026-04-08 05:42:14.812 ERROR 77 --- [           main] o.e.r.classhandling.ClassStateSupport    : Class org.springframework.context.event.AbstractApplicationEventMulticaster$CachedListenerRetriever was not instrumented by EvoSuite. This could happen if you are running JUnit tests in a way that is not handled by EvoSuite, in which some classes are loaded be reflection before the tests are run. Consult the EvoSuite documentation for possible workarounds for this issue.
2026-04-08 05:42:14.812 ERROR 77 --- [           main] o.e.r.classhandling.ClassStateSupport    : Class org.springframework.beans.FatalBeanException was not instrumented by EvoSuite. This could happen if you are running JUnit tests in a way that is not handled by EvoSuite, in which some classes are loaded be reflection before the tests are run. Consult the EvoSuite documentation for possible workarounds for this issue.
2026-04-08 05:42:14.812 ERROR 77 --- [           main] o.e.r.classhandling.ClassStateSupport    : Class org.springframework.core.LocalVariableTableParameterNameDiscoverer$ParameterNameDiscoveringVisitor was not instrumented by EvoSuite. This could happen if you are running JUnit tests in a way that is not handled by EvoSuite, in which some classes are loaded be reflection before the tests are run. Consult the EvoSuite documentation for possible workarounds for this issue.
2026-04-08 05:42:14.812 ERROR 77 --- [           main] o.e.r.classhandling.ClassStateSupport    : Class org.springframework.core.ResolvableType$DefaultVariableResolver was not instrumented by EvoSuite. This could happen if you are running JUnit tests in a way that is not handled by EvoSuite, in which some classes are loaded be reflection before the tests are run. Consult the EvoSuite documentation for possible workarounds for this issue.
2026-04-08 05:42:14.812 ERROR 77 --- [           main] o.e.r.classhandling.ClassStateSupport    : Class org.springframework.core.annotation.MissingMergedAnnotation was not instrumented by EvoSuite. This could happen if you are running JUnit tests in a way that is not handled by EvoSuite, in which some classes are loaded be reflection before the tests are run. Consult the EvoSuite documentation for possible workarounds for this issue.
2026-04-08 05:42:14.812 ERROR 77 --- [           main] o.e.r.classhandling.ClassStateSupport    : Class org.springframework.context.support.GenericApplicationContext was not instrumented by EvoSuite. This could happen if you are running JUnit tests in a way that is not handled by EvoSuite, in which some classes are loaded be reflection before the tests are run. Consult the EvoSuite documentation for possible workarounds for this issue.
2026-04-08 05:42:14.813 ERROR 77 --- [           main] o.e.r.classhandling.ClassStateSupport    : Class org.springframework.core.SerializableTypeWrapper was not instrumented by EvoSuite. This could happen if you are running JUnit tests in a way that is not handled by EvoSuite, in which some classes are loaded be reflection before the tests are run. Consult the EvoSuite documentation for possible workarounds for this issue.
2026-04-08 05:42:14.813 ERROR 77 --- [           main] o.e.r.classhandling.ClassStateSupport    : Class org.springframework.core.ResolvableType$TypeVariablesVariableResolver was not instrumented by EvoSuite. This could happen if you are running JUnit tests in a way that is not handled by EvoSuite, in which some classes are loaded be reflection before the tests are run. Consult the EvoSuite documentation for possible workarounds for this issue.
2026-04-08 05:42:14.813 ERROR 77 --- [           main] o.e.r.classhandling.ClassStateSupport    : Class org.springframework.core.annotation.RepeatableContainers was not instrumented by EvoSuite. This could happen if you are running JUnit tests in a way that is not handled by EvoSuite, in which some classes are loaded be reflection before the tests are run. Consult the EvoSuite documentation for possible workarounds for this issue.
2026-04-08 05:42:14.813 ERROR 77 --- [           main] o.e.r.classhandling.ClassStateSupport    : Class org.springframework.context.event.ContextRefreshedEvent was not instrumented by EvoSuite. This could happen if you are running JUnit tests in a way that is not handled by EvoSuite, in which some classes are loaded be reflection before the tests are run. Consult the EvoSuite documentation for possible workarounds for this issue.
2026-04-08 05:42:14.813 ERROR 77 --- [           main] o.e.r.classhandling.ClassStateSupport    : Class org.springframework.util.ReflectionUtils was not instrumented by EvoSuite. This could happen if you are running JUnit tests in a way that is not handled by EvoSuite, in which some classes are loaded be reflection before the tests are run. Consult the EvoSuite documentation for possible workarounds for this issue.
2026-04-08 05:42:14.813 ERROR 77 --- [           main] o.e.r.classhandling.ClassStateSupport    : Class org.springframework.core.annotation.MergedAnnotations$SearchStrategy was not instrumented by EvoSuite. This could happen if you are running JUnit tests in a way that is not handled by EvoSuite, in which some classes are loaded be reflection before the tests are run. Consult the EvoSuite documentation for possible workarounds for this issue.
2026-04-08 05:42:14.813 ERROR 77 --- [           main] o.e.r.classhandling.ClassStateSupport    : Class org.springframework.util.Assert was not instrumented by EvoSuite. This could happen if you are running JUnit tests in a way that is not handled by EvoSuite, in which some classes are loaded be reflection before the tests are run. Consult the EvoSuite documentation for possible workarounds for this issue.
2026-04-08 05:42:14.813 ERROR 77 --- [           main] o.e.r.classhandling.ClassStateSupport    : Class org.springframework.boot.autoconfigure.logging.ConditionEvaluationReportLoggingListener was not instrumented by EvoSuite. This could happen if you are running JUnit tests in a way that is not handled by EvoSuite, in which some classes are loaded be reflection before the tests are run. Consult the EvoSuite documentation for possible workarounds for this issue.
2026-04-08 05:42:14.813 ERROR 77 --- [           main] o.e.r.classhandling.ClassStateSupport    : Class org.springframework.boot.devtools.restart.RestartScopeInitializer was not instrumented by EvoSuite. This could happen if you are running JUnit tests in a way that is not handled by EvoSuite, in which some classes are loaded be reflection before the tests are run. Consult the EvoSuite documentation for possible workarounds for this issue.
2026-04-08 05:42:14.813 ERROR 77 --- [           main] o.e.r.classhandling.ClassStateSupport    : Class org.springframework.boot.logging.DeferredLogs was not instrumented by EvoSuite. This could happen if you are running JUnit tests in a way that is not handled by EvoSuite, in which some classes are loaded be reflection before the tests are run. Consult the EvoSuite documentation for possible workarounds for this issue.
2026-04-08 05:42:14.813 ERROR 77 --- [           main] o.e.r.classhandling.ClassStateSupport    : Class org.springframework.core.metrics.DefaultApplicationStartup$DefaultStartupStep was not instrumented by EvoSuite. This could happen if you are running JUnit tests in a way that is not handled by EvoSuite, in which some classes are loaded be reflection before the tests are run. Consult the EvoSuite documentation for possible workarounds for this issue.
2026-04-08 05:42:14.813 ERROR 77 --- [           main] o.e.r.classhandling.ClassStateSupport    : Class org.springframework.aop.framework.AopProxyUtils was not instrumented by EvoSuite. This could happen if you are running JUnit tests in a way that is not handled by EvoSuite, in which some classes are loaded be reflection before the tests are run. Consult the EvoSuite documentation for possible workarounds for this issue.
2026-04-08 05:42:14.813 ERROR 77 --- [           main] o.e.r.classhandling.ClassStateSupport    : Class org.springframework.core.io.support.SpringFactoriesLoader was not instrumented by EvoSuite. This could happen if you are running JUnit tests in a way that is not handled by EvoSuite, in which some classes are loaded be reflection before the tests are run. Consult the EvoSuite documentation for possible workarounds for this issue.
2026-04-08 05:42:14.813 ERROR 77 --- [           main] o.e.r.classhandling.ClassStateSupport    : Class org.springframework.boot.context.event.ApplicationContextInitializedEvent was not instrumented by EvoSuite. This could happen if you are running JUnit tests in a way that is not handled by EvoSuite, in which some classes are loaded be reflection before the tests are run. Consult the EvoSuite documentation for possible workarounds for this issue.
2026-04-08 05:42:14.813 ERROR 77 --- [           main] o.e.r.classhandling.ClassStateSupport    : Class org.springframework.core.annotation.AnnotationConfigurationException was not instrumented by EvoSuite. This could happen if you are running JUnit tests in a way that is not handled by EvoSuite, in which some classes are loaded be reflection before the tests are run. Consult the EvoSuite documentation for possible workarounds for this issue.
2026-04-08 05:42:14.813 ERROR 77 --- [           main] o.e.r.classhandling.ClassStateSupport    : Class org.springframework.core.PrioritizedParameterNameDiscoverer was not instrumented by EvoSuite. This could happen if you are running JUnit tests in a way that is not handled by EvoSuite, in which some classes are loaded be reflection before the tests are run. Consult the EvoSuite documentation for possible workarounds for this issue.
2026-04-08 05:42:14.813 ERROR 77 --- [           main] o.e.r.classhandling.ClassStateSupport    : Class org.springframework.boot.SpringApplicationShutdownHook was not instrumented by EvoSuite. This could happen if you are running JUnit tests in a way that is not handled by EvoSuite, in which some classes are loaded be reflection before the tests are run. Consult the EvoSuite documentation for possible workarounds for this issue.
2026-04-08 05:42:14.813 ERROR 77 --- [           main] o.e.r.classhandling.ClassStateSupport    : Class org.springframework.boot.rsocket.context.RSocketPortInfoApplicationContextInitializer was not instrumented by EvoSuite. This could happen if you are running JUnit tests in a way that is not handled by EvoSuite, in which some classes are loaded be reflection before the tests are run. Consult the EvoSuite documentation for possible workarounds for this issue.
2026-04-08 05:42:14.813 ERROR 77 --- [           main] o.e.r.classhandling.ClassStateSupport    : Class org.springframework.boot.context.properties.source.ConfigurationPropertyName$ElementsParser was not instrumented by EvoSuite. This could happen if you are running JUnit tests in a way that is not handled by EvoSuite, in which some classes are loaded be reflection before the tests are run. Consult the EvoSuite documentation for possible workarounds for this issue.
2026-04-08 05:42:14.814 ERROR 77 --- [           main] o.e.r.classhandling.ClassStateSupport    : Class org.springframework.boot.context.event.ApplicationStartingEvent was not instrumented by EvoSuite. This could happen if you are running JUnit tests in a way that is not handled by EvoSuite, in which some classes are loaded be reflection before the tests are run. Consult the EvoSuite documentation for possible workarounds for this issue.
2026-04-08 05:42:14.814 ERROR 77 --- [           main] o.e.r.classhandling.ClassStateSupport    : Class org.springframework.core.env.CompositePropertySource was not instrumented by EvoSuite. This could happen if you are running JUnit tests in a way that is not handled by EvoSuite, in which some classes are loaded be reflection before the tests are run. Consult the EvoSuite documentation for possible workarounds for this issue.
2026-04-08 05:42:14.814 ERROR 77 --- [           main] o.e.r.classhandling.ClassStateSupport    : Class org.springframework.boot.devtools.restart.RestartApplicationListener was not instrumented by EvoSuite. This could happen if you are running JUnit tests in a way that is not handled by EvoSuite, in which some classes are loaded be reflection before the tests are run. Consult the EvoSuite documentation for possible workarounds for this issue.
2026-04-08 05:42:14.814 ERROR 77 --- [           main] o.e.r.classhandling.ClassStateSupport    : Class org.springframework.util.CollectionUtils was not instrumented by EvoSuite. This could happen if you are running JUnit tests in a way that is not handled by EvoSuite, in which some classes are loaded be reflection before the tests are run. Consult the EvoSuite documentation for possible workarounds for this issue.
2026-04-08 05:42:14.814 ERROR 77 --- [           main] o.e.r.classhandling.ClassStateSupport    : Class org.springframework.core.annotation.TypeMappedAnnotation was not instrumented by EvoSuite. This could happen if you are running JUnit tests in a way that is not handled by EvoSuite, in which some classes are loaded be reflection before the tests are run. Consult the EvoSuite documentation for possible workarounds for this issue.
2026-04-08 05:42:14.814 ERROR 77 --- [           main] o.e.r.classhandling.ClassStateSupport    : Class com.API.OnDriver.CustomerSubsystem.Passenger was not instrumented by EvoSuite. This could happen if you are running JUnit tests in a way that is not handled by EvoSuite, in which some classes are loaded be reflection before the tests are run. Consult the EvoSuite documentation for possible workarounds for this issue.
2026-04-08 05:42:14.814 ERROR 77 --- [           main] o.e.r.classhandling.ClassStateSupport    : Class org.springframework.core.annotation.IntrospectionFailureLogger$1 was not instrumented by EvoSuite. This could happen if you are running JUnit tests in a way that is not handled by EvoSuite, in which some classes are loaded be reflection before the tests are run. Consult the EvoSuite documentation for possible workarounds for this issue.
2026-04-08 05:42:14.814 ERROR 77 --- [           main] o.e.r.classhandling.ClassStateSupport    : Class org.springframework.boot.devtools.restart.SilentExitExceptionHandler$SilentExitException was not instrumented by EvoSuite. This could happen if you are running JUnit tests in a way that is not handled by EvoSuite, in which some classes are loaded be reflection before the tests are run. Consult the EvoSuite documentation for possible workarounds for this issue.
2026-04-08 05:42:14.814 ERROR 77 --- [           main] o.e.r.classhandling.ClassStateSupport    : Class org.springframework.util.ConcurrentReferenceHashMap$Task was not instrumented by EvoSuite. This could happen if you are running JUnit tests in a way that is not handled by EvoSuite, in which some classes are loaded be reflection before the tests are run. Consult the EvoSuite documentation for possible workarounds for this issue.
2026-04-08 05:42:14.814 ERROR 77 --- [           main] o.e.r.classhandling.ClassStateSupport    : Class com.API.OnDriver.CustomerSubsystem.Driver was not instrumented by EvoSuite. This could happen if you are running JUnit tests in a way that is not handled by EvoSuite, in which some classes are loaded be reflection before the tests are run. Consult the EvoSuite documentation for possible workarounds for this issue.
2026-04-08 05:42:14.814 ERROR 77 --- [           main] o.e.r.classhandling.ClassStateSupport    : Class org.springframework.core.annotation.IntrospectionFailureLogger$2 was not instrumented by EvoSuite. This could happen if you are running JUnit tests in a way that is not handled by EvoSuite, in which some classes are loaded be reflection before the tests are run. Consult the EvoSuite documentation for possible workarounds for this issue.
2026-04-08 05:42:14.814 ERROR 77 --- [           main] o.e.r.classhandling.ClassStateSupport    : Class org.springframework.core.annotation.AnnotationTypeMapping$MirrorSets$MirrorSet was not instrumented by EvoSuite. This could happen if you are running JUnit tests in a way that is not handled by EvoSuite, in which some classes are loaded be reflection before the tests are run. Consult the EvoSuite documentation for possible workarounds for this issue.
2026-04-08 05:42:14.814 ERROR 77 --- [           main] o.e.r.classhandling.ClassStateSupport    : Class org.springframework.core.env.PropertySource was not instrumented by EvoSuite. This could happen if you are running JUnit tests in a way that is not handled by EvoSuite, in which some classes are loaded be reflection before the tests are run. Consult the EvoSuite documentation for possible workarounds for this issue.
2026-04-08 05:42:14.814 ERROR 77 --- [           main] o.e.r.classhandling.ClassStateSupport    : Class org.springframework.context.event.GenericApplicationListenerAdapter was not instrumented by EvoSuite. This could happen if you are running JUnit tests in a way that is not handled by EvoSuite, in which some classes are loaded be reflection before the tests are run. Consult the EvoSuite documentation for possible workarounds for this issue.
2026-04-08 05:42:14.814 ERROR 77 --- [           main] o.e.r.classhandling.ClassStateSupport    : Class org.springframework.core.env.EnumerablePropertySource was not instrumented by EvoSuite. This could happen if you are running JUnit tests in a way that is not handled by EvoSuite, in which some classes are loaded be reflection before the tests are run. Consult the EvoSuite documentation for possible workarounds for this issue.
2026-04-08 05:42:14.814 ERROR 77 --- [           main] o.e.r.classhandling.ClassStateSupport    : Class com.API.OnDriver.CustomerSubsystem.User was not instrumented by EvoSuite. This could happen if you are running JUnit tests in a way that is not handled by EvoSuite, in which some classes are loaded be reflection before the tests are run. Consult the EvoSuite documentation for possible workarounds for this issue.
2026-04-08 05:42:14.814 ERROR 77 --- [           main] o.e.r.classhandling.ClassStateSupport    : Class org.springframework.boot.context.ConfigurationWarningsApplicationContextInitializer was not instrumented by EvoSuite. This could happen if you are running JUnit tests in a way that is not handled by EvoSuite, in which some classes are loaded be reflection before the tests are run. Consult the EvoSuite documentation for possible workarounds for this issue.
2026-04-08 05:42:14.814 ERROR 77 --- [           main] o.e.r.classhandling.ClassStateSupport    : Class org.springframework.util.ConcurrentReferenceHashMap$ReferenceManager was not instrumented by EvoSuite. This could happen if you are running JUnit tests in a way that is not handled by EvoSuite, in which some classes are loaded be reflection before the tests are run. Consult the EvoSuite documentation for possible workarounds for this issue.
2026-04-08 05:42:14.814 ERROR 77 --- [           main] o.e.r.classhandling.ClassStateSupport    : Class org.springframework.context.event.ContextClosedEvent was not instrumented by EvoSuite. This could happen if you are running JUnit tests in a way that is not handled by EvoSuite, in which some classes are loaded be reflection before the tests are run. Consult the EvoSuite documentation for possible workarounds for this issue.
2026-04-08 05:42:14.814 ERROR 77 --- [           main] o.e.r.classhandling.ClassStateSupport    : Class org.springframework.core.annotation.AnnotationTypeMappings was not instrumented by EvoSuite. This could happen if you are running JUnit tests in a way that is not handled by EvoSuite, in which some classes are loaded be reflection before the tests are run. Consult the EvoSuite documentation for possible workarounds for this issue.
2026-04-08 05:42:14.814 ERROR 77 --- [           main] o.e.r.classhandling.ClassStateSupport    : Class org.springframework.util.ConcurrentReferenceHashMap$ReferenceType was not instrumented by EvoSuite. This could happen if you are running JUnit tests in a way that is not handled by EvoSuite, in which some classes are loaded be reflection before the tests are run. Consult the EvoSuite documentation for possible workarounds for this issue.
2026-04-08 05:42:14.815 ERROR 77 --- [           main] o.e.r.classhandling.ClassStateSupport    : Class org.springframework.core.KotlinDetector was not instrumented by EvoSuite. This could happen if you are running JUnit tests in a way that is not handled by EvoSuite, in which some classes are loaded be reflection before the tests are run. Consult the EvoSuite documentation for possible workarounds for this issue.
2026-04-08 05:42:14.815 ERROR 77 --- [           main] o.e.r.classhandling.ClassStateSupport    : Class org.springframework.boot.context.event.ApplicationEnvironmentPreparedEvent was not instrumented by EvoSuite. This could happen if you are running JUnit tests in a way that is not handled by EvoSuite, in which some classes are loaded be reflection before the tests are run. Consult the EvoSuite documentation for possible workarounds for this issue.
2026-04-08 05:42:14.815 ERROR 77 --- [           main] o.e.r.classhandling.ClassStateSupport    : Class org.springframework.core.NativeDetector was not instrumented by EvoSuite. This could happen if you are running JUnit tests in a way that is not handled by EvoSuite, in which some classes are loaded be reflection before the tests are run. Consult the EvoSuite documentation for possible workarounds for this issue.
2026-04-08 05:42:14.815 ERROR 77 --- [           main] o.e.r.classhandling.ClassStateSupport    : Class org.springframework.boot.context.properties.source.ConfigurationPropertyName$Elements was not instrumented by EvoSuite. This could happen if you are running JUnit tests in a way that is not handled by EvoSuite, in which some classes are loaded be reflection before the tests are run. Consult the EvoSuite documentation for possible workarounds for this issue.
2026-04-08 05:42:14.815 ERROR 77 --- [           main] o.e.r.classhandling.ClassStateSupport    : Class org.springframework.boot.BootstrapContextClosedEvent was not instrumented by EvoSuite. This could happen if you are running JUnit tests in a way that is not handled by EvoSuite, in which some classes are loaded be reflection before the tests are run. Consult the EvoSuite documentation for possible workarounds for this issue.
2026-04-08 05:42:14.815 ERROR 77 --- [           main] o.e.r.classhandling.ClassStateSupport    : Class org.springframework.boot.context.FileEncodingApplicationListener was not instrumented by EvoSuite. This could happen if you are running JUnit tests in a way that is not handled by EvoSuite, in which some classes are loaded be reflection before the tests are run. Consult the EvoSuite documentation for possible workarounds for this issue.
2026-04-08 05:42:14.815 ERROR 77 --- [           main] o.e.r.classhandling.ClassStateSupport    : Class com.API.OnDriver.CustomerSubsystem.Admin was not instrumented by EvoSuite. This could happen if you are running JUnit tests in a way that is not handled by EvoSuite, in which some classes are loaded be reflection before the tests are run. Consult the EvoSuite documentation for possible workarounds for this issue.
2026-04-08 05:42:14.815 ERROR 77 --- [           main] o.e.r.classhandling.ClassStateSupport    : Class org.springframework.core.ResolvableType$EmptyType was not instrumented by EvoSuite. This could happen if you are running JUnit tests in a way that is not handled by EvoSuite, in which some classes are loaded be reflection before the tests are run. Consult the EvoSuite documentation for possible workarounds for this issue.
2026-04-08 05:42:14.815 ERROR 77 --- [           main] o.e.r.classhandling.ClassStateSupport    : Class org.springframework.util.ConcurrentReferenceHashMap$1 was not instrumented by EvoSuite. This could happen if you are running JUnit tests in a way that is not handled by EvoSuite, in which some classes are loaded be reflection before the tests are run. Consult the EvoSuite documentation for possible workarounds for this issue.
2026-04-08 05:42:14.815 ERROR 77 --- [           main] o.e.r.classhandling.ClassStateSupport    : Class org.springframework.util.ConcurrentReferenceHashMap$2 was not instrumented by EvoSuite. This could happen if you are running JUnit tests in a way that is not handled by EvoSuite, in which some classes are loaded be reflection before the tests are run. Consult the EvoSuite documentation for possible workarounds for this issue.
2026-04-08 05:42:14.815 ERROR 77 --- [           main] o.e.r.classhandling.ClassStateSupport    : Class org.springframework.util.ConcurrentReferenceHashMap$3 was not instrumented by EvoSuite. This could happen if you are running JUnit tests in a way that is not handled by EvoSuite, in which some classes are loaded be reflection before the tests are run. Consult the EvoSuite documentation for possible workarounds for this issue.
2026-04-08 05:42:14.815 ERROR 77 --- [           main] o.e.r.classhandling.ClassStateSupport    : Class org.springframework.util.ConcurrentReferenceHashMap$4 was not instrumented by EvoSuite. This could happen if you are running JUnit tests in a way that is not handled by EvoSuite, in which some classes are loaded be reflection before the tests are run. Consult the EvoSuite documentation for possible workarounds for this issue.
2026-04-08 05:42:14.815 ERROR 77 --- [           main] o.e.r.classhandling.ClassStateSupport    : Class org.springframework.boot.ExitCodeEvent was not instrumented by EvoSuite. This could happen if you are running JUnit tests in a way that is not handled by EvoSuite, in which some classes are loaded be reflection before the tests are run. Consult the EvoSuite documentation for possible workarounds for this issue.
2026-04-08 05:42:14.815 ERROR 77 --- [           main] o.e.r.classhandling.ClassStateSupport    : Class org.springframework.util.ObjectUtils was not instrumented by EvoSuite. This could happen if you are running JUnit tests in a way that is not handled by EvoSuite, in which some classes are loaded be reflection before the tests are run. Consult the EvoSuite documentation for possible workarounds for this issue.
2026-04-08 05:42:14.815 ERROR 77 --- [           main] o.e.r.classhandling.ClassStateSupport    : Class org.springframework.core.StandardReflectionParameterNameDiscoverer was not instrumented by EvoSuite. This could happen if you are running JUnit tests in a way that is not handled by EvoSuite, in which some classes are loaded be reflection before the tests are run. Consult the EvoSuite documentation for possible workarounds for this issue.
2026-04-08 05:42:14.815 ERROR 77 --- [           main] o.e.r.classhandling.ClassStateSupport    : Class org.springframework.boot.logging.LogLevel was not instrumented by EvoSuite. This could happen if you are running JUnit tests in a way that is not handled by EvoSuite, in which some classes are loaded be reflection before the tests are run. Consult the EvoSuite documentation for possible workarounds for this issue.
2026-04-08 05:42:14.815 ERROR 77 --- [           main] o.e.r.classhandling.ClassStateSupport    : Class org.springframework.core.OrderComparator was not instrumented by EvoSuite. This could happen if you are running JUnit tests in a way that is not handled by EvoSuite, in which some classes are loaded be reflection before the tests are run. Consult the EvoSuite documentation for possible workarounds for this issue.
2026-04-08 05:42:14.815 ERROR 77 --- [           main] o.e.r.classhandling.ClassStateSupport    : Class org.springframework.util.ResourceUtils was not instrumented by EvoSuite. This could happen if you are running JUnit tests in a way that is not handled by EvoSuite, in which some classes are loaded be reflection before the tests are run. Consult the EvoSuite documentation for possible workarounds for this issue.
2026-04-08 05:42:14.815 ERROR 77 --- [           main] o.e.r.classhandling.ClassStateSupport    : Class org.springframework.boot.DefaultBootstrapContext was not instrumented by EvoSuite. This could happen if you are running JUnit tests in a way that is not handled by EvoSuite, in which some classes are loaded be reflection before the tests are run. Consult the EvoSuite documentation for possible workarounds for this issue.
2026-04-08 05:42:14.815 ERROR 77 --- [           main] o.e.r.classhandling.ClassStateSupport    : Class org.springframework.core.DefaultParameterNameDiscoverer was not instrumented by EvoSuite. This could happen if you are running JUnit tests in a way that is not handled by EvoSuite, in which some classes are loaded be reflection before the tests are run. Consult the EvoSuite documentation for possible workarounds for this issue.
2026-04-08 05:42:14.816 ERROR 77 --- [           main] o.e.r.classhandling.ClassStateSupport    : Class org.springframework.util.ConcurrentReferenceHashMap$5 was not instrumented by EvoSuite. This could happen if you are running JUnit tests in a way that is not handled by EvoSuite, in which some classes are loaded be reflection before the tests are run. Consult the EvoSuite documentation for possible workarounds for this issue.
2026-04-08 05:42:14.816 ERROR 77 --- [           main] o.e.r.classhandling.ClassStateSupport    : Class org.springframework.util.LinkedMultiValueMap was not instrumented by EvoSuite. This could happen if you are running JUnit tests in a way that is not handled by EvoSuite, in which some classes are loaded be reflection before the tests are run. Consult the EvoSuite documentation for possible workarounds for this issue.
2026-04-08 05:42:14.816 ERROR 77 --- [           main] o.e.r.classhandling.ClassStateSupport    : Class org.springframework.boot.devtools.restart.AgentReloader was not instrumented by EvoSuite. This could happen if you are running JUnit tests in a way that is not handled by EvoSuite, in which some classes are loaded be reflection before the tests are run. Consult the EvoSuite documentation for possible workarounds for this issue.
2026-04-08 05:42:14.816 ERROR 77 --- [           main] o.e.r.classhandling.ClassStateSupport    : Class org.springframework.core.annotation.AnnotationTypeMappings$Cache was not instrumented by EvoSuite. This could happen if you are running JUnit tests in a way that is not handled by EvoSuite, in which some classes are loaded be reflection before the tests are run. Consult the EvoSuite documentation for possible workarounds for this issue.
2026-04-08 05:42:14.816 ERROR 77 --- [           main] o.e.r.classhandling.ClassStateSupport    : Class org.springframework.core.annotation.AnnotationTypeMapping$MirrorSets was not instrumented by EvoSuite. This could happen if you are running JUnit tests in a way that is not handled by EvoSuite, in which some classes are loaded be reflection before the tests are run. Consult the EvoSuite documentation for possible workarounds for this issue.
2026-04-08 05:42:14.816 ERROR 77 --- [           main] o.e.r.classhandling.ClassStateSupport    : Class org.springframework.boot.logging.LoggingSystem$NoOpLoggingSystem was not instrumented by EvoSuite. This could happen if you are running JUnit tests in a way that is not handled by EvoSuite, in which some classes are loaded be reflection before the tests are run. Consult the EvoSuite documentation for possible workarounds for this issue.
2026-04-08 05:42:14.816 ERROR 77 --- [           main] o.e.r.classhandling.ClassStateSupport    : Class org.springframework.boot.context.config.DelegatingApplicationListener was not instrumented by EvoSuite. This could happen if you are running JUnit tests in a way that is not handled by EvoSuite, in which some classes are loaded be reflection before the tests are run. Consult the EvoSuite documentation for possible workarounds for this issue.
2026-04-08 05:42:14.816 ERROR 77 --- [           main] o.e.r.classhandling.ClassStateSupport    : Class com.API.OnDriver.DataSubsystem.ListManager was not instrumented by EvoSuite. This could happen if you are running JUnit tests in a way that is not handled by EvoSuite, in which some classes are loaded be reflection before the tests are run. Consult the EvoSuite documentation for possible workarounds for this issue.
2026-04-08 05:42:14.816 ERROR 77 --- [           main] o.e.r.classhandling.ClassStateSupport    : Class org.springframework.util.ConcurrentReferenceHashMap$Segment was not instrumented by EvoSuite. This could happen if you are running JUnit tests in a way that is not handled by EvoSuite, in which some classes are loaded be reflection before the tests are run. Consult the EvoSuite documentation for possible workarounds for this issue.
2026-04-08 05:42:14.816 ERROR 77 --- [           main] o.e.r.classhandling.ClassStateSupport    : Class org.springframework.boot.Banner$Mode was not instrumented by EvoSuite. This could happen if you are running JUnit tests in a way that is not handled by EvoSuite, in which some classes are loaded be reflection before the tests are run. Consult the EvoSuite documentation for possible workarounds for this issue.
2026-04-08 05:42:14.816 ERROR 77 --- [           main] o.e.r.classhandling.ClassStateSupport    : Class org.springframework.boot.context.config.AnsiOutputApplicationListener was not instrumented by EvoSuite. This could happen if you are running JUnit tests in a way that is not handled by EvoSuite, in which some classes are loaded be reflection before the tests are run. Consult the EvoSuite documentation for possible workarounds for this issue.
2026-04-08 05:42:14.816 ERROR 77 --- [           main] o.e.r.classhandling.ClassStateSupport    : Class org.springframework.core.ResolvableType$SyntheticParameterizedType was not instrumented by EvoSuite. This could happen if you are running JUnit tests in a way that is not handled by EvoSuite, in which some classes are loaded be reflection before the tests are run. Consult the EvoSuite documentation for possible workarounds for this issue.
2026-04-08 05:42:14.816 ERROR 77 --- [           main] o.e.r.classhandling.ClassStateSupport    : Class org.springframework.boot.logging.DeferredLog was not instrumented by EvoSuite. This could happen if you are running JUnit tests in a way that is not handled by EvoSuite, in which some classes are loaded be reflection before the tests are run. Consult the EvoSuite documentation for possible workarounds for this issue.
2026-04-08 05:42:14.816 ERROR 77 --- [           main] o.e.r.classhandling.ClassStateSupport    : Class org.springframework.core.annotation.MergedAnnotationSelectors$Nearest was not instrumented by EvoSuite. This could happen if you are running JUnit tests in a way that is not handled by EvoSuite, in which some classes are loaded be reflection before the tests are run. Consult the EvoSuite documentation for possible workarounds for this issue.
2026-04-08 05:42:14.816 ERROR 77 --- [           main] o.e.r.classhandling.ClassStateSupport    : Class org.springframework.boot.context.event.EventPublishingRunListener was not instrumented by EvoSuite. This could happen if you are running JUnit tests in a way that is not handled by EvoSuite, in which some classes are loaded be reflection before the tests are run. Consult the EvoSuite documentation for possible workarounds for this issue.
2026-04-08 05:42:14.816 ERROR 77 --- [           main] o.e.r.classhandling.ClassStateSupport    : Class org.springframework.core.ResolvableType was not instrumented by EvoSuite. This could happen if you are running JUnit tests in a way that is not handled by EvoSuite, in which some classes are loaded be reflection before the tests are run. Consult the EvoSuite documentation for possible workarounds for this issue.
2026-04-08 05:42:14.816 ERROR 77 --- [           main] o.e.r.classhandling.ClassStateSupport    : Class org.springframework.core.annotation.RepeatableContainers$ExplicitRepeatableContainer was not instrumented by EvoSuite. This could happen if you are running JUnit tests in a way that is not handled by EvoSuite, in which some classes are loaded be reflection before the tests are run. Consult the EvoSuite documentation for possible workarounds for this issue.
2026-04-08 05:42:14.816 ERROR 77 --- [           main] o.e.r.classhandling.ClassStateSupport    : Class com.API.OnDriver.RideSubsystem.Ride was not instrumented by EvoSuite. This could happen if you are running JUnit tests in a way that is not handled by EvoSuite, in which some classes are loaded be reflection before the tests are run. Consult the EvoSuite documentation for possible workarounds for this issue.
2026-04-08 05:42:14.816 ERROR 77 --- [           main] o.e.r.classhandling.ClassStateSupport    : Class org.springframework.core.annotation.AnnotationsScanner$1 was not instrumented by EvoSuite. This could happen if you are running JUnit tests in a way that is not handled by EvoSuite, in which some classes are loaded be reflection before the tests are run. Consult the EvoSuite documentation for possible workarounds for this issue.
2026-04-08 05:42:14.816 ERROR 77 --- [           main] o.e.r.classhandling.ClassStateSupport    : Class org.springframework.boot.context.event.ApplicationFailedEvent was not instrumented by EvoSuite. This could happen if you are running JUnit tests in a way that is not handled by EvoSuite, in which some classes are loaded be reflection before the tests are run. Consult the EvoSuite documentation for possible workarounds for this issue.
2026-04-08 05:42:14.816 ERROR 77 --- [           main] o.e.r.classhandling.ClassStateSupport    : Class org.springframework.core.env.MapPropertySource was not instrumented by EvoSuite. This could happen if you are running JUnit tests in a way that is not handled by EvoSuite, in which some classes are loaded be reflection before the tests are run. Consult the EvoSuite documentation for possible workarounds for this issue.
2026-04-08 05:42:14.817 ERROR 77 --- [           main] o.e.r.classhandling.ClassStateSupport    : Class org.springframework.util.ConcurrentReferenceHashMap$Restructure was not instrumented by EvoSuite. This could happen if you are running JUnit tests in a way that is not handled by EvoSuite, in which some classes are loaded be reflection before the tests are run. Consult the EvoSuite documentation for possible workarounds for this issue.
2026-04-08 05:42:14.817 ERROR 77 --- [           main] o.e.r.classhandling.ClassStateSupport    : Class org.springframework.core.annotation.OrderUtils was not instrumented by EvoSuite. This could happen if you are running JUnit tests in a way that is not handled by EvoSuite, in which some classes are loaded be reflection before the tests are run. Consult the EvoSuite documentation for possible workarounds for this issue.
2026-04-08 05:42:14.817 ERROR 77 --- [           main] o.e.r.classhandling.ClassStateSupport    : Class org.springframework.boot.context.logging.LoggingApplicationListener was not instrumented by EvoSuite. This could happen if you are running JUnit tests in a way that is not handled by EvoSuite, in which some classes are loaded be reflection before the tests are run. Consult the EvoSuite documentation for possible workarounds for this issue.
2026-04-08 05:42:14.817 ERROR 77 --- [           main] o.e.r.classhandling.ClassStateSupport    : Class org.springframework.core.ResolvableType$WildcardBounds was not instrumented by EvoSuite. This could happen if you are running JUnit tests in a way that is not handled by EvoSuite, in which some classes are loaded be reflection before the tests are run. Consult the EvoSuite documentation for possible workarounds for this issue.
2026-04-08 05:42:14.817 ERROR 77 --- [           main] o.e.r.classhandling.ClassStateSupport    : Class com.API.OnDriver.CustomerSubsystem.UserStatus was not instrumented by EvoSuite. This could happen if you are running JUnit tests in a way that is not handled by EvoSuite, in which some classes are loaded be reflection before the tests are run. Consult the EvoSuite documentation for possible workarounds for this issue.
2026-04-08 05:42:14.817 ERROR 77 --- [           main] o.e.r.classhandling.ClassStateSupport    : Class org.springframework.boot.logging.LoggingSystem was not instrumented by EvoSuite. This could happen if you are running JUnit tests in a way that is not handled by EvoSuite, in which some classes are loaded be reflection before the tests are run. Consult the EvoSuite documentation for possible workarounds for this issue.
2026-04-08 05:42:14.817 ERROR 77 --- [           main] o.e.r.classhandling.ClassStateSupport    : Class org.springframework.core.annotation.TypeMappedAnnotations was not instrumented by EvoSuite. This could happen if you are running JUnit tests in a way that is not handled by EvoSuite, in which some classes are loaded be reflection before the tests are run. Consult the EvoSuite documentation for possible workarounds for this issue.
2026-04-08 05:42:14.817 ERROR 77 --- [           main] o.e.r.classhandling.ClassStateSupport    : Class org.springframework.context.event.AbstractApplicationEventMulticaster was not instrumented by EvoSuite. This could happen if you are running JUnit tests in a way that is not handled by EvoSuite, in which some classes are loaded be reflection before the tests are run. Consult the EvoSuite documentation for possible workarounds for this issue.
2026-04-08 05:42:14.817 ERROR 77 --- [           main] o.e.r.classhandling.ClassStateSupport    : Class org.springframework.boot.devtools.restart.DefaultRestartInitializer was not instrumented by EvoSuite. This could happen if you are running JUnit tests in a way that is not handled by EvoSuite, in which some classes are loaded be reflection before the tests are run. Consult the EvoSuite documentation for possible workarounds for this issue.
2026-04-08 05:42:14.817 ERROR 77 --- [           main] o.e.r.classhandling.ClassStateSupport    : Class org.springframework.core.io.AbstractFileResolvingResource was not instrumented by EvoSuite. This could happen if you are running JUnit tests in a way that is not handled by EvoSuite, in which some classes are loaded be reflection before the tests are run. Consult the EvoSuite documentation for possible workarounds for this issue.
2026-04-08 05:42:14.817 ERROR 77 --- [           main] o.e.r.classhandling.ClassStateSupport    : Class org.springframework.core.io.DefaultResourceLoader was not instrumented by EvoSuite. This could happen if you are running JUnit tests in a way that is not handled by EvoSuite, in which some classes are loaded be reflection before the tests are run. Consult the EvoSuite documentation for possible workarounds for this issue.
2026-04-08 05:42:14.817 ERROR 77 --- [           main] o.e.r.classhandling.ClassStateSupport    : Class org.springframework.core.annotation.TypeMappedAnnotations$MergedAnnotationFinder was not instrumented by EvoSuite. This could happen if you are running JUnit tests in a way that is not handled by EvoSuite, in which some classes are loaded be reflection before the tests are run. Consult the EvoSuite documentation for possible workarounds for this issue.
2026-04-08 05:42:14.817 ERROR 77 --- [           main] o.e.r.classhandling.ClassStateSupport    : Class org.springframework.boot.builder.ParentContextApplicationContextInitializer$ParentContextAvailableEvent was not instrumented by EvoSuite. This could happen if you are running JUnit tests in a way that is not handled by EvoSuite, in which some classes are loaded be reflection before the tests are run. Consult the EvoSuite documentation for possible workarounds for this issue.
2026-04-08 05:42:14.817 ERROR 77 --- [           main] o.e.r.classhandling.ClassStateSupport    : Class org.springframework.core.metrics.DefaultApplicationStartup$DefaultStartupStep$DefaultTags was not instrumented by EvoSuite. This could happen if you are running JUnit tests in a way that is not handled by EvoSuite, in which some classes are loaded be reflection before the tests are run. Consult the EvoSuite documentation for possible workarounds for this issue.
2026-04-08 05:42:14.817 ERROR 77 --- [           main] o.e.r.classhandling.ClassStateSupport    : Class org.springframework.core.annotation.IntrospectionFailureLogger was not instrumented by EvoSuite. This could happen if you are running JUnit tests in a way that is not handled by EvoSuite, in which some classes are loaded be reflection before the tests are run. Consult the EvoSuite documentation for possible workarounds for this issue.
2026-04-08 05:42:14.817 ERROR 77 --- [           main] o.e.r.classhandling.ClassStateSupport    : Class org.springframework.core.metrics.DefaultApplicationStartup was not instrumented by EvoSuite. This could happen if you are running JUnit tests in a way that is not handled by EvoSuite, in which some classes are loaded be reflection before the tests are run. Consult the EvoSuite documentation for possible workarounds for this issue.
2026-04-08 05:42:14.817 ERROR 77 --- [           main] o.e.r.classhandling.ClassStateSupport    : Class org.springframework.core.NestedIOException was not instrumented by EvoSuite. This could happen if you are running JUnit tests in a way that is not handled by EvoSuite, in which some classes are loaded be reflection before the tests are run. Consult the EvoSuite documentation for possible workarounds for this issue.
2026-04-08 05:42:14.817 ERROR 77 --- [           main] o.e.r.classhandling.ClassStateSupport    : Class org.springframework.core.annotation.AbstractMergedAnnotation was not instrumented by EvoSuite. This could happen if you are running JUnit tests in a way that is not handled by EvoSuite, in which some classes are loaded be reflection before the tests are run. Consult the EvoSuite documentation for possible workarounds for this issue.
2026-04-08 05:42:14.817 ERROR 77 --- [           main] o.e.r.classhandling.ClassStateSupport    : Class org.springframework.core.io.AbstractResource was not instrumented by EvoSuite. This could happen if you are running JUnit tests in a way that is not handled by EvoSuite, in which some classes are loaded be reflection before the tests are run. Consult the EvoSuite documentation for possible workarounds for this issue.
2026-04-08 05:42:14.817 ERROR 77 --- [           main] o.e.r.classhandling.ClassStateSupport    : Class org.springframework.boot.context.event.SpringApplicationEvent was not instrumented by EvoSuite. This could happen if you are running JUnit tests in a way that is not handled by EvoSuite, in which some classes are loaded be reflection before the tests are run. Consult the EvoSuite documentation for possible workarounds for this issue.
2026-04-08 05:42:14.817 ERROR 77 --- [           main] o.e.r.classhandling.ClassStateSupport    : Class org.springframework.beans.factory.NoSuchBeanDefinitionException was not instrumented by EvoSuite. This could happen if you are running JUnit tests in a way that is not handled by EvoSuite, in which some classes are loaded be reflection before the tests are run. Consult the EvoSuite documentation for possible workarounds for this issue.
2026-04-08 05:42:14.817 ERROR 77 --- [           main] o.e.r.classhandling.ClassStateSupport    : Class org.springframework.boot.logging.DeferredLog$Line was not instrumented by EvoSuite. This could happen if you are running JUnit tests in a way that is not handled by EvoSuite, in which some classes are loaded be reflection before the tests are run. Consult the EvoSuite documentation for possible workarounds for this issue.
2026-04-08 05:42:14.817 ERROR 77 --- [           main] o.e.r.classhandling.ClassStateSupport    : Class org.springframework.boot.logging.AbstractLoggingSystem was not instrumented by EvoSuite. This could happen if you are running JUnit tests in a way that is not handled by EvoSuite, in which some classes are loaded be reflection before the tests are run. Consult the EvoSuite documentation for possible workarounds for this issue.
2026-04-08 05:42:14.817 ERROR 77 --- [           main] o.e.r.classhandling.ClassStateSupport    : Class org.springframework.util.StringUtils was not instrumented by EvoSuite. This could happen if you are running JUnit tests in a way that is not handled by EvoSuite, in which some classes are loaded be reflection before the tests are run. Consult the EvoSuite documentation for possible workarounds for this issue.
2026-04-08 05:42:14.822  INFO 77 --- [me-limited test] .e.r.i.MethodCallReplacementClassAdapter : Adding mock interface to class org/springframework/boot/context/event/EventPublishingRunListener$LoggingErrorHandler
2026-04-08 05:42:14.823  INFO 77 --- [me-limited test] o.e.r.i.CreateClassResetClassAdapter     : Found static initializer in class org/springframework/boot/context/event/EventPublishingRunListener$LoggingErrorHandler
2026-04-08 05:42:14.826  INFO 77 --- [me-limited test] .e.r.i.MethodCallReplacementClassAdapter : Adding mock interface to class org/springframework/boot/diagnostics/FailureAnalyzers
2026-04-08 05:42:14.831  INFO 77 --- [me-limited test] o.e.r.i.CreateClassResetClassAdapter     : Found static initializer in class org/springframework/boot/diagnostics/FailureAnalyzers
2026-04-08 05:42:14.834  INFO 77 --- [me-limited test] .e.r.i.MethodCallReplacementClassAdapter : Adding mock interface to class org/springframework/boot/context/config/ConfigDataNotFoundFailureAnalyzer
2026-04-08 05:42:14.835  INFO 77 --- [me-limited test] o.e.r.i.CreateClassResetClassAdapter     : Creating brand-new static initializer in class org/springframework/boot/context/config/ConfigDataNotFoundFailureAnalyzer
2026-04-08 05:42:14.836  INFO 77 --- [me-limited test] .e.r.i.MethodCallReplacementClassAdapter : Adding mock interface to class org/springframework/boot/diagnostics/AbstractFailureAnalyzer
2026-04-08 05:42:14.837  INFO 77 --- [me-limited test] o.e.r.i.CreateClassResetClassAdapter     : Creating brand-new static initializer in class org/springframework/boot/diagnostics/AbstractFailureAnalyzer
2026-04-08 05:42:14.838  INFO 77 --- [me-limited test] .e.r.i.MethodCallReplacementClassAdapter : Adding mock interface to class org/springframework/boot/context/properties/IncompatibleConfigurationFailureAnalyzer
2026-04-08 05:42:14.839  INFO 77 --- [me-limited test] o.e.r.i.CreateClassResetClassAdapter     : Creating brand-new static initializer in class org/springframework/boot/context/properties/IncompatibleConfigurationFailureAnalyzer
2026-04-08 05:42:14.840  INFO 77 --- [me-limited test] .e.r.i.MethodCallReplacementClassAdapter : Adding mock interface to class org/springframework/boot/context/properties/NotConstructorBoundInjectionFailureAnalyzer
2026-04-08 05:42:14.846  INFO 77 --- [me-limited test] o.e.r.i.CreateClassResetClassAdapter     : Creating brand-new static initializer in class org/springframework/boot/context/properties/NotConstructorBoundInjectionFailureAnalyzer
2026-04-08 05:42:14.847  INFO 77 --- [me-limited test] .e.r.i.MethodCallReplacementClassAdapter : Adding mock interface to class org/springframework/boot/diagnostics/analyzer/AbstractInjectionFailureAnalyzer
2026-04-08 05:42:14.849  INFO 77 --- [me-limited test] o.e.r.i.CreateClassResetClassAdapter     : Creating brand-new static initializer in class org/springframework/boot/diagnostics/analyzer/AbstractInjectionFailureAnalyzer
2026-04-08 05:42:14.850  INFO 77 --- [me-limited test] .e.r.i.MethodCallReplacementClassAdapter : Adding mock interface to class org/springframework/boot/diagnostics/analyzer/BeanCurrentlyInCreationFailureAnalyzer
2026-04-08 05:42:14.852  INFO 77 --- [me-limited test] o.e.r.i.CreateClassResetClassAdapter     : Creating brand-new static initializer in class org/springframework/boot/diagnostics/analyzer/BeanCurrentlyInCreationFailureAnalyzer
2026-04-08 05:42:14.854  INFO 77 --- [me-limited test] .e.r.i.MethodCallReplacementClassAdapter : Adding mock interface to class org/springframework/boot/diagnostics/analyzer/BeanDefinitionOverrideFailureAnalyzer
2026-04-08 05:42:14.856  INFO 77 --- [me-limited test] o.e.r.i.CreateClassResetClassAdapter     : Creating brand-new static initializer in class org/springframework/boot/diagnostics/analyzer/BeanDefinitionOverrideFailureAnalyzer
2026-04-08 05:42:14.856  INFO 77 --- [me-limited test] o.e.r.i.CreateClassResetClassAdapter     : Adding bytecode for initializing field ACTION
2026-04-08 05:42:14.857  INFO 77 --- [me-limited test] .e.r.i.MethodCallReplacementClassAdapter : Adding mock interface to class org/springframework/boot/diagnostics/analyzer/BeanNotOfRequiredTypeFailureAnalyzer
2026-04-08 05:42:14.858  INFO 77 --- [me-limited test] o.e.r.i.CreateClassResetClassAdapter     : Creating brand-new static initializer in class org/springframework/boot/diagnostics/analyzer/BeanNotOfRequiredTypeFailureAnalyzer
2026-04-08 05:42:14.858  INFO 77 --- [me-limited test] o.e.r.i.CreateClassResetClassAdapter     : Adding bytecode for initializing field ACTION
2026-04-08 05:42:14.860  INFO 77 --- [me-limited test] .e.r.i.MethodCallReplacementClassAdapter : Adding mock interface to class org/springframework/boot/diagnostics/analyzer/BindFailureAnalyzer
2026-04-08 05:42:14.861  INFO 77 --- [me-limited test] o.e.r.i.CreateClassResetClassAdapter     : Creating brand-new static initializer in class org/springframework/boot/diagnostics/analyzer/BindFailureAnalyzer
2026-04-08 05:42:14.863  INFO 77 --- [me-limited test] .e.r.i.MethodCallReplacementClassAdapter : Adding mock interface to class org/springframework/boot/diagnostics/analyzer/BindValidationFailureAnalyzer
2026-04-08 05:42:14.864  INFO 77 --- [me-limited test] o.e.r.i.CreateClassResetClassAdapter     : Creating brand-new static initializer in class org/springframework/boot/diagnostics/analyzer/BindValidationFailureAnalyzer
2026-04-08 05:42:14.865  INFO 77 --- [me-limited test] .e.r.i.MethodCallReplacementClassAdapter : Adding mock interface to class org/springframework/boot/context/properties/bind/validation/BindValidationException
2026-04-08 05:42:14.866  INFO 77 --- [me-limited test] o.e.r.i.CreateClassResetClassAdapter     : Creating brand-new static initializer in class org/springframework/boot/context/properties/bind/validation/BindValidationException
2026-04-08 05:42:14.867  INFO 77 --- [me-limited test] .e.r.i.MethodCallReplacementClassAdapter : Adding mock interface to class org/springframework/boot/diagnostics/analyzer/UnboundConfigurationPropertyFailureAnalyzer
2026-04-08 05:42:14.868  INFO 77 --- [me-limited test] o.e.r.i.CreateClassResetClassAdapter     : Creating brand-new static initializer in class org/springframework/boot/diagnostics/analyzer/UnboundConfigurationPropertyFailureAnalyzer
2026-04-08 05:42:14.869  INFO 77 --- [me-limited test] .e.r.i.MethodCallReplacementClassAdapter : Adding mock interface to class org/springframework/boot/diagnostics/analyzer/ConnectorStartFailureAnalyzer
2026-04-08 05:42:14.869  INFO 77 --- [me-limited test] o.e.r.i.CreateClassResetClassAdapter     : Creating brand-new static initializer in class org/springframework/boot/diagnostics/analyzer/ConnectorStartFailureAnalyzer
2026-04-08 05:42:14.870  INFO 77 --- [me-limited test] .e.r.i.MethodCallReplacementClassAdapter : Adding mock interface to class org/springframework/boot/diagnostics/analyzer/MutuallyExclusiveConfigurationPropertiesFailureAnalyzer
2026-04-08 05:42:14.872  INFO 77 --- [me-limited test] o.e.r.i.CreateClassResetClassAdapter     : Creating brand-new static initializer in class org/springframework/boot/diagnostics/analyzer/MutuallyExclusiveConfigurationPropertiesFailureAnalyzer
2026-04-08 05:42:14.874  INFO 77 --- [me-limited test] .e.r.i.MethodCallReplacementClassAdapter : Adding mock interface to class org/springframework/boot/context/properties/source/MutuallyExclusiveConfigurationPropertiesException
2026-04-08 05:42:14.876  INFO 77 --- [me-limited test] o.e.r.i.CreateClassResetClassAdapter     : Creating brand-new static initializer in class org/springframework/boot/context/properties/source/MutuallyExclusiveConfigurationPropertiesException
2026-04-08 05:42:14.877  INFO 77 --- [me-limited test] .e.r.i.MethodCallReplacementClassAdapter : Adding mock interface to class org/springframework/boot/diagnostics/analyzer/NoSuchMethodFailureAnalyzer
2026-04-08 05:42:14.880  INFO 77 --- [me-limited test] o.e.r.i.CreateClassResetClassAdapter     : Creating brand-new static initializer in class org/springframework/boot/diagnostics/analyzer/NoSuchMethodFailureAnalyzer
2026-04-08 05:42:14.882  INFO 77 --- [me-limited test] .e.r.i.MethodCallReplacementClassAdapter : Adding mock interface to class org/springframework/boot/diagnostics/analyzer/NoUniqueBeanDefinitionFailureAnalyzer
2026-04-08 05:42:14.885  INFO 77 --- [me-limited test] o.e.r.i.CreateClassResetClassAdapter     : Creating brand-new static initializer in class org/springframework/boot/diagnostics/analyzer/NoUniqueBeanDefinitionFailureAnalyzer
2026-04-08 05:42:14.886  INFO 77 --- [me-limited test] .e.r.i.MethodCallReplacementClassAdapter : Adding mock interface to class org/springframework/boot/diagnostics/analyzer/PortInUseFailureAnalyzer
2026-04-08 05:42:14.887  INFO 77 --- [me-limited test] o.e.r.i.CreateClassResetClassAdapter     : Creating brand-new static initializer in class org/springframework/boot/diagnostics/analyzer/PortInUseFailureAnalyzer
2026-04-08 05:42:14.887  INFO 77 --- [me-limited test] .e.r.i.MethodCallReplacementClassAdapter : Adding mock interface to class org/springframework/boot/web/server/PortInUseException
2026-04-08 05:42:14.889  INFO 77 --- [me-limited test] o.e.r.i.CreateClassResetClassAdapter     : Creating brand-new static initializer in class org/springframework/boot/web/server/PortInUseException
2026-04-08 05:42:14.890  INFO 77 --- [me-limited test] .e.r.i.MethodCallReplacementClassAdapter : Adding mock interface to class org/springframework/boot/diagnostics/analyzer/ValidationExceptionFailureAnalyzer
2026-04-08 05:42:14.891  INFO 77 --- [me-limited test] o.e.r.i.CreateClassResetClassAdapter     : Creating brand-new static initializer in class org/springframework/boot/diagnostics/analyzer/ValidationExceptionFailureAnalyzer
2026-04-08 05:42:14.891  INFO 77 --- [me-limited test] o.e.r.i.CreateClassResetClassAdapter     : Adding bytecode for initializing field JAVAX_MISSING_IMPLEMENTATION_MESSAGE
2026-04-08 05:42:14.891  INFO 77 --- [me-limited test] o.e.r.i.CreateClassResetClassAdapter     : Adding bytecode for initializing field JAKARTA_MISSING_IMPLEMENTATION_MESSAGE
2026-04-08 05:42:14.892  INFO 77 --- [me-limited test] .e.r.i.MethodCallReplacementClassAdapter : Adding mock interface to class org/springframework/boot/diagnostics/analyzer/InvalidConfigurationPropertyNameFailureAnalyzer
2026-04-08 05:42:14.892  INFO 77 --- [me-limited test] o.e.r.i.CreateClassResetClassAdapter     : Creating brand-new static initializer in class org/springframework/boot/diagnostics/analyzer/InvalidConfigurationPropertyNameFailureAnalyzer
2026-04-08 05:42:14.894  INFO 77 --- [me-limited test] .e.r.i.MethodCallReplacementClassAdapter : Adding mock interface to class org/springframework/boot/diagnostics/analyzer/InvalidConfigurationPropertyValueFailureAnalyzer
2026-04-08 05:42:14.895  INFO 77 --- [me-limited test] o.e.r.i.CreateClassResetClassAdapter     : Creating brand-new static initializer in class org/springframework/boot/diagnostics/analyzer/InvalidConfigurationPropertyValueFailureAnalyzer
2026-04-08 05:42:14.896  INFO 77 --- [me-limited test] .e.r.i.MethodCallReplacementClassAdapter : Adding mock interface to class org/springframework/boot/context/properties/source/InvalidConfigurationPropertyValueException
2026-04-08 05:42:14.896  INFO 77 --- [me-limited test] o.e.r.i.CreateClassResetClassAdapter     : Creating brand-new static initializer in class org/springframework/boot/context/properties/source/InvalidConfigurationPropertyValueException
2026-04-08 05:42:14.897  INFO 77 --- [me-limited test] .e.r.i.MethodCallReplacementClassAdapter : Adding mock interface to class org/springframework/boot/diagnostics/analyzer/PatternParseFailureAnalyzer
2026-04-08 05:42:14.898  INFO 77 --- [me-limited test] o.e.r.i.CreateClassResetClassAdapter     : Creating brand-new static initializer in class org/springframework/boot/diagnostics/analyzer/PatternParseFailureAnalyzer
2026-04-08 05:42:14.899  INFO 77 --- [me-limited test] .e.r.i.MethodCallReplacementClassAdapter : Adding mock interface to class org/springframework/boot/liquibase/LiquibaseChangelogMissingFailureAnalyzer
2026-04-08 05:42:14.899  INFO 77 --- [me-limited test] o.e.r.i.CreateClassResetClassAdapter     : Creating brand-new static initializer in class org/springframework/boot/liquibase/LiquibaseChangelogMissingFailureAnalyzer
2026-04-08 05:42:14.899  INFO 77 --- [me-limited test] o.e.r.i.CreateClassResetClassAdapter     : Adding bytecode for initializing field MESSAGE_SUFFIX
2026-04-08 05:42:14.901  INFO 77 --- [me-limited test] .e.r.i.MethodCallReplacementClassAdapter : Adding mock interface to class org/springframework/boot/autoconfigure/data/redis/RedisUrlSyntaxFailureAnalyzer
2026-04-08 05:42:14.902  INFO 77 --- [me-limited test] o.e.r.i.CreateClassResetClassAdapter     : Creating brand-new static initializer in class org/springframework/boot/autoconfigure/data/redis/RedisUrlSyntaxFailureAnalyzer
2026-04-08 05:42:14.903  INFO 77 --- [me-limited test] .e.r.i.MethodCallReplacementClassAdapter : Adding mock interface to class org/springframework/boot/autoconfigure/data/redis/RedisUrlSyntaxException
2026-04-08 05:42:14.904  INFO 77 --- [me-limited test] o.e.r.i.CreateClassResetClassAdapter     : Creating brand-new static initializer in class org/springframework/boot/autoconfigure/data/redis/RedisUrlSyntaxException
2026-04-08 05:42:14.905  INFO 77 --- [me-limited test] .e.r.i.MethodCallReplacementClassAdapter : Adding mock interface to class org/springframework/boot/autoconfigure/diagnostics/analyzer/NoSuchBeanDefinitionFailureAnalyzer
2026-04-08 05:42:14.910  INFO 77 --- [me-limited test] o.e.r.i.CreateClassResetClassAdapter     : Creating brand-new static initializer in class org/springframework/boot/autoconfigure/diagnostics/analyzer/NoSuchBeanDefinitionFailureAnalyzer
2026-04-08 05:42:14.912  INFO 77 --- [me-limited test] .e.r.i.MethodCallReplacementClassAdapter : Adding mock interface to class org/springframework/boot/autoconfigure/flyway/FlywayMigrationScriptMissingFailureAnalyzer
2026-04-08 05:42:14.912  INFO 77 --- [me-limited test] o.e.r.i.CreateClassResetClassAdapter     : Creating brand-new static initializer in class org/springframework/boot/autoconfigure/flyway/FlywayMigrationScriptMissingFailureAnalyzer
2026-04-08 05:42:14.913  INFO 77 --- [me-limited test] .e.r.i.MethodCallReplacementClassAdapter : Adding mock interface to class org/springframework/boot/autoconfigure/flyway/FlywayMigrationScriptMissingException
2026-04-08 05:42:14.914  INFO 77 --- [me-limited test] o.e.r.i.CreateClassResetClassAdapter     : Creating brand-new static initializer in class org/springframework/boot/autoconfigure/flyway/FlywayMigrationScriptMissingException
2026-04-08 05:42:14.915  INFO 77 --- [me-limited test] .e.r.i.MethodCallReplacementClassAdapter : Adding mock interface to class org/springframework/boot/autoconfigure/jdbc/DataSourceBeanCreationFailureAnalyzer
2026-04-08 05:42:14.915  INFO 77 --- [me-limited test] o.e.r.i.CreateClassResetClassAdapter     : Creating brand-new static initializer in class org/springframework/boot/autoconfigure/jdbc/DataSourceBeanCreationFailureAnalyzer
2026-04-08 05:42:14.916  INFO 77 --- [me-limited test] .e.r.i.MethodCallReplacementClassAdapter : Adding mock interface to class org/springframework/boot/autoconfigure/jdbc/DataSourceProperties$DataSourceBeanCreationException
2026-04-08 05:42:14.916  INFO 77 --- [me-limited test] o.e.r.i.CreateClassResetClassAdapter     : Creating brand-new static initializer in class org/springframework/boot/autoconfigure/jdbc/DataSourceProperties$DataSourceBeanCreationException
2026-04-08 05:42:14.917  INFO 77 --- [me-limited test] .e.r.i.MethodCallReplacementClassAdapter : Adding mock interface to class org/springframework/boot/autoconfigure/jdbc/HikariDriverConfigurationFailureAnalyzer
2026-04-08 05:42:14.917  INFO 77 --- [me-limited test] o.e.r.i.CreateClassResetClassAdapter     : Creating brand-new static initializer in class org/springframework/boot/autoconfigure/jdbc/HikariDriverConfigurationFailureAnalyzer
2026-04-08 05:42:14.917  INFO 77 --- [me-limited test] o.e.r.i.CreateClassResetClassAdapter     : Adding bytecode for initializing field EXPECTED_MESSAGE
2026-04-08 05:42:14.918  INFO 77 --- [me-limited test] .e.r.i.MethodCallReplacementClassAdapter : Adding mock interface to class org/springframework/boot/autoconfigure/jooq/NoDslContextBeanFailureAnalyzer
2026-04-08 05:42:14.919  INFO 77 --- [me-limited test] o.e.r.i.CreateClassResetClassAdapter     : Creating brand-new static initializer in class org/springframework/boot/autoconfigure/jooq/NoDslContextBeanFailureAnalyzer
2026-04-08 05:42:14.921  INFO 77 --- [me-limited test] .e.r.i.MethodCallReplacementClassAdapter : Adding mock interface to class org/springframework/boot/autoconfigure/r2dbc/ConnectionFactoryBeanCreationFailureAnalyzer
2026-04-08 05:42:14.921  INFO 77 --- [me-limited test] o.e.r.i.CreateClassResetClassAdapter     : Creating brand-new static initializer in class org/springframework/boot/autoconfigure/r2dbc/ConnectionFactoryBeanCreationFailureAnalyzer
2026-04-08 05:42:14.922  INFO 77 --- [me-limited test] .e.r.i.MethodCallReplacementClassAdapter : Adding mock interface to class org/springframework/boot/autoconfigure/r2dbc/ConnectionFactoryOptionsInitializer$ConnectionFactoryBeanCreationException
2026-04-08 05:42:14.923  INFO 77 --- [me-limited test] o.e.r.i.CreateClassResetClassAdapter     : Creating brand-new static initializer in class org/springframework/boot/autoconfigure/r2dbc/ConnectionFactoryOptionsInitializer$ConnectionFactoryBeanCreationException
2026-04-08 05:42:14.924  INFO 77 --- [me-limited test] .e.r.i.MethodCallReplacementClassAdapter : Adding mock interface to class org/springframework/boot/autoconfigure/r2dbc/MissingR2dbcPoolDependencyFailureAnalyzer
2026-04-08 05:42:14.924  INFO 77 --- [me-limited test] o.e.r.i.CreateClassResetClassAdapter     : Creating brand-new static initializer in class org/springframework/boot/autoconfigure/r2dbc/MissingR2dbcPoolDependencyFailureAnalyzer
2026-04-08 05:42:14.925  INFO 77 --- [me-limited test] .e.r.i.MethodCallReplacementClassAdapter : Adding mock interface to class org/springframework/boot/autoconfigure/r2dbc/MissingR2dbcPoolDependencyException
2026-04-08 05:42:14.925  INFO 77 --- [me-limited test] o.e.r.i.CreateClassResetClassAdapter     : Creating brand-new static initializer in class org/springframework/boot/autoconfigure/r2dbc/MissingR2dbcPoolDependencyException
2026-04-08 05:42:14.926  INFO 77 --- [me-limited test] .e.r.i.MethodCallReplacementClassAdapter : Adding mock interface to class org/springframework/boot/autoconfigure/r2dbc/MultipleConnectionPoolConfigurationsFailureAnalzyer
2026-04-08 05:42:14.926  INFO 77 --- [me-limited test] o.e.r.i.CreateClassResetClassAdapter     : Creating brand-new static initializer in class org/springframework/boot/autoconfigure/r2dbc/MultipleConnectionPoolConfigurationsFailureAnalzyer
2026-04-08 05:42:14.927  INFO 77 --- [me-limited test] .e.r.i.MethodCallReplacementClassAdapter : Adding mock interface to class org/springframework/boot/autoconfigure/r2dbc/MultipleConnectionPoolConfigurationsException
2026-04-08 05:42:14.927  INFO 77 --- [me-limited test] o.e.r.i.CreateClassResetClassAdapter     : Creating brand-new static initializer in class org/springframework/boot/autoconfigure/r2dbc/MultipleConnectionPoolConfigurationsException
2026-04-08 05:42:14.928  INFO 77 --- [me-limited test] .e.r.i.MethodCallReplacementClassAdapter : Adding mock interface to class org/springframework/boot/autoconfigure/r2dbc/NoConnectionFactoryBeanFailureAnalyzer
2026-04-08 05:42:14.929  INFO 77 --- [me-limited test] o.e.r.i.CreateClassResetClassAdapter     : Creating brand-new static initializer in class org/springframework/boot/autoconfigure/r2dbc/NoConnectionFactoryBeanFailureAnalyzer
2026-04-08 05:42:14.930  INFO 77 --- [me-limited test] .e.r.i.MethodCallReplacementClassAdapter : Adding mock interface to class org/springframework/boot/autoconfigure/session/NonUniqueSessionRepositoryFailureAnalyzer
2026-04-08 05:42:14.930  INFO 77 --- [me-limited test] o.e.r.i.CreateClassResetClassAdapter     : Creating brand-new static initializer in class org/springframework/boot/autoconfigure/session/NonUniqueSessionRepositoryFailureAnalyzer
2026-04-08 05:42:14.931  INFO 77 --- [me-limited test] .e.r.i.MethodCallReplacementClassAdapter : Adding mock interface to class org/springframework/boot/autoconfigure/session/NonUniqueSessionRepositoryException
2026-04-08 05:42:14.931  INFO 77 --- [me-limited test] o.e.r.i.CreateClassResetClassAdapter     : Creating brand-new static initializer in class org/springframework/boot/autoconfigure/session/NonUniqueSessionRepositoryException
2026-04-08 05:42:14.934  INFO 77 --- [me-limited test] .e.r.i.MethodCallReplacementClassAdapter : Adding mock interface to class org/springframework/boot/diagnostics/LoggingFailureAnalysisReporter
2026-04-08 05:42:14.934  INFO 77 --- [me-limited test] o.e.r.i.CreateClassResetClassAdapter     : Found static initializer in class org/springframework/boot/diagnostics/LoggingFailureAnalysisReporter
2026-04-08 05:42:14.939 ERROR 77 --- [me-limited test] o.s.boot.SpringApplication               : Application run failed

java.lang.NullPointerException: null
	at org.springframework.core.env.SimpleCommandLineArgsParser.parse(SimpleCommandLineArgsParser.java:69) ~[spring-core-5.3.14.jar:5.3.14]
	at org.springframework.core.env.SimpleCommandLinePropertySource.<init>(SimpleCommandLinePropertySource.java:96) ~[spring-core-5.3.14.jar:5.3.14]
	at org.springframework.boot.DefaultApplicationArguments$Source.<init>(DefaultApplicationArguments.java:76) ~[spring-boot-2.6.2.jar:2.6.2]
	at org.springframework.boot.DefaultApplicationArguments.<init>(DefaultApplicationArguments.java:42) ~[spring-boot-2.6.2.jar:2.6.2]
	at org.springframework.boot.SpringApplication.run(SpringApplication.java:295) ~[spring-boot-2.6.2.jar:2.6.2]
	at org.springframework.boot.SpringApplication.run(SpringApplication.java:1301) ~[spring-boot-2.6.2.jar:2.6.2]
	at org.springframework.boot.SpringApplication.run(SpringApplication.java:1290) ~[spring-boot-2.6.2.jar:2.6.2]
	at com.API.OnDriver.OnDriverApplication.main(OnDriverApplication.java:15) ~[classes/:na]
	at com.API.OnDriver.OnDriverApplication_ESTest.test0(OnDriverApplication_ESTest.java:24) ~[test-classes/:na]
	at java.base/jdk.internal.reflect.NativeMethodAccessorImpl.invoke0(Native Method) ~[na:na]
	at java.base/jdk.internal.reflect.NativeMethodAccessorImpl.invoke(NativeMethodAccessorImpl.java:62) ~[na:na]
	at java.base/jdk.internal.reflect.DelegatingMethodAccessorImpl.invoke(DelegatingMethodAccessorImpl.java:43) ~[na:na]
	at java.base/java.lang.reflect.Method.invoke(Method.java:566) ~[na:na]
	at org.junit.runners.model.FrameworkMethod$1.runReflectiveCall(FrameworkMethod.java:59) ~[junit-4.13.2.jar:4.13.2]
	at org.junit.internal.runners.model.ReflectiveCallable.run(ReflectiveCallable.java:12) ~[junit-4.13.2.jar:4.13.2]
	at org.junit.runners.model.FrameworkMethod.invokeExplosively(FrameworkMethod.java:56) ~[junit-4.13.2.jar:4.13.2]
	at org.junit.internal.runners.statements.InvokeMethod.evaluate(InvokeMethod.java:17) ~[junit-4.13.2.jar:4.13.2]
	at org.junit.internal.runners.statements.FailOnTimeout$CallableStatement.call(FailOnTimeout.java:299) ~[junit-4.13.2.jar:4.13.2]
	at org.junit.internal.runners.statements.FailOnTimeout$CallableStatement.call(FailOnTimeout.java:293) ~[junit-4.13.2.jar:4.13.2]
	at java.base/java.util.concurrent.FutureTask.run(FutureTask.java:264) ~[na:na]
	at java.base/java.lang.Thread.run(Thread.java:829) ~[na:na]

[ERROR] Tests run: 2, Failures: 0, Errors: 1, Skipped: 0, Time elapsed: 0.182 s <<< FAILURE! - in com.API.OnDriver.OnDriverApplication_ESTest
[ERROR] test0  Time elapsed: 0.125 s  <<< ERROR!
java.lang.NullPointerException
	at com.API.OnDriver.OnDriverApplication_ESTest.test0(OnDriverApplication_ESTest.java:24)

[INFO] Running com.API.OnDriver.DataSubsystem.ListManager_getDriver_165313973925
[ERROR] Tests run: 1, Failures: 0, Errors: 1, Skipped: 0, Time elapsed: 0 s <<< FAILURE! - in com.API.OnDriver.DataSubsystem.ListManager_getDriver_165313973925
[ERROR] test  Time elapsed: 0 s  <<< ERROR!
java.lang.NullPointerException
	at com.API.OnDriver.DataSubsystem.ListManager_getDriver_165313973925.test(ListManager_getDriver_165313973925.java:49)

[INFO] Running com.API.OnDriver.DataSubsystem.ListManager_getAllRides_57075453414
[INFO] Tests run: 1, Failures: 0, Errors: 0, Skipped: 0, Time elapsed: 0 s - in com.API.OnDriver.DataSubsystem.ListManager_getAllRides_57075453414
[INFO] Running com.API.OnDriver.DataSubsystem.ListManager_addToAdmin_6919494012
[INFO] Tests run: 1, Failures: 0, Errors: 0, Skipped: 0, Time elapsed: 0 s - in com.API.OnDriver.DataSubsystem.ListManager_addToAdmin_6919494012
[INFO] Running com.API.OnDriver.DataSubsystem.ListManager_addToPassenger_176027754023
[ERROR] Tests run: 1, Failures: 0, Errors: 1, Skipped: 0, Time elapsed: 0 s <<< FAILURE! - in com.API.OnDriver.DataSubsystem.ListManager_addToPassenger_176027754023
[ERROR] test  Time elapsed: 0 s  <<< ERROR!
java.lang.NullPointerException
	at com.API.OnDriver.DataSubsystem.ListManager_addToPassenger_176027754023.test(ListManager_addToPassenger_176027754023.java:49)

[INFO] Running com.API.OnDriver.DataSubsystem.ListManager_isAvailable_170432942320
[ERROR] Tests run: 1, Failures: 0, Errors: 1, Skipped: 0, Time elapsed: 0 s <<< FAILURE! - in com.API.OnDriver.DataSubsystem.ListManager_isAvailable_170432942320
[ERROR] test  Time elapsed: 0 s  <<< ERROR!
java.lang.NullPointerException
	at com.API.OnDriver.DataSubsystem.ListManager_isAvailable_170432942320.test(ListManager_isAvailable_170432942320.java:49)

[INFO] Running com.API.OnDriver.DataSubsystem.ListManager_addToAdmin_6919494028
[ERROR] Tests run: 1, Failures: 0, Errors: 1, Skipped: 0, Time elapsed: 0 s <<< FAILURE! - in com.API.OnDriver.DataSubsystem.ListManager_addToAdmin_6919494028
[ERROR] test  Time elapsed: 0 s  <<< ERROR!
java.lang.NullPointerException
	at com.API.OnDriver.DataSubsystem.ListManager_addToAdmin_6919494028.test(ListManager_addToAdmin_6919494028.java:49)

[INFO] Running com.API.OnDriver.DataSubsystem.ListManager_addToArea_46448446810
[INFO] Tests run: 1, Failures: 0, Errors: 0, Skipped: 0, Time elapsed: 0 s - in com.API.OnDriver.DataSubsystem.ListManager_addToArea_46448446810
[INFO] Running com.API.OnDriver.DataSubsystem.ListManager_listAllPendingDrivers_20368335803
[INFO] Tests run: 1, Failures: 0, Errors: 0, Skipped: 0, Time elapsed: 0 s - in com.API.OnDriver.DataSubsystem.ListManager_listAllPendingDrivers_20368335803
[INFO] Running com.API.OnDriver.DataSubsystem.ListManager_addToPassenger_17602775405
[INFO] Tests run: 1, Failures: 0, Errors: 0, Skipped: 0, Time elapsed: 0 s - in com.API.OnDriver.DataSubsystem.ListManager_addToPassenger_17602775405
[INFO] Running com.API.OnDriver.DataSubsystem.ListManager_addToArea_46448446826
[ERROR] Tests run: 1, Failures: 0, Errors: 1, Skipped: 0, Time elapsed: 0 s <<< FAILURE! - in com.API.OnDriver.DataSubsystem.ListManager_addToArea_46448446826
[ERROR] test  Time elapsed: 0 s  <<< ERROR!
java.lang.NullPointerException
	at com.API.OnDriver.DataSubsystem.ListManager_addToArea_46448446826.test(ListManager_addToArea_46448446826.java:49)

[INFO] Running com.API.OnDriver.DataSubsystem.ListManager_addToDriver_6771429588
[ERROR] Tests run: 1, Failures: 0, Errors: 1, Skipped: 0, Time elapsed: 0 s <<< FAILURE! - in com.API.OnDriver.DataSubsystem.ListManager_addToDriver_6771429588
[ERROR] test  Time elapsed: 0 s  <<< ERROR!
java.lang.NullPointerException
	at com.API.OnDriver.DataSubsystem.ListManager_addToDriver_6771429588.test(ListManager_addToDriver_6771429588.java:49)

[INFO] Running com.API.OnDriver.DataSubsystem.ListManager_init_152407408518
[INFO] Tests run: 1, Failures: 0, Errors: 0, Skipped: 0, Time elapsed: 0 s - in com.API.OnDriver.DataSubsystem.ListManager_init_152407408518
[INFO] Running com.API.OnDriver.DataSubsystem.ListManager_isAvailable_17043294232
[INFO] Tests run: 1, Failures: 0, Errors: 0, Skipped: 0, Time elapsed: 0 s - in com.API.OnDriver.DataSubsystem.ListManager_isAvailable_17043294232
[INFO] Running com.API.OnDriver.DataSubsystem.ListManager_getRide_144318281215
[ERROR] Tests run: 1, Failures: 0, Errors: 1, Skipped: 0, Time elapsed: 0 s <<< FAILURE! - in com.API.OnDriver.DataSubsystem.ListManager_getRide_144318281215
[ERROR] test  Time elapsed: 0 s  <<< ERROR!
java.lang.IndexOutOfBoundsException: Index -1588772969 out of bounds for length 0
	at com.API.OnDriver.DataSubsystem.ListManager_getRide_144318281215.test(ListManager_getRide_144318281215.java:58)

[INFO] Running com.API.OnDriver.DataSubsystem.ListManager_getAdmin_56117334513
[INFO] Tests run: 1, Failures: 0, Errors: 0, Skipped: 0, Time elapsed: 0 s - in com.API.OnDriver.DataSubsystem.ListManager_getAdmin_56117334513
[INFO] Running com.API.OnDriver.DataSubsystem.ListManager_getInstance_4262879781
[INFO] Tests run: 1, Failures: 0, Errors: 0, Skipped: 0, Time elapsed: 0 s - in com.API.OnDriver.DataSubsystem.ListManager_getInstance_4262879781
[INFO] Running com.API.OnDriver.DataSubsystem.ListManager_ESTest
2026-04-08 05:42:14.959  WARN 77 --- [           main] org.evosuite.runtime.sandbox.Sandbox     : Sandbox can be initalized only once
2026-04-08 05:42:14.960 ERROR 77 --- [           main] o.e.r.classhandling.ClassStateSupport    : Class com.API.OnDriver.RideSubsystem.Area was not instrumented by EvoSuite. This could happen if you are running JUnit tests in a way that is not handled by EvoSuite, in which some classes are loaded be reflection before the tests are run. Consult the EvoSuite documentation for possible workarounds for this issue.
2026-04-08 05:42:14.960 ERROR 77 --- [           main] o.e.r.classhandling.ClassStateSupport    : Class com.API.OnDriver.RideSubsystem.Ride was not instrumented by EvoSuite. This could happen if you are running JUnit tests in a way that is not handled by EvoSuite, in which some classes are loaded be reflection before the tests are run. Consult the EvoSuite documentation for possible workarounds for this issue.
2026-04-08 05:42:14.960 ERROR 77 --- [           main] o.e.r.classhandling.ClassStateSupport    : Class com.API.OnDriver.RideSubsystem.Offer was not instrumented by EvoSuite. This could happen if you are running JUnit tests in a way that is not handled by EvoSuite, in which some classes are loaded be reflection before the tests are run. Consult the EvoSuite documentation for possible workarounds for this issue.
2026-04-08 05:42:14.960 ERROR 77 --- [           main] o.e.r.classhandling.ClassStateSupport    : Class com.API.OnDriver.DataSubsystem.ListManager was not instrumented by EvoSuite. This could happen if you are running JUnit tests in a way that is not handled by EvoSuite, in which some classes are loaded be reflection before the tests are run. Consult the EvoSuite documentation for possible workarounds for this issue.
2026-04-08 05:42:14.960 ERROR 77 --- [           main] o.e.r.classhandling.ClassStateSupport    : Class com.API.OnDriver.EventSubsystem.SourceEvent was not instrumented by EvoSuite. This could happen if you are running JUnit tests in a way that is not handled by EvoSuite, in which some classes are loaded be reflection before the tests are run. Consult the EvoSuite documentation for possible workarounds for this issue.
2026-04-08 05:42:14.960 ERROR 77 --- [           main] o.e.r.classhandling.ClassStateSupport    : Class com.API.OnDriver.CustomerSubsystem.UserStatus was not instrumented by EvoSuite. This could happen if you are running JUnit tests in a way that is not handled by EvoSuite, in which some classes are loaded be reflection before the tests are run. Consult the EvoSuite documentation for possible workarounds for this issue.
2026-04-08 05:42:14.960 ERROR 77 --- [           main] o.e.r.classhandling.ClassStateSupport    : Class com.API.OnDriver.CustomerSubsystem.User was not instrumented by EvoSuite. This could happen if you are running JUnit tests in a way that is not handled by EvoSuite, in which some classes are loaded be reflection before the tests are run. Consult the EvoSuite documentation for possible workarounds for this issue.
2026-04-08 05:42:14.960 ERROR 77 --- [           main] o.e.r.classhandling.ClassStateSupport    : Class com.API.OnDriver.EventSubsystem.AcceptOfferEvent was not instrumented by EvoSuite. This could happen if you are running JUnit tests in a way that is not handled by EvoSuite, in which some classes are loaded be reflection before the tests are run. Consult the EvoSuite documentation for possible workarounds for this issue.
2026-04-08 05:42:14.960 ERROR 77 --- [           main] o.e.r.classhandling.ClassStateSupport    : Class com.API.OnDriver.EventSubsystem.MakeOfferEvent was not instrumented by EvoSuite. This could happen if you are running JUnit tests in a way that is not handled by EvoSuite, in which some classes are loaded be reflection before the tests are run. Consult the EvoSuite documentation for possible workarounds for this issue.
2026-04-08 05:42:14.960 ERROR 77 --- [           main] o.e.r.classhandling.ClassStateSupport    : Class com.API.OnDriver.EventSubsystem.Event was not instrumented by EvoSuite. This could happen if you are running JUnit tests in a way that is not handled by EvoSuite, in which some classes are loaded be reflection before the tests are run. Consult the EvoSuite documentation for possible workarounds for this issue.
2026-04-08 05:42:14.960 ERROR 77 --- [           main] o.e.r.classhandling.ClassStateSupport    : Class com.API.OnDriver.CustomerSubsystem.Rating was not instrumented by EvoSuite. This could happen if you are running JUnit tests in a way that is not handled by EvoSuite, in which some classes are loaded be reflection before the tests are run. Consult the EvoSuite documentation for possible workarounds for this issue.
2026-04-08 05:42:14.960 ERROR 77 --- [           main] o.e.r.classhandling.ClassStateSupport    : Class com.API.OnDriver.EventSubsystem.DestinationEvent was not instrumented by EvoSuite. This could happen if you are running JUnit tests in a way that is not handled by EvoSuite, in which some classes are loaded be reflection before the tests are run. Consult the EvoSuite documentation for possible workarounds for this issue.
2026-04-08 05:42:14.961 ERROR 77 --- [           main] o.e.r.classhandling.ClassStateSupport    : Class com.API.OnDriver.EventSubsystem.EventName was not instrumented by EvoSuite. This could happen if you are running JUnit tests in a way that is not handled by EvoSuite, in which some classes are loaded be reflection before the tests are run. Consult the EvoSuite documentation for possible workarounds for this issue.
2026-04-08 05:42:14.961 ERROR 77 --- [           main] o.e.r.classhandling.ClassStateSupport    : Class com.API.OnDriver.CustomerSubsystem.Passenger was not instrumented by EvoSuite. This could happen if you are running JUnit tests in a way that is not handled by EvoSuite, in which some classes are loaded be reflection before the tests are run. Consult the EvoSuite documentation for possible workarounds for this issue.
2026-04-08 05:42:14.961 ERROR 77 --- [           main] o.e.r.classhandling.ClassStateSupport    : Class com.API.OnDriver.CustomerSubsystem.Admin was not instrumented by EvoSuite. This could happen if you are running JUnit tests in a way that is not handled by EvoSuite, in which some classes are loaded be reflection before the tests are run. Consult the EvoSuite documentation for possible workarounds for this issue.
2026-04-08 05:42:14.961 ERROR 77 --- [           main] o.e.r.classhandling.ClassStateSupport    : Class com.API.OnDriver.CustomerSubsystem.Driver was not instrumented by EvoSuite. This could happen if you are running JUnit tests in a way that is not handled by EvoSuite, in which some classes are loaded be reflection before the tests are run. Consult the EvoSuite documentation for possible workarounds for this issue.
[ERROR] Tests run: 42, Failures: 0, Errors: 15, Skipped: 0, Time elapsed: 0.032 s <<< FAILURE! - in com.API.OnDriver.DataSubsystem.ListManager_ESTest
[ERROR] test21  Time elapsed: 0.001 s  <<< ERROR!
java.lang.NullPointerException
	at com.API.OnDriver.DataSubsystem.ListManager_ESTest.test21(ListManager_ESTest.java:244)

[ERROR] test20  Time elapsed: 0.001 s  <<< ERROR!
java.lang.NullPointerException
	at com.API.OnDriver.DataSubsystem.ListManager_ESTest.test20(ListManager_ESTest.java:236)

[ERROR] test26  Time elapsed: 0.001 s  <<< ERROR!
java.lang.NullPointerException
	at com.API.OnDriver.DataSubsystem.ListManager_ESTest.test26(ListManager_ESTest.java:285)

[ERROR] test39  Time elapsed: 0.001 s  <<< ERROR!
java.lang.NullPointerException
	at com.API.OnDriver.DataSubsystem.ListManager_ESTest.test39(ListManager_ESTest.java:391)

[ERROR] test32  Time elapsed: 0.001 s  <<< ERROR!
java.lang.NullPointerException
	at com.API.OnDriver.DataSubsystem.ListManager_ESTest.test32(ListManager_ESTest.java:335)

[ERROR] test31  Time elapsed: 0.001 s  <<< ERROR!
java.lang.NullPointerException
	at com.API.OnDriver.DataSubsystem.ListManager_ESTest.test31(ListManager_ESTest.java:327)

[ERROR] test34  Time elapsed: 0 s  <<< ERROR!
java.lang.NullPointerException
	at com.API.OnDriver.DataSubsystem.ListManager_ESTest.test34(ListManager_ESTest.java:351)

[ERROR] test33  Time elapsed: 0.001 s  <<< ERROR!
java.lang.NullPointerException
	at com.API.OnDriver.DataSubsystem.ListManager_ESTest.test33(ListManager_ESTest.java:343)

[ERROR] test36  Time elapsed: 0.001 s  <<< ERROR!
java.lang.NullPointerException
	at com.API.OnDriver.DataSubsystem.ListManager_ESTest.test36(ListManager_ESTest.java:367)

[ERROR] test13  Time elapsed: 0.001 s  <<< ERROR!
java.lang.NullPointerException
	at com.API.OnDriver.DataSubsystem.ListManager_ESTest.test13(ListManager_ESTest.java:171)

[ERROR] test35  Time elapsed: 0 s  <<< ERROR!
java.lang.NullPointerException
	at com.API.OnDriver.DataSubsystem.ListManager_ESTest.test35(ListManager_ESTest.java:359)

[ERROR] test16  Time elapsed: 0.001 s  <<< ERROR!
java.lang.NullPointerException
	at com.API.OnDriver.DataSubsystem.ListManager_ESTest.test16(ListManager_ESTest.java:206)

[ERROR] test38  Time elapsed: 0.001 s  <<< ERROR!
java.lang.NullPointerException
	at com.API.OnDriver.DataSubsystem.ListManager_ESTest.test38(ListManager_ESTest.java:383)

[ERROR] test15  Time elapsed: 0 s  <<< ERROR!
java.lang.NullPointerException
	at com.API.OnDriver.DataSubsystem.ListManager_ESTest.test15(ListManager_ESTest.java:198)

[ERROR] test37  Time elapsed: 0.001 s  <<< ERROR!
java.lang.NullPointerException
	at com.API.OnDriver.DataSubsystem.ListManager_ESTest.test37(ListManager_ESTest.java:375)

[INFO] Running com.API.OnDriver.DataSubsystem.ListManager_listAllPendingDrivers_203683358021
[ERROR] Tests run: 1, Failures: 0, Errors: 1, Skipped: 0, Time elapsed: 0 s <<< FAILURE! - in com.API.OnDriver.DataSubsystem.ListManager_listAllPendingDrivers_203683358021
[ERROR] test  Time elapsed: 0 s  <<< ERROR!
java.lang.NullPointerException
	at com.API.OnDriver.DataSubsystem.ListManager_listAllPendingDrivers_203683358021.test(ListManager_listAllPendingDrivers_203683358021.java:47)

[INFO] Running com.API.OnDriver.DataSubsystem.ListManager_getUser_165020765922
[ERROR] Tests run: 1, Failures: 0, Errors: 1, Skipped: 0, Time elapsed: 0 s <<< FAILURE! - in com.API.OnDriver.DataSubsystem.ListManager_getUser_165020765922
[ERROR] test  Time elapsed: 0 s  <<< ERROR!
java.lang.NullPointerException
	at com.API.OnDriver.DataSubsystem.ListManager_getUser_165020765922.test(ListManager_getUser_165020765922.java:49)

[INFO] Running com.API.OnDriver.DataSubsystem.ListManager_getDriver_16531397399
[INFO] Tests run: 1, Failures: 0, Errors: 0, Skipped: 0, Time elapsed: 0 s - in com.API.OnDriver.DataSubsystem.ListManager_getDriver_16531397399
[INFO] Running com.API.OnDriver.DataSubsystem.ListManager_getPassenger_10736340124
[ERROR] Tests run: 1, Failures: 0, Errors: 1, Skipped: 0, Time elapsed: 0 s <<< FAILURE! - in com.API.OnDriver.DataSubsystem.ListManager_getPassenger_10736340124
[ERROR] test  Time elapsed: 0 s  <<< ERROR!
java.lang.NullPointerException
	at com.API.OnDriver.DataSubsystem.ListManager_getPassenger_10736340124.test(ListManager_getPassenger_10736340124.java:49)

[INFO] Running com.API.OnDriver.DataSubsystem.ListManager_getUser_16502076594
[INFO] Tests run: 1, Failures: 0, Errors: 0, Skipped: 0, Time elapsed: 0 s - in com.API.OnDriver.DataSubsystem.ListManager_getUser_16502076594
[INFO] Running com.API.OnDriver.DataSubsystem.ListManager_getAdmin_56117334529
[ERROR] Tests run: 1, Failures: 0, Errors: 1, Skipped: 0, Time elapsed: 0 s <<< FAILURE! - in com.API.OnDriver.DataSubsystem.ListManager_getAdmin_56117334529
[ERROR] test  Time elapsed: 0 s  <<< ERROR!
java.lang.NullPointerException
	at com.API.OnDriver.DataSubsystem.ListManager_getAdmin_56117334529.test(ListManager_getAdmin_56117334529.java:49)

[INFO] Running com.API.OnDriver.DataSubsystem.ListManager_init_15240740850
[INFO] Tests run: 1, Failures: 0, Errors: 0, Skipped: 0, Time elapsed: 0 s - in com.API.OnDriver.DataSubsystem.ListManager_init_15240740850
[INFO] Running com.API.OnDriver.DataSubsystem.ListManager_getArea_207429355911
[INFO] Tests run: 1, Failures: 0, Errors: 0, Skipped: 0, Time elapsed: 0 s - in com.API.OnDriver.DataSubsystem.ListManager_getArea_207429355911
[INFO] Running com.API.OnDriver.DataSubsystem.ListManager_getPassenger_1073634016
[INFO] Tests run: 1, Failures: 0, Errors: 0, Skipped: 0, Time elapsed: 0 s - in com.API.OnDriver.DataSubsystem.ListManager_getPassenger_1073634016
[INFO] Running com.API.OnDriver.DataSubsystem.ListManager_getAllRides_57075453430
[INFO] Tests run: 1, Failures: 0, Errors: 0, Skipped: 0, Time elapsed: 0 s - in com.API.OnDriver.DataSubsystem.ListManager_getAllRides_57075453430
[INFO] Running com.API.OnDriver.DataSubsystem.ListManager_addRide_191973756117
[ERROR] Tests run: 1, Failures: 0, Errors: 1, Skipped: 0, Time elapsed: 0 s <<< FAILURE! - in com.API.OnDriver.DataSubsystem.ListManager_addRide_191973756117
[ERROR] test  Time elapsed: 0 s  <<< ERROR!
java.lang.NullPointerException
	at com.API.OnDriver.DataSubsystem.ListManager_addRide_191973756117.test(ListManager_addRide_191973756117.java:49)

[INFO] Running com.API.OnDriver.DataSubsystem.ListManager_getRide_144318281231
[ERROR] Tests run: 1, Failures: 0, Errors: 1, Skipped: 0, Time elapsed: 0 s <<< FAILURE! - in com.API.OnDriver.DataSubsystem.ListManager_getRide_144318281231
[ERROR] test  Time elapsed: 0 s  <<< ERROR!
java.lang.NullPointerException
	at com.API.OnDriver.DataSubsystem.ListManager_getRide_144318281231.test(ListManager_getRide_144318281231.java:52)

[INFO] Running com.API.OnDriver.DataSubsystem.ListManager_getInstance_42628797819
[INFO] Tests run: 1, Failures: 0, Errors: 0, Skipped: 0, Time elapsed: 0 s - in com.API.OnDriver.DataSubsystem.ListManager_getInstance_42628797819
[INFO] Running com.API.OnDriver.DataSubsystem.ListManager_getArea_207429355927
[ERROR] Tests run: 1, Failures: 0, Errors: 1, Skipped: 0, Time elapsed: 0 s <<< FAILURE! - in com.API.OnDriver.DataSubsystem.ListManager_getArea_207429355927
[ERROR] test  Time elapsed: 0 s  <<< ERROR!
java.lang.NullPointerException
	at com.API.OnDriver.DataSubsystem.ListManager_getArea_207429355927.test(ListManager_getArea_207429355927.java:49)

[INFO] Running com.API.OnDriver.RideSubsystem.Ride_setAcceptedOffer_20008013248
[INFO] Tests run: 1, Failures: 0, Errors: 0, Skipped: 0, Time elapsed: 0 s - in com.API.OnDriver.RideSubsystem.Ride_setAcceptedOffer_20008013248
[INFO] Running com.API.OnDriver.RideSubsystem.Area_init_14445671128
[INFO] Tests run: 1, Failures: 0, Errors: 0, Skipped: 0, Time elapsed: 0 s - in com.API.OnDriver.RideSubsystem.Area_init_14445671128
[INFO] Running com.API.OnDriver.RideSubsystem.Area_unsubscribe_114389991913
[ERROR] Tests run: 1, Failures: 0, Errors: 1, Skipped: 0, Time elapsed: 0 s <<< FAILURE! - in com.API.OnDriver.RideSubsystem.Area_unsubscribe_114389991913
[ERROR] test  Time elapsed: 0 s  <<< ERROR!
java.lang.NullPointerException
	at com.API.OnDriver.RideSubsystem.Area_unsubscribe_114389991913.test(Area_unsubscribe_114389991913.java:47)

[INFO] Running com.API.OnDriver.RideSubsystem.Area_ESTest
2026-04-08 05:42:15.006  WARN 77 --- [           main] org.evosuite.runtime.sandbox.Sandbox     : Sandbox can be initalized only once
2026-04-08 05:42:15.011  INFO 77 --- [           main] .e.r.i.MethodCallReplacementClassAdapter : Adding mock interface to class org/springframework/web/server/adapter/ForwardedHeaderTransformer
2026-04-08 05:42:15.012  INFO 77 --- [           main] o.e.r.i.CreateClassResetClassAdapter     : Found static initializer in class org/springframework/web/server/adapter/ForwardedHeaderTransformer
2026-04-08 05:42:15.014  INFO 77 --- [           main] .e.r.i.MethodCallReplacementClassAdapter : Adding mock interface to class org/springframework/util/LinkedCaseInsensitiveMap$KeySet
2026-04-08 05:42:15.015  INFO 77 --- [           main] o.e.r.i.CreateClassResetClassAdapter     : Creating brand-new static initializer in class org/springframework/util/LinkedCaseInsensitiveMap$KeySet
2026-04-08 05:42:15.017  INFO 77 --- [           main] .e.r.i.MethodCallReplacementClassAdapter : Adding mock interface to class org/springframework/http/server/reactive/TomcatHttpHandlerAdapter$TomcatServerHttpRequest
2026-04-08 05:42:15.019  INFO 77 --- [           main] o.e.r.i.CreateClassResetClassAdapter     : Found static initializer in class org/springframework/http/server/reactive/TomcatHttpHandlerAdapter$TomcatServerHttpRequest
2026-04-08 05:42:15.021  INFO 77 --- [           main] .e.r.i.MethodCallReplacementClassAdapter : Adding mock interface to class org/springframework/http/server/reactive/ServletServerHttpRequest
2026-04-08 05:42:15.024  INFO 77 --- [           main] o.e.r.i.CreateClassResetClassAdapter     : Found static initializer in class org/springframework/http/server/reactive/ServletServerHttpRequest
2026-04-08 05:42:15.026  INFO 77 --- [           main] .e.r.i.MethodCallReplacementClassAdapter : Adding mock interface to class org/springframework/http/server/reactive/AbstractServerHttpRequest
2026-04-08 05:42:15.027  INFO 77 --- [           main] o.e.r.i.CreateClassResetClassAdapter     : Found static initializer in class org/springframework/http/server/reactive/AbstractServerHttpRequest
2026-04-08 05:42:15.031 ERROR 77 --- [           main] o.e.r.classhandling.ClassStateSupport    : Could not initialize org.springframework.http.server.reactive.TomcatHttpHandlerAdapter$TomcatServerHttpRequest: org/reactivestreams/Publisher
2026-04-08 05:42:15.032  INFO 77 --- [           main] .e.r.i.MethodCallReplacementClassAdapter : Adding mock interface to class org/springframework/http/codec/xml/XmlEventDecoder$AaltoDataBufferToXmlEvent
2026-04-08 05:42:15.033  INFO 77 --- [           main] o.e.r.i.CreateClassResetClassAdapter     : Found static initializer in class org/springframework/http/codec/xml/XmlEventDecoder$AaltoDataBufferToXmlEvent
2026-04-08 05:42:15.034  INFO 77 --- [           main] .e.r.i.MethodCallReplacementClassAdapter : Adding mock interface to class org/springframework/core/codec/DecodingException
2026-04-08 05:42:15.034  INFO 77 --- [           main] o.e.r.i.CreateClassResetClassAdapter     : Creating brand-new static initializer in class org/springframework/core/codec/DecodingException
2026-04-08 05:42:15.035  INFO 77 --- [           main] .e.r.i.MethodCallReplacementClassAdapter : Adding mock interface to class org/springframework/core/codec/CodecException
2026-04-08 05:42:15.035  INFO 77 --- [           main] o.e.r.i.CreateClassResetClassAdapter     : Creating brand-new static initializer in class org/springframework/core/codec/CodecException
2026-04-08 05:42:15.036  INFO 77 --- [           main] .e.r.i.MethodCallReplacementClassAdapter : Adding mock interface to class org/springframework/core/io/buffer/DataBufferLimitException
2026-04-08 05:42:15.036  INFO 77 --- [           main] o.e.r.i.CreateClassResetClassAdapter     : Creating brand-new static initializer in class org/springframework/core/io/buffer/DataBufferLimitException
2026-04-08 05:42:15.037 ERROR 77 --- [           main] o.e.r.classhandling.ClassStateSupport    : Could not initialize org.springframework.http.codec.xml.XmlEventDecoder$AaltoDataBufferToXmlEvent: com/fasterxml/aalto/stax/InputFactoryImpl
2026-04-08 05:42:15.037  INFO 77 --- [           main] .e.r.i.MethodCallReplacementClassAdapter : Adding mock interface to class org/springframework/http/HttpCookie
2026-04-08 05:42:15.038  INFO 77 --- [           main] o.e.r.i.CreateClassResetClassAdapter     : Creating brand-new static initializer in class org/springframework/http/HttpCookie
2026-04-08 05:42:15.039  INFO 77 --- [           main] .e.r.i.MethodCallReplacementClassAdapter : Adding mock interface to class org/assertj/core/extractor/ByNameMultipleExtractor
2026-04-08 05:42:15.039  INFO 77 --- [           main] o.e.r.i.CreateClassResetClassAdapter     : Creating brand-new static initializer in class org/assertj/core/extractor/ByNameMultipleExtractor
2026-04-08 05:42:15.041  INFO 77 --- [           main] .e.r.i.MethodCallReplacementClassAdapter : Adding mock interface to class org/springframework/web/method/HandlerTypePredicate$1
2026-04-08 05:42:15.041  INFO 77 --- [           main] .e.r.i.MethodCallReplacementClassAdapter : Adding mock interface to class org/assertj/core/extractor/ByNameSingleExtractor
2026-04-08 05:42:15.042  INFO 77 --- [           main] o.e.r.i.CreateClassResetClassAdapter     : Creating brand-new static initializer in class org/assertj/core/extractor/ByNameSingleExtractor
2026-04-08 05:42:15.043  INFO 77 --- [           main] .e.r.i.MethodCallReplacementClassAdapter : Adding mock interface to class org/springframework/http/ReadOnlyHttpHeaders
2026-04-08 05:42:15.044  INFO 77 --- [           main] o.e.r.i.CreateClassResetClassAdapter     : Creating brand-new static initializer in class org/springframework/http/ReadOnlyHttpHeaders
2026-04-08 05:42:15.046  INFO 77 --- [           main] .e.r.i.MethodCallReplacementClassAdapter : Adding mock interface to class org/springframework/http/server/reactive/ReactorServerHttpRequest
2026-04-08 05:42:15.048  INFO 77 --- [           main] o.e.r.i.CreateClassResetClassAdapter     : Found static initializer in class org/springframework/http/server/reactive/ReactorServerHttpRequest
2026-04-08 05:42:15.050  INFO 77 --- [           main] .e.r.i.MethodCallReplacementClassAdapter : Adding mock interface to class org/springframework/http/server/reactive/ServerHttpRequestDecorator
2026-04-08 05:42:15.052  INFO 77 --- [           main] o.e.r.i.CreateClassResetClassAdapter     : Creating brand-new static initializer in class org/springframework/http/server/reactive/ServerHttpRequestDecorator
2026-04-08 05:42:15.053  INFO 77 --- [           main] .e.r.i.MethodCallReplacementClassAdapter : Adding mock interface to class org/springframework/core/io/buffer/DataBufferUtils$ReadableByteChannelGenerator
2026-04-08 05:42:15.054  INFO 77 --- [           main] o.e.r.i.CreateClassResetClassAdapter     : Creating brand-new static initializer in class org/springframework/core/io/buffer/DataBufferUtils$ReadableByteChannelGenerator
2026-04-08 05:42:15.054 ERROR 77 --- [           main] o.e.r.classhandling.ClassStateSupport    : Could not initialize org.springframework.http.server.reactive.ServletServerHttpRequest: org/reactivestreams/Publisher
2026-04-08 05:42:15.055  INFO 77 --- [           main] .e.r.i.MethodCallReplacementClassAdapter : Adding mock interface to class org/springframework/http/server/reactive/DefaultServerHttpRequestBuilder$MutatedServerHttpRequest
2026-04-08 05:42:15.055  INFO 77 --- [           main] o.e.r.i.CreateClassResetClassAdapter     : Creating brand-new static initializer in class org/springframework/http/server/reactive/DefaultServerHttpRequestBuilder$MutatedServerHttpRequest
2026-04-08 05:42:15.057  INFO 77 --- [           main] .e.r.i.MethodCallReplacementClassAdapter : Adding mock interface to class org/springframework/http/codec/protobuf/ProtobufDecoder$MessageDecoderFunction
2026-04-08 05:42:15.059  INFO 77 --- [           main] o.e.r.i.CreateClassResetClassAdapter     : Creating brand-new static initializer in class org/springframework/http/codec/protobuf/ProtobufDecoder$MessageDecoderFunction
2026-04-08 05:42:15.059 ERROR 77 --- [           main] o.e.r.classhandling.ClassStateSupport    : Could not initialize org.springframework.http.codec.protobuf.ProtobufDecoder$MessageDecoderFunction: com/google/protobuf/ExtensionRegistryLite
2026-04-08 05:42:15.064  INFO 77 --- [           main] .e.r.i.MethodCallReplacementClassAdapter : Adding mock interface to class org/assertj/core/extractor/ToStringExtractor
2026-04-08 05:42:15.065  INFO 77 --- [           main] o.e.r.i.CreateClassResetClassAdapter     : Creating brand-new static initializer in class org/assertj/core/extractor/ToStringExtractor
2026-04-08 05:42:15.066  INFO 77 --- [           main] .e.r.i.MethodCallReplacementClassAdapter : Adding mock interface to class org/springframework/boot/autoconfigure/rsocket/RSocketWebSocketNettyRouteProvider
2026-04-08 05:42:15.066  INFO 77 --- [           main] o.e.r.i.CreateClassResetClassAdapter     : Creating brand-new static initializer in class org/springframework/boot/autoconfigure/rsocket/RSocketWebSocketNettyRouteProvider
2026-04-08 05:42:15.067  INFO 77 --- [           main] .e.r.i.MethodCallReplacementClassAdapter : Adding mock interface to class org/springframework/core/annotation/MergedAnnotationPredicates$FirstRunOfPredicate
2026-04-08 05:42:15.068  INFO 77 --- [           main] o.e.r.i.CreateClassResetClassAdapter     : Creating brand-new static initializer in class org/springframework/core/annotation/MergedAnnotationPredicates$FirstRunOfPredicate
2026-04-08 05:42:15.069  INFO 77 --- [           main] .e.r.i.MethodCallReplacementClassAdapter : Adding mock interface to class org/springframework/web/servlet/function/PathResourceLookupFunction
2026-04-08 05:42:15.070  INFO 77 --- [           main] o.e.r.i.CreateClassResetClassAdapter     : Creating brand-new static initializer in class org/springframework/web/servlet/function/PathResourceLookupFunction
2026-04-08 05:42:15.071  INFO 77 --- [           main] .e.r.i.MethodCallReplacementClassAdapter : Adding mock interface to class org/springframework/web/filter/reactive/ForwardedHeaderFilter
2026-04-08 05:42:15.071  INFO 77 --- [           main] o.e.r.i.CreateClassResetClassAdapter     : Creating brand-new static initializer in class org/springframework/web/filter/reactive/ForwardedHeaderFilter
2026-04-08 05:42:15.072  INFO 77 --- [           main] .e.r.i.MethodCallReplacementClassAdapter : Adding mock interface to class org/springframework/http/server/reactive/UndertowServerHttpRequest
2026-04-08 05:42:15.073  INFO 77 --- [           main] o.e.r.i.CreateClassResetClassAdapter     : Found static initializer in class org/springframework/http/server/reactive/UndertowServerHttpRequest
2026-04-08 05:42:15.073 ERROR 77 --- [           main] o.e.r.classhandling.ClassStateSupport    : Could not initialize org.springframework.http.server.reactive.UndertowServerHttpRequest: org/reactivestreams/Publisher
2026-04-08 05:42:15.074  INFO 77 --- [           main] .e.r.i.MethodCallReplacementClassAdapter : Adding mock interface to class org/assertj/core/extractor/ResultOfExtractor
2026-04-08 05:42:15.075  INFO 77 --- [           main] o.e.r.i.CreateClassResetClassAdapter     : Creating brand-new static initializer in class org/assertj/core/extractor/ResultOfExtractor
2026-04-08 05:42:15.077  INFO 77 --- [           main] .e.r.i.MethodCallReplacementClassAdapter : Adding mock interface to class org/springframework/web/method/HandlerTypePredicate$Builder
2026-04-08 05:42:15.078  INFO 77 --- [           main] o.e.r.i.CreateClassResetClassAdapter     : Creating brand-new static initializer in class org/springframework/web/method/HandlerTypePredicate$Builder
2026-04-08 05:42:15.079  INFO 77 --- [           main] .e.r.i.MethodCallReplacementClassAdapter : Adding mock interface to class org/springframework/web/servlet/mvc/method/annotation/ResponseBodyEmitter$ErrorCallback
2026-04-08 05:42:15.079  INFO 77 --- [           main] o.e.r.i.CreateClassResetClassAdapter     : Creating brand-new static initializer in class org/springframework/web/servlet/mvc/method/annotation/ResponseBodyEmitter$ErrorCallback
2026-04-08 05:42:15.079  INFO 77 --- [           main] .e.r.i.MethodCallReplacementClassAdapter : Adding mock interface to class org/springframework/http/server/reactive/JettyHttpHandlerAdapter$JettyServerHttpRequest
2026-04-08 05:42:15.081  INFO 77 --- [           main] o.e.r.i.CreateClassResetClassAdapter     : Creating brand-new static initializer in class org/springframework/http/server/reactive/JettyHttpHandlerAdapter$JettyServerHttpRequest
2026-04-08 05:42:15.081 ERROR 77 --- [           main] o.e.r.classhandling.ClassStateSupport    : Could not initialize org.springframework.http.server.reactive.JettyHttpHandlerAdapter$JettyServerHttpRequest: org/reactivestreams/Publisher
2026-04-08 05:42:15.082  INFO 77 --- [           main] .e.r.i.MethodCallReplacementClassAdapter : Adding mock interface to class org/springframework/web/method/HandlerTypePredicate
2026-04-08 05:42:15.082  INFO 77 --- [           main] o.e.r.i.CreateClassResetClassAdapter     : Creating brand-new static initializer in class org/springframework/web/method/HandlerTypePredicate
2026-04-08 05:42:15.083  INFO 77 --- [           main] .e.r.i.MethodCallReplacementClassAdapter : Adding mock interface to class org/springframework/boot/web/client/RestTemplateBuilder$RequestFactoryCustomizer
2026-04-08 05:42:15.085  INFO 77 --- [           main] o.e.r.i.CreateClassResetClassAdapter     : Creating brand-new static initializer in class org/springframework/boot/web/client/RestTemplateBuilder$RequestFactoryCustomizer
2026-04-08 05:42:15.087 ERROR 77 --- [           main] o.e.r.classhandling.ClassStateSupport    : Found $jacocoInit in class org.springframework.test.web.reactive.server.WebTestClient$BodyContentSpec
2026-04-08 05:42:15.091  INFO 77 --- [           main] o.e.r.classhandling.ClassStateSupport    : Error while checking for $gzoltarInit in class org.springframework.web.server.WebFilter: reactor/core/publisher/Mono
2026-04-08 05:42:15.093  INFO 77 --- [           main] o.e.r.classhandling.ClassStateSupport    : Error while checking for $gzoltarInit in class org.springframework.http.server.reactive.ReactorServerHttpRequest: reactor/netty/http/server/HttpServerRequest
2026-04-08 05:42:15.093  INFO 77 --- [           main] o.e.r.classhandling.ClassStateSupport    : Error while checking for $gzoltarInit in class org.springframework.http.server.reactive.ServerHttpRequestDecorator: reactor/core/publisher/Flux
2026-04-08 05:42:15.093  INFO 77 --- [           main] o.e.r.classhandling.ClassStateSupport    : Error while checking for $gzoltarInit in class org.springframework.core.io.buffer.DataBufferUtils$ReadableByteChannelGenerator: reactor/core/publisher/SynchronousSink
2026-04-08 05:42:15.093  INFO 77 --- [           main] o.e.r.classhandling.ClassStateSupport    : Error while checking for $gzoltarInit in class org.springframework.http.server.reactive.DefaultServerHttpRequestBuilder$MutatedServerHttpRequest: reactor/core/publisher/Flux
2026-04-08 05:42:15.097  INFO 77 --- [           main] o.e.r.classhandling.ClassStateSupport    : Error while checking for $gzoltarInit in class org.springframework.test.web.reactive.server.WebTestClient: org/springframework/web/reactive/function/server/RouterFunction
2026-04-08 05:42:15.097  INFO 77 --- [           main] o.e.r.classhandling.ClassStateSupport    : Error while checking for $gzoltarInit in class org.springframework.boot.autoconfigure.rsocket.RSocketWebSocketNettyRouteProvider: reactor/netty/http/server/HttpServerRoutes
2026-04-08 05:42:15.097  INFO 77 --- [           main] o.e.r.classhandling.ClassStateSupport    : Error while checking for $gzoltarInit in class org.springframework.web.filter.reactive.ForwardedHeaderFilter: reactor/core/publisher/Mono
2026-04-08 05:42:15.097  INFO 77 --- [           main] o.e.r.classhandling.ClassStateSupport    : Error while checking for $gzoltarInit in class org.springframework.http.ReactiveHttpInputMessage: reactor/core/publisher/Flux
2026-04-08 05:42:15.098 ERROR 77 --- [           main] o.e.r.classhandling.ClassStateSupport    : Class com.API.OnDriver.RideSubsystem.Area was not instrumented by EvoSuite. This could happen if you are running JUnit tests in a way that is not handled by EvoSuite, in which some classes are loaded be reflection before the tests are run. Consult the EvoSuite documentation for possible workarounds for this issue.
2026-04-08 05:42:15.098 ERROR 77 --- [           main] o.e.r.classhandling.ClassStateSupport    : Class com.API.OnDriver.RideSubsystem.Offer was not instrumented by EvoSuite. This could happen if you are running JUnit tests in a way that is not handled by EvoSuite, in which some classes are loaded be reflection before the tests are run. Consult the EvoSuite documentation for possible workarounds for this issue.
2026-04-08 05:42:15.098 ERROR 77 --- [           main] o.e.r.classhandling.ClassStateSupport    : Class com.API.OnDriver.DataSubsystem.ListManager was not instrumented by EvoSuite. This could happen if you are running JUnit tests in a way that is not handled by EvoSuite, in which some classes are loaded be reflection before the tests are run. Consult the EvoSuite documentation for possible workarounds for this issue.
2026-04-08 05:42:15.098 ERROR 77 --- [           main] o.e.r.classhandling.ClassStateSupport    : Class com.API.OnDriver.EventSubsystem.SourceEvent was not instrumented by EvoSuite. This could happen if you are running JUnit tests in a way that is not handled by EvoSuite, in which some classes are loaded be reflection before the tests are run. Consult the EvoSuite documentation for possible workarounds for this issue.
2026-04-08 05:42:15.098 ERROR 77 --- [           main] o.e.r.classhandling.ClassStateSupport    : Class com.API.OnDriver.EventSubsystem.DestinationEvent was not instrumented by EvoSuite. This could happen if you are running JUnit tests in a way that is not handled by EvoSuite, in which some classes are loaded be reflection before the tests are run. Consult the EvoSuite documentation for possible workarounds for this issue.
2026-04-08 05:42:15.098 ERROR 77 --- [           main] o.e.r.classhandling.ClassStateSupport    : Class com.API.OnDriver.EventSubsystem.EventName was not instrumented by EvoSuite. This could happen if you are running JUnit tests in a way that is not handled by EvoSuite, in which some classes are loaded be reflection before the tests are run. Consult the EvoSuite documentation for possible workarounds for this issue.
2026-04-08 05:42:15.098 ERROR 77 --- [           main] o.e.r.classhandling.ClassStateSupport    : Class com.API.OnDriver.RideSubsystem.Ride was not instrumented by EvoSuite. This could happen if you are running JUnit tests in a way that is not handled by EvoSuite, in which some classes are loaded be reflection before the tests are run. Consult the EvoSuite documentation for possible workarounds for this issue.
2026-04-08 05:42:15.098 ERROR 77 --- [           main] o.e.r.classhandling.ClassStateSupport    : Class org.springframework.http.HttpHeaders was not instrumented by EvoSuite. This could happen if you are running JUnit tests in a way that is not handled by EvoSuite, in which some classes are loaded be reflection before the tests are run. Consult the EvoSuite documentation for possible workarounds for this issue.
2026-04-08 05:42:15.098 ERROR 77 --- [           main] o.e.r.classhandling.ClassStateSupport    : Class com.API.OnDriver.EventSubsystem.AcceptOfferEvent was not instrumented by EvoSuite. This could happen if you are running JUnit tests in a way that is not handled by EvoSuite, in which some classes are loaded be reflection before the tests are run. Consult the EvoSuite documentation for possible workarounds for this issue.
2026-04-08 05:42:15.098 ERROR 77 --- [           main] o.e.r.classhandling.ClassStateSupport    : Class com.API.OnDriver.EventSubsystem.MakeOfferEvent was not instrumented by EvoSuite. This could happen if you are running JUnit tests in a way that is not handled by EvoSuite, in which some classes are loaded be reflection before the tests are run. Consult the EvoSuite documentation for possible workarounds for this issue.
2026-04-08 05:42:15.098 ERROR 77 --- [           main] o.e.r.classhandling.ClassStateSupport    : Class com.API.OnDriver.CustomerSubsystem.Rating was not instrumented by EvoSuite. This could happen if you are running JUnit tests in a way that is not handled by EvoSuite, in which some classes are loaded be reflection before the tests are run. Consult the EvoSuite documentation for possible workarounds for this issue.
2026-04-08 05:42:15.098 ERROR 77 --- [           main] o.e.r.classhandling.ClassStateSupport    : Class com.API.OnDriver.CustomerSubsystem.Passenger was not instrumented by EvoSuite. This could happen if you are running JUnit tests in a way that is not handled by EvoSuite, in which some classes are loaded be reflection before the tests are run. Consult the EvoSuite documentation for possible workarounds for this issue.
2026-04-08 05:42:15.098 ERROR 77 --- [           main] o.e.r.classhandling.ClassStateSupport    : Class com.API.OnDriver.CustomerSubsystem.Driver was not instrumented by EvoSuite. This could happen if you are running JUnit tests in a way that is not handled by EvoSuite, in which some classes are loaded be reflection before the tests are run. Consult the EvoSuite documentation for possible workarounds for this issue.
2026-04-08 05:42:15.098 ERROR 77 --- [           main] o.e.r.classhandling.ClassStateSupport    : Class com.API.OnDriver.CustomerSubsystem.UserStatus was not instrumented by EvoSuite. This could happen if you are running JUnit tests in a way that is not handled by EvoSuite, in which some classes are loaded be reflection before the tests are run. Consult the EvoSuite documentation for possible workarounds for this issue.
2026-04-08 05:42:15.098 ERROR 77 --- [           main] o.e.r.classhandling.ClassStateSupport    : Class com.API.OnDriver.CustomerSubsystem.User was not instrumented by EvoSuite. This could happen if you are running JUnit tests in a way that is not handled by EvoSuite, in which some classes are loaded be reflection before the tests are run. Consult the EvoSuite documentation for possible workarounds for this issue.
2026-04-08 05:42:15.098 ERROR 77 --- [           main] o.e.r.classhandling.ClassStateSupport    : Class org.springframework.core.annotation.MergedAnnotationPredicates$UniquePredicate was not instrumented by EvoSuite. This could happen if you are running JUnit tests in a way that is not handled by EvoSuite, in which some classes are loaded be reflection before the tests are run. Consult the EvoSuite documentation for possible workarounds for this issue.
2026-04-08 05:42:15.098 ERROR 77 --- [           main] o.e.r.classhandling.ClassStateSupport    : Class com.API.OnDriver.CustomerSubsystem.Admin was not instrumented by EvoSuite. This could happen if you are running JUnit tests in a way that is not handled by EvoSuite, in which some classes are loaded be reflection before the tests are run. Consult the EvoSuite documentation for possible workarounds for this issue.
2026-04-08 05:42:15.098 ERROR 77 --- [           main] o.e.r.classhandling.ClassStateSupport    : Class org.springframework.http.HttpMethod was not instrumented by EvoSuite. This could happen if you are running JUnit tests in a way that is not handled by EvoSuite, in which some classes are loaded be reflection before the tests are run. Consult the EvoSuite documentation for possible workarounds for this issue.
2026-04-08 05:42:15.098 ERROR 77 --- [           main] o.e.r.classhandling.ClassStateSupport    : Class com.API.OnDriver.EventSubsystem.Event was not instrumented by EvoSuite. This could happen if you are running JUnit tests in a way that is not handled by EvoSuite, in which some classes are loaded be reflection before the tests are run. Consult the EvoSuite documentation for possible workarounds for this issue.
[INFO] Tests run: 13, Failures: 0, Errors: 0, Skipped: 0, Time elapsed: 0.1 s - in com.API.OnDriver.RideSubsystem.Area_ESTest
[INFO] Running com.API.OnDriver.RideSubsystem.Ride_addOffer_38445046815
[ERROR] Tests run: 1, Failures: 0, Errors: 1, Skipped: 0, Time elapsed: 0 s <<< FAILURE! - in com.API.OnDriver.RideSubsystem.Ride_addOffer_38445046815
[ERROR] test  Time elapsed: 0 s  <<< ERROR!
java.lang.NullPointerException
	at com.API.OnDriver.RideSubsystem.Ride_addOffer_38445046815.test(Ride_addOffer_38445046815.java:52)

[INFO] Running com.API.OnDriver.RideSubsystem.Ride_init_35966759127
[INFO] Tests run: 1, Failures: 0, Errors: 0, Skipped: 0, Time elapsed: 0 s - in com.API.OnDriver.RideSubsystem.Ride_init_35966759127
[INFO] Running com.API.OnDriver.RideSubsystem.Ride_ESTest
2026-04-08 05:42:15.111  WARN 77 --- [           main] org.evosuite.runtime.sandbox.Sandbox     : Sandbox can be initalized only once
2026-04-08 05:42:15.112 ERROR 77 --- [           main] o.e.r.classhandling.ClassStateSupport    : Could not initialize org.springframework.http.codec.xml.XmlEventDecoder$AaltoDataBufferToXmlEvent: Could not initialize class org.springframework.http.codec.xml.XmlEventDecoder$AaltoDataBufferToXmlEvent
2026-04-08 05:42:15.113 ERROR 77 --- [           main] o.e.r.classhandling.ClassStateSupport    : Found $jacocoInit in class org.springframework.test.web.reactive.server.WebTestClient$BodyContentSpec
2026-04-08 05:42:15.113  INFO 77 --- [           main] o.e.r.classhandling.ClassStateSupport    : Error while checking for $gzoltarInit in class org.springframework.web.server.WebFilter: reactor/core/publisher/Mono
2026-04-08 05:42:15.113  INFO 77 --- [           main] o.e.r.classhandling.ClassStateSupport    : Error while checking for $gzoltarInit in class org.springframework.http.server.reactive.ReactorServerHttpRequest: reactor/netty/http/server/HttpServerRequest
2026-04-08 05:42:15.114  INFO 77 --- [           main] o.e.r.classhandling.ClassStateSupport    : Error while checking for $gzoltarInit in class org.springframework.http.server.reactive.ServerHttpRequestDecorator: reactor/core/publisher/Flux
2026-04-08 05:42:15.114  INFO 77 --- [           main] o.e.r.classhandling.ClassStateSupport    : Error while checking for $gzoltarInit in class org.springframework.core.io.buffer.DataBufferUtils$ReadableByteChannelGenerator: reactor/core/publisher/SynchronousSink
2026-04-08 05:42:15.114  INFO 77 --- [           main] o.e.r.classhandling.ClassStateSupport    : Error while checking for $gzoltarInit in class org.springframework.http.server.reactive.DefaultServerHttpRequestBuilder$MutatedServerHttpRequest: reactor/core/publisher/Flux
2026-04-08 05:42:15.114  INFO 77 --- [           main] o.e.r.classhandling.ClassStateSupport    : Error while checking for $gzoltarInit in class org.springframework.test.web.reactive.server.WebTestClient: org/springframework/web/reactive/function/server/RouterFunction
2026-04-08 05:42:15.114  INFO 77 --- [           main] o.e.r.classhandling.ClassStateSupport    : Error while checking for $gzoltarInit in class org.springframework.boot.autoconfigure.rsocket.RSocketWebSocketNettyRouteProvider: reactor/netty/http/server/HttpServerRoutes
2026-04-08 05:42:15.114  INFO 77 --- [           main] o.e.r.classhandling.ClassStateSupport    : Error while checking for $gzoltarInit in class org.springframework.web.filter.reactive.ForwardedHeaderFilter: reactor/core/publisher/Mono
2026-04-08 05:42:15.114  INFO 77 --- [           main] o.e.r.classhandling.ClassStateSupport    : Error while checking for $gzoltarInit in class org.springframework.http.ReactiveHttpInputMessage: reactor/core/publisher/Flux
2026-04-08 05:42:15.115 ERROR 77 --- [           main] o.e.r.classhandling.ClassStateSupport    : Class com.API.OnDriver.RideSubsystem.Area was not instrumented by EvoSuite. This could happen if you are running JUnit tests in a way that is not handled by EvoSuite, in which some classes are loaded be reflection before the tests are run. Consult the EvoSuite documentation for possible workarounds for this issue.
2026-04-08 05:42:15.115 ERROR 77 --- [           main] o.e.r.classhandling.ClassStateSupport    : Class com.API.OnDriver.RideSubsystem.Offer was not instrumented by EvoSuite. This could happen if you are running JUnit tests in a way that is not handled by EvoSuite, in which some classes are loaded be reflection before the tests are run. Consult the EvoSuite documentation for possible workarounds for this issue.
2026-04-08 05:42:15.115 ERROR 77 --- [           main] o.e.r.classhandling.ClassStateSupport    : Class com.API.OnDriver.DataSubsystem.ListManager was not instrumented by EvoSuite. This could happen if you are running JUnit tests in a way that is not handled by EvoSuite, in which some classes are loaded be reflection before the tests are run. Consult the EvoSuite documentation for possible workarounds for this issue.
2026-04-08 05:42:15.115 ERROR 77 --- [           main] o.e.r.classhandling.ClassStateSupport    : Class com.API.OnDriver.EventSubsystem.SourceEvent was not instrumented by EvoSuite. This could happen if you are running JUnit tests in a way that is not handled by EvoSuite, in which some classes are loaded be reflection before the tests are run. Consult the EvoSuite documentation for possible workarounds for this issue.
2026-04-08 05:42:15.115 ERROR 77 --- [           main] o.e.r.classhandling.ClassStateSupport    : Class com.API.OnDriver.EventSubsystem.EventName was not instrumented by EvoSuite. This could happen if you are running JUnit tests in a way that is not handled by EvoSuite, in which some classes are loaded be reflection before the tests are run. Consult the EvoSuite documentation for possible workarounds for this issue.
2026-04-08 05:42:15.115 ERROR 77 --- [           main] o.e.r.classhandling.ClassStateSupport    : Class com.API.OnDriver.EventSubsystem.DestinationEvent was not instrumented by EvoSuite. This could happen if you are running JUnit tests in a way that is not handled by EvoSuite, in which some classes are loaded be reflection before the tests are run. Consult the EvoSuite documentation for possible workarounds for this issue.
2026-04-08 05:42:15.115 ERROR 77 --- [           main] o.e.r.classhandling.ClassStateSupport    : Class com.API.OnDriver.RideSubsystem.Ride was not instrumented by EvoSuite. This could happen if you are running JUnit tests in a way that is not handled by EvoSuite, in which some classes are loaded be reflection before the tests are run. Consult the EvoSuite documentation for possible workarounds for this issue.
2026-04-08 05:42:15.115 ERROR 77 --- [           main] o.e.r.classhandling.ClassStateSupport    : Class org.springframework.http.HttpHeaders was not instrumented by EvoSuite. This could happen if you are running JUnit tests in a way that is not handled by EvoSuite, in which some classes are loaded be reflection before the tests are run. Consult the EvoSuite documentation for possible workarounds for this issue.
2026-04-08 05:42:15.115 ERROR 77 --- [           main] o.e.r.classhandling.ClassStateSupport    : Class com.API.OnDriver.EventSubsystem.AcceptOfferEvent was not instrumented by EvoSuite. This could happen if you are running JUnit tests in a way that is not handled by EvoSuite, in which some classes are loaded be reflection before the tests are run. Consult the EvoSuite documentation for possible workarounds for this issue.
2026-04-08 05:42:15.115 ERROR 77 --- [           main] o.e.r.classhandling.ClassStateSupport    : Class com.API.OnDriver.EventSubsystem.MakeOfferEvent was not instrumented by EvoSuite. This could happen if you are running JUnit tests in a way that is not handled by EvoSuite, in which some classes are loaded be reflection before the tests are run. Consult the EvoSuite documentation for possible workarounds for this issue.
2026-04-08 05:42:15.115 ERROR 77 --- [           main] o.e.r.classhandling.ClassStateSupport    : Class com.API.OnDriver.CustomerSubsystem.Rating was not instrumented by EvoSuite. This could happen if you are running JUnit tests in a way that is not handled by EvoSuite, in which some classes are loaded be reflection before the tests are run. Consult the EvoSuite documentation for possible workarounds for this issue.
2026-04-08 05:42:15.115 ERROR 77 --- [           main] o.e.r.classhandling.ClassStateSupport    : Class com.API.OnDriver.CustomerSubsystem.Passenger was not instrumented by EvoSuite. This could happen if you are running JUnit tests in a way that is not handled by EvoSuite, in which some classes are loaded be reflection before the tests are run. Consult the EvoSuite documentation for possible workarounds for this issue.
2026-04-08 05:42:15.115 ERROR 77 --- [           main] o.e.r.classhandling.ClassStateSupport    : Class com.API.OnDriver.CustomerSubsystem.Driver was not instrumented by EvoSuite. This could happen if you are running JUnit tests in a way that is not handled by EvoSuite, in which some classes are loaded be reflection before the tests are run. Consult the EvoSuite documentation for possible workarounds for this issue.
2026-04-08 05:42:15.115 ERROR 77 --- [           main] o.e.r.classhandling.ClassStateSupport    : Class com.API.OnDriver.CustomerSubsystem.UserStatus was not instrumented by EvoSuite. This could happen if you are running JUnit tests in a way that is not handled by EvoSuite, in which some classes are loaded be reflection before the tests are run. Consult the EvoSuite documentation for possible workarounds for this issue.
2026-04-08 05:42:15.115 ERROR 77 --- [           main] o.e.r.classhandling.ClassStateSupport    : Class com.API.OnDriver.CustomerSubsystem.User was not instrumented by EvoSuite. This could happen if you are running JUnit tests in a way that is not handled by EvoSuite, in which some classes are loaded be reflection before the tests are run. Consult the EvoSuite documentation for possible workarounds for this issue.
2026-04-08 05:42:15.115 ERROR 77 --- [           main] o.e.r.classhandling.ClassStateSupport    : Class org.springframework.core.annotation.MergedAnnotationPredicates$UniquePredicate was not instrumented by EvoSuite. This could happen if you are running JUnit tests in a way that is not handled by EvoSuite, in which some classes are loaded be reflection before the tests are run. Consult the EvoSuite documentation for possible workarounds for this issue.
2026-04-08 05:42:15.115 ERROR 77 --- [           main] o.e.r.classhandling.ClassStateSupport    : Class com.API.OnDriver.CustomerSubsystem.Admin was not instrumented by EvoSuite. This could happen if you are running JUnit tests in a way that is not handled by EvoSuite, in which some classes are loaded be reflection before the tests are run. Consult the EvoSuite documentation for possible workarounds for this issue.
2026-04-08 05:42:15.115 ERROR 77 --- [           main] o.e.r.classhandling.ClassStateSupport    : Class org.springframework.http.HttpMethod was not instrumented by EvoSuite. This could happen if you are running JUnit tests in a way that is not handled by EvoSuite, in which some classes are loaded be reflection before the tests are run. Consult the EvoSuite documentation for possible workarounds for this issue.
2026-04-08 05:42:15.115 ERROR 77 --- [           main] o.e.r.classhandling.ClassStateSupport    : Class com.API.OnDriver.EventSubsystem.Event was not instrumented by EvoSuite. This could happen if you are running JUnit tests in a way that is not handled by EvoSuite, in which some classes are loaded be reflection before the tests are run. Consult the EvoSuite documentation for possible workarounds for this issue.
[INFO] Tests run: 31, Failures: 0, Errors: 0, Skipped: 0, Time elapsed: 0.034 s - in com.API.OnDriver.RideSubsystem.Ride_ESTest
[INFO] Running com.API.OnDriver.RideSubsystem.Ride_getAcceptedOffer_126865600828
[INFO] Tests run: 1, Failures: 0, Errors: 0, Skipped: 0, Time elapsed: 0 s - in com.API.OnDriver.RideSubsystem.Ride_getAcceptedOffer_126865600828
[INFO] Running com.API.OnDriver.RideSubsystem.Offer_init_15800804920
[INFO] Tests run: 1, Failures: 0, Errors: 0, Skipped: 0, Time elapsed: 0 s - in com.API.OnDriver.RideSubsystem.Offer_init_15800804920
[INFO] Running com.API.OnDriver.RideSubsystem.Ride_toString_73142723725
[ERROR] Tests run: 1, Failures: 0, Errors: 1, Skipped: 0, Time elapsed: 0 s <<< FAILURE! - in com.API.OnDriver.RideSubsystem.Ride_toString_73142723725
[ERROR] test  Time elapsed: 0 s  <<< ERROR!
java.lang.NullPointerException
	at com.API.OnDriver.RideSubsystem.Ride_toString_73142723725.test(Ride_toString_73142723725.java:50)

[INFO] Running com.API.OnDriver.RideSubsystem.Area_setDiscounted_16426906453
[INFO] Tests run: 1, Failures: 0, Errors: 0, Skipped: 0, Time elapsed: 0 s - in com.API.OnDriver.RideSubsystem.Area_setDiscounted_16426906453
[INFO] Running com.API.OnDriver.RideSubsystem.Area_unsubscribe_11438999195
[INFO] Tests run: 1, Failures: 0, Errors: 0, Skipped: 0, Time elapsed: 0.001 s - in com.API.OnDriver.RideSubsystem.Area_unsubscribe_11438999195
[INFO] Running com.API.OnDriver.RideSubsystem.Ride_addEvent_150051652419
[ERROR] Tests run: 1, Failures: 0, Errors: 1, Skipped: 0, Time elapsed: 0 s <<< FAILURE! - in com.API.OnDriver.RideSubsystem.Ride_addEvent_150051652419
[ERROR] test  Time elapsed: 0 s  <<< ERROR!
java.lang.NullPointerException
	at com.API.OnDriver.RideSubsystem.Ride_addEvent_150051652419.test(Ride_addEvent_150051652419.java:52)

[INFO] Running com.API.OnDriver.RideSubsystem.Offer_getPrice_9284130529
[INFO] Tests run: 1, Failures: 0, Errors: 0, Skipped: 0, Time elapsed: 0 s - in com.API.OnDriver.RideSubsystem.Offer_getPrice_9284130529
[INFO] Running com.API.OnDriver.RideSubsystem.Ride_init_3596675910
[INFO] Tests run: 1, Failures: 0, Errors: 0, Skipped: 0, Time elapsed: 0 s - in com.API.OnDriver.RideSubsystem.Ride_init_3596675910
[INFO] Running com.API.OnDriver.RideSubsystem.Ride_setAcceptedOffer_20008013247
[INFO] Tests run: 1, Failures: 0, Errors: 0, Skipped: 0, Time elapsed: 0 s - in com.API.OnDriver.RideSubsystem.Ride_setAcceptedOffer_20008013247
[INFO] Running com.API.OnDriver.RideSubsystem.Offer_makeDiscount_7160691710
[INFO] Tests run: 1, Failures: 0, Errors: 0, Skipped: 0, Time elapsed: 0 s - in com.API.OnDriver.RideSubsystem.Offer_makeDiscount_7160691710
[INFO] Running com.API.OnDriver.RideSubsystem.Offer_toString_63243511913
[ERROR] Tests run: 1, Failures: 0, Errors: 1, Skipped: 0, Time elapsed: 0 s <<< FAILURE! - in com.API.OnDriver.RideSubsystem.Offer_toString_63243511913
[ERROR] test  Time elapsed: 0 s  <<< ERROR!
java.lang.NullPointerException
	at com.API.OnDriver.RideSubsystem.Offer_toString_63243511913.test(Offer_toString_63243511913.java:45)

[INFO] Running com.API.OnDriver.RideSubsystem.Ride_getSource_11852315792
[INFO] Tests run: 1, Failures: 0, Errors: 0, Skipped: 0, Time elapsed: 0 s - in com.API.OnDriver.RideSubsystem.Ride_getSource_11852315792
[INFO] Running com.API.OnDriver.RideSubsystem.Area_setDiscounted_164269064511
[INFO] Tests run: 1, Failures: 0, Errors: 0, Skipped: 0, Time elapsed: 0 s - in com.API.OnDriver.RideSubsystem.Area_setDiscounted_164269064511
[INFO] Running com.API.OnDriver.RideSubsystem.Area_getLocation_12777102359
[INFO] Tests run: 1, Failures: 0, Errors: 0, Skipped: 0, Time elapsed: 0 s - in com.API.OnDriver.RideSubsystem.Area_getLocation_12777102359
[INFO] Running com.API.OnDriver.RideSubsystem.Ride_getPassenger_15388998456
[INFO] Tests run: 1, Failures: 0, Errors: 0, Skipped: 0, Time elapsed: 0 s - in com.API.OnDriver.RideSubsystem.Ride_getPassenger_15388998456
[INFO] Running com.API.OnDriver.RideSubsystem.Area_subscribe_18052836264
[INFO] Tests run: 1, Failures: 0, Errors: 0, Skipped: 0, Time elapsed: 0 s - in com.API.OnDriver.RideSubsystem.Area_subscribe_18052836264
[INFO] Running com.API.OnDriver.RideSubsystem.Offer_getDriver_921156255
[INFO] Tests run: 1, Failures: 0, Errors: 0, Skipped: 0, Time elapsed: 0 s - in com.API.OnDriver.RideSubsystem.Offer_getDriver_921156255
[INFO] Running com.API.OnDriver.RideSubsystem.Offer_setDriver_182606234712
[INFO] Tests run: 1, Failures: 0, Errors: 0, Skipped: 0, Time elapsed: 0 s - in com.API.OnDriver.RideSubsystem.Offer_setDriver_182606234712
[INFO] Running com.API.OnDriver.RideSubsystem.Offer_getPrice_9284130521
[INFO] Tests run: 1, Failures: 0, Errors: 0, Skipped: 0, Time elapsed: 0 s - in com.API.OnDriver.RideSubsystem.Offer_getPrice_9284130521
[INFO] Running com.API.OnDriver.RideSubsystem.Area_subscribe_180528362612
[ERROR] Tests run: 1, Failures: 0, Errors: 1, Skipped: 0, Time elapsed: 0 s <<< FAILURE! - in com.API.OnDriver.RideSubsystem.Area_subscribe_180528362612
[ERROR] test  Time elapsed: 0 s  <<< ERROR!
java.lang.NullPointerException
	at com.API.OnDriver.RideSubsystem.Area_subscribe_180528362612.test(Area_subscribe_180528362612.java:47)

[INFO] Running com.API.OnDriver.RideSubsystem.Area_isDiscounted_6499464012
[INFO] Tests run: 1, Failures: 0, Errors: 0, Skipped: 0, Time elapsed: 0 s - in com.API.OnDriver.RideSubsystem.Area_isDiscounted_6499464012
[INFO] Running com.API.OnDriver.RideSubsystem.Ride_getOffers_108306468611
[INFO] Tests run: 1, Failures: 0, Errors: 0, Skipped: 0, Time elapsed: 0 s - in com.API.OnDriver.RideSubsystem.Ride_getOffers_108306468611
[INFO] Running com.API.OnDriver.RideSubsystem.Ride_getEvents_212972964821
[INFO] Tests run: 1, Failures: 0, Errors: 0, Skipped: 0, Time elapsed: 0 s - in com.API.OnDriver.RideSubsystem.Ride_getEvents_212972964821
[INFO] Running com.API.OnDriver.RideSubsystem.Ride_toStringPassenger_183332633329
[ERROR] Tests run: 1, Failures: 0, Errors: 1, Skipped: 0, Time elapsed: 0 s <<< FAILURE! - in com.API.OnDriver.RideSubsystem.Ride_toStringPassenger_183332633329
[ERROR] test  Time elapsed: 0 s  <<< ERROR!
java.lang.NullPointerException
	at com.API.OnDriver.RideSubsystem.Ride_toStringPassenger_183332633329.test(Ride_toStringPassenger_183332633329.java:50)

[INFO] Running com.API.OnDriver.RideSubsystem.Area_getLocation_12777102351
[INFO] Tests run: 1, Failures: 0, Errors: 0, Skipped: 0, Time elapsed: 0 s - in com.API.OnDriver.RideSubsystem.Area_getLocation_12777102351
[INFO] Running com.API.OnDriver.RideSubsystem.Area_init_14445671120
[INFO] Tests run: 1, Failures: 0, Errors: 0, Skipped: 0, Time elapsed: 0 s - in com.API.OnDriver.RideSubsystem.Area_init_14445671120
[INFO] Running com.API.OnDriver.RideSubsystem.Offer_toString_6324351197
[INFO] Tests run: 1, Failures: 0, Errors: 0, Skipped: 0, Time elapsed: 0 s - in com.API.OnDriver.RideSubsystem.Offer_toString_6324351197
[INFO] Running com.API.OnDriver.RideSubsystem.Ride_viewOffers_129137517117
[ERROR] Tests run: 1, Failures: 0, Errors: 1, Skipped: 0, Time elapsed: 0 s <<< FAILURE! - in com.API.OnDriver.RideSubsystem.Ride_viewOffers_129137517117
[ERROR] test  Time elapsed: 0 s  <<< ERROR!
java.lang.NullPointerException
	at com.API.OnDriver.RideSubsystem.Ride_viewOffers_129137517117.test(Ride_viewOffers_129137517117.java:50)

[INFO] Running com.API.OnDriver.RideSubsystem.Offer_makeDiscount_716069172
[INFO] Tests run: 1, Failures: 0, Errors: 0, Skipped: 0, Time elapsed: 0 s - in com.API.OnDriver.RideSubsystem.Offer_makeDiscount_716069172
[INFO] Running com.API.OnDriver.RideSubsystem.Offer_applyDiscount_10740070244
[ERROR] Tests run: 1, Failures: 0, Errors: 1, Skipped: 0, Time elapsed: 0 s <<< FAILURE! - in com.API.OnDriver.RideSubsystem.Offer_applyDiscount_10740070244
[ERROR] test  Time elapsed: 0 s  <<< ERROR!
java.lang.NullPointerException
	at com.API.OnDriver.RideSubsystem.Offer_applyDiscount_10740070244.test(Offer_applyDiscount_10740070244.java:47)

[INFO] Running com.API.OnDriver.RideSubsystem.Offer_setDriver_18260623476
[INFO] Tests run: 1, Failures: 0, Errors: 0, Skipped: 0, Time elapsed: 0 s - in com.API.OnDriver.RideSubsystem.Offer_setDriver_18260623476
[INFO] Running com.API.OnDriver.RideSubsystem.Ride_getPassenger_15388998455
[INFO] Tests run: 1, Failures: 0, Errors: 0, Skipped: 0, Time elapsed: 0.001 s - in com.API.OnDriver.RideSubsystem.Ride_getPassenger_15388998455
[INFO] Running com.API.OnDriver.RideSubsystem.Ride_getDestination_152574587628
[INFO] Tests run: 1, Failures: 0, Errors: 0, Skipped: 0, Time elapsed: 0 s - in com.API.OnDriver.RideSubsystem.Ride_getDestination_152574587628
[INFO] Running com.API.OnDriver.RideSubsystem.Ride_getNumberOfPassengers_3731980123
[INFO] Tests run: 1, Failures: 0, Errors: 0, Skipped: 0, Time elapsed: 0 s - in com.API.OnDriver.RideSubsystem.Ride_getNumberOfPassengers_3731980123
[INFO] Running com.API.OnDriver.RideSubsystem.Ride_getEvents_212972964829
[INFO] Tests run: 1, Failures: 0, Errors: 0, Skipped: 0, Time elapsed: 0 s - in com.API.OnDriver.RideSubsystem.Ride_getEvents_212972964829
[INFO] Running com.API.OnDriver.RideSubsystem.Offer_init_15800804928
[INFO] Tests run: 1, Failures: 0, Errors: 0, Skipped: 0, Time elapsed: 0 s - in com.API.OnDriver.RideSubsystem.Offer_init_15800804928
[INFO] Running com.API.OnDriver.RideSubsystem.Offer_ESTest
2026-04-08 05:42:15.175  WARN 77 --- [           main] org.evosuite.runtime.sandbox.Sandbox     : Sandbox can be initalized only once
2026-04-08 05:42:15.178 ERROR 77 --- [           main] o.e.r.classhandling.ClassStateSupport    : Found $jacocoInit in class org.springframework.test.web.reactive.server.WebTestClient$BodyContentSpec
2026-04-08 05:42:15.178  INFO 77 --- [           main] o.e.r.classhandling.ClassStateSupport    : Error while checking for $gzoltarInit in class org.springframework.web.server.WebFilter: reactor/core/publisher/Mono
2026-04-08 05:42:15.178  INFO 77 --- [           main] o.e.r.classhandling.ClassStateSupport    : Error while checking for $gzoltarInit in class org.springframework.http.server.reactive.ReactorServerHttpRequest: reactor/netty/http/server/HttpServerRequest
2026-04-08 05:42:15.179  INFO 77 --- [           main] o.e.r.classhandling.ClassStateSupport    : Error while checking for $gzoltarInit in class org.springframework.http.server.reactive.ServerHttpRequestDecorator: reactor/core/publisher/Flux
2026-04-08 05:42:15.179  INFO 77 --- [           main] o.e.r.classhandling.ClassStateSupport    : Error while checking for $gzoltarInit in class org.springframework.core.io.buffer.DataBufferUtils$ReadableByteChannelGenerator: reactor/core/publisher/SynchronousSink
2026-04-08 05:42:15.179  INFO 77 --- [           main] o.e.r.classhandling.ClassStateSupport    : Error while checking for $gzoltarInit in class org.springframework.http.server.reactive.DefaultServerHttpRequestBuilder$MutatedServerHttpRequest: reactor/core/publisher/Flux
2026-04-08 05:42:15.179  INFO 77 --- [           main] o.e.r.classhandling.ClassStateSupport    : Error while checking for $gzoltarInit in class org.springframework.test.web.reactive.server.WebTestClient: org/springframework/web/reactive/function/server/RouterFunction
2026-04-08 05:42:15.179  INFO 77 --- [           main] o.e.r.classhandling.ClassStateSupport    : Error while checking for $gzoltarInit in class org.springframework.boot.autoconfigure.rsocket.RSocketWebSocketNettyRouteProvider: reactor/netty/http/server/HttpServerRoutes
2026-04-08 05:42:15.179  INFO 77 --- [           main] o.e.r.classhandling.ClassStateSupport    : Error while checking for $gzoltarInit in class org.springframework.web.filter.reactive.ForwardedHeaderFilter: reactor/core/publisher/Mono
2026-04-08 05:42:15.180  INFO 77 --- [           main] o.e.r.classhandling.ClassStateSupport    : Error while checking for $gzoltarInit in class org.springframework.http.ReactiveHttpInputMessage: reactor/core/publisher/Flux
2026-04-08 05:42:15.180 ERROR 77 --- [           main] o.e.r.classhandling.ClassStateSupport    : Class com.API.OnDriver.RideSubsystem.Area was not instrumented by EvoSuite. This could happen if you are running JUnit tests in a way that is not handled by EvoSuite, in which some classes are loaded be reflection before the tests are run. Consult the EvoSuite documentation for possible workarounds for this issue.
2026-04-08 05:42:15.180 ERROR 77 --- [           main] o.e.r.classhandling.ClassStateSupport    : Class com.API.OnDriver.RideSubsystem.Offer was not instrumented by EvoSuite. This could happen if you are running JUnit tests in a way that is not handled by EvoSuite, in which some classes are loaded be reflection before the tests are run. Consult the EvoSuite documentation for possible workarounds for this issue.
2026-04-08 05:42:15.180 ERROR 77 --- [           main] o.e.r.classhandling.ClassStateSupport    : Class com.API.OnDriver.DataSubsystem.ListManager was not instrumented by EvoSuite. This could happen if you are running JUnit tests in a way that is not handled by EvoSuite, in which some classes are loaded be reflection before the tests are run. Consult the EvoSuite documentation for possible workarounds for this issue.
2026-04-08 05:42:15.180 ERROR 77 --- [           main] o.e.r.classhandling.ClassStateSupport    : Class com.API.OnDriver.EventSubsystem.SourceEvent was not instrumented by EvoSuite. This could happen if you are running JUnit tests in a way that is not handled by EvoSuite, in which some classes are loaded be reflection before the tests are run. Consult the EvoSuite documentation for possible workarounds for this issue.
2026-04-08 05:42:15.180 ERROR 77 --- [           main] o.e.r.classhandling.ClassStateSupport    : Class com.API.OnDriver.EventSubsystem.DestinationEvent was not instrumented by EvoSuite. This could happen if you are running JUnit tests in a way that is not handled by EvoSuite, in which some classes are loaded be reflection before the tests are run. Consult the EvoSuite documentation for possible workarounds for this issue.
2026-04-08 05:42:15.180 ERROR 77 --- [           main] o.e.r.classhandling.ClassStateSupport    : Class com.API.OnDriver.EventSubsystem.EventName was not instrumented by EvoSuite. This could happen if you are running JUnit tests in a way that is not handled by EvoSuite, in which some classes are loaded be reflection before the tests are run. Consult the EvoSuite documentation for possible workarounds for this issue.
2026-04-08 05:42:15.180 ERROR 77 --- [           main] o.e.r.classhandling.ClassStateSupport    : Class com.API.OnDriver.RideSubsystem.Ride was not instrumented by EvoSuite. This could happen if you are running JUnit tests in a way that is not handled by EvoSuite, in which some classes are loaded be reflection before the tests are run. Consult the EvoSuite documentation for possible workarounds for this issue.
2026-04-08 05:42:15.180 ERROR 77 --- [           main] o.e.r.classhandling.ClassStateSupport    : Class org.springframework.http.HttpHeaders was not instrumented by EvoSuite. This could happen if you are running JUnit tests in a way that is not handled by EvoSuite, in which some classes are loaded be reflection before the tests are run. Consult the EvoSuite documentation for possible workarounds for this issue.
2026-04-08 05:42:15.180 ERROR 77 --- [           main] o.e.r.classhandling.ClassStateSupport    : Class com.API.OnDriver.EventSubsystem.AcceptOfferEvent was not instrumented by EvoSuite. This could happen if you are running JUnit tests in a way that is not handled by EvoSuite, in which some classes are loaded be reflection before the tests are run. Consult the EvoSuite documentation for possible workarounds for this issue.
2026-04-08 05:42:15.180 ERROR 77 --- [           main] o.e.r.classhandling.ClassStateSupport    : Class com.API.OnDriver.EventSubsystem.MakeOfferEvent was not instrumented by EvoSuite. This could happen if you are running JUnit tests in a way that is not handled by EvoSuite, in which some classes are loaded be reflection before the tests are run. Consult the EvoSuite documentation for possible workarounds for this issue.
2026-04-08 05:42:15.180 ERROR 77 --- [           main] o.e.r.classhandling.ClassStateSupport    : Class com.API.OnDriver.CustomerSubsystem.Rating was not instrumented by EvoSuite. This could happen if you are running JUnit tests in a way that is not handled by EvoSuite, in which some classes are loaded be reflection before the tests are run. Consult the EvoSuite documentation for possible workarounds for this issue.
2026-04-08 05:42:15.180 ERROR 77 --- [           main] o.e.r.classhandling.ClassStateSupport    : Class com.API.OnDriver.CustomerSubsystem.Passenger was not instrumented by EvoSuite. This could happen if you are running JUnit tests in a way that is not handled by EvoSuite, in which some classes are loaded be reflection before the tests are run. Consult the EvoSuite documentation for possible workarounds for this issue.
2026-04-08 05:42:15.180 ERROR 77 --- [           main] o.e.r.classhandling.ClassStateSupport    : Class com.API.OnDriver.CustomerSubsystem.Driver was not instrumented by EvoSuite. This could happen if you are running JUnit tests in a way that is not handled by EvoSuite, in which some classes are loaded be reflection before the tests are run. Consult the EvoSuite documentation for possible workarounds for this issue.
2026-04-08 05:42:15.180 ERROR 77 --- [           main] o.e.r.classhandling.ClassStateSupport    : Class com.API.OnDriver.CustomerSubsystem.UserStatus was not instrumented by EvoSuite. This could happen if you are running JUnit tests in a way that is not handled by EvoSuite, in which some classes are loaded be reflection before the tests are run. Consult the EvoSuite documentation for possible workarounds for this issue.
2026-04-08 05:42:15.180 ERROR 77 --- [           main] o.e.r.classhandling.ClassStateSupport    : Class com.API.OnDriver.CustomerSubsystem.User was not instrumented by EvoSuite. This could happen if you are running JUnit tests in a way that is not handled by EvoSuite, in which some classes are loaded be reflection before the tests are run. Consult the EvoSuite documentation for possible workarounds for this issue.
2026-04-08 05:42:15.180 ERROR 77 --- [           main] o.e.r.classhandling.ClassStateSupport    : Class org.springframework.core.annotation.MergedAnnotationPredicates$UniquePredicate was not instrumented by EvoSuite. This could happen if you are running JUnit tests in a way that is not handled by EvoSuite, in which some classes are loaded be reflection before the tests are run. Consult the EvoSuite documentation for possible workarounds for this issue.
2026-04-08 05:42:15.180 ERROR 77 --- [           main] o.e.r.classhandling.ClassStateSupport    : Class com.API.OnDriver.CustomerSubsystem.Admin was not instrumented by EvoSuite. This could happen if you are running JUnit tests in a way that is not handled by EvoSuite, in which some classes are loaded be reflection before the tests are run. Consult the EvoSuite documentation for possible workarounds for this issue.
2026-04-08 05:42:15.180 ERROR 77 --- [           main] o.e.r.classhandling.ClassStateSupport    : Class org.springframework.http.HttpMethod was not instrumented by EvoSuite. This could happen if you are running JUnit tests in a way that is not handled by EvoSuite, in which some classes are loaded be reflection before the tests are run. Consult the EvoSuite documentation for possible workarounds for this issue.
2026-04-08 05:42:15.180 ERROR 77 --- [           main] o.e.r.classhandling.ClassStateSupport    : Class com.API.OnDriver.EventSubsystem.Event was not instrumented by EvoSuite. This could happen if you are running JUnit tests in a way that is not handled by EvoSuite, in which some classes are loaded be reflection before the tests are run. Consult the EvoSuite documentation for possible workarounds for this issue.
[INFO] Tests run: 17, Failures: 0, Errors: 0, Skipped: 0, Time elapsed: 0.014 s - in com.API.OnDriver.RideSubsystem.Offer_ESTest
[INFO] Running com.API.OnDriver.RideSubsystem.Area_isDiscounted_64994640110
[INFO] Tests run: 1, Failures: 0, Errors: 0, Skipped: 0, Time elapsed: 0 s - in com.API.OnDriver.RideSubsystem.Area_isDiscounted_64994640110
[INFO] Running com.API.OnDriver.RideSubsystem.Ride_toStringPassenger_183332633326
[ERROR] Tests run: 1, Failures: 0, Errors: 1, Skipped: 0, Time elapsed: 0 s <<< FAILURE! - in com.API.OnDriver.RideSubsystem.Ride_toStringPassenger_183332633326
[ERROR] test  Time elapsed: 0 s  <<< ERROR!
java.lang.NullPointerException
	at com.API.OnDriver.RideSubsystem.Ride_toStringPassenger_183332633326.test(Ride_toStringPassenger_183332633326.java:236)

[INFO] Running com.API.OnDriver.RideSubsystem.Area_notifyDrivers_20910281687
[ERROR] Tests run: 1, Failures: 0, Errors: 1, Skipped: 0, Time elapsed: 0 s <<< FAILURE! - in com.API.OnDriver.RideSubsystem.Area_notifyDrivers_20910281687
[ERROR] test  Time elapsed: 0 s  <<< ERROR!
java.lang.NullPointerException
	at com.API.OnDriver.RideSubsystem.Area_notifyDrivers_20910281687.test(Area_notifyDrivers_20910281687.java:47)

[INFO] Running com.API.OnDriver.RideSubsystem.Ride_getAccepted_15326067713
[INFO] Tests run: 1, Failures: 0, Errors: 0, Skipped: 0, Time elapsed: 0 s - in com.API.OnDriver.RideSubsystem.Ride_getAccepted_15326067713
[INFO] Running com.API.OnDriver.RideSubsystem.Ride_getAcceptedOffer_12686560089
[INFO] Tests run: 1, Failures: 0, Errors: 0, Skipped: 0, Time elapsed: 0 s - in com.API.OnDriver.RideSubsystem.Ride_getAcceptedOffer_12686560089
[INFO] Running com.API.OnDriver.RideSubsystem.Ride_getDestination_15257458763
[INFO] Tests run: 1, Failures: 0, Errors: 0, Skipped: 0, Time elapsed: 0 s - in com.API.OnDriver.RideSubsystem.Ride_getDestination_15257458763
[INFO] Running com.API.OnDriver.RideSubsystem.Offer_getDriver_9211562511
[INFO] Tests run: 1, Failures: 0, Errors: 0, Skipped: 0, Time elapsed: 0 s - in com.API.OnDriver.RideSubsystem.Offer_getDriver_9211562511
[INFO] Running com.API.OnDriver.RideSubsystem.Ride_getDestination_15257458764
[INFO] Tests run: 1, Failures: 0, Errors: 0, Skipped: 0, Time elapsed: 0 s - in com.API.OnDriver.RideSubsystem.Ride_getDestination_15257458764
[INFO] Running com.API.OnDriver.EventSubsystem.IDateTime_getDateTime_6806221182
[INFO] Tests run: 1, Failures: 0, Errors: 0, Skipped: 0, Time elapsed: 0 s - in com.API.OnDriver.EventSubsystem.IDateTime_getDateTime_6806221182
[INFO] Running com.API.OnDriver.EventSubsystem.MakeOfferEvent_init_1137545440
[INFO] Tests run: 1, Failures: 0, Errors: 0, Skipped: 0, Time elapsed: 0 s - in com.API.OnDriver.EventSubsystem.MakeOfferEvent_init_1137545440
[INFO] Running com.API.OnDriver.EventSubsystem.Event_ESTest
2026-04-08 05:42:15.202  WARN 77 --- [           main] org.evosuite.runtime.sandbox.Sandbox     : Sandbox can be initalized only once
2026-04-08 05:42:15.202 ERROR 77 --- [           main] o.e.r.classhandling.ClassStateSupport    : Class com.API.OnDriver.EventSubsystem.Event was not instrumented by EvoSuite. This could happen if you are running JUnit tests in a way that is not handled by EvoSuite, in which some classes are loaded be reflection before the tests are run. Consult the EvoSuite documentation for possible workarounds for this issue.
2026-04-08 05:42:15.202 ERROR 77 --- [           main] o.e.r.classhandling.ClassStateSupport    : Class com.API.OnDriver.EventSubsystem.EventName was not instrumented by EvoSuite. This could happen if you are running JUnit tests in a way that is not handled by EvoSuite, in which some classes are loaded be reflection before the tests are run. Consult the EvoSuite documentation for possible workarounds for this issue.
[INFO] Tests run: 4, Failures: 0, Errors: 0, Skipped: 0, Time elapsed: 0.008 s - in com.API.OnDriver.EventSubsystem.Event_ESTest
[INFO] Running com.API.OnDriver.EventSubsystem.IDateTime_isWeekend_18540995217
[ERROR] Tests run: 1, Failures: 0, Errors: 1, Skipped: 0, Time elapsed: 0.001 s <<< FAILURE! - in com.API.OnDriver.EventSubsystem.IDateTime_isWeekend_18540995217
[ERROR] test  Time elapsed: 0.001 s  <<< ERROR!
java.lang.NullPointerException
	at com.API.OnDriver.EventSubsystem.IDateTime_isWeekend_18540995217.test(IDateTime_isWeekend_18540995217.java:44)

[INFO] Running com.API.OnDriver.EventSubsystem.IDateTime_init_16575006300
[INFO] Tests run: 1, Failures: 0, Errors: 0, Skipped: 0, Time elapsed: 0 s - in com.API.OnDriver.EventSubsystem.IDateTime_init_16575006300
[INFO] Running com.API.OnDriver.EventSubsystem.DestinationEvent_init_7304125381
[ERROR] Tests run: 1, Failures: 0, Errors: 1, Skipped: 0, Time elapsed: 0 s <<< FAILURE! - in com.API.OnDriver.EventSubsystem.DestinationEvent_init_7304125381
[ERROR] test  Time elapsed: 0 s  <<< ERROR!
java.lang.reflect.InvocationTargetException
	at com.API.OnDriver.EventSubsystem.DestinationEvent_init_7304125381.test(DestinationEvent_init_7304125381.java:44)
Caused by: java.lang.NullPointerException
	at com.API.OnDriver.EventSubsystem.DestinationEvent_init_7304125381.test(DestinationEvent_init_7304125381.java:44)

[INFO] Running com.API.OnDriver.EventSubsystem.IDateTime_ESTest
2026-04-08 05:42:15.212  WARN 77 --- [           main] org.evosuite.runtime.sandbox.Sandbox     : Sandbox can be initalized only once
2026-04-08 05:42:15.213  INFO 77 --- [           main] .e.r.i.MethodCallReplacementClassAdapter : Adding mock interface to class org/springframework/http/server/reactive/ContextPathCompositeHandler
2026-04-08 05:42:15.214  INFO 77 --- [           main] o.e.r.i.CreateClassResetClassAdapter     : Creating brand-new static initializer in class org/springframework/http/server/reactive/ContextPathCompositeHandler
2026-04-08 05:42:15.217  INFO 77 --- [           main] .e.r.i.MethodCallReplacementClassAdapter : Adding mock interface to class org/springframework/http/server/reactive/ReactorHttpHandlerAdapter
2026-04-08 05:42:15.219  INFO 77 --- [           main] o.e.r.i.CreateClassResetClassAdapter     : Found static initializer in class org/springframework/http/server/reactive/ReactorHttpHandlerAdapter
2026-04-08 05:42:15.221  INFO 77 --- [           main] .e.r.i.MethodCallReplacementClassAdapter : Adding mock interface to class org/apache/tomcat/util/buf/Utf8Encoder
2026-04-08 05:42:15.222  INFO 77 --- [           main] o.e.r.i.CreateClassResetClassAdapter     : Creating brand-new static initializer in class org/apache/tomcat/util/buf/Utf8Encoder
2026-04-08 05:42:15.224  INFO 77 --- [           main] .e.r.i.MethodCallReplacementClassAdapter : Adding mock interface to class org/springframework/web/util/HierarchicalUriComponents$UriTemplateEncoder
2026-04-08 05:42:15.225  INFO 77 --- [           main] o.e.r.i.CreateClassResetClassAdapter     : Creating brand-new static initializer in class org/springframework/web/util/HierarchicalUriComponents$UriTemplateEncoder
2026-04-08 05:42:15.226  INFO 77 --- [           main] .e.r.i.MethodCallReplacementClassAdapter : Adding mock interface to class org/springframework/http/codec/xml/Jaxb2XmlDecoder$SplitHandler
2026-04-08 05:42:15.226  INFO 77 --- [           main] o.e.r.i.CreateClassResetClassAdapter     : Creating brand-new static initializer in class org/springframework/http/codec/xml/Jaxb2XmlDecoder$SplitHandler
2026-04-08 05:42:15.227  INFO 77 --- [           main] .e.r.i.MethodCallReplacementClassAdapter : Adding mock interface to class org/springframework/boot/devtools/autoconfigure/TriggerFileFilter
2026-04-08 05:42:15.227  INFO 77 --- [           main] o.e.r.i.CreateClassResetClassAdapter     : Creating brand-new static initializer in class org/springframework/boot/devtools/autoconfigure/TriggerFileFilter
2026-04-08 05:42:15.228 ERROR 77 --- [           main] o.e.r.classhandling.ClassStateSupport    : Found $jacocoInit in class org.springframework.test.web.reactive.server.WebTestClient$BodyContentSpec
2026-04-08 05:42:15.228  INFO 77 --- [           main] o.e.r.classhandling.ClassStateSupport    : Error while checking for $gzoltarInit in class org.springframework.http.server.reactive.ContextPathCompositeHandler: reactor/core/publisher/Mono
2026-04-08 05:42:15.228  INFO 77 --- [           main] o.e.r.classhandling.ClassStateSupport    : Error while checking for $gzoltarInit in class org.springframework.http.server.reactive.ReactorHttpHandlerAdapter: reactor/netty/http/server/HttpServerRequest
2026-04-08 05:42:15.229  INFO 77 --- [           main] o.e.r.classhandling.ClassStateSupport    : Error while checking for $gzoltarInit in class org.springframework.web.server.WebFilter: reactor/core/publisher/Mono
2026-04-08 05:42:15.229  INFO 77 --- [           main] o.e.r.classhandling.ClassStateSupport    : Error while checking for $gzoltarInit in class org.springframework.http.server.reactive.ReactorServerHttpRequest: reactor/netty/http/server/HttpServerRequest
2026-04-08 05:42:15.229  INFO 77 --- [           main] o.e.r.classhandling.ClassStateSupport    : Error while checking for $gzoltarInit in class org.springframework.http.server.reactive.ServerHttpRequestDecorator: reactor/core/publisher/Flux
2026-04-08 05:42:15.229  INFO 77 --- [           main] o.e.r.classhandling.ClassStateSupport    : Error while checking for $gzoltarInit in class org.springframework.core.io.buffer.DataBufferUtils$ReadableByteChannelGenerator: reactor/core/publisher/SynchronousSink
2026-04-08 05:42:15.229  INFO 77 --- [           main] o.e.r.classhandling.ClassStateSupport    : Error while checking for $gzoltarInit in class org.springframework.http.server.reactive.DefaultServerHttpRequestBuilder$MutatedServerHttpRequest: reactor/core/publisher/Flux
2026-04-08 05:42:15.229  INFO 77 --- [           main] o.e.r.classhandling.ClassStateSupport    : Error while checking for $gzoltarInit in class org.springframework.http.ReactiveHttpOutputMessage: reactor/core/publisher/Mono
2026-04-08 05:42:15.229  INFO 77 --- [           main] o.e.r.classhandling.ClassStateSupport    : Error while checking for $gzoltarInit in class org.springframework.test.web.reactive.server.WebTestClient: org/springframework/web/reactive/function/server/RouterFunction
2026-04-08 05:42:15.229  INFO 77 --- [           main] o.e.r.classhandling.ClassStateSupport    : Error while checking for $gzoltarInit in class org.springframework.boot.autoconfigure.rsocket.RSocketWebSocketNettyRouteProvider: reactor/netty/http/server/HttpServerRoutes
2026-04-08 05:42:15.230  INFO 77 --- [           main] o.e.r.classhandling.ClassStateSupport    : Error while checking for $gzoltarInit in class org.springframework.http.codec.xml.Jaxb2XmlDecoder$SplitHandler: reactor/core/publisher/SynchronousSink
2026-04-08 05:42:15.230  INFO 77 --- [           main] o.e.r.classhandling.ClassStateSupport    : Error while checking for $gzoltarInit in class org.springframework.web.filter.reactive.ForwardedHeaderFilter: reactor/core/publisher/Mono
2026-04-08 05:42:15.230  INFO 77 --- [           main] o.e.r.classhandling.ClassStateSupport    : Error while checking for $gzoltarInit in class org.springframework.http.ReactiveHttpInputMessage: reactor/core/publisher/Flux
2026-04-08 05:42:15.231  INFO 77 --- [           main] o.e.r.classhandling.ClassStateSupport    : Error while checking for $gzoltarInit in class org.springframework.http.server.reactive.HttpHandler: reactor/core/publisher/Mono
2026-04-08 05:42:15.231 ERROR 77 --- [           main] o.e.r.classhandling.ClassStateSupport    : Class org.springframework.http.HttpHeaders was not instrumented by EvoSuite. This could happen if you are running JUnit tests in a way that is not handled by EvoSuite, in which some classes are loaded be reflection before the tests are run. Consult the EvoSuite documentation for possible workarounds for this issue.
2026-04-08 05:42:15.231 ERROR 77 --- [           main] o.e.r.classhandling.ClassStateSupport    : Class org.springframework.core.annotation.MergedAnnotationPredicates$UniquePredicate was not instrumented by EvoSuite. This could happen if you are running JUnit tests in a way that is not handled by EvoSuite, in which some classes are loaded be reflection before the tests are run. Consult the EvoSuite documentation for possible workarounds for this issue.
2026-04-08 05:42:15.231 ERROR 77 --- [           main] o.e.r.classhandling.ClassStateSupport    : Class org.springframework.http.HttpMethod was not instrumented by EvoSuite. This could happen if you are running JUnit tests in a way that is not handled by EvoSuite, in which some classes are loaded be reflection before the tests are run. Consult the EvoSuite documentation for possible workarounds for this issue.
[INFO] Tests run: 6, Failures: 0, Errors: 0, Skipped: 0, Time elapsed: 0.023 s - in com.API.OnDriver.EventSubsystem.IDateTime_ESTest
[INFO] Running com.API.OnDriver.EventSubsystem.Event_addAttribute_18748632231
[INFO] Tests run: 1, Failures: 0, Errors: 0, Skipped: 0, Time elapsed: 0 s - in com.API.OnDriver.EventSubsystem.Event_addAttribute_18748632231
[INFO] Running com.API.OnDriver.EventSubsystem.MakeOfferEvent_ESTest
2026-04-08 05:42:15.237  WARN 77 --- [           main] org.evosuite.runtime.sandbox.Sandbox     : Sandbox can be initalized only once
2026-04-08 05:42:15.238 ERROR 77 --- [           main] o.e.r.classhandling.ClassStateSupport    : Class com.API.OnDriver.RideSubsystem.Area was not instrumented by EvoSuite. This could happen if you are running JUnit tests in a way that is not handled by EvoSuite, in which some classes are loaded be reflection before the tests are run. Consult the EvoSuite documentation for possible workarounds for this issue.
2026-04-08 05:42:15.238 ERROR 77 --- [           main] o.e.r.classhandling.ClassStateSupport    : Class com.API.OnDriver.RideSubsystem.Offer was not instrumented by EvoSuite. This could happen if you are running JUnit tests in a way that is not handled by EvoSuite, in which some classes are loaded be reflection before the tests are run. Consult the EvoSuite documentation for possible workarounds for this issue.
2026-04-08 05:42:15.238 ERROR 77 --- [           main] o.e.r.classhandling.ClassStateSupport    : Class com.API.OnDriver.RideSubsystem.Ride was not instrumented by EvoSuite. This could happen if you are running JUnit tests in a way that is not handled by EvoSuite, in which some classes are loaded be reflection before the tests are run. Consult the EvoSuite documentation for possible workarounds for this issue.
2026-04-08 05:42:15.238 ERROR 77 --- [           main] o.e.r.classhandling.ClassStateSupport    : Class com.API.OnDriver.EventSubsystem.SourceEvent was not instrumented by EvoSuite. This could happen if you are running JUnit tests in a way that is not handled by EvoSuite, in which some classes are loaded be reflection before the tests are run. Consult the EvoSuite documentation for possible workarounds for this issue.
2026-04-08 05:42:15.238 ERROR 77 --- [           main] o.e.r.classhandling.ClassStateSupport    : Class com.API.OnDriver.CustomerSubsystem.UserStatus was not instrumented by EvoSuite. This could happen if you are running JUnit tests in a way that is not handled by EvoSuite, in which some classes are loaded be reflection before the tests are run. Consult the EvoSuite documentation for possible workarounds for this issue.
2026-04-08 05:42:15.238 ERROR 77 --- [           main] o.e.r.classhandling.ClassStateSupport    : Class com.API.OnDriver.CustomerSubsystem.User was not instrumented by EvoSuite. This could happen if you are running JUnit tests in a way that is not handled by EvoSuite, in which some classes are loaded be reflection before the tests are run. Consult the EvoSuite documentation for possible workarounds for this issue.
2026-04-08 05:42:15.238 ERROR 77 --- [           main] o.e.r.classhandling.ClassStateSupport    : Class com.API.OnDriver.EventSubsystem.AcceptOfferEvent was not instrumented by EvoSuite. This could happen if you are running JUnit tests in a way that is not handled by EvoSuite, in which some classes are loaded be reflection before the tests are run. Consult the EvoSuite documentation for possible workarounds for this issue.
2026-04-08 05:42:15.238 ERROR 77 --- [           main] o.e.r.classhandling.ClassStateSupport    : Class com.API.OnDriver.EventSubsystem.MakeOfferEvent was not instrumented by EvoSuite. This could happen if you are running JUnit tests in a way that is not handled by EvoSuite, in which some classes are loaded be reflection before the tests are run. Consult the EvoSuite documentation for possible workarounds for this issue.
2026-04-08 05:42:15.238 ERROR 77 --- [           main] o.e.r.classhandling.ClassStateSupport    : Class com.API.OnDriver.EventSubsystem.Event was not instrumented by EvoSuite. This could happen if you are running JUnit tests in a way that is not handled by EvoSuite, in which some classes are loaded be reflection before the tests are run. Consult the EvoSuite documentation for possible workarounds for this issue.
2026-04-08 05:42:15.238 ERROR 77 --- [           main] o.e.r.classhandling.ClassStateSupport    : Class com.API.OnDriver.CustomerSubsystem.Rating was not instrumented by EvoSuite. This could happen if you are running JUnit tests in a way that is not handled by EvoSuite, in which some classes are loaded be reflection before the tests are run. Consult the EvoSuite documentation for possible workarounds for this issue.
2026-04-08 05:42:15.238 ERROR 77 --- [           main] o.e.r.classhandling.ClassStateSupport    : Class com.API.OnDriver.EventSubsystem.EventName was not instrumented by EvoSuite. This could happen if you are running JUnit tests in a way that is not handled by EvoSuite, in which some classes are loaded be reflection before the tests are run. Consult the EvoSuite documentation for possible workarounds for this issue.
2026-04-08 05:42:15.238 ERROR 77 --- [           main] o.e.r.classhandling.ClassStateSupport    : Class com.API.OnDriver.EventSubsystem.DestinationEvent was not instrumented by EvoSuite. This could happen if you are running JUnit tests in a way that is not handled by EvoSuite, in which some classes are loaded be reflection before the tests are run. Consult the EvoSuite documentation for possible workarounds for this issue.
2026-04-08 05:42:15.238 ERROR 77 --- [           main] o.e.r.classhandling.ClassStateSupport    : Class com.API.OnDriver.CustomerSubsystem.Passenger was not instrumented by EvoSuite. This could happen if you are running JUnit tests in a way that is not handled by EvoSuite, in which some classes are loaded be reflection before the tests are run. Consult the EvoSuite documentation for possible workarounds for this issue.
2026-04-08 05:42:15.238 ERROR 77 --- [           main] o.e.r.classhandling.ClassStateSupport    : Class com.API.OnDriver.CustomerSubsystem.Driver was not instrumented by EvoSuite. This could happen if you are running JUnit tests in a way that is not handled by EvoSuite, in which some classes are loaded be reflection before the tests are run. Consult the EvoSuite documentation for possible workarounds for this issue.
[INFO] Tests run: 2, Failures: 0, Errors: 0, Skipped: 0, Time elapsed: 0.003 s - in com.API.OnDriver.EventSubsystem.MakeOfferEvent_ESTest
[INFO] Running com.API.OnDriver.EventSubsystem.IDateTime_getDateTime_6806221186
[INFO] Tests run: 1, Failures: 0, Errors: 0, Skipped: 0, Time elapsed: 0.001 s - in com.API.OnDriver.EventSubsystem.IDateTime_getDateTime_6806221186
[INFO] Running com.API.OnDriver.EventSubsystem.AcceptOfferEvent_init_10445857390
[INFO] Tests run: 1, Failures: 0, Errors: 0, Skipped: 0, Time elapsed: 0.001 s - in com.API.OnDriver.EventSubsystem.AcceptOfferEvent_init_10445857390
[INFO] Running com.API.OnDriver.EventSubsystem.IDateTime_isWeekend_18540995213
[INFO] Tests run: 1, Failures: 0, Errors: 0, Skipped: 0, Time elapsed: 0 s - in com.API.OnDriver.EventSubsystem.IDateTime_isWeekend_18540995213
[INFO] Running com.API.OnDriver.EventSubsystem.MakeOfferEvent_init_1137545441
[ERROR] Tests run: 1, Failures: 0, Errors: 1, Skipped: 0, Time elapsed: 0 s <<< FAILURE! - in com.API.OnDriver.EventSubsystem.MakeOfferEvent_init_1137545441
[ERROR] test  Time elapsed: 0 s  <<< ERROR!
java.lang.reflect.InvocationTargetException
	at com.API.OnDriver.EventSubsystem.MakeOfferEvent_init_1137545441.test(MakeOfferEvent_init_1137545441.java:44)
Caused by: java.lang.NullPointerException
	at com.API.OnDriver.EventSubsystem.MakeOfferEvent_init_1137545441.test(MakeOfferEvent_init_1137545441.java:44)

[INFO] Running com.API.OnDriver.EventSubsystem.DestinationEvent_ESTest
2026-04-08 05:42:15.245  WARN 77 --- [           main] org.evosuite.runtime.sandbox.Sandbox     : Sandbox can be initalized only once
2026-04-08 05:42:15.246 ERROR 77 --- [           main] o.e.r.classhandling.ClassStateSupport    : Class com.API.OnDriver.RideSubsystem.Area was not instrumented by EvoSuite. This could happen if you are running JUnit tests in a way that is not handled by EvoSuite, in which some classes are loaded be reflection before the tests are run. Consult the EvoSuite documentation for possible workarounds for this issue.
2026-04-08 05:42:15.246 ERROR 77 --- [           main] o.e.r.classhandling.ClassStateSupport    : Class com.API.OnDriver.RideSubsystem.Ride was not instrumented by EvoSuite. This could happen if you are running JUnit tests in a way that is not handled by EvoSuite, in which some classes are loaded be reflection before the tests are run. Consult the EvoSuite documentation for possible workarounds for this issue.
2026-04-08 05:42:15.246 ERROR 77 --- [           main] o.e.r.classhandling.ClassStateSupport    : Class com.API.OnDriver.RideSubsystem.Offer was not instrumented by EvoSuite. This could happen if you are running JUnit tests in a way that is not handled by EvoSuite, in which some classes are loaded be reflection before the tests are run. Consult the EvoSuite documentation for possible workarounds for this issue.
2026-04-08 05:42:15.246 ERROR 77 --- [           main] o.e.r.classhandling.ClassStateSupport    : Class com.API.OnDriver.DataSubsystem.ListManager was not instrumented by EvoSuite. This could happen if you are running JUnit tests in a way that is not handled by EvoSuite, in which some classes are loaded be reflection before the tests are run. Consult the EvoSuite documentation for possible workarounds for this issue.
2026-04-08 05:42:15.246 ERROR 77 --- [           main] o.e.r.classhandling.ClassStateSupport    : Class com.API.OnDriver.EventSubsystem.SourceEvent was not instrumented by EvoSuite. This could happen if you are running JUnit tests in a way that is not handled by EvoSuite, in which some classes are loaded be reflection before the tests are run. Consult the EvoSuite documentation for possible workarounds for this issue.
2026-04-08 05:42:15.246 ERROR 77 --- [           main] o.e.r.classhandling.ClassStateSupport    : Class com.API.OnDriver.CustomerSubsystem.UserStatus was not instrumented by EvoSuite. This could happen if you are running JUnit tests in a way that is not handled by EvoSuite, in which some classes are loaded be reflection before the tests are run. Consult the EvoSuite documentation for possible workarounds for this issue.
2026-04-08 05:42:15.246 ERROR 77 --- [           main] o.e.r.classhandling.ClassStateSupport    : Class com.API.OnDriver.CustomerSubsystem.User was not instrumented by EvoSuite. This could happen if you are running JUnit tests in a way that is not handled by EvoSuite, in which some classes are loaded be reflection before the tests are run. Consult the EvoSuite documentation for possible workarounds for this issue.
2026-04-08 05:42:15.246 ERROR 77 --- [           main] o.e.r.classhandling.ClassStateSupport    : Class com.API.OnDriver.EventSubsystem.AcceptOfferEvent was not instrumented by EvoSuite. This could happen if you are running JUnit tests in a way that is not handled by EvoSuite, in which some classes are loaded be reflection before the tests are run. Consult the EvoSuite documentation for possible workarounds for this issue.
2026-04-08 05:42:15.246 ERROR 77 --- [           main] o.e.r.classhandling.ClassStateSupport    : Class com.API.OnDriver.EventSubsystem.MakeOfferEvent was not instrumented by EvoSuite. This could happen if you are running JUnit tests in a way that is not handled by EvoSuite, in which some classes are loaded be reflection before the tests are run. Consult the EvoSuite documentation for possible workarounds for this issue.
2026-04-08 05:42:15.246 ERROR 77 --- [           main] o.e.r.classhandling.ClassStateSupport    : Class com.API.OnDriver.EventSubsystem.Event was not instrumented by EvoSuite. This could happen if you are running JUnit tests in a way that is not handled by EvoSuite, in which some classes are loaded be reflection before the tests are run. Consult the EvoSuite documentation for possible workarounds for this issue.
2026-04-08 05:42:15.246 ERROR 77 --- [           main] o.e.r.classhandling.ClassStateSupport    : Class com.API.OnDriver.CustomerSubsystem.Rating was not instrumented by EvoSuite. This could happen if you are running JUnit tests in a way that is not handled by EvoSuite, in which some classes are loaded be reflection before the tests are run. Consult the EvoSuite documentation for possible workarounds for this issue.
2026-04-08 05:42:15.246 ERROR 77 --- [           main] o.e.r.classhandling.ClassStateSupport    : Class com.API.OnDriver.EventSubsystem.DestinationEvent was not instrumented by EvoSuite. This could happen if you are running JUnit tests in a way that is not handled by EvoSuite, in which some classes are loaded be reflection before the tests are run. Consult the EvoSuite documentation for possible workarounds for this issue.
2026-04-08 05:42:15.246 ERROR 77 --- [           main] o.e.r.classhandling.ClassStateSupport    : Class com.API.OnDriver.EventSubsystem.EventName was not instrumented by EvoSuite. This could happen if you are running JUnit tests in a way that is not handled by EvoSuite, in which some classes are loaded be reflection before the tests are run. Consult the EvoSuite documentation for possible workarounds for this issue.
2026-04-08 05:42:15.246 ERROR 77 --- [           main] o.e.r.classhandling.ClassStateSupport    : Class com.API.OnDriver.CustomerSubsystem.Passenger was not instrumented by EvoSuite. This could happen if you are running JUnit tests in a way that is not handled by EvoSuite, in which some classes are loaded be reflection before the tests are run. Consult the EvoSuite documentation for possible workarounds for this issue.
2026-04-08 05:42:15.246 ERROR 77 --- [           main] o.e.r.classhandling.ClassStateSupport    : Class com.API.OnDriver.CustomerSubsystem.Admin was not instrumented by EvoSuite. This could happen if you are running JUnit tests in a way that is not handled by EvoSuite, in which some classes are loaded be reflection before the tests are run. Consult the EvoSuite documentation for possible workarounds for this issue.
2026-04-08 05:42:15.246 ERROR 77 --- [           main] o.e.r.classhandling.ClassStateSupport    : Class com.API.OnDriver.CustomerSubsystem.Driver was not instrumented by EvoSuite. This could happen if you are running JUnit tests in a way that is not handled by EvoSuite, in which some classes are loaded be reflection before the tests are run. Consult the EvoSuite documentation for possible workarounds for this issue.
[INFO] Tests run: 2, Failures: 0, Errors: 0, Skipped: 0, Time elapsed: 0.003 s - in com.API.OnDriver.EventSubsystem.DestinationEvent_ESTest
[INFO] Running com.API.OnDriver.EventSubsystem.IDateTime_getInstance_15338499305
[INFO] Tests run: 1, Failures: 0, Errors: 0, Skipped: 0, Time elapsed: 0 s - in com.API.OnDriver.EventSubsystem.IDateTime_getInstance_15338499305
[INFO] Running com.API.OnDriver.EventSubsystem.EventName_valueOf_16669738281
[ERROR] Tests run: 1, Failures: 0, Errors: 1, Skipped: 0, Time elapsed: 0 s <<< FAILURE! - in com.API.OnDriver.EventSubsystem.EventName_valueOf_16669738281
[ERROR] test  Time elapsed: 0 s  <<< ERROR!
java.lang.IllegalArgumentException: No enum constant com.API.OnDriver.EventSubsystem.EventName.dkZFDZxcde
	at com.API.OnDriver.EventSubsystem.EventName_valueOf_16669738281.test(EventName_valueOf_16669738281.java:42)

[INFO] Running com.API.OnDriver.EventSubsystem.EventName_values_11749434253
[INFO] Tests run: 1, Failures: 0, Errors: 0, Skipped: 0, Time elapsed: 0 s - in com.API.OnDriver.EventSubsystem.EventName_values_11749434253
[INFO] Running com.API.OnDriver.EventSubsystem.IDateTime_init_16575006304
[INFO] Tests run: 1, Failures: 0, Errors: 0, Skipped: 0, Time elapsed: 0 s - in com.API.OnDriver.EventSubsystem.IDateTime_init_16575006304
[INFO] Running com.API.OnDriver.EventSubsystem.IDateTime_getInstance_15338499301
[INFO] Tests run: 1, Failures: 0, Errors: 0, Skipped: 0, Time elapsed: 0 s - in com.API.OnDriver.EventSubsystem.IDateTime_getInstance_15338499301
[INFO] Running com.API.OnDriver.EventSubsystem.Event_toString_19208118933
[INFO] Tests run: 1, Failures: 0, Errors: 0, Skipped: 0, Time elapsed: 0 s - in com.API.OnDriver.EventSubsystem.Event_toString_19208118933
[INFO] Running com.API.OnDriver.EventSubsystem.Event_setName_2867452672
[INFO] Tests run: 1, Failures: 0, Errors: 0, Skipped: 0, Time elapsed: 0 s - in com.API.OnDriver.EventSubsystem.Event_setName_2867452672
[INFO] Running com.API.OnDriver.EventSubsystem.Event_addAttribute_18748632235
[ERROR] Tests run: 1, Failures: 0, Errors: 1, Skipped: 0, Time elapsed: 0 s <<< FAILURE! - in com.API.OnDriver.EventSubsystem.Event_addAttribute_18748632235
[ERROR] test  Time elapsed: 0 s  <<< ERROR!
java.lang.NullPointerException
	at com.API.OnDriver.EventSubsystem.Event_addAttribute_18748632235.test(Event_addAttribute_18748632235.java:48)

[INFO] Running com.API.OnDriver.EventSubsystem.AcceptOfferEvent_init_10445857391
[ERROR] Tests run: 1, Failures: 0, Errors: 1, Skipped: 0, Time elapsed: 0 s <<< FAILURE! - in com.API.OnDriver.EventSubsystem.AcceptOfferEvent_init_10445857391
[ERROR] test  Time elapsed: 0 s  <<< ERROR!
java.lang.reflect.InvocationTargetException
	at com.API.OnDriver.EventSubsystem.AcceptOfferEvent_init_10445857391.test(AcceptOfferEvent_init_10445857391.java:42)
Caused by: java.lang.NullPointerException
	at com.API.OnDriver.EventSubsystem.AcceptOfferEvent_init_10445857391.test(AcceptOfferEvent_init_10445857391.java:42)

[INFO] Running com.API.OnDriver.EventSubsystem.Event_setName_2867452676
[INFO] Tests run: 1, Failures: 0, Errors: 0, Skipped: 0, Time elapsed: 0 s - in com.API.OnDriver.EventSubsystem.Event_setName_2867452676
[INFO] Running com.API.OnDriver.EventSubsystem.SourceEvent_ESTest
2026-04-08 05:42:15.255  WARN 77 --- [           main] org.evosuite.runtime.sandbox.Sandbox     : Sandbox can be initalized only once
2026-04-08 05:42:15.256 ERROR 77 --- [           main] o.e.r.classhandling.ClassStateSupport    : Class com.API.OnDriver.RideSubsystem.Area was not instrumented by EvoSuite. This could happen if you are running JUnit tests in a way that is not handled by EvoSuite, in which some classes are loaded be reflection before the tests are run. Consult the EvoSuite documentation for possible workarounds for this issue.
2026-04-08 05:42:15.256 ERROR 77 --- [           main] o.e.r.classhandling.ClassStateSupport    : Class com.API.OnDriver.RideSubsystem.Ride was not instrumented by EvoSuite. This could happen if you are running JUnit tests in a way that is not handled by EvoSuite, in which some classes are loaded be reflection before the tests are run. Consult the EvoSuite documentation for possible workarounds for this issue.
2026-04-08 05:42:15.256 ERROR 77 --- [           main] o.e.r.classhandling.ClassStateSupport    : Class com.API.OnDriver.RideSubsystem.Offer was not instrumented by EvoSuite. This could happen if you are running JUnit tests in a way that is not handled by EvoSuite, in which some classes are loaded be reflection before the tests are run. Consult the EvoSuite documentation for possible workarounds for this issue.
2026-04-08 05:42:15.256 ERROR 77 --- [           main] o.e.r.classhandling.ClassStateSupport    : Class com.API.OnDriver.EventSubsystem.SourceEvent was not instrumented by EvoSuite. This could happen if you are running JUnit tests in a way that is not handled by EvoSuite, in which some classes are loaded be reflection before the tests are run. Consult the EvoSuite documentation for possible workarounds for this issue.
2026-04-08 05:42:15.256 ERROR 77 --- [           main] o.e.r.classhandling.ClassStateSupport    : Class com.API.OnDriver.CustomerSubsystem.UserStatus was not instrumented by EvoSuite. This could happen if you are running JUnit tests in a way that is not handled by EvoSuite, in which some classes are loaded be reflection before the tests are run. Consult the EvoSuite documentation for possible workarounds for this issue.
2026-04-08 05:42:15.256 ERROR 77 --- [           main] o.e.r.classhandling.ClassStateSupport    : Class com.API.OnDriver.CustomerSubsystem.User was not instrumented by EvoSuite. This could happen if you are running JUnit tests in a way that is not handled by EvoSuite, in which some classes are loaded be reflection before the tests are run. Consult the EvoSuite documentation for possible workarounds for this issue.
2026-04-08 05:42:15.256 ERROR 77 --- [           main] o.e.r.classhandling.ClassStateSupport    : Class com.API.OnDriver.EventSubsystem.AcceptOfferEvent was not instrumented by EvoSuite. This could happen if you are running JUnit tests in a way that is not handled by EvoSuite, in which some classes are loaded be reflection before the tests are run. Consult the EvoSuite documentation for possible workarounds for this issue.
2026-04-08 05:42:15.256 ERROR 77 --- [           main] o.e.r.classhandling.ClassStateSupport    : Class com.API.OnDriver.EventSubsystem.MakeOfferEvent was not instrumented by EvoSuite. This could happen if you are running JUnit tests in a way that is not handled by EvoSuite, in which some classes are loaded be reflection before the tests are run. Consult the EvoSuite documentation for possible workarounds for this issue.
2026-04-08 05:42:15.256 ERROR 77 --- [           main] o.e.r.classhandling.ClassStateSupport    : Class com.API.OnDriver.EventSubsystem.Event was not instrumented by EvoSuite. This could happen if you are running JUnit tests in a way that is not handled by EvoSuite, in which some classes are loaded be reflection before the tests are run. Consult the EvoSuite documentation for possible workarounds for this issue.
2026-04-08 05:42:15.256 ERROR 77 --- [           main] o.e.r.classhandling.ClassStateSupport    : Class com.API.OnDriver.CustomerSubsystem.Rating was not instrumented by EvoSuite. This could happen if you are running JUnit tests in a way that is not handled by EvoSuite, in which some classes are loaded be reflection before the tests are run. Consult the EvoSuite documentation for possible workarounds for this issue.
2026-04-08 05:42:15.256 ERROR 77 --- [           main] o.e.r.classhandling.ClassStateSupport    : Class com.API.OnDriver.EventSubsystem.EventName was not instrumented by EvoSuite. This could happen if you are running JUnit tests in a way that is not handled by EvoSuite, in which some classes are loaded be reflection before the tests are run. Consult the EvoSuite documentation for possible workarounds for this issue.
2026-04-08 05:42:15.256 ERROR 77 --- [           main] o.e.r.classhandling.ClassStateSupport    : Class com.API.OnDriver.EventSubsystem.DestinationEvent was not instrumented by EvoSuite. This could happen if you are running JUnit tests in a way that is not handled by EvoSuite, in which some classes are loaded be reflection before the tests are run. Consult the EvoSuite documentation for possible workarounds for this issue.
2026-04-08 05:42:15.256 ERROR 77 --- [           main] o.e.r.classhandling.ClassStateSupport    : Class com.API.OnDriver.CustomerSubsystem.Passenger was not instrumented by EvoSuite. This could happen if you are running JUnit tests in a way that is not handled by EvoSuite, in which some classes are loaded be reflection before the tests are run. Consult the EvoSuite documentation for possible workarounds for this issue.
2026-04-08 05:42:15.256 ERROR 77 --- [           main] o.e.r.classhandling.ClassStateSupport    : Class com.API.OnDriver.CustomerSubsystem.Driver was not instrumented by EvoSuite. This could happen if you are running JUnit tests in a way that is not handled by EvoSuite, in which some classes are loaded be reflection before the tests are run. Consult the EvoSuite documentation for possible workarounds for this issue.
[INFO] Tests run: 2, Failures: 0, Errors: 0, Skipped: 0, Time elapsed: 0.002 s - in com.API.OnDriver.EventSubsystem.SourceEvent_ESTest
[INFO] Running com.API.OnDriver.EventSubsystem.Event_init_18286995520
[INFO] Tests run: 1, Failures: 0, Errors: 0, Skipped: 0, Time elapsed: 0 s - in com.API.OnDriver.EventSubsystem.Event_init_18286995520
[INFO] Running com.API.OnDriver.EventSubsystem.EventName_init_3848231102
[ERROR] Tests run: 1, Failures: 0, Errors: 1, Skipped: 0, Time elapsed: 0 s <<< FAILURE! - in com.API.OnDriver.EventSubsystem.EventName_init_3848231102
[ERROR] test  Time elapsed: 0 s  <<< ERROR!
java.lang.IllegalArgumentException: Cannot reflectively create enum objects
	at com.API.OnDriver.EventSubsystem.EventName_init_3848231102.test(EventName_init_3848231102.java:42)

[INFO] Running com.API.OnDriver.EventSubsystem.EventName_values_11749434250
[INFO] Tests run: 1, Failures: 0, Errors: 0, Skipped: 0, Time elapsed: 0 s - in com.API.OnDriver.EventSubsystem.EventName_values_11749434250
[INFO] Running com.API.OnDriver.EventSubsystem.SourceEvent_init_15658010411
[ERROR] Tests run: 1, Failures: 0, Errors: 1, Skipped: 0, Time elapsed: 0.001 s <<< FAILURE! - in com.API.OnDriver.EventSubsystem.SourceEvent_init_15658010411
[ERROR] test  Time elapsed: 0 s  <<< ERROR!
java.lang.reflect.InvocationTargetException
	at com.API.OnDriver.EventSubsystem.SourceEvent_init_15658010411.test(SourceEvent_init_15658010411.java:44)
Caused by: java.lang.NullPointerException
	at com.API.OnDriver.EventSubsystem.SourceEvent_init_15658010411.test(SourceEvent_init_15658010411.java:44)

[INFO] Running com.API.OnDriver.EventSubsystem.Event_toString_19208118937
[ERROR] Tests run: 1, Failures: 0, Errors: 1, Skipped: 0, Time elapsed: 0 s <<< FAILURE! - in com.API.OnDriver.EventSubsystem.Event_toString_19208118937
[ERROR] test  Time elapsed: 0 s  <<< ERROR!
java.lang.NullPointerException
	at com.API.OnDriver.EventSubsystem.Event_toString_19208118937.test(Event_toString_19208118937.java:44)

[INFO] Running com.API.OnDriver.EventSubsystem.EventName_init_3848231105
[ERROR] Tests run: 1, Failures: 0, Errors: 1, Skipped: 0, Time elapsed: 0 s <<< FAILURE! - in com.API.OnDriver.EventSubsystem.EventName_init_3848231105
[ERROR] test  Time elapsed: 0 s  <<< ERROR!
java.lang.IllegalArgumentException: Cannot reflectively create enum objects
	at com.API.OnDriver.EventSubsystem.EventName_init_3848231105.test(EventName_init_3848231105.java:47)

[INFO] Running com.API.OnDriver.EventSubsystem.Event_init_18286995524
[INFO] Tests run: 1, Failures: 0, Errors: 0, Skipped: 0, Time elapsed: 0 s - in com.API.OnDriver.EventSubsystem.Event_init_18286995524
[INFO] Running com.API.OnDriver.EventSubsystem.EventName_valueOf_16669738284
[ERROR] Tests run: 1, Failures: 0, Errors: 1, Skipped: 0, Time elapsed: 0 s <<< FAILURE! - in com.API.OnDriver.EventSubsystem.EventName_valueOf_16669738284
[ERROR] test  Time elapsed: 0 s  <<< ERROR!
java.lang.NullPointerException: Name is null
	at com.API.OnDriver.EventSubsystem.EventName_valueOf_16669738284.test(EventName_valueOf_16669738284.java:49)

[INFO] Running com.API.OnDriver.EventSubsystem.AcceptOfferEvent_ESTest
2026-04-08 05:42:15.263  WARN 77 --- [           main] org.evosuite.runtime.sandbox.Sandbox     : Sandbox can be initalized only once
2026-04-08 05:42:15.264 ERROR 77 --- [           main] o.e.r.classhandling.ClassStateSupport    : Class com.API.OnDriver.RideSubsystem.Area was not instrumented by EvoSuite. This could happen if you are running JUnit tests in a way that is not handled by EvoSuite, in which some classes are loaded be reflection before the tests are run. Consult the EvoSuite documentation for possible workarounds for this issue.
2026-04-08 05:42:15.264 ERROR 77 --- [           main] o.e.r.classhandling.ClassStateSupport    : Class com.API.OnDriver.RideSubsystem.Ride was not instrumented by EvoSuite. This could happen if you are running JUnit tests in a way that is not handled by EvoSuite, in which some classes are loaded be reflection before the tests are run. Consult the EvoSuite documentation for possible workarounds for this issue.
2026-04-08 05:42:15.264 ERROR 77 --- [           main] o.e.r.classhandling.ClassStateSupport    : Class com.API.OnDriver.RideSubsystem.Offer was not instrumented by EvoSuite. This could happen if you are running JUnit tests in a way that is not handled by EvoSuite, in which some classes are loaded be reflection before the tests are run. Consult the EvoSuite documentation for possible workarounds for this issue.
2026-04-08 05:42:15.264 ERROR 77 --- [           main] o.e.r.classhandling.ClassStateSupport    : Class com.API.OnDriver.DataSubsystem.ListManager was not instrumented by EvoSuite. This could happen if you are running JUnit tests in a way that is not handled by EvoSuite, in which some classes are loaded be reflection before the tests are run. Consult the EvoSuite documentation for possible workarounds for this issue.
2026-04-08 05:42:15.264 ERROR 77 --- [           main] o.e.r.classhandling.ClassStateSupport    : Class com.API.OnDriver.EventSubsystem.SourceEvent was not instrumented by EvoSuite. This could happen if you are running JUnit tests in a way that is not handled by EvoSuite, in which some classes are loaded be reflection before the tests are run. Consult the EvoSuite documentation for possible workarounds for this issue.
2026-04-08 05:42:15.264 ERROR 77 --- [           main] o.e.r.classhandling.ClassStateSupport    : Class com.API.OnDriver.CustomerSubsystem.UserStatus was not instrumented by EvoSuite. This could happen if you are running JUnit tests in a way that is not handled by EvoSuite, in which some classes are loaded be reflection before the tests are run. Consult the EvoSuite documentation for possible workarounds for this issue.
2026-04-08 05:42:15.264 ERROR 77 --- [           main] o.e.r.classhandling.ClassStateSupport    : Class com.API.OnDriver.EventSubsystem.AcceptOfferEvent was not instrumented by EvoSuite. This could happen if you are running JUnit tests in a way that is not handled by EvoSuite, in which some classes are loaded be reflection before the tests are run. Consult the EvoSuite documentation for possible workarounds for this issue.
2026-04-08 05:42:15.264 ERROR 77 --- [           main] o.e.r.classhandling.ClassStateSupport    : Class com.API.OnDriver.CustomerSubsystem.User was not instrumented by EvoSuite. This could happen if you are running JUnit tests in a way that is not handled by EvoSuite, in which some classes are loaded be reflection before the tests are run. Consult the EvoSuite documentation for possible workarounds for this issue.
2026-04-08 05:42:15.264 ERROR 77 --- [           main] o.e.r.classhandling.ClassStateSupport    : Class com.API.OnDriver.EventSubsystem.MakeOfferEvent was not instrumented by EvoSuite. This could happen if you are running JUnit tests in a way that is not handled by EvoSuite, in which some classes are loaded be reflection before the tests are run. Consult the EvoSuite documentation for possible workarounds for this issue.
2026-04-08 05:42:15.264 ERROR 77 --- [           main] o.e.r.classhandling.ClassStateSupport    : Class com.API.OnDriver.EventSubsystem.Event was not instrumented by EvoSuite. This could happen if you are running JUnit tests in a way that is not handled by EvoSuite, in which some classes are loaded be reflection before the tests are run. Consult the EvoSuite documentation for possible workarounds for this issue.
2026-04-08 05:42:15.264 ERROR 77 --- [           main] o.e.r.classhandling.ClassStateSupport    : Class com.API.OnDriver.CustomerSubsystem.Rating was not instrumented by EvoSuite. This could happen if you are running JUnit tests in a way that is not handled by EvoSuite, in which some classes are loaded be reflection before the tests are run. Consult the EvoSuite documentation for possible workarounds for this issue.
2026-04-08 05:42:15.264 ERROR 77 --- [           main] o.e.r.classhandling.ClassStateSupport    : Class com.API.OnDriver.EventSubsystem.EventName was not instrumented by EvoSuite. This could happen if you are running JUnit tests in a way that is not handled by EvoSuite, in which some classes are loaded be reflection before the tests are run. Consult the EvoSuite documentation for possible workarounds for this issue.
2026-04-08 05:42:15.264 ERROR 77 --- [           main] o.e.r.classhandling.ClassStateSupport    : Class com.API.OnDriver.EventSubsystem.DestinationEvent was not instrumented by EvoSuite. This could happen if you are running JUnit tests in a way that is not handled by EvoSuite, in which some classes are loaded be reflection before the tests are run. Consult the EvoSuite documentation for possible workarounds for this issue.
2026-04-08 05:42:15.264 ERROR 77 --- [           main] o.e.r.classhandling.ClassStateSupport    : Class com.API.OnDriver.CustomerSubsystem.Passenger was not instrumented by EvoSuite. This could happen if you are running JUnit tests in a way that is not handled by EvoSuite, in which some classes are loaded be reflection before the tests are run. Consult the EvoSuite documentation for possible workarounds for this issue.
2026-04-08 05:42:15.264 ERROR 77 --- [           main] o.e.r.classhandling.ClassStateSupport    : Class com.API.OnDriver.CustomerSubsystem.Admin was not instrumented by EvoSuite. This could happen if you are running JUnit tests in a way that is not handled by EvoSuite, in which some classes are loaded be reflection before the tests are run. Consult the EvoSuite documentation for possible workarounds for this issue.
2026-04-08 05:42:15.264 ERROR 77 --- [           main] o.e.r.classhandling.ClassStateSupport    : Class com.API.OnDriver.CustomerSubsystem.Driver was not instrumented by EvoSuite. This could happen if you are running JUnit tests in a way that is not handled by EvoSuite, in which some classes are loaded be reflection before the tests are run. Consult the EvoSuite documentation for possible workarounds for this issue.
[INFO] Tests run: 2, Failures: 0, Errors: 0, Skipped: 0, Time elapsed: 0.003 s - in com.API.OnDriver.EventSubsystem.AcceptOfferEvent_ESTest
[INFO] Running com.API.OnDriver.OnDriverApplication_init_2519461450
[INFO] Tests run: 1, Failures: 0, Errors: 0, Skipped: 0, Time elapsed: 0.009 s - in com.API.OnDriver.OnDriverApplication_init_2519461450
2026-04-08 05:42:15.369  WARN 77 --- [ionShutdownHook] o.e.runtime.sandbox.MSecurityManager     : SUT asked for a runtime permission that EvoSuite does not recognize: closeClassLoader
[INFO] 
[INFO] Results:
[INFO] 
[ERROR] Errors: 
[ERROR]   Admin_applyDiscount_22085140611.test:50 » NullPointer
[ERROR]   Admin_getRideEvents_150230634910.test:53 » NullPointer
[ERROR]   Admin_getRideEvents_15023063494.test:71 » IndexOutOfBounds Index -936895503 ou...
[ERROR]   Admin_getSystemRides_11438378889.test:48 » NullPointer
[ERROR]   Admin_suspend_11816448328.test:50 » NullPointer
[ERROR]   Admin_verifyDriver_13371298077.test:50 » NullPointer
[ERROR]   Driver_addFavArea_201817370333.test:57 » NullPointer
[ERROR]   Driver_addFavArea_201817370334.test:57 » NullPointer
[ERROR]   Driver_listFavouriteAreas_20882165834.test:55 » NullPointer
[ERROR]   Driver_listFavouriteAreas_20882165835.test:55 » NullPointer
[ERROR]   Driver_startRide_50689016214.test:142 » NullPointer
[ERROR]   Driver_startRide_50689016215.test:178 » NullPointer
[ERROR]   Driver_suggestOffer_84043487910.test:398 » IndexOutOfBounds Index -298852874 o...
[ERROR]   Driver_suggestOffer_84043487931.test:62 » NullPointer
[ERROR]   Driver_suggestOffer_8404348799.test:62 » NullPointer
[ERROR]   Driver_update_199351555421.test:57 » NullPointer
[ERROR]   Driver_update_199351555423.test:57 » NullPointer
[ERROR]   Driver_viewRating_172562910132.test:55 » NullPointer
[ERROR]   Driver_viewRating_172562910133.test:55 » NullPointer
[ERROR]   Driver_viewRides_151137910110.test:215 » IndexOutOfBounds Index -1220630391 ou...
[ERROR]   Driver_viewRides_151137910111.test:270 » IndexOutOfBounds Index -1433815725 ou...
[ERROR]   Driver_viewRides_151137910131.test:60 » NullPointer
[ERROR]   Driver_viewRides_151137910132.test:60 » NullPointer
[ERROR]   IdentityManager_loginAsAdmin_19065354814.test:46 » NullPointer
[ERROR]   IdentityManager_logout_148586175915.test:44 » NullPointer
[ERROR]   IdentityManager_logout_14858617597.test:42 » NullPointer
[ERROR]   IdentityManager_registerAsDriver_175718283611.test:44 » NullPointer
[ERROR]   IdentityManager_registerAsDriver_17571828363.test:44 » NullPointer
[ERROR]   IdentityManager_registerAsPassenger_2240008811.test:44 » NullPointer
[ERROR]   IdentityManager_registerAsPassenger_224000882.test:44 » NullPointer
[ERROR]   Passenger_acceptOffer_211675315414.test:55 » NullPointer
[ERROR]   Passenger_acceptOffer_21167531545.test:147 » NullPointer
[ERROR]   Passenger_acceptOffer_21167531546.test:147 » NullPointer
[ERROR]   Passenger_checkOffers_144203942613.test:50 » NullPointer
[ERROR]   Passenger_checkOffers_14420394264.test:299 » NullPointer
[ERROR]   Passenger_checkOffers_14420394265.test:120 » NullPointer
[ERROR]   Passenger_getPastRide_153584134317.test:55 » NullPointer
[ERROR]   Passenger_getPastRide_15358413438.test:180 » IndexOutOfBounds Index 1270666529...
[ERROR]   Passenger_getPastRide_15358413439.test:157 » IndexOutOfBounds Index 1956590498...
[ERROR]   Passenger_isFirstRide_147246937016.test:50 » NullPointer
[ERROR]   Passenger_listPastRides_46135903015.test:50 » NullPointer
[ERROR]   Passenger_listPastRides_4613590306.test:265 » NullPointer
[ERROR]   Passenger_listPastRides_4613590307.test:165 » NullPointer
[ERROR]   Passenger_requestRide_19544749281.test:466 » NullPointer
[ERROR]   Passenger_requestRide_195447492812.test:52 » NullPointer
[ERROR]   Passenger_requestRide_19544749282.test:52 » NullPointer
[ERROR]   Rating_addRating_3178166023.test:52 » NullPointer
[ERROR]   Rating_addRating_3178166026.test:52 » NullPointer
[ERROR]   Rating_getAverageRating_13332631805.test:45 » NullPointer
[ERROR]   Rating_getAverageRating_13332631806.test:45 » NullPointer
[ERROR]   Rating_viewAllRating_17925649757.test:45 » NullPointer
[ERROR]   UserStatus_init_5114356702.test:42 » IllegalArgument Cannot reflectively creat...
[ERROR]   UserStatus_init_5114356705.test:47 » IllegalArgument Cannot reflectively creat...
[ERROR]   UserStatus_valueOf_16748243241.test:42 » IllegalArgument No enum constant com....
[ERROR]   UserStatus_valueOf_16748243244.test:49 » NullPointer Name is null
[ERROR]   User_getEmail_6809439613.test:40 » NullPointer
[ERROR]   User_getEmail_680943964.test:40 » NullPointer
[ERROR]   User_getMobileNumber_77292183311.test:40 » NullPointer
[ERROR]   User_getMobileNumber_7729218332.test:40 » NullPointer
[ERROR]   User_getPassword_166370947914.test:40 » NullPointer
[ERROR]   User_getPassword_16637094795.test:40 » NullPointer
[ERROR]   User_getUserStatus_183443090815.test:40 » NullPointer
[ERROR]   User_getUserStatus_18344309086.test:40 » NullPointer
[ERROR]   User_getUsername_15760515500.test:40 » NullPointer
[ERROR]   User_getUsername_15760515509.test:40 » NullPointer
[ERROR]   User_setMobileNumber_22141899112.test:42 » NullPointer
[ERROR]   User_setMobileNumber_2214189913.test:42 » NullPointer
[ERROR]   User_setUserStatus_197883077816.test:42 » NullPointer
[ERROR]   User_setUserStatus_19788307787.test:49 » NullPointer
[ERROR]   User_setUsername_11325733061.test:42 » NullPointer
[ERROR]   User_setUsername_113257330610.test:42 » NullPointer
[ERROR]   User_toString_185077740617.test:40 » NullPointer
[ERROR]   User_toString_18507774068.test:40 » NullPointer
[ERROR]   ListManager_ESTest.test13:171 » NullPointer
[ERROR]   ListManager_ESTest.test15:198 » NullPointer
[ERROR]   ListManager_ESTest.test16:206 » NullPointer
[ERROR]   ListManager_ESTest.test20:236 » NullPointer
[ERROR]   ListManager_ESTest.test21:244 » NullPointer
[ERROR]   ListManager_ESTest.test26:285 » NullPointer
[ERROR]   ListManager_ESTest.test31:327 » NullPointer
[ERROR]   ListManager_ESTest.test32:335 » NullPointer
[ERROR]   ListManager_ESTest.test33:343 » NullPointer
[ERROR]   ListManager_ESTest.test34:351 » NullPointer
[ERROR]   ListManager_ESTest.test35:359 » NullPointer
[ERROR]   ListManager_ESTest.test36:367 » NullPointer
[ERROR]   ListManager_ESTest.test37:375 » NullPointer
[ERROR]   ListManager_ESTest.test38:383 » NullPointer
[ERROR]   ListManager_ESTest.test39:391 » NullPointer
[ERROR]   ListManager_addRide_191973756117.test:49 » NullPointer
[ERROR]   ListManager_addToAdmin_6919494028.test:49 » NullPointer
[ERROR]   ListManager_addToArea_46448446826.test:49 » NullPointer
[ERROR]   ListManager_addToDriver_6771429588.test:49 » NullPointer
[ERROR]   ListManager_addToPassenger_176027754023.test:49 » NullPointer
[ERROR]   ListManager_getAdmin_56117334529.test:49 » NullPointer
[ERROR]   ListManager_getArea_207429355927.test:49 » NullPointer
[ERROR]   ListManager_getDriver_165313973925.test:49 » NullPointer
[ERROR]   ListManager_getPassenger_10736340124.test:49 » NullPointer
[ERROR]   ListManager_getRide_144318281215.test:58 » IndexOutOfBounds Index -1588772969 ...
[ERROR]   ListManager_getRide_144318281231.test:52 » NullPointer
[ERROR]   ListManager_getUser_165020765922.test:49 » NullPointer
[ERROR]   ListManager_isAvailable_170432942320.test:49 » NullPointer
[ERROR]   ListManager_listAllPendingDrivers_203683358021.test:47 » NullPointer
[ERROR]   AcceptOfferEvent_init_10445857391.test:42 » InvocationTarget
[ERROR]   DestinationEvent_init_7304125381.test:44 » InvocationTarget
[ERROR]   EventName_init_3848231102.test:42 » IllegalArgument Cannot reflectively create...
[ERROR]   EventName_init_3848231105.test:47 » IllegalArgument Cannot reflectively create...
[ERROR]   EventName_valueOf_16669738281.test:42 » IllegalArgument No enum constant com.A...
[ERROR]   EventName_valueOf_16669738284.test:49 » NullPointer Name is null
[ERROR]   Event_addAttribute_18748632235.test:48 » NullPointer
[ERROR]   Event_toString_19208118937.test:44 » NullPointer
[ERROR]   IDateTime_isWeekend_18540995217.test:44 » NullPointer
[ERROR]   MakeOfferEvent_init_1137545441.test:44 » InvocationTarget
[ERROR]   SourceEvent_init_15658010411.test:44 » InvocationTarget
[ERROR]   OnDriverApplication_ESTest.test0:24 » NullPointer
[ERROR]   OnDriverApplication_main_1246168593.test:44 » IllegalArgument Args must not be...
[ERROR]   Area_notifyDrivers_20910281687.test:47 » NullPointer
[ERROR]   Area_subscribe_180528362612.test:47 » NullPointer
[ERROR]   Area_unsubscribe_114389991913.test:47 » NullPointer
[ERROR]   Offer_applyDiscount_10740070244.test:47 » NullPointer
[ERROR]   Offer_toString_63243511913.test:45 » NullPointer
[ERROR]   Ride_addEvent_150051652419.test:52 » NullPointer
[ERROR]   Ride_addOffer_38445046815.test:52 » NullPointer
[ERROR]   Ride_toStringPassenger_183332633326.test:236 » NullPointer
[ERROR]   Ride_toStringPassenger_183332633329.test:50 » NullPointer
[ERROR]   Ride_toString_73142723725.test:50 » NullPointer
[ERROR]   Ride_viewOffers_129137517117.test:50 » NullPointer
[INFO] 
[ERROR] Tests run: 536, Failures: 0, Errors: 126, Skipped: 0
[INFO] 
[ERROR] There are test failures.

Please refer to /app/target/surefire-reports for the individual test results.
Please refer to dump files (if any exist) [date].dump, [date]-jvmRun[N].dump and [date].dumpstream.
[INFO] 
[INFO] --- jacoco-maven-plugin:0.8.11:report (report) @ OnDriver ---
[INFO] Loading execution data file /app/target/jacoco.exec
[INFO] Analyzed bundle 'OnDriver' with 22 classes
[INFO] 
[INFO] --- jacoco-maven-plugin:0.8.11:report (default-cli) @ OnDriver ---
[INFO] Loading execution data file /app/target/jacoco.exec
[INFO] Analyzed bundle 'OnDriver' with 22 classes
[INFO] ------------------------------------------------------------------------
[INFO] BUILD SUCCESS
[INFO] ------------------------------------------------------------------------
[INFO] Total time:  8.447 s
[INFO] Finished at: 2026-04-08T05:42:15Z
[INFO] ------------------------------------------------------------------------
